#usda 1.0
(
    endTimeCode = 18
    framesPerSecond = 30
    startTimeCode = 0
    timeCodesPerSecond = 30
)

def SkelRoot "SkelRoot"
{
    def Skeleton "Skeleton" (
        prepend apiSchemas = ["SkelBindingAPI"]
    )
    {
        uniform matrix4d[] bindTransforms = [( (1, 0, -0.000008855466148816049, 0), (0, 1, 0, 0), (0.000008855466148816049, 0, 1, 0), (-0.3672987222671509, 0, -5.4637885093688965, 1) ), ( (0.0000032781858863017987, 1, -0.00000786784221418202, 0), (0.000008825663826428354, 0.000007867813110351562, 1, 0), (1, -0.000003248453140258789, -0.000008795861504040658, 0), (-0.36728042364120483, 86.12564849853516, -3.393843650817871, 1) ), ( (0.000004708273081632797, 0.9998708367347717, 0.016070231795310974, 0), (0.0000089058676167042, -0.016070231795310974, 0.9998708367347717, 0), (1, -0.000004534742856776575, -0.000008950604751589708, 0), (-0.36727410554885864, 88.04634857177734, -3.3938584327697754, 1) ), ( (0.000007418821951432619, 0.9975296258926392, 0.07024634629487991, 0), (0.000012691250958596356, -0.07024634629487991, 0.9975296854972839, 0), (1, -0.000006479179319285322, -0.000013151267921784893, 0), (-0.3672381639480591, 95.67695617675781, -3.2712175846099854, 1) ), ( (0.000010028978977061342, 0.9960099458694458, 0.08924360573291779, 0), (0.000028826612833654508, -0.089243583381176, 0.9960098266601562, 0), (1, -0.0000073865699050656985, -0.00002957683682325296, 0), (-0.36719778180122375, 101.10694122314453, -2.888836145401001, 1) ), ( (0.000011154866115248296, 0.9959198236465454, 0.09024176001548767, 0), (0.000034405285987304524, -0.09024176001548767, 0.9959198832511902, 0), (1, -0.000007974758773343638, -0.00003524176645441912, 0), (-0.3670942187309265, 111.38941955566406, -1.9675135612487793, 1) ), ( (0.9504969716072083, -0.14638277888298035, -0.27409377694129944, 0), (0.2575318515300751, -0.12248113006353378, 0.9584757089614868, 0), (-0.17387576401233673, -0.9816161394119263, -0.07871969789266586, 0), (5.9992570877075195, 126.50347900390625, 0.3571634292602539, 1) ), ( (0.999300479888916, -0.03707320615649223, -0.00489447358995676, 0), (0.0008053954807110131, -0.10951828956604004, 0.9939844012260437, 0), (-0.037386249750852585, -0.9932931661605835, -0.10941185802221298, 0), (29.243377685546875, 122.9237060546875, -6.345720291137695, 1) ), ( (0.9992576837539673, -0.036144427955150604, -0.013311723247170448, 0), (0.009267862886190414, -0.10982836782932281, 0.9939072728157043, 0), (-0.03738625347614288, -0.9932931065559387, -0.10941186547279358, 0), (67.61236572265625, 121.5002670288086, -6.533647060394287, 1) ), ( (0.9992576837539673, -0.03614453226327896, -0.013311744667589664, 0), (0.00926788430660963, -0.10982833802700043, 0.9939072728157043, 0), (-0.037386342883110046, -0.9932931065559387, -0.10941185802221298, 0), (67.61237335205078, 121.50027465820312, -6.5336408615112305, 1) ), ( (0.9992576837539673, -0.03614453226327896, -0.013311744667589664, 0), (0.00926788430660963, -0.10982833802700043, 0.9939072728157043, 0), (-0.037386342883110046, -0.9932931065559387, -0.10941185802221298, 0), (81.52374267578125, 120.99706268310547, -6.718963146209717, 1) ), ( (0.9992576837539673, -0.03614453226327896, -0.013311744667589664, 0), (0.00926788430660963, -0.10982833802700043, 0.9939072728157043, 0), (-0.037386342883110046, -0.9932931065559387, -0.10941185802221298, 0), (93.88542938232422, 120.5499267578125, -6.883641242980957, 1) ), ( (0.9992576837539673, -0.03614453226327896, -0.013311744667589664, 0), (0.00926788430660963, -0.10982833802700043, 0.9939072728157043, 0), (-0.037386342883110046, -0.9932931065559387, -0.10941185802221298, 0), (102.65260314941406, 120.2328109741211, -7.000438213348389, 1) ), ( (0.9994548559188843, 0.0012249508872628212, -0.032996926456689835, 0), (-0.002434471156448126, -0.9938584566116333, -0.11063322424888611, 0), (-0.032929837703704834, 0.11065319925546646, -0.9933136105537415, 0), (102.65260314941406, 120.2328109741211, -7.000438213348389, 1) ), ( (0.9838178753852844, -0.1329191029071808, 0.1201445683836937, 0), (-0.12136388570070267, -0.9876704216003418, -0.09888356924057007, 0), (0.13180658221244812, 0.08270219713449478, -0.9878194332122803, 0), (108.45693969726562, 118.6657485961914, -4.916336536407471, 1) ), ( (0.9143670797348022, -0.14895673096179962, 0.37649068236351013, 0), (-0.07805157452821732, -0.977273166179657, -0.19709302484989166, 0), (0.39729243516921997, 0.15082959830760956, -0.9052124619483948, 0), (122.10631561279297, 117.94792175292969, -3.324988603591919, 1) ), ( (0.9193456768989563, -0.1531466841697693, 0.3624221384525299, 0), (-0.10374695062637329, -0.982894778251648, -0.1521647572517395, 0), (0.3795262277126312, 0.10229185968637466, -0.9195088148117065, 0), (129.4842071533203, 116.74603271484375, -0.28717756271362305, 1) ), ( (0.9446733593940735, -0.004882785491645336, 0.32797548174858093, 0), (0.019905228167772293, -0.9971933960914612, -0.07217942178249359, 0), (0.32740718126296997, 0.07471434772014618, -0.9419249296188354, 0), (134.79116821289062, 115.86194610595703, 1.8049548864364624, 1.0000001192092896) ), ( (0.9949293732643127, -0.09636097401380539, -0.02881542779505253, 0), (-0.09891560673713684, -0.9893363118171692, -0.1069089025259018, 0), (-0.018206370994448662, 0.10921704769134521, -0.9938511848449707, 0), (108.68122863769531, 119.28897094726562, -6.86626672744751, 1) ), ( (0.9904153347015381, -0.09928945451974869, -0.09601426869630814, 0), (-0.10530106723308563, -0.9926465153694153, -0.05970349162817001, 0), (-0.08938038349151611, 0.06924165785312653, -0.9935883283615112, 0), (121.96552276611328, 119.27696228027344, -7.38735818862915, 1.0000001192092896) ), ( (0.9900347590446472, -0.09438909590244293, -0.10450729727745056, 0), (-0.09879762679338455, -0.9943882822990417, -0.03783169388771057, 0), (-0.10034989565610886, 0.04777969419956207, -0.9938040375709534, 0), (130.79159545898438, 118.3921127319336, -8.242995262145996, 1) ), ( (0.9895240664482117, 0.09209956228733063, -0.11117389053106308, 0), (0.09384042024612427, -0.9955316781997681, 0.010518879629671574, 0), (-0.10970841348171234, -0.02084127999842167, -0.9937454462051392, 0), (137.04830932617188, 117.79560852050781, -8.90344524383545, 1) ), ( (0.9994548559188843, 0.0012200246565043926, -0.03299460932612419, 0), (-0.002438389463350177, -0.9938609600067139, -0.11061087995767593, 0), (-0.03292704373598099, 0.11063098162412643, -0.9933159947395325, 0), (102.50927734375, 120.03850555419922, -7.000381946563721, 1) ), ( (0.9504885077476501, -0.06259802728891373, -0.3043895661830902, 0), (0.03378690034151077, -0.9528789520263672, 0.3014637231826782, 0), (-0.3089176118373871, -0.296822190284729, -0.9035852551460266, 0), (108.11761474609375, 118.89644622802734, -11.215899467468262, 1) ), ( (0.5467492938041687, -0.16525202989578247, -0.8208267092704773, 0), (-0.10362905263900757, -0.9861482977867126, 0.12950831651687622, 0), (-0.8308585286140442, 0.014252880588173866, -0.5563012957572937, 0), (118.61766052246094, 118.20484924316406, -14.578073501586914, 1) ), ( (0.4749086797237396, -0.13991297781467438, -0.8688423037528992, 0), (-0.025354987010359764, -0.989046573638916, 0.14541088044643402, 0), (-0.8796697854995728, -0.04702744260430336, -0.47325414419174194, 0), (122.3651123046875, 117.07218170166016, -20.204086303710938, 1) ), ( (0.5596850514411926, -0.08671217411756516, -0.8241561651229858, 0), (-0.0013653222704306245, -0.9946058988571167, 0.10371863842010498, 0), (-0.8287043571472168, -0.05692451447248459, -0.5567840933799744, 0), (124.78700256347656, 116.35868835449219, -24.634939193725586, 1) ), ( (0.9797112345695496, -0.11247973889112473, -0.16587460041046143, 0), (-0.13194376230239868, -0.9849788546562195, -0.11138909310102463, 0), (-0.1508539617061615, 0.13101525604724884, -0.9798358678817749, 0), (108.5449447631836, 119.2316665649414, -8.91901969909668, 1) ), ( (0.8504525423049927, -0.07652494311332703, -0.5204555988311768, 0), (-0.09327530115842819, -0.9956221580505371, -0.006026104092597961, 0), (-0.517716109752655, 0.05367053300142288, -0.8538674712181091, 0), (120.63512420654297, 118.91158294677734, -11.095491409301758, 1) ), ( (0.8466505408287048, -0.08726351708173752, -0.5249456167221069, 0), (-0.06733684241771698, -0.9961018562316895, 0.05698217451572418, 0), (-0.5278716683387756, -0.012895836494863033, -0.8492262959480286, 0), (127.65044403076172, 118.28034973144531, -15.388711929321289, 1) ), ( (0.8782282471656799, -0.03586151450872421, -0.47689467668533325, 0), (-0.02031104825437069, -0.9990818500518799, 0.037725016474723816, 0), (-0.47780972719192505, -0.02344495989382267, -0.8781505823135376, 0), (132.86170959472656, 117.74322509765625, -18.619815826416016, 1) ), ( (0.35670390725135803, -0.2992542088031769, 0.8849910497665405, 0), (0.5064629912376404, -0.7340760827064514, -0.4523579180240631, 0), (0.7850207686424255, 0.6095730662345886, -0.11028650403022766, 0), (105.93914794921875, 117.91400146484375, -5.574375152587891, 1) ), ( (0.4497556686401367, -0.3651679456233978, 0.8150901794433594, 0), (0.863215982913971, -0.05656951293349266, -0.5016547441482544, 0), (0.22929763793945312, 0.9292213320732117, 0.2897765040397644, 0), (108.62921905517578, 115.65721130371094, 1.0997090339660645, 1) ), ( (0.47280341386795044, -0.22948038578033447, 0.8507622480392456, 0), (0.8234418034553528, -0.22864384949207306, -0.519293487071991, 0), (0.313689261674881, 0.946076512336731, 0.08086004108190536, 0), (111.84774780273438, 113.04399108886719, 6.932676792144775, 1) ), ( (0.24287883937358856, -0.3214009702205658, 0.9152655005455017, 0), (0.9447023272514343, -0.13593775033950806, -0.29842573404312134, 0), (0.22033357620239258, 0.9371349215507507, 0.2706121504306793, 0), (115.33326721191406, 111.35221862792969, 13.20449447631836, 1) ), ( (0.9999998807907104, 1.69022840168509e-9, -3.865352482534945e-10, 0), (4.675686060551243e-9, 0.9999998211860657, -2.9724651628981746e-9, 0), (4.8329638957511634e-8, -4.792718666379869e-9, 1, 0), (112.30904388427734, 111.44474792480469, -7.193896293640137, 1) ), ( (0.999300479888916, -0.03707320988178253, -0.004894445184618235, 0), (0.0008054550853557885, -0.10951829701662064, 0.9939843416213989, 0), (-0.0373862087726593, -0.9932931065559387, -0.10941185057163239, 0), (44.33076858520508, 122.36398315429688, -6.419618606567383, 1) ), ( (0.999300479888916, -0.03707320988178253, -0.004894445184618235, 0), (0.0008054550853557885, -0.10951829701662064, 0.9939843416213989, 0), (-0.0373862087726593, -0.9932931065559387, -0.10941185057163239, 0), (55.54375076293945, 121.947998046875, -6.474534511566162, 1) ), ( (0.999300479888916, -0.03707320988178253, -0.004894445184618235, 0), (0.0008054550853557885, -0.10951829701662064, 0.9939843416213989, 0), (-0.0373862087726593, -0.9932931065559387, -0.10941185057163239, 0), (67.61236572265625, 121.5002670288086, -6.533647060394287, 1) ), ( (0.000019963848899351433, 0.94022136926651, 0.3405645191669464, 0), (0.000030491211873595603, -0.3405643701553345, 0.9402211904525757, 0), (1, -0.000008356408216059208, -0.00003543768252711743, 0), (-0.3669890761375427, 130.9441680908203, -3.4249086380004883, 1) ), ( (0.00001990961391129531, 0.94022136926651, 0.3405645191669464, 0), (0.00003075407585129142, -0.34056442975997925, 0.9402213096618652, 0), (1, -0.000008215893103624694, -0.0000356663585989736, 0), (-0.36676642298698425, 141.43008422851562, 0.37326908111572266, 1) ), ( (0.00001990961391129531, 0.94022136926651, 0.3405645191669464, 0), (0.00003231161099392921, -0.34056442975997925, 0.9402213096618652, 0), (1, -0.000007685450327699073, -0.000037130783312022686, 0), (-0.3666393458843231, 147.41363525390625, 2.540619373321533, 1) ), ( (0.000012216627510497347, 0.9939067363739014, 0.11022553592920303, 0), (0.00003435963299125433, -0.11022558808326721, 0.9939067959785461, 0), (1, -0.000008325073395099025, -0.00003546707011992112, 0), (-0.3666393458843231, 147.41363525390625, 2.540619373321533, 1) ), ( (0.9974482655525208, 0.006159522105008364, -0.0711163580417633, 0), (0.000011123566764581483, 0.9962565302848816, 0.08643544465303421, 0), (0.07138323038816452, -0.08621518313884735, 0.9937150478363037, 0), (-0.366121381521225, 156.9615936279297, 14.885406494140625, 1) ), ( (0.9975595474243164, -0.007708726916462183, 0.06939946115016937, 0), (0.0016430006362497807, 0.9962040781974792, 0.08703561872243881, 0), (-0.06980730593204498, -0.08670944720506668, 0.9937850832939148, 0), (-6.4915313720703125, 156.96168518066406, 14.885623931884766, 1) ), ( (0.9975595474243164, -0.007708720397204161, 0.06939947605133057, 0), (0.001643000403419137, 0.9962041974067688, 0.08703562617301941, 0), (-0.06980732083320618, -0.08670949190855026, 0.9937852025032043, 0), (-6.4915313720703125, 156.961669921875, 14.885623931884766, 1) ), ( (0.9975540637969971, 0.007692097220569849, -0.0694723129272461, 0), (-0.00162017485126853, 0.9962038993835449, 0.08703618496656418, 0), (0.06987808644771576, -0.08671081811189651, 0.993779718875885, 0), (5.759117603302002, 156.96157836914062, 14.885196685791016, 1) ), ( (0.9975541830062866, 0.007692105136811733, -0.06947233527898788, 0), (-0.0016201749676838517, 0.9962040185928345, 0.08703619986772537, 0), (0.06987808644771576, -0.08671083301305771, 0.9937798380851746, 0), (5.75911808013916, 156.96157836914062, 14.885194778442383, 1) ), ( (1, -9.094947017729282e-13, -0.00003457027560216375, 0), (-1.0017871948653223e-12, 0.9999998211860657, -1.0422095186868319e-8, 0), (0.00003457027560216375, -7.717487982006332e-9, 0.9999999403953552, 0), (-0.36627376079559326, 177.15969848632812, 5.839497089385986, 1) ), ( (0.9505186080932617, 0.14636768400669098, 0.2740267813205719, 0), (0.2574659287929535, 0.12247709184885025, -0.9584935903549194, 0), (-0.1738540381193161, 0.9816188216209412, 0.07873211055994034, 0), (-6.733047008514404, 126.50318145751953, 0.357574462890625, 1) ), ( (0.9993014335632324, 0.03705726936459541, 0.004824082367122173, 0), (0.0007370800594799221, 0.10951833426952362, -0.9939838647842407, 0), (-0.037362296134233475, 0.9932936429977417, 0.10941460728645325, 0), (-29.977638244628906, 122.92401123046875, -6.343639373779297, 1) ), ( (0.9992592334747314, 0.03612851724028587, 0.013241362757980824, 0), (0.009199473075568676, 0.10982826352119446, -0.9939078688621521, 0), (-0.037362296134233475, 0.9932936429977417, 0.10941462963819504, 0), (-68.3462142944336, 121.50184631347656, -6.528827667236328, 1) ), ( (0.9992592334747314, 0.03612861782312393, 0.013241400942206383, 0), (0.009199542924761772, 0.10982829332351685, -0.9939077496528625, 0), (-0.03736238554120064, 0.9932936429977417, 0.10941464453935623, 0), (-68.34619140625, 121.5018310546875, -6.52882194519043, 1) ), ( (0.9992592334747314, 0.03612861782312393, 0.013241400942206383, 0), (0.009199542924761772, 0.10982829332351685, -0.9939077496528625, 0), (-0.03736238554120064, 0.9932936429977417, 0.10941464453935623, 0), (-82.25814819335938, 120.998291015625, -6.713254451751709, 1) ), ( (0.9992592334747314, 0.03612861782312393, 0.013241400942206383, 0), (0.009199542924761772, 0.10982829332351685, -0.9939077496528625, 0), (-0.03736238554120064, 0.9932936429977417, 0.10941464453935623, 0), (-94.619140625, 120.552001953125, -6.876952171325684, 1) ), ( (0.9992592334747314, 0.03612861782312393, 0.013241400942206383, 0), (0.009199542924761772, 0.10982829332351685, -0.9939077496528625, 0), (-0.03736238554120064, 0.9932936429977417, 0.10941464453935623, 0), (-103.38648986816406, 120.23480987548828, -6.993155479431152, 1) ), ( (0.9994569420814514, -0.0012408645125105977, 0.03292646259069443, 0), (-0.002410419750958681, 0.9938583970069885, 0.11063351482152939, 0), (-0.03286152705550194, -0.11065271496772766, 0.9933155179023743, 0), (-103.38648986816406, 120.23480987548828, -6.993155479431152, 1) ), ( (0.9838114380836487, 0.13290345668792725, -0.12021376937627792, 0), (-0.12134071439504623, 0.9876724481582642, 0.09889224916696548, 0), (0.13187499344348907, -0.0827043354511261, 0.987809956073761, 0), (-109.19098663330078, 118.66747283935547, -4.908705711364746, 1) ), ( (0.9143427014350891, 0.14894221723079681, -0.376554936170578, 0), (-0.07802167534828186, 0.977274477481842, 0.19709864258766174, 0), (0.3973538279533386, -0.1508360207080841, 0.9051839113235474, 0), (-122.8403091430664, 117.94981384277344, -3.3164150714874268, 1) ), ( (0.9193222522735596, 0.1531321108341217, -0.36248669028282166, 0), (-0.10372012108564377, 0.9828963279724121, 0.15217214822769165, 0), (0.3795895278453827, -0.102297842502594, 0.919481635093689, 0), (-130.21791076660156, 116.74809265136719, -0.2780531048774719, 0.9999998807907104) ), ( (0.9446501135826111, 0.004867730662226677, -0.32804179191589355, 0), (0.01992662064731121, 0.9971928596496582, 0.07217815518379211, 0), (0.3274725377559662, -0.0747196227312088, 0.9419010281562805, 0), (-135.52484130859375, 115.86404418945312, 1.814433217048645, 0.9999998807907104) ), ( (0.9949328303337097, 0.09634512662887573, 0.02874537743628025, 0), (-0.09889189898967743, 0.9893376231193542, 0.10691598802804947, 0), (-0.018137941136956215, -0.10921677947044373, 0.9938520789146423, 0), (-109.41551971435547, 119.29077911376953, -6.858624458312988, 1) ), ( (0.9904236197471619, 0.09927371144294739, 0.09594449400901794, 0), (-0.1052805706858635, 0.9926486611366272, 0.059711065143346786, 0), (-0.08931136131286621, -0.06924028694629669, 0.9935940504074097, 0), (-122.69979095458984, 119.27897644042969, -7.378779411315918, 1.0000001192092896) ), ( (0.9900436997413635, 0.09437333047389984, 0.10443752259016037, 0), (-0.09877870231866837, 0.9943892955780029, 0.037838760763406754, 0), (-0.1002805233001709, -0.04777814447879791, 0.9938109517097473, 0), (-131.52586364746094, 118.39424896240234, -8.233785629272461, 1) ), ( (0.9895304441452026, -0.09211532026529312, 0.11110413074493408, 0), (0.09385596960783005, 0.995530366897583, -0.010525330901145935, 0), (-0.10963786393404007, 0.020843040198087692, 0.9937525391578674, 0), (-137.78269958496094, 117.79782104492188, -8.893800735473633, 1) ), ( (0.9994568228721619, -0.0012411016505211592, 0.03292647376656532, 0), (-0.002410926390439272, 0.993855893611908, 0.11065630614757538, 0), (-0.032861463725566864, -0.11067549884319305, 0.9933128356933594, 0), (-103.2431640625, 120.04048919677734, -6.993124008178711, 1) ), ( (0.9505108594894409, 0.06258288025856018, 0.30432257056236267, 0), (0.03378117084503174, 0.9528782367706299, -0.30146580934524536, 0), (-0.3088487982749939, 0.2968270778656006, 0.903607189655304, 0), (-108.85213470458984, 118.89820098876953, -11.208291053771973, 1) ), ( (0.5468102097511292, 0.1652432084083557, 0.8207880854606628, 0), (-0.10362209379673004, 0.9861502051353455, -0.12950077652931213, 0), (-0.830819308757782, -0.014239722862839699, 0.5563592910766602, 0), (-119.35246276855469, 118.20682525634766, -14.569713592529297, 1) ), ( (0.4749721586704254, 0.13990528881549835, 0.8688082098960876, 0), (-0.025349067524075508, 0.9890466332435608, -0.14540894329547882, 0), (-0.8796359300613403, 0.047041404992341995, 0.4733160734176636, 0), (-123.100341796875, 117.07421112060547, -20.19550323486328, 1) ), ( (0.559744119644165, 0.08670325577259064, 0.8241169452667236, 0), (-0.001356411841697991, 0.9946058392524719, -0.1037183552980423, 0), (-0.8286639451980591, 0.05693766847252846, 0.5568423271179199, 0), (-125.52249908447266, 116.36065673828125, -24.626100540161133, 1) ), ( (0.9797247052192688, 0.11246410012245178, 0.1658056229352951, 0), (-0.13191984593868256, 0.9849806427955627, 0.11139851808547974, 0), (-0.15078696608543396, -0.13101288676261902, 0.9798459410667419, 0), (-109.27940368652344, 119.2333984375, -8.911396026611328, 1) ), ( (0.8504904508590698, 0.07651139050722122, 0.5203957557678223, 0), (-0.0932585671544075, 0.995623767375946, 0.006032821722328663, 0), (-0.5176563858985901, -0.05366232618689537, 0.8539036512374878, 0), (-121.36966705322266, 118.9134292602539, -11.087020874023438, 1) ), ( (0.8466891050338745, 0.0872499868273735, 0.5248858332633972, 0), (-0.06732451170682907, 0.9961024522781372, -0.05697724223136902, 0), (-0.5278120040893555, 0.012904186733067036, 0.8492629528045654, 0), (-128.38531494140625, 118.28231048583984, -15.379716873168945, 0.9999999403953552) ), ( (0.8782626390457153, 0.03584748134016991, 0.4768325686454773, 0), (-0.020297406241297722, 0.9990819692611694, -0.03772337734699249, 0), (-0.47774702310562134, 0.02345254272222519, 0.8781841397285461, 0), (-133.59674072265625, 117.74530792236328, -18.610454559326172, 1) ), ( (0.35664620995521545, 0.299248605966568, -0.8850160241127014, 0), (0.5065069198608398, 0.7340680956840515, 0.4523221254348755, 0), (0.7850183844566345, -0.6095854640007019, 0.11023114621639252, 0), (-106.6733169555664, 117.91575622558594, -5.566927909851074, 1) ), ( (0.449704110622406, 0.36516085267066956, -0.8151216506958008, 0), (0.8632525205612183, 0.05655564367771149, 0.5015939474105835, 0), (0.22926200926303864, -0.9292246103286743, -0.2897927761077881, 0), (-109.36289978027344, 115.65885162353516, 1.107363224029541, 1) ), ( (0.47274675965309143, 0.22947272658348083, -0.8507950901985168, 0), (0.8234819769859314, 0.22863078117370605, 0.519235372543335, 0), (0.3136681616306305, -0.9460817575454712, -0.08088231086730957, 0), (-112.58111572265625, 113.04571533203125, 6.940544605255127, 1) ), ( (0.24281960725784302, 0.32139721512794495, -0.9152822494506836, 0), (0.9447253942489624, 0.13592258095741272, 0.29835906624794006, 0), (0.22029906511306763, -0.9371384382247925, -0.2706276774406433, 0), (-116.06629943847656, 111.35409545898438, 13.212627410888672, 1) ), ( (1, -3.125205694232136e-8, 3.74357114196755e-8, 0), (6.672092656145878e-9, 0.9999998211860657, 4.4771883978000915e-9, 0), (2.674862109586229e-8, 2.9692193592723015e-8, 0.9999999403953552, 0), (-113.04310607910156, 111.4298095703125, -7.185968399047852, 1) ), ( (0.9993013739585876, 0.037057287991046906, 0.004824067931622267, 0), (0.0007370501989498734, 0.10951834172010422, -0.9939839839935303, 0), (-0.03736228123307228, 0.9932936429977417, 0.10941461473703384, 0), (-45.064453125, 122.36509704589844, -6.416438102722168, 1) ), ( (0.9993013739585876, 0.037057287991046906, 0.004824067931622267, 0), (0.0007370501989498734, 0.10951834172010422, -0.9939839839935303, 0), (-0.03736228123307228, 0.9932936429977417, 0.10941461473703384, 0), (-56.278099060058594, 121.94878387451172, -6.4706010818481445, 1) ), ( (0.9993013739585876, 0.037057287991046906, 0.004824067931622267, 0), (0.0007370501989498734, 0.10951834172010422, -0.9939839839935303, 0), (-0.03736228123307228, 0.9932936429977417, 0.10941461473703384, 0), (-68.3462142944336, 121.50184631347656, -6.528827667236328, 1) ), ( (1, 1.5916157281026244e-12, -0.000034546235838206485, 0), (4.449116856181101e-13, 0.9999999403953552, -1.1106884301170794e-9, 0), (0.00003454623947618529, -2.1817279094449304e-9, 1.0000001192092896, 0), (-0.3681912422180176, 114.2667007446289, -33.7215461730957, 1) ), ( (0.0034834102261811495, -0.998730480670929, 0.050253454595804214, 0), (0.0001664106675889343, -0.05025317892432213, -0.998736560344696, 0), (0.9999939203262329, 0.0034874016419053078, -0.000008823271855362691, 0), (26.67000389099121, 72.9995346069336, -5.191455841064453, 1) ), ( (0.0034867371432483196, -0.9998539686203003, -0.016736263409256935, 0), (-0.00006721750105498359, 0.01673612929880619, -0.9998600482940674, 0), (0.9999939203262329, 0.0034874030388891697, -0.000008823429197946098, 0), (26.791595458984375, 38.13959884643555, -3.4373960494995117, 1) ), ( (0.08977960050106049, -0.994979202747345, 0.0442277267575264, 0), (0.18930214643478394, 0.060645103454589844, 0.9800446033477783, 0), (-0.9778058528900146, -0.07961563020944595, 0.19379638135433197, 0), (26.881364822387695, 12.394020080566406, -3.868346691131592, 1) ), ( (0.1893034428358078, 0.06064215302467346, 0.980044424533844, 0), (0.08977904170751572, -0.9949794411659241, 0.044224802404642105, 0), (0.9778057932853699, 0.07961556315422058, -0.19379740953445435, 0), (31.971511840820312, 3.769683837890625, 18.271055221557617, 1) ), ( (0.18930450081825256, 0.06064225733280182, 0.9800443053245544, 0), (0.08977874368429184, -0.9949796199798584, 0.044224876910448074, 0), (0.977805495262146, 0.07961519062519073, -0.19379842281341553, 0), (33.31856918334961, 4.2012176513671875, 25.24493980407715, 1) ), ( (0.08933328837156296, -0.9951187968254089, 0.04193076118826866, 0), (0.18951168656349182, 0.05831257998943329, 0.9801455736160278, 0), (-0.9778062701225281, -0.07961328327655792, 0.19379588961601257, 0), (26.88136863708496, 12.394035339355469, -3.8683481216430664, 1) ), ( (0.9745739698410034, 3.1805875266854855e-8, -0.22406747937202454, 0), (1.149280559609167e-9, 1, -1.0548524720377372e-8, 0), (0.22406747937202454, 8.370348858477428e-10, 0.97457355260849, 0), (29.42644500732422, 0.00452423095703125, 7.201350688934326, 1) ), ( (0.0034856575075536966, -0.9998986721038818, -0.013812817633152008, 0), (-0.000056384797062492, 0.013812711462378502, -0.9999046921730042, 0), (0.9999938607215881, 0.003486133413389325, -0.000008202905519283377, 0), (26.79159927368164, 38.140464782714844, -3.437391757965088, 1) ), ( (0.0034851988311856985, -0.9998539090156555, -0.016736259683966637, 0), (-0.06295213848352432, 0.016483796760439873, -0.9978804588317871, 0), (0.9980104565620422, 0.004531424958258867, -0.06288547068834305, 0), (26.885868072509766, 25.702857971191406, -3.6865129470825195, 1) ), ( (0.00348270102404058, -0.9998539090156555, -0.016736259683966637, 0), (-0.1255878210067749, 0.016166510060429573, -0.9919507503509521, 0), (0.9920762777328491, 0.005556568969041109, -0.1255132257938385, 0), (26.909076690673828, 19.04888153076172, -3.7978944778442383, 1) ), ( (0.003481918713077903, -0.9998539090156555, -0.016736259683966637, 0), (-0.18959905207157135, 0.015772704035043716, -0.9817350506782532, 0), (0.9818553328514099, 0.006591528654098511, -0.18951639533042908, 0), (26.932275772094727, 12.394882202148438, -3.90927791595459, 1) ), ( (0.003482260275632143, -0.998730480670929, 0.05025345832109451, 0), (0.00016683719877619296, -0.05025318264961243, -0.998736560344696, 0), (0.9999939203262329, 0.0034862742759287357, -0.000008339493433595635, 0), (26.787885665893555, 68.40071105957031, -4.9146881103515625, 1) ), ( (0.0034804102033376694, -0.9987304210662842, 0.050253454595804214, 0), (0.0001664106675889343, -0.05025318264961243, -0.998736560344696, 0), (0.9999939203262329, 0.0034844055771827698, -0.000008672524927533232, 0), (26.829763412475586, 56.394126892089844, -4.310548782348633, 1) ), ( (0.0034807201009243727, -0.9987304210662842, 0.050253454595804214, 0), (0.00016768297064118087, -0.05025317892432213, -0.998736560344696, 0), (0.9999939203262329, 0.003484778804704547, -0.00000741740132070845, 0), (26.833471298217773, 40.730594635009766, -3.545079469680786, 1) ), ( (0.0034890722017735243, 0.9987303614616394, -0.05025351047515869, 0), (0.00018436912796460092, 0.05025317892432213, 0.9987365007400513, 0), (0.9999939203262329, -0.0034938985481858253, -0.00000876834565133322, 0), (-27.404678344726562, 72.99968719482422, -5.190980434417725, 1) ), ( (0.0034935881849378347, 0.9998538494110107, 0.01673620007932186, 0), (-0.000049678397772368044, -0.016736121848225594, 0.9998599886894226, 0), (0.9999939203262329, -0.0034938999451696873, -0.000008768198313191533, 0), (-27.526470184326172, 38.13975143432617, -3.436918258666992, 1) ), ( (0.08978534489870071, 0.9949786067008972, -0.04422931373119354, 0), (0.1892845183610916, -0.06064634397625923, -0.9800480008125305, 0), (-0.977808952331543, 0.07962197065353394, -0.19377918541431427, 0), (-27.616422653198242, 12.394218444824219, -3.8678672313690186, 1) ), ( (0.1892857551574707, -0.060643382370471954, -0.9800477027893066, 0), (0.08978477120399475, 0.9949787259101868, -0.04422638192772865, 0), (0.9778087735176086, -0.07962190359830856, 0.19378018379211426, 0), (-32.706233978271484, 3.7699203491210938, 18.27161407470703, 1) ), ( (0.1892857551574707, -0.06064338982105255, -0.9800477027893066, 0), (0.08978511393070221, 0.994978666305542, -0.044226307421922684, 0), (0.9778085947036743, -0.07962223887443542, 0.19378018379211426, 0), (-34.05314254760742, 4.201408386230469, 25.245441436767578, 1) ), ( (0.08933906257152557, 0.9951180815696716, -0.041932329535484314, 0), (0.18949398398399353, -0.05831380933523178, -0.9801488518714905, 0), (-0.9778092503547668, 0.07961960881948471, -0.19377867877483368, 0), (-27.616418838500977, 12.394233703613281, -3.867868185043335, 1) ), ( (0.9745767712593079, 6.730239476837596e-9, 0.22405283153057098, 0), (1.0065745570386753e-8, 1, -9.82282610806351e-9, 0), (-0.22405284643173218, 2.7238340472024447e-9, 0.9745767712593079, 0), (-30.16132354736328, 0.0236663818359375, 7.201873302459717, 1) ), ( (0.0034924570936709642, 0.9998986721038818, 0.01381276361644268, 0), (-0.000038825379306217656, -0.013812705874443054, 0.9999047517776489, 0), (0.9999939203262329, -0.0034926305525004864, -0.000009389107617607806, 0), (-27.526472091674805, 38.14060974121094, -3.4369142055511475, 1) ), ( (0.0034935912117362022, 0.9998539686203003, 0.01673620007932186, 0), (-0.06293463706970215, -0.016483277082443237, 0.9978817105293274, 0), (0.9980116486549377, -0.004539445973932743, 0.0628678947687149, 0), (-27.620834350585938, 25.703060150146484, -3.6860337257385254, 1) ), ( (0.003493588650599122, 0.9998539686203003, 0.016736192628741264, 0), (-0.12557050585746765, -0.016165180131793022, 0.9919532537460327, 0), (0.9920786619186401, -0.005567015148699284, 0.12549568712711334, 0), (-27.64407730102539, 19.049087524414062, -3.797414779663086, 1) ), ( (0.0034935912117362022, 0.9998539686203003, 0.016736192628741264, 0), (-0.18958187103271484, -0.01577054336667061, 0.9817384481430054, 0), (0.9818587899208069, -0.006602639332413673, 0.18949909508228302, 0), (-27.667327880859375, 12.395065307617188, -3.908797264099121, 1) ), ( (0.003489071736112237, 0.9987303018569946, -0.05025351047515869, 0), (0.0001847958192229271, 0.05025317892432213, 0.9987365007400513, 0), (0.9999939203262329, -0.0034939199686050415, -0.000009194507583742961, 0), (-27.522579193115234, 68.40081787109375, -4.91420841217041, 1) ), ( (0.003489071736112237, 0.9987303018569946, -0.05025351047515869, 0), (0.0001843691134126857, 0.05025317519903183, 0.9987365007400513, 0), (0.9999939203262329, -0.0034938985481858253, -0.000008768341103859711, 0), (-27.56452751159668, 56.39423370361328, -4.310068130493164, 1) ), ( (0.003489071736112237, 0.9987303018569946, -0.05025351047515869, 0), (0.0001856414892245084, 0.05025317519903183, 0.9987365007400513, 0), (0.9999939203262329, -0.00349396257661283, -0.000010039102562586777, 0), (-27.56833267211914, 40.73073959350586, -3.544600486755371, 1) ), ( (1, 0, 0, 0), (-1.7303513094515815e-18, 1, -1.953992387815004e-13, 0), (0, -4.3415780952987815e-13, 1, 0), (30.716392517089844, 86.12581634521484, 30.306325912475586, 1) ), ( (1, 0, 0, 0), (-1.7303513094515815e-18, 1, -1.953992387815004e-13, 0), (0, -4.3415780952987815e-13, 1, 0), (17.92677116394043, 86.12533569335938, -35.71522903442383, 1) ), ( (1, 0, 0, 0), (-1.7303513094515815e-18, 1, -1.953992387815004e-13, 0), (0, -4.3415780952987815e-13, 1, 0), (-31.565364837646484, 86.12601470947266, 30.43156623840332, 1) ), ( (1, 0, 0, 0), (-1.7303513094515815e-18, 1, -1.953992387815004e-13, 0), (0, -4.3415780952987815e-13, 1, 0), (-18.74979019165039, 86.12543487548828, -35.87019729614258, 1) )]
        uniform token[] joints = ["root_joint", "root_joint/pelvis_joint", "root_joint/pelvis_joint/spineLower_joint", "root_joint/pelvis_joint/spineLower_joint/spineMiddle_joint", "root_joint/pelvis_joint/spineLower_joint/spineMiddle_joint/spineUpper_joint", "root_joint/pelvis_joint/spineLower_joint/spineMiddle_joint/spineUpper_joint/chest_joint", "root_joint/pelvis_joint/spineLower_joint/spineMiddle_joint/spineUpper_joint/chest_joint/clavicle_left_joint", "root_joint/pelvis_joint/spineLower_joint/spineMiddle_joint/spineUpper_joint/chest_joint/clavicle_left_joint/shoulder_left_joint", "root_joint/pelvis_joint/spineLower_joint/spineMiddle_joint/spineUpper_joint/chest_joint/clavicle_left_joint/shoulder_left_joint/elbow_left_joint", "root_joint/pelvis_joint/spineLower_joint/spineMiddle_joint/spineUpper_joint/chest_joint/clavicle_left_joint/shoulder_left_joint/elbow_left_joint/elbow_partial_left_joint", "root_joint/pelvis_joint/spineLower_joint/spineMiddle_joint/spineUpper_joint/chest_joint/clavicle_left_joint/shoulder_left_joint/elbow_left_joint/armLower_twist_01_left_joint", "root_joint/pelvis_joint/spineLower_joint/spineMiddle_joint/spineUpper_joint/chest_joint/clavicle_left_joint/shoulder_left_joint/elbow_left_joint/armLower_twist_02_left_joint", "root_joint/pelvis_joint/spineLower_joint/spineMiddle_joint/spineUpper_joint/chest_joint/clavicle_left_joint/shoulder_left_joint/elbow_left_joint/armLower_twist_03_left_joint", "root_joint/pelvis_joint/spineLower_joint/spineMiddle_joint/spineUpper_joint/chest_joint/clavicle_left_joint/shoulder_left_joint/elbow_left_joint/handWrist_left_joint", "root_joint/pelvis_joint/spineLower_joint/spineMiddle_joint/spineUpper_joint/chest_joint/clavicle_left_joint/shoulder_left_joint/elbow_left_joint/handWrist_left_joint/handIndexMeta_left_joint", "root_joint/pelvis_joint/spineLower_joint/spineMiddle_joint/spineUpper_joint/chest_joint/clavicle_left_joint/shoulder_left_joint/elbow_left_joint/handWrist_left_joint/handIndexMeta_left_joint/handIndex_00_left_joint", "root_joint/pelvis_joint/spineLower_joint/spineMiddle_joint/spineUpper_joint/chest_joint/clavicle_left_joint/shoulder_left_joint/elbow_left_joint/handWrist_left_joint/handIndexMeta_left_joint/handIndex_00_left_joint/handIndex_01_left_joint", "root_joint/pelvis_joint/spineLower_joint/spineMiddle_joint/spineUpper_joint/chest_joint/clavicle_left_joint/shoulder_left_joint/elbow_left_joint/handWrist_left_joint/handIndexMeta_left_joint/handIndex_00_left_joint/handIndex_01_left_joint/handIndex_02_left_joint", "root_joint/pelvis_joint/spineLower_joint/spineMiddle_joint/spineUpper_joint/chest_joint/clavicle_left_joint/shoulder_left_joint/elbow_left_joint/handWrist_left_joint/handMiddleMeta_left_joint", "root_joint/pelvis_joint/spineLower_joint/spineMiddle_joint/spineUpper_joint/chest_joint/clavicle_left_joint/shoulder_left_joint/elbow_left_joint/handWrist_left_joint/handMiddleMeta_left_joint/handMiddle_00_left_joint", "root_joint/pelvis_joint/spineLower_joint/spineMiddle_joint/spineUpper_joint/chest_joint/clavicle_left_joint/shoulder_left_joint/elbow_left_joint/handWrist_left_joint/handMiddleMeta_left_joint/handMiddle_00_left_joint/handMiddle_01_left_joint", "root_joint/pelvis_joint/spineLower_joint/spineMiddle_joint/spineUpper_joint/chest_joint/clavicle_left_joint/shoulder_left_joint/elbow_left_joint/handWrist_left_joint/handMiddleMeta_left_joint/handMiddle_00_left_joint/handMiddle_01_left_joint/handMiddle_02_left_joint", "root_joint/pelvis_joint/spineLower_joint/spineMiddle_joint/spineUpper_joint/chest_joint/clavicle_left_joint/shoulder_left_joint/elbow_left_joint/handWrist_left_joint/handWrist_partial_left_joint", "root_joint/pelvis_joint/spineLower_joint/spineMiddle_joint/spineUpper_joint/chest_joint/clavicle_left_joint/shoulder_left_joint/elbow_left_joint/handWrist_left_joint/handPinkyMeta_left_joint", "root_joint/pelvis_joint/spineLower_joint/spineMiddle_joint/spineUpper_joint/chest_joint/clavicle_left_joint/shoulder_left_joint/elbow_left_joint/handWrist_left_joint/handPinkyMeta_left_joint/handPinky_00_left_joint", "root_joint/pelvis_joint/spineLower_joint/spineMiddle_joint/spineUpper_joint/chest_joint/clavicle_left_joint/shoulder_left_joint/elbow_left_joint/handWrist_left_joint/handPinkyMeta_left_joint/handPinky_00_left_joint/handPinky_01_left_joint", "root_joint/pelvis_joint/spineLower_joint/spineMiddle_joint/spineUpper_joint/chest_joint/clavicle_left_joint/shoulder_left_joint/elbow_left_joint/handWrist_left_joint/handPinkyMeta_left_joint/handPinky_00_left_joint/handPinky_01_left_joint/handPinky_02_left_joint", "root_joint/pelvis_joint/spineLower_joint/spineMiddle_joint/spineUpper_joint/chest_joint/clavicle_left_joint/shoulder_left_joint/elbow_left_joint/handWrist_left_joint/handRingMeta_left_joint", "root_joint/pelvis_joint/spineLower_joint/spineMiddle_joint/spineUpper_joint/chest_joint/clavicle_left_joint/shoulder_left_joint/elbow_left_joint/handWrist_left_joint/handRingMeta_left_joint/handRing_00_left_joint", "root_joint/pelvis_joint/spineLower_joint/spineMiddle_joint/spineUpper_joint/chest_joint/clavicle_left_joint/shoulder_left_joint/elbow_left_joint/handWrist_left_joint/handRingMeta_left_joint/handRing_00_left_joint/handRing_01_left_joint", "root_joint/pelvis_joint/spineLower_joint/spineMiddle_joint/spineUpper_joint/chest_joint/clavicle_left_joint/shoulder_left_joint/elbow_left_joint/handWrist_left_joint/handRingMeta_left_joint/handRing_00_left_joint/handRing_01_left_joint/handRing_02_left_joint", "root_joint/pelvis_joint/spineLower_joint/spineMiddle_joint/spineUpper_joint/chest_joint/clavicle_left_joint/shoulder_left_joint/elbow_left_joint/handWrist_left_joint/handThumbMeta_left_joint", "root_joint/pelvis_joint/spineLower_joint/spineMiddle_joint/spineUpper_joint/chest_joint/clavicle_left_joint/shoulder_left_joint/elbow_left_joint/handWrist_left_joint/handThumbMeta_left_joint/handThumb_00_left_joint", "root_joint/pelvis_joint/spineLower_joint/spineMiddle_joint/spineUpper_joint/chest_joint/clavicle_left_joint/shoulder_left_joint/elbow_left_joint/handWrist_left_joint/handThumbMeta_left_joint/handThumb_00_left_joint/handThumb_01_left_joint", "root_joint/pelvis_joint/spineLower_joint/spineMiddle_joint/spineUpper_joint/chest_joint/clavicle_left_joint/shoulder_left_joint/elbow_left_joint/handWrist_left_joint/handThumbMeta_left_joint/handThumb_00_left_joint/handThumb_01_left_joint/handThumb_02_left_joint", "root_joint/pelvis_joint/spineLower_joint/spineMiddle_joint/spineUpper_joint/chest_joint/clavicle_left_joint/shoulder_left_joint/elbow_left_joint/handWrist_left_joint/hand_l_socket", "root_joint/pelvis_joint/spineLower_joint/spineMiddle_joint/spineUpper_joint/chest_joint/clavicle_left_joint/shoulder_left_joint/armUpper_twist_01_left_joint", "root_joint/pelvis_joint/spineLower_joint/spineMiddle_joint/spineUpper_joint/chest_joint/clavicle_left_joint/shoulder_left_joint/armUpper_twist_02_left_joint", "root_joint/pelvis_joint/spineLower_joint/spineMiddle_joint/spineUpper_joint/chest_joint/clavicle_left_joint/shoulder_left_joint/armUpper_twist_03_left_joint", "root_joint/pelvis_joint/spineLower_joint/spineMiddle_joint/spineUpper_joint/chest_joint/neck_joint", "root_joint/pelvis_joint/spineLower_joint/spineMiddle_joint/spineUpper_joint/chest_joint/neck_joint/neck_twist_01_joint", "root_joint/pelvis_joint/spineLower_joint/spineMiddle_joint/spineUpper_joint/chest_joint/neck_joint/neck_twist_02_joint", "root_joint/pelvis_joint/spineLower_joint/spineMiddle_joint/spineUpper_joint/chest_joint/neck_joint/head_joint", "root_joint/pelvis_joint/spineLower_joint/spineMiddle_joint/spineUpper_joint/chest_joint/neck_joint/head_joint/head_tracker_target", "root_joint/pelvis_joint/spineLower_joint/spineMiddle_joint/spineUpper_joint/chest_joint/neck_joint/head_joint/eye_offset_right_joint", "root_joint/pelvis_joint/spineLower_joint/spineMiddle_joint/spineUpper_joint/chest_joint/neck_joint/head_joint/eye_offset_right_joint/eye_right_joint", "root_joint/pelvis_joint/spineLower_joint/spineMiddle_joint/spineUpper_joint/chest_joint/neck_joint/head_joint/eye_offset_left_joint", "root_joint/pelvis_joint/spineLower_joint/spineMiddle_joint/spineUpper_joint/chest_joint/neck_joint/head_joint/eye_offset_left_joint/eye_left_joint", "root_joint/pelvis_joint/spineLower_joint/spineMiddle_joint/spineUpper_joint/chest_joint/neck_joint/head_joint/head_socket", "root_joint/pelvis_joint/spineLower_joint/spineMiddle_joint/spineUpper_joint/chest_joint/clavicle_right_joint", "root_joint/pelvis_joint/spineLower_joint/spineMiddle_joint/spineUpper_joint/chest_joint/clavicle_right_joint/shoulder_right_joint", "root_joint/pelvis_joint/spineLower_joint/spineMiddle_joint/spineUpper_joint/chest_joint/clavicle_right_joint/shoulder_right_joint/elbow_right_joint", "root_joint/pelvis_joint/spineLower_joint/spineMiddle_joint/spineUpper_joint/chest_joint/clavicle_right_joint/shoulder_right_joint/elbow_right_joint/elbow_partial_right_joint", "root_joint/pelvis_joint/spineLower_joint/spineMiddle_joint/spineUpper_joint/chest_joint/clavicle_right_joint/shoulder_right_joint/elbow_right_joint/armLower_twist_01_right_joint", "root_joint/pelvis_joint/spineLower_joint/spineMiddle_joint/spineUpper_joint/chest_joint/clavicle_right_joint/shoulder_right_joint/elbow_right_joint/armLower_twist_02_right_joint", "root_joint/pelvis_joint/spineLower_joint/spineMiddle_joint/spineUpper_joint/chest_joint/clavicle_right_joint/shoulder_right_joint/elbow_right_joint/armLower_twist_03_right_joint", "root_joint/pelvis_joint/spineLower_joint/spineMiddle_joint/spineUpper_joint/chest_joint/clavicle_right_joint/shoulder_right_joint/elbow_right_joint/handWrist_right_joint", "root_joint/pelvis_joint/spineLower_joint/spineMiddle_joint/spineUpper_joint/chest_joint/clavicle_right_joint/shoulder_right_joint/elbow_right_joint/handWrist_right_joint/handIndexMeta_right_joint", "root_joint/pelvis_joint/spineLower_joint/spineMiddle_joint/spineUpper_joint/chest_joint/clavicle_right_joint/shoulder_right_joint/elbow_right_joint/handWrist_right_joint/handIndexMeta_right_joint/handIndex_00_right_joint", "root_joint/pelvis_joint/spineLower_joint/spineMiddle_joint/spineUpper_joint/chest_joint/clavicle_right_joint/shoulder_right_joint/elbow_right_joint/handWrist_right_joint/handIndexMeta_right_joint/handIndex_00_right_joint/handIndex_01_right_joint", "root_joint/pelvis_joint/spineLower_joint/spineMiddle_joint/spineUpper_joint/chest_joint/clavicle_right_joint/shoulder_right_joint/elbow_right_joint/handWrist_right_joint/handIndexMeta_right_joint/handIndex_00_right_joint/handIndex_01_right_joint/handIndex_02_right_joint", "root_joint/pelvis_joint/spineLower_joint/spineMiddle_joint/spineUpper_joint/chest_joint/clavicle_right_joint/shoulder_right_joint/elbow_right_joint/handWrist_right_joint/handMiddleMeta_right_joint", "root_joint/pelvis_joint/spineLower_joint/spineMiddle_joint/spineUpper_joint/chest_joint/clavicle_right_joint/shoulder_right_joint/elbow_right_joint/handWrist_right_joint/handMiddleMeta_right_joint/handMiddle_00_right_joint", "root_joint/pelvis_joint/spineLower_joint/spineMiddle_joint/spineUpper_joint/chest_joint/clavicle_right_joint/shoulder_right_joint/elbow_right_joint/handWrist_right_joint/handMiddleMeta_right_joint/handMiddle_00_right_joint/handMiddle_01_right_joint", "root_joint/pelvis_joint/spineLower_joint/spineMiddle_joint/spineUpper_joint/chest_joint/clavicle_right_joint/shoulder_right_joint/elbow_right_joint/handWrist_right_joint/handMiddleMeta_right_joint/handMiddle_00_right_joint/handMiddle_01_right_joint/handMiddle_02_right_joint", "root_joint/pelvis_joint/spineLower_joint/spineMiddle_joint/spineUpper_joint/chest_joint/clavicle_right_joint/shoulder_right_joint/elbow_right_joint/handWrist_right_joint/handWrist_partial_right_joint", "root_joint/pelvis_joint/spineLower_joint/spineMiddle_joint/spineUpper_joint/chest_joint/clavicle_right_joint/shoulder_right_joint/elbow_right_joint/handWrist_right_joint/handPinkyMeta_right_joint", "root_joint/pelvis_joint/spineLower_joint/spineMiddle_joint/spineUpper_joint/chest_joint/clavicle_right_joint/shoulder_right_joint/elbow_right_joint/handWrist_right_joint/handPinkyMeta_right_joint/handPinky_00_right_joint", "root_joint/pelvis_joint/spineLower_joint/spineMiddle_joint/spineUpper_joint/chest_joint/clavicle_right_joint/shoulder_right_joint/elbow_right_joint/handWrist_right_joint/handPinkyMeta_right_joint/handPinky_00_right_joint/handPinky_01_right_joint", "root_joint/pelvis_joint/spineLower_joint/spineMiddle_joint/spineUpper_joint/chest_joint/clavicle_right_joint/shoulder_right_joint/elbow_right_joint/handWrist_right_joint/handPinkyMeta_right_joint/handPinky_00_right_joint/handPinky_01_right_joint/handPinky_02_right_joint", "root_joint/pelvis_joint/spineLower_joint/spineMiddle_joint/spineUpper_joint/chest_joint/clavicle_right_joint/shoulder_right_joint/elbow_right_joint/handWrist_right_joint/handRingMeta_right_joint", "root_joint/pelvis_joint/spineLower_joint/spineMiddle_joint/spineUpper_joint/chest_joint/clavicle_right_joint/shoulder_right_joint/elbow_right_joint/handWrist_right_joint/handRingMeta_right_joint/handRing_00_right_joint", "root_joint/pelvis_joint/spineLower_joint/spineMiddle_joint/spineUpper_joint/chest_joint/clavicle_right_joint/shoulder_right_joint/elbow_right_joint/handWrist_right_joint/handRingMeta_right_joint/handRing_00_right_joint/handRing_01_right_joint", "root_joint/pelvis_joint/spineLower_joint/spineMiddle_joint/spineUpper_joint/chest_joint/clavicle_right_joint/shoulder_right_joint/elbow_right_joint/handWrist_right_joint/handRingMeta_right_joint/handRing_00_right_joint/handRing_01_right_joint/handRing_02_right_joint", "root_joint/pelvis_joint/spineLower_joint/spineMiddle_joint/spineUpper_joint/chest_joint/clavicle_right_joint/shoulder_right_joint/elbow_right_joint/handWrist_right_joint/handThumbMeta_right_joint", "root_joint/pelvis_joint/spineLower_joint/spineMiddle_joint/spineUpper_joint/chest_joint/clavicle_right_joint/shoulder_right_joint/elbow_right_joint/handWrist_right_joint/handThumbMeta_right_joint/handThumb_00_right_joint", "root_joint/pelvis_joint/spineLower_joint/spineMiddle_joint/spineUpper_joint/chest_joint/clavicle_right_joint/shoulder_right_joint/elbow_right_joint/handWrist_right_joint/handThumbMeta_right_joint/handThumb_00_right_joint/handThumb_01_right_joint", "root_joint/pelvis_joint/spineLower_joint/spineMiddle_joint/spineUpper_joint/chest_joint/clavicle_right_joint/shoulder_right_joint/elbow_right_joint/handWrist_right_joint/handThumbMeta_right_joint/handThumb_00_right_joint/handThumb_01_right_joint/handThumb_02_right_joint", "root_joint/pelvis_joint/spineLower_joint/spineMiddle_joint/spineUpper_joint/chest_joint/clavicle_right_joint/shoulder_right_joint/elbow_right_joint/handWrist_right_joint/hand_r_socket", "root_joint/pelvis_joint/spineLower_joint/spineMiddle_joint/spineUpper_joint/chest_joint/clavicle_right_joint/shoulder_right_joint/armUpper_twist_01_right_joint", "root_joint/pelvis_joint/spineLower_joint/spineMiddle_joint/spineUpper_joint/chest_joint/clavicle_right_joint/shoulder_right_joint/armUpper_twist_02_right_joint", "root_joint/pelvis_joint/spineLower_joint/spineMiddle_joint/spineUpper_joint/chest_joint/clavicle_right_joint/shoulder_right_joint/armUpper_twist_03_right_joint", "root_joint/pelvis_joint/spineLower_joint/spineMiddle_joint/spineUpper_joint/chest_joint/back_socket", "root_joint/pelvis_joint/hip_left_joint", "root_joint/pelvis_joint/hip_left_joint/knee_left_joint", "root_joint/pelvis_joint/hip_left_joint/knee_left_joint/footAnkle_left_joint", "root_joint/pelvis_joint/hip_left_joint/knee_left_joint/footAnkle_left_joint/footBall_left_joint", "root_joint/pelvis_joint/hip_left_joint/knee_left_joint/footAnkle_left_joint/footBall_left_joint/footToe_left_joint", "root_joint/pelvis_joint/hip_left_joint/knee_left_joint/footAnkle_left_joint/footAnkle_partial_left_joint", "root_joint/pelvis_joint/hip_left_joint/knee_left_joint/footAnkle_left_joint/foot_l_socket", "root_joint/pelvis_joint/hip_left_joint/knee_left_joint/knee_partial_left_joint", "root_joint/pelvis_joint/hip_left_joint/knee_left_joint/legLower_twist_01_left_joint", "root_joint/pelvis_joint/hip_left_joint/knee_left_joint/legLower_twist_02_left_joint", "root_joint/pelvis_joint/hip_left_joint/knee_left_joint/legLower_twist_03_left_joint", "root_joint/pelvis_joint/hip_left_joint/legUpper_twist_01_left_joint", "root_joint/pelvis_joint/hip_left_joint/legUpper_twist_02_left_joint", "root_joint/pelvis_joint/hip_left_joint/legUpper_twist_03_left_joint", "root_joint/pelvis_joint/hip_right_joint", "root_joint/pelvis_joint/hip_right_joint/knee_right_joint", "root_joint/pelvis_joint/hip_right_joint/knee_right_joint/footAnkle_right_joint", "root_joint/pelvis_joint/hip_right_joint/knee_right_joint/footAnkle_right_joint/footBall_right_joint", "root_joint/pelvis_joint/hip_right_joint/knee_right_joint/footAnkle_right_joint/footBall_right_joint/footToe_right_joint", "root_joint/pelvis_joint/hip_right_joint/knee_right_joint/footAnkle_right_joint/footAnkle_partial_right_joint", "root_joint/pelvis_joint/hip_right_joint/knee_right_joint/footAnkle_right_joint/foot_r_socket", "root_joint/pelvis_joint/hip_right_joint/knee_right_joint/knee_partial_right_joint", "root_joint/pelvis_joint/hip_right_joint/knee_right_joint/legLower_twist_01_right_joint", "root_joint/pelvis_joint/hip_right_joint/knee_right_joint/legLower_twist_02_right_joint", "root_joint/pelvis_joint/hip_right_joint/knee_right_joint/legLower_twist_03_right_joint", "root_joint/pelvis_joint/hip_right_joint/legUpper_twist_01_right_joint", "root_joint/pelvis_joint/hip_right_joint/legUpper_twist_02_right_joint", "root_joint/pelvis_joint/hip_right_joint/legUpper_twist_03_right_joint", "root_joint/pelvis_joint/hip_l_front_socket", "root_joint/pelvis_joint/hip_l_back_socket", "root_joint/pelvis_joint/hip_r_front_socket", "root_joint/pelvis_joint/hip_r_back_socket"]
        uniform matrix4d[] restTransforms = [( (1, 0, -0.000008855466148816049, 0), (0, 1, 0, 0), (0.000008855466148816049, 0, 1, 0), (-0.3672987222671509, 0, -5.4637885093688965, 1) ), ( (0.0000032782554626464844, 1, -0.000007867813110351562, 0), (-2.9802322387695312e-8, 0.000007867813110351562, 1, 0), (1, -0.000003248453140258789, 5.960464477539063e-8, 0), (-2.9802322387695312e-8, 86.12564849853516, 2.0699448585510254, 1) ), ( (0.9998707175254822, 0.016078097745776176, 0.0000012886108606835478, 0), (-0.016078097745776176, 0.9998707175254822, 1.3405168886038155e-7, 0), (-0.0000012862884659625706, -1.5475325199076906e-7, 1, 0), (1.9207000732421875, 2.384185791015625e-7, 2.9802322387695312e-8, 1) ), ( (0.9985297322273254, 0.054206740111112595, 0.0000022347135200107004, 0), (-0.054206736385822296, 0.9985297918319702, 0.000004053697466588346, 0), (-0.000002011691321968101, -0.0000041688736018841155, 1, 0), (7.631591796875, -4.76837158203125e-7, 0, 1) ), ( (0.9998185038566589, 0.01905708760023117, 0.000002369645017097355, 0), (-0.01905708946287632, 0.9998183846473694, 0.000016279047486023046, 0), (-0.000002058984819086618, -0.000016321251678164117, 1, 0), (5.4434356689453125, 0, 0, 1) ), ( (0.9999993443489075, 0.0010022136848419905, 0.0000010970036328217248, 0), (-0.0010022142669185996, 0.999999463558197, 0.000005588737167272484, 0), (-0.0000010913997812167509, -0.000005589830834651366, 1, 0), (10.32366943359375, 9.5367431640625e-7, 2.9802322387695312e-8, 1) ), ( (-0.1705096960067749, -0.2597329616546631, 0.9505078196525574, 0), (-0.03548400104045868, 0.9656268358230591, 0.25749897956848145, 0), (-0.9847168922424316, 0.0101782763376832, -0.17386510968208313, 0), (15.262245178222656, 0.9514913558959961, 6.366148471832275, 1) ), ( (0.9566006660461426, 0.2572011351585388, -0.13697713613510132, 0), (-0.2556479573249817, 0.9663313031196594, 0.029118724167346954, 0), (0.13985471427440643, 0.007162905298173428, 0.9901462197303772, 0), (24.45470428466797, 0.0000019073486328125, 0.00002288818359375, 1) ), ( (0.9999640583992004, -0.008468382060527802, 4.531075514790928e-9, 0), (0.008468428626656532, 0.9999641180038452, 4.2821788781566283e-8, 0), (-6.344076375341956e-9, -1.199846799693205e-8, 0.9999999403953552, 0), (38.395851135253906, -0.0000019073486328125, -0.0000152587890625, 1) ), ( (1, -9.234383924194844e-9, 9.344847029524317e-8, 0), (9.199722761366047e-9, 1, -3.1275469325464655e-8, 0), (-8.97691236900755e-8, 8.44705283498115e-9, 1, 0), (0, 0.0000057220458984375, -0.00000762939453125, 1) ), ( (1, -9.234383924194844e-9, 9.344847029524317e-8, 0), (9.199722761366047e-9, 1, -3.1275469325464655e-8, 0), (-8.97691236900755e-8, 8.44705283498115e-9, 1, 0), (13.921707153320312, 0.0000057220458984375, 0.00000762939453125, 1) ), ( (1, -9.234383924194844e-9, 9.344847029524317e-8, 0), (9.199722761366047e-9, 1, -3.1275469325464655e-8, 0), (-8.97691236900755e-8, 8.44705283498115e-9, 1, 0), (26.292572021484375, 0.0000057220458984375, 0.00000762939453125, 1) ), ( (1, -9.234383924194844e-9, 9.344847029524317e-8, 0), (9.199722761366047e-9, 1, -3.1275469325464655e-8, 0), (-8.97691236900755e-8, 8.44705283498115e-9, 1, 0), (35.06626892089844, 0.000003814697265625, 0, 1) ), ( (0.9991082549095154, -0.023667648434638977, -0.034972332417964935, 0), (0.03496253862977028, -0.0008279019384644926, 0.9993883967399597, 0), (-0.023682141676545143, -0.9997197389602661, 3.763043991966697e-7, 0), (35.06626892089844, 0.000003814697265625, 0, 1) ), ( (0.9791540503501892, 0.11641570180654526, -0.1664460152387619, 0), (-0.11924465745687485, 0.9928396344184875, -0.007070048246532679, 0), (0.16443106532096863, 0.026770461350679398, 0.9860250353813171, 0), (5.73046875, 1.3127365112304688, -2.4347000122070312, 1) ), ( (0.9646032452583313, -0.0010796578135341406, -0.26370418071746826, 0), (0.029430104419589043, 0.9941856265068054, 0.10358196496963501, 0), (0.2620590925216675, -0.10767631977796555, 0.9590262770652771, 0), (13.715110778808594, -1.10491943359375, 0.1677532196044922, 1) ), ( (0.9998797178268433, 0.006478955969214439, 0.014081052504479885, 0), (-0.005742529407143593, 0.9986445307731628, -0.051726117730140686, 0), (-0.014397202990949154, 0.05163903534412384, 0.9985619187355042, 0), (8.068809509277344, -0.0000152587890625, 0.0000152587890625, 1) ), ( (0.9880947470664978, -0.14311397075653076, 0.05645274370908737, 0), (0.1448572725057602, 0.9890544414520264, -0.02808057703077793, 0), (-0.051816120743751526, 0.03592390939593315, 0.9980102777481079, 0), (5.7725677490234375, 0.0000457763671875, -0.000030517578125, 1.0000001192092896) ), ( (0.9952194094657898, 0.09653497487306595, -0.01480272226035595, 0), (-0.09654586762189865, 0.9953284859657288, -0.000021930463844910264, 0), (0.01473144255578518, 0.001450959942303598, 0.9998903274536133, 0), (6.019744873046875, 0.9085235595703125, -0.4362335205078125, 1) ), ( (0.9977275133132935, 0.010527919977903366, 0.06654800474643707, 0), (-0.007394335698336363, 0.9988599419593811, -0.04716043174266815, 0), (-0.06696861237287521, 0.046561211347579956, 0.9966683983802795, 0), (13.23309326171875, -1.2464141845703125, 0.2747173309326172, 1.0000001192092896) ), ( (0.9999518990516663, -0.004317187238484621, 0.00881189201027155, 0), (0.004514025058597326, 0.9997382164001465, -0.022433435544371605, 0), (-0.008712726645171642, 0.022472120821475983, 0.9997089505195618, 0), (8.9114990234375, 0.0000152587890625, 0.000003814697265625, 0.9999998807907104) ), ( (0.9825886487960815, -0.18513940274715424, 0.01558692567050457, 0), (0.1857733428478241, 0.9802757501602173, -0.06743685901165009, 0), (-0.0027942927554249763, 0.06915827095508575, 0.9976021647453308, 0), (6.3196868896484375, 0, -1.1920928955078125e-7, 1) ), ( (0.9999998807907104, 0.000004635594905266771, -0.0000028443778319342528, 0), (-0.000004646789875550894, 1, -0.000022343774617183954, 0), (0.0000028445710995583795, 0.000022340904251905158, 0.9999998807907104, 0), (-0.1434783935546875, 0.19345855712890625, -0.016832351684570312, 1) ), ( (0.959937334060669, 0.09357523918151855, 0.264128178358078, 0), (0.02265385538339615, 0.9135924577713013, -0.4059995710849762, 0), (-0.2792970836162567, 0.39571771025657654, 0.8748716115951538, 0), (5.599479675292969, 1.7812271118164062, 3.8594417572021484, 1) ), ( (0.7798747420310974, -0.07151135802268982, 0.6218371987342834, 0), (-0.07618821412324905, 0.9752205014228821, 0.2077016532421112, 0), (-0.6212812662124634, -0.20935799181461334, 0.75510174036026, 0), (11.046867370605469, 0.0001983642578125, -0.000354766845703125, 1) ), ( (0.9959461092948914, -0.023761684074997902, 0.08676160871982574, 0), (0.0302219670265913, 0.9968061447143555, -0.07392261922359467, 0), (-0.0847281739115715, 0.07624505460262299, 0.993482768535614, 0), (6.8540802001953125, 0.0000152587890625, 0, 1) ), ( (0.9939923882484436, -0.048269711434841156, -0.09822484105825424, 0), (0.04839472472667694, 0.9988276362419128, -0.0011104809818789363, 0), (0.09816302359104156, -0.0036497365217655897, 0.99516361951828, 0), (5.099712371826172, -0.00002288818359375, 0.00000762939453125, 1) ), ( (0.9845123291015625, 0.1277550905942917, 0.12005751579999924, 0), (-0.12940284609794617, 0.9915738701820374, 0.005998087115585804, 0), (-0.1182795986533165, -0.02144099585711956, 0.9927487373352051, 0), (5.951225280761719, 1.1929092407226562, 1.600942611694336, 1) ), ( (0.9281356930732727, 0.021136611700057983, 0.3716409504413605, 0), (0.021604042500257492, 0.9936450719833374, -0.11046615242958069, 0), (-0.3716140389442444, 0.11055655777454376, 0.9217809438705444, 0), (12.241889953613281, -1.037506103515625, 0.2667984962463379, 1) ), ( (0.9999251961708069, 0.01107324380427599, 0.005225970409810543, 0), (-0.010696851648390293, 0.9976785182952881, -0.06725521385669708, 0), (-0.005958548281341791, 0.06719423830509186, 0.9977222084999084, 0), (8.248939514160156, -0.0000152587890625, 0.0000152587890625, 1) ), ( (0.997025728225708, -0.0505899116396904, -0.058138176798820496, 0), (0.050183411687612534, 0.9987044334411621, -0.008431479334831238, 0), (0.058489326387643814, 0.005488834343850613, 0.9982729554176331, 0), (6.155143737792969, 0, -0.0000152587890625, 1) ), ( (0.32694074511528015, 0.19863852858543396, -0.9239329695701599, 0), (0.5202139616012573, 0.7783803343772888, 0.3514275550842285, 0), (0.7889783978462219, -0.5955389738082886, 0.151149719953537, 0), (3.2348556518554688, 2.1388015747070312, -1.7813358306884766, 1) ), ( (0.9910553097724915, 0.12713319063186646, 0.04057746008038521, 0), (-0.11911872774362564, 0.7056407928466797, 0.6984850764274597, 0), (0.06016750633716583, -0.6970708966255188, 0.7144731283187866, 0), (7.541415214538574, 0.0000057220458984375, 0.0000152587890625, 1) ), ( (0.9898928999900818, -0.005675707012414932, 0.1417054980993271, 0), (0.030570095404982567, 0.9842488765716553, -0.17412663996219635, 0), (-0.1384851038455963, 0.1766987144947052, 0.9744739532470703, 0), (7.156209945678711, -0.00002288818359375, 0, 1) ), ( (0.9672619700431824, -0.20180846750736237, -0.1538729965686798, 0), (0.22396397590637207, 0.9639591574668884, 0.1436046063899994, 0), (0.11934683471918106, -0.17336557805538177, 0.9775993824005127, 0), (7.372016906738281, 0.000019073486328125, -0.000030517578125, 1) ), ( (0.9994544386863708, -0.0024344450794160366, -0.03292977437376976, 0), (0.0012249411083757877, -0.9938580989837646, 0.11065318435430527, 0), (-0.03299694508314133, -0.11063316464424133, -0.993313193321228, 0), (9.64678955078125, 8.731986999511719, -1.0982475280761719, 1) ), ( (1, 2.986269365123917e-8, -3.486019028997589e-9, 0), (4.877782444623335e-8, 1, 8.315744537412684e-9, 0), (2.3348846411863633e-8, 1.0218817791951551e-8, 0.9999999403953552, 0), (15.097949981689453, -0.0000019073486328125, 0, 1) ), ( (1, 2.986269365123917e-8, -3.486019028997589e-9, 0), (4.877782444623335e-8, 1, 8.315744537412684e-9, 0), (2.3348846411863633e-8, 1.0218817791951551e-8, 0.9999999403953552, 0), (26.31877899169922, 0, -0.0000152587890625, 1) ), ( (1, 2.986269365123917e-8, -3.486019028997589e-9, 0), (4.877782444623335e-8, 1, 8.315744537412684e-9, 0), (2.3348846411863633e-8, 1.0218817791951551e-8, 0.9999999403953552, 0), (38.395851135253906, -0.0000019073486328125, -0.0000152587890625, 1) ), ( (0.9671183228492737, 0.2543277442455292, 4.2555660684229224e-7, 0), (-0.2543276846408844, 0.9671181440353394, 5.4229957413554075e-8, 0), (-3.977725953063782e-7, -1.6067865260538383e-7, 1, 0), (19.34344482421875, -3.2161035537719727, 2.9802322387695312e-8, 1) ), ( (1, 1.3218041772233846e-8, -5.4235794522128344e-8, 0), (-2.797576925672729e-8, 1.0000001192092896, 2.6285789544999716e-7, 0), (5.423701310292017e-8, -2.6286022603017045e-7, 1, 0), (11.152603149414062, -0.000003814697265625, 0, 1) ), ( (1, 1.3218041772233846e-8, -5.4235794522128344e-8, 0), (-2.797576925672729e-8, 1.0000001192092896, 0.0000018203929812443675, 0), (5.423851234809263e-8, -0.0000018203945728600956, 1, 0), (17.516586303710938, 0, 2.9802322387695312e-8, 1) ), ( (0.9720308780670166, -0.23485291004180908, -2.7900851407025584e-8, 0), (0.23485279083251953, 0.9720310568809509, 3.2658700632737236e-8, 0), (1.945289618277002e-8, -3.830119510439545e-8, 1, 0), (17.516586303710938, 0, 2.9802322387695312e-8, 1) ), ( (-0.001704696100205183, -0.07132770121097565, 0.9974507689476013, 0), (0.9997133612632751, -0.02390415407717228, -2.6822141308002756e-7, 0), (0.02384386584162712, 0.9971655011177063, 0.07134867459535599, 0), (10.850494384765625, 11.217137336730957, -2.9802322387695312e-8, 1) ), ( (-7.297024651187201e-10, 0.06986052542924881, 0.9975571036338806, 0), (0.9997272491455078, -0.023301802575588226, 0.001631587860174477, 0), (0.02335859090089798, 0.9972846508026123, -0.06984186172485352, 0), (10.85052490234375, 11.217134475708008, -6.125410079956055, 1) ), ( (1, 4.8820441023167405e-9, 1.1267317745478067e-8, 0), (-1.0100298375448347e-10, 1.0000001192092896, 4.252167506990645e-9, 0), (-6.517817396911596e-9, -1.3254739528179016e-8, 1.0000001192092896, 0), (0, -0.0000152587890625, 0.0000019073486328125, 1) ), ( (-2.4307516355293046e-7, -0.06986259669065475, 0.9975565075874329, 0), (0.9997270703315735, -0.023301314562559128, -0.0016315876273438334, 0), (0.023358328267931938, 0.9972842335700989, 0.06984353065490723, 0), (10.850509643554688, 11.217138290405273, 6.12523889541626, 1) ), ( (1.0000001192092896, 4.172767908983133e-9, -1.287501838476146e-8, 0), (7.533299539730365e-10, 1.0000001192092896, -9.554903535047288e-9, 0), (-7.717603445200893e-9, -3.27622995399679e-9, 1.0000001192092896, 0), (4.76837158203125e-7, 0.0000152587890625, -0.0000025033950805664062, 1) ), ( (0.000008373194759769831, -2.6305221112465915e-8, 1, 0), (0.9939063787460327, -0.11022547632455826, -0.000008354878445970826, 0), (0.11022552847862244, 0.9939063787460327, -9.265640983358026e-7, 0), (29.928436279296875, 0.00000286102294921875, -5.960464477539063e-8, 1) ), ( (0.1705097258090973, 0.2597329318523407, 0.9505077600479126, 0), (0.035484082996845245, -0.9656265377998352, 0.2574988007545471, 0), (0.9847168326377869, -0.010178126394748688, -0.1738646924495697, 0), (15.261848449707031, 0.9514904022216797, -6.366155624389648, 1) ), ( (0.9566007256507874, 0.2572011351585388, -0.1369771957397461, 0), (-0.2556477189064026, 0.9663311839103699, 0.02911870740354061, 0), (0.13985463976860046, 0.007162912283092737, 0.9901461601257324, 0), (-24.454612731933594, 0.000011444091796875, 0.00019073486328125, 1) ), ( (0.9999641180038452, -0.00846838392317295, 2.3562384043884776e-8, 0), (0.008468342944979668, 0.9999644756317139, -1.7729657741938354e-9, 0), (-4.520875673819091e-9, -2.2405025390526134e-8, 1, 0), (-38.39537048339844, 0.00003814697265625, 0.00066375732421875, 1) ), ( (1, -2.9097064313532428e-8, 1.0330091981813894e-7, 0), (6.738012814366812e-8, 0.9999998807907104, 3.631811651416683e-8, 0), (-1.0388979632125483e-7, -1.55371129295645e-8, 1, 0), (0.000019073486328125, -0.0000057220458984375, -0.0000152587890625, 1) ), ( (1, -2.9097064313532428e-8, 1.0330091981813894e-7, 0), (6.738012814366812e-8, 0.9999998807907104, 3.631811651416683e-8, 0), (-1.0388979632125483e-7, -1.55371129295645e-8, 1, 0), (-13.922264099121094, 0.0000133514404296875, -0.00057220458984375, 1) ), ( (1, -2.9097064313532428e-8, 1.0330091981813894e-7, 0), (6.738012814366812e-8, 0.9999998807907104, 3.631811651416683e-8, 0), (-1.0388979632125483e-7, -1.55371129295645e-8, 1, 0), (-26.292396545410156, -0.0000171661376953125, 0.00006103515625, 1) ), ( (1, -2.9097064313532428e-8, 1.0330091981813894e-7, 0), (6.738012814366812e-8, 0.9999998807907104, 3.631811651416683e-8, 0), (-1.0388979632125483e-7, -1.55371129295645e-8, 1, 0), (-35.066246032714844, -0.0000133514404296875, -0.00014495849609375, 1) ), ( (0.9991081357002258, -0.023667611181735992, -0.03497232869267464, 0), (0.03496253862977028, -0.0008278973400592804, 0.9993883967399597, 0), (-0.02368214540183544, -0.9997194409370422, 3.425653574140597e-7, 0), (-35.066246032714844, -0.0000133514404296875, -0.00014495849609375, 1) ), ( (0.979154109954834, 0.11641573160886765, -0.16644597053527832, 0), (-0.11924465000629425, 0.9928397536277771, -0.007070058491080999, 0), (0.1644311398267746, 0.02677048370242119, 0.9860252141952515, 0), (-5.730781555175781, -1.3131027221679688, 2.434689521789551, 1) ), ( (0.9646032452583313, -0.0010796537389978766, -0.26370418071746826, 0), (0.029430067166686058, 0.9941855669021606, 0.10358195006847382, 0), (0.2620590925216675, -0.10767634958028793, 0.959026038646698, 0), (-13.715156555175781, 1.1048736572265625, -0.16776657104492188, 1) ), ( (0.9998795390129089, 0.0064789606258273125, 0.014081045985221863, 0), (-0.005742509383708239, 0.9986443519592285, -0.05172611400485039, 0), (-0.014397225342690945, 0.051639121025800705, 0.9985619783401489, 0), (-8.068778991699219, 0.00008392333984375, 0.00000762939453125, 0.9999998807907104) ), ( (0.9880948066711426, -0.14311404526233673, 0.056452780961990356, 0), (0.1448572725057602, 0.9890543818473816, -0.028080549091100693, 0), (-0.05181606486439705, 0.0359237976372242, 0.9980100393295288, 0), (-5.77264404296875, -0.0000762939453125, -0.000011444091796875, 1) ), ( (0.9952194690704346, 0.09653497487306595, -0.014802675694227219, 0), (-0.09654588252305984, 0.995328426361084, -0.000021923118765698746, 0), (0.014731470495462418, 0.0014509818283841014, 0.9998903870582581, 0), (-6.0201568603515625, -0.9088134765625, 0.4362144470214844, 1) ), ( (0.997727632522583, 0.010527940467000008, 0.06654797494411469, 0), (-0.007394245360046625, 0.9988603591918945, -0.047160472720861435, 0), (-0.0669686570763588, 0.046561188995838165, 0.9966683387756348, 0), (-13.233055114746094, 1.2464141845703125, -0.2747173309326172, 1.0000001192092896) ), ( (0.999951958656311, -0.004317215643823147, 0.008811869658529758, 0), (0.004513907711952925, 0.999737560749054, -0.022433409467339516, 0), (-0.008712704293429852, 0.022472137585282326, 0.9997091889381409, 0), (-8.91143798828125, -0.0000457763671875, -9.5367431640625e-7, 0.9999998807907104) ), ( (0.9825886487960815, -0.1851394772529602, 0.015586930327117443, 0), (0.18577340245246887, 0.9802761673927307, -0.0674368366599083, 0), (-0.0027942885644733906, 0.06915830820798874, 0.9976018071174622, 0), (-6.319740295410156, -0.0000152587890625, 0.0000020265579223632812, 1) ), ( (0.9999999403953552, -2.2424164569656568e-7, 2.246515862225351e-8, 0), (2.4311972879331734e-7, 1, 0.000022932996216695756, 0), (8.230152559463022e-9, -0.000022937385438126512, 0.9999999403953552, 0), (0.14349365234375, -0.1934661865234375, 0.016824722290039062, 1) ), ( (0.9599373936653137, 0.09357524663209915, 0.2641282379627228, 0), (0.022653842344880104, 0.9135923981666565, -0.4059995710849762, 0), (-0.2792970538139343, 0.3957177400588989, 0.8748718500137329, 0), (-5.599815368652344, -1.78155517578125, -3.8594532012939453, 1) ), ( (0.779874861240387, -0.07151137292385101, 0.6218370199203491, 0), (-0.07618824392557144, 0.975220799446106, 0.2077016681432724, 0), (-0.6212814450263977, -0.20935797691345215, 0.7551015019416809, 0), (-11.046897888183594, -0.00014495849609375, 0.000392913818359375, 1) ), ( (0.9959456324577332, -0.023761596530675888, 0.08676175028085709, 0), (0.03022187389433384, 0.9968056678771973, -0.07392267137765884, 0), (-0.08472802489995956, 0.07624503970146179, 0.9934830069541931, 0), (-6.854122161865234, -0.000030517578125, -0.0000152587890625, 1) ), ( (0.9939929842948914, -0.04826974496245384, -0.09822447597980499, 0), (0.04839479178190231, 0.9988278746604919, -0.001110413228161633, 0), (0.0981631800532341, -0.0036497374530881643, 0.9951633214950562, 0), (-5.099632263183594, -0.00008392333984375, -0.00002288818359375, 1) ), ( (0.984512448310852, 0.1277550905942917, 0.1200575903058052, 0), (-0.12940289080142975, 0.9915737509727478, 0.005998105742037296, 0), (-0.11827963590621948, -0.02144099771976471, 0.9927486777305603, 0), (-5.951629638671875, -1.1932754516601562, -1.6009597778320312, 1) ), ( (0.9281357526779175, 0.021136652678251266, 0.3716410994529724, 0), (0.021604131907224655, 0.9936453700065613, -0.11046621948480606, 0), (-0.3716139793395996, 0.11055658757686615, 0.9217811226844788, 0), (-12.241851806640625, 1.0374298095703125, -0.2668027877807617, 1) ), ( (0.9999251365661621, 0.011073200032114983, 0.005225806962698698, 0), (-0.010696875862777233, 0.9976780414581299, -0.0672551766037941, 0), (-0.005958911497145891, 0.06719424575567245, 0.9977222681045532, 0), (-8.248947143554688, 0.000030517578125, 0.000019073486328125, 0.9999999403953552) ), ( (0.9970256686210632, -0.050589919090270996, -0.058138180524110794, 0), (0.05018337815999985, 0.998704731464386, -0.008431430906057358, 0), (0.05848997086286545, 0.005488784518092871, 0.9982728958129883, 0), (-6.1550750732421875, 0.0000152587890625, -0.000026702880859375, 1.0000001192092896) ), ( (0.32694071531295776, 0.19863854348659515, -0.9239330887794495, 0), (0.5202140808105469, 0.7783804535865784, 0.35142752528190613, 0), (0.7889783978462219, -0.5955389738082886, 0.15114977955818176, 0), (-3.2352142333984375, -2.13909912109375, 1.781315803527832, 1) ), ( (0.9910553097724915, 0.12713322043418884, 0.040577538311481476, 0), (-0.11911880224943161, 0.7056407928466797, 0.6984853148460388, 0), (0.06016770005226135, -0.6970707178115845, 0.7144731283187866, 0), (-7.541464805603027, -0.0000858306884765625, 0.0001068115234375, 1) ), ( (0.9898926019668579, -0.00567579036578536, 0.14170554280281067, 0), (0.030570166185498238, 0.9842485785484314, -0.17412681877613068, 0), (-0.13848522305488586, 0.17669866979122162, 0.9744741916656494, 0), (-7.156210899353027, -0.00002288818359375, -0.000030517578125, 1) ), ( (0.9672622680664062, -0.20180825889110565, -0.15387308597564697, 0), (0.22396400570869446, 0.9639591574668884, 0.14360469579696655, 0), (0.11934681981801987, -0.17336560785770416, 0.9775991439819336, 0), (-7.372051239013672, -0.000049591064453125, -0.000091552734375, 1) ), ( (0.999457061290741, -0.002410835586488247, -0.03286151587963104, 0), (-0.0012412824435159564, 0.9938582181930542, -0.11065281927585602, 0), (0.032926447689533234, 0.11063344031572342, 0.9933158755302429, 0), (-9.646804809570312, -8.748970031738281, 1.1001043319702148, 1) ), ( (0.9999999403953552, 2.842839741390435e-8, 1.5367918493325305e-8, 0), (-3.6483111642837684e-8, 1.0000001192092896, -3.865800124458474e-9, 0), (1.0308402131897765e-8, -7.593492057367257e-9, 1, 0), (-15.09733772277832, 0.0000286102294921875, 0.00055694580078125, 1) ), ( (0.9999999403953552, 2.842839741390435e-8, 1.5367918493325305e-8, 0), (-3.6483111642837684e-8, 1.0000001192092896, -3.865800124458474e-9, 0), (1.0308402131897765e-8, -7.593492057367257e-9, 1, 0), (-26.318849563598633, 0.0000057220458984375, 0.00008392333984375, 1) ), ( (0.9999999403953552, 2.842839741390435e-8, 1.5367918493325305e-8, 0), (-3.6483111642837684e-8, 1.0000001192092896, -3.865800124458474e-9, 0), (1.0308402131897765e-8, -7.593492057367257e-9, 1, 0), (-38.39537048339844, 0.00003814697265625, 0.00066375732421875, 1) ), ( (0.000008004987648746464, -2.696755707631837e-8, 1, 0), (0.995919942855835, -0.09024176746606827, -0.00000800455927674193, 0), (0.09024176746606827, 0.995919942855835, -7.253074727486819e-7, 0), (0, -31.884124755859375, -5.960464477539063e-8, 1) ), ( (-0.9987308979034424, 0.050245627760887146, 0.0034862409811466932, 0), (-0.05024532228708267, -0.9987369775772095, 0.0001753898977767676, 0), (0.0034906500950455666, 0, 0.9999939203262329, 0), (-13.126014709472656, -1.7974777221679688, 27.037343978881836, 1) ), ( (0.9977555871009827, 0.06696152687072754, 1.781280900559068e-9, 0), (-0.06696152687072754, 0.9977555871009827, -1.92168961299366e-10, 0), (-1.4935933601023521e-9, 8.244398219670046e-11, 1, 0), (34.90424346923828, -0.0000010728836059570312, 0.000003814697265625, 1) ), ( (0.994406521320343, -0.0608796551823616, 0.0863087996840477, 0), (-0.07637845724821091, -0.9789049625396729, 0.18950381875038147, 0), (0.07295118272304535, -0.19503597915172577, -0.9780793190002441, 0), (25.749338150024414, 0.00000286102294921875, -0.0000095367431640625, 1) ), ( (0.0000030376329505088506, 0.9999998807907104, -0.0000010651904176484095, 0), (1, -0.0000029827917842339957, -4.856179014467443e-9, 0), (1.1752764095263046e-8, -0.000001026361701406131, -1.0000001192092896, 0), (10.017200469970703, 22.138139724731445, -0.00000762939453125, 1) ), ( (1.0000001192092896, -5.504158462343867e-9, 0.00000105740730305115, 0), (5.248343981634207e-9, 1.0000001192092896, -3.1759304874867667e-7, 0), (-0.0000010587482393020764, 2.991145606756618e-7, 0.9999999403953552, 0), (7.115884780883789, -0.000004246830940246582, -0.0000019073486328125, 1) ), ( (0.9999972581863403, -0.002344082109630108, 0.000002376861402808572, 0), (0.002344083972275257, 0.9999971985816956, 4.0241653209704964e-7, 0), (-0.0000023923805656522745, -4.1852175058920693e-7, 1.0000001192092896, 0), (-0.0000152587890625, 2.384185791015625e-7, -0.0000057220458984375, 1) ), ( (0.07758687436580658, -0.03510712832212448, -0.9963675141334534, 0), (-0.9949790835380554, 0.06064506620168686, -0.07961558550596237, 0), (0.06321986019611359, 0.9975414872169495, -0.030225718393921852, 0), (13.045372009277344, 10.579217910766602, 0.6430721282958984, 1) ), ( (0.9999957084655762, -0.00292377476580441, -0.0000012612607633855077, 0), (0.00292377476580441, 0.9999957084655762, 6.379862043104367e-7, 0), (0.0000012588482150022173, -6.416806854758761e-7, 0.9999999403953552, 0), (-0.00086212158203125, 0.000010013580322265625, 0.00000762939453125, 1) ), ( (0.9999999403953552, 6.740368263535856e-10, -0.000001537924731564999, 0), (-9.497057362750638e-8, 0.9980207085609436, -0.06288543343544006, 0), (0.0000015347685575761716, 0.06288544088602066, 0.9980207085609436, 0), (12.43941879272461, 0.04093313217163086, 0.0509033203125, 1) ), ( (0.9999999403953552, 6.740368263535856e-10, -0.000004035731762996875, 0), (-5.004235958949721e-7, 0.9920907616615295, -0.12552191317081451, 0), (0.000004003863068646751, 0.1255219578742981, 0.9920907616615295, 0), (19.09437370300293, 0.04093503952026367, 0.050907135009765625, 1) ), ( (0.9999999403953552, 2.5366819755845427e-9, -0.000004818042725673877, 0), (-9.134510605690593e-7, 0.9818741083145142, -0.18953420221805573, 0), (0.0000047311082198575605, 0.18953418731689453, 0.9818740487098694, 0), (25.749338150024414, 0.0409393310546875, 0.0509033203125, 1) ), ( (1, -3.1003966061149413e-9, -0.0000011498960930111934, 0), (2.075382310451346e-9, 1, 4.265326936092606e-7, 0), (0.0000011501556400617119, -4.265184827545454e-7, 1, 0), (4.6072998046875, -0.04529309272766113, 0.101837158203125, 1) ), ( (0.9999999403953552, -3.1003966061149413e-9, -0.0000029997356705280254, 0), (2.075382310451346e-9, 1, 1.509255177431501e-12, 0), (0.0000029999782782397233, 1.2095430559910803e-11, 1, 0), (16.629146575927734, -0.045293211936950684, 0.10184097290039062, 1) ), ( (0.9999999403953552, -3.1003966061149413e-9, -0.000002689838083824725, 0), (2.075382310451346e-9, 1, 0.0000012723172631012858, 0), (0.0000026900665943685453, -0.0000012722925930575002, 1, 0), (32.311275482177734, -0.022652268409729004, 0.05091667175292969, 1) ), ( (0.9987307786941528, -0.05024562403559685, 0.0034862414468079805, 0), (0.05024532228708267, 0.9987369179725647, 0.0001753898977767676, 0), (-0.0034906500950455666, -9.094947017729282e-13, 0.9999939203262329, 0), (-13.12603759765625, -1.7974777221679688, -27.037338256835938, 1) ), ( (0.9977555871009827, 0.06696152687072754, 1.109028202606055e-9, 0), (-0.06696152687072754, 0.9977555871009827, -1.3332175641256327e-10, 0), (-1.3873205917391829e-9, 7.736646739919806e-11, 1, 0), (-34.90424728393555, 8.344650268554688e-7, -0.0000095367431640625, 1) ), ( (0.9944066405296326, -0.0608796663582325, 0.0863087996840477, 0), (-0.0763784721493721, -0.9789050817489624, 0.18950386345386505, 0), (0.07295118272304535, -0.19503599405288696, -0.9780794382095337, 0), (-25.749298095703125, -0.000003337860107421875, 0.0000057220458984375, 1) ), ( (0.0000030427770525420783, 0.9999997615814209, -0.0000010246602641927893, 0), (0.9999998807907104, -0.0000029848113172192825, 6.942337815729616e-10, 0), (6.701680987930558e-9, -0.0000010216054988632095, -1, 0), (-10.017195701599121, -22.138132095336914, 0.00000762939453125, 1) ), ( (1, -8.531448880688686e-10, 1.4988605911980812e-9, 0), (5.756360721420606e-9, 0.9999999403953552, 3.555752812189894e-7, 0), (-1.3272538623709806e-9, -3.5170469914191926e-7, 0.9999998807907104, 0), (-7.1157989501953125, -0.000037597957998514175, 0.0000133514404296875, 1) ), ( (0.9999971389770508, -0.002344083972275257, 0.0000023767468064761488, 0), (0.002344089327380061, 0.999997079372406, 4.4120275788372965e-7, 0), (-0.000002394782541159657, -4.083818510025594e-7, 1, 0), (0.0000152587890625, 7.152557373046875e-7, -0.0000019073486328125, 1) ), ( (0.07759297639131546, -0.03511017933487892, -0.9963663220405579, 0), (0.9949784874916077, -0.06064629927277565, 0.07962197065353394, 0), (-0.0632215067744255, -0.9975411295890808, 0.03022819198668003, 0), (-13.026542663574219, -10.580352783203125, -0.6416244506835938, 1) ), ( (0.9999958276748657, -0.0029237777926027775, -0.0000012613822946150322, 0), (0.002923776628449559, 0.9999958276748657, 6.383521053976438e-7, 0), (0.000001258815245819278, -6.420665386031033e-7, 1, 0), (0.0008544921875, -0.000010013580322265625, -0.0000057220458984375, 1) ), ( (1.0000001192092896, -1.91183291420316e-9, 2.5077331322620466e-9, 0), (6.938670971123884e-9, 0.9980208873748779, -0.06288544088602066, 0), (-2.384555219947515e-9, 0.06288544833660126, 0.9980208277702332, 0), (-12.439374923706055, -0.04093360900878906, -0.050907135009765625, 1) ), ( (1.0000001192092896, -9.36137034557305e-9, -5.3338410077596876e-11, 0), (1.1105101727082456e-8, 0.9920910000801086, -0.1255219727754593, 0), (8.422667008289864e-10, 0.1255219578742981, 0.9920908808708191, 0), (-19.09432601928711, -0.04093599319458008, -0.0509033203125, 1) ), ( (1.0000001192092896, -9.36137034557305e-9, 2.5077986354204995e-9, 0), (1.0563834251797743e-8, 0.9818742275238037, -0.1895342469215393, 0), (-1.9329311484739264e-9, 0.1895342469215393, 0.9818741679191589, 0), (-25.749313354492188, -0.0409393310546875, -0.05090141296386719, 1) ), ( (0.9999999403953552, -2.295135193008946e-9, -3.393862135769865e-10, 0), (1.434862006988169e-9, 1, 4.2669995536925853e-7, 0), (3.817636831660032e-11, -4.266991595613945e-7, 1, 0), (-4.607353210449219, 0.04529273509979248, -0.101837158203125, 1) ), ( (0.9999999403953552, -2.295135193008946e-9, -3.393862135769865e-10, 0), (-2.290428291473745e-9, 1, -5.851484227714643e-12, 0), (1.5076877246666953e-11, 4.787305100950601e-12, 1, 0), (-16.629196166992188, 0.04529297351837158, -0.10183906555175781, 1) ), ( (0.9999999403953552, -2.295135193008946e-9, -3.393862135769865e-10, 0), (1.434862006988169e-9, 1, 0.000001272368194804585, 0), (-7.183029171464739e-11, -0.0000012723688769256114, 1, 0), (-32.31128692626953, 0.022652149200439453, -0.05092430114746094, 1) ), ( (0.0000032483840186614543, 0.000008795886969892308, 1, 0), (1, 0.000007867813110351562, -0.000003278255235272809, 0), (-0.00000786784221418202, 1, -0.000008825638360576704, 0), (0, 33.700443267822266, 31.083375930786133, 1) ), ( (0.0000032483840186614543, 0.000008795886969892308, 1, 0), (1, 0.000007867813110351562, -0.000003278255235272809, 0), (-0.00000786784221418202, 1, -0.000008825638360576704, 0), (0, -32.321224212646484, 18.294334411621094, 1) ), ( (0.0000032483840186614543, 0.000008795886969892308, 1, 0), (1, 0.000007867813110351562, -0.000003278255235272809, 0), (-0.00000786784221418202, 1, -0.000008825638360576704, 0), (0, 33.82513427734375, -31.198383331298828, 1) ), ( (0.0000032483840186614543, 0.000008795886969892308, 1, 0), (1, 0.000007867813110351562, -0.000003278255235272809, 0), (-0.00000786784221418202, 1, -0.000008825638360576704, 0), (-0.0000152587890625, -32.47651672363281, -18.382225036621094, 1) )]
        rel skel:animationSource = </SkelRoot/Skeleton/Animation>

        def SkelAnimation "Animation"
        {
            uniform token[] joints = ["root_joint", "root_joint/pelvis_joint", "root_joint/pelvis_joint/spineLower_joint", "root_joint/pelvis_joint/spineLower_joint/spineMiddle_joint", "root_joint/pelvis_joint/spineLower_joint/spineMiddle_joint/spineUpper_joint", "root_joint/pelvis_joint/spineLower_joint/spineMiddle_joint/spineUpper_joint/chest_joint", "root_joint/pelvis_joint/spineLower_joint/spineMiddle_joint/spineUpper_joint/chest_joint/clavicle_left_joint", "root_joint/pelvis_joint/spineLower_joint/spineMiddle_joint/spineUpper_joint/chest_joint/clavicle_left_joint/shoulder_left_joint", "root_joint/pelvis_joint/spineLower_joint/spineMiddle_joint/spineUpper_joint/chest_joint/clavicle_left_joint/shoulder_left_joint/elbow_left_joint", "root_joint/pelvis_joint/spineLower_joint/spineMiddle_joint/spineUpper_joint/chest_joint/clavicle_left_joint/shoulder_left_joint/elbow_left_joint/elbow_partial_left_joint", "root_joint/pelvis_joint/spineLower_joint/spineMiddle_joint/spineUpper_joint/chest_joint/clavicle_left_joint/shoulder_left_joint/elbow_left_joint/armLower_twist_01_left_joint", "root_joint/pelvis_joint/spineLower_joint/spineMiddle_joint/spineUpper_joint/chest_joint/clavicle_left_joint/shoulder_left_joint/elbow_left_joint/armLower_twist_02_left_joint", "root_joint/pelvis_joint/spineLower_joint/spineMiddle_joint/spineUpper_joint/chest_joint/clavicle_left_joint/shoulder_left_joint/elbow_left_joint/armLower_twist_03_left_joint", "root_joint/pelvis_joint/spineLower_joint/spineMiddle_joint/spineUpper_joint/chest_joint/clavicle_left_joint/shoulder_left_joint/elbow_left_joint/handWrist_left_joint", "root_joint/pelvis_joint/spineLower_joint/spineMiddle_joint/spineUpper_joint/chest_joint/clavicle_left_joint/shoulder_left_joint/elbow_left_joint/handWrist_left_joint/handIndexMeta_left_joint", "root_joint/pelvis_joint/spineLower_joint/spineMiddle_joint/spineUpper_joint/chest_joint/clavicle_left_joint/shoulder_left_joint/elbow_left_joint/handWrist_left_joint/handIndexMeta_left_joint/handIndex_00_left_joint", "root_joint/pelvis_joint/spineLower_joint/spineMiddle_joint/spineUpper_joint/chest_joint/clavicle_left_joint/shoulder_left_joint/elbow_left_joint/handWrist_left_joint/handIndexMeta_left_joint/handIndex_00_left_joint/handIndex_01_left_joint", "root_joint/pelvis_joint/spineLower_joint/spineMiddle_joint/spineUpper_joint/chest_joint/clavicle_left_joint/shoulder_left_joint/elbow_left_joint/handWrist_left_joint/handIndexMeta_left_joint/handIndex_00_left_joint/handIndex_01_left_joint/handIndex_02_left_joint", "root_joint/pelvis_joint/spineLower_joint/spineMiddle_joint/spineUpper_joint/chest_joint/clavicle_left_joint/shoulder_left_joint/elbow_left_joint/handWrist_left_joint/handMiddleMeta_left_joint", "root_joint/pelvis_joint/spineLower_joint/spineMiddle_joint/spineUpper_joint/chest_joint/clavicle_left_joint/shoulder_left_joint/elbow_left_joint/handWrist_left_joint/handMiddleMeta_left_joint/handMiddle_00_left_joint", "root_joint/pelvis_joint/spineLower_joint/spineMiddle_joint/spineUpper_joint/chest_joint/clavicle_left_joint/shoulder_left_joint/elbow_left_joint/handWrist_left_joint/handMiddleMeta_left_joint/handMiddle_00_left_joint/handMiddle_01_left_joint", "root_joint/pelvis_joint/spineLower_joint/spineMiddle_joint/spineUpper_joint/chest_joint/clavicle_left_joint/shoulder_left_joint/elbow_left_joint/handWrist_left_joint/handMiddleMeta_left_joint/handMiddle_00_left_joint/handMiddle_01_left_joint/handMiddle_02_left_joint", "root_joint/pelvis_joint/spineLower_joint/spineMiddle_joint/spineUpper_joint/chest_joint/clavicle_left_joint/shoulder_left_joint/elbow_left_joint/handWrist_left_joint/handWrist_partial_left_joint", "root_joint/pelvis_joint/spineLower_joint/spineMiddle_joint/spineUpper_joint/chest_joint/clavicle_left_joint/shoulder_left_joint/elbow_left_joint/handWrist_left_joint/handPinkyMeta_left_joint", "root_joint/pelvis_joint/spineLower_joint/spineMiddle_joint/spineUpper_joint/chest_joint/clavicle_left_joint/shoulder_left_joint/elbow_left_joint/handWrist_left_joint/handPinkyMeta_left_joint/handPinky_00_left_joint", "root_joint/pelvis_joint/spineLower_joint/spineMiddle_joint/spineUpper_joint/chest_joint/clavicle_left_joint/shoulder_left_joint/elbow_left_joint/handWrist_left_joint/handPinkyMeta_left_joint/handPinky_00_left_joint/handPinky_01_left_joint", "root_joint/pelvis_joint/spineLower_joint/spineMiddle_joint/spineUpper_joint/chest_joint/clavicle_left_joint/shoulder_left_joint/elbow_left_joint/handWrist_left_joint/handPinkyMeta_left_joint/handPinky_00_left_joint/handPinky_01_left_joint/handPinky_02_left_joint", "root_joint/pelvis_joint/spineLower_joint/spineMiddle_joint/spineUpper_joint/chest_joint/clavicle_left_joint/shoulder_left_joint/elbow_left_joint/handWrist_left_joint/handRingMeta_left_joint", "root_joint/pelvis_joint/spineLower_joint/spineMiddle_joint/spineUpper_joint/chest_joint/clavicle_left_joint/shoulder_left_joint/elbow_left_joint/handWrist_left_joint/handRingMeta_left_joint/handRing_00_left_joint", "root_joint/pelvis_joint/spineLower_joint/spineMiddle_joint/spineUpper_joint/chest_joint/clavicle_left_joint/shoulder_left_joint/elbow_left_joint/handWrist_left_joint/handRingMeta_left_joint/handRing_00_left_joint/handRing_01_left_joint", "root_joint/pelvis_joint/spineLower_joint/spineMiddle_joint/spineUpper_joint/chest_joint/clavicle_left_joint/shoulder_left_joint/elbow_left_joint/handWrist_left_joint/handRingMeta_left_joint/handRing_00_left_joint/handRing_01_left_joint/handRing_02_left_joint", "root_joint/pelvis_joint/spineLower_joint/spineMiddle_joint/spineUpper_joint/chest_joint/clavicle_left_joint/shoulder_left_joint/elbow_left_joint/handWrist_left_joint/handThumbMeta_left_joint", "root_joint/pelvis_joint/spineLower_joint/spineMiddle_joint/spineUpper_joint/chest_joint/clavicle_left_joint/shoulder_left_joint/elbow_left_joint/handWrist_left_joint/handThumbMeta_left_joint/handThumb_00_left_joint", "root_joint/pelvis_joint/spineLower_joint/spineMiddle_joint/spineUpper_joint/chest_joint/clavicle_left_joint/shoulder_left_joint/elbow_left_joint/handWrist_left_joint/handThumbMeta_left_joint/handThumb_00_left_joint/handThumb_01_left_joint", "root_joint/pelvis_joint/spineLower_joint/spineMiddle_joint/spineUpper_joint/chest_joint/clavicle_left_joint/shoulder_left_joint/elbow_left_joint/handWrist_left_joint/handThumbMeta_left_joint/handThumb_00_left_joint/handThumb_01_left_joint/handThumb_02_left_joint", "root_joint/pelvis_joint/spineLower_joint/spineMiddle_joint/spineUpper_joint/chest_joint/clavicle_left_joint/shoulder_left_joint/elbow_left_joint/handWrist_left_joint/hand_l_socket", "root_joint/pelvis_joint/spineLower_joint/spineMiddle_joint/spineUpper_joint/chest_joint/clavicle_left_joint/shoulder_left_joint/armUpper_twist_01_left_joint", "root_joint/pelvis_joint/spineLower_joint/spineMiddle_joint/spineUpper_joint/chest_joint/clavicle_left_joint/shoulder_left_joint/armUpper_twist_02_left_joint", "root_joint/pelvis_joint/spineLower_joint/spineMiddle_joint/spineUpper_joint/chest_joint/clavicle_left_joint/shoulder_left_joint/armUpper_twist_03_left_joint", "root_joint/pelvis_joint/spineLower_joint/spineMiddle_joint/spineUpper_joint/chest_joint/neck_joint", "root_joint/pelvis_joint/spineLower_joint/spineMiddle_joint/spineUpper_joint/chest_joint/neck_joint/neck_twist_01_joint", "root_joint/pelvis_joint/spineLower_joint/spineMiddle_joint/spineUpper_joint/chest_joint/neck_joint/neck_twist_02_joint", "root_joint/pelvis_joint/spineLower_joint/spineMiddle_joint/spineUpper_joint/chest_joint/neck_joint/head_joint", "root_joint/pelvis_joint/spineLower_joint/spineMiddle_joint/spineUpper_joint/chest_joint/neck_joint/head_joint/head_tracker_target", "root_joint/pelvis_joint/spineLower_joint/spineMiddle_joint/spineUpper_joint/chest_joint/neck_joint/head_joint/eye_offset_right_joint", "root_joint/pelvis_joint/spineLower_joint/spineMiddle_joint/spineUpper_joint/chest_joint/neck_joint/head_joint/eye_offset_right_joint/eye_right_joint", "root_joint/pelvis_joint/spineLower_joint/spineMiddle_joint/spineUpper_joint/chest_joint/neck_joint/head_joint/eye_offset_left_joint", "root_joint/pelvis_joint/spineLower_joint/spineMiddle_joint/spineUpper_joint/chest_joint/neck_joint/head_joint/eye_offset_left_joint/eye_left_joint", "root_joint/pelvis_joint/spineLower_joint/spineMiddle_joint/spineUpper_joint/chest_joint/neck_joint/head_joint/head_socket", "root_joint/pelvis_joint/spineLower_joint/spineMiddle_joint/spineUpper_joint/chest_joint/clavicle_right_joint", "root_joint/pelvis_joint/spineLower_joint/spineMiddle_joint/spineUpper_joint/chest_joint/clavicle_right_joint/shoulder_right_joint", "root_joint/pelvis_joint/spineLower_joint/spineMiddle_joint/spineUpper_joint/chest_joint/clavicle_right_joint/shoulder_right_joint/elbow_right_joint", "root_joint/pelvis_joint/spineLower_joint/spineMiddle_joint/spineUpper_joint/chest_joint/clavicle_right_joint/shoulder_right_joint/elbow_right_joint/elbow_partial_right_joint", "root_joint/pelvis_joint/spineLower_joint/spineMiddle_joint/spineUpper_joint/chest_joint/clavicle_right_joint/shoulder_right_joint/elbow_right_joint/armLower_twist_01_right_joint", "root_joint/pelvis_joint/spineLower_joint/spineMiddle_joint/spineUpper_joint/chest_joint/clavicle_right_joint/shoulder_right_joint/elbow_right_joint/armLower_twist_02_right_joint", "root_joint/pelvis_joint/spineLower_joint/spineMiddle_joint/spineUpper_joint/chest_joint/clavicle_right_joint/shoulder_right_joint/elbow_right_joint/armLower_twist_03_right_joint", "root_joint/pelvis_joint/spineLower_joint/spineMiddle_joint/spineUpper_joint/chest_joint/clavicle_right_joint/shoulder_right_joint/elbow_right_joint/handWrist_right_joint", "root_joint/pelvis_joint/spineLower_joint/spineMiddle_joint/spineUpper_joint/chest_joint/clavicle_right_joint/shoulder_right_joint/elbow_right_joint/handWrist_right_joint/handIndexMeta_right_joint", "root_joint/pelvis_joint/spineLower_joint/spineMiddle_joint/spineUpper_joint/chest_joint/clavicle_right_joint/shoulder_right_joint/elbow_right_joint/handWrist_right_joint/handIndexMeta_right_joint/handIndex_00_right_joint", "root_joint/pelvis_joint/spineLower_joint/spineMiddle_joint/spineUpper_joint/chest_joint/clavicle_right_joint/shoulder_right_joint/elbow_right_joint/handWrist_right_joint/handIndexMeta_right_joint/handIndex_00_right_joint/handIndex_01_right_joint", "root_joint/pelvis_joint/spineLower_joint/spineMiddle_joint/spineUpper_joint/chest_joint/clavicle_right_joint/shoulder_right_joint/elbow_right_joint/handWrist_right_joint/handIndexMeta_right_joint/handIndex_00_right_joint/handIndex_01_right_joint/handIndex_02_right_joint", "root_joint/pelvis_joint/spineLower_joint/spineMiddle_joint/spineUpper_joint/chest_joint/clavicle_right_joint/shoulder_right_joint/elbow_right_joint/handWrist_right_joint/handMiddleMeta_right_joint", "root_joint/pelvis_joint/spineLower_joint/spineMiddle_joint/spineUpper_joint/chest_joint/clavicle_right_joint/shoulder_right_joint/elbow_right_joint/handWrist_right_joint/handMiddleMeta_right_joint/handMiddle_00_right_joint", "root_joint/pelvis_joint/spineLower_joint/spineMiddle_joint/spineUpper_joint/chest_joint/clavicle_right_joint/shoulder_right_joint/elbow_right_joint/handWrist_right_joint/handMiddleMeta_right_joint/handMiddle_00_right_joint/handMiddle_01_right_joint", "root_joint/pelvis_joint/spineLower_joint/spineMiddle_joint/spineUpper_joint/chest_joint/clavicle_right_joint/shoulder_right_joint/elbow_right_joint/handWrist_right_joint/handMiddleMeta_right_joint/handMiddle_00_right_joint/handMiddle_01_right_joint/handMiddle_02_right_joint", "root_joint/pelvis_joint/spineLower_joint/spineMiddle_joint/spineUpper_joint/chest_joint/clavicle_right_joint/shoulder_right_joint/elbow_right_joint/handWrist_right_joint/handWrist_partial_right_joint", "root_joint/pelvis_joint/spineLower_joint/spineMiddle_joint/spineUpper_joint/chest_joint/clavicle_right_joint/shoulder_right_joint/elbow_right_joint/handWrist_right_joint/handPinkyMeta_right_joint", "root_joint/pelvis_joint/spineLower_joint/spineMiddle_joint/spineUpper_joint/chest_joint/clavicle_right_joint/shoulder_right_joint/elbow_right_joint/handWrist_right_joint/handPinkyMeta_right_joint/handPinky_00_right_joint", "root_joint/pelvis_joint/spineLower_joint/spineMiddle_joint/spineUpper_joint/chest_joint/clavicle_right_joint/shoulder_right_joint/elbow_right_joint/handWrist_right_joint/handPinkyMeta_right_joint/handPinky_00_right_joint/handPinky_01_right_joint", "root_joint/pelvis_joint/spineLower_joint/spineMiddle_joint/spineUpper_joint/chest_joint/clavicle_right_joint/shoulder_right_joint/elbow_right_joint/handWrist_right_joint/handPinkyMeta_right_joint/handPinky_00_right_joint/handPinky_01_right_joint/handPinky_02_right_joint", "root_joint/pelvis_joint/spineLower_joint/spineMiddle_joint/spineUpper_joint/chest_joint/clavicle_right_joint/shoulder_right_joint/elbow_right_joint/handWrist_right_joint/handRingMeta_right_joint", "root_joint/pelvis_joint/spineLower_joint/spineMiddle_joint/spineUpper_joint/chest_joint/clavicle_right_joint/shoulder_right_joint/elbow_right_joint/handWrist_right_joint/handRingMeta_right_joint/handRing_00_right_joint", "root_joint/pelvis_joint/spineLower_joint/spineMiddle_joint/spineUpper_joint/chest_joint/clavicle_right_joint/shoulder_right_joint/elbow_right_joint/handWrist_right_joint/handRingMeta_right_joint/handRing_00_right_joint/handRing_01_right_joint", "root_joint/pelvis_joint/spineLower_joint/spineMiddle_joint/spineUpper_joint/chest_joint/clavicle_right_joint/shoulder_right_joint/elbow_right_joint/handWrist_right_joint/handRingMeta_right_joint/handRing_00_right_joint/handRing_01_right_joint/handRing_02_right_joint", "root_joint/pelvis_joint/spineLower_joint/spineMiddle_joint/spineUpper_joint/chest_joint/clavicle_right_joint/shoulder_right_joint/elbow_right_joint/handWrist_right_joint/handThumbMeta_right_joint", "root_joint/pelvis_joint/spineLower_joint/spineMiddle_joint/spineUpper_joint/chest_joint/clavicle_right_joint/shoulder_right_joint/elbow_right_joint/handWrist_right_joint/handThumbMeta_right_joint/handThumb_00_right_joint", "root_joint/pelvis_joint/spineLower_joint/spineMiddle_joint/spineUpper_joint/chest_joint/clavicle_right_joint/shoulder_right_joint/elbow_right_joint/handWrist_right_joint/handThumbMeta_right_joint/handThumb_00_right_joint/handThumb_01_right_joint", "root_joint/pelvis_joint/spineLower_joint/spineMiddle_joint/spineUpper_joint/chest_joint/clavicle_right_joint/shoulder_right_joint/elbow_right_joint/handWrist_right_joint/handThumbMeta_right_joint/handThumb_00_right_joint/handThumb_01_right_joint/handThumb_02_right_joint", "root_joint/pelvis_joint/spineLower_joint/spineMiddle_joint/spineUpper_joint/chest_joint/clavicle_right_joint/shoulder_right_joint/elbow_right_joint/handWrist_right_joint/hand_r_socket", "root_joint/pelvis_joint/spineLower_joint/spineMiddle_joint/spineUpper_joint/chest_joint/clavicle_right_joint/shoulder_right_joint/armUpper_twist_01_right_joint", "root_joint/pelvis_joint/spineLower_joint/spineMiddle_joint/spineUpper_joint/chest_joint/clavicle_right_joint/shoulder_right_joint/armUpper_twist_02_right_joint", "root_joint/pelvis_joint/spineLower_joint/spineMiddle_joint/spineUpper_joint/chest_joint/clavicle_right_joint/shoulder_right_joint/armUpper_twist_03_right_joint", "root_joint/pelvis_joint/spineLower_joint/spineMiddle_joint/spineUpper_joint/chest_joint/back_socket", "root_joint/pelvis_joint/hip_left_joint", "root_joint/pelvis_joint/hip_left_joint/knee_left_joint", "root_joint/pelvis_joint/hip_left_joint/knee_left_joint/footAnkle_left_joint", "root_joint/pelvis_joint/hip_left_joint/knee_left_joint/footAnkle_left_joint/footBall_left_joint", "root_joint/pelvis_joint/hip_left_joint/knee_left_joint/footAnkle_left_joint/footBall_left_joint/footToe_left_joint", "root_joint/pelvis_joint/hip_left_joint/knee_left_joint/footAnkle_left_joint/footAnkle_partial_left_joint", "root_joint/pelvis_joint/hip_left_joint/knee_left_joint/footAnkle_left_joint/foot_l_socket", "root_joint/pelvis_joint/hip_left_joint/knee_left_joint/knee_partial_left_joint", "root_joint/pelvis_joint/hip_left_joint/knee_left_joint/legLower_twist_01_left_joint", "root_joint/pelvis_joint/hip_left_joint/knee_left_joint/legLower_twist_02_left_joint", "root_joint/pelvis_joint/hip_left_joint/knee_left_joint/legLower_twist_03_left_joint", "root_joint/pelvis_joint/hip_left_joint/legUpper_twist_01_left_joint", "root_joint/pelvis_joint/hip_left_joint/legUpper_twist_02_left_joint", "root_joint/pelvis_joint/hip_left_joint/legUpper_twist_03_left_joint", "root_joint/pelvis_joint/hip_right_joint", "root_joint/pelvis_joint/hip_right_joint/knee_right_joint", "root_joint/pelvis_joint/hip_right_joint/knee_right_joint/footAnkle_right_joint", "root_joint/pelvis_joint/hip_right_joint/knee_right_joint/footAnkle_right_joint/footBall_right_joint", "root_joint/pelvis_joint/hip_right_joint/knee_right_joint/footAnkle_right_joint/footBall_right_joint/footToe_right_joint", "root_joint/pelvis_joint/hip_right_joint/knee_right_joint/footAnkle_right_joint/footAnkle_partial_right_joint", "root_joint/pelvis_joint/hip_right_joint/knee_right_joint/footAnkle_right_joint/foot_r_socket", "root_joint/pelvis_joint/hip_right_joint/knee_right_joint/knee_partial_right_joint", "root_joint/pelvis_joint/hip_right_joint/knee_right_joint/legLower_twist_01_right_joint", "root_joint/pelvis_joint/hip_right_joint/knee_right_joint/legLower_twist_02_right_joint", "root_joint/pelvis_joint/hip_right_joint/knee_right_joint/legLower_twist_03_right_joint", "root_joint/pelvis_joint/hip_right_joint/legUpper_twist_01_right_joint", "root_joint/pelvis_joint/hip_right_joint/legUpper_twist_02_right_joint", "root_joint/pelvis_joint/hip_right_joint/legUpper_twist_03_right_joint", "root_joint/pelvis_joint/hip_l_front_socket", "root_joint/pelvis_joint/hip_l_back_socket", "root_joint/pelvis_joint/hip_r_front_socket", "root_joint/pelvis_joint/hip_r_back_socket"]
            quatf[] rotations.timeSamples = {
                0: [(0.99999994, 0.000104197374, 0.00011019129, 0.00030364137), (0.4489288, 0.53100276, 0.45740005, 0.55433226), (0.9989799, -0.03774462, -0.016510341, 0.018488737), (0.9992091, -0.036965754, -0.0021892826, 0.014475165), (0.9992393, -0.036683284, 0.008653006, 0.010001901), (0.9965016, -0.06128927, 0.018884, 0.0535819), (0.6822985, 0.0048440117, -0.7272257, -0.074750744), (0.90036577, 0.011416797, -0.3878139, 0.19700532), (0.6549474, -0.2434146, 0.048813935, 0.7137297), (0.9999998, 7.450583e-9, -7.4505834e-8, -1.4901167e-8), (0.9999995, -0.00005561114, -0.000009834767, 0.0005151332), (0.9999995, -0.00005561114, -0.000009834767, 0.0005151332), (0.9999995, -0.00005561114, -0.000009834767, 0.0005151332), (0.5977448, 0.7769593, 0.10987188, -0.16420567), (0.99666226, 0.020090388, 0.054557703, -0.057306327), (0.83013487, 0.008490563, 0.029913325, 0.55669457), (0.7890905, -0.02189616, -0.02001259, 0.61356014), (-0.68822765, -0.026478922, 0.056899473, -0.722775), (0.9992805, -0.020721467, 0.020229327, -0.024484802), (0.85619247, -0.018190254, -0.013093996, 0.51617056), (-0.71831447, -0.027540453, 0.036677532, -0.6942048), (0.82256275, 0.02542303, -0.050386462, 0.5658666), (1, -0.000011175872, 0.0000014752152, 0.0000023543837), (0.99746853, 0.007563905, -0.04933525, 0.050648175), (-0.8977052, 0.059689097, -0.15666088, -0.40745512), (0.70012116, -0.012006285, 0.12736869, 0.7024694), (0.740206, 0.034868017, 0.16018544, 0.6520888), (0.98929054, -0.1395319, -0.035041545, 0.024638135), (0.876034, 0.09364953, 0.033619378, 0.47187266), (-0.6955606, 0.005175367, -0.060689937, -0.71588075), (0.74239004, -0.0008780956, 0.0671251, 0.6665964), (0.8075315, 0.38553226, 0.44519284, -0.032571), (0.9805306, 0.092640504, -0.07796982, 0.15458967), (0.95012105, 0.07281248, 0.013315754, 0.30296993), (0.95193505, -0.0044158925, 0.0046005403, 0.30623284), (-0.055414323, -0.9983269, 0.0003028708, 0.016509296), (0.9998336, -0.00050425535, -0.017597055, -0.004725576), (0.9998336, -0.00050419575, -0.017597051, -0.0047256057), (0.9998337, -0.0005042256, -0.017597072, -0.0047255917), (0.9893176, 0.14309399, -0.017048191, 0.02199146), (0.9999956, 0.00068059115, -0.001373567, 0.002436194), (0.99996895, 0.00068658654, -0.007818425, -0.00015291017), (0.995931, 0.0027989494, -0.032517016, -0.08399757), (0.5113067, -0.48755777, -0.47603875, -0.5236785), (0.4761452, -0.5227675, -0.5115027, -0.48822623), (1.0000001, 1.1175871e-8, -7.450581e-9, 1.8626451e-9), (0.51150316, -0.48822555, -0.4761447, -0.5227677), (0.9999997, 0, 3.958122e-9, 1.8626456e-9), (0.4716412, -0.5268383, -0.4716372, -0.5268338), (0.089427024, 0.7517192, 0.074251205, 0.64915895), (0.97022384, 0.01679317, -0.23926544, -0.033690676), (0.65133345, -0.08635524, -0.2503224, 0.71108747), (0.99999946, 0, -2.980234e-8, -2.980234e-8), (0.9999994, -0.00021183501, -0.00028041017, 0.00046970719), (0.9999994, -0.00021176795, -0.00028041017, 0.00046964758), (0.9999994, -0.00021178286, -0.00028043997, 0.00046967738), (0.6262273, 0.76890415, -0.12557887, -0.029237505), (0.99682164, 0.01720593, 0.054629315, -0.055368204), (0.7957058, -0.10647889, 0.093112245, 0.5889347), (-0.7891609, 0.021767251, 0.017802645, -0.6135417), (0.6921091, 0.042556573, -0.0736331, 0.71676433), (0.9993533, -0.0191978, 0.020150177, -0.022750653), (0.82409257, -0.12350924, 0.065149456, 0.5489732), (-0.72097194, -0.027704634, 0.03544842, -0.6915016), (0.82325906, 0.022868758, -0.049971964, 0.5649986), (0.9999996, 0.0000114440945, -1.4901165e-8, -1.3411048e-7), (0.9864863, -0.11524252, -0.094115116, 0.068595715), (0.8919063, 0.012561282, 0.22014399, 0.39481774), (-0.6971893, 0.013044572, -0.12721881, -0.7053874), (0.7393677, 0.035341036, 0.15951194, 0.653178), (0.98969245, -0.1362835, -0.035310652, 0.026228333), (0.87736195, 0.049353503, 0.08762045, 0.46917176), (-0.69532305, 0.009543453, -0.06048708, -0.71608335), (0.74830043, -0.037463065, 0.096655235, 0.6552097), (0.8096632, 0.35859996, 0.46040502, -0.062273763), (0.98478156, 0.08518976, -0.064926066, 0.13686399), (0.9612841, 0.12611794, 0.034262117, 0.2425951), (0.9624387, -0.0119451275, 0.005162845, 0.27118558), (0.9983271, -0.05541422, 0.01647455, -0.00029288244), (0.9999988, -0.00009149317, -0.0012643939, -0.000004038216), (0.99999875, -0.00009146336, -0.001264364, -0.000004038215), (0.9999988, -0.000091508075, -0.0012643939, -0.000004038216), (0.47690803, -0.5220752, -0.4769042, -0.52207106), (-0.15476595, -0.028906237, 0.036838982, 0.9868408), (0.9897005, -0.084535904, 0.0140614975, 0.1146685), (0.01353525, 0.95916075, 0.28202796, 0.01695909), (0.0022954796, 0.42127934, 0.90691537, 0.004772053), (0.9999968, -0.00008577669, 0.000014692548, 0.002497053), (0.9999993, 2.2724271e-7, -0.0000012218952, -0.0011720303), (0.5263093, -0.5116561, 0.5033099, 0.45594472), (0.999999, 3.2735988e-7, 6.854534e-7, -0.001461979), (0.99997395, -0.0071238745, 0.00005160273, -0.0011207686), (0.9998974, -0.014275017, 0.000060826547, -0.0011202974), (0.9997651, -0.021642309, 0.00006954373, -0.0011198205), (0.9999999, 0.00020762067, 0.0001367256, 0.0003062617), (0.9999999, 0.0002075648, 0.00013753772, 0.0003062468), (0.9999999, 0.00020806771, 0.00013746321, 0.00030627847), (0.9274322, -0.021906398, -0.019409036, -0.37284422), (0.856446, -0.0062816646, -0.0023214652, 0.51619303), (0.060843986, 0.996418, -0.050545298, 0.029905263), (-0.00021390617, 0.7066178, 0.70759535, 0.000011652708), (0.9999925, -0.000007973985, 0.000018551948, 0.003845734), (0.9999994, 1.322478e-7, -0.0000011771917, -0.0011719167), (-0.51165795, -0.52631056, -0.45594198, 0.5033094), (0.9999989, 3.324822e-7, 6.332994e-7, -0.0014619307), (0.9999737, -0.0072262143, 0.00004603714, 0.000260409), (0.99989647, -0.01437881, 0.000044181947, 0.00026062693), (0.9997634, -0.021747086, 0.000042341653, 0.000260938), (0.99999994, -0.000015684318, -0.00012968482, -0.00015627315), (0.99999994, -0.000015872794, -0.00012971462, -0.0001562359), (0.99999994, -0.000015161235, -0.00012965502, -0.0001562061), (0.5000006, -0.50000095, -0.5000033, -0.49999496), (0.5000006, -0.50000095, -0.5000033, -0.49999496), (0.5000006, -0.50000095, -0.5000033, -0.49999496), (0.5000006, -0.50000095, -0.5000033, -0.49999496)],
                1: [(0.99999994, 0.00011961905, 0.00015851005, 0.0002042165), (0.45216426, 0.53333884, 0.4545775, 0.5517756), (0.99914294, -0.03440863, -0.013754319, 0.018441366), (0.999266, -0.035305582, -0.0004854195, 0.014853354), (0.9993134, -0.035095032, 0.007914447, 0.008847795), (0.99676186, -0.0595722, 0.016544158, 0.051409435), (0.68528783, 0.013679915, -0.72505033, -0.06704541), (0.90188015, 0.009471486, -0.385352, 0.19500239), (0.6462392, -0.24235764, 0.04099325, 0.72246593), (0.9999997, -1.1175872e-8, -5.960465e-8, -1.4901163e-8), (0.99999946, 0.00033548102, 0.00058190525, 0.000313133), (0.99999946, 0.00033549964, 0.00058192015, 0.000313133), (0.99999946, 0.00033549964, 0.00058192015, 0.00031312928), (0.63354504, 0.7577383, 0.095435224, -0.12387566), (0.99665886, 0.019348793, 0.05540524, -0.05680337), (0.8301353, 0.008523175, 0.029908458, 0.5566936), (0.7890758, -0.021904964, -0.020039244, 0.61357766), (-0.6882646, -0.026518084, 0.056912266, -0.7227371), (0.9992619, -0.021414068, 0.021080108, -0.02392288), (0.856198, -0.018119298, -0.013097785, 0.51616347), (-0.7183091, -0.027513396, 0.036599737, -0.6942155), (0.8225667, 0.025381025, -0.0504124, 0.5658603), (0.99999994, -0.000011190772, 0.000001475215, 0.0000023320317), (0.9974911, 0.0070073367, -0.048386715, 0.05119324), (-0.897686, 0.059747323, -0.15661736, -0.4075056), (0.70013636, -0.0119665265, 0.12733503, 0.70246094), (0.7402073, 0.034855362, 0.16018642, 0.65208757), (0.98921543, -0.14013779, -0.03423016, 0.025339197), (0.8760426, 0.09365998, 0.03361174, 0.47185484), (-0.69554436, 0.005165771, -0.06067626, -0.71589774), (0.7423993, -0.00088483846, 0.06712796, 0.6665856), (0.807543, 0.38474265, 0.4458447, -0.03270609), (0.9805732, 0.092738494, -0.07771158, 0.15439071), (0.9501084, 0.07280965, 0.013296195, 0.30301115), (0.9519346, -0.004414749, 0.0046025594, 0.30623463), (-0.055414334, -0.99832684, 0.0003028964, 0.016509274), (0.99981904, -0.0006259923, -0.01869422, -0.0034411058), (0.999819, -0.000626037, -0.018694198, -0.0034411056), (0.99981904, -0.0006259923, -0.01869422, -0.0034411058), (0.99058056, 0.13472605, -0.012139678, 0.021246703), (0.99997866, 0.00096843444, -0.002749932, 0.005846837), (0.9999519, 0.0010006094, -0.009193843, 0.0032559962), (0.9962246, 0.0042258166, -0.03129575, -0.08086599), (0.51130676, -0.4875578, -0.47603878, -0.5236785), (0.47614518, -0.5227675, -0.51150274, -0.48822632), (1.0000004, 7.450581e-9, -7.450581e-9, 1.5133992e-9), (0.5115032, -0.48822567, -0.4761448, -0.52276784), (0.99999994, 1.8626456e-9, 3.725291e-9, 1.979061e-9), (0.4716413, -0.5268384, -0.47163722, -0.5268339), (0.09900232, 0.7473741, 0.0736276, 0.65284675), (0.9688615, 0.016471341, -0.24411969, -0.03795943), (0.650378, -0.07147982, -0.26291594, 0.7090654), (0.9999997, -3.725292e-9, -7.450584e-9, -2.980233e-8), (0.99999964, 0.00007439405, -0.00047153985, 0.00019871822), (0.99999964, 0.00007436797, -0.0004715622, 0.00019877037), (0.99999964, 0.00007439032, -0.0004715622, 0.00019875547), (0.6405956, 0.75911504, -0.11495948, -0.0128703695), (0.996812, 0.017019723, 0.054946776, -0.055288885), (0.7957152, -0.10646297, 0.09310193, 0.5889268), (-0.78916025, 0.021767598, 0.017789448, -0.6135434), (0.6921117, 0.04254327, -0.07363326, 0.716763), (0.99934584, -0.019369239, 0.02047089, -0.022654656), (0.82410175, -0.123496875, 0.06514031, 0.548964), (-0.72097117, -0.027705679, 0.03543682, -0.6915036), (0.8232609, 0.02285574, -0.049972482, 0.56499696), (0.9999999, 0.000011451544, 0, -1.192093e-7), (0.98649305, -0.11536609, -0.09379168, 0.068737306), (0.89191073, 0.012557688, 0.22014132, 0.39480978), (-0.6971895, 0.013044593, -0.12720998, -0.70538884), (0.73936915, 0.035341717, 0.15951082, 0.6531764), (0.9896799, -0.1364306, -0.034996502, 0.026370583), (0.87736833, 0.049360424, 0.08761546, 0.46916044), (-0.69532204, 0.009544731, -0.060486335, -0.7160847), (0.74830204, -0.037465297, 0.09665436, 0.65520835), (0.8098141, 0.35837206, 0.46027052, -0.06262083), (0.98480976, 0.085255764, -0.0644169, 0.13686329), (0.9612845, 0.12612689, 0.0342762, 0.2425887), (0.96243876, -0.011943087, 0.005163059, 0.27118698), (0.99832726, -0.055414256, 0.01647457, -0.00029285255), (0.9999986, -0.0003575547, -0.001363482, -0.0002837211), (0.9999986, -0.0003575547, -0.001363482, -0.0002837211), (0.99999875, -0.00035748765, -0.0013634149, -0.00028369503), (0.47690806, -0.5220752, -0.47690424, -0.522071), (-0.15762042, -0.026994508, 0.034244798, 0.9865365), (0.98911923, -0.08317409, 0.014326053, 0.120499246), (0.013130501, 0.9801959, 0.19725238, 0.011614723), (0.0020157846, 0.5931641, 0.8050676, 0.004236253), (0.99997985, 0.00006429694, -0.00006465625, 0.0062920735), (0.99999934, 2.2514723e-7, -0.0000012293458, -0.0011720322), (0.52630925, -0.51165605, 0.5033099, 0.45594472), (0.99999905, 3.2165553e-7, 6.631017e-7, -0.0014619697), (0.999972, -0.007283854, 0.00001907397, -0.0016616187), (0.9998943, -0.014436232, 0.00003221691, -0.001661384), (0.9997608, -0.021804668, 0.000044972432, -0.0016611002), (0.99999964, 0.00024080114, 0.000017277858, -0.00077673193), (0.99999964, 0.0002406349, 0.0000181235, -0.0007767706), (0.99999964, 0.00024123327, 0.000017963312, -0.00077675335), (0.93972594, -0.022438414, -0.010160521, -0.34104007), (0.8961437, -0.009668144, 0.0031880864, 0.4436471), (0.052834935, 0.99710125, -0.035840057, 0.041384634), (0.00076217117, 0.68850166, 0.72523224, 0.0016509293), (0.9999933, -0.000045809913, 0.00005040322, 0.003599374), (0.9999992, 1.5739352e-7, -0.00000115484, -0.0011719391), (-0.5116579, -0.5263104, -0.4559419, 0.50330937), (0.9999988, 3.1775562e-7, 6.2584877e-7, -0.0014619413), (0.9999712, -0.0073498725, 0.00029312828, -0.0018107487), (0.999893, -0.014502142, 0.00030573833, -0.0018087146), (0.999759, -0.021870349, 0.00031850123, -0.0018065092), (0.9999969, -0.000092173614, -0.000051613933, 0.00242718), (0.999997, -0.00009240313, -0.000051673538, 0.0024271708), (0.99999696, -0.000091670176, -0.000051643736, 0.0024271884), (0.5000006, -0.50000095, -0.5000033, -0.49999493), (0.5000006, -0.50000095, -0.5000033, -0.49999493), (0.5000006, -0.50000095, -0.5000033, -0.49999493), (0.5000006, -0.50000095, -0.5000033, -0.49999493)],
                2: [(1, -0.00006583197, 0.00017290852, 0.00016790375), (0.45624915, 0.52279866, 0.45324594, 0.55954134), (0.9988637, -0.037809446, -0.022666618, 0.018117666), (0.9991325, -0.03992522, 0.004151717, 0.011096291), (0.9991165, -0.039700393, 0.012535319, 0.005752191), (0.99549353, -0.07906982, 0.024979822, 0.046003968), (0.7020442, 0.013729483, -0.71163183, -0.022925258), (0.88133496, 0.009492159, -0.41890967, 0.2183425), (0.5974922, -0.2663275, 0.1097137, 0.7483553), (0.9999999, 0, -2.9802322e-8, 0), (1, 0.00018316507, 0.00006350875, 0.00051341206), (1, 0.00018315017, 0.00006353855, 0.0005134046), (1, 0.00018316507, 0.00006353855, 0.0005134046), (0.6792839, 0.7234035, 0.12283158, -0.013166338), (0.9966115, 0.018207788, 0.057720214, -0.055701643), (0.8301573, 0.008554548, 0.029865295, 0.55666363), (0.7891052, -0.021887898, -0.020008206, 0.6135423), (-0.68820196, -0.026466474, 0.0568797, -0.7228021), (0.9992172, -0.022440434, 0.02338007, -0.022692442), (0.8562178, -0.018125832, -0.013129622, 0.51613015), (-0.7183292, -0.027534962, 0.036669195, -0.69419044), (0.8225421, 0.02541107, -0.050377876, 0.5658984), (1.0000002, -0.000011146069, 0.0000014305115, 0.0000023543835), (0.99754316, 0.0062197745, -0.046005726, 0.052464068), (-0.89775187, 0.05964133, -0.15660778, -0.40737987), (0.70009094, -0.012023538, 0.12737152, 0.70249873), (0.7402176, 0.03487727, 0.16016245, 0.6520806), (0.9891287, -0.14097515, -0.032051027, 0.026890308), (0.8760696, 0.09371492, 0.033596277, 0.47179526), (-0.6955214, 0.00521034, -0.06069365, -0.7159185), (0.7424116, -0.00087046623, 0.06709802, 0.666575), (0.8082383, 0.38409966, 0.4451098, -0.033100873), (0.9810494, 0.09296272, -0.07485679, 0.15263142), (0.95010006, 0.07280672, 0.013314813, 0.30303732), (0.95193267, -0.0044154674, 0.0046052337, 0.3062406), (-0.055414297, -0.998327, 0.00030288473, 0.016509295), (0.9999993, -0.000017374754, -0.0013114512, 0.000062823296), (0.9999993, -0.000017404556, -0.0013114363, 0.000062823296), (0.9999993, -0.000017374754, -0.0013114363, 0.000062823296), (0.9870273, 0.15734634, -0.017685056, 0.026572838), (0.99980927, 0.0024880338, -0.009981751, 0.01658928), (0.9997637, 0.002607299, -0.016420648, 0.0139888935), (0.9962264, 0.012070068, -0.045578405, -0.072866306), (0.51130664, -0.4875577, -0.47603866, -0.5236784), (0.47614524, -0.5227675, -0.5115026, -0.48822626), (1.0000004, 7.450581e-9, 0, 9.313226e-10), (0.51150304, -0.48822555, -0.47614467, -0.52276766), (0.9999996, 0, 4.1909516e-9, 1.8626451e-9), (0.4716412, -0.5268383, -0.47163716, -0.52683383), (0.14550784, 0.7325554, 0.056809545, 0.6625423), (0.9759693, 0.015519857, -0.19901145, -0.08738926), (0.6549761, 0.0039438456, -0.32090312, 0.6841136), (0.9999995, 1.4901161e-8, 0, -3.7252903e-8), (0.99999964, -0.000028371811, -0.0004157424, 0.00042218715), (0.99999964, -0.000028327107, -0.0004157126, 0.0004221499), (0.9999996, -0.00002835691, -0.0004157126, 0.00042214245), (0.6928283, 0.7120746, -0.11101404, 0.024780124), (0.9967907, 0.016879737, 0.055106163, -0.055550665), (0.79572666, -0.10643926, 0.09305611, 0.58892226), (-0.78916174, 0.021752864, 0.017798815, -0.6135407), (0.69211453, 0.042544007, -0.07360226, 0.7167623), (0.9993335, -0.01951173, 0.020644963, -0.022908658), (0.8241148, -0.12347588, 0.06509557, 0.548954), (-0.720971, -0.027722359, 0.035447106, -0.6915021), (0.82326406, 0.02285406, -0.04993841, 0.56499517), (0.99999964, 0.000011473894, 0, -1.4901161e-7), (0.98650914, -0.11551516, -0.093599066, 0.06851575), (0.891912, 0.012594551, 0.22014868, 0.39480144), (-0.69720227, 0.013098568, -0.12719914, -0.70537746), (0.73936653, 0.035343274, 0.15948689, 0.65318567), (0.98967236, -0.13657878, -0.03478831, 0.026147872), (0.87737775, 0.049395055, 0.08759093, 0.46914315), (-0.6953254, 0.009587139, -0.0604852, -0.7160807), (0.748301, -0.037466258, 0.096628666, 0.65521276), (0.80985177, 0.35818058, 0.46023262, -0.06349784), (0.9847604, 0.085275725, -0.06408471, 0.13735911), (0.9612805, 0.12614016, 0.034285396, 0.24259469), (0.9624374, -0.011943005, 0.0051667243, 0.2711904), (0.99832714, -0.05541423, 0.016474545, -0.00029289722), (0.9999992, -0.00022107363, 0.0006439984, -0.00086066127), (0.99999917, -0.00022101402, 0.000644058, -0.00086066127), (0.99999917, -0.00022101402, 0.000644058, -0.00086063147), (0.4769081, -0.52207524, -0.47690427, -0.5220711), (-0.17433007, -0.034273684, 0.04104823, 0.9832342), (0.97318745, -0.09662995, 0.032138914, 0.20624295), (0.040982872, 0.9397142, 0.3394859, 0.0026857257), (0.0073447227, 0.8097158, 0.58677495, 0.0011647046), (0.9999827, -0.0000027120113, -0.000083222985, 0.005841814), (0.9999996, 2.1979213e-7, -0.0000012218952, -0.0011720285), (0.5263095, -0.5116562, 0.50331014, 0.45594484), (0.99999917, 3.1571835e-7, 6.854534e-7, -0.0014619678), (0.9999744, -0.0071645174, -0.000036120415, -0.00006410107), (0.99989754, -0.014317032, -0.000034421682, -0.00006431714), (0.9997649, -0.021685522, -0.000033527613, -0.00006459281), (1.0000001, 0.00013065338, 0.000007122755, -0.00008953735), (1.0000001, 0.00013048016, 0.00000795722, -0.00008954853), (1.0000001, 0.00013099238, 0.0000078082085, -0.00008954853), (0.9736835, -0.02593791, 0.0039498713, -0.22638941), (0.99983895, -0.0021786243, 0.0077994764, 0.01601943), (0.0156244105, 0.9953054, -0.018788151, 0.093649805), (0.0063945353, 0.58176845, 0.81326103, 0.010543436), (0.99999624, -0.000087335706, -0.000058352947, 0.0027122647), (0.99999964, 1.0803342e-7, -0.0000011622906, -0.0011719242), (-0.5116581, -0.52631056, -0.45594203, 0.50330955), (0.9999991, 2.9057264e-7, 5.662441e-7, -0.0014619268), (0.9999726, -0.007339338, 0.000101715326, -0.0010800026), (0.99989456, -0.014490288, 0.000109523535, -0.0010793619), (0.9997606, -0.021857398, 0.000117346644, -0.0010786653), (0.9999995, -0.000050829723, -0.00014574826, 0.001021076), (0.99999946, -0.00005105883, -0.00014570355, 0.0010210574), (0.9999995, -0.000050352886, -0.00014568865, 0.0010210015), (0.5000006, -0.5000011, -0.50000334, -0.49999505), (0.5000006, -0.5000011, -0.50000334, -0.49999505), (0.5000006, -0.5000011, -0.50000334, -0.49999505), (0.5000006, -0.5000011, -0.50000334, -0.49999505)],
                3: [(1, 0.00015620887, -0.00012223324, 0.000027813694), (0.45440635, 0.52669436, 0.45287305, 0.5576861), (0.9986925, -0.041799948, -0.020708963, 0.02089983), (0.9991823, -0.03833939, 0.0052898005, 0.011685297), (0.9992094, -0.038208324, 0.0099045485, 0.004700221), (0.99595886, -0.07849103, 0.01973544, 0.038918614), (0.7125911, 0.02075693, -0.70125, -0.0055094957), (0.8843465, 0.010537177, -0.42697147, 0.18845336), (0.5866257, -0.26030186, 0.099820405, 0.7603603), (0.9999991, 1.4901161e-8, -2.9802322e-8, -7.450581e-9), (0.99999917, 0.000038057566, 0.000004082918, 0.00047705323), (0.99999917, 0.000038057566, 0.000004082918, 0.00047706068), (0.99999917, 0.000038057566, 0.000004082918, 0.00047706068), (0.6976855, 0.7042347, 0.12939543, 0.023320675), (0.9966228, 0.018449068, 0.057932466, -0.05518022), (0.8301477, 0.0085392, 0.029886931, 0.55667514), (0.7891172, -0.021889418, -0.019990891, 0.6135257), (-0.68817604, -0.026447356, 0.05688876, -0.7228251), (0.9992298, -0.02217403, 0.023563385, -0.022170633), (0.85620844, -0.018155783, -0.013105482, 0.5161441), (-0.7183334, -0.027535588, 0.036689043, -0.69418406), (0.8225345, 0.025419652, -0.050379157, 0.56590736), (0.9999994, -0.000011175871, 0.0000014305115, 0.0000023543835), (0.99752176, 0.006514102, -0.045821786, 0.052978933), (-0.89775753, 0.059633046, -0.15660127, -0.40736964), (0.7000847, -0.012014657, 0.12738028, 0.70250297), (0.74021256, 0.03488636, 0.16016594, 0.6520844), (0.9891597, -0.14067623, -0.03194624, 0.027411014), (0.87605715, 0.09369132, 0.033620983, 0.4718198), (-0.69553024, 0.005212873, -0.0606699, -0.7159106), (0.7424049, -0.00085124373, 0.06709719, 0.6665814), (0.8083154, 0.38390464, 0.4451256, -0.03324315), (0.9810359, 0.0930341, -0.07418558, 0.15299715), (0.9501034, 0.07280353, 0.013315722, 0.30302522), (0.95193243, -0.0044128895, 0.004601717, 0.30623922), (-0.055414263, -0.9983262, 0.00030285865, 0.016509254), (0.9999988, 0.00023809075, -0.0006466806, -0.0009624064), (0.9999988, 0.00023809075, -0.0006466806, -0.0009624064), (0.9999988, 0.00023809075, -0.0006466806, -0.0009624064), (0.98631704, 0.15996432, 0.0051531494, 0.039526805), (0.999869, 0.0018436797, -0.0074767023, 0.014196172), (0.99983346, 0.0019392967, -0.013917744, 0.011599541), (0.99446106, 0.0067678634, -0.06080903, -0.08545494), (0.5113066, -0.48755762, -0.47603855, -0.5236783), (0.47614503, -0.52276736, -0.51150244, -0.48822615), (1, 1.4901161e-8, 0, 9.313226e-10), (0.511503, -0.48822543, -0.47614455, -0.5227676), (0.99999946, 0, 3.7252903e-9, 2.3283064e-9), (0.47164106, -0.5268382, -0.471637, -0.52683365), (0.16532329, 0.721579, 0.04663986, 0.6706828), (0.97097623, 0.014107019, -0.21998799, -0.09278989), (0.65387136, 0.019081473, -0.33604163, 0.6776155), (0.9999991, 0, -2.9802322e-8, -4.4703484e-8), (0.99999917, 0.00012530386, -0.00044229627, 0.0003752187), (0.99999917, 0.00012533367, -0.00044229627, 0.00037521124), (0.99999917, 0.00012534857, -0.00044229627, 0.0003751889), (0.74221796, 0.66265154, -0.09349199, 0.035543174), (0.9968035, 0.01690203, 0.054913163, -0.055497944), (0.7957268, -0.10641235, 0.09305084, 0.58892715), (-0.7891629, 0.021770746, 0.017788606, -0.6135386), (0.69211316, 0.04253778, -0.07361087, 0.716763), (0.9993386, -0.019494861, 0.020449251, -0.022863984), (0.8241168, -0.12344822, 0.065089256, 0.54895735), (-0.7209731, -0.027706563, 0.03543678, -0.6915008), (0.82326317, 0.02284959, -0.0499444, 0.5649957), (0.9999994, 0.000011444092, -2.9802322e-8, -8.940697e-8), (0.9864878, -0.115514964, -0.09379178, 0.068555266), (0.89192814, 0.012635559, 0.22013405, 0.39477128), (-0.69719124, 0.013127953, -0.127228, -0.70538217), (0.7393674, 0.035328433, 0.15946692, 0.65318996), (0.9896656, -0.13657048, -0.03498739, 0.026170224), (0.87737787, 0.049430043, 0.08758506, 0.46913984), (-0.69532365, 0.009616941, -0.06050622, -0.7160796), (0.74830234, -0.037479773, 0.09660852, 0.6552131), (0.81016004, 0.35784242, 0.4598502, -0.06423092), (0.98469955, 0.08537099, -0.06339708, 0.1380492), (0.9612775, 0.12614618, 0.034290582, 0.24260095), (0.96243685, -0.011945531, 0.00517112, 0.27119046), (0.9983268, -0.05541423, 0.016474545, -0.00029292703), (0.99999905, -0.00019437075, 0.000116318464, -0.00066432357), (0.99999905, -0.00019437075, 0.000116318464, -0.00066435337), (0.99999905, -0.00019437075, 0.000116318464, -0.00066435337), (0.47690788, -0.522075, -0.47690403, -0.5220709), (-0.07782622, -0.011653522, 0.041926563, 0.99601674), (0.8918606, -0.08385201, 0.060495406, 0.4403338), (0.03086736, 0.9694531, 0.24321675, -0.007326752), (0.01215294, 0.792829, 0.60931766, 0.0025496483), (0.9999926, -0.000015594065, -0.00004607439, 0.003829658), (0.9999995, 2.1979213e-7, -0.0000012516975, -0.0011720359), (0.5263095, -0.5116562, 0.5033101, 0.4559449), (0.99999917, 3.1106174e-7, 7.1525574e-7, -0.0014619641), (0.9999755, -0.006853001, -0.00016835332, 0.0014591478), (0.99990094, -0.014003272, -0.00017744303, 0.0014580041), (0.99977064, -0.02136963, -0.00018769503, 0.0014568269), (0.9999988, -0.00036317576, -0.00046767294, -0.0014126152), (0.9999988, -0.0003633378, -0.00046679378, -0.0014126375), (0.9999987, -0.00036276877, -0.00046691298, -0.0014126487), (0.9789348, -0.032426573, 0.005298326, -0.20151094), (0.9994028, -0.00060039945, 0.01503437, 0.031096369), (-0.0034502028, 0.9977484, -0.027019052, 0.061282724), (0.0024464428, 0.6322805, 0.7746688, 0.010141075), (0.99999166, 0.000021129847, -0.000103890896, 0.003938671), (0.9999991, 1.2665987e-7, -0.0000011399388, -0.0011719353), (-0.5116578, -0.52631027, -0.45594183, 0.50330925), (0.99999875, 3.501773e-7, 6.2584877e-7, -0.0014619194), (0.9999727, -0.007353645, -0.000049449503, 0.000043720007), (0.99989444, -0.01450621, -0.000049740076, 0.00004332885), (0.9997604, -0.021874545, -0.00005003065, 0.0000429675), (0.99999976, -0.0000250265, -0.000013895333, -0.000051487237), (0.99999976, -0.000025274232, -0.000013977289, -0.00005158037), (0.99999976, -0.000024620444, -0.000013947487, -0.000051569194), (0.50000054, -0.500001, -0.5000032, -0.49999496), (0.50000054, -0.500001, -0.5000032, -0.49999496), (0.50000054, -0.500001, -0.5000032, -0.49999496), (0.50000054, -0.500001, -0.5000032, -0.49999496)],
                4: [(1, -0.000037631937, 0.00013001879, -0.000032129497), (0.45455366, 0.533846, 0.45566258, 0.54841673), (0.9981545, -0.04942537, -0.011547856, 0.033328008), (0.9991293, -0.035764236, 0.007924877, 0.01994691), (0.9993422, -0.03506576, 0.0074667037, 0.005357906), (0.9966912, -0.075188, 0.012185395, 0.028347507), (0.71689135, 0.024486333, -0.69670016, 0.0086437315), (0.88935846, 0.0012459457, -0.43438894, 0.14263552), (0.5858257, -0.24617279, 0.049193203, 0.7705751), (0.99999917, 1.4901161e-8, -2.9802322e-8, -7.450581e-9), (0.9999992, -0.00009286404, -0.000071942806, 0.00036930293), (0.9999993, -0.00009286404, -0.00007197261, 0.00036930293), (0.9999993, -0.00009286404, -0.00007197261, 0.00036929548), (0.71705395, 0.6841319, 0.12023318, 0.05779326), (0.9966604, 0.01829207, 0.057988137, -0.054496378), (0.83013976, 0.008530796, 0.029925197, 0.5566857), (0.7891413, -0.021891475, -0.01997663, 0.6134958), (-0.6881263, -0.026435196, 0.056910396, -0.722872), (0.9992416, -0.022304237, 0.023598015, -0.021473408), (0.85620517, -0.018171519, -0.013074011, 0.51615036), (-0.7183607, -0.027549833, 0.03667067, -0.6941568), (0.82248604, 0.025391608, -0.050387293, 0.5659791), (0.99999964, -0.000011146069, 0.0000014007092, 0.0000023543835), (0.9974875, 0.00643456, -0.045750618, 0.0536969), (-0.8977742, 0.059690833, -0.15666695, -0.40729982), (0.7000086, -0.012081206, 0.12728517, 0.7025951), (0.74023974, 0.034952104, 0.16011795, 0.6520621), (0.9891263, -0.1407632, -0.031986713, 0.02811706), (0.8760817, 0.09362963, 0.033692718, 0.4717815), (-0.6954531, 0.005264044, -0.0605617, -0.7159946), (0.7424386, -0.0007841885, 0.067053616, 0.66654867), (0.8083811, 0.38331592, 0.44552377, -0.033114165), (0.98098505, 0.0930626, -0.0740612, 0.15336859), (0.9501101, 0.07280013, 0.013323456, 0.30300662), (0.9519293, -0.0043971688, 0.004606247, 0.306251), (-0.05541428, -0.9983264, 0.00030289032, 0.016509295), (0.9999701, 0.00017359853, -0.0070560127, -0.0029414594), (0.9999701, 0.00017359853, -0.00705602, -0.0029414296), (0.9999701, 0.00017359853, -0.0070560127, -0.0029414594), (0.98660123, 0.1572637, 0.02678585, 0.03416428), (0.99989593, 0.0013974123, -0.0054115355, 0.0132452585), (0.99987125, 0.0014826544, -0.0118537545, 0.010651618), (0.99325913, 0.0015534535, -0.07038895, -0.092075214), (0.5113064, -0.48755744, -0.47603843, -0.5236781), (0.47614494, -0.5227672, -0.5115024, -0.488226), (0.9999998, 1.4901161e-8, -7.450581e-9, 1.8626451e-9), (0.5115028, -0.4882253, -0.47614446, -0.5227674), (0.99999917, 0, 4.1909516e-9, 1.8626451e-9), (0.4716409, -0.52683806, -0.47163695, -0.5268335), (0.16591266, 0.7275093, 0.04050964, 0.6645001), (0.962357, 0.022323012, -0.26497966, -0.056164473), (0.66370684, -0.014703169, -0.2935311, 0.6878332), (0.9999988, -1.4901161e-8, 0, -4.4703484e-8), (0.99999887, 0.00015416741, -0.00017246604, 0.00049719214), (0.99999887, 0.00015419722, -0.00017246604, 0.00049719214), (0.99999887, 0.00015418231, -0.00017243624, 0.00049720705), (0.7734788, 0.6274501, -0.08846849, 0.014433593), (0.99682736, 0.01605761, 0.054355443, -0.055864334), (0.7957188, -0.10643932, 0.09309164, 0.58892614), (-0.7891753, 0.021717727, 0.017857589, -0.6135222), (0.69209075, 0.04267609, -0.07352108, 0.7167853), (0.99932325, -0.020367354, 0.019933432, -0.023215145), (0.82410604, -0.12348017, 0.06512815, 0.54896146), (-0.7209846, -0.027762204, 0.035520293, -0.6914819), (0.823249, 0.022996038, -0.049838185, 0.565019), (0.9999991, 0.000011473894, -2.9802322e-8, -1.1920929e-7), (0.98635745, -0.11647299, -0.09418759, 0.068262696), (0.8919203, 0.012720346, 0.22017086, 0.3947642), (-0.69718885, 0.013196707, -0.12741372, -0.70534873), (0.73937106, 0.03522736, 0.15942472, 0.65320057), (0.9895349, -0.13747087, -0.03540981, 0.025819719), (0.8773782, 0.049474806, 0.0876303, 0.4691254), (-0.6953118, 0.009668082, -0.060681023, -0.7160752), (0.74830604, -0.037582904, 0.09657049, 0.6552077), (0.8104019, 0.3575517, 0.45956767, -0.06481752), (0.98470104, 0.08497642, -0.06367585, 0.13815352), (0.9612824, 0.12614214, 0.034264326, 0.24258706), (0.96243775, -0.011956327, 0.0051854253, 0.27118605), (0.9983265, -0.0554142, 0.016474545, -0.00029289722), (0.9999989, 0.0000022053719, -0.00011897087, -0.00026506186), (0.9999989, 0.0000022053719, -0.00011894107, -0.00026500225), (0.9999989, 0.0000021457672, -0.00011897087, -0.00026503205), (0.47690788, -0.52207494, -0.47690403, -0.5220708), (0.0075479113, 0.011618266, 0.04488322, 0.998896), (0.78716624, -0.074210905, 0.08174059, 0.6067786), (0.009252444, 0.9784924, 0.20542946, -0.016289622), (0.006645113, 0.7554176, 0.6552006, 0.0034094155), (0.9999969, 0.00012247637, 0.00010102987, 0.0022844374), (0.9999993, 2.1792948e-7, -0.0000011920929, -0.001172042), (0.5263094, -0.51165605, 0.5033099, 0.45594466), (0.9999988, 3.1944364e-7, 6.556511e-7, -0.0014619688), (0.9999742, -0.0070645567, -0.00015592575, 0.0011377409), (0.99989796, -0.014215888, -0.00016278028, 0.0011367612), (0.9997662, -0.021583248, -0.00017052889, 0.0011356864), (0.9999989, -0.0001649484, -0.0004943907, -0.001324866), (0.9999989, -0.00016510952, -0.00049357116, -0.0013248883), (0.9999989, -0.00016457215, -0.00049367547, -0.0013248846), (0.97244287, -0.039841294, 0.0029549226, -0.22969186), (0.97351396, -0.003359042, 0.018751595, 0.22783166), (0.013870923, 0.99537563, -0.08061947, 0.050350726), (-0.0020386279, 0.7156539, 0.6984475, 0.0024918616), (0.99997646, 0.00023521669, -0.00013914704, 0.006828552), (0.9999994, 1.2107193e-7, -0.0000011296943, -0.0011718944), (-0.51165795, -0.5263105, -0.45594195, 0.5033094), (0.9999988, 3.3527613e-7, 6.109476e-7, -0.0014619455), (0.9999732, -0.007198993, -0.000023685396, 0.0010866299), (0.9998962, -0.014350414, -0.000031284988, 0.0010864176), (0.9997633, -0.021717852, -0.000039182603, 0.0010862686), (0.9999993, -0.00009102747, -0.00006964803, -0.001019489), (0.9999993, -0.00009124074, -0.00006964803, -0.0010194592), (0.9999993, -0.0000905497, -0.00006964803, -0.0010194294), (0.5000005, -0.50000095, -0.5000033, -0.49999487), (0.5000005, -0.50000095, -0.5000033, -0.49999487), (0.5000005, -0.50000095, -0.5000033, -0.49999487), (0.5000005, -0.50000095, -0.5000033, -0.49999487)],
                5: [(0.9999998, -0.0003808558, 0.00034420588, 0.00029947772), (0.45835057, 0.54487526, 0.46326107, 0.52765006), (0.9973754, -0.05823461, 0.0004682988, 0.043015964), (0.9991046, -0.025383493, 0.0090703815, 0.032603774), (0.99966294, -0.024109388, 0.006749943, 0.006847985), (0.997664, -0.062302932, 0.012937918, 0.024840705), (0.7178263, 0.03446448, -0.69512886, 0.018245071), (0.8878043, 0.0006853342, -0.44304863, 0.12454041), (0.605218, -0.2510621, -0.0092071295, 0.7553765), (0.9999996, 7.450581e-9, -5.9604645e-8, -7.450581e-9), (0.99999964, -0.00022510439, -0.00024533272, 0.00018981844), (0.99999964, -0.00022510439, -0.00024530292, 0.00018981099), (0.99999964, -0.00022510439, -0.00024530292, 0.00018981099), (0.71165144, 0.6899211, 0.121498644, 0.052899867), (0.996675, 0.019402623, 0.057061106, -0.05482307), (0.83014834, 0.008515596, 0.029893339, 0.5566745), (0.78918284, -0.021859229, -0.019939333, 0.6134443), (-0.6880327, -0.026370764, 0.056841373, -0.7229685), (0.99927795, -0.021241546, 0.022647768, -0.021877736), (0.8562137, -0.018181026, -0.013101131, 0.51613504), (-0.7183907, -0.027580112, 0.03665161, -0.6941255), (0.82243603, 0.025359243, -0.050317824, 0.56605947), (0.9999996, -0.000011146069, 0.0000014305115, 0.0000023543835), (0.9974549, 0.0073819757, -0.046811253, 0.053265125), (-0.8977877, 0.059630573, -0.15661958, -0.4072973), (0.70003295, -0.012028456, 0.12737583, 0.70255554), (0.7402335, 0.03493154, 0.16015404, 0.6520617), (0.98924893, -0.13979554, -0.032929778, 0.027537733), (0.87607795, 0.09367043, 0.033616066, 0.4717859), (-0.69548124, 0.0052037835, -0.06063941, -0.71596134), (0.7424292, -0.0007972419, 0.067091316, 0.66655546), (0.8083078, 0.38394886, 0.44510546, -0.03319478), (0.9808304, 0.093161464, -0.074212834, 0.1542217), (0.9501017, 0.07277667, 0.013327569, 0.3030376), (0.95193213, -0.0044011846, 0.0046022534, 0.3062413), (-0.055414304, -0.99832636, 0.00030286796, 0.016509298), (0.99983275, 0.00006830692, -0.017931119, -0.0034986585), (0.99983275, 0.000068321824, -0.01793116, -0.0034986883), (0.99983275, 0.00006829202, -0.017931134, -0.0034986585), (0.991856, 0.12647358, 0.012425393, 0.008452959), (0.99997985, 0.0004428327, -0.0036800355, 0.0051083006), (0.9999453, 0.0004689116, -0.010125294, 0.002520876), (0.9954617, -0.007503437, -0.043932557, -0.08407807), (0.51130664, -0.48755768, -0.47603863, -0.52367836), (0.47614518, -0.52276736, -0.51150256, -0.48822618), (1.0000002, 1.4901161e-8, -7.450581e-9, 1.8626451e-9), (0.5115031, -0.48822555, -0.4761446, -0.52276766), (0.9999996, 0, 3.7252903e-9, 1.9790605e-9), (0.47164115, -0.5268383, -0.47163713, -0.5268338), (0.15420908, 0.7356454, 0.04496512, 0.6580449), (0.9573536, 0.024985194, -0.28695458, -0.02250132), (0.65356857, -0.053809643, -0.26630962, 0.7064215), (0.9999995, -1.4901161e-8, -2.9802322e-8, -2.9802322e-8), (0.9999944, -0.00013379753, 0.002860874, 0.0015400797), (0.99999446, -0.00013382733, 0.0028609931, 0.0015400648), (0.99999446, -0.00013382733, 0.0028609633, 0.0015400648), (0.7737036, 0.6199242, -0.12239611, -0.04577604), (0.99687415, 0.017338067, 0.052738965, -0.05620584), (0.79571915, -0.10644996, 0.09306365, 0.5889291), (-0.78916234, 0.02172947, 0.017782673, -0.6135416), (0.6921161, 0.0425151, -0.073572904, 0.7167657), (0.9993688, -0.01915443, 0.018289953, -0.023661703), (0.82410765, -0.12348887, 0.06509969, 0.5489611), (-0.7209691, -0.02774781, 0.03543114, -0.69150376), (0.82326484, 0.022819906, -0.049911827, 0.5649973), (0.99999976, 0.000011473894, -2.9802322e-8, -8.940697e-8), (0.98636794, -0.11545169, -0.09586787, 0.06751418), (0.89191484, 0.012537867, 0.22015539, 0.39479324), (-0.69718975, 0.013099968, -0.12715527, -0.70539737), (0.7393667, 0.035363093, 0.15948227, 0.6531851), (0.98964465, -0.1363799, -0.037051022, 0.025105804), (0.87737346, 0.049367636, 0.08760756, 0.4691506), (-0.6953206, 0.009595841, -0.060456805, -0.7160872), (0.7483026, -0.03745237, 0.09662309, 0.65521246), (0.8105902, 0.35823816, 0.45880336, -0.06409398), (0.98454976, 0.08534747, -0.06424713, 0.13874277), (0.96128213, 0.12614119, 0.034277856, 0.24258947), (0.96243656, -0.011936627, 0.0051666796, 0.2711942), (0.99832726, -0.05541423, 0.016474545, -0.00029286742), (0.9999597, -0.0000011622906, -0.0075425804, 0.004801333), (0.9999597, -0.0000011622906, -0.0075425804, 0.004801333), (0.99995977, -0.0000012218952, -0.00754261, 0.004801303), (0.47690806, -0.5220752, -0.4769042, -0.52207106), (0.1157815, 0.040300123, 0.049325347, 0.99123), (0.6512455, -0.04643783, 0.0949083, 0.75147504), (-0.015107408, 0.97533995, 0.21945617, -0.017958343), (-0.000070273876, 0.71200013, 0.7021731, 0.002884686), (0.999998, 0.00020227116, 0.00004914403, 0.0019346178), (0.9999994, 2.1792948e-7, -0.0000012814999, -0.0011720285), (0.5263093, -0.51165605, 0.5033099, 0.45594472), (0.9999988, 3.1967647e-7, 6.854534e-7, -0.0014619674), (0.9998768, -0.0070964904, 0.0003362298, 0.013980837), (0.9998003, -0.014247137, 0.0002373755, 0.013983095), (0.99966836, -0.021613736, 0.0001347363, 0.013984686), (0.9999026, -0.000010956079, -0.0029166862, -0.013629064), (0.9999026, -0.000011075288, -0.0029157698, -0.0136290975), (0.99990267, -0.000010501593, -0.002916064, -0.013629101), (0.9706499, -0.052987996, 0.0035332516, -0.23455943), (0.91704535, -0.0042597177, 0.0209843, 0.3982072), (0.015776478, 0.97020537, -0.24007474, 0.028575003), (0.00040587783, 0.7223442, 0.69153315, -0.000002115965), (0.9999866, 0.000022314489, -0.000102847815, 0.0050890124), (0.9999994, 1.09896064e-7, -0.0000011334196, -0.0011718869), (-0.5116579, -0.52631044, -0.45594195, 0.50330937), (0.9999989, 3.427267e-7, 6.109476e-7, -0.0014619548), (0.99997425, -0.0070941374, -0.00058078766, -0.00054834783), (0.99989814, -0.01424482, -0.00057673454, -0.00055246055), (0.99976593, -0.021611553, -0.000572443, -0.0005566031), (0.9999884, -0.00012212573, -0.00052946806, 0.0047681853), (0.9999883, -0.00012232456, -0.00052948296, 0.0047682), (0.9999883, -0.00012166076, -0.00052943826, 0.0047682337), (0.5000005, -0.5000009, -0.5000032, -0.49999487), (0.5000005, -0.5000009, -0.5000032, -0.49999487), (0.5000005, -0.5000009, -0.5000032, -0.49999487), (0.5000005, -0.5000009, -0.5000032, -0.49999487)],
                6: [(0.99999994, -0.00027637076, 0.00007291971, -0.00011720061), (0.45371604, 0.5490275, 0.4810197, 0.5112049), (0.99706256, -0.061378468, 0.0030142665, 0.045712408), (0.9991224, -0.0083452845, 0.008372143, 0.040182333), (0.9999438, -0.0076279514, 0.0022448301, 0.0070157535), (0.998793, -0.039647788, 0.00073735416, 0.028981168), (0.6971459, 0.07490015, -0.71296287, 0.007834189), (0.9111156, -0.0061777234, -0.3985187, 0.10494132), (0.6271258, -0.22705105, -0.12934016, 0.73377913), (0.99999964, 0, -5.9604645e-8, -7.450581e-9), (0.99999934, -0.00028393418, -0.0007189214, 0.00051262975), (0.9999994, -0.00028393418, -0.000718981, 0.0005126372), (0.9999994, -0.00028393418, -0.000718981, 0.0005126372), (0.69049203, 0.71855557, 0.07495421, 0.035779774), (0.9967467, 0.020656288, 0.056463122, -0.053672224), (0.83014196, 0.008508503, 0.029918492, 0.5566831), (0.7892123, -0.021913588, -0.019910812, 0.6134057), (-0.68796265, -0.026344419, 0.056947082, -0.72302806), (0.99934286, -0.019970804, 0.021964103, -0.020796478), (0.85620874, -0.018195212, -0.013098925, 0.5161434), (-0.7184146, -0.027583718, 0.036613315, -0.6941028), (0.82238966, 0.025314033, -0.05038008, 0.5661235), (1, -0.000011205673, 0.0000014603138, 0.0000023543835), (0.9973537, 0.008671731, -0.04756397, 0.05429399), (-0.8977831, 0.059686214, -0.15663227, -0.40729505), (0.7000335, -0.011952281, 0.12729612, 0.7025713), (0.74023104, 0.034980327, 0.16021222, 0.6520482), (0.9893744, -0.13851604, -0.033795238, 0.02844724), (0.8760598, 0.09360185, 0.033593506, 0.4718359), (-0.69551885, 0.0050920844, -0.06053637, -0.7159348), (0.74241525, -0.0007324219, 0.06716192, 0.6665644), (0.80867964, 0.38423288, 0.44428006, -0.031895906), (0.98085475, 0.09353411, -0.07330245, 0.15427783), (0.9501097, 0.07278533, 0.0133553445, 0.30301014), (0.9519355, -0.0043884087, 0.004586756, 0.30623248), (-0.055414304, -0.9983268, 0.00030287728, 0.016509295), (0.9991851, 0.00021836162, -0.040294074, -0.0022803992), (0.9991851, 0.00021836162, -0.040294018, -0.002280444), (0.9991851, 0.00021833181, -0.040294025, -0.002280444), (0.99694705, 0.07227575, 0.02918455, 0.0045731664), (0.9999997, -0.0008562952, 0.00014951825, 0.00015664846), (0.9999769, -0.0008710325, -0.0062993765, -0.0024223328), (0.9963174, -0.01859416, -0.03821537, -0.07446889), (0.5113068, -0.4875579, -0.4760388, -0.5236786), (0.47614536, -0.5227676, -0.51150286, -0.48822644), (1.0000007, 1.4901161e-8, -7.450581e-9, 1.1714292e-9), (0.5115033, -0.48822576, -0.4761448, -0.5227679), (1, 0, 3.7252903e-9, 2.0954758e-9), (0.47164136, -0.5268385, -0.47163737, -0.5268339), (0.1373116, 0.74300003, 0.053786278, 0.6528424), (0.95109475, 0.032249063, -0.30629092, 0.023752585), (0.65804505, -0.10774593, -0.22027506, 0.7119311), (0.9999995, -1.4901161e-8, -2.9802322e-8, -1.4901161e-8), (0.9999996, -0.00024110079, -0.000054240227, 0.0006291568), (0.9999996, -0.00024110079, -0.000054240227, 0.0006291568), (0.9999995, -0.00024108589, -0.000054180622, 0.0006291568), (0.74469507, 0.6469692, -0.12727863, -0.103245735), (0.99676377, 0.018725723, 0.052985817, -0.057473153), (0.79572, -0.10645327, 0.0930686, 0.5889267), (-0.78916097, 0.021790445, 0.017780308, -0.613541), (0.69210196, 0.04253447, -0.07370582, 0.7167647), (0.9993573, -0.017802685, 0.018539548, -0.024974674), (0.8241026, -0.12348902, 0.06511152, 0.54896766), (-0.72097707, -0.02767378, 0.0354257, -0.69149905), (0.82325166, 0.022850335, -0.050058514, 0.565003), (0.99999964, 0.000011473894, 2.9802322e-8, -8.940697e-8), (0.9866308, -0.114261955, -0.0956071, 0.066049576), (0.891901, 0.0125207305, 0.22005272, 0.3948822), (-0.69720185, 0.01289466, -0.12718523, -0.7053839), (0.7393738, 0.03534554, 0.15959015, 0.65315175), (0.9898659, -0.13510326, -0.03671527, 0.023747385), (0.8773666, 0.049346924, 0.08754414, 0.46917826), (-0.69532454, 0.009414166, -0.060469836, -0.71608526), (0.7483013, -0.037462473, 0.09673563, 0.6551974), (0.80946904, 0.35995355, 0.45946118, -0.06393662), (0.9844905, 0.08535142, -0.06543788, 0.13860111), (0.961285, 0.1261202, 0.03426197, 0.24258956), (0.9624399, -0.011938751, 0.005150318, 0.27118114), (0.99832714, -0.05541423, 0.016474545, -0.00029292703), (0.9995135, -0.0003284514, -0.029645026, 0.009651229), (0.9995135, -0.0003284514, -0.029645026, 0.009651244), (0.99951357, -0.0003284812, -0.029644966, 0.009651303), (0.4769081, -0.52207524, -0.47690427, -0.5220711), (0.23348801, 0.044806726, 0.048773617, 0.9701015), (0.63910365, -0.026718982, 0.07144277, 0.76532906), (-0.026981749, 0.97220254, 0.23157993, -0.021563143), (0.000024944544, 0.70733935, 0.70687366, 0.00060260296), (0.9999939, 0.00005859323, -0.000056251884, 0.0033981875), (0.9999995, 2.1606684e-7, -0.0000011920929, -0.0011720322), (0.52630943, -0.5116562, 0.5033101, 0.45594484), (0.99999905, 3.252644e-7, 6.2584877e-7, -0.0014619697), (0.99985856, -0.0072091105, 0.0005710721, 0.015179344), (0.9997815, -0.014360652, 0.00046375394, 0.015183164), (0.99964845, -0.02172815, 0.00035217404, 0.015186337), (0.9998672, -0.00012194365, -0.0022592694, -0.016144402), (0.99986714, -0.00012211502, -0.0022583902, -0.01614443), (0.9998672, -0.000121537596, -0.002258554, -0.016144417), (0.99088013, -0.062675446, -0.0044052163, -0.11920049), (0.9321239, -0.006762325, 0.025398478, 0.36118382), (0.008445486, 0.9584904, -0.2838071, 0.026037902), (-0.00014328957, 0.7091493, 0.7050581, 0.000027537346), (0.9999896, 0.000011904165, 0.000038057566, 0.004498762), (0.99999917, 1.17346644e-7, -0.0000011678785, -0.0011719465), (-0.51165783, -0.5263104, -0.45594186, 0.5033093), (0.9999988, 3.306195e-7, 5.9604645e-7, -0.0014619138), (0.9999498, -0.0072742, 0.000013530254, 0.006836988), (0.99987245, -0.014423337, -0.000035226345, 0.006836919), (0.99973893, -0.021788418, -0.00008556247, 0.0068364106), (0.9999942, 0.000060681254, 0.00043232366, 0.0032941122), (0.9999943, 0.000060518272, 0.00043236837, 0.0032939687), (0.9999943, 0.000061202794, 0.0004324913, 0.0032941122), (0.50000054, -0.500001, -0.5000033, -0.4999949), (0.50000054, -0.500001, -0.5000033, -0.4999949), (0.50000054, -0.500001, -0.5000033, -0.4999949), (0.50000054, -0.500001, -0.5000033, -0.4999949)],
                7: [(0.99999964, 0.000075451346, -0.0006880473, -0.0005003479), (0.4665765, 0.53576994, 0.47534177, 0.518948), (0.9989586, -0.015678199, -0.00026015937, 0.042841345), (0.99922425, 0.013524962, 0.003427595, 0.036819823), (0.99989676, 0.013337204, 0.00080285966, 0.0052158833), (0.9992583, 0.00366924, -0.0077234507, 0.037532657), (0.67728555, 0.10249296, -0.7280735, -0.026215509), (0.94454384, 0.010671139, -0.32540333, 0.042829677), (0.61771137, -0.18522754, -0.18345192, 0.741935), (0.9999993, 0, -8.940697e-8, 0), (0.9999988, -0.00033022463, -0.00038972497, 0.0009941161), (0.9999988, -0.00033022463, -0.00038972497, 0.0009941012), (0.9999987, -0.00033022463, -0.00038975477, 0.0009941012), (0.66012454, 0.7501823, -0.03725043, 0.008574665), (0.99681455, 0.020054787, 0.05551365, -0.05362594), (0.83015275, 0.008497089, 0.02993998, 0.55666584), (0.7891211, -0.02195096, -0.020001352, 0.6135189), (-0.688179, -0.026484698, 0.05698991, -0.7228138), (0.99935055, -0.02059269, 0.02102825, -0.020770341), (0.8562125, -0.018219203, -0.013101608, 0.5161353), (-0.71831536, -0.027619809, 0.036692187, -0.69419944), (0.8225553, 0.025428593, -0.050362945, 0.56587857), (0.99999964, -0.000011205673, 0.0000013709068, 0.0000022947788), (0.99731016, 0.008005559, -0.04848951, 0.05437106), (-0.8977329, 0.059645265, -0.1567539, -0.40736383), (0.70013916, -0.0119972825, 0.12738545, 0.7024479), (0.7401891, 0.03485915, 0.16024515, 0.65209293), (0.98925304, -0.13916558, -0.03470075, 0.028396428), (0.8760062, 0.09364319, 0.033597946, 0.47192603), (-0.6956685, 0.005051255, -0.060689986, -0.71577597), (0.7423471, -0.00087335706, 0.06721854, 0.66663367), (0.8088479, 0.3840778, 0.44416177, -0.031125873), (0.9808722, 0.09318654, -0.07422763, 0.15393275), (0.950107, 0.0727677, 0.013300985, 0.3030239), (0.95193946, -0.0044205193, 0.0045794398, 0.30621856), (-0.05541428, -0.99832654, 0.0003029257, 0.016509265), (0.9997519, 0.00047770143, -0.021850541, 0.004131578), (0.99975187, 0.00047773123, -0.021850526, 0.004131593), (0.99975187, 0.00047773123, -0.021850556, 0.0041315705), (0.99935293, -0.017940378, 0.025220916, 0.018293524), (0.99999905, -0.00077804085, 0.00059346855, 0.0000020544976), (0.9999788, -0.0007937215, -0.0058550686, -0.002576468), (0.9968042, -0.022253804, -0.008674011, -0.07622233), (0.51130646, -0.48755753, -0.4760385, -0.52367824), (0.47614503, -0.5227672, -0.51150244, -0.4882261), (0.99999994, 1.4901161e-8, -7.450581e-9, 1.1641532e-9), (0.511503, -0.4882254, -0.47614455, -0.5227676), (0.9999994, 7.450581e-9, 3.7252903e-9, 2.3283064e-9), (0.47164106, -0.5268381, -0.47163704, -0.5268336), (0.12487355, 0.73613465, 0.06413552, 0.66211605), (0.9364993, 0.033449054, -0.34024346, 0.07799562), (0.6644143, -0.14311272, -0.17150521, 0.7132022), (0.99999946, -1.4901161e-8, -2.9802322e-8, -2.9802322e-8), (0.9999994, -0.00060771406, -0.00028449297, 0.00022782385), (0.9999994, -0.00060769916, -0.00028449297, 0.00022779405), (0.9999994, -0.00060769916, -0.00028449297, 0.00022779405), (0.69473255, 0.69753623, -0.03811437, -0.17127886), (0.9966644, 0.018732846, 0.053287238, -0.05889526), (0.7956637, -0.106535465, 0.09303671, 0.58899283), (-0.7891613, 0.021722645, 0.017774947, -0.61354315), (0.6921097, 0.04254943, -0.07360965, 0.716766), (0.9993137, -0.017837673, 0.018896997, -0.026379287), (0.8240514, -0.12356648, 0.06506795, 0.5490318), (-0.7209717, -0.02774483, 0.03543105, -0.6915009), (0.8232604, 0.022864908, -0.049954027, 0.56499815), (0.99999964, 0.000011473894, 0, -1.1920929e-7), (0.9867481, -0.114429295, -0.09510994, 0.06471181), (0.89188445, 0.012485534, 0.22002837, 0.39493433), (-0.6972085, 0.012955785, -0.12726068, -0.7053626), (0.7393682, 0.035296112, 0.15956414, 0.65316707), (0.98990285, -0.13520291, -0.036186457, 0.02240473), (0.8773384, 0.049302667, 0.08751571, 0.46924028), (-0.69533056, 0.009465337, -0.060546793, -0.7160718), (0.74829555, -0.037513316, 0.09670788, 0.6552046), (0.80773234, 0.3606931, 0.46192306, -0.06399351), (0.98426974, 0.084845066, -0.06870046, 0.13890192), (0.96128035, 0.126111, 0.034243703, 0.24261585), (0.9624394, -0.011941554, 0.0051598847, 0.27118284), (0.9983271, -0.05541423, 0.016474545, -0.00029289722), (0.99863774, -0.0017588437, -0.05066441, 0.012307165), (0.99863774, -0.0017589331, -0.05066441, 0.012307208), (0.99863774, -0.0017588437, -0.05066441, 0.012307165), (0.4769079, -0.52207494, -0.47690403, -0.5220708), (0.30924082, 0.023963418, 0.0127875805, 0.9505955), (0.67731476, -0.02735152, 0.027446449, 0.7346719), (-0.03886713, 0.98428684, 0.16582042, -0.046602964), (0.0003156364, 0.7054337, 0.7087753, -0.00014191866), (0.99999213, 0.00002265349, -0.0001559481, 0.003845483), (0.99999917, 2.2351742e-7, -0.0000012814999, -0.001172021), (0.5263093, -0.511656, 0.50330985, 0.4559447), (0.9999988, 3.1804666e-7, 6.556511e-7, -0.0014619585), (0.99997497, -0.007034241, -0.00024601817, -0.00047892518), (0.99989915, -0.014172215, -0.00024163723, -0.00048050843), (0.9997679, -0.021526314, -0.00023809075, -0.00048202462), (0.9999989, -0.0007163696, -0.00027802587, -0.0010669343), (0.9999989, -0.00071657635, -0.0002771914, -0.0010669385), (0.9999988, -0.0007159393, -0.0002772361, -0.0010669483), (0.9977719, -0.017914021, 0.016498275, 0.062109165), (0.9805546, -0.03183429, 0.017609626, 0.19284226), (-0.0027122796, 0.97090423, -0.23793177, 0.026932806), (-0.004473895, 0.6729455, 0.739677, -0.0012689829), (0.99998975, 0.000049315393, 0.000013768673, 0.0044151004), (0.99999917, 1.359731e-7, -0.0000011473894, -0.0011719577), (-0.51165783, -0.5263104, -0.45594192, 0.5033093), (0.99999857, 3.3713877e-7, 5.9604645e-7, -0.0014619082), (0.9999711, -0.007437821, -0.00030979514, -0.0011721998), (0.9998924, -0.014590316, -0.00030127168, -0.0011744238), (0.99975765, -0.021958563, -0.0002925992, -0.0011765361), (0.9999989, 0.0007925993, -0.00011181831, -0.0008703419), (0.9999989, 0.00079244655, -0.00011189282, -0.0008702767), (0.9999989, 0.0007931078, -0.00011176616, -0.0008703987), (0.5000004, -0.5000009, -0.5000032, -0.49999487), (0.5000004, -0.5000009, -0.5000032, -0.49999487), (0.5000004, -0.5000009, -0.5000032, -0.49999487), (0.5000004, -0.5000009, -0.5000032, -0.49999487)],
                8: [(0.9999996, 0.00042361763, -0.0005613204, -0.0005038633), (0.46512714, 0.53634167, 0.45846406, 0.5346073), (0.99930525, 0.02569991, -0.004675217, 0.026579056), (0.9992122, 0.03054918, 0.0009940937, 0.025304602), (0.9994861, 0.029984519, -0.0018417686, 0.011163361), (0.99795127, 0.03975039, -0.004580438, 0.049914308), (0.66231906, 0.08925542, -0.74134684, -0.06140805), (0.9579863, 0.01743868, -0.2862761, -0.0018438846), (0.64648265, -0.13163729, -0.21250202, 0.7208147), (0.9999994, 0, -8.940697e-8, 0), (0.9999993, -0.00020644069, -0.00035902858, 0.0005618036), (0.9999993, -0.00020645559, -0.00035902858, 0.0005618036), (0.9999993, -0.00020647049, -0.00035902858, 0.0005618185), (0.63271165, 0.766181, -0.110203624, -0.022292018), (0.99680793, 0.020127267, 0.05430296, -0.0549483), (0.83015287, 0.008489549, 0.029930502, 0.5566667), (0.7891394, -0.02191019, -0.019979231, 0.6134976), (-0.68813694, -0.026439846, 0.056925476, -0.7228608), (0.9993446, -0.020608217, 0.019870639, -0.022138715), (0.85621274, -0.018238127, -0.013080955, 0.51613516), (-0.7183293, -0.027591616, 0.03673348, -0.6941841), (0.8225366, 0.02544856, -0.050352663, 0.5659059), (0.99999964, -0.000011175871, 0.0000014305115, 0.0000022947788), (0.9973253, 0.0077860355, -0.0496611, 0.053054154), (-0.8977591, 0.0596112, -0.15670235, -0.40733123), (0.700107, -0.01200825, 0.12742302, 0.7024734), (0.74020064, 0.034866065, 0.1602152, 0.6520873), (0.98923826, -0.13931727, -0.035682768, 0.026910782), (0.87603235, 0.09366226, 0.033611685, 0.4718728), (-0.69560236, 0.0051089227, -0.060709983, -0.71583843), (0.7423767, -0.00086829066, 0.06717205, 0.6666057), (0.80864894, 0.38439003, 0.44421604, -0.0316602), (0.9806539, 0.09303324, -0.07573578, 0.15467927), (0.95010185, 0.07276584, 0.013294041, 0.30304092), (0.95193744, -0.0044173338, 0.0045889467, 0.30622426), (-0.05541426, -0.9983265, 0.00030289963, 0.01650928), (0.9999794, 0.0000846982, -0.0061463714, 0.001666829), (0.9999794, 0.000084728, -0.0061463416, 0.0016668439), (0.9999794, 0.000084728, -0.0061463714, 0.0016668439), (0.9952891, -0.09380646, 0.009445369, 0.022582468), (0.9999992, -0.0007108217, 0.00049090385, -0.00010550022), (0.999978, -0.000726969, -0.005957529, -0.0026845485), (0.99616486, -0.021954603, 0.02443032, -0.08109215), (0.5113066, -0.48755762, -0.4760386, -0.5236783), (0.47614512, -0.5227673, -0.51150256, -0.4882261), (1, 1.4901161e-8, -7.450581e-9, 1.1641532e-9), (0.51150304, -0.48822552, -0.47614458, -0.52276766), (0.9999996, 7.450581e-9, 3.7252903e-9, 2.7939677e-9), (0.47164112, -0.5268382, -0.47163707, -0.52683365), (0.10455157, 0.7311295, 0.03006196, 0.6735085), (0.9202007, 0.01780954, -0.36220104, 0.14738528), (0.6752789, -0.2136926, -0.064216465, 0.7029997), (0.9999991, 0, -2.9802322e-8, -1.4901161e-8), (0.99999917, -0.00028400123, 0.0004169643, -0.000028178096), (0.99999917, -0.00028401613, 0.0004169643, -0.000028178096), (0.99999917, -0.00028401613, 0.0004169643, -0.000028192997), (0.6312289, 0.74906915, 0.06691137, -0.18964958), (0.9966668, 0.01863119, 0.053910762, -0.058312774), (0.79565704, -0.106506884, 0.09299651, 0.58901286), (-0.7891661, 0.021702647, 0.017730061, -0.6135385), (0.6921059, 0.042533845, -0.07361129, 0.71677023), (0.9993167, -0.017897487, 0.019502312, -0.025774002), (0.82404435, -0.12354365, 0.06502628, 0.54905254), (-0.72097754, -0.027765423, 0.035395887, -0.69149625), (0.8232575, 0.022856444, -0.04995978, 0.5650028), (0.9999993, 0.000011473894, -5.9604645e-8, -1.4901161e-7), (0.9867667, -0.11435887, -0.09455708, 0.06535491), (0.8918816, 0.012491554, 0.21995312, 0.39498207), (-0.6972125, 0.012888104, -0.12732953, -0.7053473), (0.7393764, 0.03523928, 0.15959165, 0.65315396), (0.98990726, -0.13519648, -0.035656005, 0.02307865), (0.87733257, 0.04933104, 0.08746034, 0.4692582), (-0.6953311, 0.009410292, -0.060625814, -0.71606505), (0.7482981, -0.03757301, 0.096737504, 0.6551937), (0.8075081, 0.36041927, 0.46256447, -0.06372851), (0.98427993, 0.08478517, -0.068689555, 0.13886973), (0.96128345, 0.12613414, 0.03427267, 0.24258675), (0.96244085, -0.011942744, 0.005157739, 0.27117655), (0.9983268, -0.0554142, 0.016474575, -0.00029289722), (0.9991268, -0.0024044216, -0.041694935, -0.00022274256), (0.9991268, -0.0024044514, -0.041694958, -0.00022275746), (0.9991268, -0.0024044216, -0.041694924, -0.00022272766), (0.47690794, -0.52207506, -0.4769041, -0.5220709), (0.36531532, 0.020160064, -0.020032346, 0.93044996), (0.7511522, -0.022018632, 0.005043786, 0.6597425), (-0.02602649, 0.9955464, 0.06363684, -0.06449944), (0.0004104972, 0.7065462, 0.7076659, -0.00086051226), (0.9999886, 0.000024158508, -0.00017383695, 0.004694648), (0.9999994, 2.2724271e-7, -0.0000012516975, -0.001172028), (0.5263094, -0.5116561, 0.5033099, 0.45594472), (0.9999989, 3.259629e-7, 6.854534e-7, -0.0014619753), (0.9999664, -0.00696055, -0.000013679266, -0.0043248087), (0.9998908, -0.014112091, 0.000018626451, -0.00432479), (0.9997598, -0.021479651, 0.000050783157, -0.00432441), (0.99999094, -0.00038881693, -0.00018662214, 0.004255765), (0.99999094, -0.0003889287, -0.00018563867, 0.004255795), (0.99999094, -0.0003883494, -0.00018581748, 0.0042558415), (0.9901629, 0.022837156, 0.019596323, 0.13664554), (0.9899695, -0.058148846, 0.012982339, 0.12810415), (-0.009621414, 0.9996886, -0.010503818, 0.020496786), (0.0033769608, 0.4832006, 0.87550133, 0.0018337518), (0.99999535, 0.000089581124, -0.0000859499, 0.0030354576), (0.99999964, 9.9651515e-8, -0.0000011920929, -0.0011719149), (-0.5116581, -0.5263106, -0.45594206, 0.50330955), (0.9999991, 3.3905962e-7, 6.2584877e-7, -0.001461912), (0.9999542, -0.0074413493, 0.000106304884, -0.0060216896), (0.9998754, -0.014593481, 0.00014927983, -0.0060208924), (0.9997407, -0.021961527, 0.00019365549, -0.006019607), (0.99999225, 0.0005860273, -0.00042189658, -0.003909616), (0.9999922, 0.0005858522, -0.0004220158, -0.0039095823), (0.9999922, 0.0005865954, -0.00042192638, -0.0039095804), (0.5000006, -0.500001, -0.50000334, -0.499995), (0.5000006, -0.500001, -0.50000334, -0.499995), (0.5000006, -0.500001, -0.50000334, -0.499995), (0.5000006, -0.500001, -0.50000334, -0.499995)],
                9: [(0.9999999, 0.000037971065, -0.00026836473, -0.00032797604), (0.4660794, 0.5450528, 0.45449436, 0.52832013), (0.99894404, 0.040767673, 0.0017018095, 0.021110907), (0.9990194, 0.039974518, -0.0027201772, 0.01882787), (0.9991287, 0.039658435, -0.007285841, 0.010757089), (0.9962654, 0.06687298, -0.012446955, 0.053179875), (0.6531862, 0.07852417, -0.7475915, -0.09104104), (0.97132087, 0.022490114, -0.23306464, -0.041357964), (0.6694256, -0.062777996, -0.24190915, 0.699577), (0.99999976, -1.4901161e-8, -8.940697e-8, 0), (0.99999976, -0.000056132674, -0.0003745854, 0.0003914088), (0.9999997, -0.000056102872, -0.0003745556, 0.0003913641), (0.9999997, -0.000056102872, -0.0003745556, 0.0003913641), (0.6250493, 0.76876247, -0.13208312, -0.029520929), (0.99672985, 0.01942201, 0.054153025, -0.05674222), (0.83015835, 0.0084943175, 0.029931962, 0.5566587), (0.78912914, -0.021889076, -0.019983672, 0.6135118), (-0.6881594, -0.026440784, 0.056887835, -0.72284234), (0.99928904, -0.021378115, 0.019818813, -0.023911446), (0.8562176, -0.018220529, -0.013067201, 0.5161287), (-0.71833044, -0.02757369, 0.03671471, -0.69418544), (0.8225384, 0.025436476, -0.050351948, 0.5659049), (1.0000001, -0.00001116097, 0.0000014305115, 0.0000023245811), (0.9974213, 0.0068999976, -0.04967974, 0.051330447), (-0.89776397, 0.05964093, -0.15668432, -0.40732342), (0.7000893, -0.012019187, 0.12740993, 0.7024934), (0.74020875, 0.03486979, 0.16018644, 0.6520854), (0.9891696, -0.14017491, -0.035486728, 0.02519685), (0.87605065, 0.09366736, 0.03364539, 0.47183567), (-0.69556475, 0.0051646978, -0.060708974, -0.7158747), (0.7423913, -0.0008691102, 0.06713131, 0.6665936), (0.8079752, 0.38518858, 0.44478294, -0.03120786), (0.98069435, 0.09267139, -0.07818103, 0.15342103), (0.95011693, 0.07274512, 0.013253897, 0.30300128), (0.9519354, -0.004417544, 0.0045963954, 0.30623108), (-0.05541432, -0.9983269, 0.00030286983, 0.01650931), (0.99999505, -0.00015953183, 0.0025343895, -0.0018362105), (0.99999505, -0.00015953183, 0.0025343895, -0.0018362105), (0.999995, -0.00015953183, 0.0025344193, -0.0018362105), (0.98919857, -0.14219429, 0.02010414, 0.029371068), (0.99999136, -0.00091058575, 0.0024297088, 0.003229741), (0.9999912, -0.0009089466, -0.004019305, 0.00065156445), (0.9955871, -0.021756206, 0.04393591, -0.0800157), (0.51130676, -0.48755786, -0.47603875, -0.52367854), (0.47614527, -0.52276754, -0.51150274, -0.48822632), (1.0000005, 1.4901161e-8, -5.5879354e-9, 1.3969839e-9), (0.51150316, -0.4882257, -0.47614476, -0.52276784), (0.9999999, 7.450581e-9, 3.7252903e-9, 2.7939677e-9), (0.4716413, -0.5268384, -0.47163725, -0.5268339), (0.07449678, 0.73177844, 0.0074258745, 0.6774179), (0.90169615, 0.011237085, -0.38599265, 0.19449103), (0.65526503, -0.25027213, 0.044266403, 0.7113588), (0.9999994, 0, -2.9802322e-8, -1.4901161e-8), (0.99999934, 0.00018776953, 0.00012329221, 0.0006522238), (0.99999934, 0.00018776953, 0.00012329221, 0.0006522238), (0.99999934, 0.00018776953, 0.00012332201, 0.0006522387), (0.59574044, 0.77763724, 0.11368632, -0.16567516), (0.99669755, 0.017484546, 0.054792196, -0.057315886), (0.79569787, -0.10646939, 0.09304729, 0.5889571), (-0.7891673, 0.02173552, 0.017740037, -0.6135361), (0.6921072, 0.0425348, -0.073618054, 0.7167685), (0.99930644, -0.018975645, 0.020380884, -0.024704933), (0.8240837, -0.12351248, 0.06508443, 0.5489936), (-0.72097856, -0.02773735, 0.03540224, -0.6914961), (0.82325876, 0.022855759, -0.04996103, 0.56500095), (0.99999964, 0.000011473894, -5.9604645e-8, -8.940697e-8), (0.9866628, -0.1152159, -0.09370682, 0.06663242), (0.8918991, 0.012529224, 0.22005254, 0.39488554), (-0.6972065, 0.0129722655, -0.12730438, -0.705356), (0.7393745, 0.035259515, 0.15954617, 0.65316606), (0.9897746, -0.13615933, -0.03486228, 0.02430591), (0.87735975, 0.049363583, 0.08754048, 0.46918958), (-0.6953291, 0.009483337, -0.060603306, -0.7160682), (0.74829996, -0.037555277, 0.096690565, 0.65519977), (0.8085509, 0.35999236, 0.46121958, -0.06266399), (0.9847162, 0.08488205, -0.06695396, 0.13654898), (0.9612957, 0.12615336, 0.03428939, 0.24252793), (0.9624398, -0.0119434595, 0.005164057, 0.27118295), (0.998327, -0.05541426, 0.016474545, -0.00029292703), (0.9998092, -0.0009370446, -0.019098803, -0.0038887858), (0.9998092, -0.000937134, -0.019098796, -0.0038887858), (0.9998092, -0.0009371042, -0.01909884, -0.003888756), (0.47690812, -0.52207524, -0.47690424, -0.5220711), (0.35570794, 0.023310643, -0.025981009, 0.93394494), (0.85557795, -0.008648103, -0.0051258327, 0.5175761), (0.0079266075, 0.99532783, -0.06109656, -0.07433912), (0.00018957257, 0.7062153, 0.7079961, -0.00075387955), (0.999992, 0.000022094697, 0.000030040741, 0.0038506165), (0.99999917, 2.3469329e-7, -0.000001206994, -0.0011719912), (0.5263092, -0.511656, 0.50330985, 0.4559447), (0.9999988, 3.1571835e-7, 6.854534e-7, -0.0014619268), (0.99997747, -0.0066638156, 0.000089630485, 0.0003193915), (0.99990416, -0.013816148, 0.000088497996, 0.00032007694), (0.9997752, -0.021184493, 0.00008663535, 0.0003206581), (0.9999998, -0.000088906614, -0.00025838614, 0.0002486147), (0.99999976, -0.00008907681, -0.00025737286, 0.00024861097), (0.9999998, -0.00008844375, -0.00025752187, 0.00024867058), (0.9790783, 0.039786756, 0.033459738, 0.19673035), (0.99469507, -0.07957658, 0.010912597, 0.06426245), (-0.02586937, 0.95291597, 0.30194116, -0.010636538), (0.0022004545, 0.4220394, 0.9065578, 0.0055048466), (0.9999966, 0.000078033656, 0.00013801455, 0.0023964532), (0.9999993, 1.1920929e-7, -0.0000011622906, -0.0011719242), (-0.5116579, -0.52631044, -0.45594192, 0.5033093), (0.9999988, 3.2735988e-7, 6.2584877e-7, -0.0014619417), (0.9999703, -0.0074208337, 0.0001000762, -0.0019073598), (0.99989176, -0.014570824, 0.000113874674, -0.0019066185), (0.9997571, -0.02193661, 0.00012794137, -0.0019057989), (0.99999964, 0.00034894794, 0.00021493435, 0.0005574934), (0.9999996, 0.00034880266, 0.00021493435, 0.0005575195), (0.9999996, 0.00034956075, 0.00021487474, 0.0005575232), (0.50000054, -0.50000095, -0.5000033, -0.4999949), (0.50000054, -0.50000095, -0.5000033, -0.4999949), (0.50000054, -0.50000095, -0.5000033, -0.4999949), (0.50000054, -0.50000095, -0.5000033, -0.4999949)],
                10: [(1, -0.00003404882, -0.00005616894, -0.000060558457), (0.46448338, 0.5554297, 0.4542376, 0.5190578), (0.9988829, 0.040691335, 0.01378309, 0.01966759), (0.99890924, 0.043338716, -0.007005103, 0.015891902), (0.99898964, 0.043213688, -0.008798666, 0.008636385), (0.9955964, 0.07922773, -0.011921808, 0.04866442), (0.65492463, 0.06419402, -0.7431716, -0.12103059), (0.97608316, 0.017125815, -0.20716614, -0.06363833), (0.65369266, -0.03483267, -0.28574482, 0.69987285), (0.99999964, -1.4901161e-8, -5.9604645e-8, 7.450581e-9), (0.99999964, -0.00014223158, -0.00036889315, 0.00045462698), (0.99999964, -0.00014223158, -0.00036889315, 0.00045462698), (0.99999964, -0.00014221668, -0.00036895275, 0.00045465678), (0.6453452, 0.75216997, -0.13328981, 0.001824975), (0.996734, 0.019652575, 0.05494851, -0.055811822), (0.8301579, 0.008547351, 0.029885769, 0.5566605), (0.7891134, -0.02188161, -0.01999753, 0.61353135), (-0.6881889, -0.026454061, 0.056875497, -0.7228144), (0.9993018, -0.021092236, 0.02056849, -0.022962421), (0.856218, -0.018145174, -0.0131031275, 0.51612926), (-0.7183312, -0.027538195, 0.03668627, -0.69418687), (0.82254034, 0.02542077, -0.050373435, 0.5658996), (0.9999999, -0.000011175871, 0.0000014305115, 0.0000023245811), (0.99741113, 0.0073212683, -0.048914075, 0.05219528), (-0.89775455, 0.05962731, -0.15662055, -0.40737027), (0.70009124, -0.01202172, 0.12738422, 0.70249563), (0.7402146, 0.03487751, 0.16016254, 0.65208364), (0.9892186, -0.13979645, -0.034870803, 0.02621153), (0.8760648, 0.093710065, 0.03362432, 0.47180262), (-0.6955288, 0.005215004, -0.060690746, -0.715911), (0.7424065, -0.0008659512, 0.06709474, 0.6665805), (0.80843055, 0.3844159, 0.44450945, -0.032788306), (0.980645, 0.092987664, -0.07583463, 0.15471627), (0.95010173, 0.07279805, 0.01330474, 0.30303398), (0.9519331, -0.0044168867, 0.0046030506, 0.3062385), (-0.0554143, -0.99832666, 0.0003028959, 0.016509272), (0.9999993, -0.00024491549, 0.0003375411, -0.000747025), (0.9999993, -0.00024491549, 0.0003375411, -0.000747025), (0.9999993, -0.00024491549, 0.0003375113, -0.0007470548), (0.9861144, -0.1619356, 0.02324298, 0.028540634), (0.99992037, -0.001547806, 0.0061404407, 0.010895908), (0.999964, -0.001505699, -0.00030979514, 0.008321498), (0.9956484, -0.022977736, 0.045766234, -0.077854805), (0.51130664, -0.48755774, -0.4760387, -0.5236784), (0.47614518, -0.5227674, -0.5115027, -0.48822623), (1.0000004, 7.450581e-9, -7.450581e-9, 9.313226e-10), (0.5115031, -0.48822564, -0.47614467, -0.5227678), (0.99999976, 7.450581e-9, 3.7252903e-9, 2.7939677e-9), (0.4716412, -0.52683836, -0.4716372, -0.52683383), (0.045245603, 0.7201612, 0.0099514425, 0.692258), (0.8883747, 0.00956434, -0.4034187, 0.21897852), (0.6242401, -0.2647812, 0.097194254, 0.72853804), (0.9999994, 0, -2.9802322e-8, -2.2351742e-8), (0.9999993, 0.00025317073, 0.0001258254, 0.00058056414), (0.9999993, 0.00025317073, 0.0001258254, 0.00058056414), (0.9999993, 0.00025318563, 0.00012585521, 0.00058056414), (0.6301497, 0.7622712, 0.11879295, -0.08798441), (0.9966968, 0.01611787, 0.05579552, -0.05675727), (0.7957467, -0.10641967, 0.09304407, 0.5889005), (-0.7891662, 0.021762311, 0.017766371, -0.6135355), (0.69211054, 0.042540476, -0.07361114, 0.7167655), (0.99927473, -0.020286143, 0.021405667, -0.024064153), (0.8241326, -0.123466104, 0.06508881, 0.54892975), (-0.7209768, -0.027715325, 0.035422474, -0.69149715), (0.82326114, 0.022857398, -0.049946517, 0.56499815), (0.9999994, 0.000011503696, 2.9802322e-8, -1.1920929e-7), (0.9865693, -0.11633712, -0.09265381, 0.067534596), (0.8919325, 0.012604147, 0.22012284, 0.39476898), (-0.697197, 0.013089061, -0.12727001, -0.7053697), (0.7393746, 0.03529176, 0.15948436, 0.6531796), (0.98962116, -0.13736907, -0.033859998, 0.025138915), (0.8773964, 0.049417377, 0.087578565, 0.46910787), (-0.6953216, 0.009582251, -0.06056399, -0.71607745), (0.74830556, -0.03752312, 0.09662852, 0.65520406), (0.80940413, 0.35916623, 0.4603755, -0.06259227), (0.9850179, 0.08508424, -0.06542423, 0.1349767), (0.96128094, 0.12614608, 0.034282833, 0.24258903), (0.96243656, -0.011945546, 0.005171865, 0.27119216), (0.9983268, -0.0554142, 0.016474545, -0.00029292703), (0.9999579, -0.0001885891, -0.0088626, -0.0022011101), (0.9999579, -0.0001886189, -0.00886257, -0.0022010505), (0.99995786, -0.0001886487, -0.0088626295, -0.002200991), (0.47690806, -0.5220752, -0.4769042, -0.52207106), (0.29901084, 0.019091561, -0.022593468, 0.9537909), (0.9559023, -0.0038821134, -0.0024141818, 0.29364845), (0.039967384, 0.99070656, -0.11857705, -0.053310245), (0.0017190874, 0.6756252, 0.7372396, 0.0021604002), (0.99999404, -0.000035129488, 0.0000104904175, 0.0033417866), (0.9999991, 2.1606684e-7, -0.0000012256205, -0.0011720359), (0.52630913, -0.5116559, 0.50330985, 0.4559446), (0.9999988, 2.9988587e-7, 6.92904e-7, -0.0014620051), (0.999975, -0.007014629, 0.0002470389, -0.00043152273), (0.99989927, -0.014166519, 0.00025116652, -0.000429634), (0.99976766, -0.02153444, 0.00025482476, -0.00042778626), (0.9999994, -0.00007444946, -0.00010217726, 0.00078523904), (0.99999946, -0.00007461803, -0.00010120869, 0.0007850863), (0.9999994, -0.00007399777, -0.0001013726, 0.00078510866), (0.97088933, 0.04418978, 0.05162646, 0.22968587), (0.9943576, -0.09234427, 0.011121005, 0.051007636), (-0.02998896, 0.93749243, 0.34573856, -0.025950164), (0.000988692, 0.6664264, 0.745558, 0.0042000115), (0.99998045, 0.00009629503, -0.00024932623, 0.0061560646), (0.99999934, 1.2665987e-7, -0.0000011920929, -0.0011719167), (-0.51165795, -0.5263105, -0.45594198, 0.5033094), (0.99999905, 3.0500814e-7, 6.556511e-7, -0.0014619306), (0.99997294, -0.007353851, -0.00009608269, -0.00031966716), (0.99989474, -0.014506325, -0.000093609095, -0.00032042712), (0.9997607, -0.021874553, -0.00009134412, -0.0003210269), (0.9999999, 0.00018036738, 0.000100940466, 0.00031757355), (0.99999976, 0.00018016994, 0.00010091066, 0.00031754002), (0.9999998, 0.0001809001, 0.00010102987, 0.00031757727), (0.5000005, -0.5000009, -0.5000032, -0.4999949), (0.5000005, -0.5000009, -0.5000032, -0.4999949), (0.5000005, -0.5000009, -0.5000032, -0.4999949), (0.5000005, -0.5000009, -0.5000032, -0.4999949)],
                11: [(1, 0.00000679474, -0.00008895707, -0.000034634388), (0.46126094, 0.5559634, 0.45541835, 0.52032405), (0.9988182, 0.042060312, 0.012642689, 0.020804936), (0.9988813, 0.043862253, -0.009141095, 0.015106082), (0.9989844, 0.043601833, -0.009051636, 0.006801501), (0.99548495, 0.08375768, -0.0098731965, 0.043539643), (0.66406286, 0.055039555, -0.7312618, -0.14575967), (0.9761871, 0.015481859, -0.19941077, -0.08398074), (0.65474534, 0.002302125, -0.3174523, 0.6859487), (0.99999905, 0, -8.940697e-8, 0), (0.999999, -0.00009307265, -0.0003041923, 0.00042156875), (0.999999, -0.000093087554, -0.0003041923, 0.0004215911), (0.999999, -0.00009305775, -0.0003041923, 0.00042158365), (0.6932843, 0.7104562, -0.11684586, 0.030894578), (0.99673945, 0.019524813, 0.055204183, -0.05550462), (0.83014894, 0.008545935, 0.029886693, 0.55667377), (0.7891175, -0.021881878, -0.019991789, 0.6135261), (-0.6881768, -0.026447192, 0.056878835, -0.7228258), (0.99930143, -0.021202117, 0.02081588, -0.022640288), (0.8562094, -0.018151283, -0.013105273, 0.5161425), (-0.7183324, -0.02754113, 0.036695436, -0.69418454), (0.8225359, 0.025424391, -0.05037096, 0.5659058), (0.9999995, -0.000011146069, 0.0000014305115, 0.0000022649765), (0.99740696, 0.007244408, -0.048648804, 0.052526593), (-0.8977584, 0.05961758, -0.15660746, -0.40736774), (0.7000822, -0.012021512, 0.12738913, 0.7025037), (0.7402151, 0.034881383, 0.16016096, 0.6520831), (0.98920494, -0.1398763, -0.03465998, 0.02656585), (0.8760577, 0.0937064, 0.033620387, 0.47181636), (-0.6955271, 0.0052144825, -0.060682207, -0.71591306), (0.7424066, -0.0008584857, 0.067094654, 0.66658), (0.80861866, 0.38404933, 0.4444512, -0.033225), (0.9806435, 0.09305011, -0.07515502, 0.15501723), (0.9501034, 0.072799444, 0.013302803, 0.30302757), (0.95193255, -0.004413739, 0.0046024546, 0.30623934), (-0.05541427, -0.9983262, 0.0003028959, 0.016509317), (0.99999905, -0.00014841557, 0.00016567111, -0.0005786717), (0.9999991, -0.00014847517, 0.00016567111, -0.0005786419), (0.9999991, -0.00014847517, 0.00016564131, -0.0005786717), (0.98529714, -0.16826338, 0.024143651, 0.01710485), (0.9998187, -0.0024501327, 0.010498717, 0.015648961), (0.99990267, -0.0023904825, 0.0040464103, 0.013080869), (0.99648374, -0.022483591, 0.040269636, -0.069939844), (0.5113064, -0.48755744, -0.4760385, -0.5236782), (0.47614497, -0.5227672, -0.5115024, -0.48822606), (0.9999999, 1.4901161e-8, -7.450581e-9, 1.3969839e-9), (0.51150286, -0.4882253, -0.47614446, -0.5227675), (0.9999992, 7.450581e-9, 7.450581e-9, 2.7939677e-9), (0.47164097, -0.52683806, -0.47163695, -0.52683353), (0.023717716, 0.71186316, 0.014726162, 0.70176196), (0.8840591, 0.008353263, -0.4140564, 0.21662219), (0.5962416, -0.26868588, 0.10906845, 0.7486026), (0.99999887, 1.4901161e-8, -2.9802322e-8, -1.4901161e-8), (0.9999989, -0.00002014637, 0.000009357929, 0.00047633052), (0.9999989, -0.00002014637, 0.000009357929, 0.00047632307), (0.9999989, -0.000020161271, 0.000009357929, 0.00047631562), (0.676893, 0.7249198, 0.12652707, -0.017209321), (0.9966935, 0.01594448, 0.056350708, -0.05630645), (0.79572386, -0.106443435, 0.09305978, 0.58892363), (-0.78916365, 0.02175656, 0.017805353, -0.6135372), (0.69211215, 0.042557508, -0.07360026, 0.71676356), (0.99927104, -0.020429522, 0.02194804, -0.023586899), (0.8241122, -0.12348166, 0.06509873, 0.54895526), (-0.7209735, -0.027719349, 0.03545557, -0.69149846), (0.82326233, 0.022868812, -0.049934477, 0.5649965), (0.99999905, 0.000011444092, -5.9604645e-8, -1.1920929e-7), (0.9865724, -0.11638099, -0.09215954, 0.06807935), (0.8919169, 0.012598157, 0.22014354, 0.39479107), (-0.69719696, 0.013107628, -0.12722088, -0.7053771), (0.73936677, 0.03532949, 0.15947872, 0.6531862), (0.9896103, -0.13746193, -0.033373564, 0.025681645), (0.8773779, 0.049400806, 0.087593466, 0.46913987), (-0.695323, 0.009597689, -0.060507894, -0.7160795), (0.74830174, -0.037481666, 0.09662089, 0.655211), (0.80992866, 0.35877177, 0.4596749, -0.06320855), (0.9851271, 0.085162774, -0.06374063, 0.1349333), (0.9612763, 0.12614591, 0.034290045, 0.24260561), (0.9624363, -0.011944056, 0.005169302, 0.27119213), (0.99832654, -0.0554142, 0.016474515, -0.00029289722), (0.99999094, 0.00004541874, -0.0037751645, -0.0012322366), (0.99999094, 0.00004541874, -0.0037751794, -0.0012322366), (0.99999094, 0.00004541874, -0.0037751645, -0.0012322366), (0.47690785, -0.52207494, -0.47690398, -0.5220709), (0.21862511, 0.0041065663, -0.029267728, 0.9753613), (0.99984515, -0.0040730257, 0.006252229, 0.015938833), (0.04585392, 0.99841917, -0.024132606, -0.02176246), (0.0063485205, 0.5810907, 0.81374913, 0.010245055), (0.9999949, -0.00005542487, -0.00002387166, 0.0030919472), (0.9999991, 2.1979213e-7, -0.0000012218952, -0.0011720285), (0.52630925, -0.51165605, 0.5033099, 0.45594466), (0.9999989, 3.0361116e-7, 6.854534e-7, -0.0014620125), (0.9999734, -0.007263202, 0.0000011920929, -0.00023627654), (0.99989593, -0.014415607, 0.000004030764, -0.00023609027), (0.9997624, -0.021783914, 0.000006325543, -0.000236094), (1.0000001, -0.000010123476, -0.000006109476, 0.00010384247), (1.0000001, -0.000010224059, -0.000005081296, 0.000103875995), (1.0000001, -0.000009685755, -0.0000053048134, 0.00010386109), (0.98026943, 0.045546703, 0.043476403, 0.18736863), (0.9761416, -0.092761084, 0.030241877, 0.1939799), (-0.03879428, 0.93826365, 0.34307954, -0.021267802), (0.0075107217, 0.8107815, 0.58529985, 0.00083619356), (0.99998796, -0.00010634959, -0.000023454428, 0.004850682), (0.99999917, 1.2293458e-7, -0.0000011622906, -0.0011719242), (-0.51165783, -0.52631044, -0.4559419, 0.50330937), (0.9999989, 3.3038668e-7, 6.2584877e-7, -0.0014619175), (0.9999733, -0.0072982283, -0.000050008297, -0.0000054463744), (0.99989533, -0.014450632, -0.00004991889, -0.0000057704747), (0.9997618, -0.021819085, -0.000049948692, -0.0000061430037), (1, 0.00004703924, -0.0000019073486, -0.000050593168), (0.9999999, 0.000046800822, -0.0000019669533, -0.000050611794), (1, 0.00004760176, -0.0000019073486, -0.00005058199), (0.5000006, -0.500001, -0.5000033, -0.499995), (0.5000006, -0.500001, -0.5000033, -0.499995), (0.5000006, -0.500001, -0.5000033, -0.499995), (0.5000006, -0.500001, -0.5000033, -0.499995)],
                12: [(1, 0.0001798263, 0.00004340109, -0.00007946808), (0.45915136, 0.55532265, 0.4516763, 0.526104), (0.99859214, 0.046246156, 0.01115898, 0.023464676), (0.9989589, 0.041686967, -0.01083722, 0.015029319), (0.9991014, 0.041371725, -0.007577978, 0.0052250028), (0.9959208, 0.08222773, -0.006612435, 0.036558032), (0.6709708, 0.0436368, -0.721372, -0.16587919), (0.9713209, 0.013484836, -0.21998617, -0.08921561), (0.6542272, 0.015929282, -0.33025172, 0.68019587), (0.99999964, -1.4901161e-8, -5.9604645e-8, 7.450581e-9), (0.99999964, 0.00013293326, -0.00041997433, 0.00037499517), (0.9999996, 0.00013291836, -0.00041997433, 0.00037501752), (0.9999996, 0.00013291836, -0.00041997433, 0.00037501007), (0.7428444, 0.6608429, -0.09918372, 0.040388197), (0.9967565, 0.019373804, 0.055323064, -0.05513847), (0.8301508, 0.008567631, 0.029862136, 0.5566723), (0.7891153, -0.02186945, -0.019998778, 0.61352926), (-0.6881816, -0.026450515, 0.056854516, -0.72282326), (0.9993054, -0.021338373, 0.020921856, -0.022265762), (0.85621285, -0.01811999, -0.013123006, 0.51613885), (-0.7183324, -0.0275314, 0.036690377, -0.6941862), (0.8225368, 0.025421917, -0.050370723, 0.56590635), (1.0000001, -0.000011205673, 0.0000014305115, 0.0000023543835), (0.99739486, 0.007149875, -0.048520297, 0.052895725), (-0.89776015, 0.059601486, -0.15658134, -0.40737703), (0.70008326, -0.012019336, 0.12739208, 0.7025024), (0.74021715, 0.03487602, 0.16015804, 0.65208185), (0.9891818, -0.13998526, -0.034591675, 0.026959628), (0.8760642, 0.09374419, 0.033595353, 0.47179958), (-0.6955147, 0.005224943, -0.060707368, -0.71592355), (0.742414, -0.00087299943, 0.06708613, 0.6665734), (0.8088683, 0.38352728, 0.4444068, -0.033783615), (0.98059577, 0.09316616, -0.07447481, 0.15558009), (0.9501013, 0.072806306, 0.013310313, 0.30303377), (0.951933, -0.004415177, 0.0046060532, 0.30623978), (-0.055414293, -0.99832684, 0.00030284747, 0.016509311), (0.99999964, -0.0001835823, 0.00008955598, -0.0006419718), (0.99999964, -0.0001835823, 0.00008955598, -0.0006419718), (0.99999964, -0.0001835823, 0.00008955598, -0.0006419718), (0.98551935, -0.16852929, 0.014463812, 0.011823073), (0.99976933, -0.0032452457, 0.013858318, 0.01606325), (0.99987614, -0.003191661, 0.007404223, 0.013500307), (0.9965558, -0.016989078, 0.04016909, -0.0705249), (0.5113067, -0.4875577, -0.47603863, -0.5236784), (0.47614515, -0.52276736, -0.5115026, -0.4882262), (1.0000002, 1.4901161e-8, -7.450581e-9, 1.3969839e-9), (0.5115031, -0.48822558, -0.4761447, -0.52276766), (0.9999997, 7.450581e-9, 7.450581e-9, 2.7939677e-9), (0.47164115, -0.52683824, -0.47163716, -0.5268338), (0.009255096, 0.7036513, 0.020929873, 0.71017635), (0.88714385, 0.011813313, -0.42070097, 0.18933032), (0.5848932, -0.26331025, 0.09815201, 0.7608764), (0.9999994, 0, -2.9802322e-8, -1.4901161e-8), (0.99999946, 0.0000057816505, 0.0000069737434, 0.00045328587), (0.99999946, 0.0000057816505, 0.0000069737434, 0.00045328587), (0.9999994, 0.0000057965517, 0.000006914139, 0.00045330822), (0.6950581, 0.70623875, 0.13321877, 0.019320399), (0.9966974, 0.016065925, 0.056687027, -0.05587712), (0.79571825, -0.106449455, 0.0930738, 0.58892953), (-0.78916246, 0.021762311, 0.017791107, -0.61354077), (0.6921144, 0.042537555, -0.07360986, 0.71676314), (0.9992781, -0.020282984, 0.022264332, -0.023149103), (0.82410717, -0.12348622, 0.065111786, 0.54896164), (-0.72097194, -0.027713537, 0.03543958, -0.6915023), (0.82326406, 0.022847801, -0.04994625, 0.5649952), (0.9999998, 0.000011473894, -2.9802322e-8, -8.940697e-8), (0.9865931, -0.116155, -0.09190354, 0.06852251), (0.8919088, 0.01257208, 0.22015746, 0.394805), (-0.6972005, 0.013098985, -0.12719178, -0.70538074), (0.7393653, 0.03534746, 0.15948683, 0.65318704), (0.98963356, -0.13727644, -0.033117354, 0.026142836), (0.87737286, 0.049378544, 0.08760393, 0.46915227), (-0.6953263, 0.009589672, -0.06048122, -0.7160803), (0.7483003, -0.037463933, 0.09662789, 0.65521437), (0.8100103, 0.35841876, 0.4597593, -0.06356341), (0.9850999, 0.08526138, -0.06305541, 0.1353971), (0.96128106, 0.12614271, 0.034296393, 0.24259096), (0.96243745, -0.011942282, 0.005167067, 0.27119145), (0.99832726, -0.05541423, 0.016474515, -0.00029286742), (0.99999034, 0.00028422475, -0.0037870556, -0.0019406974), (0.9999904, 0.00028422475, -0.0037870556, -0.001940757), (0.99999046, 0.00028422475, -0.0037870407, -0.001940757), (0.4769081, -0.5220752, -0.47690424, -0.52207106), (0.20032442, 0.0062414743, -0.036475956, 0.9790304), (0.9993254, -0.0031806044, 0.016789757, 0.032505117), (0.006140817, 0.99961525, -0.026795378, 0.003653586), (0.0024564266, 0.6322795, 0.7746757, 0.00968498), (0.9999921, -0.0000974983, -0.000005275011, 0.003933005), (0.9999993, 2.104789e-7, -0.0000011920929, -0.0011719987), (0.5263093, -0.51165605, 0.50330985, 0.45594466), (0.99999887, 3.2782555e-7, 6.92904e-7, -0.0014619492), (0.9999727, -0.0073626544, 0.00013634562, 0.000072006136), (0.9998945, -0.01451518, 0.00013691932, 0.000073019415), (0.9997603, -0.021883601, 0.00013683736, 0.00007403642), (1, -0.000028125942, -0.00004955381, -0.000109840184), (1, -0.000028369948, -0.000048607588, -0.00010988861), (0.99999994, -0.000027704053, -0.000048853457, -0.00010980293), (0.9957581, 0.0463626, 0.017901033, 0.0774336), (0.8906579, -0.07868277, 0.062116235, 0.44348526), (-0.033204675, 0.9696389, 0.24194828, -0.012601286), (0.012129545, 0.7928138, 0.60933816, 0.0024318993), (0.9999923, -0.00004723668, -0.000013291836, 0.0038265921), (0.9999994, 1.2665987e-7, -0.0000011622906, -0.0011719279), (-0.511658, -0.52631056, -0.45594203, 0.5033095), (0.9999989, 3.3614924e-7, 5.9604645e-7, -0.0014619278), (0.99997574, -0.0067722746, -0.00013828278, 0.0015562512), (0.9999018, -0.013922306, -0.00014922023, 0.0015552863), (0.9997722, -0.021288173, -0.00016078353, 0.0015542898), (0.9999987, -0.00040838588, -0.0005429536, -0.001533445), (0.9999987, -0.00040850043, -0.000543043, -0.001533594), (0.99999875, -0.0004078364, -0.0005429238, -0.001533471), (0.5000006, -0.50000095, -0.5000033, -0.49999496), (0.5000006, -0.50000095, -0.5000033, -0.49999496), (0.5000006, -0.50000095, -0.5000033, -0.49999496), (0.5000006, -0.50000095, -0.5000033, -0.49999496)],
                13: [(1, 0.00008595925, -0.00010063692, -0.00009293322), (0.45971498, 0.55143535, 0.4474299, 0.5332801), (0.9981643, 0.052448984, 0.007905565, 0.029233254), (0.9990852, 0.036960207, -0.013878524, 0.016427256), (0.99929017, 0.036336247, -0.008417755, 0.0052478686), (0.99640715, 0.07758093, -0.007811427, 0.033049434), (0.6660621, 0.04056865, -0.72650635, -0.16402179), (0.9650116, 0.02059707, -0.25608844, -0.05240658), (0.6623168, -0.02553612, -0.28236786, 0.6935071), (0.99999946, 0, -5.9604645e-8, -1.4901161e-8), (0.9999994, 0.00015245378, -0.00013175607, 0.000535056), (0.9999995, 0.00015240908, -0.00013172626, 0.000535056), (0.9999995, 0.00015242398, -0.00013172626, 0.0005350709), (0.7740983, 0.6254341, -0.09634048, 0.017933726), (0.9967892, 0.018511534, 0.0546287, -0.055525154), (0.83015203, 0.008532286, 0.029907614, 0.55666786), (0.78908575, -0.02183503, -0.020036407, 0.6135667), (-0.688259, -0.026506871, 0.056788087, -0.7227521), (0.9992903, -0.022233814, 0.020272434, -0.022643864), (0.856212, -0.018160671, -0.013090014, 0.5161388), (-0.71830636, -0.02758643, 0.036739007, -0.69420797), (0.8225846, 0.025488436, -0.050289363, 0.56584024), (0.9999996, -0.000011175871, 0.0000014305115, 0.0000023245811), (0.9973868, 0.0061754286, -0.049125344, 0.05260268), (-0.8977696, 0.059563547, -0.15664494, -0.4073368), (0.7000353, -0.012071103, 0.12749578, 0.7025304), (0.7402392, 0.034816846, 0.1601269, 0.6520678), (0.9890399, -0.14091888, -0.035144985, 0.026565254), (0.87607527, 0.093746126, 0.033630222, 0.47177488), (-0.69548076, 0.0052293837, -0.060803056, -0.7159476), (0.7424273, -0.0009391308, 0.06707153, 0.66655934), (0.8091874, 0.38316387, 0.44410038, -0.034280896), (0.9805834, 0.09279573, -0.07481977, 0.15571178), (0.9501057, 0.072799206, 0.013289273, 0.30302164), (0.9519335, -0.004424192, 0.004618332, 0.3062365), (-0.055414278, -0.99832636, 0.00030289032, 0.016509293), (0.99999964, 0.00004082918, -0.00008171797, -0.00027164817), (0.99999964, 0.00004082918, -0.00008171797, -0.00027164817), (0.99999964, 0.00004082918, -0.00008171797, -0.00027164817), (0.98660773, -0.1624759, 0.014062807, 0.0028268918), (0.9997711, -0.0033794846, 0.013997734, 0.015784767), (0.99987817, -0.0033275932, 0.007543251, 0.013222558), (0.9966743, -0.008365405, 0.039011963, -0.071046144), (0.5113066, -0.48755762, -0.47603855, -0.5236783), (0.4761451, -0.5227673, -0.51150256, -0.48822615), (1.0000001, 1.4901161e-8, -7.450581e-9, 1.3969839e-9), (0.511503, -0.4882255, -0.47614458, -0.52276766), (0.9999995, 7.450581e-9, 7.450581e-9, 2.3283064e-9), (0.47164112, -0.52683824, -0.47163707, -0.52683365), (-0.0051136464, 0.70030147, 0.024314523, 0.71341395), (0.8880088, 0.00362283, -0.43511, 0.14867853), (0.5837339, -0.25133726, 0.047120333, 0.77062476), (0.9999991, -1.4901161e-8, -5.9604645e-8, -2.2351742e-8), (0.9999992, -0.00009843707, -0.00007608533, 0.0003568381), (0.9999992, -0.00009845197, -0.00007608533, 0.00035681576), (0.9999992, -0.00009846687, -0.00007608533, 0.0003568083), (0.71464264, 0.686176, 0.12424746, 0.054858238), (0.99672794, 0.01581648, 0.056912005, -0.055161268), (0.7957054, -0.10646552, 0.093119875, 0.5889357), (-0.7891649, 0.021693558, 0.017763227, -0.61353964), (0.69211984, 0.042462245, -0.073483855, 0.7167741), (0.9992852, -0.02050078, 0.022473872, -0.022410452), (0.8240988, -0.12350461, 0.0651481, 0.5489646), (-0.72096574, -0.02779442, 0.03540942, -0.691506), (0.82326835, 0.02275464, -0.049816847, 0.5650027), (0.9999993, 0.0000114142895, 0, -1.7881393e-7), (0.9865415, -0.116241634, -0.0917359, 0.0693295), (0.89191246, 0.012480944, 0.22028154, 0.39472845), (-0.69716626, 0.013241306, -0.12705949, -0.7054346), (0.73936266, 0.035424083, 0.15940914, 0.6532037), (0.9895941, -0.13743961, -0.032981873, 0.026914746), (0.8773694, 0.04932812, 0.087712005, 0.4691425), (-0.6953096, 0.009726673, -0.06038037, -0.7161024), (0.74830705, -0.037400067, 0.09654525, 0.65522134), (0.8100782, 0.35772395, 0.46018305, -0.06353617), (0.9850633, 0.085281976, -0.062831745, 0.13574836), (0.96128666, 0.12613748, 0.034306288, 0.24256705), (0.96243286, -0.011928782, 0.005174756, 0.27120543), (0.9983268, -0.05541423, 0.016474545, -0.00029289722), (0.9999534, 0.00017398596, -0.008973867, -0.0033566356), (0.9999533, 0.00017401576, -0.008973859, -0.0033566356), (0.99995327, 0.00017398596, -0.008973867, -0.0033566058), (0.47690797, -0.52207506, -0.47690412, -0.522071), (0.23815037, 0.0074615404, -0.04105726, 0.97033143), (0.97271204, -0.004037423, 0.016542198, 0.23139066), (0.0075435564, 0.9967754, -0.07943489, 0.008494794), (-0.0009588897, 0.7155435, 0.6985669, 0.00079473853), (0.9999765, 0.00022814795, -0.00013527274, 0.0068233106), (0.9999995, 2.514571e-7, -0.0000011995435, -0.0011720359), (0.52630943, -0.51165617, 0.50331, 0.45594478), (0.9999991, 3.4458935e-7, 6.854534e-7, -0.0014619976), (0.99997354, -0.007194126, 0.000010065734, 0.0010947585), (0.9998965, -0.014345538, 0.0000034868717, 0.0010949709), (0.9997637, -0.021712894, -0.000003926456, 0.0010949448), (0.9999995, -0.000050068833, -0.000042572618, -0.0010721236), (0.9999995, -0.00005030539, -0.000041648746, -0.0010720938), (0.9999995, -0.000049675815, -0.00004170835, -0.001072105), (0.99866223, 0.048573505, 0.0030446947, -0.017452989), (0.7839723, -0.06983244, 0.079799, 0.6116717), (-0.012349203, 0.97865325, 0.20479721, -0.011949271), (0.006640345, 0.7554513, 0.65517044, 0.00030952692), (0.9999968, 0.00013465574, 0.000088363886, 0.0022836104), (0.99999905, 1.2572855e-7, -0.0000012218952, -0.0011719223), (-0.51165783, -0.5263103, -0.45594186, 0.50330925), (0.9999987, 3.3096876e-7, 5.9604645e-7, -0.0014619306), (0.99997485, -0.0069539826, -0.0001333952, 0.0011387905), (0.9998995, -0.014105285, -0.00014138222, 0.001137876), (0.9997685, -0.021472514, -0.00014969707, 0.0011369037), (0.9999987, -0.00016776426, -0.00044824183, -0.0013706386), (0.9999987, -0.00016794587, -0.00044818968, -0.0013705716), (0.9999986, -0.00016718777, -0.00044815987, -0.0013706684), (0.50000054, -0.5000009, -0.50000334, -0.49999493), (0.50000054, -0.5000009, -0.50000334, -0.49999493), (0.50000054, -0.5000009, -0.50000334, -0.49999493), (0.50000054, -0.5000009, -0.50000334, -0.49999493)],
                14: [(0.9999999, -0.0000057817238, -0.00032038477, -0.000413328), (0.45976996, 0.5386948, 0.44239756, 0.55018526), (0.9977108, 0.061366037, -0.0045825318, 0.028040942), (0.99942, 0.025143296, -0.014268547, 0.01799564), (0.99965847, 0.024192974, -0.007585332, 0.0063321963), (0.99714583, 0.06471303, -0.0068853945, 0.0382756), (0.65814763, 0.04566288, -0.7361281, -0.1512348), (0.96116376, 0.023486912, -0.27436113, -0.018403202), (0.6516524, -0.06884752, -0.25326574, 0.71166414), (0.9999999, 0, -5.9604645e-8, 0), (0.9999996, -0.00016443431, -0.00012925267, 0.00090786815), (0.9999996, -0.00016443431, -0.00012928247, 0.00090786815), (0.9999996, -0.00016443431, -0.00012928247, 0.00090785325), (0.77351946, 0.6185903, -0.13138545, -0.04185301), (0.996832, 0.019822061, 0.05301395, -0.055880696), (0.83014894, 0.008544713, 0.029884636, 0.5566748), (0.7891192, -0.021902233, -0.019990152, 0.6135241), (-0.6881697, -0.026450753, 0.056923777, -0.7228294), (0.99933887, -0.020989925, 0.018633366, -0.023113161), (0.8562101, -0.018155962, -0.01311487, 0.5161425), (-0.718337, -0.027540863, 0.03668205, -0.6941818), (0.8225255, 0.025410056, -0.050402403, 0.56592065), (1.0000002, -0.000011175871, 0.0000014305115, 0.0000023543835), (0.9973196, 0.007267177, -0.050847292, 0.05210939), (-0.8977603, 0.059663415, -0.1566205, -0.40735278), (0.7000705, -0.012026072, 0.12732637, 0.7025271), (0.7402184, 0.034910172, 0.16016161, 0.65207815), (0.98916006, -0.13979623, -0.03677681, 0.025825948), (0.8760603, 0.093671024, 0.03362623, 0.47181898), (-0.69552433, 0.0052090585, -0.06062258, -0.7159214), (0.74240816, -0.0008286238, 0.06709859, 0.66657865), (0.80936015, 0.38385892, 0.4432416, -0.033547163), (0.9804228, 0.093127236, -0.07533628, 0.15627754), (0.95010436, 0.07280122, 0.013297856, 0.30302554), (0.95193243, -0.0044070184, 0.0045998544, 0.30624086), (-0.055414338, -0.99832696, 0.00030287914, 0.016509308), (0.9999539, 0.00004017353, -0.009264618, 0.002568841), (0.9999539, 0.00004017353, -0.009264588, 0.0025688708), (0.999954, 0.00004014373, -0.009264559, 0.0025689006), (0.9914005, -0.12871003, 0.023573786, -0.0017555282), (0.9998828, -0.0019238042, 0.011486173, 0.00994326), (0.99995834, -0.0019050492, 0.0050347894, 0.0073717795), (0.9968471, -0.0035401331, 0.023437783, -0.07572388), (0.51130676, -0.48755783, -0.4760388, -0.52367854), (0.47614536, -0.52276754, -0.5115028, -0.48822638), (1.0000006, 1.4901161e-8, -7.450581e-9, 1.3969839e-9), (0.5115032, -0.48822573, -0.47614488, -0.52276784), (1, 7.450581e-9, 7.450581e-9, 2.7939677e-9), (0.47164133, -0.5268385, -0.4716373, -0.52683395), (-0.015843786, 0.6978475, 0.03559965, 0.7151855), (0.8863292, 0.0018740594, -0.44342828, 0.13337189), (0.6019447, -0.2568065, -0.013381958, 0.7559985), (0.99999976, -7.450581e-9, -2.9802322e-8, -2.2351742e-8), (0.99999976, -0.0002470091, -0.00024700165, 0.00017870218), (0.99999976, -0.00024700165, -0.00024700165, 0.00017870963), (0.99999976, -0.00024701655, -0.00024700165, 0.00017870963), (0.70924586, 0.6920036, 0.12484607, 0.05014378), (0.99673826, 0.016966611, 0.05604881, -0.055521667), (0.79572064, -0.10648963, 0.09308401, 0.58891684), (-0.7891582, 0.02174431, 0.017704949, -0.6135488), (0.6921227, 0.04234317, -0.073603034, 0.71676683), (0.9993174, -0.019399613, 0.021583796, -0.022843897), (0.8241143, -0.12351078, 0.065118015, 0.54894423), (-0.720964, -0.027739733, 0.035335004, -0.6915147), (0.8232658, 0.022637099, -0.04994467, 0.56500113), (0.99999976, 0.000011473894, 0, -1.1920929e-7), (0.98660576, -0.11532095, -0.092689276, 0.06868988), (0.8919291, 0.01247859, 0.22022146, 0.39472643), (-0.69715756, 0.013140947, -0.12698592, -0.7054595), (0.7393713, 0.035491407, 0.15946874, 0.65317714), (0.98972034, -0.13643214, -0.033866167, 0.026311547), (0.8773843, 0.04927063, 0.087649524, 0.4691331), (-0.6953042, 0.009634227, -0.060248286, -0.7161206), (0.74831134, -0.037306458, 0.09660348, 0.6552143), (0.8100133, 0.35839012, 0.45975593, -0.063708335), (0.98492706, 0.08542183, -0.062896594, 0.13661942), (0.9612795, 0.12611501, 0.034313932, 0.24260756), (0.9624375, -0.011930503, 0.005163282, 0.27119088), (0.99832714, -0.05541426, 0.016474545, -0.00029289722), (0.99978006, 0.000048175454, -0.020585608, -0.003969267), (0.99978006, 0.000048175454, -0.020585608, -0.003969267), (0.99978006, 0.000048160553, -0.020585619, -0.003969297), (0.4769082, -0.52207524, -0.47690427, -0.5220711), (0.26032987, 0.009602271, -0.05509621, 0.96389854), (0.9151695, -0.0060639745, 0.019937553, 0.4025296), (0.0074686036, 0.9711857, -0.23816013, 0.0046578646), (0.00031024218, 0.7227976, 0.69105875, -0.0007766485), (0.99998647, 0.0000143535435, -0.00004887581, 0.0051175356), (0.9999992, 2.4493784e-7, -0.0000012223609, -0.0011720136), (0.5263093, -0.51165605, 0.5033099, 0.4559447), (0.9999987, 3.017485e-7, 7.003546e-7, -0.0014619604), (0.9999743, -0.007019778, -0.0005322993, -0.0010960884), (0.9998985, -0.014169924, -0.0005232394, -0.0010997877), (0.99976695, -0.021536354, -0.0005146116, -0.001103621), (0.99998724, -0.000086464745, -0.00045847893, 0.005008228), (0.9999871, -0.00008671882, -0.00045755506, 0.005008068), (0.99998724, -0.00008610246, -0.00045774877, 0.0050080493), (0.9879579, 0.05173017, -0.023881985, -0.1438496), (0.64875424, -0.044366915, 0.095546424, 0.75367117), (0.016315505, 0.9742113, 0.22396055, -0.02208811), (0.0009287596, 0.712121, 0.7020551, -0.0011653006), (0.999998, 0.000109516084, 0.00010807812, 0.0019285008), (0.9999995, 1.3317913e-7, -0.0000011920929, -0.001171913), (-0.511658, -0.52631056, -0.45594203, 0.5033095), (0.999999, 3.3248216e-7, 6.2584877e-7, -0.0014619315), (0.9998581, -0.0068897717, 0.0003669858, 0.015362611), (0.9997834, -0.01403965, 0.00025725365, 0.01536494), (0.99965256, -0.021405384, 0.00014400482, 0.015366581), (0.99988174, -0.000012760982, -0.0031385832, -0.015049275), (0.9998817, -0.000013016164, -0.0031386353, -0.015049253), (0.99988174, -0.000012261793, -0.0031386316, -0.015049268), (0.5000006, -0.500001, -0.50000334, -0.49999496), (0.5000006, -0.500001, -0.50000334, -0.49999496), (0.5000006, -0.500001, -0.50000334, -0.49999496), (0.5000006, -0.500001, -0.50000334, -0.49999496)],
                15: [(1, -0.00008882923, 0.00007468189, 0.00010689188), (0.47037795, 0.5270798, 0.43616733, 0.55739534), (0.9976938, 0.060966305, -0.0068913773, 0.029032115), (0.9996352, 0.007981613, -0.013588034, 0.021928744), (0.9999498, 0.0076170964, -0.0035998076, 0.0053997748), (0.99839735, 0.041283153, -0.00025609136, 0.038704526), (0.6547456, 0.057605565, -0.7412796, -0.13599189), (0.9543431, 0.030531019, -0.29602653, 0.025785506), (0.6566679, -0.10816777, -0.2120283, 0.71563303), (0.99999964, 0, -8.940697e-8, 1.4901161e-8), (0.9999995, -0.00027279556, -0.00015351176, 0.0006173998), (0.9999995, -0.00027279556, -0.00015351176, 0.0006173998), (0.9999995, -0.00027279556, -0.00015351176, 0.0006173998), (0.743984, 0.6462719, -0.13302928, -0.10546738), (0.99670166, 0.021203727, 0.052986115, -0.057694703), (0.83015484, 0.008534014, 0.029903501, 0.5566652), (0.78911316, -0.02193132, -0.019991487, 0.61353076), (-0.68817794, -0.02646187, 0.056962967, -0.7228182), (0.9993205, -0.019672334, 0.018639207, -0.024980515), (0.8562106, -0.018165648, -0.013097346, 0.5161413), (-0.71832645, -0.02752152, 0.036684513, -0.694193), (0.82254505, 0.025425255, -0.050431877, 0.56588835), (1.0000001, -0.000011205673, 0.0000014305115, 0.0000023245811), (0.9974029, 0.00844723, -0.050999552, 0.050152123), (-0.89773047, 0.05966088, -0.15661958, -0.4074201), (0.7001492, -0.011943102, 0.12734678, 0.70244694), (0.74018717, 0.034890607, 0.16022658, 0.65209925), (0.9893833, -0.13859874, -0.036610782, 0.023890376), (0.87602586, 0.093664914, 0.033608466, 0.47188568), (-0.69561565, 0.005128026, -0.060643945, -0.71583164), (0.7423676, -0.00084248185, 0.067162484, 0.6666179), (0.80822945, 0.3856883, 0.44370306, -0.033724964), (0.98031145, 0.0930652, -0.07684243, 0.15628058), (0.9501052, 0.07277463, 0.013279349, 0.30303097), (0.9519367, -0.0044132546, 0.0045877993, 0.30622894), (-0.05541434, -0.99832684, 0.0003028959, 0.0165093), (0.9995786, -0.0003568828, -0.027676463, 0.008723751), (0.9995786, -0.0003569126, -0.027676433, 0.008723706), (0.9995786, -0.0003568828, -0.027676463, 0.008723736), (0.9972329, -0.071929805, 0.01790689, 0.005597826), (0.99999094, 0.0005224915, 0.0030756146, 0.0028315298), (0.999994, 0.000516586, -0.0033696592, 0.0002444014), (0.9971058, 0.00082225667, 0.012129381, -0.07504404), (0.5113065, -0.48755765, -0.47603855, -0.5236783), (0.4761451, -0.52276736, -0.5115025, -0.48822615), (1.0000001, 7.450581e-9, -7.450581e-9, 1.4551915e-9), (0.5115029, -0.4882255, -0.47614455, -0.52276754), (0.99999934, 7.450581e-9, 7.450581e-9, 2.3283064e-9), (0.47164106, -0.5268382, -0.4716371, -0.5268336), (-0.006848706, 0.7118975, 0.076897025, 0.6980266), (0.9061267, -0.0041877627, -0.40867653, 0.10908446), (0.62756515, -0.22872873, -0.137447, 0.7314046), (0.9999994, 0, 0, -1.4901161e-8), (0.99999917, -0.00025116652, -0.0007804334, 0.0005109608), (0.99999917, -0.00025116652, -0.0007804334, 0.0005109608), (0.99999917, -0.00025116652, -0.0007804334, 0.0005109608), (0.6881139, 0.72066444, 0.0778552, 0.032859474), (0.99680537, 0.018171042, 0.055351317, -0.054629564), (0.7957186, -0.106518865, 0.09308842, 0.5889138), (-0.789152, 0.021725744, 0.017663568, -0.61355853), (0.6921263, 0.04225719, -0.07363197, 0.7167653), (0.99937487, -0.018191606, 0.020816356, -0.022019774), (0.8241101, -0.12353778, 0.065118134, 0.5489444), (-0.72095776, -0.02775377, 0.03528601, -0.6915228), (0.823264, 0.022543877, -0.049993664, 0.5650023), (0.99999964, 0.0000114142895, 0, -1.1920929e-7), (0.9866197, -0.11410043, -0.093604445, 0.069280446), (0.8919397, 0.012333512, 0.22014838, 0.3947464), (-0.69712734, 0.012973338, -0.1268543, -0.70551515), (0.739383, 0.03556916, 0.15954986, 0.6531386), (0.9898361, -0.13522929, -0.034781575, 0.02696088), (0.8773828, 0.049172193, 0.08762741, 0.4691502), (-0.6952929, 0.009508789, -0.06011586, -0.7161442), (0.7483167, -0.037225693, 0.09668136, 0.6552008), (0.81039774, 0.35864377, 0.45903757, -0.062559485), (0.98490906, 0.08579059, -0.06224674, 0.13681573), (0.96128505, 0.12611616, 0.034336686, 0.24258164), (0.96243966, -0.011916246, 0.005145967, 0.2711833), (0.998327, -0.05541423, 0.016474575, -0.00029289722), (0.99908906, 0.00027146935, -0.042550728, -0.003114313), (0.99908906, 0.00027146935, -0.042550728, -0.003114313), (0.99908906, 0.00027140975, -0.042550705, -0.003114283), (0.47690806, -0.5220752, -0.4769042, -0.52207106), (0.1560556, 0.013862632, -0.06125012, 0.9857499), (0.9287832, -0.009454887, 0.024030328, 0.3697226), (0.0013337582, 0.95902234, -0.28316608, 0.009554684), (-0.00044366717, 0.7097435, 0.70446, 0.0001553297), (0.9999895, -0.0000010523945, 0.00002297759, 0.0045495504), (0.9999995, 2.4435576e-7, -0.0000011939555, -0.001172021), (0.5263095, -0.51165617, 0.5033101, 0.45594484), (0.999999, 3.213063e-7, 6.854534e-7, -0.0014619529), (0.99995506, -0.0072622066, -0.00015848875, 0.006080685), (0.9998776, -0.014411691, -0.00020068884, 0.006079484), (0.9997443, -0.021777216, -0.0002450049, 0.0060778074), (0.9999932, 0.00009521376, 0.0005401671, 0.003630871), (0.99999315, 0.000095017254, 0.0005411282, 0.003630722), (0.9999932, 0.00009571109, 0.00054109097, 0.0036307685), (0.9603283, 0.046562362, -0.029180594, -0.27340484), (0.63630694, -0.026141625, 0.0726755, 0.7675601), (0.042816855, 0.9688575, 0.24199969, -0.030303389), (0.00035634637, 0.7074688, 0.7067447, -0.00025328994), (0.9999941, -0.000027839094, 0.00006559491, 0.0034432337), (0.9999996, 1.2665987e-7, -0.0000011622906, -0.0011719232), (-0.5116581, -0.5263106, -0.4559421, 0.5033095), (0.99999917, 3.3527613e-7, 5.9604645e-7, -0.001461931), (0.9998338, -0.007058615, 0.0007211864, 0.016800603), (0.9997577, -0.014209827, 0.0006009042, 0.01680538), (0.9996259, -0.021576952, 0.00047704577, 0.016809465), (0.9998405, -0.00014322996, -0.0025705248, -0.017676713), (0.9998405, -0.00014340878, -0.00257051, -0.017676676), (0.9998405, -0.0001427345, -0.0025704205, -0.017676666), (0.5000006, -0.5000011, -0.50000334, -0.499995), (0.5000006, -0.5000011, -0.50000334, -0.499995), (0.5000006, -0.5000011, -0.50000334, -0.499995), (0.5000006, -0.5000011, -0.50000334, -0.499995)],
                16: [(0.9999996, -0.000008596168, 0.0009397842, -0.00006916201), (0.4632059, 0.5378016, 0.458101, 0.5351199), (0.9995388, 0.004013875, -0.002342932, 0.03001406), (0.99959844, -0.0132252015, -0.010369934, 0.022816373), (0.99989784, -0.012891736, -0.005139336, 0.003424053), (0.9989989, -0.005035227, 0.0011130571, 0.044433903), (0.66361, 0.064766735, -0.73581165, -0.11835456), (0.9434336, 0.018723845, -0.3204368, 0.08307828), (0.67705786, -0.14089333, -0.16415009, 0.70341706), (0.9999994, 0, -8.940697e-8, 0), (0.9999993, -0.00058557093, -0.000053942204, 0.0001129657), (0.9999993, -0.00058558583, -0.0000538826, 0.0001129359), (0.9999993, -0.00058557093, -0.0000538826, 0.000112921), (0.6955334, 0.69804573, -0.039132774, -0.16562977), (0.9966651, 0.020864636, 0.05324936, -0.05819711), (0.83010364, 0.008471608, 0.029914081, 0.5567406), (0.7891046, -0.021900326, -0.01999816, 0.6135414), (-0.68819344, -0.026461482, 0.056906402, -0.72280663), (0.99929565, -0.020027488, 0.018936992, -0.025452048), (0.8561646, -0.018205255, -0.013126552, 0.5162148), (-0.7183297, -0.027598351, 0.036657628, -0.6941872), (0.82253504, 0.025392473, -0.050342232, 0.5659112), (0.99999976, -0.000011146069, 0.0000014603138, 0.0000023543835), (0.9974418, 0.008094668, -0.050732672, 0.04969701), (-0.8976935, 0.05967775, -0.15672392, -0.40745756), (0.70010054, -0.012071699, 0.12735833, 0.7024902), (0.7402103, 0.03488493, 0.16017023, 0.65208614), (0.989355, -0.13896385, -0.036239862, 0.023481846), (0.8760065, 0.093629986, 0.03360656, 0.47192737), (-0.6955663, 0.0051795244, -0.060673427, -0.715876), (0.7423853, -0.00086033344, 0.06712595, 0.6666007), (0.8069782, 0.3855667, 0.4460985, -0.033463836), (0.9800606, 0.092580736, -0.07955915, 0.15678006), (0.9501047, 0.07278882, 0.013298094, 0.30302787), (0.95193505, -0.0044124285, 0.0045977235, 0.3062337), (-0.055414304, -0.99832654, 0.00030285306, 0.01650931), (0.9987511, -0.001914382, -0.048906334, 0.010004981), (0.9987511, -0.001914382, -0.048906334, 0.010004981), (0.99875104, -0.001914382, -0.048906393, 0.010004958), (0.99891853, 0.028523955, 0.023241624, 0.02841864), (0.9999994, 0.0006151097, 0.00055515766, 0.00023523648), (0.9999795, 0.00060122414, -0.0058900416, -0.002353483), (0.9965142, -0.0018423614, -0.0062606037, -0.08316321), (0.51130646, -0.48755756, -0.47603852, -0.5236783), (0.47614506, -0.5227673, -0.5115025, -0.48822612), (1, 1.4901161e-8, -7.450581e-9, 1.8626451e-9), (0.511503, -0.4882255, -0.4761445, -0.5227676), (0.99999934, 7.450581e-9, 3.7252903e-9, 2.0809239e-9), (0.47164103, -0.5268381, -0.47163707, -0.5268336), (0.024063267, 0.73511124, 0.11200449, 0.6681968), (0.9389887, 0.02038771, -0.34023365, 0.04609792), (0.6206859, -0.17474574, -0.19975129, 0.7377749), (0.9999996, 1.4901161e-8, -8.940697e-8, -2.9802322e-8), (0.9999991, -0.00016580522, -0.0005810857, 0.0009910464), (0.9999991, -0.00016579032, -0.0005810857, 0.0009910315), (0.9999991, -0.00016580522, -0.0005810857, 0.0009910464), (0.6556851, 0.754785, -0.018259615, 0.006566137), (0.99676967, 0.017678916, 0.055583596, -0.055208474), (0.7957451, -0.10648364, 0.093081355, 0.5888858), (-0.78915083, 0.021626502, 0.0178089, -0.6135597), (0.692128, 0.042540193, -0.0735243, 0.71675855), (0.99934816, -0.01868546, 0.021083355, -0.022578776), (0.8241241, -0.12351763, 0.065126926, 0.5489279), (-0.7209529, -0.027840286, 0.035458237, -0.69151634), (0.8232755, 0.022844374, -0.04987198, 0.56498563), (1, 0.000011444092, -2.9802322e-8, -1.4901161e-7), (0.98662645, -0.114646226, -0.09324375, 0.06877604), (0.8919193, 0.01254794, 0.22010824, 0.39480978), (-0.6971912, 0.012921959, -0.12720735, -0.70539033), (0.73937166, 0.03534609, 0.15957773, 0.6531576), (0.9897945, -0.13572398, -0.034430474, 0.026470512), (0.8773788, 0.04934585, 0.08761492, 0.4691432), (-0.6953275, 0.009442836, -0.060466297, -0.71608293), (0.7482996, -0.03745386, 0.09672099, 0.6552024), (0.8101429, 0.35888785, 0.45919514, -0.06330678), (0.9849492, 0.08536762, -0.062470675, 0.13669193), (0.9612828, 0.12613688, 0.034306258, 0.24258587), (0.9624404, -0.011941861, 0.0051511824, 0.27118087), (0.9983275, -0.05541426, 0.016474515, -0.00029286742), (0.9996499, 0.0006914437, -0.025899127, 0.005303681), (0.99965, 0.0006914735, -0.025899112, 0.005303681), (0.9996499, 0.0006914437, -0.025899127, 0.005303681), (0.4769081, -0.52207524, -0.47690427, -0.52207106), (-0.023452856, 0.0018100922, -0.0048231184, 0.9997117), (0.9743802, -0.03461673, 0.020365998, 0.22129247), (-0.010196231, 0.96958756, -0.2442641, 0.011461049), (-0.004498154, 0.6721818, 0.7403716, -0.0012950003), (0.9999896, 0.000023975503, -0.000008612871, 0.00456144), (0.99999976, 2.0855805e-7, -0.0000012591481, -0.0011720061), (0.52630955, -0.5116563, 0.50331014, 0.45594496), (0.9999992, 3.3387914e-7, 6.556511e-7, -0.0014619865), (0.999972, -0.0074584447, -0.0003145039, -0.00068370625), (0.99989307, -0.0146108195, -0.00030857325, -0.00068582967), (0.9997583, -0.021979313, -0.0003029704, -0.0006879233), (0.9999993, 0.0009472177, -0.000056296587, -0.000668172), (0.99999934, 0.0009470943, -0.000055409968, -0.00066820416), (0.9999993, 0.0009476261, -0.000055529177, -0.00066821557), (0.94099414, -0.00015780237, -0.012618065, -0.3381877), (0.6759777, -0.027725318, 0.029387593, 0.73581374), (0.05503738, 0.9823055, 0.17765988, -0.0219948), (-0.00005993247, 0.7057288, 0.70848185, 0.00030860305), (0.9999924, -0.000008627772, 0.00013151392, 0.003829576), (0.99999946, 1.1920929e-7, -0.0000011622906, -0.0011719242), (-0.51165795, -0.52631056, -0.45594198, 0.5033095), (0.99999905, 3.2316893e-7, 6.2584877e-7, -0.0014619399), (0.99997497, -0.0070534972, -0.000058203936, 0.00053080916), (0.99989927, -0.014190852, -0.000062316656, 0.00053047575), (0.9997678, -0.021543965, -0.00006660819, 0.00053023174), (0.9999981, -0.0008346066, -0.00054842234, -0.0017419378), (0.999998, -0.0008347519, -0.00054836273, -0.0017418936), (0.99999803, -0.000834113, -0.00054845214, -0.0017419136), (0.50000066, -0.500001, -0.5000033, -0.49999502), (0.50000066, -0.500001, -0.5000033, -0.49999502), (0.50000066, -0.500001, -0.5000033, -0.49999502), (0.50000066, -0.500001, -0.5000033, -0.49999502)],
                17: [(0.99999976, 0.00028647293, 0.00037368495, 0.00049131684), (0.45015854, 0.539597, 0.45543742, 0.54659766), (0.9992427, -0.032252837, -0.009199966, 0.019718131), (0.9993302, -0.032253567, -0.0032650921, 0.01696199), (0.9994411, -0.03189254, 0.0042219763, 0.009065634), (0.9974782, -0.04880361, 0.009786263, 0.050588023), (0.678703, 0.020093134, -0.7292429, -0.084633276), (0.91469264, 0.011105582, -0.36621827, 0.17058028), (0.6590902, -0.22809246, -0.006817524, 0.71660805), (0.99999964, -2.7939686e-9, -5.960465e-8, -1.4901163e-8), (0.9999996, 0.00012770203, 0.00050221017, 0.00021570177), (0.9999996, 0.00012772904, 0.0005022586, 0.00021570177), (0.9999996, 0.00012772904, 0.0005022586, 0.00021568967), (0.63404185, 0.7534761, 0.079888836, -0.15453792), (0.99662334, 0.020535082, 0.054827347, -0.05756434), (0.83011335, 0.008494156, 0.029880648, 0.5567283), (0.78905404, -0.021926925, -0.02005104, 0.6136046), (-0.68829787, -0.026535762, 0.05693731, -0.72270304), (0.99927765, -0.02027937, 0.020496288, -0.024751209), (0.85617083, -0.01814027, -0.013191445, 0.51620567), (-0.7183062, -0.027621707, 0.03657533, -0.6942158), (0.82257485, 0.025356533, -0.050354816, 0.565855), (1, -0.000011157244, 0.0000014416873, 0.0000022817403), (0.9974887, 0.008073782, -0.04917236, 0.050327934), (-0.8976496, 0.05974653, -0.1567811, -0.40752298), (0.70015687, -0.012050077, 0.12730803, 0.70244414), (0.7401981, 0.034848843, 0.16021949, 0.65209055), (0.9893688, -0.1390918, -0.03476068, 0.024373313), (0.8759898, 0.09363101, 0.03352978, 0.47196424), (-0.69563824, 0.0050844667, -0.060685765, -0.71580625), (0.74235606, -0.0009036977, 0.06719723, 0.66662663), (0.8068601, 0.38554636, 0.44634554, -0.033261817), (0.9803058, 0.09259425, -0.07857357, 0.15573233), (0.9501056, 0.07280027, 0.013293665, 0.30302233), (0.9519387, -0.004420172, 0.0045893663, 0.30622223), (-0.055414345, -0.9983267, 0.00030288906, 0.01650929), (0.999549, -0.0019354196, -0.029906033, -0.0018166207), (0.999549, -0.0019354308, -0.029906027, -0.0018166207), (0.999549, -0.0019354196, -0.029906033, -0.0018166207), (0.9927064, 0.11885425, 0.0005252182, 0.02016842), (0.9999947, 0.0009423991, -0.0012527955, 0.0027207371), (0.9999696, 0.0009495949, -0.0076968037, 0.00012962118), (0.9961291, 0.0016645946, -0.027285196, -0.083539724), (0.5113066, -0.48755765, -0.47603863, -0.5236783), (0.47614512, -0.5227673, -0.5115026, -0.48822615), (1, 7.450581e-9, -7.450581e-9, 1.7753337e-9), (0.51150304, -0.48822552, -0.4761446, -0.52276766), (0.99999964, 6.053598e-9, 3.725291e-9, 2.2409954e-9), (0.47164115, -0.52683824, -0.4716371, -0.5268338), (0.07918437, 0.74721116, 0.08155001, 0.6547935), (0.96192425, 0.017416874, -0.27219322, -0.017567849), (0.6444383, -0.100928016, -0.24327771, 0.7178635), (0.9999996, -1.2107196e-8, -2.4214392e-8, -2.980233e-8), (0.9999994, -0.00013278985, -0.00040483667, 0.0005147076), (0.9999994, -0.00013280755, -0.00040484226, 0.000514743), (0.9999994, -0.00013276843, -0.00040484226, 0.00051469455), (0.63743967, 0.7632335, -0.10381729, -0.01915352), (0.99682784, 0.01734588, 0.054669943, -0.055171657), (0.7957199, -0.10648509, 0.093087845, 0.58891815), (-0.78915524, 0.021716317, 0.017807072, -0.61355084), (0.6921142, 0.04255165, -0.07360966, 0.7167623), (0.99935997, -0.019050173, 0.020177992, -0.022560444), (0.8241035, -0.123514086, 0.06512789, 0.54895884), (-0.72096354, -0.027750958, 0.035452124, -0.6915087), (0.82326293, 0.022861658, -0.049955048, 0.5649953), (0.99999976, 0.000011468308, 0, -1.192093e-7), (0.98649436, -0.11507987, -0.09411093, 0.06876035), (0.8919179, 0.012551855, 0.22009385, 0.39482042), (-0.69718033, 0.012957805, -0.1272182, -0.7053981), (0.73937553, 0.0353442, 0.15955456, 0.6531587), (0.9897093, -0.13612571, -0.03531384, 0.026407514), (0.8773693, 0.049343918, 0.08759397, 0.4691641), (-0.6953173, 0.009469763, -0.060473967, -0.71609116), (0.74830467, -0.03745491, 0.096700564, 0.6551989), (0.8099749, 0.3586011, 0.45983985, -0.06239017), (0.9848329, 0.08528676, -0.0641287, 0.13681105), (0.9612841, 0.12611859, 0.034276955, 0.24259317), (0.96244043, -0.011943896, 0.005155482, 0.27118), (0.99832714, -0.05541424, 0.016474552, -0.00029288608), (0.99998707, -0.00014656493, -0.004849987, 0.0012152918), (0.99998707, -0.00014656493, -0.004849987, 0.0012152918), (0.9999871, -0.00014654816, -0.0048499703, 0.0012153095), (0.47690806, -0.5220751, -0.4769042, -0.522071), (-0.124041714, -0.018624676, 0.030440643, 0.9916349), (0.98601943, -0.07207928, 0.014755831, 0.14950739), (0.00013770159, 0.99691695, 0.07685557, 0.015808431), (0.002368513, 0.53920573, 0.8421671, 0.002496175), (0.9999909, -0.00001819727, -0.00012416775, 0.004265386), (0.9999996, 2.1205051e-7, -0.0000012461096, -0.0011720322), (0.52630943, -0.51165617, 0.5033101, 0.45594484), (0.99999917, 3.245368e-7, 6.798655e-7, -0.0014619739), (0.9999559, -0.0073140194, 0.00026577045, -0.0058976123), (0.99987805, -0.01446628, 0.00030908827, -0.0058955336), (0.9997441, -0.021834532, 0.00035302443, -0.005893126), (0.9999939, 0.00052329956, -0.000101091435, -0.0033953188), (0.9999939, 0.00052313646, -0.0001002877, -0.0033953523), (0.9999939, 0.0005237359, -0.00010040598, -0.0033953465), (0.9301106, -0.022908999, -0.0123787355, -0.3663554), (0.8281047, -0.01580004, 0.0054060845, 0.56032467), (0.05763668, 0.9978779, 0.021712894, 0.02112127), (0.00012669148, 0.6978701, 0.7162234, 0.0010529422), (0.9999895, -0.000029792092, 0.00016267043, 0.004530831), (0.99999934, 1.3434328e-7, -0.0000011380762, -0.0011719223), (-0.51165795, -0.5263105, -0.45594195, 0.5033094), (0.99999887, 3.286259e-7, 6.2584877e-7, -0.0014619486), (0.9999699, -0.0073110396, 0.00017214385, -0.0025238304), (0.99989206, -0.014463389, 0.00019022732, -0.002522551), (0.9997584, -0.02183154, 0.00020857254, -0.0025211168), (0.9999945, -0.00023027413, -0.00034279292, 0.0032466121), (0.9999945, -0.00023047834, -0.0003427854, 0.0032466315), (0.9999946, -0.00022976215, -0.0003427556, 0.0032466555), (0.5000006, -0.50000095, -0.5000033, -0.49999493), (0.5000006, -0.50000095, -0.5000033, -0.49999493), (0.5000006, -0.50000095, -0.5000033, -0.49999493), (0.5000006, -0.50000095, -0.5000033, -0.49999493)],
                18: [(0.99999994, 0.00009907964, 0.000111865105, 0.00031564108), (0.44899148, 0.53102255, 0.45732105, 0.55432767), (0.99898404, -0.037675325, -0.016441591, 0.01847082), (0.99920887, -0.036970727, -0.0021997825, 0.014481678), (0.9992391, -0.036693253, 0.008650895, 0.0099965995), (0.9965008, -0.061301045, 0.018924668, 0.053570632), (0.682221, 0.004803614, -0.72729063, -0.07482879), (0.9004482, 0.011627872, -0.38769946, 0.1968415), (0.65482235, -0.24352364, 0.048751656, 0.7138116), (0.99999976, 3.725292e-9, -6.705525e-8, -1.4901167e-8), (0.9999996, -0.00004739315, 0.00000372529, 0.0005281196), (0.9999996, -0.00004739315, 0.00000372529, 0.0005281196), (0.9999996, -0.00004739315, 0.00000372529, 0.0005281196), (0.5977482, 0.7769526, 0.10988309, -0.1642177), (0.9966608, 0.020105176, 0.05457562, -0.057309303), (0.8301341, 0.008488866, 0.029912887, 0.5566961), (0.78908914, -0.021896679, -0.020013746, 0.61356187), (-0.6882304, -0.026480576, 0.05690016, -0.72277236), (0.9992805, -0.020706493, 0.020246964, -0.024487553), (0.8561915, -0.018189352, -0.013096715, 0.51617223), (-0.7183146, -0.027542926, 0.036672227, -0.69420487), (0.8225627, 0.02541938, -0.050385565, 0.565867), (1, -0.000011175871, 0.0000014826657, 0.0000023543835), (0.9974694, 0.0075834175, -0.049321044, 0.05064259), (-0.89770246, 0.05969486, -0.15666668, -0.40745857), (0.70012236, -0.012008713, 0.12736508, 0.7024689), (0.74020606, 0.034867845, 0.1601857, 0.6520889), (0.98929346, -0.13951617, -0.035024434, 0.024636457), (0.8760328, 0.09364794, 0.033617586, 0.47187543), (-0.6955621, 0.005173795, -0.06069071, -0.7158793), (0.7423893, -0.0008794069, 0.06712643, 0.6665971), (0.80751824, 0.3855448, 0.44520584, -0.032577258), (0.9805304, 0.09263802, -0.07796698, 0.15459478), (0.9501213, 0.072812386, 0.013315477, 0.30296934), (0.9519353, -0.0044160904, 0.004600444, 0.3062327), (-0.05541432, -0.9983269, 0.00030286564, 0.016509295), (0.9998329, -0.00056374085, -0.017685624, -0.0045499215), (0.9998329, -0.00056368124, -0.017685626, -0.0045499513), (0.9998331, -0.00056371116, -0.01768564, -0.004549945), (0.9893158, 0.1431, -0.017072953, 0.022014277), (0.99999577, 0.0006943315, -0.0013826904, 0.002438388), (0.99996907, 0.00070036435, -0.007827549, -0.00015083986), (0.9959311, 0.0028132894, -0.03252452, -0.083995685), (0.5113068, -0.4875579, -0.47603887, -0.5236786), (0.4761452, -0.5227675, -0.5115026, -0.48822623), (1.0000002, 1.3038516e-8, -7.450581e-9, 1.8626451e-9), (0.5115032, -0.48822558, -0.47614476, -0.5227678), (0.99999994, 0, 4.0745376e-9, 1.8626458e-9), (0.47164133, -0.5268384, -0.47163728, -0.5268339), (0.08937998, 0.7516763, 0.07422699, 0.649218), (0.97020894, 0.016785393, -0.23932502, -0.033702616), (0.65136045, -0.0863471, -0.2502902, 0.71107525), (0.9999996, 0, -2.9802344e-8, -2.9802344e-8), (0.9999996, -0.00021649165, -0.00028687733, 0.00047430053), (0.9999996, -0.00021642087, -0.00028687733, 0.00047424092), (0.9999996, -0.00021643577, -0.00028690713, 0.00047427072), (0.62623525, 0.7688988, -0.12557733, -0.029223049), (0.9968221, 0.017212607, 0.054623462, -0.055365674), (0.7957062, -0.10647983, 0.09311263, 0.58893394), (-0.78916085, 0.021765519, 0.017803818, -0.61354226), (0.69210947, 0.042557266, -0.073631935, 0.71676433), (0.9993538, -0.019191291, 0.020143915, -0.022748616), (0.82409304, -0.12351, 0.06515, 0.5489727), (-0.72097176, -0.027706165, 0.035449415, -0.69150203), (0.8232595, 0.022869281, -0.04997095, 0.5649985), (0.9999997, 0.000011444096, -7.450584e-9, -1.2665991e-7), (0.9864865, -0.115236975, -0.09412192, 0.06859644), (0.8919067, 0.0125614405, 0.22014381, 0.3948175), (-0.69718915, 0.013042712, -0.12721896, -0.70538783), (0.73936796, 0.03534134, 0.15951289, 0.65317774), (0.9896932, -0.13627739, -0.035317417, 0.026229195), (0.87736225, 0.049353093, 0.08762094, 0.4691715), (-0.69532305, 0.009541845, -0.06048648, -0.71608365), (0.7483005, -0.037462473, 0.09665622, 0.65520954), (0.80966395, 0.3586038, 0.4604019, -0.062268037), (0.9847816, 0.0851903, -0.06492634, 0.13686424), (0.9612842, 0.12611787, 0.034262057, 0.24259543), (0.96243894, -0.011945155, 0.005162663, 0.27118546), (0.99832726, -0.05541423, 0.016474554, -0.00029288995), (0.9999988, -0.00009557609, -0.0012316412, -0.000024057932), (0.9999988, -0.00009554628, -0.0012316112, -0.00002405793), (0.9999988, -0.00009559844, -0.0012316263, -0.000024057932), (0.47690812, -0.52207524, -0.4769043, -0.5220711), (-0.1547252, -0.028835395, 0.036749385, 0.98685265), (0.98968226, -0.08453855, 0.014071221, 0.11482283), (0.013465654, 0.9592291, 0.2817981, 0.016968038), (0.002290823, 0.42143303, 0.9068442, 0.0047282362), (0.99999696, -0.00009175299, 0.000012785199, 0.0024394088), (0.9999993, 2.2724271e-7, -0.0000012218952, -0.0011720294), (0.5263093, -0.5116561, 0.50330997, 0.45594472), (0.9999989, 3.2200478e-7, 6.854534e-7, -0.0014619771), (0.99997395, -0.0071016056, 0.00006250293, -0.0012577104), (0.9998976, -0.014252546, 0.00007267297, -0.0012571376), (0.9997655, -0.021619637, 0.00008241089, -0.0012565807), (0.9999999, 0.00022613863, 0.00015192851, 0.00033819955), (0.9999999, 0.00022609299, 0.0001527369, 0.000338207), (0.9999999, 0.00022657914, 0.00015265495, 0.0003382396), (0.9274192, -0.021863222, -0.01931175, -0.3728843), (0.8564298, -0.0062883566, -0.002342125, 0.5162199), (0.060846914, 0.99641955, -0.050519664, 0.02989324), (-0.00021832436, 0.7065949, 0.7076182, 0.000010356307), (0.9999925, -0.0000079879555, 0.00001945347, 0.0038540133), (0.9999994, 1.2200326e-7, -0.0000011846423, -0.0011719018), (-0.51165795, -0.52631056, -0.45594198, 0.5033094), (0.99999887, 3.2555545e-7, 6.3702464e-7, -0.0014619306), (0.9999738, -0.0072234715, 0.00005322323, 0.00026046304), (0.9998966, -0.014376069, 0.00005135686, 0.00026071916), (0.9997635, -0.021744333, 0.00004952029, 0.00026108144), (1, -0.000017242553, -0.00014431032, -0.00011752408), (1, -0.00001743263, -0.00014435503, -0.00011746727), (1, -0.000016713604, -0.00014428052, -0.00011744306), (0.50000066, -0.500001, -0.50000334, -0.49999502), (0.50000066, -0.500001, -0.50000334, -0.49999502), (0.50000066, -0.500001, -0.50000334, -0.49999502), (0.50000066, -0.500001, -0.50000334, -0.49999502)],
            }
            half3[] scales.timeSamples = {
                0: [(1, 1, 1), (1, 1, 1), (1, 1, 1), (1, 1, 1), (1, 1, 1), (1, 1, 1), (1, 1, 1), (1, 1, 1), (1, 1, 1), (1, 1, 1), (1, 1, 1), (1, 1, 1), (1, 1, 1), (1, 1, 1), (1, 1, 1), (1, 1, 1), (1, 1, 1), (1, 1, 1), (1, 1, 1), (1, 1, 1), (1, 1, 1), (1, 1, 1), (1, 1, 1), (1, 1, 1), (1, 1, 1), (1, 1, 1), (1, 1, 1), (1, 1, 1), (1, 1, 1), (1, 1, 1), (1, 1, 1), (1, 1, 1), (1, 1, 1), (1, 1, 1), (1, 1, 1), (1, 1, 1), (1, 1, 1), (1, 1, 1), (1, 1, 1), (1, 1, 1), (1, 1, 1), (1, 1, 1), (1, 1, 1), (1, 1, 1), (1, 1, 1), (1, 1, 1), (1, 1, 1), (1, 1, 1), (1, 1, 1), (1, 1, 1), (1, 1, 1), (1, 1, 1), (1, 1, 1), (1, 1, 1), (1, 1, 1), (1, 1, 1), (1, 1, 1), (1, 1, 1), (1, 1, 1), (1, 1, 1), (1, 1, 1), (1, 1, 1), (1, 1, 1), (1, 1, 1), (1, 1, 1), (1, 1, 1), (1, 1, 1), (1, 1, 1), (1, 1, 1), (1, 1, 1), (1, 1, 1), (1, 1, 1), (1, 1, 1), (1, 1, 1), (1, 1, 1), (1, 1, 1), (1, 1, 1), (1, 1, 1), (1, 1, 1), (1, 1, 1), (1, 1, 1), (1, 1, 1), (1, 1, 1), (1, 1, 1), (1, 1, 1), (1, 1, 1), (1, 1, 1), (1, 1, 1), (1, 1, 1), (1, 1, 1), (1, 1, 1), (1, 1, 1), (1, 1, 1), (1, 1, 1), (1, 1, 1), (1, 1, 1), (1, 1, 1), (1, 1, 1), (1, 1, 1), (1, 1, 1), (1, 1, 1), (1, 1, 1), (1, 1, 1), (1, 1, 1), (1, 1, 1), (1, 1, 1), (1, 1, 1), (1, 1, 1), (1, 1, 1), (1, 1, 1), (1, 1, 1), (1, 1, 1), (1, 1, 1), (1, 1, 1), (1, 1, 1)],
                1: [(1, 1, 1), (1, 1, 1), (1, 1, 1), (1, 1, 1), (1, 1, 1), (1, 1, 1), (1, 1, 1), (1, 1, 1), (1, 1, 1), (1, 1, 1), (1, 1, 1), (1, 1, 1), (1, 1, 1), (1, 1, 1), (1, 1, 1), (1, 1, 1), (1, 1, 1), (1, 1, 1), (1, 1, 1), (1, 1, 1), (1, 1, 1), (1, 1, 1), (1, 1, 1), (1, 1, 1), (1, 1, 1), (1, 1, 1), (1, 1, 1), (1, 1, 1), (1, 1, 1), (1, 1, 1), (1, 1, 1), (1, 1, 1), (1, 1, 1), (1, 1, 1), (1, 1, 1), (1, 1, 1), (1, 1, 1), (1, 1, 1), (1, 1, 1), (1, 1, 1), (1, 1, 1), (1, 1, 1), (1, 1, 1), (1, 1, 1), (1, 1, 1), (1, 1, 1), (1, 1, 1), (1, 1, 1), (1, 1, 1), (1, 1, 1), (1, 1, 1), (1, 1, 1), (1, 1, 1), (1, 1, 1), (1, 1, 1), (1, 1, 1), (1, 1, 1), (1, 1, 1), (1, 1, 1), (1, 1, 1), (1, 1, 1), (1, 1, 1), (1, 1, 1), (1, 1, 1), (1, 1, 1), (1, 1, 1), (1, 1, 1), (1, 1, 1), (1, 1, 1), (1, 1, 1), (1, 1, 1), (1, 1, 1), (1, 1, 1), (1, 1, 1), (1, 1, 1), (1, 1, 1), (1, 1, 1), (1, 1, 1), (1, 1, 1), (1, 1, 1), (1, 1, 1), (1, 1, 1), (1, 1, 1), (1, 1, 1), (1, 1, 1), (1, 1, 1), (1, 1, 1), (1, 1, 1), (1, 1, 1), (1, 1, 1), (1, 1, 1), (1, 1, 1), (1, 1, 1), (1, 1, 1), (1, 1, 1), (1, 1, 1), (1, 1, 1), (1, 1, 1), (1, 1, 1), (1, 1, 1), (1, 1, 1), (1, 1, 1), (1, 1, 1), (1, 1, 1), (1, 1, 1), (1, 1, 1), (1, 1, 1), (1, 1, 1), (1, 1, 1), (1, 1, 1), (1, 1, 1), (1, 1, 1), (1, 1, 1), (1, 1, 1), (1, 1, 1)],
                2: [(1, 1, 1), (1, 1, 1), (1, 1, 1), (1, 1, 1), (1, 1, 1), (1, 1, 1), (1, 1, 1), (1, 1, 1), (1, 1, 1), (1, 1, 1), (1, 1, 1), (1, 1, 1), (1, 1, 1), (1, 1, 1), (1, 1, 1), (1, 1, 1), (1, 1, 1), (1, 1, 1), (1, 1, 1), (1, 1, 1), (1, 1, 1), (1, 1, 1), (1, 1, 1), (1, 1, 1), (1, 1, 1), (1, 1, 1), (1, 1, 1), (1, 1, 1), (1, 1, 1), (1, 1, 1), (1, 1, 1), (1, 1, 1), (1, 1, 1), (1, 1, 1), (1, 1, 1), (1, 1, 1), (1, 1, 1), (1, 1, 1), (1, 1, 1), (1, 1, 1), (1, 1, 1), (1, 1, 1), (1, 1, 1), (1, 1, 1), (1, 1, 1), (1, 1, 1), (1, 1, 1), (1, 1, 1), (1, 1, 1), (1, 1, 1), (1, 1, 1), (1, 1, 1), (1, 1, 1), (1, 1, 1), (1, 1, 1), (1, 1, 1), (1, 1, 1), (1, 1, 1), (1, 1, 1), (1, 1, 1), (1, 1, 1), (1, 1, 1), (1, 1, 1), (1, 1, 1), (1, 1, 1), (1, 1, 1), (1, 1, 1), (1, 1, 1), (1, 1, 1), (1, 1, 1), (1, 1, 1), (1, 1, 1), (1, 1, 1), (1, 1, 1), (1, 1, 1), (1, 1, 1), (1, 1, 1), (1, 1, 1), (1, 1, 1), (1, 1, 1), (1, 1, 1), (1, 1, 1), (1, 1, 1), (1, 1, 1), (1, 1, 1), (1, 1, 1), (1, 1, 1), (1, 1, 1), (1, 1, 1), (1, 1, 1), (1, 1, 1), (1, 1, 1), (1, 1, 1), (1, 1, 1), (1, 1, 1), (1, 1, 1), (1, 1, 1), (1, 1, 1), (1, 1, 1), (1, 1, 1), (1, 1, 1), (1, 1, 1), (1, 1, 1), (1, 1, 1), (1, 1, 1), (1, 1, 1), (1, 1, 1), (1, 1, 1), (1, 1, 1), (1, 1, 1), (1, 1, 1), (1, 1, 1), (1, 1, 1), (1, 1, 1), (1, 1, 1)],
                3: [(1, 1, 1), (1, 1, 1), (1, 1, 1), (1, 1, 1), (1, 1, 1), (1, 1, 1), (1, 1, 1), (1, 1, 1), (1, 1, 1), (1, 1, 1), (1, 1, 1), (1, 1, 1), (1, 1, 1), (1, 1, 1), (1, 1, 1), (1, 1, 1), (1, 1, 1), (1, 1, 1), (1, 1, 1), (1, 1, 1), (1, 1, 1), (1, 1, 1), (1, 1, 1), (1, 1, 1), (1, 1, 1), (1, 1, 1), (1, 1, 1), (1, 1, 1), (1, 1, 1), (1, 1, 1), (1, 1, 1), (1, 1, 1), (1, 1, 1), (1, 1, 1), (1, 1, 1), (1, 1, 1), (1, 1, 1), (1, 1, 1), (1, 1, 1), (1, 1, 1), (1, 1, 1), (1, 1, 1), (1, 1, 1), (1, 1, 1), (1, 1, 1), (1, 1, 1), (1, 1, 1), (1, 1, 1), (1, 1, 1), (1, 1, 1), (1, 1, 1), (1, 1, 1), (1, 1, 1), (1, 1, 1), (1, 1, 1), (1, 1, 1), (1, 1, 1), (1, 1, 1), (1, 1, 1), (1, 1, 1), (1, 1, 1), (1, 1, 1), (1, 1, 1), (1, 1, 1), (1, 1, 1), (1, 1, 1), (1, 1, 1), (1, 1, 1), (1, 1, 1), (1, 1, 1), (1, 1, 1), (1, 1, 1), (1, 1, 1), (1, 1, 1), (1, 1, 1), (1, 1, 1), (1, 1, 1), (1, 1, 1), (1, 1, 1), (1, 1, 1), (1, 1, 1), (1, 1, 1), (1, 1, 1), (1, 1, 1), (1, 1, 1), (1, 1, 1), (1, 1, 1), (1, 1, 1), (1, 1, 1), (1, 1, 1), (1, 1, 1), (1, 1, 1), (1, 1, 1), (1, 1, 1), (1, 1, 1), (1, 1, 1), (1, 1, 1), (1, 1, 1), (1, 1, 1), (1, 1, 1), (1, 1, 1), (1, 1, 1), (1, 1, 1), (1, 1, 1), (1, 1, 1), (1, 1, 1), (1, 1, 1), (1, 1, 1), (1, 1, 1), (1, 1, 1), (1, 1, 1), (1, 1, 1), (1, 1, 1), (1, 1, 1), (1, 1, 1)],
                4: [(1, 1, 1), (1, 1, 1), (1, 1, 1), (1, 1, 1), (1, 1, 1), (1, 1, 1), (1, 1, 1), (1, 1, 1), (1, 1, 1), (1, 1, 1), (1, 1, 1), (1, 1, 1), (1, 1, 1), (1, 1, 1), (1, 1, 1), (1, 1, 1), (1, 1, 1), (1, 1, 1), (1, 1, 1), (1, 1, 1), (1, 1, 1), (1, 1, 1), (1, 1, 1), (1, 1, 1), (1, 1, 1), (1, 1, 1), (1, 1, 1), (1, 1, 1), (1, 1, 1), (1, 1, 1), (1, 1, 1), (1, 1, 1), (1, 1, 1), (1, 1, 1), (1, 1, 1), (1, 1, 1), (1, 1, 1), (1, 1, 1), (1, 1, 1), (1, 1, 1), (1, 1, 1), (1, 1, 1), (1, 1, 1), (1, 1, 1), (1, 1, 1), (1, 1, 1), (1, 1, 1), (1, 1, 1), (1, 1, 1), (1, 1, 1), (1, 1, 1), (1, 1, 1), (1, 1, 1), (1, 1, 1), (1, 1, 1), (1, 1, 1), (1, 1, 1), (1, 1, 1), (1, 1, 1), (1, 1, 1), (1, 1, 1), (1, 1, 1), (1, 1, 1), (1, 1, 1), (1, 1, 1), (1, 1, 1), (1, 1, 1), (1, 1, 1), (1, 1, 1), (1, 1, 1), (1, 1, 1), (1, 1, 1), (1, 1, 1), (1, 1, 1), (1, 1, 1), (1, 1, 1), (1, 1, 1), (1, 1, 1), (1, 1, 1), (1, 1, 1), (1, 1, 1), (1, 1, 1), (1, 1, 1), (1, 1, 1), (1, 1, 1), (1, 1, 1), (1, 1, 1), (1, 1, 1), (1, 1, 1), (1, 1, 1), (1, 1, 1), (1, 1, 1), (1, 1, 1), (1, 1, 1), (1, 1, 1), (1, 1, 1), (1, 1, 1), (1, 1, 1), (1, 1, 1), (1, 1, 1), (1, 1, 1), (1, 1, 1), (1, 1, 1), (1, 1, 1), (1, 1, 1), (1, 1, 1), (1, 1, 1), (1, 1, 1), (1, 1, 1), (1, 1, 1), (1, 1, 1), (1, 1, 1), (1, 1, 1), (1, 1, 1), (1, 1, 1)],
                5: [(1, 1, 1), (1, 1, 1), (1, 1, 1), (1, 1, 1), (1, 1, 1), (1, 1, 1), (1, 1, 1), (1, 1, 1), (1, 1, 1), (1, 1, 1), (1, 1, 1), (1, 1, 1), (1, 1, 1), (1, 1, 1), (1, 1, 1), (1, 1, 1), (1, 1, 1), (1, 1, 1), (1, 1, 1), (1, 1, 1), (1, 1, 1), (1, 1, 1), (1, 1, 1), (1, 1, 1), (1, 1, 1), (1, 1, 1), (1, 1, 1), (1, 1, 1), (1, 1, 1), (1, 1, 1), (1, 1, 1), (1, 1, 1), (1, 1, 1), (1, 1, 1), (1, 1, 1), (1, 1, 1), (1, 1, 1), (1, 1, 1), (1, 1, 1), (1, 1, 1), (1, 1, 1), (1, 1, 1), (1, 1, 1), (1, 1, 1), (1, 1, 1), (1, 1, 1), (1, 1, 1), (1, 1, 1), (1, 1, 1), (1, 1, 1), (1, 1, 1), (1, 1, 1), (1, 1, 1), (1, 1, 1), (1, 1, 1), (1, 1, 1), (1, 1, 1), (1, 1, 1), (1, 1, 1), (1, 1, 1), (1, 1, 1), (1, 1, 1), (1, 1, 1), (1, 1, 1), (1, 1, 1), (1, 1, 1), (1, 1, 1), (1, 1, 1), (1, 1, 1), (1, 1, 1), (1, 1, 1), (1, 1, 1), (1, 1, 1), (1, 1, 1), (1, 1, 1), (1, 1, 1), (1, 1, 1), (1, 1, 1), (1, 1, 1), (1, 1, 1), (1, 1, 1), (1, 1, 1), (1, 1, 1), (1, 1, 1), (1, 1, 1), (1, 1, 1), (1, 1, 1), (1, 1, 1), (1, 1, 1), (1, 1, 1), (1, 1, 1), (1, 1, 1), (1, 1, 1), (1, 1, 1), (1, 1, 1), (1, 1, 1), (1, 1, 1), (1, 1, 1), (1, 1, 1), (1, 1, 1), (1, 1, 1), (1, 1, 1), (1, 1, 1), (1, 1, 1), (1, 1, 1), (1, 1, 1), (1, 1, 1), (1, 1, 1), (1, 1, 1), (1, 1, 1), (1, 1, 1), (1, 1, 1), (1, 1, 1), (1, 1, 1), (1, 1, 1)],
                6: [(1, 1, 1), (1, 1, 1), (1, 1, 1), (1, 1, 1), (1, 1, 1), (1, 1, 1), (1, 1, 1), (1, 1, 1), (1, 1, 1), (1, 1, 1), (1, 1, 1), (1, 1, 1), (1, 1, 1), (1, 1, 1), (1, 1, 1), (1, 1, 1), (1, 1, 1), (1, 1, 1), (1, 1, 1), (1, 1, 1), (1, 1, 1), (1, 1, 1), (1, 1, 1), (1, 1, 1), (1, 1, 1), (1, 1, 1), (1, 1, 1), (1, 1, 1), (1, 1, 1), (1, 1, 1), (1, 1, 1), (1, 1, 1), (1, 1, 1), (1, 1, 1), (1, 1, 1), (1, 1, 1), (1, 1, 1), (1, 1, 1), (1, 1, 1), (1, 1, 1), (1, 1, 1), (1, 1, 1), (1, 1, 1), (1, 1, 1), (1, 1, 1), (1, 1, 1), (1, 1, 1), (1, 1, 1), (1, 1, 1), (1, 1, 1), (1, 1, 1), (1, 1, 1), (1, 1, 1), (1, 1, 1), (1, 1, 1), (1, 1, 1), (1, 1, 1), (1, 1, 1), (1, 1, 1), (1, 1, 1), (1, 1, 1), (1, 1, 1), (1, 1, 1), (1, 1, 1), (1, 1, 1), (1, 1, 1), (1, 1, 1), (1, 1, 1), (1, 1, 1), (1, 1, 1), (1, 1, 1), (1, 1, 1), (1, 1, 1), (1, 1, 1), (1, 1, 1), (1, 1, 1), (1, 1, 1), (1, 1, 1), (1, 1, 1), (1, 1, 1), (1, 1, 1), (1, 1, 1), (1, 1, 1), (1, 1, 1), (1, 1, 1), (1, 1, 1), (1, 1, 1), (1, 1, 1), (1, 1, 1), (1, 1, 1), (1, 1, 1), (1, 1, 1), (1, 1, 1), (1, 1, 1), (1, 1, 1), (1, 1, 1), (1, 1, 1), (1, 1, 1), (1, 1, 1), (1, 1, 1), (1, 1, 1), (1, 1, 1), (1, 1, 1), (1, 1, 1), (1, 1, 1), (1, 1, 1), (1, 1, 1), (1, 1, 1), (1, 1, 1), (1, 1, 1), (1, 1, 1), (1, 1, 1), (1, 1, 1), (1, 1, 1), (1, 1, 1)],
                7: [(1, 1, 1), (1, 1, 1), (1, 1, 1), (1, 1, 1), (1, 1, 1), (1, 1, 1), (1, 1, 1), (1, 1, 1), (1, 1, 1), (1, 1, 1), (1, 1, 1), (1, 1, 1), (1, 1, 1), (1, 1, 1), (1, 1, 1), (1, 1, 1), (1, 1, 1), (1, 1, 1), (1, 1, 1), (1, 1, 1), (1, 1, 1), (1, 1, 1), (1, 1, 1), (1, 1, 1), (1, 1, 1), (1, 1, 1), (1, 1, 1), (1, 1, 1), (1, 1, 1), (1, 1, 1), (1, 1, 1), (1, 1, 1), (1, 1, 1), (1, 1, 1), (1, 1, 1), (1, 1, 1), (1, 1, 1), (1, 1, 1), (1, 1, 1), (1, 1, 1), (1, 1, 1), (1, 1, 1), (1, 1, 1), (1, 1, 1), (1, 1, 1), (1, 1, 1), (1, 1, 1), (1, 1, 1), (1, 1, 1), (1, 1, 1), (1, 1, 1), (1, 1, 1), (1, 1, 1), (1, 1, 1), (1, 1, 1), (1, 1, 1), (1, 1, 1), (1, 1, 1), (1, 1, 1), (1, 1, 1), (1, 1, 1), (1, 1, 1), (1, 1, 1), (1, 1, 1), (1, 1, 1), (1, 1, 1), (1, 1, 1), (1, 1, 1), (1, 1, 1), (1, 1, 1), (1, 1, 1), (1, 1, 1), (1, 1, 1), (1, 1, 1), (1, 1, 1), (1, 1, 1), (1, 1, 1), (1, 1, 1), (1, 1, 1), (1, 1, 1), (1, 1, 1), (1, 1, 1), (1, 1, 1), (1, 1, 1), (1, 1, 1), (1, 1, 1), (1, 1, 1), (1, 1, 1), (1, 1, 1), (1, 1, 1), (1, 1, 1), (1, 1, 1), (1, 1, 1), (1, 1, 1), (1, 1, 1), (1, 1, 1), (1, 1, 1), (1, 1, 1), (1, 1, 1), (1, 1, 1), (1, 1, 1), (1, 1, 1), (1, 1, 1), (1, 1, 1), (1, 1, 1), (1, 1, 1), (1, 1, 1), (1, 1, 1), (1, 1, 1), (1, 1, 1), (1, 1, 1), (1, 1, 1), (1, 1, 1), (1, 1, 1), (1, 1, 1)],
                8: [(1, 1, 1), (1, 1, 1), (1, 1, 1), (1, 1, 1), (1, 1, 1), (1, 1, 1), (1, 1, 1), (1, 1, 1), (1, 1, 1), (1, 1, 1), (1, 1, 1), (1, 1, 1), (1, 1, 1), (1, 1, 1), (1, 1, 1), (1, 1, 1), (1, 1, 1), (1, 1, 1), (1, 1, 1), (1, 1, 1), (1, 1, 1), (1, 1, 1), (1, 1, 1), (1, 1, 1), (1, 1, 1), (1, 1, 1), (1, 1, 1), (1, 1, 1), (1, 1, 1), (1, 1, 1), (1, 1, 1), (1, 1, 1), (1, 1, 1), (1, 1, 1), (1, 1, 1), (1, 1, 1), (1, 1, 1), (1, 1, 1), (1, 1, 1), (1, 1, 1), (1, 1, 1), (1, 1, 1), (1, 1, 1), (1, 1, 1), (1, 1, 1), (1, 1, 1), (1, 1, 1), (1, 1, 1), (1, 1, 1), (1, 1, 1), (1, 1, 1), (1, 1, 1), (1, 1, 1), (1, 1, 1), (1, 1, 1), (1, 1, 1), (1, 1, 1), (1, 1, 1), (1, 1, 1), (1, 1, 1), (1, 1, 1), (1, 1, 1), (1, 1, 1), (1, 1, 1), (1, 1, 1), (1, 1, 1), (1, 1, 1), (1, 1, 1), (1, 1, 1), (1, 1, 1), (1, 1, 1), (1, 1, 1), (1, 1, 1), (1, 1, 1), (1, 1, 1), (1, 1, 1), (1, 1, 1), (1, 1, 1), (1, 1, 1), (1, 1, 1), (1, 1, 1), (1, 1, 1), (1, 1, 1), (1, 1, 1), (1, 1, 1), (1, 1, 1), (1, 1, 1), (1, 1, 1), (1, 1, 1), (1, 1, 1), (1, 1, 1), (1, 1, 1), (1, 1, 1), (1, 1, 1), (1, 1, 1), (1, 1, 1), (1, 1, 1), (1, 1, 1), (1, 1, 1), (1, 1, 1), (1, 1, 1), (1, 1, 1), (1, 1, 1), (1, 1, 1), (1, 1, 1), (1, 1, 1), (1, 1, 1), (1, 1, 1), (1, 1, 1), (1, 1, 1), (1, 1, 1), (1, 1, 1), (1, 1, 1), (1, 1, 1), (1, 1, 1)],
                9: [(1, 1, 1), (1, 1, 1), (1, 1, 1), (1, 1, 1), (1, 1, 1), (1, 1, 1), (1, 1, 1), (1, 1, 1), (1, 1, 1), (1, 1, 1), (1, 1, 1), (1, 1, 1), (1, 1, 1), (1, 1, 1), (1, 1, 1), (1, 1, 1), (1, 1, 1), (1, 1, 1), (1, 1, 1), (1, 1, 1), (1, 1, 1), (1, 1, 1), (1, 1, 1), (1, 1, 1), (1, 1, 1), (1, 1, 1), (1, 1, 1), (1, 1, 1), (1, 1, 1), (1, 1, 1), (1, 1, 1), (1, 1, 1), (1, 1, 1), (1, 1, 1), (1, 1, 1), (1, 1, 1), (1, 1, 1), (1, 1, 1), (1, 1, 1), (1, 1, 1), (1, 1, 1), (1, 1, 1), (1, 1, 1), (1, 1, 1), (1, 1, 1), (1, 1, 1), (1, 1, 1), (1, 1, 1), (1, 1, 1), (1, 1, 1), (1, 1, 1), (1, 1, 1), (1, 1, 1), (1, 1, 1), (1, 1, 1), (1, 1, 1), (1, 1, 1), (1, 1, 1), (1, 1, 1), (1, 1, 1), (1, 1, 1), (1, 1, 1), (1, 1, 1), (1, 1, 1), (1, 1, 1), (1, 1, 1), (1, 1, 1), (1, 1, 1), (1, 1, 1), (1, 1, 1), (1, 1, 1), (1, 1, 1), (1, 1, 1), (1, 1, 1), (1, 1, 1), (1, 1, 1), (1, 1, 1), (1, 1, 1), (1, 1, 1), (1, 1, 1), (1, 1, 1), (1, 1, 1), (1, 1, 1), (1, 1, 1), (1, 1, 1), (1, 1, 1), (1, 1, 1), (1, 1, 1), (1, 1, 1), (1, 1, 1), (1, 1, 1), (1, 1, 1), (1, 1, 1), (1, 1, 1), (1, 1, 1), (1, 1, 1), (1, 1, 1), (1, 1, 1), (1, 1, 1), (1, 1, 1), (1, 1, 1), (1, 1, 1), (1, 1, 1), (1, 1, 1), (1, 1, 1), (1, 1, 1), (1, 1, 1), (1, 1, 1), (1, 1, 1), (1, 1, 1), (1, 1, 1), (1, 1, 1), (1, 1, 1), (1, 1, 1), (1, 1, 1)],
                10: [(1, 1, 1), (1, 1, 1), (1, 1, 1), (1, 1, 1), (1, 1, 1), (1, 1, 1), (1, 1, 1), (1, 1, 1), (1, 1, 1), (1, 1, 1), (1, 1, 1), (1, 1, 1), (1, 1, 1), (1, 1, 1), (1, 1, 1), (1, 1, 1), (1, 1, 1), (1, 1, 1), (1, 1, 1), (1, 1, 1), (1, 1, 1), (1, 1, 1), (1, 1, 1), (1, 1, 1), (1, 1, 1), (1, 1, 1), (1, 1, 1), (1, 1, 1), (1, 1, 1), (1, 1, 1), (1, 1, 1), (1, 1, 1), (1, 1, 1), (1, 1, 1), (1, 1, 1), (1, 1, 1), (1, 1, 1), (1, 1, 1), (1, 1, 1), (1, 1, 1), (1, 1, 1), (1, 1, 1), (1, 1, 1), (1, 1, 1), (1, 1, 1), (1, 1, 1), (1, 1, 1), (1, 1, 1), (1, 1, 1), (1, 1, 1), (1, 1, 1), (1, 1, 1), (1, 1, 1), (1, 1, 1), (1, 1, 1), (1, 1, 1), (1, 1, 1), (1, 1, 1), (1, 1, 1), (1, 1, 1), (1, 1, 1), (1, 1, 1), (1, 1, 1), (1, 1, 1), (1, 1, 1), (1, 1, 1), (1, 1, 1), (1, 1, 1), (1, 1, 1), (1, 1, 1), (1, 1, 1), (1, 1, 1), (1, 1, 1), (1, 1, 1), (1, 1, 1), (1, 1, 1), (1, 1, 1), (1, 1, 1), (1, 1, 1), (1, 1, 1), (1, 1, 1), (1, 1, 1), (1, 1, 1), (1, 1, 1), (1, 1, 1), (1, 1, 1), (1, 1, 1), (1, 1, 1), (1, 1, 1), (1, 1, 1), (1, 1, 1), (1, 1, 1), (1, 1, 1), (1, 1, 1), (1, 1, 1), (1, 1, 1), (1, 1, 1), (1, 1, 1), (1, 1, 1), (1, 1, 1), (1, 1, 1), (1, 1, 1), (1, 1, 1), (1, 1, 1), (1, 1, 1), (1, 1, 1), (1, 1, 1), (1, 1, 1), (1, 1, 1), (1, 1, 1), (1, 1, 1), (1, 1, 1), (1, 1, 1), (1, 1, 1), (1, 1, 1)],
                11: [(1, 1, 1), (1, 1, 1), (1, 1, 1), (1, 1, 1), (1, 1, 1), (1, 1, 1), (1, 1, 1), (1, 1, 1), (1, 1, 1), (1, 1, 1), (1, 1, 1), (1, 1, 1), (1, 1, 1), (1, 1, 1), (1, 1, 1), (1, 1, 1), (1, 1, 1), (1, 1, 1), (1, 1, 1), (1, 1, 1), (1, 1, 1), (1, 1, 1), (1, 1, 1), (1, 1, 1), (1, 1, 1), (1, 1, 1), (1, 1, 1), (1, 1, 1), (1, 1, 1), (1, 1, 1), (1, 1, 1), (1, 1, 1), (1, 1, 1), (1, 1, 1), (1, 1, 1), (1, 1, 1), (1, 1, 1), (1, 1, 1), (1, 1, 1), (1, 1, 1), (1, 1, 1), (1, 1, 1), (1, 1, 1), (1, 1, 1), (1, 1, 1), (1, 1, 1), (1, 1, 1), (1, 1, 1), (1, 1, 1), (1, 1, 1), (1, 1, 1), (1, 1, 1), (1, 1, 1), (1, 1, 1), (1, 1, 1), (1, 1, 1), (1, 1, 1), (1, 1, 1), (1, 1, 1), (1, 1, 1), (1, 1, 1), (1, 1, 1), (1, 1, 1), (1, 1, 1), (1, 1, 1), (1, 1, 1), (1, 1, 1), (1, 1, 1), (1, 1, 1), (1, 1, 1), (1, 1, 1), (1, 1, 1), (1, 1, 1), (1, 1, 1), (1, 1, 1), (1, 1, 1), (1, 1, 1), (1, 1, 1), (1, 1, 1), (1, 1, 1), (1, 1, 1), (1, 1, 1), (1, 1, 1), (1, 1, 1), (1, 1, 1), (1, 1, 1), (1, 1, 1), (1, 1, 1), (1, 1, 1), (1, 1, 1), (1, 1, 1), (1, 1, 1), (1, 1, 1), (1, 1, 1), (1, 1, 1), (1, 1, 1), (1, 1, 1), (1, 1, 1), (1, 1, 1), (1, 1, 1), (1, 1, 1), (1, 1, 1), (1, 1, 1), (1, 1, 1), (1, 1, 1), (1, 1, 1), (1, 1, 1), (1, 1, 1), (1, 1, 1), (1, 1, 1), (1, 1, 1), (1, 1, 1), (1, 1, 1), (1, 1, 1), (1, 1, 1)],
                12: [(1, 1, 1), (1, 1, 1), (1, 1, 1), (1, 1, 1), (1, 1, 1), (1, 1, 1), (1, 1, 1), (1, 1, 1), (1, 1, 1), (1, 1, 1), (1, 1, 1), (1, 1, 1), (1, 1, 1), (1, 1, 1), (1, 1, 1), (1, 1, 1), (1, 1, 1), (1, 1, 1), (1, 1, 1), (1, 1, 1), (1, 1, 1), (1, 1, 1), (1, 1, 1), (1, 1, 1), (1, 1, 1), (1, 1, 1), (1, 1, 1), (1, 1, 1), (1, 1, 1), (1, 1, 1), (1, 1, 1), (1, 1, 1), (1, 1, 1), (1, 1, 1), (1, 1, 1), (1, 1, 1), (1, 1, 1), (1, 1, 1), (1, 1, 1), (1, 1, 1), (1, 1, 1), (1, 1, 1), (1, 1, 1), (1, 1, 1), (1, 1, 1), (1, 1, 1), (1, 1, 1), (1, 1, 1), (1, 1, 1), (1, 1, 1), (1, 1, 1), (1, 1, 1), (1, 1, 1), (1, 1, 1), (1, 1, 1), (1, 1, 1), (1, 1, 1), (1, 1, 1), (1, 1, 1), (1, 1, 1), (1, 1, 1), (1, 1, 1), (1, 1, 1), (1, 1, 1), (1, 1, 1), (1, 1, 1), (1, 1, 1), (1, 1, 1), (1, 1, 1), (1, 1, 1), (1, 1, 1), (1, 1, 1), (1, 1, 1), (1, 1, 1), (1, 1, 1), (1, 1, 1), (1, 1, 1), (1, 1, 1), (1, 1, 1), (1, 1, 1), (1, 1, 1), (1, 1, 1), (1, 1, 1), (1, 1, 1), (1, 1, 1), (1, 1, 1), (1, 1, 1), (1, 1, 1), (1, 1, 1), (1, 1, 1), (1, 1, 1), (1, 1, 1), (1, 1, 1), (1, 1, 1), (1, 1, 1), (1, 1, 1), (1, 1, 1), (1, 1, 1), (1, 1, 1), (1, 1, 1), (1, 1, 1), (1, 1, 1), (1, 1, 1), (1, 1, 1), (1, 1, 1), (1, 1, 1), (1, 1, 1), (1, 1, 1), (1, 1, 1), (1, 1, 1), (1, 1, 1), (1, 1, 1), (1, 1, 1), (1, 1, 1), (1, 1, 1)],
                13: [(1, 1, 1), (1, 1, 1), (1, 1, 1), (1, 1, 1), (1, 1, 1), (1, 1, 1), (1, 1, 1), (1, 1, 1), (1, 1, 1), (1, 1, 1), (1, 1, 1), (1, 1, 1), (1, 1, 1), (1, 1, 1), (1, 1, 1), (1, 1, 1), (1, 1, 1), (1, 1, 1), (1, 1, 1), (1, 1, 1), (1, 1, 1), (1, 1, 1), (1, 1, 1), (1, 1, 1), (1, 1, 1), (1, 1, 1), (1, 1, 1), (1, 1, 1), (1, 1, 1), (1, 1, 1), (1, 1, 1), (1, 1, 1), (1, 1, 1), (1, 1, 1), (1, 1, 1), (1, 1, 1), (1, 1, 1), (1, 1, 1), (1, 1, 1), (1, 1, 1), (1, 1, 1), (1, 1, 1), (1, 1, 1), (1, 1, 1), (1, 1, 1), (1, 1, 1), (1, 1, 1), (1, 1, 1), (1, 1, 1), (1, 1, 1), (1, 1, 1), (1, 1, 1), (1, 1, 1), (1, 1, 1), (1, 1, 1), (1, 1, 1), (1, 1, 1), (1, 1, 1), (1, 1, 1), (1, 1, 1), (1, 1, 1), (1, 1, 1), (1, 1, 1), (1, 1, 1), (1, 1, 1), (1, 1, 1), (1, 1, 1), (1, 1, 1), (1, 1, 1), (1, 1, 1), (1, 1, 1), (1, 1, 1), (1, 1, 1), (1, 1, 1), (1, 1, 1), (1, 1, 1), (1, 1, 1), (1, 1, 1), (1, 1, 1), (1, 1, 1), (1, 1, 1), (1, 1, 1), (1, 1, 1), (1, 1, 1), (1, 1, 1), (1, 1, 1), (1, 1, 1), (1, 1, 1), (1, 1, 1), (1, 1, 1), (1, 1, 1), (1, 1, 1), (1, 1, 1), (1, 1, 1), (1, 1, 1), (1, 1, 1), (1, 1, 1), (1, 1, 1), (1, 1, 1), (1, 1, 1), (1, 1, 1), (1, 1, 1), (1, 1, 1), (1, 1, 1), (1, 1, 1), (1, 1, 1), (1, 1, 1), (1, 1, 1), (1, 1, 1), (1, 1, 1), (1, 1, 1), (1, 1, 1), (1, 1, 1), (1, 1, 1), (1, 1, 1)],
                14: [(1, 1, 1), (1, 1, 1), (1, 1, 1), (1, 1, 1), (1, 1, 1), (1, 1, 1), (1, 1, 1), (1, 1, 1), (1, 1, 1), (1, 1, 1), (1, 1, 1), (1, 1, 1), (1, 1, 1), (1, 1, 1), (1, 1, 1), (1, 1, 1), (1, 1, 1), (1, 1, 1), (1, 1, 1), (1, 1, 1), (1, 1, 1), (1, 1, 1), (1, 1, 1), (1, 1, 1), (1, 1, 1), (1, 1, 1), (1, 1, 1), (1, 1, 1), (1, 1, 1), (1, 1, 1), (1, 1, 1), (1, 1, 1), (1, 1, 1), (1, 1, 1), (1, 1, 1), (1, 1, 1), (1, 1, 1), (1, 1, 1), (1, 1, 1), (1, 1, 1), (1, 1, 1), (1, 1, 1), (1, 1, 1), (1, 1, 1), (1, 1, 1), (1, 1, 1), (1, 1, 1), (1, 1, 1), (1, 1, 1), (1, 1, 1), (1, 1, 1), (1, 1, 1), (1, 1, 1), (1, 1, 1), (1, 1, 1), (1, 1, 1), (1, 1, 1), (1, 1, 1), (1, 1, 1), (1, 1, 1), (1, 1, 1), (1, 1, 1), (1, 1, 1), (1, 1, 1), (1, 1, 1), (1, 1, 1), (1, 1, 1), (1, 1, 1), (1, 1, 1), (1, 1, 1), (1, 1, 1), (1, 1, 1), (1, 1, 1), (1, 1, 1), (1, 1, 1), (1, 1, 1), (1, 1, 1), (1, 1, 1), (1, 1, 1), (1, 1, 1), (1, 1, 1), (1, 1, 1), (1, 1, 1), (1, 1, 1), (1, 1, 1), (1, 1, 1), (1, 1, 1), (1, 1, 1), (1, 1, 1), (1, 1, 1), (1, 1, 1), (1, 1, 1), (1, 1, 1), (1, 1, 1), (1, 1, 1), (1, 1, 1), (1, 1, 1), (1, 1, 1), (1, 1, 1), (1, 1, 1), (1, 1, 1), (1, 1, 1), (1, 1, 1), (1, 1, 1), (1, 1, 1), (1, 1, 1), (1, 1, 1), (1, 1, 1), (1, 1, 1), (1, 1, 1), (1, 1, 1), (1, 1, 1), (1, 1, 1), (1, 1, 1), (1, 1, 1)],
                15: [(1, 1, 1), (1, 1, 1), (1, 1, 1), (1, 1, 1), (1, 1, 1), (1, 1, 1), (1, 1, 1), (1, 1, 1), (1, 1, 1), (1, 1, 1), (1, 1, 1), (1, 1, 1), (1, 1, 1), (1, 1, 1), (1, 1, 1), (1, 1, 1), (1, 1, 1), (1, 1, 1), (1, 1, 1), (1, 1, 1), (1, 1, 1), (1, 1, 1), (1, 1, 1), (1, 1, 1), (1, 1, 1), (1, 1, 1), (1, 1, 1), (1, 1, 1), (1, 1, 1), (1, 1, 1), (1, 1, 1), (1, 1, 1), (1, 1, 1), (1, 1, 1), (1, 1, 1), (1, 1, 1), (1, 1, 1), (1, 1, 1), (1, 1, 1), (1, 1, 1), (1, 1, 1), (1, 1, 1), (1, 1, 1), (1, 1, 1), (1, 1, 1), (1, 1, 1), (1, 1, 1), (1, 1, 1), (1, 1, 1), (1, 1, 1), (1, 1, 1), (1, 1, 1), (1, 1, 1), (1, 1, 1), (1, 1, 1), (1, 1, 1), (1, 1, 1), (1, 1, 1), (1, 1, 1), (1, 1, 1), (1, 1, 1), (1, 1, 1), (1, 1, 1), (1, 1, 1), (1, 1, 1), (1, 1, 1), (1, 1, 1), (1, 1, 1), (1, 1, 1), (1, 1, 1), (1, 1, 1), (1, 1, 1), (1, 1, 1), (1, 1, 1), (1, 1, 1), (1, 1, 1), (1, 1, 1), (1, 1, 1), (1, 1, 1), (1, 1, 1), (1, 1, 1), (1, 1, 1), (1, 1, 1), (1, 1, 1), (1, 1, 1), (1, 1, 1), (1, 1, 1), (1, 1, 1), (1, 1, 1), (1, 1, 1), (1, 1, 1), (1, 1, 1), (1, 1, 1), (1, 1, 1), (1, 1, 1), (1, 1, 1), (1, 1, 1), (1, 1, 1), (1, 1, 1), (1, 1, 1), (1, 1, 1), (1, 1, 1), (1, 1, 1), (1, 1, 1), (1, 1, 1), (1, 1, 1), (1, 1, 1), (1, 1, 1), (1, 1, 1), (1, 1, 1), (1, 1, 1), (1, 1, 1), (1, 1, 1), (1, 1, 1), (1, 1, 1)],
                16: [(1, 1, 1), (1, 1, 1), (1, 1, 1), (1, 1, 1), (1, 1, 1), (1, 1, 1), (1, 1, 1), (1, 1, 1), (1, 1, 1), (1, 1, 1), (1, 1, 1), (1, 1, 1), (1, 1, 1), (1, 1, 1), (1, 1, 1), (1, 1, 1), (1, 1, 1), (1, 1, 1), (1, 1, 1), (1, 1, 1), (1, 1, 1), (1, 1, 1), (1, 1, 1), (1, 1, 1), (1, 1, 1), (1, 1, 1), (1, 1, 1), (1, 1, 1), (1, 1, 1), (1, 1, 1), (1, 1, 1), (1, 1, 1), (1, 1, 1), (1, 1, 1), (1, 1, 1), (1, 1, 1), (1, 1, 1), (1, 1, 1), (1, 1, 1), (1, 1, 1), (1, 1, 1), (1, 1, 1), (1, 1, 1), (1, 1, 1), (1, 1, 1), (1, 1, 1), (1, 1, 1), (1, 1, 1), (1, 1, 1), (1, 1, 1), (1, 1, 1), (1, 1, 1), (1, 1, 1), (1, 1, 1), (1, 1, 1), (1, 1, 1), (1, 1, 1), (1, 1, 1), (1, 1, 1), (1, 1, 1), (1, 1, 1), (1, 1, 1), (1, 1, 1), (1, 1, 1), (1, 1, 1), (1, 1, 1), (1, 1, 1), (1, 1, 1), (1, 1, 1), (1, 1, 1), (1, 1, 1), (1, 1, 1), (1, 1, 1), (1, 1, 1), (1, 1, 1), (1, 1, 1), (1, 1, 1), (1, 1, 1), (1, 1, 1), (1, 1, 1), (1, 1, 1), (1, 1, 1), (1, 1, 1), (1, 1, 1), (1, 1, 1), (1, 1, 1), (1, 1, 1), (1, 1, 1), (1, 1, 1), (1, 1, 1), (1, 1, 1), (1, 1, 1), (1, 1, 1), (1, 1, 1), (1, 1, 1), (1, 1, 1), (1, 1, 1), (1, 1, 1), (1, 1, 1), (1, 1, 1), (1, 1, 1), (1, 1, 1), (1, 1, 1), (1, 1, 1), (1, 1, 1), (1, 1, 1), (1, 1, 1), (1, 1, 1), (1, 1, 1), (1, 1, 1), (1, 1, 1), (1, 1, 1), (1, 1, 1), (1, 1, 1), (1, 1, 1)],
                17: [(1, 1, 1), (1, 1, 1), (1, 1, 1), (1, 1, 1), (1, 1, 1), (1, 1, 1), (1, 1, 1), (1, 1, 1), (1, 1, 1), (1, 1, 1), (1, 1, 1), (1, 1, 1), (1, 1, 1), (1, 1, 1), (1, 1, 1), (1, 1, 1), (1, 1, 1), (1, 1, 1), (1, 1, 1), (1, 1, 1), (1, 1, 1), (1, 1, 1), (1, 1, 1), (1, 1, 1), (1, 1, 1), (1, 1, 1), (1, 1, 1), (1, 1, 1), (1, 1, 1), (1, 1, 1), (1, 1, 1), (1, 1, 1), (1, 1, 1), (1, 1, 1), (1, 1, 1), (1, 1, 1), (1, 1, 1), (1, 1, 1), (1, 1, 1), (1, 1, 1), (1, 1, 1), (1, 1, 1), (1, 1, 1), (1, 1, 1), (1, 1, 1), (1, 1, 1), (1, 1, 1), (1, 1, 1), (1, 1, 1), (1, 1, 1), (1, 1, 1), (1, 1, 1), (1, 1, 1), (1, 1, 1), (1, 1, 1), (1, 1, 1), (1, 1, 1), (1, 1, 1), (1, 1, 1), (1, 1, 1), (1, 1, 1), (1, 1, 1), (1, 1, 1), (1, 1, 1), (1, 1, 1), (1, 1, 1), (1, 1, 1), (1, 1, 1), (1, 1, 1), (1, 1, 1), (1, 1, 1), (1, 1, 1), (1, 1, 1), (1, 1, 1), (1, 1, 1), (1, 1, 1), (1, 1, 1), (1, 1, 1), (1, 1, 1), (1, 1, 1), (1, 1, 1), (1, 1, 1), (1, 1, 1), (1, 1, 1), (1, 1, 1), (1, 1, 1), (1, 1, 1), (1, 1, 1), (1, 1, 1), (1, 1, 1), (1, 1, 1), (1, 1, 1), (1, 1, 1), (1, 1, 1), (1, 1, 1), (1, 1, 1), (1, 1, 1), (1, 1, 1), (1, 1, 1), (1, 1, 1), (1, 1, 1), (1, 1, 1), (1, 1, 1), (1, 1, 1), (1, 1, 1), (1, 1, 1), (1, 1, 1), (1, 1, 1), (1, 1, 1), (1, 1, 1), (1, 1, 1), (1, 1, 1), (1, 1, 1), (1, 1, 1), (1, 1, 1)],
                18: [(1, 1, 1), (1, 1, 1), (1, 1, 1), (1, 1, 1), (1, 1, 1), (1, 1, 1), (1, 1, 1), (1, 1, 1), (1, 1, 1), (1, 1, 1), (1, 1, 1), (1, 1, 1), (1, 1, 1), (1, 1, 1), (1, 1, 1), (1, 1, 1), (1, 1, 1), (1, 1, 1), (1, 1, 1), (1, 1, 1), (1, 1, 1), (1, 1, 1), (1, 1, 1), (1, 1, 1), (1, 1, 1), (1, 1, 1), (1, 1, 1), (1, 1, 1), (1, 1, 1), (1, 1, 1), (1, 1, 1), (1, 1, 1), (1, 1, 1), (1, 1, 1), (1, 1, 1), (1, 1, 1), (1, 1, 1), (1, 1, 1), (1, 1, 1), (1, 1, 1), (1, 1, 1), (1, 1, 1), (1, 1, 1), (1, 1, 1), (1, 1, 1), (1, 1, 1), (1, 1, 1), (1, 1, 1), (1, 1, 1), (1, 1, 1), (1, 1, 1), (1, 1, 1), (1, 1, 1), (1, 1, 1), (1, 1, 1), (1, 1, 1), (1, 1, 1), (1, 1, 1), (1, 1, 1), (1, 1, 1), (1, 1, 1), (1, 1, 1), (1, 1, 1), (1, 1, 1), (1, 1, 1), (1, 1, 1), (1, 1, 1), (1, 1, 1), (1, 1, 1), (1, 1, 1), (1, 1, 1), (1, 1, 1), (1, 1, 1), (1, 1, 1), (1, 1, 1), (1, 1, 1), (1, 1, 1), (1, 1, 1), (1, 1, 1), (1, 1, 1), (1, 1, 1), (1, 1, 1), (1, 1, 1), (1, 1, 1), (1, 1, 1), (1, 1, 1), (1, 1, 1), (1, 1, 1), (1, 1, 1), (1, 1, 1), (1, 1, 1), (1, 1, 1), (1, 1, 1), (1, 1, 1), (1, 1, 1), (1, 1, 1), (1, 1, 1), (1, 1, 1), (1, 1, 1), (1, 1, 1), (1, 1, 1), (1, 1, 1), (1, 1, 1), (1, 1, 1), (1, 1, 1), (1, 1, 1), (1, 1, 1), (1, 1, 1), (1, 1, 1), (1, 1, 1), (1, 1, 1), (1, 1, 1), (1, 1, 1), (1, 1, 1), (1, 1, 1)],
            }
            float3[] translations.timeSamples = {
                0: [(0, 0, 0), (-1.0446402, 60.170162, 5.29223), (1.9206982, 6.519258e-7, 2.561137e-7), (7.6315866, 0.0000014901161, 0.0000026077032), (5.4434342, 0.0000011175871, 0.0000018626451), (10.323662, 0.0000033527613, 0.0000048428774), (15.262231, 0.95149875, 6.3661547), (24.454704, -0.0000019557774, 0.000025890768), (38.395836, -0.000018626451, -0.00001937151), (0, 0.000005722046, -0.0000076293945), (13.921693, 0.0000037252903, 0.000008940697), (26.292538, 0.0000044703484, 0.0000074505806), (35.06623, 0, 0), (35.06623, 0, 0), (5.730465, 1.312736, -2.4346976), (13.715105, -1.1049185, 0.16775802), (8.068805, -0.0000173226, 0.000018253922), (5.772559, 0.00004582107, -0.000029802322), (6.0197453, 0.90852433, -0.4362328), (13.233084, -1.2464151, 0.27472413), (8.91149, 0.000012270175, 0.0000048428774), (6.319675, 1.8626451e-7, -0.0000018626451), (-0.1434784, 0.19345856, -0.016832352), (5.5994797, 1.7812245, 3.8594403), (11.046861, 0.0001963228, -0.00035129488), (6.854072, 0.000014156103, -7.4505806e-7), (5.0997114, -0.000022538006, 0.000008568168), (5.951223, 1.1929075, 1.6009439), (12.241886, -1.0375072, 0.26680082), (8.248934, -0.000017741695, 0.00001527369), (6.155145, -1.8626451e-7, -0.000013224781), (3.2348535, 2.1388009, -1.7813351), (7.541409, 0.00000782311, 0.000016856939), (7.1562014, -0.000022910535, 0.0000027939677), (7.3720126, 0.000018812716, -0.00002719462), (9.646789, 8.731987, -1.0982475), (15.097944, -0.000008195639, -0.0000011175871), (26.318771, -0.000011920929, -0.00001937151), (38.395836, -0.000018626451, -0.00001937151), (19.343418, -3.2160916, 0.000013783574), (11.152591, 0.0000014901161, 0.000008556526), (17.516563, 0.000008195639, 0.000013154931), (17.516563, 0.000008195639, 0.000013154931), (10.850494, 11.217137, -2.9802322e-8), (10.850525, 11.217134, -6.12541), (0, -0.000015258789, 0.0000019073486), (10.85051, 11.217138, 6.125239), (4.7683716e-7, 0.000015258789, -0.000002503395), (29.928436, 0.000002861023, -5.9604645e-8), (15.261823, 0.9514905, -6.3661404), (-24.454605, 0.0000011175871, 0.00018626451), (-38.39534, 0.000003911555, 0.00066161156), (0.000019073485, -0.000005722046, -0.000015258789), (-13.922249, 0.0000115484, -0.00055357814), (-26.292366, -0.000020861626, 0.00010058284), (-35.066208, -0.000017881393, -0.0000923872), (-35.066208, -0.000017881393, -0.0000923872), (-5.7307763, -1.313098, 2.4346888), (-13.715145, 1.1048745, -0.16776416), (-8.068759, 0.00008530915, 0.000008195639), (-5.772624, -0.00007878989, -0.000014714897), (-6.02015, -0.90881103, 0.43621612), (-13.23304, 1.246414, -0.2747115), (-8.911422, -0.000043958426, 0.0000013038516), (-6.3197246, -0.000015087426, -0.0000011175871), (0.14349365, -0.19346619, 0.016824722), (-5.59981, -1.7815543, -3.859453), (-11.046883, -0.00014491379, 0.0003970228), (-6.8540993, -0.000028312206, -0.000010989606), (-5.099614, -0.00008512288, -0.000024028122), (-5.951626, -1.193275, -1.6009595), (-12.2418375, 1.0374278, -0.26679775), (-8.248925, 0.00003091991, 0.000021792948), (-6.155055, 0.000013224781, -0.000029802322), (-3.2352111, -2.1390975, 1.781315), (-7.541447, -0.00008428469, 0.00010766089), (-7.1561956, -0.000024121255, -0.00003091991), (-7.3720374, -0.000055134296, -0.00009201467), (-9.646805, -8.74897, 1.1001043), (-15.097327, 0.000015459955, 0.00055618584), (-26.31883, -0.000016763806, 0.00008195639), (-38.39534, 0.000003911555, 0.00066161156), (0, -31.884125, -5.9604645e-8), (-13.126007, -1.7974749, 27.03733), (34.904236, -0.0000014901161, 0.0000044703484), (25.749334, 0, -0.000010430813), (10.017196, 22.13812, -0.000009720679), (7.1158805, -0.000004284084, 0.0000018626451), (-0.000015258789, 2.3841858e-7, -0.000005722046), (13.045372, 10.579218, 0.64307207), (-0.0008621216, 0.00001001358, 0.0000076293945), (12.439416, 0.040931627, 0.05090311), (19.094372, 0.040934235, 0.050906092), (25.749334, 0.04093796, 0.050903857), (4.6072993, -0.04529357, 0.101836585), (16.629143, -0.045293942, 0.10183975), (32.31127, -0.02265498, 0.050918758), (-13.1260395, -1.797483, -27.037334), (-34.904236, -0.0000029802322, -0.000011920929), (-25.749287, -0.000010430813, -0.0000010244548), (-10.017196, -22.138132, 0.0000063329935), (-7.115797, -0.000038044527, 0.000013038516), (0.000015258789, 7.1525574e-7, -0.0000019073486), (-13.026543, -10.580353, -0.64162445), (0.0008544922, -0.00001001358, -0.000005722046), (-12.439368, -0.040935725, -0.050911725), (-19.094316, -0.040940195, -0.050910097), (-25.749302, -0.04094243, -0.050909817), (-4.6073513, 0.0452918, -0.10183714), (-16.629189, 0.045291334, -0.10183975), (-32.311275, 0.02264753, -0.05092621), (0, 33.700443, 31.083376), (0, -32.321224, 18.294334), (0, 33.82513, -31.198383), (-0.000015258789, -32.476513, -18.382225)],
                1: [(0, 0, 0), (-1.0725641, 65.224144, 5.008641), (1.9206991, 6.519258e-7, 1.1641532e-7), (7.631589, 5.5879354e-7, 9.313226e-8), (5.443435, 3.7252903e-7, 5.5879354e-7), (10.323663, 0.0000033527613, 0.0000026077032), (15.262238, 0.9514961, 6.3661532), (24.454704, 0.0000012747478, 0.00002621673), (38.39584, -0.000016018748, -0.00001899898), (0, 0.000005722046, -0.0000076293945), (13.921696, 0.000006472692, 0.000008568168), (26.292553, 0.0000048428774, 0.0000067055225), (35.06624, 0.000005029142, -0.0000014901161), (35.06624, 0.000005029142, -0.0000014901161), (5.7304635, 1.3127359, -2.4346976), (13.715097, -1.1049194, 0.16776025), (8.068803, -0.000016752165, 0.000017415732), (5.772559, 0.000047590584, -0.000032503158), (6.019741, 0.9085218, -0.43623057), (13.233084, -1.2464149, 0.27472192), (8.911489, 0.000015785918, 0.0000069849193), (6.319678, -3.7252903e-7, -0.0000022351742), (-0.1434784, 0.19345856, -0.016832352), (5.5994806, 1.7812238, 3.8594398), (11.046861, 0.00019706786, -0.00035203993), (6.854073, 0.000014994293, 0.0000019557774), (5.0997086, -0.00002286397, 0.000008288771), (5.9512215, 1.1929078, 1.6009444), (12.241881, -1.0375099, 0.26680157), (8.248928, -0.000016733247, 0.00002104789), (6.155143, 3.7252903e-7, -0.000014249235), (3.2348528, 2.1388016, -1.7813336), (7.541407, 0.000006519258, 0.000016577542), (7.1562037, -0.00002142042, 0.0000016763806), (7.372011, 0.00001876615, -0.000029057264), (9.646789, 8.731987, -1.0982475), (15.097949, -0.000007636845, -3.7252903e-7), (26.318771, -0.0000115484, -0.000018626451), (38.39584, -0.000016018748, -0.00001899898), (19.34343, -3.216095, 0.000007264316), (11.152602, -0.0000031664968, 0.0000023224857), (17.516582, 0.0000018626451, 0.0000033527613), (17.516582, 0.0000018626451, 0.0000033527613), (10.850494, 11.217137, -2.9802322e-8), (10.850525, 11.217134, -6.12541), (0, -0.000015258789, 0.0000019073486), (10.85051, 11.217138, 6.125239), (4.7683716e-7, 0.000015258789, -0.000002503395), (29.928436, 0.000002861023, -5.9604645e-8), (15.261835, 0.9514905, -6.3661447), (-24.454605, 0.0000057742, 0.00018542632), (-38.39535, 0.000021758024, 0.00066384673), (0.000019073485, -0.000005722046, -0.000015258789), (-13.922256, 0.000011362135, -0.0005662441), (-26.292381, -0.000020489097, 0.000078231096), (-35.066223, -0.000017881393, -0.00011883676), (-35.066223, -0.000017881393, -0.00011883676), (-5.7307777, -1.3131022, 2.4346912), (-13.715154, 1.1048748, -0.16776678), (-8.068773, 0.00008549541, 0.0000059604645), (-5.772637, -0.00007543713, -0.0000144355), (-6.0201564, -0.9088125, 0.4362137), (-13.23305, 1.2464159, -0.27471632), (-8.91144, -0.0000461936, -7.4505806e-7), (-6.319735, -0.000017508864, 0.0000020489097), (0.14349365, -0.19346619, 0.016824722), (-5.599813, -1.7815576, -3.859453), (-11.046889, -0.00014510006, 0.0003949739), (-6.854109, -0.00003008172, -0.000012572855), (-5.099621, -0.00008409843, -0.000024214387), (-5.9516287, -1.1932763, -1.6009593), (-12.241847, 1.037428, -0.26680148), (-8.248938, 0.000031851232, 0.00001937151), (-6.15507, 0.000016018748, -0.000027846545), (-3.235213, -2.1390996, 1.781316), (-7.54146, -0.000082328916, 0.00010598451), (-7.1562066, -0.000023050234, -0.000028312206), (-7.372051, -0.000050663948, -0.00008903444), (-9.646805, -8.74897, 1.1001043), (-15.09733, 0.000022602035, 0.0005552545), (-26.31884, -0.0000067579094, 0.0000808388), (-38.39535, 0.000021758024, 0.00066384673), (0, -31.884125, -5.9604645e-8), (-13.126003, -1.7974764, 27.037334), (34.904243, -7.4505806e-7, 0.000009685755), (25.749338, 0.0000018626451, -0.000009685755), (10.017196, 22.13812, -0.000012340024), (7.115879, -0.0000070780516, 0.0000032130629), (-0.000015258789, 2.3841858e-7, -0.000005722046), (13.045372, 10.579218, 0.64307207), (-0.0008621216, 0.00001001358, 0.0000076293945), (12.439418, 0.04093228, 0.05090274), (19.09437, 0.04093405, 0.050908327), (25.749338, 0.040939078, 0.050905347), (4.6073, -0.04529324, 0.101837516), (16.629147, -0.045293383, 0.10183975), (32.31127, -0.02265349, 0.050919503), (-13.126038, -1.7974827, -27.037334), (-34.904243, -0.0000014901161, -0.000011920929), (-25.749287, -0.0000052154064, -0.0000035390258), (-10.017198, -22.138128, 0.000014249235), (-7.115793, -0.000038591406, 0.0000128522515), (0.000015258789, 7.1525574e-7, -0.0000019073486), (-13.026543, -10.580353, -0.64162445), (0.0008544922, -0.00001001358, -0.000005722046), (-12.439368, -0.040934607, -0.050909214), (-19.094316, -0.040939078, -0.050909724), (-25.749302, -0.040944666, -0.050908327), (-4.6073527, 0.04529236, -0.10183743), (-16.629194, 0.045291334, -0.10183975), (-32.311283, 0.022651255, -0.050923973), (0, 33.700443, 31.083376), (0, -32.321224, 18.294334), (0, 33.82513, -31.198383), (-0.000015258789, -32.476513, -18.382225)],
                2: [(0, 0, 0), (-1.5329583, 63.403183, 5.252007), (1.9206982, 5.5879354e-7, -9.313226e-8), (7.6315956, -0.0000022351742, -0.0000011175871), (5.4434376, -0.0000011175871, -3.7252903e-7), (10.323664, 0.0000022351742, 9.313226e-7), (15.262238, 0.9514943, 6.366151), (24.454704, 0.0000022351742, 0.000024586916), (38.39585, 0.0000029802322, -0.000014901161), (0, 0.000005722046, -0.0000076293945), (13.921708, 0.00000782311, 0.0000074505806), (26.292578, 0.000008195639, 0.000011920929), (35.066277, 0, 0.0000029802322), (35.066277, 0, 0.0000029802322), (5.730469, 1.312738, -2.4346995), (13.715118, -1.1049181, 0.16774982), (8.068825, -0.000013969839, 0.000010617077), (5.772576, 0.000046938658, -0.00003054738), (6.0197463, 0.90852416, -0.43623114), (13.233097, -1.2464129, 0.27471706), (8.911498, 0.000016018748, 0.0000026077032), (6.3196883, 0, -0.0000014901161), (-0.1434784, 0.19345856, -0.016832352), (5.599478, 1.7812306, 3.859442), (11.046867, 0.00019744039, -0.00035241246), (6.854077, 0.00001937151, 1.8626451e-7), (5.0997095, -0.0000230968, 0.0000074505806), (5.9512296, 1.1929091, 1.6009413), (12.241883, -1.0375046, 0.26680157), (8.2489395, -0.000016763806, 0.000013038516), (6.155146, -7.4505806e-7, -0.000014156103), (3.2348566, 2.1388009, -1.7813355), (7.541415, 0.0000067055225, 0.000016670674), (7.1562076, -0.000025331974, -3.7252903e-7), (7.372016, 0.00001899898, -0.000031664968), (9.646789, 8.731987, -1.0982475), (15.097949, 0.0000014901161, -0.0000022351742), (26.318783, 0.0000074505806, -0.000016391277), (38.39585, 0.0000029802322, -0.000014901161), (19.343441, -3.2161026, 0.0000029802322), (11.152601, -0.0000029802322, 0.000003259629), (17.51658, 0.0000029802322, 0.0000038184226), (17.51658, 0.0000029802322, 0.0000038184226), (10.850494, 11.217137, -2.9802322e-8), (10.850525, 11.217134, -6.12541), (0, -0.000015258789, 0.0000019073486), (10.85051, 11.217138, 6.125239), (4.7683716e-7, 0.000015258789, -0.000002503395), (29.928436, 0.000002861023, -5.9604645e-8), (15.261848, 0.9514883, -6.366152), (-24.454607, 0.0000059604645, 0.00018179417), (-38.39536, 0.000024586916, 0.0006586313), (0.000019073485, -0.000005722046, -0.000015258789), (-13.92226, 0.000011175871, -0.00056922436), (-26.292389, -0.00001937151, 0.0000692904), (-35.066235, -0.000017881393, -0.00013560057), (-35.066235, -0.000017881393, -0.00013560057), (-5.7307777, -1.3131019, 2.4346905), (-13.715146, 1.104872, -0.16776212), (-8.068762, 0.00008493662, 0.000010430813), (-5.772622, -0.00007972121, -0.000013783574), (-6.0201545, -0.9088155, 0.4362136), (-13.2330475, 1.2464159, -0.2747152), (-8.91143, -0.00004544854, 0), (-6.3197293, -0.000018253922, 0.0000011175871), (0.14349365, -0.19346619, 0.016824722), (-5.599814, -1.7815541, -3.8594537), (-11.046889, -0.00014305115, 0.0003963709), (-6.8541155, -0.000032782555, -0.000012293458), (-5.0996265, -0.00008456409, -0.000023655593), (-5.9516277, -1.1932776, -1.6009605), (-12.241842, 1.0374308, -0.26679876), (-8.248936, 0.000032037497, 0.000021979213), (-6.1550646, 0.000014528632, -0.000028684735), (-3.2352111, -2.139099, 1.7813169), (-7.541459, -0.000086799264, 0.0001065433), (-7.1562023, -0.000022351742, -0.000028312206), (-7.372044, -0.000052899122, -0.0000923872), (-9.646805, -8.74897, 1.1001043), (-15.097334, 0.00002477318, 0.0005580485), (-26.318842, -0.0000011175871, 0.00008493662), (-38.39536, 0.000024586916, 0.0006586313), (0, -31.884125, -5.9604645e-8), (-13.126018, -1.7974824, 27.03734), (34.904255, 0.0000059604645, 0.0000029802322), (25.74934, 0.0000029802322, -0.000008940697), (10.017202, 22.13815, -0.0000067055225), (7.115882, -0.0000070780516, -7.4505806e-7), (-0.000015258789, 2.3841858e-7, -0.000005722046), (13.045372, 10.579218, 0.64307207), (-0.0008621216, 0.00001001358, 0.0000076293945), (12.439421, 0.040934607, 0.050905347), (19.094378, 0.040937215, 0.050906837), (25.749344, 0.04094243, 0.050902367), (4.6073017, -0.04529264, 0.10183789), (16.62915, -0.045292825, 0.101841986), (32.311287, -0.022648275, 0.050911307), (-13.126037, -1.7974768, -27.037334), (-34.904247, 0.0000029802322, -0.0000059604645), (-25.749302, -0.0000029802322, 0.0000059604645), (-10.017194, -22.13814, 0.0000014901161), (-7.115799, -0.00003799796, 0.000012665987), (0.000015258789, 7.1525574e-7, -0.0000019073486), (-13.026543, -10.580353, -0.64162445), (0.0008544922, -0.00001001358, -0.000005722046), (-12.439376, -0.04093349, -0.050905347), (-19.094328, -0.04093349, -0.050902367), (-25.749317, -0.04093796, -0.050900877), (-4.6073537, 0.045292452, -0.10183863), (-16.629196, 0.04529357, -0.101841986), (-32.311283, 0.022652745, -0.05092174), (0, 33.700443, 31.083376), (0, -32.321224, 18.294334), (0, 33.82513, -31.198383), (-0.000015258789, -32.476513, -18.382225)],
                3: [(0, 0, 0), (-1.6155144, 60.878773, 5.0701933), (1.9206977, 9.313226e-7, 2.7939677e-7), (7.6315894, 7.4505806e-7, 0.0000016763806), (5.4434323, 0.0000011175871, 0.0000013038516), (10.323663, 0.0000037252903, 0.000004656613), (15.262234, 0.95149577, 6.3661547), (24.454702, -0.0000048428774, 0.000028312206), (38.39583, -0.00003427267, -0.000025331974), (0, 0.000005722046, -0.0000076293945), (13.921677, 0.000009313226, 0.0000074505806), (26.292519, 0.000011175871, 0.000011920929), (35.0662, 0.000008195639, 0), (35.0662, 0.000008195639, 0), (5.730453, 1.3127364, -2.4346967), (13.715088, -1.1049241, 0.16776398), (8.068792, -0.000014714897, 0.00001937151), (5.772551, 0.0000461936, -0.000036135316), (6.0197325, 0.9085201, -0.43623036), (13.233076, -1.2464143, 0.27472153), (8.911478, 0.000017508864, 0.0000052154064), (6.3196754, 0.0000022351742, -0.0000040978193), (-0.1434784, 0.19345856, -0.016832352), (5.5994706, 1.7812189, 3.8594394), (11.046845, 0.00019595027, -0.00034421682), (6.8540626, 0.000016763806, -0.0000024214387), (5.09971, -0.000021606684, 0.0000044703484), (5.951215, 1.1929046, 1.6009443), (12.241869, -1.037509, 0.26680455), (8.248912, -0.000013783574, 0.00001564622), (6.1551313, 0.0000022351742, -0.000020116568), (3.2348485, 2.1387973, -1.7813318), (7.5413966, 0.0000067055225, 0.000017136335), (7.1561933, -0.000021606684, 0.0000066123903), (7.371999, 0.0000230968, -0.000023469329), (9.646789, 8.731987, -1.0982475), (15.09794, -0.000014901161, -0.0000059604645), (26.318768, -0.000020861626, -0.000017881393), (38.39583, -0.00003427267, -0.000025331974), (19.343424, -3.2160938, 0.000009685755), (11.152593, -0.0000014901161, 0.000008940697), (17.51657, 0.0000044703484, 0.000012945384), (17.51657, 0.0000044703484, 0.000012945384), (10.850494, 11.217137, -2.9802322e-8), (10.850525, 11.217134, -6.12541), (0, -0.000015258789, 0.0000019073486), (10.85051, 11.217138, 6.125239), (4.7683716e-7, 0.000015258789, -0.000002503395), (29.928436, 0.000002861023, -5.9604645e-8), (15.261826, 0.9514913, -6.3661404), (-24.454603, 7.4505806e-7, 0.00017732382), (-38.395344, 0.0000074505806, 0.0006496906), (0.000019073485, -0.000005722046, -0.000015258789), (-13.922254, 0.000009685755, -0.0005591661), (-26.292376, -0.000022351742, 0.00008791685), (-35.066216, -0.000020861626, -0.00010281801), (-35.066216, -0.000020861626, -0.00010281801), (-5.7307787, -1.3131003, 2.4346886), (-13.715145, 1.1048764, -0.16776212), (-8.068754, 0.00008754432, 0.000010430813), (-5.772622, -0.00007972121, -0.000011920929), (-6.0201497, -0.90881217, 0.43621752), (-13.23304, 1.246418, -0.27470943), (-8.911422, -0.0000461936, 0.0000044703484), (-6.319727, -0.000014901161, -0.0000018626451), (0.14349365, -0.19346619, 0.016824722), (-5.5998063, -1.7815549, -3.8594484), (-11.046884, -0.00014603138, 0.0003999099), (-6.8541102, -0.00003091991, -0.000009313226), (-5.0996227, -0.00008381903, -0.000024214387), (-5.9516234, -1.1932712, -1.6009569), (-12.2418375, 1.037433, -0.26679355), (-8.248926, 0.000035762787, 0.000022351742), (-6.155061, 0.00001527369, -0.00002719462), (-3.2352118, -2.139093, 1.7813153), (-7.5414476, -0.00008046627, 0.0001065433), (-7.1561956, -0.000022910535, -0.00003129244), (-7.372038, -0.000055506825, -0.00009313226), (-9.646805, -8.74897, 1.1001043), (-15.097327, 0.000016205013, 0.00055357814), (-26.31883, -0.00001564622, 0.00007748604), (-38.395344, 0.0000074505806, 0.0006496906), (0, -31.884125, -5.9604645e-8), (-13.126007, -1.7974734, 27.037334), (34.904243, -0.0000029802322, 0.0000029802322), (25.74934, 0.0000033527613, -0.000008940697), (10.017202, 22.13815, -0.0000044703484), (7.1158834, -0.0000070780516, -0.0000022351742), (-0.000015258789, 2.3841858e-7, -0.000005722046), (13.045372, 10.579218, 0.64307207), (-0.0008621216, 0.00001001358, 0.0000076293945), (12.439423, 0.04093405, 0.050902367), (19.094376, 0.040935725, 0.050903857), (25.749344, 0.040940195, 0.050905347), (4.6073, -0.045293197, 0.10183714), (16.629147, -0.04529357, 0.10184273), (32.31127, -0.022655725, 0.050915778), (-13.126037, -1.7974826, -27.037334), (-34.90423, -0.0000059604645, -0.000014901161), (-25.74928, -0.000010430813, 0), (-10.0171995, -22.138119, 0.00001937151), (-7.115791, -0.000036507845, 0.000014156103), (0.000015258789, 7.1525574e-7, -0.0000019073486), (-13.026543, -10.580353, -0.64162445), (0.0008544922, -0.00001001358, -0.000005722046), (-12.439368, -0.04093647, -0.050909072), (-19.094315, -0.04094094, -0.050907582), (-25.749298, -0.0409469, -0.050908327), (-4.6073503, 0.045291334, -0.10183677), (-16.629187, 0.0452891, -0.101841986), (-32.31127, 0.022643805, -0.0509277), (0, 33.700443, 31.083376), (0, -32.321224, 18.294334), (0, 33.82513, -31.198383), (-0.000015258789, -32.476513, -18.382225)],
                4: [(0, 0, 0), (-1.5605541, 56.709175, 4.444794), (1.9207014, 1.8626451e-7, 4.656613e-7), (7.6315866, 0.0000029802322, 0.0000026077032), (5.443431, 0.0000022351742, 0.0000030733645), (10.323653, 0.0000059604645, 0.0000074505806), (15.26223, 0.95149875, 6.3661575), (24.4547, -0.0000044703484, 0.000032037497), (38.39583, -0.00003874302, -0.000025331974), (0, 0.000005722046, -0.0000076293945), (13.921681, 0.0000026077032, 0.0000044703484), (26.292524, 0.000008195639, 0.0000059604645), (35.0662, 0.0000067055225, 0.0000029802322), (35.0662, 0.0000067055225, 0.0000029802322), (5.730461, 1.312735, -2.4346976), (13.715098, -1.1049211, 0.16775876), (8.068801, -0.0000173226, 0.00001695007), (5.772563, 0.00004544854, -0.0000346452), (6.0197377, 0.9085212, -0.43623298), (13.233084, -1.2464159, 0.2747178), (8.911491, 0.000014714897, 9.313226e-7), (6.3196807, 0.0000011175871, -0.0000033527613), (-0.1434784, 0.19345856, -0.016832352), (5.599472, 1.7812226, 3.8594418), (11.046857, 0.00019595027, -0.0003479421), (6.854069, 0.000017508864, -1.8626451e-7), (5.0997095, -0.0000230968, 0.0000044703484), (5.9512196, 1.192905, 1.6009405), (12.241867, -1.037509, 0.26680678), (8.248917, -0.000017136335, 0.00001564622), (6.155137, 0.0000018626451, -0.000016763806), (3.2348514, 2.138799, -1.7813319), (7.541406, 0.0000037252903, 0.000015087426), (7.156201, -0.000022351742, 8.381903e-7), (7.372015, 0.000017695129, -0.000027939677), (9.646789, 8.731987, -1.0982475), (15.097941, -0.00001564622, -0.0000029802322), (26.318764, -0.000023841858, -0.000022351742), (38.39583, -0.00003874302, -0.000025331974), (19.343414, -3.2160907, 0.000014901161), (11.152583, 0.0000014901161, 0.000010291114), (17.516562, 0.000008940697, 0.000015925616), (17.516562, 0.000008940697, 0.000015925616), (10.850494, 11.217137, -2.9802322e-8), (10.850525, 11.217134, -6.12541), (0, -0.000015258789, 0.0000019073486), (10.85051, 11.217138, 6.125239), (4.7683716e-7, 0.000015258789, -0.000002503395), (29.928436, 0.000002861023, -5.9604645e-8), (15.261815, 0.9514913, -6.3661366), (-24.454601, -0.0000044703484, 0.00017732382), (-38.39533, -0.0000066123903, 0.0006496906), (0.000019073485, -0.000005722046, -0.000015258789), (-13.922247, 0.000008940697, -0.0005505979), (-26.292362, -0.000023841858, 0.000105798244), (-35.066204, -0.000023841858, -0.00009089708), (-35.066204, -0.000023841858, -0.00009089708), (-5.7307763, -1.3130956, 2.4346902), (-13.715142, 1.1048757, -0.16775727), (-8.068749, 0.000086799264, 0.00001564622), (-5.772616, -0.000078976154, -0.000014528632), (-6.0201488, -0.90880805, 0.4362194), (-13.233039, 1.2464166, -0.27470663), (-8.911416, -0.000043958426, 0.0000067055225), (-6.3197227, -0.000017508864, 0.0000022351742), (0.14349365, -0.19346619, 0.016824722), (-5.599804, -1.7815545, -3.859447), (-11.046878, -0.0001437962, 0.00040382147), (-6.8540955, -0.000023841858, -0.0000052154064), (-5.0996137, -0.00008158386, -0.000021606684), (-5.9516187, -1.1932738, -1.6009533), (-12.241833, 1.037433, -0.26678777), (-8.24892, 0.000036507845, 0.000026077032), (-6.15505, 0.000013783574, -0.000026449561), (-3.2352102, -2.1390915, 1.7813172), (-7.541451, -0.000081863254, 0.00010803342), (-7.1561956, -0.000022538006, -0.000028312206), (-7.3720345, -0.000052899122, -0.00009313226), (-9.646805, -8.74897, 1.1001043), (-15.097323, 0.000013178214, 0.00055357814), (-26.318825, -0.000026402995, 0.00007599592), (-38.39533, -0.0000066123903, 0.0006496906), (0, -31.884125, -5.9604645e-8), (-13.126005, -1.7974734, 27.037334), (34.904236, -0.0000029802322, 0.0000074505806), (25.749325, 0.000002142042, -0.000011920929), (10.017198, 22.138123, -0.000013411045), (7.115879, -0.0000074505806, -0.0000011175871), (-0.000015258789, 2.3841858e-7, -0.000005722046), (13.045372, 10.579218, 0.64307207), (-0.0008621216, 0.00001001358, 0.0000076293945), (12.439413, 0.040933117, 0.050905347), (19.094366, 0.040934607, 0.050905347), (25.749325, 0.040938426, 0.050899386), (4.6072984, -0.045293197, 0.101838075), (16.62914, -0.04529506, 0.10184273), (32.31127, -0.022658706, 0.050920248), (-13.126038, -1.797482, -27.037329), (-34.90423, -0.0000059604645, -0.000011920929), (-25.749285, -0.000008940697, -0.0000014901161), (-10.017193, -22.138134, 0.000008940697), (-7.115796, -0.00003655732, 0.000013411045), (0.000015258789, 7.1525574e-7, -0.0000019073486), (-13.026543, -10.580353, -0.64162445), (0.0008544922, -0.00001001358, -0.000005722046), (-12.439368, -0.04093647, -0.0509087), (-19.094315, -0.04093945, -0.0509087), (-25.749302, -0.04094541, -0.050908327), (-4.6073503, 0.045291707, -0.10183789), (-16.62919, 0.04529059, -0.101841986), (-32.311275, 0.022649765, -0.05093068), (0, 33.700443, 31.083376), (0, -32.321224, 18.294334), (0, 33.82513, -31.198383), (-0.000015258789, -32.476513, -18.382225)],
                5: [(0, 0, 0), (-1.3358696, 72.50412, 3.5429544), (1.9206965, 0.0000013038516, 5.5879354e-7), (7.631587, 7.4505806e-7, 9.313226e-7), (5.4434357, 0, 0.0000010244548), (10.323665, 0.0000014901161, 0.0000026077032), (15.26224, 0.9514928, 6.366152), (24.4547, 3.7252903e-7, 0.000023841858), (38.395836, -0.000020861626, -0.000020861626), (0, 0.000005722046, -0.0000076293945), (13.921696, 0.0000024214387, 0.000010430813), (26.292547, 0.000004284084, 0.000008940697), (35.066235, 0.0000014901161, 0), (35.066235, 0.0000014901161, 0), (5.7304597, 1.3127334, -2.434698), (13.715095, -1.1049218, 0.16776025), (8.068791, -0.000016856939, 0.000016018748), (5.7725577, 0.000046938658, -0.000032410026), (6.0197363, 0.9085201, -0.43623185), (13.233084, -1.2464143, 0.2747208), (8.9114895, 0.000011920929, 0.0000055879354), (6.3196793, 0.0000011175871, -0.0000018626451), (-0.1434784, 0.19345856, -0.016832352), (5.599476, 1.7812225, 3.8594403), (11.046853, 0.00019446015, -0.0003479421), (6.854072, 0.000012293458, 0.0000011175871), (5.0997105, -0.000021979213, 0.00000782311), (5.951216, 1.1929042, 1.6009439), (12.241872, -1.0375105, 0.26680082), (8.248917, -0.000014156103, 0.000013038516), (6.155137, 7.4505806e-7, -0.00001937151), (3.2348473, 2.138799, -1.7813339), (7.5414047, 0.0000074505806, 0.000018021092), (7.1561995, -0.000018626451, 0.0000063329935), (7.372007, 0.00002225861, -0.000026077032), (9.646789, 8.731987, -1.0982475), (15.097943, -0.0000074505806, -0.0000037252903), (26.318773, -0.000011920929, -0.000020116568), (38.395836, -0.000020861626, -0.000020861626), (19.34344, -3.2160983, 0.0000037252903), (11.152598, -0.0000014901161, 0.0000027008355), (17.51658, 0.0000044703484, 0.000004377216), (17.51658, 0.0000044703484, 0.000004377216), (10.850494, 11.217137, -2.9802322e-8), (10.850525, 11.217134, -6.12541), (0, -0.000015258789, 0.0000019073486), (10.85051, 11.217138, 6.125239), (4.7683716e-7, 0.000015258789, -0.000002503395), (29.928436, 0.000002861023, -5.9604645e-8), (15.261835, 0.9514928, -6.3661494), (-24.454609, 0.0000067055225, 0.00018551946), (-38.395355, 0.000025890768, 0.0006645918), (0.000019073485, -0.000005722046, -0.000015258789), (-13.922259, 0.000012665987, -0.00056251884), (-26.292387, -0.000022351742, 0.00007003546), (-35.06623, -0.000014901161, -0.00012814999), (-35.06623, -0.000014901161, -0.00012814999), (-5.7307816, -1.3131, 2.4346883), (-13.715148, 1.1048764, -0.167761), (-8.068764, 0.000086799264, 0.000010803342), (-5.7726274, -0.000078603625, -0.000014528632), (-6.020153, -0.90881324, 0.43621695), (-13.2330475, 1.2464195, -0.2747111), (-8.9114275, -0.000046938658, 7.4505806e-7), (-6.319728, -0.00001527369, -0.0000018626451), (0.14349365, -0.19346619, 0.016824722), (-5.599813, -1.781556, -3.8594522), (-11.046895, -0.00014156103, 0.0003946945), (-6.854113, -0.000029802322, -0.000011920929), (-5.0996246, -0.00008419156, -0.000021606684), (-5.9516296, -1.193272, -1.6009603), (-12.241841, 1.0374308, -0.2667956), (-8.24893, 0.000030174851, 0.00002682209), (-6.155064, 0.000016018748, -0.000027939677), (-3.2352118, -2.139098, 1.7813176), (-7.541462, -0.00008260831, 0.00010728836), (-7.1562076, -0.000023655593, -0.00003129244), (-7.37205, -0.000052899122, -0.00009164214), (-9.646805, -8.74897, 1.1001043), (-15.097338, 0.000021979213, 0.00055357814), (-26.31884, -0.0000031664968, 0.00008493662), (-38.395355, 0.000025890768, 0.0006645918), (0, -31.884125, -5.9604645e-8), (-13.125999, -1.7974705, 27.037323), (34.90423, -0.000008940697, 0.000010430813), (25.749329, 0.000002188608, -0.000008940697), (10.0171995, 22.138128, -0.000011920929), (7.115882, -0.0000055879354, -0.0000014901161), (-0.000015258789, 2.3841858e-7, -0.000005722046), (13.045372, 10.579218, 0.64307207), (-0.0008621216, 0.00001001358, 0.0000076293945), (12.439413, 0.040933885, 0.050902367), (19.094364, 0.04093624, 0.050908327), (25.749325, 0.040940847, 0.050905347), (4.6072965, -0.045293942, 0.10183863), (16.629137, -0.04529804, 0.10184646), (32.31126, -0.022658706, 0.05092472), (-13.126037, -1.7974883, -27.037329), (-34.904236, -0.0000029802322, -0.000014901161), (-25.749287, -0.000008940697, -0.0000014901161), (-10.017194, -22.138128, 0.000010430813), (-7.115792, -0.000037869904, 0.000011920929), (0.000015258789, 7.1525574e-7, -0.0000019073486), (-13.026543, -10.580353, -0.64162445), (0.0008544922, -0.00001001358, -0.000005722046), (-12.43937, -0.04093498, -0.05090963), (-19.094315, -0.04093945, -0.050911866), (-25.749302, -0.04094243, -0.050907955), (-4.607349, 0.045292825, -0.10183826), (-16.629189, 0.04529059, -0.10183975), (-32.311275, 0.022649765, -0.05092919), (0, 33.700443, 31.083376), (0, -32.321224, 18.294334), (0, 33.82513, -31.198383), (-0.000015258789, -32.476513, -18.382225)],
                6: [(0, 0, 0), (-1.069817, 73.224304, 3.3688993), (1.9207015, 1.8626451e-7, 1.3969839e-7), (7.6315894, 0, 1.8626451e-7), (5.443434, 7.4505806e-7, 4.656613e-7), (10.32367, 0, -1.8626451e-7), (15.262236, 0.9514943, 6.3661485), (24.454704, 0.000002933666, 0.000024493784), (38.395844, -0.000008940697, -0.000020116568), (0, 0.000005722046, -0.0000076293945), (13.921699, 0.0000024214387, 0.000008940697), (26.292553, 0.000004656613, 0.0000029802322), (35.06625, 0.0000016763806, -0.0000029802322), (35.06625, 0.0000016763806, -0.0000029802322), (5.7304645, 1.3127357, -2.434696), (13.7151, -1.1049248, 0.16776025), (8.068798, -0.000017788261, 0.000018626451), (5.772562, 0.000047683716, -0.000032782555), (6.019742, 0.90852344, -0.43623522), (13.233095, -1.2464143, 0.2747178), (8.911495, 0.0000142958015, 0.0000059604645), (6.319683, 0.0000029802322, 7.4505806e-7), (-0.1434784, 0.19345856, -0.016832352), (5.5994763, 1.7812256, 3.8594387), (11.046863, 0.00019818544, -0.0003553927), (6.8540797, 0.000014528632, 0.0000026077032), (5.0997167, -0.000025052577, 0.000010430813), (5.9512224, 1.1929083, 1.6009424), (12.241884, -1.0375075, 0.26679933), (8.248935, -0.000018067658, 0.000013411045), (6.155139, 0.0000013038516, -0.00001564622), (3.234856, 2.1388016, -1.7813355), (7.5414114, 0.0000037252903, 0.000015087426), (7.1562023, -0.0000230968, 0.0000014901161), (7.372016, 0.00001899898, -0.000027567148), (9.646789, 8.731987, -1.0982475), (15.09795, -0.0000022351742, -3.7252903e-7), (26.318783, -0.0000044703484, -0.000017136335), (38.395844, -0.000008940697, -0.000020116568), (19.343435, -3.2160997, 0.0000011175871), (11.152607, -0.0000059604645, -7.4505806e-7), (17.516582, 0.0000014901161, -9.313226e-7), (17.516582, 0.0000014901161, -9.313226e-7), (10.850494, 11.217137, -2.9802322e-8), (10.850525, 11.217134, -6.12541), (0, -0.000015258789, 0.0000019073486), (10.85051, 11.217138, 6.125239), (4.7683716e-7, 0.000015258789, -0.000002503395), (29.928436, 0.000002861023, -5.9604645e-8), (15.261852, 0.9514898, -6.3661523), (-24.454609, 0.000008568168, 0.00018961728), (-38.39536, 0.000027567148, 0.0006660819), (0.000019073485, -0.000005722046, -0.000015258789), (-13.922259, 0.000014156103, -0.00056549907), (-26.292387, -0.000014901161, 0.00007599592), (-35.066235, -0.000013411045, -0.00012814999), (-35.066235, -0.000013411045, -0.00012814999), (-5.7307777, -1.3130977, 2.4346912), (-13.715153, 1.1048727, -0.16776398), (-8.068763, 0.00008568168, 0.000010430813), (-5.7726274, -0.00007748604, -0.000013783574), (-6.0201554, -0.9088114, 0.43621325), (-13.23305, 1.2464151, -0.27471483), (-8.911434, -0.000044703484, 0), (-6.319732, -0.000016763806, 3.7252903e-7), (0.14349365, -0.19346619, 0.016824722), (-5.59981, -1.7815537, -3.8594499), (-11.046891, -0.00014454126, 0.00039376318), (-6.8541117, -0.000026077032, -0.000010430813), (-5.099625, -0.000086426735, -0.000020489097), (-5.951625, -1.1932745, -1.6009567), (-12.241847, 1.0374337, -0.26679748), (-8.248944, 0.000029802322, 0.000018626451), (-6.1550694, 0.000013783574, -0.00002682209), (-3.2352135, -2.1390998, 1.781315), (-7.541453, -0.00008419156, 0.00010803342), (-7.156201, -0.00002142042, -0.00003054738), (-7.3720427, -0.000052899122, -0.00009089708), (-9.646805, -8.74897, 1.1001043), (-15.097332, 0.000026449561, 0.00056251884), (-26.318846, -0.0000026077032, 0.00008493662), (-38.39536, 0.000027567148, 0.0006660819), (0, -31.884125, -5.9604645e-8), (-13.126005, -1.7974734, 27.037334), (34.904247, 0, -0.0000018626451), (25.749334, 0.0000026077032, -0.000011920929), (10.0171995, 22.138144, -0.0000074505806), (7.115881, -0.0000063329935, -7.4505806e-7), (-0.000015258789, 2.3841858e-7, -0.000005722046), (13.045372, 10.579218, 0.64307207), (-0.0008621216, 0.00001001358, 0.0000076293945), (12.439418, 0.040933304, 0.050903857), (19.094376, 0.04093442, 0.050906837), (25.749334, 0.040939264, 0.050905347), (4.6073027, -0.04529208, 0.10183514), (16.629147, -0.04529208, 0.10183826), (32.311283, -0.022649765, 0.050912425), (-13.126042, -1.7974803, -27.037334), (-34.90423, -0.0000059604645, -0.000017881393), (-25.749285, -0.000011920929, -0.0000037252903), (-10.017197, -22.138126, 0.000013411045), (-7.115797, -0.000037899008, 0.000011175871), (0.000015258789, 7.1525574e-7, -0.0000019073486), (-13.026543, -10.580353, -0.64162445), (0.0008544922, -0.00001001358, -0.000005722046), (-12.439367, -0.04093647, -0.050913356), (-19.094315, -0.04094094, -0.05091168), (-25.749298, -0.04094541, -0.050912052), (-4.607349, 0.045291707, -0.10183863), (-16.629189, 0.04529059, -0.10184124), (-32.311268, 0.022643805, -0.05093366), (0, 33.700443, 31.083376), (0, -32.321224, 18.294334), (0, 33.82513, -31.198383), (-0.000015258789, -32.476513, -18.382225)],
                7: [(0, 0, 0), (-0.73178816, 76.09813, 4.4381747), (1.9207008, 3.7252903e-7, 1.8626451e-7), (7.6315866, 0.0000014901161, 0.0000024214387), (5.443435, 0.0000011175871, 0.000002142042), (10.32366, 0.0000052154064, 0.000004284084), (15.262231, 0.9515017, 6.3661532), (24.454706, 0.000005401671, 0.000014901161), (38.395836, -0.000013411045, -0.00004451722), (0, 0.000005722046, -0.0000076293945), (13.92169, 0.0000020256266, 0.000011920929), (26.292542, -0.0000041443855, 0.0000059604645), (35.066223, -0.000007543713, 0), (35.066223, -0.000007543713, 0), (5.730461, 1.3127303, -2.4346962), (13.715097, -1.1049228, 0.16776323), (8.068803, -0.000019744039, 0.000019185245), (5.7725616, 0.00004786998, -0.000029057264), (6.0197377, 0.9085203, -0.43623), (13.233081, -1.2464211, 0.27472526), (8.911483, 0.000011920929, 0.0000044703484), (6.319677, 0.000004656613, -0.0000037252903), (-0.1434784, 0.19345856, -0.016832352), (5.5994744, 1.7812173, 3.859441), (11.046858, 0.00019073486, -0.00034719706), (6.8540654, 0.000011082739, 7.4505806e-7), (5.099703, -0.000018940773, 0.0000074505806), (5.9512215, 1.1929018, 1.600945), (12.2418785, -1.037511, 0.26680827), (8.2489195, -0.000019930303, 0.000016391277), (6.1551323, 0.000003911555, -0.000021606684), (3.234852, 2.1388009, -1.7813321), (7.5414033, 0.0000033527613, 0.000021606684), (7.1561956, -0.000021164306, 0.000008195639), (7.372002, 0.000017136335, -0.000025331974), (9.646789, 8.731987, -1.0982475), (15.097941, -0.0000074505806, -0.000014714897), (26.318771, -0.0000074505806, -0.000035297126), (38.395836, -0.000013411045, -0.00004451722), (19.343416, -3.216085, 0.000014528632), (11.152594, 7.4505806e-7, 0.000007846393), (17.516573, 0.0000044703484, 0.00001359731), (17.516573, 0.0000044703484, 0.00001359731), (10.850494, 11.217137, -2.9802322e-8), (10.850525, 11.217134, -6.12541), (0, -0.000015258789, 0.0000019073486), (10.85051, 11.217138, 6.125239), (4.7683716e-7, 0.000015258789, -0.000002503395), (29.928436, 0.000002861023, -5.9604645e-8), (15.261827, 0.9514943, -6.3661346), (-24.454613, 0.00000782311, 0.00019129366), (-38.395355, 0.000022351742, 0.0006765127), (0.000019073485, -0.000005722046, -0.000015258789), (-13.922255, 0.000014901161, -0.0005617738), (-26.292376, -0.000014901161, 0.00008195639), (-35.066216, -0.0000074505806, -0.00011622906), (-35.066216, -0.0000074505806, -0.00011622906), (-5.7307773, -1.3131022, 2.434691), (-13.715145, 1.1048794, -0.16775951), (-8.068764, 0.00008717179, 0.000008940697), (-5.7726264, -0.00007934868, -0.00001899898), (-6.0201545, -0.90881175, 0.43621546), (-13.233045, 1.2464173, -0.27471632), (-8.911427, -0.00004582107, 0.0000029802322), (-6.3197255, -0.000018253922, 3.7252903e-7), (0.14349365, -0.19346619, 0.016824722), (-5.599812, -1.7815541, -3.8594513), (-11.046889, -0.00014454126, 0.00039711595), (-6.8541183, -0.000031664968, -0.000014156103), (-5.0996265, -0.00008493662, -0.000024586916), (-5.9516253, -1.1932738, -1.6009606), (-12.241838, 1.0374353, -0.26679522), (-8.248933, 0.00003091991, 0.000023841858), (-6.155063, 0.000016763806, -0.000025704503), (-3.235215, -2.139097, 1.781313), (-7.541456, -0.00008135103, 0.00010430813), (-7.1562, -0.000024260953, -0.000029057264), (-7.372041, -0.000052526593, -0.00009164214), (-9.646805, -8.74897, 1.1001043), (-15.097335, 0.000021606684, 0.0005595386), (-26.318842, -0.0000052154064, 0.00009164214), (-38.395355, 0.000022351742, 0.0006765127), (0, -31.884125, -5.9604645e-8), (-13.126002, -1.7974764, 27.037329), (34.90423, -0.000011920929, 0.000013783574), (25.749323, -7.4505806e-7, -0.000008940697), (10.017193, 22.13811, -0.000012665987), (7.1158776, -0.000008940697, 0.0000033527613), (-0.000015258789, 2.3841858e-7, -0.000005722046), (13.045372, 10.579218, 0.64307207), (-0.0008621216, 0.00001001358, 0.0000076293945), (12.439413, 0.040930696, 0.050902367), (19.094366, 0.040932372, 0.050906837), (25.749323, 0.04093647, 0.050902367), (4.6073, -0.045292452, 0.10183849), (16.629139, -0.04529506, 0.10184385), (32.311264, -0.022655725, 0.0509277), (-13.126042, -1.7974854, -27.037329), (-34.904213, -0.000011920929, -0.000028312206), (-25.749271, -0.000014901161, -0.000014901161), (-10.017194, -22.138124, 0.000014901161), (-7.115792, -0.000037968857, 0.000012665987), (0.000015258789, 7.1525574e-7, -0.0000019073486), (-13.026543, -10.580353, -0.64162445), (0.0008544922, -0.00001001358, -0.000005722046), (-12.439362, -0.04093796, -0.05091615), (-19.094305, -0.04094392, -0.050918758), (-25.749285, -0.04094839, -0.050919503), (-4.607352, 0.045291707, -0.101839565), (-16.629177, 0.04528463, -0.10184832), (-32.31126, 0.022637844, -0.050943345), (0, 33.700443, 31.083376), (0, -32.321224, 18.294334), (0, 33.82513, -31.198383), (-0.000015258789, -32.476513, -18.382225)],
                8: [(0, 0, 0), (-0.27382556, 79.73408, 5.5322804), (1.9206998, 0, -2.3283064e-7), (7.6315866, 0.0000014901161, 0.0000024214387), (5.443435, 7.4505806e-7, 0.0000012107193), (10.323661, 0.0000067055225, 0.0000048428774), (15.262231, 0.9515017, 6.366152), (24.4547, 0.000008195639, 0.000021606684), (38.395847, -0.0000029802322, -0.000033527613), (0, 0.000005722046, -0.0000076293945), (13.921696, 0.0000022118911, 0.0000067055225), (26.292551, -0.0000027008355, 0.0000014901161), (35.066242, -0.000007543713, -0.0000029802322), (35.066242, -0.000007543713, -0.0000029802322), (5.7304616, 1.3127278, -2.4346948), (13.715103, -1.1049252, 0.16775802), (8.068803, -0.000017881393, 0.000015832484), (5.772565, 0.000044237822, -0.000032782555), (6.0197396, 0.9085197, -0.43623075), (13.233084, -1.2464222, 0.27472228), (8.911495, 0.000011920929, 0.000006519258), (6.319674, 0.0000011292286, 0), (-0.1434784, 0.19345856, -0.016832352), (5.5994787, 1.7812178, 3.8594406), (11.046863, 0.00019446015, -0.00034943223), (6.8540716, 0.000011734664, 0.0000029802322), (5.0997114, -0.000024959445, 0.000008940697), (5.9512205, 1.1929016, 1.6009431), (12.2418785, -1.0375135, 0.26680157), (8.248928, -0.000017881393, 0.00001899898), (6.155135, 0.0000020489097, -0.000013411045), (3.2348528, 2.1387973, -1.7813306), (7.541405, 0.0000027939677, 0.000020861626), (7.1561956, -0.000024214387, 0.000008568168), (7.372007, 0.000017136335, -0.00002849847), (9.646789, 8.731987, -1.0982475), (15.097944, -7.4505806e-7, -0.0000070780516), (26.318771, -0.0000029802322, -0.000029802322), (38.395847, -0.0000029802322, -0.000033527613), (19.343428, -3.2160892, 0.000010058284), (11.152593, -7.4505806e-7, 0.000006298069), (17.516575, 0.0000074505806, 0.000010209624), (17.516575, 0.0000074505806, 0.000010209624), (10.850494, 11.217137, -2.9802322e-8), (10.850525, 11.217134, -6.12541), (0, -0.000015258789, 0.0000019073486), (10.85051, 11.217138, 6.125239), (4.7683716e-7, 0.000015258789, -0.000002503395), (29.928436, 0.000002861023, -5.9604645e-8), (15.261827, 0.9514943, -6.3661375), (-24.454613, 0.000011082739, 0.00019115396), (-38.395355, 0.000025331974, 0.00068992376), (0.000019073485, -0.000005722046, -0.000015258789), (-13.92224, 0.000017881393, -0.0005528331), (-26.29235, -0.000009685755, 0.00009536743), (-35.066177, -0.0000067055225, -0.00009536743), (-35.066177, -0.0000067055225, -0.00009536743), (-5.7307763, -1.3130958, 2.4346893), (-13.715143, 1.1048843, -0.16776249), (-8.068755, 0.00008828938, 0.000011175871), (-5.77262, -0.00008596107, -0.000016391277), (-6.020152, -0.90880746, 0.43621695), (-13.233045, 1.2464169, -0.27471036), (-8.911432, -0.0000461936, -7.4505806e-7), (-6.319733, -0.000015459955, -0.0000011175871), (0.14349365, -0.19346619, 0.016824722), (-5.599806, -1.7815534, -3.859447), (-11.046885, -0.00014230609, 0.0003963709), (-6.8541102, -0.000031478703, -0.000014156103), (-5.0996246, -0.000086799264, -0.00002719462), (-5.951618, -1.1932708, -1.6009558), (-12.241838, 1.037436, -0.26679486), (-8.24893, 0.000033527613, 0.000018626451), (-6.1550603, 0.000010523945, -0.000027939677), (-3.2352095, -2.139095, 1.7813157), (-7.5414515, -0.0000834465, 0.00010505319), (-7.1561933, -0.000023655593, -0.000032037497), (-7.372041, -0.000051083043, -0.00009164214), (-9.646805, -8.74897, 1.1001043), (-15.097334, 0.000023841858, 0.00056512654), (-26.318832, -0.0000022351742, 0.000097602606), (-38.395355, 0.000025331974, 0.00068992376), (0, -31.884125, -5.9604645e-8), (-13.126013, -1.7974794, 27.03734), (34.904243, -0.0000029802322, 0), (25.749334, 0.0000022351742, -0.000008940697), (10.017197, 22.13813, -0.000008940697), (7.1158795, -0.0000059604645, 0.0000031664968), (-0.000015258789, 2.3841858e-7, -0.000005722046), (13.045372, 10.579218, 0.64307207), (-0.0008621216, 0.00001001358, 0.0000076293945), (12.439419, 0.040930882, 0.050903857), (19.094374, 0.04093349, 0.050908327), (25.749332, 0.04093647, 0.050905347), (4.607298, -0.045294315, 0.10183789), (16.629147, -0.04529059, 0.10183938), (32.31128, -0.022652745, 0.050915033), (-13.126041, -1.797476, -27.037338), (-34.90425, 0.0000029802322, -0.0000049127266), (-25.749298, -0.0000029802322, 0.0000052154064), (-10.017196, -22.138134, 0.0000026077032), (-7.1157985, -0.00003736932, 0.000013411045), (0.000015258789, 7.1525574e-7, -0.0000019073486), (-13.026543, -10.580353, -0.64162445), (0.0008544922, -0.00001001358, -0.000005722046), (-12.439376, -0.040932, -0.050908327), (-19.094328, -0.04093498, -0.05090274), (-25.74932, -0.04093647, -0.05089864), (-4.607353, 0.045292825, -0.10183671), (-16.629196, 0.04529357, -0.101836465), (-32.31129, 0.022655725, -0.05092209), (0, 33.700443, 31.083376), (0, -32.321224, 18.294334), (0, 33.82513, -31.198383), (-0.000015258789, -32.476513, -18.382225)],
                9: [(0, 0, 0), (0.16313654, 58.50693, 6.203144), (1.9206986, 5.5879354e-7, 1.3969839e-7), (7.6315894, 0, 7.4505806e-7), (5.443433, 7.4505806e-7, 8.381903e-7), (10.323669, 0.0000014901161, 0.0000018626451), (15.262243, 0.95149505, 6.3661494), (24.4547, 0.0000044703484, 0.000020116568), (38.395844, -0.0000029802322, -0.00001937151), (0, 0.000005722046, -0.0000076293945), (13.921701, 0.000005122274, 0.000008940697), (26.292566, 0.0000018626451, 0.000010430813), (35.066257, -0.0000016763806, 0), (35.066257, -0.0000016763806, 0), (5.730469, 1.3127396, -2.4347), (13.715109, -1.1049237, 0.16775876), (8.068811, -0.00001564622, 0.00001527369), (5.772566, 0.000045623165, -0.000032410026), (6.019745, 0.9085253, -0.43623373), (13.233092, -1.2464159, 0.27471706), (8.911504, 0.000017881393, 0.0000031664968), (6.3196883, -0.0000013969839, 3.7252903e-7), (-0.1434784, 0.19345856, -0.016832352), (5.5994787, 1.7812252, 3.859442), (11.0468645, 0.00019818544, -0.00035464764), (6.8540735, 0.000010803342, 0.0000011175871), (5.0997143, -0.000024400651, 0.000008195639), (5.951226, 1.1929114, 1.6009431), (12.241886, -1.0375097, 0.26680082), (8.248927, -0.000021979213, 0.00001899898), (6.155136, 0.0000016763806, -0.00001564622), (3.2348561, 2.1388025, -1.7813358), (7.541414, 0.0000070780516, 0.000014901161), (7.1562037, -0.000023469329, 0.0000033527613), (7.372011, 0.000018626451, -0.000026030466), (9.646789, 8.731987, -1.0982475), (15.097944, -0.0000044703484, -0.0000033527613), (26.318777, 0.0000014901161, -0.00001564622), (38.395844, -0.0000029802322, -0.00001937151), (19.343437, -3.2160983, 0.0000040978193), (11.152606, -0.0000044703484, 0.0000013038516), (17.516582, 0.0000014901161, 0.0000027939677), (17.516582, 0.0000014901161, 0.0000027939677), (10.850494, 11.217137, -2.9802322e-8), (10.850525, 11.217134, -6.12541), (0, -0.000015258789, 0.0000019073486), (10.85051, 11.217138, 6.125239), (4.7683716e-7, 0.000015258789, -0.000002503395), (29.928436, 0.000002861023, -5.9604645e-8), (15.261844, 0.9514928, -6.36615), (-24.45461, 0.000011175871, 0.00018943101), (-38.395355, 0.00003427267, 0.00067427754), (0.000019073485, -0.000005722046, -0.000015258789), (-13.922252, 0.000014528632, -0.00055879354), (-26.292372, -0.000011920929, 0.00008046627), (-35.06621, -0.000008195639, -0.00011920929), (-35.06621, -0.000008195639, -0.00011920929), (-5.7307744, -1.3131009, 2.4346876), (-13.715148, 1.1048821, -0.16776025), (-8.068764, 0.00008177012, 0.0000067055225), (-5.7726293, -0.00008214265, -0.000016391277), (-6.020155, -0.9088101, 0.4362151), (-13.2330475, 1.2464193, -0.27471334), (-8.91143, -0.000047683716, 7.4505806e-7), (-6.319739, -0.000016856939, 0.0000011175871), (0.14349365, -0.19346619, 0.016824722), (-5.5998106, -1.7815534, -3.8594477), (-11.046886, -0.00013746321, 0.00039860606), (-6.8541064, -0.00002544839, -0.000012665987), (-5.09962, -0.00008456409, -0.000024214387), (-5.951626, -1.1932712, -1.6009562), (-12.241841, 1.0374353, -0.26679784), (-8.248931, 0.000031106174, 0.000022351742), (-6.155064, 0.000011175871, -0.000028684735), (-3.2352128, -2.1390944, 1.7813146), (-7.5414567, -0.00008009374, 0.00010728836), (-7.1562023, -0.00002272427, -0.000029802322), (-7.37205, -0.000048801303, -0.0000923872), (-9.646805, -8.74897, 1.1001043), (-15.097334, 0.00002682209, 0.0005630776), (-26.31884, 0.0000029802322, 0.000090524554), (-38.395355, 0.00003427267, 0.00067427754), (0, -31.884125, -5.9604645e-8), (-13.126005, -1.7974764, 27.03733), (34.90424, -0.0000059604645, 0.000008940697), (25.749325, -0.0000029802322, -0.000008940697), (10.017186, 22.138115, -0.0000044703484), (7.1158776, -0.0000063329935, 0.0000052154064), (-0.000015258789, 2.3841858e-7, -0.000005722046), (13.045372, 10.579218, 0.64307207), (-0.0008621216, 0.00001001358, 0.0000076293945), (12.439414, 0.04093051, 0.0509046), (19.094366, 0.040932, 0.050908327), (25.749325, 0.04093498, 0.050905347), (4.6073003, -0.045292825, 0.10183668), (16.62914, -0.04529357, 0.101843104), (32.311268, -0.022652745, 0.050925463), (-13.126037, -1.797483, -27.03733), (-34.904236, -0.0000029802322, -0.000020861626), (-25.74928, -0.0000059604645, -0.0000052154064), (-10.017193, -22.138134, 0.000008195639), (-7.1157947, -0.000039301813, 0.000014156103), (0.000015258789, 7.1525574e-7, -0.0000019073486), (-13.026543, -10.580353, -0.64162445), (0.0008544922, -0.00001001358, -0.000005722046), (-12.439367, -0.04093647, -0.050912797), (-19.094315, -0.04094094, -0.05091019), (-25.749298, -0.04094243, -0.050912797), (-4.607352, 0.045292452, -0.10183924), (-16.629189, 0.04529059, -0.10184031), (-32.311275, 0.022649765, -0.05093403), (0, 33.700443, 31.083376), (0, -32.321224, 18.294334), (0, 33.82513, -31.198383), (-0.000015258789, -32.476513, -18.382225)],
                10: [(0, 0, 0), (0.48462743, 61.79424, 5.99828), (1.9206994, 9.313226e-7, 4.656613e-7), (7.631588, 7.4505806e-7, 0.0000016763806), (5.443433, 0.0000014901161, 0.0000013038516), (10.323665, 0.0000029802322, 0.0000013038516), (15.262236, 0.9514965, 6.3661485), (24.454699, 0.0000059604645, 0.000014156103), (38.39584, 0, -0.00002682209), (0, 0.000005722046, -0.0000076293945), (13.921705, 0.000005075708, 0.0000067055225), (26.292568, 6.519258e-7, 0.0000074505806), (35.06626, -0.0000037252903, -0.0000014901161), (35.06626, -0.0000037252903, -0.0000014901161), (5.730467, 1.3127333, -2.4346943), (13.7151, -1.1049297, 0.16776174), (8.068805, -0.000020116568, 0.000018812716), (5.77256, 0.000043655746, -0.00003129244), (6.019741, 0.9085175, -0.43623224), (13.233089, -1.2464195, 0.27472302), (8.911493, 0.000013411045, 0.0000048428774), (6.319674, 0.000004749745, 3.7252903e-7), (-0.1434784, 0.19345856, -0.016832352), (5.599478, 1.7812266, 3.8594394), (11.046864, 0.00019147992, -0.00035092235), (6.854068, 0.000010058284, 0.0000033527613), (5.0997095, -0.000022351742, 0.000006519258), (5.9512243, 1.1929032, 1.6009437), (12.241888, -1.0375142, 0.2668023), (8.248933, -0.000017881393, 0.000016763806), (6.1551385, 0.0000016763806, -0.000016391277), (3.2348535, 2.138797, -1.7813332), (7.5414076, 0.0000055879354, 0.00001937151), (7.156206, -0.0000230968, 3.7252903e-7), (7.372011, 0.00001937151, -0.000025331974), (9.646789, 8.731987, -1.0982475), (15.097944, 0, -0.0000044703484), (26.318771, 0, -0.000025331974), (38.39584, 0, -0.00002682209), (19.343435, -3.2160952, 0.0000037252903), (11.152601, -0.0000014901161, 0.0000027474016), (17.516577, 0.0000059604645, 0.0000045634806), (17.516577, 0.0000059604645, 0.0000045634806), (10.850494, 11.217137, -2.9802322e-8), (10.850525, 11.217134, -6.12541), (0, -0.000015258789, 0.0000019073486), (10.85051, 11.217138, 6.125239), (4.7683716e-7, 0.000015258789, -0.000002503395), (29.928436, 0.000002861023, -5.9604645e-8), (15.261838, 0.9514913, -6.366147), (-24.45461, 0.000014528632, 0.00019036233), (-38.39535, 0.000035762787, 0.0006765127), (0.000019073485, -0.000005722046, -0.000015258789), (-13.922251, 0.000013783574, -0.0005610287), (-26.292368, -0.000012665987, 0.00008046627), (-35.066196, -0.000008195639, -0.000113248825), (-35.066196, -0.000008195639, -0.000113248825), (-5.7307725, -1.3130965, 2.4346867), (-13.715142, 1.1048818, -0.16776472), (-8.068759, 0.000085891224, 0.0000070780516), (-5.7726274, -0.000082328916, -0.000019744039), (-6.0201483, -0.9088083, 0.43621287), (-13.233044, 1.2464228, -0.27471036), (-8.911421, -0.00004164176, -7.4505806e-7), (-6.319727, -0.000020675361, -0.0000044703484), (0.14349365, -0.19346619, 0.016824722), (-5.599803, -1.7815508, -3.859444), (-11.046888, -0.00013783574, 0.00040084124), (-6.8541107, -0.000026635826, -0.000014528632), (-5.0996256, -0.00008563511, -0.000024214387), (-5.951622, -1.1932695, -1.6009555), (-12.241836, 1.0374393, -0.26679784), (-8.24893, 0.000033620745, 0.000017881393), (-6.1550665, 0.000009126961, -0.00003129244), (-3.235205, -2.1390944, 1.7813116), (-7.541453, -0.00007972121, 0.00010319054), (-7.1561975, -0.000016763806, -0.000033527613), (-7.3720374, -0.00004954636, -0.000093877316), (-9.646805, -8.74897, 1.1001043), (-15.097332, 0.000028312206, 0.00056549907), (-26.318836, 0.0000074505806, 0.000094249845), (-38.39535, 0.000035762787, 0.0006765127), (0, -31.884125, -5.9604645e-8), (-13.126005, -1.7974734, 27.037329), (34.904224, -0.000008940697, 0.000017043203), (25.749325, -0.0000029802322, -0.0000059604645), (10.017185, 22.13812, -0.0000029802322), (7.1158795, -0.000004656613, 0.0000044703484), (-0.000015258789, 2.3841858e-7, -0.000005722046), (13.045372, 10.579218, 0.64307207), (-0.0008621216, 0.00001001358, 0.0000076293945), (12.439413, 0.04093051, 0.0509046), (19.094362, 0.04093051, 0.050912797), (25.749325, 0.04093349, 0.050908327), (4.607298, -0.04529357, 0.10183955), (16.629139, -0.04529804, 0.10184743), (32.311256, -0.022658706, 0.050927885), (-13.126038, -1.7974877, -27.037329), (-34.904236, -0.0000029802322, -0.000018626451), (-25.749298, -0.0000029802322, 0.0000067055225), (-10.017193, -22.138134, 0.0000074505806), (-7.115792, -0.000040605664, 0.000010803342), (0.000015258789, 7.1525574e-7, -0.0000019073486), (-13.026543, -10.580353, -0.64162445), (0.0008544922, -0.00001001358, -0.000005722046), (-12.439375, -0.04093349, -0.050906092), (-19.094326, -0.04093498, -0.05090013), (-25.749313, -0.04093647, -0.050903857), (-4.6073513, 0.04529208, -0.101836585), (-16.629189, 0.0452891, -0.101843104), (-32.31128, 0.022649765, -0.05093217), (0, 33.700443, 31.083376), (0, -32.321224, 18.294334), (0, 33.82513, -31.198383), (-0.000015258789, -32.476513, -18.382225)],
                11: [(0, 0, 0), (0.67302006, 63.376427, 5.5262184), (1.9207023, 0, 0), (7.631591, 7.4505806e-7, 0.0000018626451), (5.44343, 0.0000026077032, 0.000002142042), (10.323657, 0.000009685755, 0.000006519258), (15.262231, 0.9515062, 6.366148), (24.454693, 0.000014156103, 0.000009685755), (38.39582, 0.000008940697, -0.000047683716), (0, 0.000005722046, -0.0000076293945), (13.921693, -0.0000055879354, 0.0000067055225), (26.292547, -0.000016205013, 0.0000044703484), (35.06623, -0.00001937151, -0.0000029802322), (35.06623, -0.00001937151, -0.0000029802322), (5.73046, 1.3127297, -2.434694), (13.715105, -1.1049278, 0.16776323), (8.068803, -0.000016391277, 0.00001527369), (5.772557, 0.00004840549, -0.000030174851), (6.01974, 0.90851855, -0.4362285), (13.233084, -1.2464274, 0.274726), (8.911483, 0.000009313226, 0.0000052154064), (6.3196735, 0.0000029802322, -0.0000026077032), (-0.1434784, 0.19345856, -0.016832352), (5.599476, 1.7812207, 3.859436), (11.046858, 0.00018924475, -0.00034943223), (6.854065, 0.000010244548, 0.0000018626451), (5.099703, -0.000020489097, 0.0000074505806), (5.95122, 1.1929009, 1.6009417), (12.24188, -1.0375175, 0.26680082), (8.248922, -0.000021979213, 0.000017136335), (6.1551366, 0.0000035390258, -0.000018626451), (3.2348492, 2.138798, -1.7813318), (7.5414033, 0.0000028405339, 0.000020861626), (7.1561995, -0.000024586916, 0.000009313226), (7.372006, 0.000014901161, -0.00002970919), (9.646789, 8.731987, -1.0982475), (15.097939, 0.0000022351742, -0.000010430813), (26.318758, 0.000008940697, -0.00003874302), (38.39582, 0.000008940697, -0.000047683716), (19.343414, -3.2160773, 0.000014901161), (11.152587, 0.0000052154064, 0.000011455268), (17.516562, 0.000014901161, 0.000018347055), (17.516562, 0.000014901161, 0.000018347055), (10.850494, 11.217137, -2.9802322e-8), (10.850525, 11.217134, -6.12541), (0, -0.000015258789, 0.0000019073486), (10.85051, 11.217138, 6.125239), (4.7683716e-7, 0.000015258789, -0.000002503395), (29.928436, 0.000002861023, -5.9604645e-8), (15.261832, 0.95149875, -6.3661294), (-24.454609, 0.00002272427, 0.00020079315), (-38.395325, 0.000029802322, 0.0006981194), (0.000019073485, -0.000005722046, -0.000015258789), (-13.922233, 0.00001899898, -0.0005505979), (-26.29233, -0.0000037252903, 0.00010430813), (-35.06616, 0.0000029802322, -0.00008940697), (-35.06616, 0.0000029802322, -0.00008940697), (-5.7307677, -1.3130918, 2.434684), (-13.715124, 1.1048958, -0.16775727), (-8.068745, 0.000084377825, 0.000008381903), (-5.772622, -0.00008754432, -0.000017136335), (-6.020143, -0.908803, 0.43621734), (-13.2330265, 1.2464285, -0.27470738), (-8.911411, -0.000042282045, 4.656613e-7), (-6.3197246, -0.000023655593, -7.4505806e-7), (0.14349365, -0.19346619, 0.016824722), (-5.599799, -1.7815467, -3.8594387), (-11.0468645, -0.00012796372, 0.00040829182), (-6.854089, -0.000021979213, -0.000009313226), (-5.0996118, -0.00009046635, -0.000024586916), (-5.951611, -1.1932663, -1.600951), (-12.241812, 1.0374472, -0.2667889), (-8.248904, 0.000039301813, 0.000023655593), (-6.1550508, 0.0000033061951, -0.00003054738), (-3.2352052, -2.1390905, 1.7813119), (-7.541442, -0.00007376075, 0.00010449439), (-7.156189, -0.000013411045, -0.000032782555), (-7.3720284, -0.000047683716, -0.00008940697), (-9.646805, -8.74897, 1.1001043), (-15.0973215, 0.00002682209, 0.0005699694), (-26.318813, 0.0000029802322, 0.000109523535), (-38.395325, 0.000029802322, 0.0006981194), (0, -31.884125, -5.9604645e-8), (-13.126011, -1.7974764, 27.037338), (34.904247, 0.0000029802322, -0.0000052154064), (25.749329, 0.0000029802322, -0.0000059604645), (10.017187, 22.138123, -0.0000044703484), (7.1158795, -0.0000033527613, 0.0000040978193), (-0.000015258789, 2.3841858e-7, -0.000005722046), (13.045372, 10.579218, 0.64307207), (-0.0008621216, 0.00001001358, 0.0000076293945), (12.439415, 0.040932, 0.050903484), (19.094368, 0.04093051, 0.05091019), (25.749332, 0.04093349, 0.050909072), (4.6073003, -0.045292452, 0.101835564), (16.629147, -0.04529208, 0.10183826), (32.31128, -0.022649765, 0.050912425), (-13.126038, -1.797479, -27.037338), (-34.904247, -0.0000029802322, -0.000013783574), (-25.749287, -0.0000059604645, -0.0000014901161), (-10.017191, -22.13813, 0.0000074505806), (-7.115794, -0.00003874302, 0.000010803342), (0.000015258789, 7.1525574e-7, -0.0000019073486), (-13.026543, -10.580353, -0.64162445), (0.0008544922, -0.00001001358, -0.000005722046), (-12.439368, -0.040934235, -0.050912052), (-19.094318, -0.04093945, -0.050908327), (-25.749302, -0.04094243, -0.050909817), (-4.607353, 0.045293197, -0.101836026), (-16.629194, 0.04529357, -0.10184143), (-32.311283, 0.022649765, -0.05092509), (0, 33.700443, 31.083376), (0, -32.321224, 18.294334), (0, 33.82513, -31.198383), (-0.000015258789, -32.476513, -18.382225)],
                12: [(0, 0, 0), (0.72469616, 60.84496, 4.836432), (1.920699, 7.4505806e-7, -1.3969839e-7), (7.6315904, -7.4505806e-7, 0), (5.443437, -3.7252903e-7, 9.313226e-8), (10.323669, 7.4505806e-7, 0.0000013038516), (15.2622385, 0.95149875, 6.366148), (24.454699, 0.0000059604645, 0.000018626451), (38.395844, 0, -0.000029802322), (0, 0.000005722046, -0.0000076293945), (13.921701, 0.0000020489097, 0.0000044703484), (26.292562, 0.0000018626451, 0.000008940697), (35.066257, -0.0000031664968, 0.0000044703484), (35.066257, -0.0000031664968, 0.0000044703484), (5.7304683, 1.3127351, -2.4346993), (13.715109, -1.1049241, 0.16775727), (8.068805, -0.000017136335, 0.000017881393), (5.7725587, 0.000046379864, -0.000029057264), (6.019746, 0.9085245, -0.43623185), (13.233095, -1.2464087, 0.27471632), (8.911503, 0.000014156103, 0.0000059604645), (6.3196883, -0.0000030733645, 0.0000011175871), (-0.1434784, 0.19345856, -0.016832352), (5.5994787, 1.7812229, 3.8594406), (11.046863, 0.00019446015, -0.00035464764), (6.8540707, 0.000012014061, 0), (5.0997086, -0.000020302832, 0.000005029142), (5.9512243, 1.1929076, 1.6009417), (12.241888, -1.0375072, 0.2667971), (8.248939, -0.000013969839, 0.000014156103), (6.155141, -9.313226e-7, -0.000013411045), (3.2348535, 2.1387992, -1.7813377), (7.5414143, 0.0000044703484, 0.00001564622), (7.1562076, -0.000021234155, 0.0000037252903), (7.372018, 0.00001937151, -0.000031664968), (9.646789, 8.731987, -1.0982475), (15.097946, -0.0000014901161, -0.0000052154064), (26.318773, 0.0000014901161, -0.000022351742), (38.395844, 0, -0.000029802322), (19.343435, -3.2160969, 0.0000040978193), (11.152601, -0.0000014901161, 0.0000040978193), (17.51658, 0.0000044703484, 0.00000782311), (17.51658, 0.0000044703484, 0.00000782311), (10.850494, 11.217137, -2.9802322e-8), (10.850525, 11.217134, -6.12541), (0, -0.000015258789, 0.0000019073486), (10.85051, 11.217138, 6.125239), (4.7683716e-7, 0.000015258789, -0.000002503395), (29.928436, 0.000002861023, -5.9604645e-8), (15.261839, 0.9514943, -6.366147), (-24.45461, 0.000017136335, 0.00019446015), (-38.39535, 0.00003427267, 0.00067949295), (0.000019073485, -0.000005722046, -0.000015258789), (-13.922247, 0.000017508864, -0.0005632639), (-26.292362, -0.000011920929, 0.00008493662), (-35.066204, -0.000008195639, -0.00011622906), (-35.066204, -0.000008195639, -0.00011622906), (-5.73078, -1.3131015, 2.434687), (-13.715146, 1.104879, -0.16776174), (-8.068781, 0.000084750354, 0.0000095926225), (-5.77264, -0.000077765435, -0.000013411045), (-6.0201516, -0.9088129, 0.43621734), (-13.233052, 1.2464153, -0.27471334), (-8.911441, -0.000048056245, -0.0000012107193), (-6.3197403, -0.000017601997, -7.4505806e-7), (0.14349365, -0.19346619, 0.016824722), (-5.599812, -1.7815536, -3.8594499), (-11.046889, -0.00014277175, 0.000397861), (-6.85412, -0.000028312206, -0.000015995465), (-5.0996294, -0.000082934275, -0.000021234155), (-5.9516263, -1.1932727, -1.6009555), (-12.241845, 1.0374314, -0.26680082), (-8.24894, 0.000029988587, 0.000017881393), (-6.155074, 0.000013271347, -0.000025331974), (-3.2352128, -2.1390975, 1.7813146), (-7.5414577, -0.0000834465, 0.000107847154), (-7.1562066, -0.000024214387, -0.000032410026), (-7.3720546, -0.000050663948, -0.00009313226), (-9.646805, -8.74897, 1.1001043), (-15.097327, 0.000026077032, 0.000564754), (-26.31883, 0.0000044703484, 0.00009462237), (-38.39535, 0.00003427267, 0.00067949295), (0, -31.884125, -5.9604645e-8), (-13.12601, -1.7974794, 27.03734), (34.90424, -0.0000029802322, 0.0000052154064), (25.749332, 0, -0.0000059604645), (10.017193, 22.13813, -0.0000044703484), (7.115882, -0.0000040978193, 7.4505806e-7), (-0.000015258789, 2.3841858e-7, -0.000005722046), (13.045372, 10.579218, 0.64307207), (-0.0008621216, 0.00001001358, 0.0000076293945), (12.439416, 0.040932, 0.0509046), (19.094368, 0.04093349, 0.050910935), (25.749332, 0.04093647, 0.050906837), (4.6072984, -0.045293942, 0.101836026), (16.629143, -0.04529655, 0.10184422), (32.311268, -0.022655725, 0.050920993), (-13.126038, -1.7974775, -27.037338), (-34.904255, 0.0000059604645, -0.0000037252903), (-25.749292, -0.0000029802322, -0.0000014901161), (-10.017196, -22.138132, 0.0000074505806), (-7.115793, -0.000037252903, 0.000011653174), (0.000015258789, 7.1525574e-7, -0.0000019073486), (-13.026543, -10.580353, -0.64162445), (0.0008544922, -0.00001001358, -0.000005722046), (-12.439372, -0.040933862, -0.050911307), (-19.094322, -0.04093647, -0.050906837), (-25.749306, -0.040940195, -0.050906837), (-4.6073546, 0.04529357, -0.10183723), (-16.629198, 0.04529506, -0.10183472), (-32.311295, 0.022655725, -0.050919503), (0, 33.700443, 31.083376), (0, -32.321224, 18.294334), (0, 33.82513, -31.198383), (-0.000015258789, -32.476513, -18.382225)],
                13: [(0, 0, 0), (0.6386999, 56.66992, 3.8293872), (1.9207015, 0, 0), (7.631589, 0, -3.7252903e-7), (5.4434366, 0, 6.519258e-7), (10.323666, 0.0000037252903, 0.0000037252903), (15.2622385, 0.95150024, 6.3661494), (24.454699, 0.0000074505806, 0.000013411045), (38.39584, 0, -0.00002682209), (0, 0.000005722046, -0.0000076293945), (13.921699, 0.0000035506673, 0.0000074505806), (26.292559, -0.0000022584572, 0.0000059604645), (35.066254, -0.000007846393, -0.0000029802322), (35.066254, -0.000007846393, -0.0000029802322), (5.730463, 1.3127341, -2.434694), (13.715105, -1.1049311, 0.16776323), (8.068795, -0.000017508864, 0.000016391277), (5.77255, 0.00005143811, -0.00003390014), (6.019741, 0.90851766, -0.43623075), (13.233087, -1.2464185, 0.27472377), (8.91149, 0.000011175871, 0.0000052154064), (6.319678, 0.0000015832484, 0), (-0.1434784, 0.19345856, -0.016832352), (5.599474, 1.78122, 3.859436), (11.046857, 0.00018514693, -0.0003501773), (6.85407, 0.000009773066, 0.0000029802322), (5.099708, -0.00002272427, 0.00000782311), (5.951222, 1.1929046, 1.6009439), (12.241879, -1.0375189, 0.26680082), (8.248924, -0.000020023435, 0.000018626451), (6.155137, 0.0000022351742, -0.000017508864), (3.2348506, 2.1387935, -1.7813336), (7.5414076, 0.0000022351742, 0.000021606684), (7.1562037, -0.000023795292, 0.0000059604645), (7.3720107, 0.000016391277, -0.00002719462), (9.646789, 8.731987, -1.0982475), (15.097946, -0.0000014901161, -0.0000052154064), (26.318773, 0.0000014901161, -0.0000230968), (38.39584, 0, -0.00002682209), (19.343428, -3.2160878, 0.000008940697), (11.152593, 0.0000022351742, 0.000007543713), (17.51657, 0.000008940697, 0.0000128522515), (17.51657, 0.000008940697, 0.0000128522515), (10.850494, 11.217137, -2.9802322e-8), (10.850525, 11.217134, -6.12541), (0, -0.000015258789, 0.0000019073486), (10.85051, 11.217138, 6.125239), (4.7683716e-7, 0.000015258789, -0.000002503395), (29.928436, 0.000002861023, -5.9604645e-8), (15.261835, 0.9514943, -6.366139), (-24.45461, 0.000016763806, 0.00019334257), (-38.39534, 0.00003129244, 0.0006876886), (0.000019073485, -0.000005722046, -0.000015258789), (-13.9222355, 0.000018440187, -0.0005528331), (-26.292341, -0.000009685755, 0.0000923872), (-35.06618, -0.0000011175871, -0.00009536743), (-35.06618, -0.0000011175871, -0.00009536743), (-5.7307706, -1.3130944, 2.4346824), (-13.71513, 1.1048886, -0.16775578), (-8.068758, 0.00008363277, 0.0000063329935), (-5.77263, -0.00008484349, -0.000014156103), (-6.0201435, -0.90880543, 0.43621883), (-13.233031, 1.2464246, -0.27471185), (-8.911417, -0.00004544854, -0.0000022351742), (-6.3197265, -0.000024703331, -0.0000037252903), (0.14349365, -0.19346619, 0.016824722), (-5.599803, -1.7815493, -3.8594418), (-11.046867, -0.00013457611, 0.00040456653), (-6.8541007, -0.000026077032, -0.000010244548), (-5.09962, -0.000089686364, -0.000026077032), (-5.95162, -1.193269, -1.6009532), (-12.241825, 1.0374404, -0.2667904), (-8.24892, 0.000036880374, 0.000020011794), (-6.1550627, 0.000009546056, -0.00002682209), (-3.2352061, -2.1390936, 1.781314), (-7.5414486, -0.00007674098, 0.00010319054), (-7.156188, -0.000013783574, -0.000032410026), (-7.3720307, -0.000050663948, -0.000093877316), (-9.646805, -8.74897, 1.1001043), (-15.097323, 0.00002682209, 0.0005673617), (-26.318827, 0.0000014901161, 0.000102072954), (-38.39534, 0.00003129244, 0.0006876886), (0, -31.884125, -5.9604645e-8), (-13.12601, -1.7974764, 27.037334), (34.904255, 0.0000059604645, -0.0000040978193), (25.749344, 0.0000044703484, -0.000010430813), (10.017201, 22.138138, -0.0000059604645), (7.1158805, -0.0000033294782, 0), (-0.000015258789, 2.3841858e-7, -0.000005722046), (13.045372, 10.579218, 0.64307207), (-0.0008621216, 0.00001001358, 0.0000076293945), (12.439423, 0.040934235, 0.050900877), (19.094376, 0.04093498, 0.050906837), (25.749344, 0.04094094, 0.050900877), (4.6073008, -0.045292452, 0.101835564), (16.629148, -0.04529208, 0.10184012), (32.311283, -0.022646785, 0.050912425), (-13.126037, -1.7974796, -27.037334), (-34.90423, -0.000011920929, -0.00001937151), (-25.749275, -0.0000040978193, -0.000014901161), (-10.017186, -22.138128, 0.0000074505806), (-7.115789, -0.00004172325, 0.000006891787), (0.000015258789, 7.1525574e-7, -0.0000019073486), (-13.026543, -10.580353, -0.64162445), (0.0008544922, -0.00001001358, -0.000005722046), (-12.439365, -0.040933676, -0.050916523), (-19.094313, -0.040936843, -0.050917268), (-25.749292, -0.040939823, -0.05092621), (-4.6073503, 0.04529096, -0.10183994), (-16.629187, 0.0452891, -0.101841986), (-32.311268, 0.022640824, -0.050934404), (0, 33.700443, 31.083376), (0, -32.321224, 18.294334), (0, 33.82513, -31.198383), (-0.000015258789, -32.476513, -18.382225)],
                14: [(0, 0, 0), (0.4136152, 72.66838, 2.5432649), (1.9206982, 7.4505806e-7, 0), (7.6315894, 0, -0.0000013038516), (5.4434376, 0, 4.656613e-7), (10.32367, 0, 2.7939677e-7), (15.262243, 0.9514913, 6.366148), (24.454704, 0.0000014901161, 0.000018626451), (38.39585, -0.0000029802322, -0.0000067055225), (0, 0.000005722046, -0.0000076293945), (13.921708, 0.0000041211024, 0.0000052154064), (26.292574, 0.0000016763806, 0.0000059604645), (35.06627, 0.0000053085387, 0.0000029802322), (35.06627, 0.0000053085387, 0.0000029802322), (5.730468, 1.3127354, -2.4347014), (13.715113, -1.1049203, 0.16775578), (8.068811, -0.000014156103, 0.000014156103), (5.772569, 0.000044470653, -0.00003091991), (6.0197463, 0.90852565, -0.4362315), (13.233094, -1.2464136, 0.27471408), (8.911508, 0.0000173226, 0.0000029802322), (6.3196926, -0.0000018626451, -0.0000018626451), (-0.1434784, 0.19345856, -0.016832352), (5.5994806, 1.7812304, 3.859444), (11.046864, 0.00019557774, -0.00035315752), (6.8540716, 0.000011402881, 0), (5.0997105, -0.00002272427, 0.000008195639), (5.9512267, 1.1929069, 1.6009424), (12.241885, -1.0375068, 0.26679784), (8.248937, -0.000016856939, 0.000017136335), (6.155142, 1.8626451e-7, -0.000016391277), (3.2348554, 2.1388042, -1.781337), (7.541414, 0.0000040978193, 0.00001937151), (7.1562076, -0.00002249144, 0.0000029802322), (7.372011, 0.000018626451, -0.000029429793), (9.646789, 8.731987, -1.0982475), (15.09795, -0.0000037252903, -9.313226e-7), (26.318785, 0.0000029802322, -0.000008940697), (38.39585, -0.0000029802322, -0.0000067055225), (19.343443, -3.2161012, -3.7252903e-7), (11.152601, -0.0000044703484, 9.313226e-8), (17.516586, 0, 4.656613e-7), (17.516586, 0, 4.656613e-7), (10.850494, 11.217137, -2.9802322e-8), (10.850525, 11.217134, -6.12541), (0, -0.000015258789, 0.0000019073486), (10.85051, 11.217138, 6.125239), (4.7683716e-7, 0.000015258789, -0.000002503395), (29.928436, 0.000002861023, -5.9604645e-8), (15.261851, 0.9514883, -6.3661532), (-24.454613, 0.000013783574, 0.0001931563), (-38.395367, 0.000035762787, 0.0006683171), (0.000019073485, -0.000005722046, -0.000015258789), (-13.92226, 0.000010989606, -0.0005707145), (-26.292387, -0.00001359731, 0.00006854534), (-35.06623, -0.000015087426, -0.00013411045), (-35.06623, -0.000015087426, -0.00013411045), (-5.7307777, -1.3131002, 2.4346862), (-13.71514, 1.1048839, -0.16775876), (-8.068771, 0.000082328916, 0.000009861833), (-5.772635, -0.000080186874, -0.000011920929), (-6.020151, -0.9088101, 0.4362136), (-13.233042, 1.2464195, -0.27471036), (-8.911431, -0.000047683716, 0), (-6.319735, -0.000016577542, 0.0000037252903), (0.14349365, -0.19346619, 0.016824722), (-5.59981, -1.7815534, -3.8594506), (-11.046889, -0.0001411885, 0.00039339066), (-6.8541183, -0.000029057264, -0.00001359731), (-5.0996313, -0.00008456409, -0.000023841858), (-5.951626, -1.193274, -1.6009592), (-12.24184, 1.0374331, -0.26679635), (-8.248933, 0.000029616058, 0.000019557774), (-6.1550694, 0.000014156103, -0.000027567148), (-3.2352123, -2.1390963, 1.781316), (-7.541458, -0.00008046627, 0.00010356307), (-7.156201, -0.000017508864, -0.000033527613), (-7.3720455, -0.000046938658, -0.000093877316), (-9.646805, -8.74897, 1.1001043), (-15.097337, 0.000028312206, 0.000558421), (-26.318842, 0.0000022351742, 0.00008717179), (-38.395367, 0.000035762787, 0.0006683171), (0, -31.884125, -5.9604645e-8), (-13.126008, -1.7974764, 27.03734), (34.90423, -0.000008940697, 0.000010430813), (25.74932, -0.0000044703484, -0.0000059604645), (10.017191, 22.138126, -0.0000059604645), (7.115878, -0.0000047963113, 0.0000037252903), (-0.000015258789, 2.3841858e-7, -0.000005722046), (13.045372, 10.579218, 0.64307207), (-0.0008621216, 0.00001001358, 0.0000076293945), (12.43941, 0.040928274, 0.0509046), (19.09436, 0.04092753, 0.050908327), (25.74932, 0.040932, 0.050906837), (4.607296, -0.045294687, 0.10183766), (16.62914, -0.04529506, 0.10184422), (32.311264, -0.022658706, 0.0509236), (-13.1260395, -1.7974796, -27.03733), (-34.904243, 0, -0.000010430813), (-25.749292, -0.000003911555, 0.0000029802322), (-10.0172, -22.138136, 0.000008940697), (-7.1157947, -0.000037252903, 0.000011222437), (0.000015258789, 7.1525574e-7, -0.0000019073486), (-13.026543, -10.580353, -0.64162445), (0.0008544922, -0.00001001358, -0.000005722046), (-12.439372, -0.04093228, -0.050909817), (-19.094322, -0.040936284, -0.050906837), (-25.749308, -0.04093889, -0.050905347), (-4.6073503, 0.045292452, -0.1018377), (-16.629192, 0.04529208, -0.101840496), (-32.311283, 0.022649765, -0.05092323), (0, 33.700443, 31.083376), (0, -32.321224, 18.294334), (0, 33.82513, -31.198383), (-0.000015258789, -32.476513, -18.382225)],
                15: [(0, 0, 0), (0.16887686, 73.225105, 2.099652), (1.9207023, 0, -2.3283064e-7), (7.6315956, -0.0000022351742, -3.7252903e-7), (5.4434323, 0.0000011175871, 8.381903e-7), (10.323667, 0.0000014901161, 3.7252903e-7), (15.26224, 0.95149577, 6.3661494), (24.4547, 0.0000048428774, 0.000017881393), (38.39584, -0.0000059604645, -0.00002682209), (0, 0.000005722046, -0.0000076293945), (13.9217005, 0.0000028871, 0.000008940697), (26.292559, 0.0000015366822, 0.0000044703484), (35.066257, 4.656613e-7, 0.0000059604645), (35.066257, 4.656613e-7, 0.0000059604645), (5.7304683, 1.3127381, -2.4347007), (13.715113, -1.1049154, 0.1677528), (8.068813, -0.000014342368, 0.00001564622), (5.7725677, 0.000043283217, -0.00003054738), (6.019746, 0.90852565, -0.4362315), (13.233091, -1.2464145, 0.27471557), (8.911503, 0.000016018748, 0.0000044703484), (6.3196855, -6.519258e-7, -0.0000026077032), (-0.1434784, 0.19345856, -0.016832352), (5.5994773, 1.7812271, 3.8594398), (11.046871, 0.00019930303, -0.00035464764), (6.854081, 0.000013504177, 0.0000014901161), (5.0997186, -0.00002719462, 0.000010617077), (5.9512258, 1.1929065, 1.6009454), (12.24189, -1.0375046, 0.26680008), (8.248938, -0.000015087426, 0.000014156103), (6.1551476, 0, -0.000016391277), (3.2348535, 2.1388035, -1.7813385), (7.541418, 0.000009685755, 0.000012665987), (7.1562104, -0.000022538006, 0), (7.3720202, 0.000021606684, -0.00003091991), (9.646789, 8.731987, -1.0982475), (15.097949, -7.4505806e-7, -0.0000013969839), (26.318777, -0.0000014901161, -0.0000202097), (38.39584, -0.0000059604645, -0.00002682209), (19.34344, -3.2160952, 0.0000070780516), (11.152598, -0.0000022351742, 0.000004004687), (17.516582, 0.0000014901161, 0.0000057742), (17.516582, 0.0000014901161, 0.0000057742), (10.850494, 11.217137, -2.9802322e-8), (10.850525, 11.217134, -6.12541), (0, -0.000015258789, 0.0000019073486), (10.85051, 11.217138, 6.125239), (4.7683716e-7, 0.000015258789, -0.000002503395), (29.928436, 0.000002861023, -5.9604645e-8), (15.261838, 0.9514913, -6.3661447), (-24.45461, 0.000010989606, 0.00018877909), (-38.395355, 0.00003054738, 0.0006735325), (0.000019073485, -0.000005722046, -0.000015258789), (-13.922252, 0.000011175871, -0.0005617738), (-26.292372, -0.000017881393, 0.000078976154), (-35.066216, -0.000011920929, -0.00011920929), (-35.066216, -0.000011920929, -0.00011920929), (-5.7307744, -1.3131007, 2.4346888), (-13.715145, 1.1048775, -0.16776323), (-8.068771, 0.00008479692, 0.000006519258), (-5.7726345, -0.00008121133, -0.000017881393), (-6.0201488, -0.9088097, 0.43621585), (-13.233042, 1.2464192, -0.27471632), (-8.91143, -0.00004733447, 7.4505806e-7), (-6.319732, -0.000017695129, -0.0000022351742), (0.14349365, -0.19346619, 0.016824722), (-5.5998063, -1.7815557, -3.8594499), (-11.04688, -0.00014156103, 0.0003963709), (-6.854104, -0.000025518239, -0.000013411045), (-5.0996194, -0.00008586794, -0.000025331974), (-5.951624, -1.1932738, -1.6009576), (-12.241836, 1.037433, -0.26679784), (-8.248932, 0.000033865217, 0.000020489097), (-6.1550655, 0.000011175871, -0.00003129244), (-3.2352104, -2.1390965, 1.7813157), (-7.541454, -0.00007972121, 0.00010505319), (-7.1562, -0.000022538006, -0.000032782555), (-7.3720374, -0.00004915055, -0.00009089708), (-9.646805, -8.74897, 1.1001043), (-15.097338, 0.000023841858, 0.00055879354), (-26.318842, -0.0000014901161, 0.00008717179), (-38.395355, 0.00003054738, 0.0006735325), (0, -31.884125, -5.9604645e-8), (-13.12602, -1.7974824, 27.037346), (34.904236, -0.0000059604645, 0.0000052154064), (25.749334, 0.0000029802322, -0.000010430813), (10.017205, 22.138144, -0.000008940697), (7.1158834, -0.0000044703484, -0.0000014901161), (-0.000015258789, 2.3841858e-7, -0.000005722046), (13.045372, 10.579218, 0.64307207), (-0.0008621216, 0.00001001358, 0.0000076293945), (12.439418, 0.040932745, 0.050902367), (19.09437, 0.04093498, 0.050905347), (25.749332, 0.04093796, 0.050900877), (4.6072974, -0.04529357, 0.10183789), (16.629145, -0.04529357, 0.10184348), (32.311268, -0.022652745, 0.050916523), (-13.1260395, -1.797476, -27.037334), (-34.904255, 0.0000059604645, -0.000008940697), (-25.749302, -0.0000029802322, 0.000008940697), (-10.017202, -22.138134, 0.0000074505806), (-7.115799, -0.00003799796, 0.000014901161), (0.000015258789, 7.1525574e-7, -0.0000019073486), (-13.026543, -10.580353, -0.64162445), (0.0008544922, -0.00001001358, -0.000005722046), (-12.439379, -0.040934607, -0.0509046), (-19.094332, -0.040935725, -0.050897896), (-25.74932, -0.04093796, -0.050896406), (-4.6073546, 0.04529208, -0.10183677), (-16.6292, 0.04529506, -0.101836026), (-32.311295, 0.022655725, -0.050920248), (0, 33.700443, 31.083376), (0, -32.321224, 18.294334), (0, 33.82513, -31.198383), (-0.000015258789, -32.476513, -18.382225)],
                16: [(0, 0, 0), (-0.27389032, 76.12139, 3.3338103), (1.9206998, 1.8626451e-7, -3.259629e-7), (7.6315937, -0.0000022351742, -5.5879354e-7), (5.443438, -3.7252903e-7, -9.313226e-8), (10.323668, 0.0000014901161, 0.0000011175871), (15.262243, 0.9514928, 6.3661494), (24.454702, 0.0000033527613, 0.000022351742), (38.39584, -0.000010430813, -0.000028312206), (0, 0.000005722046, -0.0000076293945), (13.921693, -2.3283064e-7, 0.0000074505806), (26.292547, -6.053597e-7, 0.000014901161), (35.06623, -0.00000782311, 0.0000029802322), (35.06623, -0.00000782311, 0.0000029802322), (5.7304635, 1.3127325, -2.4346962), (13.715103, -1.1049284, 0.16776472), (8.068798, -0.000021234155, 0.000021234155), (5.772552, 0.000051036477, -0.000031664968), (6.019741, 0.9085184, -0.43623075), (13.233087, -1.2464206, 0.27472153), (8.911491, 0.000012293458, 0.0000059604645), (6.3196697, 0.0000033527613, 7.4505806e-7), (-0.1434784, 0.19345856, -0.016832352), (5.5994763, 1.78122, 3.859438), (11.046861, 0.00019129366, -0.00035241246), (6.85407, 0.000010803342, 0.0000029802322), (5.099706, -0.000018253922, 0.0000070780516), (5.951223, 1.1929069, 1.6009431), (12.24188, -1.0375172, 0.26680604), (8.248923, -0.000018626451, 0.000020116568), (6.1551332, 0.000004458707, -0.000016763806), (3.2348518, 2.1387966, -1.7813348), (7.54141, 0.0000029802322, 0.000020116568), (7.156204, -0.000022351742, 0.0000044703484), (7.3720174, 0.000020861626, -0.000032410026), (9.646789, 8.731987, -1.0982475), (15.097947, -0.0000052154064, -0.0000044703484), (26.318773, -0.0000029802322, -0.000021234155), (38.39584, -0.000010430813, -0.000028312206), (19.343443, -3.2160997, 0.0000040978193), (11.152596, 0, 0.0000026542693), (17.516575, 0.0000044703484, 0.0000059604645), (17.516575, 0.0000044703484, 0.0000059604645), (10.850494, 11.217137, -2.9802322e-8), (10.850525, 11.217134, -6.12541), (0, -0.000015258789, 0.0000019073486), (10.85051, 11.217138, 6.125239), (4.7683716e-7, 0.000015258789, -0.000002503395), (29.928436, 0.000002861023, -5.9604645e-8), (15.261846, 0.9514898, -6.3661485), (-24.45461, 0.000011920929, 0.00019250438), (-38.395363, 0.000030174851, 0.0006645918), (0.000019073485, -0.000005722046, -0.000015258789), (-13.922257, 0.000012665987, -0.0005669892), (-26.292387, -0.000016391277, 0.000074505806), (-35.06623, -0.000016391277, -0.00013411045), (-35.06623, -0.000016391277, -0.00013411045), (-5.730782, -1.3131042, 2.4346883), (-13.715151, 1.1048727, -0.16776845), (-8.068772, 0.00008568168, 0.000008568168), (-5.772634, -0.00007804483, -0.000014901161), (-6.0201573, -0.9088106, 0.43621436), (-13.23306, 1.2464143, -0.27472153), (-8.9114485, -0.000048801303, 0.0000014901161), (-6.3197417, -0.000014528632, 0.0000037252903), (0.14349365, -0.19346619, 0.016824722), (-5.5998154, -1.7815557, -3.859454), (-11.046897, -0.00014230609, 0.00039115548), (-6.854121, -0.00003222376, -0.000014156103), (-5.09963, -0.00008381903, -0.000023841858), (-5.951629, -1.1932734, -1.6009632), (-12.241857, 1.0374308, -0.26680604), (-8.248954, 0.000028684735, 0.000017881393), (-6.155079, 0.000014901161, -0.000026449561), (-3.235215, -2.1390991, 1.7813133), (-7.54146, -0.00008586794, 0.000105798244), (-7.156209, -0.00002052111, -0.00003054738), (-7.3720512, -0.000050477684, -0.00009164214), (-9.646805, -8.74897, 1.1001043), (-15.097337, 0.000025052577, 0.0005580485), (-26.318842, 0.0000013038516, 0.00008717179), (-38.395363, 0.000030174851, 0.0006645918), (0, -31.884125, -5.9604645e-8), (-13.126021, -1.7974854, 27.037346), (34.904243, -0.0000029802322, 0.0000044703484), (25.74935, 0.0000059604645, -0.000013411045), (10.017208, 22.138155, -0.000008940697), (7.115886, -0.0000042375177, -0.0000029802322), (-0.000015258789, 2.3841858e-7, -0.000005722046), (13.045372, 10.579218, 0.64307207), (-0.0008621216, 0.00001001358, 0.0000076293945), (12.439423, 0.04093349, 0.050902367), (19.094381, 0.040938705, 0.050905347), (25.749346, 0.04094243, 0.050902367), (4.6073017, -0.04529357, 0.10183826), (16.629145, -0.04529357, 0.101837516), (32.31128, -0.022652745, 0.050911307), (-13.126037, -1.7974768, -27.03734), (-34.904255, 0.0000029802322, -0.000008940697), (-25.749298, -0.0000044703484, 0.0000044703484), (-10.017199, -22.138132, 0.0000067055225), (-7.1157947, -0.000039488077, 0.000011175871), (0.000015258789, 7.1525574e-7, -0.0000019073486), (-13.026543, -10.580353, -0.64162445), (0.0008544922, -0.00001001358, -0.000005722046), (-12.439375, -0.04093498, -0.050908327), (-19.094324, -0.040935725, -0.050902367), (-25.749313, -0.04094094, -0.050899386), (-4.607356, 0.045291893, -0.10183677), (-16.629198, 0.04529357, -0.101836026), (-32.311295, 0.022654235, -0.050920248), (0, 33.700443, 31.083376), (0, -32.321224, 18.294334), (0, 33.82513, -31.198383), (-0.000015258789, -32.476513, -18.382225)],
                17: [(0, 0, 0), (-0.8109146, 76.43782, 4.7538977), (1.9206995, 4.4237822e-7, 1.6880222e-7), (7.6315904, 1.3969839e-7, 0.0000011408702), (5.4434323, 3.7252903e-7, 0.0000016065314), (10.323659, 0.000005867332, 0.0000034458935), (15.262238, 0.95149696, 6.3661547), (24.454706, 7.90169e-7, 0.000024854671), (38.39584, -0.000015180558, -0.000021513551), (0, 0.000005722046, -0.0000076293945), (13.921695, 0.000005948823, 0.000007729977), (26.292551, 0.0000023283064, 0.000008381903), (35.066235, 0.000002933666, 0.0000018626451), (35.066235, 0.000002933666, 0.0000018626451), (5.730466, 1.3127333, -2.4346988), (13.715098, -1.1049207, 0.16776192), (8.068802, -0.000016202102, 0.000015529804), (5.7725606, 0.000045704655, -0.000029359944), (6.019743, 0.9085223, -0.43623015), (13.233088, -1.2464162, 0.27471772), (8.911496, 0.000015681144, 0.000005098991), (6.3196807, -3.7252903e-7, -0.0000022351742), (-0.1434784, 0.19345856, -0.016832352), (5.5994806, 1.7812241, 3.8594394), (11.046862, 0.00019622967, -0.0003545545), (6.8540745, 0.000015203841, 0.0000030035153), (5.0997095, -0.00002401648, 0.0000084983185), (5.9512215, 1.1929065, 1.6009414), (12.241882, -1.0375086, 0.26680323), (8.248927, -0.000017921775, 0.000021466985), (6.155142, 0.0000012107193, -0.000015296973), (3.2348535, 2.1388, -1.7813342), (7.5414085, 0.0000077765435, 0.000017834827), (7.156203, -0.000020163134, 0.000002933666), (7.3720136, 0.000017823186, -0.000029057264), (9.646789, 8.731987, -1.0982475), (15.09795, -0.00000805594, 4.656613e-7), (26.318771, -0.00001071021, -0.000020302832), (38.39584, -0.000015180558, -0.000021513551), (19.343428, -3.2160943, 0.000008521602), (11.152595, -2.3283064e-7, 0.000007338531), (17.51657, 0.0000060535967, 0.000011315569), (17.51657, 0.0000060535967, 0.000011315569), (10.850494, 11.217137, -2.9802322e-8), (10.850525, 11.217134, -6.12541), (0, -0.000015258789, 0.0000019073486), (10.85051, 11.217138, 6.125239), (4.7683716e-7, 0.000015258789, -0.000002503395), (29.928436, 0.000002861023, -5.9604645e-8), (15.261832, 0.95149225, -6.366143), (-24.454609, 0.0000070314854, 0.00018856954), (-38.395348, 0.000018745777, 0.00066217035), (0.000019073485, -0.000005722046, -0.000015258789), (-13.922254, 0.000013457611, -0.000561215), (-26.292377, -0.000019650906, 0.00008326024), (-35.066216, -0.000017881393, -0.00011129305), (-35.066216, -0.000017881393, -0.00011129305), (-5.7307773, -1.3131022, 2.4346914), (-13.715146, 1.1048732, -0.16776384), (-8.068766, 0.0000867527, 0.0000059604645), (-5.772634, -0.00007501803, -0.000015064143), (-6.0201526, -0.90881336, 0.4362164), (-13.2330475, 1.2464159, -0.27471548), (-8.911433, -0.0000461936, 9.313226e-8), (-6.319735, -0.000015832484, 0.0000024680048), (0.14349365, -0.19346619, 0.016824722), (-5.59981, -1.7815557, -3.8594506), (-11.046891, -0.00014300458, 0.00039350707), (-6.8541102, -0.000029033981, -0.000014039688), (-5.0996227, -0.00008472707, -0.000025052577), (-5.951625, -1.1932762, -1.6009573), (-12.241843, 1.03743, -0.2667996), (-8.248931, 0.000031432137, 0.0000202097), (-6.1550665, 0.000014342368, -0.000029313378), (-3.2352111, -2.1390965, 1.7813163), (-7.541454, -0.00008274801, 0.000106403604), (-7.156201, -0.000025040936, -0.000029988587), (-7.3720446, -0.00005401671, -0.00008987263), (-9.646805, -8.74897, 1.1001043), (-15.09733, 0.00002002198, 0.0005556736), (-26.318836, -0.000008971256, 0.00008167699), (-38.395348, 0.000018745777, 0.00066217035), (0, -31.884125, -5.9604645e-8), (-13.126002, -1.7974764, 27.037329), (34.90424, -0.0000024214387, 0.000011362135), (25.749344, 0.0000027008355, -0.000011362135), (10.017202, 22.138142, -0.0000086729415), (7.1158843, -0.0000045634806, -0.0000025494955), (-0.000015258789, 2.3841858e-7, -0.000005722046), (13.045372, 10.579218, 0.64307207), (-0.0008621216, 0.00001001358, 0.0000076293945), (12.439421, 0.040933747, 0.050903577), (19.094376, 0.040935308, 0.050908327), (25.749344, 0.040941592, 0.050905347), (4.6073003, -0.045293767, 0.10183668), (16.629147, -0.045294642, 0.10184143), (32.311268, -0.022655167, 0.050917827), (-13.126038, -1.7974824, -27.03733), (-34.904243, -0.0000014901161, -0.000011920929), (-25.749292, -0.0000035390258, 0.0000019092113), (-10.017196, -22.13813, 0.000009429641), (-7.115794, -0.00003898451, 0.000012433156), (0.000015258789, 7.1525574e-7, -0.0000019073486), (-13.026543, -10.580353, -0.64162445), (0.0008544922, -0.00001001358, -0.000005722046), (-12.439372, -0.04093377, -0.05090743), (-19.09432, -0.04093824, -0.050907), (-25.749308, -0.04094299, -0.050903298), (-4.6073513, 0.04529299, -0.10183721), (-16.629192, 0.04529301, -0.10184143), (-32.311283, 0.022651255, -0.05092565), (0, 33.700443, 31.083376), (0, -32.321224, 18.294334), (0, 33.82513, -31.198383), (-0.000015258789, -32.476513, -18.382225)],
                18: [(0, 0, 0), (-1.042535, 59.323288, 5.2927995), (1.9206982, 5.122274e-7, 1.9790605e-7), (7.6315866, 0.0000014901161, 0.0000023283064), (5.443435, 7.4505806e-7, 0.0000015832484), (10.323662, 0.0000035390258, 0.000004284084), (15.262231, 0.95149875, 6.3661537), (24.454704, -0.0000019092113, 0.000026728958), (38.39584, -0.000016018748, -0.00001937151), (0, 0.000005722046, -0.0000076293945), (13.921693, 0.0000044703484, 0.000008940697), (26.292545, 0.0000044703484, 0.0000067055225), (35.06623, 7.4505806e-7, 0), (35.06623, 7.4505806e-7, 0), (5.7304664, 1.312737, -2.434699), (13.715106, -1.1049179, 0.16775616), (8.068808, -0.000016903505, 0.000016018748), (5.7725625, 0.0000461936, -0.000029616058), (6.0197463, 0.90852463, -0.43623382), (13.233085, -1.2464151, 0.27472246), (8.911492, 0.000013189856, 0.000004284084), (6.3196754, 4.656613e-7, -0.0000020489097), (-0.1434784, 0.19345856, -0.016832352), (5.5994806, 1.7812256, 3.8594394), (11.046863, 0.00019799918, -0.0003522262), (6.8540745, 0.000014714897, -0.0000016763806), (5.099713, -0.000022444874, 0.000009872019), (5.9512243, 1.1929076, 1.6009433), (12.241888, -1.0375062, 0.2667986), (8.248936, -0.000017811544, 0.000015087426), (6.1551476, 2.7939677e-7, -0.000012572855), (3.2348542, 2.1388013, -1.7813358), (7.5414114, 0.000007636845, 0.000016158447), (7.1562037, -0.000023003668, 0.0000023283064), (7.372016, 0.000018626451, -0.00002849847), (9.646789, 8.731987, -1.0982475), (15.097944, -0.0000074505806, -9.313226e-7), (26.318771, -0.000009685755, -0.000017881393), (38.39584, -0.000016018748, -0.00001937151), (19.34342, -3.2160926, 0.0000124797225), (11.152592, 0.0000014901161, 0.0000073516276), (17.516565, 0.00000782311, 0.0000112107955), (17.516565, 0.00000782311, 0.0000112107955), (10.850494, 11.217137, -2.9802322e-8), (10.850525, 11.217134, -6.12541), (0, -0.000015258789, 0.0000019073486), (10.85051, 11.217138, 6.125239), (4.7683716e-7, 0.000015258789, -0.000002503395), (29.928436, 0.000002861023, -5.9604645e-8), (15.261825, 0.95149094, -6.3661413), (-24.454605, 1.8626451e-7, 0.00018402934), (-38.39534, 0.0000018626451, 0.00066161156), (0.000019073485, -0.000005722046, -0.000015258789), (-13.922251, 0.000010989606, -0.0005558133), (-26.292368, -0.00001937151, 0.00009872019), (-35.06621, -0.000017881393, -0.00009611249), (-35.06621, -0.000017881393, -0.00009611249), (-5.7307763, -1.3130978, 2.4346893), (-13.715146, 1.104874, -0.167765), (-8.068762, 0.00008512288, 0.000008195639), (-5.772625, -0.00007925555, -0.000014062971), (-6.02015, -0.9088106, 0.43621618), (-13.233042, 1.2464145, -0.27471185), (-8.911425, -0.000045076013, 0.0000017695129), (-6.319727, -0.000014808029, -3.7252903e-7), (0.14349365, -0.19346619, 0.016824722), (-5.5998106, -1.7815534, -3.859453), (-11.046884, -0.00014547259, 0.00039688312), (-6.8541026, -0.000029802322, -0.000011641532), (-5.099616, -0.00008577481, -0.000022910535), (-5.9516263, -1.1932758, -1.6009595), (-12.2418375, 1.0374278, -0.26679808), (-8.248927, 0.000030361116, 0.000022072345), (-6.155055, 0.000012572855, -0.000029429793), (-3.2352118, -2.1390986, 1.781315), (-7.5414476, -0.0000838656, 0.00010821968), (-7.156196, -0.00002370216, -0.000031106174), (-7.372038, -0.000054948032, -0.000092200935), (-9.646805, -8.74897, 1.1001043), (-15.097327, 0.00001527369, 0.00055674464), (-26.31883, -0.000017415732, 0.00008195639), (-38.39534, 0.0000018626451, 0.00066161156), (0, -31.884125, -5.9604645e-8), (-13.126005, -1.7974757, 27.037334), (34.904236, -0.0000014901161, 0.0000037252903), (25.749332, -7.4505806e-7, -0.000011175871), (10.017195, 22.138119, -0.000009388896), (7.1158805, -0.000004004687, 0.0000016763806), (-0.000015258789, 2.3841858e-7, -0.000005722046), (13.045372, 10.579218, 0.64307207), (-0.0008621216, 0.00001001358, 0.0000076293945), (12.439416, 0.04093144, 0.05090311), (19.09437, 0.040933862, 0.050906464), (25.749332, 0.04093796, 0.0509046), (4.6073003, -0.045293756, 0.10183668), (16.629145, -0.045293383, 0.10184012), (32.31127, -0.022654608, 0.050919503), (-13.1260395, -1.7974826, -27.037334), (-34.904236, -0.0000022351742, -0.000011920929), (-25.749287, -0.000009685755, -9.778887e-7), (-10.017196, -22.138134, 0.000006519258), (-7.115796, -0.000037741847, 0.000013411045), (0.000015258789, 7.1525574e-7, -0.0000019073486), (-13.026543, -10.580353, -0.64162445), (0.0008544922, -0.00001001358, -0.000005722046), (-12.439368, -0.040936098, -0.050911516), (-19.094316, -0.040940568, -0.05091089), (-25.749302, -0.04094243, -0.05091047), (-4.6073513, 0.04529185, -0.101836585), (-16.629189, 0.045291707, -0.10184012), (-32.31128, 0.022647902, -0.0509277), (0, 33.700443, 31.083376), (0, -32.321224, 18.294334), (0, 33.82513, -31.198383), (-0.000015258789, -32.476513, -18.382225)],
            }
        }
    }
}

