#usda 1.0
(
    endTimeCode = 18
    framesPerSecond = 30
    startTimeCode = 0
    timeCodesPerSecond = 30
)

def SkelRoot "SkelRoot"
{
    def Skeleton "Skeleton" (
        prepend apiSchemas = ["SkelBindingAPI"]
    )
    {
        uniform matrix4d[] bindTransforms = [( (1, 0, 0.00000123850315958407, 0), (0, 1, 0, 0), (-0.00000123850315958407, 0, 1, 0), (0.13973282277584076, 0, -2.646979808807373, 1) ), ( (-0.000001192086983792251, 1, -0.000004768372946273303, 0), (-0.00000123850315958407, 0.00000476837158203125, 1, 0), (1, 0.0000011920928955078125, 0.00000123850315958407, 0), (0.1397312432527542, 64.65890502929688, -1.3718376159667969, 1) ), ( (-0.000003310048896310036, 0.9999992251396179, -0.0012370652984827757, 0), (-0.000001265671585315431, 0.0012370652984827757, 0.9999992251396179, 0), (1, 0.000003311611862955033, 0.0000012615815876415581, 0), (0.1397298127412796, 65.84210968017578, -1.3718433380126953, 1) ), ( (-0.000007150991223170422, 0.9999980330467224, 0.0019523128867149353, 0), (-0.0000020239690456946846, -0.0019523126538842916, 0.9999980330467224, 0), (1, 0.000007147025826270692, 0.000002037931835729978, 0), (0.13971087336540222, 71.57123565673828, -1.378930687904358, 1) ), ( (-0.000011323655598971527, 0.9999642968177795, 0.008449608460068703, 0), (-0.000005048604180046823, -0.008449606597423553, 0.9999642968177795, 0), (1, 0.000011280592843831982, 0.000005144109763932647, 0), (0.13967953622341156, 75.95238494873047, -1.3703773021697998, 1) ), ( (-0.000013372635294217616, 0.9999597668647766, 0.008984935469925404, 0), (-0.000006095011940487893, -0.008984933607280254, 0.9999597668647766, 0), (1, 0.00001331733164988691, 0.000006214922905201092, 0), (0.1396017074584961, 82.82574462890625, -1.3122978210449219, 1) ), ( (0.9505114555358887, -0.16815662384033203, -0.26124849915504456, 0), (0.2574075758457184, -0.04464190453290939, 0.9652711749076843, 0), (-0.1739792823791504, -0.9847487211227417, 0.0008521196432411671, 0), (3.2299997806549072, 92.22208404541016, -0.6416821479797363, 1) ), ( (0.9992969632148743, -0.03745252639055252, -0.0017584917368367314, 0), (0.0006786487647332251, -0.02882465347647667, 0.9995844960212708, 0), (-0.037487614899873734, -0.9988827705383301, -0.02877897582948208, 0), (15.969106674194336, 89.9684066772461, -4.143030643463135, 1.0000001192092896) ), ( (0.9992616176605225, -0.037228167057037354, -0.009501238353550434, 0), (0.008419252000749111, -0.029113896191120148, 0.999540388584137, 0), (-0.03748764470219612, -0.9988825917243958, -0.02877897210419178, 0), (37.90742874145508, 89.14614868164062, -4.181634426116943, 1) ), ( (0.9992615580558777, -0.03722826763987541, -0.00950123742222786, 0), (0.00841925572603941, -0.0291138906031847, 0.9995406270027161, 0), (-0.0374877043068409, -0.9988825917243958, -0.028778962790966034, 0), (37.90743637084961, 89.14617919921875, -4.181634426116943, 1) ), ( (0.9992615580558777, -0.03722826763987541, -0.00950123742222786, 0), (0.00841925572603941, -0.0291138906031847, 0.9995406270027161, 0), (-0.0374877043068409, -0.9988825917243958, -0.028778962790966034, 0), (46.477256774902344, 88.826904296875, -4.263119220733643, 1) ), ( (0.9992615580558777, -0.03722826763987541, -0.00950123742222786, 0), (0.00841925572603941, -0.0291138906031847, 0.9995406270027161, 0), (-0.0374877043068409, -0.9988825917243958, -0.028778962790966034, 0), (53.75286865234375, 88.55584716796875, -4.332298755645752, 1) ), ( (0.9992615580558777, -0.03722826763987541, -0.00950123742222786, 0), (0.00841925572603941, -0.0291138906031847, 0.9995406270027161, 0), (-0.0374877043068409, -0.9988825917243958, -0.028778962790966034, 0), (57.79540252685547, 88.40524291992188, -4.370734691619873, 1) ), ( (0.999482274055481, -0.0015726694837212563, -0.03214307874441147, 0), (-0.00253495411016047, -0.9995490908622742, -0.029921086505055428, 0), (-0.03208155930042267, 0.029987027868628502, -0.9990357160568237, 0), (57.79540252685547, 88.40524291992188, -4.370734691619873, 1) ), ( (0.9836918115615845, -0.12289436161518097, 0.13132917881011963, 0), (-0.12147290259599686, -0.9924167394638062, -0.01881072297692299, 0), (0.1326448917388916, 0.0025509477127343416, -0.9911602139472961, 0), (61.177040100097656, 87.59268188476562, -3.083376884460449, 1) ), ( (0.9140048027038574, -0.11846766620874405, 0.3880213797092438, 0), (-0.07198912650346756, -0.9885980486869812, -0.13225674629211426, 0), (0.399265319108963, 0.09294986724853516, -0.9121118187904358, 0), (67.99089050292969, 87.39212799072266, -2.2706480026245117, 1) ), ( (0.9190160632133484, -0.12390147894620895, 0.3742435872554779, 0), (-0.09811882674694061, -0.9913416504859924, -0.08725845068693161, 0), (0.38181453943252563, 0.04347151890397072, -0.9232157468795776, 0), (71.75930786132812, 86.90370178222656, -0.6708483099937439, 0.9999998807907104) ), ( (0.9436781406402588, 0.021627098321914673, 0.3301561772823334, 0), (0.02509959228336811, -0.9996657371520996, -0.006258039735257626, 0), (0.3299102187156677, 0.01419228408485651, -0.943905770778656, 0), (74.31855010986328, 86.55865478515625, 0.37131834030151367, 1) ), ( (0.9949344396591187, -0.09850051254034042, -0.020089395344257355, 0), (-0.09901832044124603, -0.9947288036346436, -0.026656119152903557, 0), (-0.01735786534845829, 0.02851025015115738, -0.9994428753852844, 0), (61.30879211425781, 87.86282348632812, -4.245354652404785, 1) ), ( (0.9844153523445129, -0.1529323309659958, -0.08682117611169815, 0), (-0.15232175588607788, -0.9882366061210632, 0.013652581721544266, 0), (-0.08788777142763138, -0.0002151003573089838, -0.9961304664611816, 0), (67.89789581298828, 87.94448852539062, -4.517658233642578, 1) ), ( (0.9756628274917603, -0.19822891056537628, -0.09374064952135086, 0), (-0.19521667063236237, -0.9799292087554932, 0.04037259519100189, 0), (-0.09986218810081482, -0.021090371534228325, -0.9947778582572937, 0), (72.44009399414062, 87.23885345458984, -4.918264865875244, 1.0000001192092896) ), ( (0.9932600259780884, -0.013957183808088303, -0.11506389826536179, 0), (-0.0036531907971948385, -0.9960000514984131, 0.08927808701992035, 0), (-0.11584977805614471, -0.08825604617595673, -0.989338219165802, 0), (75.46817779541016, 86.62362670898438, -5.209190845489502, 1) ), ( (0.9994822144508362, -0.001577391056343913, -0.03214038908481598, 0), (-0.002538888482376933, -0.9995498657226562, -0.029898615553975105, 0), (-0.03207872062921524, 0.02996467612683773, -0.9990360140800476, 0), (57.711856842041016, 88.2923583984375, -4.361625671386719, 1) ), ( (0.950729489326477, -0.08712232112884521, -0.29752856492996216, 0), (0.03335127606987953, -0.9253910183906555, 0.377544105052948, 0), (-0.30822277069091797, -0.3688651919364929, -0.8768905401229858, 0), (60.982357025146484, 87.42988586425781, -6.7538604736328125, 1) ), ( (0.5473994612693787, -0.2314058244228363, -0.8042421340942383, 0), (-0.11721841990947723, -0.9727376699447632, 0.20010371506214142, 0), (-0.8286213874816895, -0.015264722518622875, -0.5596012473106384, 0), (66.00135040283203, 86.96992492675781, -8.324277877807617, 1) ), ( (0.4760592579841614, -0.20901837944984436, -0.8542123436927795, 0), (-0.03921276703476906, -0.9754227995872498, 0.21682396531105042, 0), (-0.8785383701324463, -0.06972499936819077, -0.4725552201271057, 0), (67.8707275390625, 86.1796875, -11.070802688598633, 1) ), ( (0.5613824725151062, -0.15410234034061432, -0.8130823373794556, 0), (-0.015307283960282803, -0.9842749238014221, 0.17597946524620056, 0), (-0.8274149894714355, -0.08634567260742188, -0.554913341999054, 0), (69.009765625, 85.6795883178711, -13.114561080932617, 1) ), ( (0.9798271656036377, -0.12564566731452942, -0.1554095596075058, 0), (-0.13204187154769897, -0.9907438158988953, -0.0315018855035305, 0), (-0.15001294016838074, 0.05138692632317543, -0.9873477816581726, 0), (61.230377197265625, 87.73281860351562, -5.435175895690918, 1) ), ( (0.84952312707901, -0.13294535875320435, -0.5105249285697937, 0), (-0.10248777270317078, -0.9908791184425354, 0.08749226480722427, 0), (-0.517500102519989, -0.022004177793860435, -0.8554002046585083, 0), (67.14178466796875, 87.58909606933594, -6.498300075531006, 1) ), ( (0.8455936908721924, -0.14436349272727966, -0.5139363408088684, 0), (-0.07682487368583679, -0.9856271147727966, 0.15045802295207977, 0), (-0.5282700657844543, -0.08774320781230927, -0.8445305228233337, 0), (70.73358917236328, 87.02699279785156, -8.65678596496582, 1) ), ( (0.8776700496673584, -0.08924304693937302, -0.4708835482597351, 0), (-0.030078237876296043, -0.9908304214477539, 0.1317223161458969, 0), (-0.4783209264278412, -0.10144542902708054, -0.8723062872886658, 0), (73.2768325805664, 86.59281158447266, -10.202543258666992, 1) ), ( (0.05996783822774887, 0.11885583400726318, 0.9910991191864014, 0), (0.6921773552894592, -0.7203541398048401, 0.044505972415208817, 0), (0.7192323207855225, 0.6833471059799194, -0.12546728551387787, 0), (59.70988082885742, 87.12516784667969, -3.431452751159668, 1) ), ( (0.16785743832588196, 0.023569174110889435, 0.9855295419692993, 0), (0.9649369120597839, -0.2085665911436081, -0.15936221182346344, 0), (0.20179249346256256, 0.9777244925498962, -0.057752035558223724, 0), (59.903926849365234, 87.5097885131836, -0.22425603866577148, 1) ), ( (0.15224163234233856, 0.17796380817890167, 0.9721893668174744, 0), (0.9265832901000977, -0.3679676651954651, -0.07774164527654648, 0), (0.3438989222049713, 0.912649393081665, -0.2209181785583496, 0), (60.506717681884766, 87.59441375732422, 3.31490421295166, 1) ), ( (-0.09292559325695038, 0.10601606965065002, 0.9900131225585938, 0), (0.9766441583633423, -0.1837577521800995, 0.1113487035036087, 0), (0.19372744858264923, 0.9772375822067261, -0.08646409958600998, 0), (61.07258987426758, 88.25589752197266, 6.9284162521362305, 0.9999998807907104) ), ( (0.9999999403953552, 1.1522317322487652e-8, 2.7766645871452056e-8, 0), (6.3125642491002054e-9, 1.0000003576278687, 8.934883943823024e-9, 0), (3.5395260056247935e-8, 3.0810676232562173e-9, 1, 0), (62.84666061401367, 83.813232421875, -4.444199562072754, 1.0000001192092896) ), ( (0.9992967844009399, -0.037452567368745804, -0.0017584468005225062, 0), (0.0006786654703319073, -0.028824638575315475, 0.9995843172073364, 0), (-0.03748762980103493, -0.9988825917243958, -0.028778955340385437, 0), (25.26331901550293, 89.62003326416016, -4.159387111663818, 1) ), ( (0.9992967844009399, -0.037452567368745804, -0.0017584468005225062, 0), (0.0006786654703319073, -0.028824638575315475, 0.9995843172073364, 0), (-0.03748762980103493, -0.9988825917243958, -0.028778955340385437, 0), (31.32183265686035, 89.39297485351562, -4.170046806335449, 1) ), ( (0.9992967844009399, -0.037452567368745804, -0.0017584468005225062, 0), (0.0006786654703319073, -0.028824638575315475, 0.9995843172073364, 0), (-0.03748762980103493, -0.9988825917243958, -0.028778955340385437, 0), (37.90742874145508, 89.14614868164062, -4.181634426116943, 1) ), ( (-0.000023232621970237233, 0.9648064374923706, 0.2629610002040863, 0), (-0.0000024400183065154124, -0.2629610002040863, 0.9648065567016602, 0), (1, 0.0000217733540921472, 0.000008463422091153916, 0), (0.1394544541835785, 94.7591552734375, -3.186359167098999, 1) ), ( (-0.000023286860596272163, 0.9648064374923706, 0.2629609704017639, 0), (-0.0000021771636511402903, -0.2629609704017639, 0.9648064970970154, 0), (1, 0.000021894806195632555, 0.00000822408310341416, 0), (0.13923737406730652, 103.77523040771484, -0.7289981842041016, 1) ), ( (-0.000023286860596272163, 0.9648064374923706, 0.2629609704017639, 0), (-6.196280537551502e-7, -0.2629609704017639, 0.9648064970970154, 0), (1, 0.00002230438076367136, 0.0000067213627517048735, 0), (0.13862885534763336, 129.04583740234375, 6.158579349517822, 1) ), ( (-0.000023781296476954594, 0.9999597072601318, 0.008972857147455215, 0), (-0.000008196213457267731, -0.008972840383648872, 0.9999597072601318, 0), (1, 0.000023706799765932374, 0.000008409277143073268, 0), (0.13862885534763336, 129.04583740234375, 6.158579349517822, 1) ), ( (0.9974514245986938, -0.0010409655515104532, -0.07133173197507858, 0), (-0.00002384679282840807, 0.9998881220817566, -0.014932967722415924, 0), (0.0713399276137352, 0.014897148124873638, 0.9973402619361877, 0), (0.1381666511297226, 143.24110412597656, 21.099502563476562, 1) ), ( (0.9975564479827881, -0.0006032009259797633, 0.0698661357164383, 0), (0.0016080038622021675, 0.9998961687088013, -0.01433049887418747, 0), (-0.06985056400299072, 0.014407516457140446, 0.9974538683891296, 0), (-7.950829982757568, 143.2409210205078, 21.099437713623047, 1) ), ( (0.9975564479827881, -0.000603201100602746, 0.06986615061759949, 0), (0.0016080038622021675, 0.9998961687088013, -0.014330469071865082, 0), (-0.06985058635473251, 0.014407474547624588, 0.9974537491798401, 0), (-7.950829029083252, 143.24093627929688, 21.09943389892578, 1) ), ( (0.9975571632385254, 0.0006502779433503747, -0.06985140591859818, 0), (-0.001655171625316143, 0.9998959898948669, -0.014330080710351467, 0), (0.06983482837677002, 0.014410552568733692, 0.9974544644355774, 0), (8.226933479309082, 143.24127197265625, 21.09956169128418, 1) ), ( (0.9975571632385254, 0.0006502779433503747, -0.06985140591859818, 0), (-0.0016551717417314649, 0.9998959302902222, -0.014330022968351841, 0), (0.06983482092618942, 0.014410552568733692, 0.9974544644355774, 0), (8.226936340332031, 143.24131774902344, 21.099567413330078, 1) ), ( (1, -2.0463630789890885e-12, 0.000008196544513339177, 0), (-3.4294578895449623e-12, 1.000000238418579, 1.52222128235735e-8, 0), (-0.000008196545422833879, -4.396606634315958e-9, 1, 0), (0.1374920755624771, 176.8443603515625, 6.587482929229736, 1) ), ( (0.9505041241645813, 0.16818179190158844, 0.2612605094909668, 0), (0.25741830468177795, 0.04464881867170334, -0.9652678966522217, 0), (-0.1740051507949829, 0.9847443103790283, -0.0008541427087038755, 0), (-2.9510598182678223, 92.22177124023438, -0.6417236328125, 1) ), ( (0.9992955327033997, 0.03747912868857384, 0.0017709230305626988, 0), (0.0006903067696839571, 0.028824754059314728, -0.9995840191841125, 0), (-0.03751426935195923, 0.9988815188407898, 0.028778640553355217, 0), (-15.69003677368164, 89.96784973144531, -4.143224716186523, 1) ), ( (0.9992606043815613, 0.0372546911239624, 0.009513701312243938, 0), (0.00843087024986744, 0.029114220291376114, -0.9995403289794922, 0), (-0.03751426190137863, 0.9988816380500793, 0.028778651729226112, 0), (-37.6280632019043, 89.14547729492188, -4.1821136474609375, 1) ), ( (0.999260425567627, 0.037254806607961655, 0.009513713419437408, 0), (0.008430898189544678, 0.029114242643117905, -0.9995404481887817, 0), (-0.0375143438577652, 0.9988815188407898, 0.028778666630387306, 0), (-37.628055572509766, 89.14546203613281, -4.182114124298096, 1) ), ( (0.999260425567627, 0.037254806607961655, 0.009513713419437408, 0), (0.008430898189544678, 0.029114242643117905, -0.9995404481887817, 0), (-0.0375143438577652, 0.9988815188407898, 0.028778666630387306, 0), (-46.19818115234375, 88.82559967041016, -4.263728141784668, 1) ), ( (0.999260425567627, 0.037254806607961655, 0.009513713419437408, 0), (0.008430898189544678, 0.029114242643117905, -0.9995404481887817, 0), (-0.0375143438577652, 0.9988815188407898, 0.028778666630387306, 0), (-53.47331237792969, 88.55476379394531, -4.332958698272705, 1) ), ( (0.999260425567627, 0.037254806607961655, 0.009513713419437408, 0), (0.008430898189544678, 0.029114242643117905, -0.9995404481887817, 0), (-0.0375143438577652, 0.9988815188407898, 0.028778666630387306, 0), (-57.51594543457031, 88.40391540527344, -4.371458530426025, 1) ), ( (0.9994813799858093, 0.0015992032131180167, 0.03215556591749191, 0), (-0.0025616204366087914, 0.9995490312576294, 0.029921196401119232, 0), (-0.03209314122796059, -0.02998797781765461, 0.9990348219871521, 0), (-57.51594543457031, 88.40391540527344, -4.371458530426025, 1) ), ( (0.9836903214454651, 0.12292046844959259, -0.13131682574748993, 0), (-0.121499203145504, 0.9924136400222778, 0.018809346482157707, 0), (0.13263271749019623, -0.0025475341826677322, 0.9911617636680603, 0), (-60.897796630859375, 87.59107208251953, -3.0841562747955322, 1) ), ( (0.9140062928199768, 0.11849196255207062, -0.3880101144313812, 0), (-0.07201678305864334, 0.9885960221290588, 0.1322559416294098, 0), (0.3992563784122467, -0.09293931722640991, 0.9121164083480835, 0), (-67.711669921875, 87.39031982421875, -2.2715208530426025, 1) ), ( (0.919017493724823, 0.12392588704824448, -0.3742319941520691, 0), (-0.098145991563797, 0.9913394451141357, 0.08725739270448685, 0), (0.38180437684059143, -0.04346151649951935, 0.9232205748558044, 0), (-71.4800796508789, 86.90182495117188, -0.6717519760131836, 1) ), ( (0.9436829090118408, -0.021601995453238487, -0.3301442563533783, 0), (0.025073232129216194, 0.9996663928031921, 0.006258479319512844, 0), (0.32989877462387085, -0.014183634892106056, 0.9439094662666321, 0), (-74.03929901123047, 86.55668640136719, 0.3703796863555908, 1) ), ( (0.9949312806129456, 0.09852691739797592, 0.02010178007185459, 0), (-0.09904477745294571, 0.9947260618209839, 0.026655033230781555, 0), (-0.017369499430060387, -0.028510816395282745, 0.9994427561759949, 0), (-61.029579162597656, 87.86125183105469, -4.246140480041504, 1) ), ( (0.9844104051589966, 0.15295837819576263, 0.0868334248661995, 0), (-0.152347594499588, 0.9882326722145081, -0.01365432608872652, 0), (-0.08790013194084167, 0.0002126710896845907, 0.9961288571357727, 0), (-67.61870574951172, 87.94276428222656, -4.518527507781982, 1) ), ( (0.975656270980835, 0.19825479388237, 0.09375279396772385, 0), (-0.19524182379245758, 0.9799236059188843, -0.04037486016750336, 0), (-0.09987503290176392, 0.021087607368826866, 0.9947766661643982, 0), (-72.16085815429688, 87.23695373535156, -4.919180393218994, 1) ), ( (0.9932581782341003, 0.01398349180817604, 0.11507627367973328, 0), (-0.0036783635150641203, 0.9960002303123474, -0.08927799016237259, 0), (-0.1158643290400505, 0.08825284242630005, 0.9893364906311035, 0), (-75.18888854980469, 86.62164306640625, -5.210158348083496, 1) ), ( (0.9994812607765198, 0.001598954084329307, 0.032155487686395645, 0), (-0.0025621275417506695, 0.9995484352111816, 0.029944119974970818, 0), (-0.032093074172735214, -0.030010905116796494, 0.99903404712677, 0), (-57.432395935058594, 88.29106140136719, -4.362344741821289, 1) ), ( (0.9507236480712891, 0.08714751154184341, 0.29754048585891724, 0), (0.033331628888845444, 0.9253917932510376, -0.3775436580181122, 0), (-0.3082432746887207, 0.36885690689086914, 0.8768866658210754, 0), (-60.703086853027344, 87.42831420898438, -6.754636287689209, 1) ), ( (0.5473831295967102, 0.23142021894454956, 0.804248571395874, 0), (-0.11724147945642471, 0.9727345108985901, -0.20010480284690857, 0), (-0.8286285996437073, 0.015242692083120346, 0.5595906972885132, 0), (-65.7220458984375, 86.96824645996094, -8.325122833251953, 1) ), ( (0.47604310512542725, 0.20903092622756958, 0.8542181849479675, 0), (-0.039235711097717285, 0.9754216074943542, -0.21682430803775787, 0), (-0.878545880317688, 0.0697016492486, 0.4725443720817566, 0), (-67.5914077758789, 86.17793273925781, -11.071683883666992, 1) ), ( (0.5613679885864258, 0.154117152094841, 0.8130889534950256, 0), (-0.015331009402871132, 0.9842743277549744, -0.17597945034503937, 0), (-0.8274241089820862, 0.08632360398769379, 0.5549027919769287, 0), (-68.73027801513672, 85.67778015136719, -13.115409851074219, 1) ), ( (0.9798216223716736, 0.12567156553268433, 0.15542171895503998, 0), (-0.13206832110881805, 0.9907400012016296, 0.03150037303566933, 0), (-0.15002383291721344, -0.05139099061489105, 0.9873456358909607, 0), (-60.95112609863281, 87.73121643066406, -5.43596076965332, 1) ), ( (0.8495131134986877, 0.13296793401241302, 0.5105354189872742, 0), (-0.10251272469758987, 0.9908761382102966, -0.08749338984489441, 0), (-0.5175111293792725, 0.02199033834040165, 0.8553937673568726, 0), (-66.8625717163086, 87.58727264404297, -6.499161243438721, 1) ), ( (0.8455833196640015, 0.14438587427139282, 0.5139467120170593, 0), (-0.07684893161058426, 0.9856250882148743, -0.1504586935043335, 0), (-0.528282880783081, 0.08772910386323929, 0.8445240259170532, 0), (-70.45427703857422, 87.02511596679688, -8.657693862915039, 1) ), ( (0.8776614665985107, 0.08926626294851303, 0.47089436650276184, 0), (-0.03010266274213791, 0.9908297061920166, -0.1317225694656372, 0), (-0.47833430767059326, 0.10143259912729263, 0.8723002076148987, 0), (-72.99749755859375, 86.59085083007812, -10.203470230102539, 1) ), ( (0.059983231127262115, -0.11885413527488708, -0.9910982251167297, 0), (0.692158579826355, 0.7203725576400757, -0.044497255235910416, 0), (0.7192484736442566, -0.6833279132843018, 0.12547612190246582, 0), (-59.4306526184082, 87.1236343383789, -3.432218551635742, 1) ), ( (0.16787031292915344, -0.023564577102661133, -0.985527515411377, 0), (0.9649298787117004, 0.20859208703041077, 0.1593741625547409, 0), (0.20181748270988464, -0.9777189493179321, 0.05775437131524086, 0), (-59.624732971191406, 87.50817108154297, -0.22498106956481934, 1) ), ( (0.15225832164287567, -0.1779596507549286, -0.9721868634223938, 0), (0.9265721440315247, 0.36799225211143494, 0.07775327563285828, 0), (0.3439202904701233, -0.9126403331756592, 0.2209223210811615, 0), (-60.22756576538086, 87.59281158447266, 3.314160108566284, 0.9999998807907104) ), ( (-0.09291049093008041, -0.10601852089166641, -0.9900144338607788, 0), (0.976641058921814, 0.18378369510173798, -0.11133643984794617, 0), (0.19375190138816833, -0.9772322773933411, 0.08646626770496368, 0), (-60.793548583984375, 88.25430297851562, 6.927678108215332, 0.9999998807907104) ), ( (1, -2.743843197094975e-8, 1.182297637569718e-8, 0), (-1.702573371176186e-8, 1, -6.430148413727466e-9, 0), (2.693320766411489e-8, 6.80634792971091e-9, 1, 0), (-62.56733703613281, 83.7168197631836, -4.444989204406738, 1) ), ( (0.999295711517334, 0.03747909888625145, 0.0017708954401314259, 0), (0.0006903056055307388, 0.028824765235185623, -0.9995841383934021, 0), (-0.03751424700021744, 0.9988816380500793, 0.028778640553355217, 0), (-24.983863830566406, 89.61962890625, -4.159701824188232, 1) ), ( (0.999295711517334, 0.03747909888625145, 0.0017708954401314259, 0), (0.0006903056055307388, 0.028824765235185623, -0.9995841383934021, 0), (-0.03751424700021744, 0.9988816380500793, 0.028778640553355217, 0), (-31.042783737182617, 89.39210510253906, -4.170434951782227, 1) ), ( (0.999295711517334, 0.03747909888625145, 0.0017708954401314259, 0), (0.0006903056055307388, 0.028824765235185623, -0.9995841383934021, 0), (-0.03751424700021744, 0.9988816380500793, 0.028778640553355217, 0), (-37.6280632019043, 89.14547729492188, -4.1821136474609375, 1) ), ( (1, 2.9558577807620168e-12, 0.000006095258868299425, 0), (-9.110468456030585e-13, 1, 1.2532836990430951e-9, 0), (-0.00000609525659456267, -1.902541013620862e-9, 1, 0), (0.1396956890821457, 82.96431732177734, -16.7348690032959, 1) ), ( (0.0034873986151069403, -0.9987390041351318, 0.05008707195520401, 0), (0.00017611646035220474, -0.050086766481399536, -0.9987450838088989, 0), (0.9999939203262329, 0.003491842420771718, 0.000001221850993715634, 0), (16.106918334960938, 56.57294464111328, -2.479074478149414, 1) ), ( (0.003491358831524849, -0.9998494386672974, -0.01701047271490097, 0), (-0.000058176403399556875, 0.01701037958264351, -0.9998555183410645, 0), (0.9999939203262329, 0.0034918435849249363, 0.0000012217246876389254, 0), (16.189504623413086, 32.92131042480469, -1.29293692111969, 1) ), ( (0.07069610059261322, -0.9959343075752258, -0.055832527577877045, 0), (0.19781002402305603, -0.040863458067178726, 0.9793882369995117, 0), (-0.9776872396469116, -0.08028318732976913, 0.19411690533161163, 0), (16.255014419555664, 14.161190032958984, -1.6121063232421875, 1) ), ( (0.1978120356798172, -0.04087734967470169, 0.9793874025344849, 0), (0.07069335132837296, -0.9959338903427124, -0.0558462031185627, 0), (0.9776872992515564, 0.08028324693441391, -0.1941179484128952, 0), (20.114795684814453, 5.204231262207031, 14.123598098754883, 1) ), ( (0.197813019156456, -0.040877241641283035, 0.9793868660926819, 0), (0.07069305330514908, -0.9959337711334229, -0.055846136063337326, 0), (0.9776870012283325, 0.08028296381235123, -0.19411896169185638, 0), (21.28318214416504, 4.962810516357422, 19.908418655395508, 1) ), ( (0.0702299103140831, -0.9958361983299255, -0.058127693831920624, 0), (0.1979748010635376, -0.04319796338677406, 0.9792546629905701, 0), (-0.977687656879425, -0.08028080314397812, 0.19411662220954895, 0), (16.255014419555664, 14.161197662353516, -1.6121056079864502, 1) ), ( (0.9712097644805908, 1.838331797898718e-8, -0.23822622001171112, 0), (4.1489789381898845e-9, 1.000000238418579, 1.779017644309988e-8, 0), (0.23822620511054993, -1.2073886779262466e-8, 0.9712097644805908, 0), (18.184906005859375, -0.0385894775390625, 6.255744457244873, 1) ), ( (0.003490253584459424, -0.9998947978019714, -0.014087065123021603, 0), (-0.00004733020250569098, 0.014086981303989887, -0.9999009370803833, 0), (0.9999938607215881, 0.0034905741922557354, 0.0000018418611489323666, 0), (16.189512252807617, 32.92184066772461, -1.2929342985153198, 1) ), ( (0.0034898214507848024, -0.9998494386672974, -0.017010480165481567, 0), (-0.06605014204978943, 0.016742967069149017, -0.9976759552955627, 0), (0.9978102445602417, 0.004605254624038935, -0.06598175317049026, 0), (16.249645233154297, 24.679943084716797, -1.458369493484497, 1) ), ( (0.0034873236436396837, -0.9998494386672974, -0.017010480165481567, 0), (-0.13175413012504578, 0.016402894631028175, -0.9911468029022217, 0), (0.9912763237953186, 0.0056976513005793095, -0.1316770762205124, 0), (16.26801109313965, 19.420841217041016, -1.5478441715240479, 1) ), ( (0.0034865413326770067, -0.9998494386672974, -0.017010480165481567, 0), (-0.1988452970981598, 0.015977701172232628, -0.9799008369445801, 0), (0.9800246357917786, 0.006798917893320322, -0.19875967502593994, 0), (16.286376953125, 14.161724090576172, -1.6373202800750732, 1) ), ( (0.00348624843172729, -0.9987390041351318, 0.05008707195520401, 0), (0.00017654297698754817, -0.050086770206689835, -0.9987450838088989, 0), (0.9999939203262329, 0.0034907148219645023, 0.0000017054729823939851, 0), (16.18207550048828, 53.015045166015625, -2.2726969718933105, 1) ), ( (0.003484398825094104, -0.9987390041351318, 0.05008707195520401, 0), (0.0001761164458002895, -0.050086766481399536, -0.9987450838088989, 0), (0.9999939203262329, 0.0034888461232185364, 0.000001372129645460518, 0), (16.21043586730957, 44.89373016357422, -1.865410327911377, 1) ), ( (0.003484708722680807, -0.9987390041351318, 0.05008707195520401, 0), (0.0001773887634044513, -0.05008676275610924, -0.9987450838088989, 0), (0.9999939203262329, 0.0034892193507403135, 0.0000026273150979250204, 0), (16.21529769897461, 34.51744079589844, -1.3590065240859985, 1) ), ( (0.0034851410891860723, 0.9987387657165527, -0.05008706822991371, 0), (0.00017352316353935748, 0.050086766481399536, 0.9987448453903198, 0), (0.9999939203262329, -0.0034894582349807024, 0.0000012551403187899268, 0), (-15.827433586120605, 56.57289123535156, -2.479113817214966, 1) ), ( (0.003488933900371194, 0.9998492002487183, 0.017010461539030075, 0), (-0.000060612506786128506, -0.017010364681482315, 0.9998552799224854, 0), (0.9999939203262329, -0.0034894596319645643, 0.0000012552972066259827, 0), (-15.909975051879883, 32.921260833740234, -1.292976975440979, 1) ), ( (0.07069361209869385, 0.995934247970581, 0.05583269149065018, 0), (0.19781236350536346, 0.040863923728466034, -0.9793875813484192, 0), (-0.9776871800422668, 0.0802808552980423, -0.19411928951740265, 0), (-15.975427627563477, 14.161170959472656, -1.6121457815170288, 1) ), ( (0.19781434535980225, 0.040877774357795715, -0.9793865084648132, 0), (0.07069084793329239, 0.9959337115287781, 0.05584634095430374, 0), (0.9776870012283325, -0.08028088510036469, 0.19412028789520264, 0), (-19.835237503051758, 5.204212188720703, 14.123542785644531, 1) ), ( (0.19781431555747986, 0.04087778180837631, -0.9793865084648132, 0), (0.07069118320941925, 0.9959336519241333, 0.05584641918540001, 0), (0.977686882019043, -0.08028125017881393, 0.19412027299404144, 0), (-21.00362205505371, 4.9627532958984375, 19.908292770385742, 1) ), ( (0.07022739201784134, 0.9958360195159912, 0.05812782421708107, 0), (0.19797711074352264, 0.04319839924573898, -0.9792538285255432, 0), (-0.977687418460846, 0.0802784338593483, -0.19411899149417877, 0), (-15.97542953491211, 14.161178588867188, -1.612145185470581, 1) ), ( (0.9712092280387878, 2.8014369490847457e-8, 0.23822788894176483, 0), (6.546189812439707e-9, 1.000000238418579, 9.550611856923297e-9, 0), (-0.23822790384292603, 5.349935605636347e-9, 0.9712092876434326, 0), (-17.905336380004883, -0.0013275146484375, 6.255700588226318, 1) ), ( (0.0034878349397331476, 0.9998946189880371, 0.014087052084505558, 0), (-0.00004977297430741601, -0.014086956158280373, 0.999900758266449, 0), (0.9999940395355225, -0.003488190472126007, 6.347283374452672e-7, 0), (-15.909975051879883, 32.921783447265625, -1.2929743528366089, 1) ), ( (0.0034889362286776304, 0.9998493194580078, 0.01701047271490097, 0), (-0.06605257093906403, -0.016743000596761703, 0.9976755976676941, 0), (0.9978101253509521, -0.00460441131144762, 0.06598418205976486, 0), (-15.970087051391602, 24.679920196533203, -1.4584094285964966, 1) ), ( (0.0034889336675405502, 0.9998493194580078, 0.017010465264320374, 0), (-0.13175654411315918, -0.016402654349803925, 0.9911463856697083, 0), (0.9912760853767395, -0.005699286703020334, 0.13167943060398102, 0), (-15.988441467285156, 19.420814514160156, -1.5478838682174683, 1) ), ( (0.0034889362286776304, 0.9998493194580078, 0.017010465264320374, 0), (-0.19884774088859558, -0.015977200120687485, 0.9799001812934875, 0), (0.9800242781639099, -0.006801303010433912, 0.198761984705925, 0), (-16.006786346435547, 14.161693572998047, -1.6373600959777832, 1) ), ( (0.0034851408563554287, 0.998738706111908, -0.05008706450462341, 0), (0.00017394985479768366, 0.050086766481399536, 0.9987448453903198, 0), (0.9999939203262329, -0.0034894796553999186, 8.289856623378e-7, 0), (-15.902585983276367, 53.014957427978516, -2.2727346420288086, 1) ), ( (0.0034851408563554287, 0.998738706111908, -0.05008706450462341, 0), (0.00017352316353935748, 0.050086766481399536, 0.9987448453903198, 0), (0.9999939203262329, -0.0034894582349807024, 0.0000012551543022709666, 0), (-15.930929183959961, 44.893646240234375, -1.8654487133026123, 1) ), ( (0.0034851408563554287, 0.998738706111908, -0.05008706450462341, 0), (0.00017479552479926497, 0.05008676275610924, 0.9987448453903198, 0), (0.9999939203262329, -0.0034895220305770636, -1.5617388271493837e-8, 0), (-15.935768127441406, 34.51738739013672, -1.359046459197998, 1) ), ( (1, 0, 0, 0), (0, 1, 0, 0), (0, 1.121619886811781e-13, 1, 0), (24.183862686157227, 64.6590576171875, 24.696758270263672, 1) ), ( (1, 0, 0, 0), (0, 1, 0, 0), (0, 1.121619886811781e-13, 1, 0), (14.146897315979004, 64.65880584716797, -26.118717193603516, 1) ), ( (1, 0, 0, 0), (0, 1, 0, 0), (0, 1.121619886811781e-13, 1, 0), (-24.06277847290039, 64.65900421142578, 24.868330001831055, 1) ), ( (1, 0, 0, 0), (0, 1, 0, 0), (0, 1.121619886811781e-13, 1, 0), (-13.941095352172852, 64.65875244140625, -26.248987197875977, 1) )]
        uniform token[] joints = ["root_joint", "root_joint/pelvis_joint", "root_joint/pelvis_joint/spineLower_joint", "root_joint/pelvis_joint/spineLower_joint/spineMiddle_joint", "root_joint/pelvis_joint/spineLower_joint/spineMiddle_joint/spineUpper_joint", "root_joint/pelvis_joint/spineLower_joint/spineMiddle_joint/spineUpper_joint/chest_joint", "root_joint/pelvis_joint/spineLower_joint/spineMiddle_joint/spineUpper_joint/chest_joint/clavicle_left_joint", "root_joint/pelvis_joint/spineLower_joint/spineMiddle_joint/spineUpper_joint/chest_joint/clavicle_left_joint/shoulder_left_joint", "root_joint/pelvis_joint/spineLower_joint/spineMiddle_joint/spineUpper_joint/chest_joint/clavicle_left_joint/shoulder_left_joint/elbow_left_joint", "root_joint/pelvis_joint/spineLower_joint/spineMiddle_joint/spineUpper_joint/chest_joint/clavicle_left_joint/shoulder_left_joint/elbow_left_joint/elbow_partial_left_joint", "root_joint/pelvis_joint/spineLower_joint/spineMiddle_joint/spineUpper_joint/chest_joint/clavicle_left_joint/shoulder_left_joint/elbow_left_joint/armLower_twist_01_left_joint", "root_joint/pelvis_joint/spineLower_joint/spineMiddle_joint/spineUpper_joint/chest_joint/clavicle_left_joint/shoulder_left_joint/elbow_left_joint/armLower_twist_02_left_joint", "root_joint/pelvis_joint/spineLower_joint/spineMiddle_joint/spineUpper_joint/chest_joint/clavicle_left_joint/shoulder_left_joint/elbow_left_joint/armLower_twist_03_left_joint", "root_joint/pelvis_joint/spineLower_joint/spineMiddle_joint/spineUpper_joint/chest_joint/clavicle_left_joint/shoulder_left_joint/elbow_left_joint/handWrist_left_joint", "root_joint/pelvis_joint/spineLower_joint/spineMiddle_joint/spineUpper_joint/chest_joint/clavicle_left_joint/shoulder_left_joint/elbow_left_joint/handWrist_left_joint/handIndexMeta_left_joint", "root_joint/pelvis_joint/spineLower_joint/spineMiddle_joint/spineUpper_joint/chest_joint/clavicle_left_joint/shoulder_left_joint/elbow_left_joint/handWrist_left_joint/handIndexMeta_left_joint/handIndex_00_left_joint", "root_joint/pelvis_joint/spineLower_joint/spineMiddle_joint/spineUpper_joint/chest_joint/clavicle_left_joint/shoulder_left_joint/elbow_left_joint/handWrist_left_joint/handIndexMeta_left_joint/handIndex_00_left_joint/handIndex_01_left_joint", "root_joint/pelvis_joint/spineLower_joint/spineMiddle_joint/spineUpper_joint/chest_joint/clavicle_left_joint/shoulder_left_joint/elbow_left_joint/handWrist_left_joint/handIndexMeta_left_joint/handIndex_00_left_joint/handIndex_01_left_joint/handIndex_02_left_joint", "root_joint/pelvis_joint/spineLower_joint/spineMiddle_joint/spineUpper_joint/chest_joint/clavicle_left_joint/shoulder_left_joint/elbow_left_joint/handWrist_left_joint/handMiddleMeta_left_joint", "root_joint/pelvis_joint/spineLower_joint/spineMiddle_joint/spineUpper_joint/chest_joint/clavicle_left_joint/shoulder_left_joint/elbow_left_joint/handWrist_left_joint/handMiddleMeta_left_joint/handMiddle_00_left_joint", "root_joint/pelvis_joint/spineLower_joint/spineMiddle_joint/spineUpper_joint/chest_joint/clavicle_left_joint/shoulder_left_joint/elbow_left_joint/handWrist_left_joint/handMiddleMeta_left_joint/handMiddle_00_left_joint/handMiddle_01_left_joint", "root_joint/pelvis_joint/spineLower_joint/spineMiddle_joint/spineUpper_joint/chest_joint/clavicle_left_joint/shoulder_left_joint/elbow_left_joint/handWrist_left_joint/handMiddleMeta_left_joint/handMiddle_00_left_joint/handMiddle_01_left_joint/handMiddle_02_left_joint", "root_joint/pelvis_joint/spineLower_joint/spineMiddle_joint/spineUpper_joint/chest_joint/clavicle_left_joint/shoulder_left_joint/elbow_left_joint/handWrist_left_joint/handWrist_partial_left_joint", "root_joint/pelvis_joint/spineLower_joint/spineMiddle_joint/spineUpper_joint/chest_joint/clavicle_left_joint/shoulder_left_joint/elbow_left_joint/handWrist_left_joint/handPinkyMeta_left_joint", "root_joint/pelvis_joint/spineLower_joint/spineMiddle_joint/spineUpper_joint/chest_joint/clavicle_left_joint/shoulder_left_joint/elbow_left_joint/handWrist_left_joint/handPinkyMeta_left_joint/handPinky_00_left_joint", "root_joint/pelvis_joint/spineLower_joint/spineMiddle_joint/spineUpper_joint/chest_joint/clavicle_left_joint/shoulder_left_joint/elbow_left_joint/handWrist_left_joint/handPinkyMeta_left_joint/handPinky_00_left_joint/handPinky_01_left_joint", "root_joint/pelvis_joint/spineLower_joint/spineMiddle_joint/spineUpper_joint/chest_joint/clavicle_left_joint/shoulder_left_joint/elbow_left_joint/handWrist_left_joint/handPinkyMeta_left_joint/handPinky_00_left_joint/handPinky_01_left_joint/handPinky_02_left_joint", "root_joint/pelvis_joint/spineLower_joint/spineMiddle_joint/spineUpper_joint/chest_joint/clavicle_left_joint/shoulder_left_joint/elbow_left_joint/handWrist_left_joint/handRingMeta_left_joint", "root_joint/pelvis_joint/spineLower_joint/spineMiddle_joint/spineUpper_joint/chest_joint/clavicle_left_joint/shoulder_left_joint/elbow_left_joint/handWrist_left_joint/handRingMeta_left_joint/handRing_00_left_joint", "root_joint/pelvis_joint/spineLower_joint/spineMiddle_joint/spineUpper_joint/chest_joint/clavicle_left_joint/shoulder_left_joint/elbow_left_joint/handWrist_left_joint/handRingMeta_left_joint/handRing_00_left_joint/handRing_01_left_joint", "root_joint/pelvis_joint/spineLower_joint/spineMiddle_joint/spineUpper_joint/chest_joint/clavicle_left_joint/shoulder_left_joint/elbow_left_joint/handWrist_left_joint/handRingMeta_left_joint/handRing_00_left_joint/handRing_01_left_joint/handRing_02_left_joint", "root_joint/pelvis_joint/spineLower_joint/spineMiddle_joint/spineUpper_joint/chest_joint/clavicle_left_joint/shoulder_left_joint/elbow_left_joint/handWrist_left_joint/handThumbMeta_left_joint", "root_joint/pelvis_joint/spineLower_joint/spineMiddle_joint/spineUpper_joint/chest_joint/clavicle_left_joint/shoulder_left_joint/elbow_left_joint/handWrist_left_joint/handThumbMeta_left_joint/handThumb_00_left_joint", "root_joint/pelvis_joint/spineLower_joint/spineMiddle_joint/spineUpper_joint/chest_joint/clavicle_left_joint/shoulder_left_joint/elbow_left_joint/handWrist_left_joint/handThumbMeta_left_joint/handThumb_00_left_joint/handThumb_01_left_joint", "root_joint/pelvis_joint/spineLower_joint/spineMiddle_joint/spineUpper_joint/chest_joint/clavicle_left_joint/shoulder_left_joint/elbow_left_joint/handWrist_left_joint/handThumbMeta_left_joint/handThumb_00_left_joint/handThumb_01_left_joint/handThumb_02_left_joint", "root_joint/pelvis_joint/spineLower_joint/spineMiddle_joint/spineUpper_joint/chest_joint/clavicle_left_joint/shoulder_left_joint/elbow_left_joint/handWrist_left_joint/hand_l_socket", "root_joint/pelvis_joint/spineLower_joint/spineMiddle_joint/spineUpper_joint/chest_joint/clavicle_left_joint/shoulder_left_joint/armUpper_twist_01_left_joint", "root_joint/pelvis_joint/spineLower_joint/spineMiddle_joint/spineUpper_joint/chest_joint/clavicle_left_joint/shoulder_left_joint/armUpper_twist_02_left_joint", "root_joint/pelvis_joint/spineLower_joint/spineMiddle_joint/spineUpper_joint/chest_joint/clavicle_left_joint/shoulder_left_joint/armUpper_twist_03_left_joint", "root_joint/pelvis_joint/spineLower_joint/spineMiddle_joint/spineUpper_joint/chest_joint/neck_joint", "root_joint/pelvis_joint/spineLower_joint/spineMiddle_joint/spineUpper_joint/chest_joint/neck_joint/neck_twist_01_joint", "root_joint/pelvis_joint/spineLower_joint/spineMiddle_joint/spineUpper_joint/chest_joint/neck_joint/neck_twist_02_joint", "root_joint/pelvis_joint/spineLower_joint/spineMiddle_joint/spineUpper_joint/chest_joint/neck_joint/head_joint", "root_joint/pelvis_joint/spineLower_joint/spineMiddle_joint/spineUpper_joint/chest_joint/neck_joint/head_joint/head_tracker_target", "root_joint/pelvis_joint/spineLower_joint/spineMiddle_joint/spineUpper_joint/chest_joint/neck_joint/head_joint/eye_offset_right_joint", "root_joint/pelvis_joint/spineLower_joint/spineMiddle_joint/spineUpper_joint/chest_joint/neck_joint/head_joint/eye_offset_right_joint/eye_right_joint", "root_joint/pelvis_joint/spineLower_joint/spineMiddle_joint/spineUpper_joint/chest_joint/neck_joint/head_joint/eye_offset_left_joint", "root_joint/pelvis_joint/spineLower_joint/spineMiddle_joint/spineUpper_joint/chest_joint/neck_joint/head_joint/eye_offset_left_joint/eye_left_joint", "root_joint/pelvis_joint/spineLower_joint/spineMiddle_joint/spineUpper_joint/chest_joint/neck_joint/head_joint/head_socket", "root_joint/pelvis_joint/spineLower_joint/spineMiddle_joint/spineUpper_joint/chest_joint/clavicle_right_joint", "root_joint/pelvis_joint/spineLower_joint/spineMiddle_joint/spineUpper_joint/chest_joint/clavicle_right_joint/shoulder_right_joint", "root_joint/pelvis_joint/spineLower_joint/spineMiddle_joint/spineUpper_joint/chest_joint/clavicle_right_joint/shoulder_right_joint/elbow_right_joint", "root_joint/pelvis_joint/spineLower_joint/spineMiddle_joint/spineUpper_joint/chest_joint/clavicle_right_joint/shoulder_right_joint/elbow_right_joint/elbow_partial_right_joint", "root_joint/pelvis_joint/spineLower_joint/spineMiddle_joint/spineUpper_joint/chest_joint/clavicle_right_joint/shoulder_right_joint/elbow_right_joint/armLower_twist_01_right_joint", "root_joint/pelvis_joint/spineLower_joint/spineMiddle_joint/spineUpper_joint/chest_joint/clavicle_right_joint/shoulder_right_joint/elbow_right_joint/armLower_twist_02_right_joint", "root_joint/pelvis_joint/spineLower_joint/spineMiddle_joint/spineUpper_joint/chest_joint/clavicle_right_joint/shoulder_right_joint/elbow_right_joint/armLower_twist_03_right_joint", "root_joint/pelvis_joint/spineLower_joint/spineMiddle_joint/spineUpper_joint/chest_joint/clavicle_right_joint/shoulder_right_joint/elbow_right_joint/handWrist_right_joint", "root_joint/pelvis_joint/spineLower_joint/spineMiddle_joint/spineUpper_joint/chest_joint/clavicle_right_joint/shoulder_right_joint/elbow_right_joint/handWrist_right_joint/handIndexMeta_right_joint", "root_joint/pelvis_joint/spineLower_joint/spineMiddle_joint/spineUpper_joint/chest_joint/clavicle_right_joint/shoulder_right_joint/elbow_right_joint/handWrist_right_joint/handIndexMeta_right_joint/handIndex_00_right_joint", "root_joint/pelvis_joint/spineLower_joint/spineMiddle_joint/spineUpper_joint/chest_joint/clavicle_right_joint/shoulder_right_joint/elbow_right_joint/handWrist_right_joint/handIndexMeta_right_joint/handIndex_00_right_joint/handIndex_01_right_joint", "root_joint/pelvis_joint/spineLower_joint/spineMiddle_joint/spineUpper_joint/chest_joint/clavicle_right_joint/shoulder_right_joint/elbow_right_joint/handWrist_right_joint/handIndexMeta_right_joint/handIndex_00_right_joint/handIndex_01_right_joint/handIndex_02_right_joint", "root_joint/pelvis_joint/spineLower_joint/spineMiddle_joint/spineUpper_joint/chest_joint/clavicle_right_joint/shoulder_right_joint/elbow_right_joint/handWrist_right_joint/handMiddleMeta_right_joint", "root_joint/pelvis_joint/spineLower_joint/spineMiddle_joint/spineUpper_joint/chest_joint/clavicle_right_joint/shoulder_right_joint/elbow_right_joint/handWrist_right_joint/handMiddleMeta_right_joint/handMiddle_00_right_joint", "root_joint/pelvis_joint/spineLower_joint/spineMiddle_joint/spineUpper_joint/chest_joint/clavicle_right_joint/shoulder_right_joint/elbow_right_joint/handWrist_right_joint/handMiddleMeta_right_joint/handMiddle_00_right_joint/handMiddle_01_right_joint", "root_joint/pelvis_joint/spineLower_joint/spineMiddle_joint/spineUpper_joint/chest_joint/clavicle_right_joint/shoulder_right_joint/elbow_right_joint/handWrist_right_joint/handMiddleMeta_right_joint/handMiddle_00_right_joint/handMiddle_01_right_joint/handMiddle_02_right_joint", "root_joint/pelvis_joint/spineLower_joint/spineMiddle_joint/spineUpper_joint/chest_joint/clavicle_right_joint/shoulder_right_joint/elbow_right_joint/handWrist_right_joint/handWrist_partial_right_joint", "root_joint/pelvis_joint/spineLower_joint/spineMiddle_joint/spineUpper_joint/chest_joint/clavicle_right_joint/shoulder_right_joint/elbow_right_joint/handWrist_right_joint/handPinkyMeta_right_joint", "root_joint/pelvis_joint/spineLower_joint/spineMiddle_joint/spineUpper_joint/chest_joint/clavicle_right_joint/shoulder_right_joint/elbow_right_joint/handWrist_right_joint/handPinkyMeta_right_joint/handPinky_00_right_joint", "root_joint/pelvis_joint/spineLower_joint/spineMiddle_joint/spineUpper_joint/chest_joint/clavicle_right_joint/shoulder_right_joint/elbow_right_joint/handWrist_right_joint/handPinkyMeta_right_joint/handPinky_00_right_joint/handPinky_01_right_joint", "root_joint/pelvis_joint/spineLower_joint/spineMiddle_joint/spineUpper_joint/chest_joint/clavicle_right_joint/shoulder_right_joint/elbow_right_joint/handWrist_right_joint/handPinkyMeta_right_joint/handPinky_00_right_joint/handPinky_01_right_joint/handPinky_02_right_joint", "root_joint/pelvis_joint/spineLower_joint/spineMiddle_joint/spineUpper_joint/chest_joint/clavicle_right_joint/shoulder_right_joint/elbow_right_joint/handWrist_right_joint/handRingMeta_right_joint", "root_joint/pelvis_joint/spineLower_joint/spineMiddle_joint/spineUpper_joint/chest_joint/clavicle_right_joint/shoulder_right_joint/elbow_right_joint/handWrist_right_joint/handRingMeta_right_joint/handRing_00_right_joint", "root_joint/pelvis_joint/spineLower_joint/spineMiddle_joint/spineUpper_joint/chest_joint/clavicle_right_joint/shoulder_right_joint/elbow_right_joint/handWrist_right_joint/handRingMeta_right_joint/handRing_00_right_joint/handRing_01_right_joint", "root_joint/pelvis_joint/spineLower_joint/spineMiddle_joint/spineUpper_joint/chest_joint/clavicle_right_joint/shoulder_right_joint/elbow_right_joint/handWrist_right_joint/handRingMeta_right_joint/handRing_00_right_joint/handRing_01_right_joint/handRing_02_right_joint", "root_joint/pelvis_joint/spineLower_joint/spineMiddle_joint/spineUpper_joint/chest_joint/clavicle_right_joint/shoulder_right_joint/elbow_right_joint/handWrist_right_joint/handThumbMeta_right_joint", "root_joint/pelvis_joint/spineLower_joint/spineMiddle_joint/spineUpper_joint/chest_joint/clavicle_right_joint/shoulder_right_joint/elbow_right_joint/handWrist_right_joint/handThumbMeta_right_joint/handThumb_00_right_joint", "root_joint/pelvis_joint/spineLower_joint/spineMiddle_joint/spineUpper_joint/chest_joint/clavicle_right_joint/shoulder_right_joint/elbow_right_joint/handWrist_right_joint/handThumbMeta_right_joint/handThumb_00_right_joint/handThumb_01_right_joint", "root_joint/pelvis_joint/spineLower_joint/spineMiddle_joint/spineUpper_joint/chest_joint/clavicle_right_joint/shoulder_right_joint/elbow_right_joint/handWrist_right_joint/handThumbMeta_right_joint/handThumb_00_right_joint/handThumb_01_right_joint/handThumb_02_right_joint", "root_joint/pelvis_joint/spineLower_joint/spineMiddle_joint/spineUpper_joint/chest_joint/clavicle_right_joint/shoulder_right_joint/elbow_right_joint/handWrist_right_joint/hand_r_socket", "root_joint/pelvis_joint/spineLower_joint/spineMiddle_joint/spineUpper_joint/chest_joint/clavicle_right_joint/shoulder_right_joint/armUpper_twist_01_right_joint", "root_joint/pelvis_joint/spineLower_joint/spineMiddle_joint/spineUpper_joint/chest_joint/clavicle_right_joint/shoulder_right_joint/armUpper_twist_02_right_joint", "root_joint/pelvis_joint/spineLower_joint/spineMiddle_joint/spineUpper_joint/chest_joint/clavicle_right_joint/shoulder_right_joint/armUpper_twist_03_right_joint", "root_joint/pelvis_joint/spineLower_joint/spineMiddle_joint/spineUpper_joint/chest_joint/back_socket", "root_joint/pelvis_joint/hip_left_joint", "root_joint/pelvis_joint/hip_left_joint/knee_left_joint", "root_joint/pelvis_joint/hip_left_joint/knee_left_joint/footAnkle_left_joint", "root_joint/pelvis_joint/hip_left_joint/knee_left_joint/footAnkle_left_joint/footBall_left_joint", "root_joint/pelvis_joint/hip_left_joint/knee_left_joint/footAnkle_left_joint/footBall_left_joint/footToe_left_joint", "root_joint/pelvis_joint/hip_left_joint/knee_left_joint/footAnkle_left_joint/footAnkle_partial_left_joint", "root_joint/pelvis_joint/hip_left_joint/knee_left_joint/footAnkle_left_joint/foot_l_socket", "root_joint/pelvis_joint/hip_left_joint/knee_left_joint/knee_partial_left_joint", "root_joint/pelvis_joint/hip_left_joint/knee_left_joint/legLower_twist_01_left_joint", "root_joint/pelvis_joint/hip_left_joint/knee_left_joint/legLower_twist_02_left_joint", "root_joint/pelvis_joint/hip_left_joint/knee_left_joint/legLower_twist_03_left_joint", "root_joint/pelvis_joint/hip_left_joint/legUpper_twist_01_left_joint", "root_joint/pelvis_joint/hip_left_joint/legUpper_twist_02_left_joint", "root_joint/pelvis_joint/hip_left_joint/legUpper_twist_03_left_joint", "root_joint/pelvis_joint/hip_right_joint", "root_joint/pelvis_joint/hip_right_joint/knee_right_joint", "root_joint/pelvis_joint/hip_right_joint/knee_right_joint/footAnkle_right_joint", "root_joint/pelvis_joint/hip_right_joint/knee_right_joint/footAnkle_right_joint/footBall_right_joint", "root_joint/pelvis_joint/hip_right_joint/knee_right_joint/footAnkle_right_joint/footBall_right_joint/footToe_right_joint", "root_joint/pelvis_joint/hip_right_joint/knee_right_joint/footAnkle_right_joint/footAnkle_partial_right_joint", "root_joint/pelvis_joint/hip_right_joint/knee_right_joint/footAnkle_right_joint/foot_r_socket", "root_joint/pelvis_joint/hip_right_joint/knee_right_joint/knee_partial_right_joint", "root_joint/pelvis_joint/hip_right_joint/knee_right_joint/legLower_twist_01_right_joint", "root_joint/pelvis_joint/hip_right_joint/knee_right_joint/legLower_twist_02_right_joint", "root_joint/pelvis_joint/hip_right_joint/knee_right_joint/legLower_twist_03_right_joint", "root_joint/pelvis_joint/hip_right_joint/legUpper_twist_01_right_joint", "root_joint/pelvis_joint/hip_right_joint/legUpper_twist_02_right_joint", "root_joint/pelvis_joint/hip_right_joint/legUpper_twist_03_right_joint", "root_joint/pelvis_joint/hip_l_front_socket", "root_joint/pelvis_joint/hip_l_back_socket", "root_joint/pelvis_joint/hip_r_front_socket", "root_joint/pelvis_joint/hip_r_back_socket"]
        uniform matrix4d[] restTransforms = [( (1, 0, 0.00000123850315958407, 0), (0, 1, 0, 0), (-0.00000123850315958407, 0, 1, 0), (0.13973282277584076, 0, -2.646979808807373, 1) ), ( (-0.0000011920928955078125, 1, -0.00000476837158203125, 0), (0, 0.00000476837158203125, 1, 0), (1, 0.0000011920928955078125, 0, 0), (0, 64.65890502929688, 1.2751421928405762, 1) ), ( (0.9999992251396179, -0.0012322969269007444, -0.000002119488954122062, 0), (0.0012322969269007444, 0.9999992251396179, -2.5700323647015466e-8, 0), (0.0000021195189674472203, 2.3088546186045278e-8, 1, 0), (1.1832046508789062, -1.1920928955078125e-7, -1.4901161193847656e-8, 1) ), ( (0.9999948740005493, 0.0031893744599074125, -0.000003836922587652225, 0), (-0.003189374227076769, 0.9999948740005493, -7.688610139666707e-7, 0), (0.000003834450581052806, 7.810942861397052e-7, 1, 0), (5.729133605957031, 0, 1.4901161193847656e-8, 1) ), ( (0.9999789595603943, 0.006497349590063095, -0.0000041596654227760155, 0), (-0.0064973486587405205, 0.9999789595603943, -0.0000030711403269378934, 0), (0.000004139623797527747, 0.000003098102297371952, 1, 0), (4.381156921386719, 0, 0, 1) ), ( (0.9999999403953552, 0.0005353461601771414, -0.000002046277586487122, 0), (-0.0005353461601771414, 0.9999999403953552, -0.0000010524698836889002, 0), (0.0000020457141545193736, 0.0000010535650289966725, 1, 0), (6.873603820800781, 2.384185791015625e-7, 0, 1) ), ( (-0.17050983011722565, -0.2597329020500183, 0.9505077004432678, 0), (-0.035970646888017654, 0.9656316637992859, 0.25741297006607056, 0), (-0.984699010848999, 0.009701048955321312, -0.17399239540100098, 0), (9.401947021484375, 0.5861443281173706, 3.0905275344848633, 1) ), ( (0.9566009640693665, 0.2572011351585388, -0.13697725534439087, 0), (-0.2556479573249817, 0.9663315415382385, 0.029118763282895088, 0), (0.1398547738790512, 0.007162915542721748, 0.9901464581489563, 0), (13.402369499206543, 9.5367431640625e-7, 0, 1.0000001192092896) ), ( (0.9999698400497437, -0.0077460166066884995, 5.21019778432219e-8, 0), (0.007746074814349413, 0.9999696612358093, 1.0249145532270632e-8, 0), (-3.108563007003795e-8, -1.5819481280487935e-9, 0.9999998211860657, 0), (21.953765869140625, 0.000001430511474609375, 0.0000152587890625, 0.9999998807907104) ), ( (1, 7.621384079392612e-10, 9.461361827334258e-8, 0), (4.73620520580198e-9, 1.000000238418579, -1.5818473642070785e-8, 0), (-8.282950858529148e-8, 1.1280999245855128e-8, 1, 0), (0.00000762939453125, -9.5367431640625e-7, -0.00002288818359375, 1) ), ( (1, 7.621384079392612e-10, 9.461361827334258e-8, 0), (4.73620520580198e-9, 1.000000238418579, -1.5818473642070785e-8, 0), (-8.282950858529148e-8, 1.1280999245855128e-8, 1, 0), (8.576156616210938, -4.76837158203125e-7, -0.00002288818359375, 1) ), ( (1, 7.621384079392612e-10, 9.461361827334258e-8, 0), (4.73620520580198e-9, 1.000000238418579, -1.5818473642070785e-8, 0), (-8.282950858529148e-8, 1.1280999245855128e-8, 1, 0), (15.857128143310547, -0.0000019073486328125, -0.00002288818359375, 1) ), ( (1, 7.621384079392612e-10, 9.461361827334258e-8, 0), (4.73620520580198e-9, 1.000000238418579, -1.5818473642070785e-8, 0), (-8.282950858529148e-8, 1.1280999245855128e-8, 1, 0), (19.902664184570312, -0.0000019073486328125, -0.000030517578125, 1) ), ( (0.9991081953048706, -0.023667659610509872, -0.034972336143255234, 0), (0.03496253490447998, -0.0008279075846076012, 0.9993883967399597, 0), (-0.0236821286380291, -0.99972003698349, 3.642489332378318e-7, 0), (19.902664184570312, -0.0000019073486328125, -0.000030517578125, 1) ), ( (0.9791540503501892, 0.11641572415828705, -0.16644598543643951, 0), (-0.11924465745687485, 0.9928398132324219, -0.007070054765790701, 0), (0.1644311249256134, 0.026770474389195442, 0.986024796962738, 0), (3.3397789001464844, 0.765106201171875, -1.418971061706543, 1) ), ( (0.964616596698761, -0.0007565669948235154, -0.26365557312965393, 0), (0.0333087183535099, 0.9923332929611206, 0.11901669949293137, 0), (0.2615441679954529, -0.1235874742269516, 0.957246720790863, 0), (6.8341064453125, -0.6439590454101562, 0.09776592254638672, 1) ), ( (0.9998778104782104, 0.006833305582404137, 0.014062654227018356, 0), (-0.006097342353314161, 0.9986422061920166, -0.05173114687204361, 0), (-0.014397106133401394, 0.05163903534412384, 0.998561680316925, 0), (4.122982025146484, -0.00002288818359375, 0.000011444091796875, 0.9999998807907104) ), ( (0.988134503364563, -0.1428414285182953, 0.05644505098462105, 0), (0.14458492398262024, 0.9890938401222229, -0.02809613198041916, 0), (-0.05181625112891197, 0.03592389076948166, 0.9980106353759766, 0), (2.7847442626953125, 0.00002288818359375, 0, 1.0000001192092896) ), ( (0.9952194094657898, 0.09653497487306595, -0.01480272226035595, 0), (-0.09654588997364044, 0.9953286051750183, -0.000021932104573352262, 0), (0.014731470495462418, 0.0014509697211906314, 0.999890148639679, 0), (3.5083885192871094, 0.5295181274414062, -0.2542400360107422, 1) ), ( (0.9962365031242371, 0.056965235620737076, 0.0653252974152565, 0), (-0.05448267236351967, 0.99774569272995, -0.039175912737846375, 0), (-0.0674097016453743, 0.03546937555074692, 0.9970947504043579, 0), (6.553153991699219, -0.7264251708984375, 0.1601085662841797, 1) ), ( (0.99891197681427, 0.04600245878100395, 0.007671664468944073, 0), (-0.04581673815846443, 0.998688817024231, -0.0228484645485878, 0), (-0.008712723851203918, 0.022472131997346878, 0.9997095465660095, 0), (4.614109039306641, 0, 5.960464477539062e-7, 1.0000001192092896) ), ( (0.9826397895812988, -0.18486922979354858, 0.015568289905786514, 0), (0.18550263345241547, 0.9803264737129211, -0.06744109094142914, 0), (-0.002794255269691348, 0.06915822625160217, 0.9976018071174622, 0), (3.1036033630371094, -0.00000762939453125, -0.000006198883056640625, 0.9999998807907104) ), ( (0.9999998807907104, 0.000004636499852495035, -0.0000028448926059354562, 0), (-0.000004652038114727475, 1, -0.000022340173018164933, 0), (0.000002862611609089072, 0.00002234187923022546, 0.9999996423721313, 0), (-0.08362579345703125, 0.11277008056640625, -0.009806156158447266, 1) ), ( (0.959937334060669, 0.09357525408267975, 0.26412808895111084, 0), (0.022653834894299507, 0.913592517375946, -0.40599945187568665, 0), (-0.27929702401161194, 0.39571765065193176, 0.8748714923858643, 0), (3.2634353637695312, 1.03814697265625, 2.249333381652832, 1) ), ( (0.7798743844032288, -0.07123961299657822, 0.6218689680099487, 0), (-0.08623248338699341, 0.9718009233474731, 0.219469353556633, 0), (-0.6199674606323242, -0.2247837334871292, 0.7517395615577698, 0), (5.279018402099609, 0.0001220703125, -0.00022125244140625, 1) ), ( (0.9959560036659241, -0.02341393753886223, 0.08673569560050964, 0), (0.029874447733163834, 0.9968140721321106, -0.07395286858081818, 0), (-0.08472807705402374, 0.07624495774507523, 0.9934827089309692, 0), (3.415029525756836, -0.0000152587890625, 0.0000152587890625, 1) ), ( (0.9940065741539001, -0.047994133085012436, -0.0982249304652214, 0), (0.04812055081129074, 0.9988410472869873, -0.001083384733647108, 0), (0.09816312789916992, -0.003649750491604209, 0.9951637387275696, 0), (2.392578125, 0.00000762939453125, -0.0000152587890625, 1) ), ( (0.9845122694969177, 0.1277550905942917, 0.12005749344825745, 0), (-0.12940286099910736, 0.9915740489959717, 0.005998100154101849, 0), (-0.1182796061038971, -0.02144099585711956, 0.992748498916626, 0), (3.4684600830078125, 0.6952667236328125, 0.9330511093139648, 1) ), ( (0.9284302592277527, 0.03562450781464577, 0.36979445815086365, 0), (0.010482091456651688, 0.9924831986427307, -0.12192905694246292, 0), (-0.3713585436344147, 0.11707884818315506, 0.9210783243179321, 0), (5.975444793701172, -0.60467529296875, 0.15549618005752563, 1) ), ( (0.9999213814735413, 0.011418232694268227, 0.005202827043831348, 0), (-0.011042570695281029, 0.9976747632026672, -0.06725700199604034, 0), (-0.005958862602710724, 0.06719424575567245, 0.9977221488952637, 0), (4.228000640869141, 0.00000762939453125, -0.0000133514404296875, 1) ), ( (0.9970396757125854, -0.050314806401729584, -0.05814071744680405, 0), (0.04990877956151962, 0.99871826171875, -0.008415436372160912, 0), (0.05848977342247963, 0.00548881571739912, 0.9982730746269226, 0), (3.007659912109375, -0.0000152587890625, 0.000011444091796875, 1) ), ( (0.027892882004380226, -0.1486089527606964, -0.9885023832321167, 0), (0.6915208101272583, 0.7169428467750549, -0.08827041834592819, 0), (0.7218177914619446, -0.6811081171035767, 0.12276370823383331, 0), (1.8853034973144531, 1.2465362548828125, -1.0381817817687988, 1) ), ( (0.9896246194839478, 0.14307096600532532, 0.013182547874748707, 0), (-0.12486784160137177, 0.8110564351081848, 0.5714848041534424, 0), (0.07107116281986237, -0.5672019720077515, 0.8205066323280334, 0), (3.2360000610351562, -0.0000095367431640625, -0.00000762939453125, 1) ), ( (0.987870454788208, -0.04514388367533684, 0.1485746055841446, 0), (0.07024454325437546, 0.9832294583320618, -0.1683034747838974, 0), (-0.1384851485490799, 0.17669881880283356, 0.9744736552238464, 0), (3.591123580932617, -0.000003814697265625, -0.0000152587890625, 1) ), ( (0.9671993255615234, -0.2020789533853531, -0.15391334891319275, 0), (0.22423548996448517, 0.9639023542404175, 0.143561452627182, 0), (0.11934677511453629, -0.17336539924144745, 0.9775993824005127, 0), (3.716888427734375, 0.000003814697265625, 0.00002288818359375, 0.9999998807907104) ), ( (0.9994817972183228, -0.0025350262876600027, -0.03208153322339058, 0), (-0.0015725890407338738, -0.9995492100715637, 0.02998705580830574, 0), (-0.03214306756854057, -0.02992103435099125, -0.9990350008010864, 0), (5.058209419250488, 4.579340934753418, -0.22636140882968903, 1.0000001192092896) ), ( (0.9999998211860657, 6.033980071151746e-8, 4.1851549781313224e-8, 0), (1.954640005408237e-8, 0.9999998211860657, -1.2028364082539156e-8, 0), (-1.6217221343595156e-8, 1.7036754229593498e-8, 0.9999998211860657, 0), (9.300755500793457, -4.76837158203125e-7, 0.00002288818359375, 0.9999998807907104) ), ( (0.9999998211860657, 6.033980071151746e-8, 4.1851549781313224e-8, 0), (1.954640005408237e-8, 0.9999998211860657, -1.2028364082539156e-8, 0), (-1.6217221343595156e-8, 1.7036754229593498e-8, 0.9999998211860657, 0), (15.363526344299316, 0, 0.00000762939453125, 0.9999998807907104) ), ( (0.9999998211860657, 6.033980071151746e-8, 4.1851549781313224e-8, 0), (1.954640005408237e-8, 0.9999998211860657, -1.2028364082539156e-8, 0), (-1.6217221343595156e-8, 1.7036754229593498e-8, 0.9999998211860657, 0), (21.953765869140625, 0.000001430511474609375, 0.0000152587890625, 0.9999998807907104) ), ( (0.9671301245689392, 0.2542816400527954, -0.00000874969282449456, 0), (-0.2542816400527954, 0.967130184173584, 5.42359188671071e-8, 0), (0.00000847588489705231, 0.000002172432232327992, 1, 0), (11.916084289550781, -1.9812064170837402, 2.9802322387695312e-8, 1) ), ( (1, -2.0771771858107968e-8, -5.423818549843418e-8, 0), (1.3169540125090862e-8, 0.9999999403953552, 2.628548259053787e-7, 0), (5.42406617398683e-8, -2.628539164106769e-7, 1, 0), (9.344963073730469, 0, 1.4901161193847656e-8, 1) ), ( (1, -2.0771771858107968e-8, -5.423818549843418e-8, 0), (1.3169540125090862e-8, 0.9999999403953552, 0.0000018203904801339377, 0), (5.4242367042434125e-8, -0.0000018203894569523982, 1, 0), (35.53736114501953, -0.0000019073486328125, 1.4901161193847656e-8, 1) ), ( (0.9671271443367004, -0.2542933225631714, -0.0000019328792859596433, 0), (0.2542933225631714, 0.9671270251274109, 7.149501612957465e-8, 0), (0.000001851160618571157, -5.606609079222835e-7, 1, 0), (35.53736114501953, -0.0000019073486328125, 1.4901161193847656e-8, 1) ), ( (-0.00170469272416085, -0.07132771611213684, 0.9974508285522461, 0), (0.9997138381004333, -0.02390422485768795, -2.682217257188313e-7, 0), (0.023843852803111076, 0.9971659183502197, 0.07134866714477539, 0), (14.328765869140625, 14.812950134277344, -2.9802322387695312e-8, 1) ), ( (-1.5594804614327273e-10, 0.0698605626821518, 0.9975570440292358, 0), (0.9997273683547974, -0.023301849141716957, 0.0016315877437591553, 0), (0.02335859090089798, 0.997285008430481, -0.06984184682369232, 0), (14.328765869140625, 14.812952041625977, -8.088995933532715, 1) ), ( (1, 9.434467790336853e-11, 1.3707291302011981e-8, 0), (1.0016607543406053e-9, 1, 1.4619883081934404e-8, 0), (-2.5551315729899216e-8, -3.0750431534443123e-8, 0.9999999403953552, 0), (4.76837158203125e-7, 0.0000152587890625, -0.0000057220458984375, 1) ), ( (-2.37061726693355e-7, -0.06986261159181595, 0.9975565671920776, 0), (0.9997272491455078, -0.023301390931010246, -0.0016315877437591553, 0), (0.023358309641480446, 0.9972845315933228, 0.06984354555606842, 0), (14.328750610351562, 14.812946319580078, 8.088768005371094, 1) ), ( (1, -2.846902574793475e-11, 1.1320451243079788e-9, 0), (-1.9043677745855803e-9, 0.9999999403953552, 2.3837865015252646e-8, 0), (-6.299569754730783e-9, -2.5402484560288485e-9, 1, 0), (0.000002384185791015625, 0.0000457763671875, 0.0000057220458984375, 1) ), ( (-0.00002370775655435864, -6.41351251620681e-12, 1, 0), (0.9999599456787109, -0.008972876705229282, 0.000023706799765932374, 0), (0.008972849696874619, 0.9999598264694214, 2.127244442817755e-7, 0), (47.800445556640625, 4.76837158203125e-7, -1.4901161193847656e-8, 1) ), ( (0.1705096960067749, 0.25973302125930786, 0.9505078792572021, 0), (0.03597071394324303, -0.9656314849853516, 0.2574129104614258, 0), (0.9846990704536438, -0.00970090925693512, -0.17399203777313232, 0), (9.401710510253906, 0.5861432552337646, -3.090532064437866, 1) ), ( (0.9566004276275635, 0.2572011351585388, -0.13697707653045654, 0), (-0.25564777851104736, 0.9663312435150146, 0.02911873161792755, 0), (0.13985463976860046, 0.0071629127487540245, 0.9901461601257324, 0), (-13.402318954467773, 0.00000476837158203125, 0.0001068115234375, 1) ), ( (0.9999703168869019, -0.007746052462607622, -4.018756882828711e-8, 0), (0.007746044546365738, 0.9999700784683228, 1.5081834447983056e-8, 0), (1.3946650945229067e-8, -7.841612692516264e-9, 1.0000001192092896, 0), (-21.953472137451172, 0.00002384185791015625, 0.00041961669921875, 1) ), ( (0.9999998807907104, -3.836372997056969e-8, 1.1833005686412434e-7, 0), (3.03877989438206e-8, 1.0000001192092896, 1.8813118174421106e-8, 0), (-1.0183968868204829e-7, -2.095925388800879e-8, 0.9999998807907104, 0), (0.00000762939453125, -4.76837158203125e-7, -0.0000152587890625, 1) ), ( (0.9999998807907104, -3.836372997056969e-8, 1.1833005686412434e-7, 0), (3.03877989438206e-8, 1.0000001192092896, 1.8813118174421106e-8, 0), (-1.0183968868204829e-7, -2.095925388800879e-8, 0.9999998807907104, 0), (-8.576480865478516, 0.0000095367431640625, -0.00035858154296875, 1) ), ( (0.9999998807907104, -3.836372997056969e-8, 1.1833005686412434e-7, 0), (3.03877989438206e-8, 1.0000001192092896, 1.8813118174421106e-8, 0), (-1.0183968868204829e-7, -2.095925388800879e-8, 0.9999998807907104, 0), (-15.856990814208984, -0.000010967254638671875, 0.00003814697265625, 1) ), ( (0.9999998807907104, -3.836372997056969e-8, 1.1833005686412434e-7, 0), (3.03877989438206e-8, 1.0000001192092896, 1.8813118174421106e-8, 0), (-1.0183968868204829e-7, -2.095925388800879e-8, 0.9999998807907104, 0), (-19.90261459350586, -0.0000057220458984375, -0.000091552734375, 1) ), ( (0.9991077780723572, -0.023667652159929276, -0.03497230261564255, 0), (0.03496252000331879, -0.0008279096218757331, 0.9993882775306702, 0), (-0.02368212305009365, -0.9997196793556213, 3.570590934032225e-7, 0), (-19.90261459350586, -0.0000057220458984375, -0.000091552734375, 1) ), ( (0.9791544675827026, 0.11641571670770645, -0.1664460301399231, 0), (-0.11924467235803604, 0.9928398728370667, -0.007070054765790701, 0), (0.16443119943141937, 0.02677047625184059, 0.9860250949859619, 0), (-3.339996337890625, -0.765289306640625, 1.4189703464508057, 1) ), ( (0.9646164178848267, -0.0007565388805232942, -0.2636556923389435, 0), (0.033308666199445724, 0.992333173751831, 0.11901666969060898, 0), (0.2615441381931305, -0.12358742952346802, 0.9572464823722839, 0), (-6.834129333496094, 0.6439361572265625, -0.0977773666381836, 1) ), ( (0.9998779892921448, 0.006833321880549192, 0.014062960632145405, 0), (-0.006097306497395039, 0.9986425638198853, -0.05173115432262421, 0), (-0.014397152699530125, 0.05163901671767235, 0.9985620379447937, 0), (-4.122974395751953, 0.0000457763671875, 0.00000762939453125, 1) ), ( (0.9881343841552734, -0.14284133911132812, 0.05644498020410538, 0), (0.14458490908145905, 0.9890934824943542, -0.028096146881580353, 0), (-0.051816247403621674, 0.035923898220062256, 0.9980102181434631, 0), (-2.784740447998047, -0.00003814697265625, -0.000003814697265625, 1) ), ( (0.9952195882797241, 0.09653498232364655, -0.014802775345742702, 0), (-0.09654589742422104, 0.9953286051750183, -0.000021926010958850384, 0), (0.014731485396623611, 0.0014509757747873664, 0.9998905658721924, 0), (-3.508647918701172, -0.5296630859375, 0.25423431396484375, 1) ), ( (0.9962368011474609, 0.056965187191963196, 0.0653253048658371, 0), (-0.054482705891132355, 0.9977458119392395, -0.039175909012556076, 0), (-0.06740973144769669, 0.035469379276037216, 0.9970943331718445, 0), (-6.553165435791016, 0.7264404296875, -0.1601085662841797, 1) ), ( (0.9989117383956909, 0.046002525836229324, 0.007671710569411516, 0), (-0.04581669718027115, 0.9986884593963623, -0.022848473861813545, 0), (-0.008712653070688248, 0.02247210592031479, 0.9997099041938782, 0), (-4.6140899658203125, -0.0000457763671875, 2.384185791015625e-7, 1) ), ( (0.9826398491859436, -0.18486934900283813, 0.015568297356367111, 0), (0.18550263345241547, 0.9803269505500793, -0.06744108349084854, 0), (-0.0027942948509007692, 0.06915826350450516, 0.9976015686988831, 0), (-3.1035919189453125, -0.00000762939453125, -0.00000667572021484375, 1) ), ( (1, -2.457017274082318e-7, -3.935862480375363e-8, 0), (2.2452756809343555e-7, 1, 0.000022937638277653605, 0), (4.502881179035967e-9, -0.000022938191250432283, 0.9999999403953552, 0), (0.08361434936523438, -0.11273956298828125, 0.009807586669921875, 1) ), ( (0.9599376916885376, 0.09357523918151855, 0.264128178358078, 0), (0.02265385538339615, 0.9135924577713013, -0.40599963068962097, 0), (-0.2792970836162567, 0.39571768045425415, 0.8748717308044434, 0), (-3.263671875, -1.0383071899414062, -2.2493348121643066, 1) ), ( (0.7798740863800049, -0.07123951613903046, 0.6218687891960144, 0), (-0.08623240143060684, 0.9718008637428284, 0.21946954727172852, 0), (-0.6199673414230347, -0.2247837483882904, 0.751739501953125, 0), (-5.279026031494141, -0.00009918212890625, 0.000225067138671875, 1) ), ( (0.9959562420845032, -0.023413987830281258, 0.08673571795225143, 0), (0.02987431362271309, 0.9968140721321106, -0.07395295798778534, 0), (-0.08472803980112076, 0.07624492049217224, 0.993482768535614, 0), (-3.4150657653808594, 0, 0.000003814697265625, 1) ), ( (0.994006335735321, -0.04799409583210945, -0.09822487831115723, 0), (0.04812058433890343, 0.9988410472869873, -0.0010833312990143895, 0), (0.09816280752420425, -0.0036497123073786497, 0.9951637983322144, 0), (-2.3924999237060547, -0.0000457763671875, -0.0000457763671875, 1) ), ( (0.9845125079154968, 0.1277550458908081, 0.12005750089883804, 0), (-0.12940289080142975, 0.9915739297866821, 0.005998105276376009, 0), (-0.11827965825796127, -0.021440986543893814, 0.9927487373352051, 0), (-3.4687042236328125, -0.6954498291015625, -0.9330558776855469, 1) ), ( (0.9284303188323975, 0.03562462329864502, 0.3697945177555084, 0), (0.010482130572199821, 0.992483377456665, -0.12192905694246292, 0), (-0.3713584840297699, 0.11707883328199387, 0.9210784435272217, 0), (-5.975486755371094, 0.6046218872070312, -0.15549331903457642, 1) ), ( (0.9999213814735413, 0.01141814049333334, 0.00520278001204133, 0), (-0.011042541824281216, 0.9976748824119568, -0.06725694239139557, 0), (-0.005958933383226395, 0.06719427555799484, 0.9977222084999084, 0), (-4.22796630859375, 0.00002288818359375, -0.000003814697265625, 1) ), ( (0.9970396757125854, -0.05031479895114899, -0.05814068391919136, 0), (0.04990873485803604, 0.99871826171875, -0.008415534161031246, 0), (0.058489732444286346, 0.005488814786076546, 0.9982728362083435, 0), (-3.007648468017578, 0, -0.000003814697265625, 1) ), ( (0.02789287269115448, -0.1486089527606964, -0.9885026812553406, 0), (0.6915209293365479, 0.7169429659843445, -0.08827047795057297, 0), (0.7218179106712341, -0.6811080574989319, 0.12276371568441391, 0), (-1.8855476379394531, -1.2466888427734375, 1.0381760597229004, 1) ), ( (0.9896246790885925, 0.1430710107088089, 0.013182587921619415, 0), (-0.12486779689788818, 0.8110566139221191, 0.5714852809906006, 0), (0.07107117772102356, -0.5672018527984619, 0.8205065727233887, 0), (-3.2360334396362305, -0.0000457763671875, 0.0000762939453125, 1) ), ( (0.9878699779510498, -0.04514387622475624, 0.14857468008995056, 0), (0.07024437934160233, 0.9832289218902588, -0.1683037132024765, 0), (-0.1384851634502411, 0.17669875919818878, 0.9744738340377808, 0), (-3.591111183166504, -0.000003814697265625, -0.00002288818359375, 0.9999998807907104) ), ( (0.9671998023986816, -0.20207902789115906, -0.15391340851783752, 0), (0.22423571348190308, 0.9639028310775757, 0.14356166124343872, 0), (0.11934682726860046, -0.17336557805538177, 0.9775992035865784, 0), (-3.7169132232666016, -0.0000400543212890625, -0.00005340576171875, 1) ), ( (0.9994817972183228, -0.0025619484949856997, -0.03209321200847626, 0), (0.0015988764353096485, 0.9995489120483398, -0.029988059774041176, 0), (0.03215550631284714, 0.029921112582087517, 0.9990350008010864, 0), (-5.058628082275391, -4.6742401123046875, 0.22921085357666016, 1) ), ( (1.0000001192092896, 2.7670173707861068e-8, -4.030356137718627e-8, 0), (-1.4683375404445087e-8, 1.0000001192092896, 3.996005304429673e-9, 0), (3.1061741623261696e-8, 3.3296152501804954e-9, 1.0000001192092896, 0), (-9.300366401672363, 0.0000171661376953125, 0.0003509521484375, 1) ), ( (1.0000001192092896, 2.7670173707861068e-8, -4.030356137718627e-8, 0), (-1.4683375404445087e-8, 1.0000001192092896, 3.996005304429673e-9, 0), (3.1061741623261696e-8, 3.3296152501804954e-9, 1.0000001192092896, 0), (-15.363566398620605, 0.00000476837158203125, 0.00006866455078125, 1) ), ( (1.0000001192092896, 2.7670173707861068e-8, -4.030356137718627e-8, 0), (-1.4683375404445087e-8, 1.0000001192092896, 3.996005304429673e-9, 0), (3.1061741623261696e-8, 3.3296152501804954e-9, 1.0000001192092896, 0), (-21.953472137451172, 0.00002384185791015625, 0.00041961669921875, 1) ), ( (-0.00001331786552327685, -3.849511855114063e-12, 1, 0), (0.9999595284461975, -0.00898493267595768, 0.000013317330740392208, 0), (0.00898493081331253, 0.9999595284461975, 1.196608536702115e-7, 0), (-0.00000762939453125, -15.42319107055664, -1.4901161193847656e-8, 1) ), ( (-0.9987392425537109, 0.05008230730891228, 0.0034862698521465063, 0), (-0.0500820055603981, -0.998745322227478, 0.0001748198119457811, 0), (0.00349065032787621, 0, 0.9999939203262329, 0), (-8.085975646972656, -1.1072951555252075, 15.96717643737793, 1) ), ( (0.9977483153343201, 0.06706893444061279, 1.1063153726453834e-9, 0), (-0.06706894189119339, 0.9977483153343201, -1.7907526850269306e-10, 0), (-1.2642136226759249e-9, 6.295548804491347e-11, 1, 0), (23.68149185180664, -8.046627044677734e-7, 0, 1) ), ( (0.9969804883003235, 0.038879118859767914, 0.06721796095371246, 0), (0.024888062849640846, -0.9799529314041138, 0.19766731560230255, 0), (0.073555588722229, -0.1953975409269333, -0.9779614210128784, 0), (18.762950897216797, 0.0000026226043701171875, 0.0000019073486328125, 1) ), ( (0.000014016406566952355, 1.0000001192092896, -0.0000010135503316632821, 0), (1.0000001192092896, -0.00001395429626427358, 2.1673487449191953e-9, 0), (-6.381950523604019e-10, -0.0000010197780966336722, -1.000000238418579, 0), (8.314840316772461, 16.54088020324707, -0.0000019073486328125, 1) ), ( (0.9999997615814209, -7.802487544950054e-9, 0.000001060950353348744, 0), (2.6560984522916442e-9, 0.9999998807907104, -2.9658690436917823e-7, 0), (-0.00000104968557934626, 3.1783963549969485e-7, 0.9999999403953552, 0), (5.906572341918945, -0.00001621246337890625, -0.0000019073486328125, 1) ), ( (0.9999974370002747, -0.0023440851364284754, 0.0000023830216377973557, 0), (0.0023441025987267494, 0.9999972581863403, 4.189780042906932e-7, 0), (-0.0000023838094875827665, -4.5851825802856183e-7, 1.0000001192092896, 0), (-0.00000762939453125, 3.5762786865234375e-7, 0, 1) ), ( (0.08196153491735458, -0.041200827807188034, -0.9957839846611023, 0), (-0.9959341287612915, -0.04086344689130783, -0.08028320223093033, 0), (-0.03738341107964516, 0.9983150362968445, -0.04438265040516853, 0), (13.839197158813477, 8.667685508728027, 0.7804546356201172, 1) ), ( (0.9999956488609314, -0.0029237631242722273, -0.0000012603253480847343, 0), (0.002923768712207675, 0.9999957084655762, 6.380120680660184e-7, 0), (0.0000012586322100105463, -6.416391329366888e-7, 0.9999999403953552, 0), (-0.00052642822265625, 0.000006318092346191406, 0.0000095367431640625, 1) ), ( (1, 5.068288899678919e-9, -0.000001537435537102283, 0), (-9.802467815234195e-8, 0.9978200793266296, -0.06599248945713043, 0), (0.0000015346755617429153, 0.06599248200654984, 0.9978201389312744, 0), (8.24315071105957, 0.025216221809387207, 0.03136253356933594, 1) ), ( (1, 5.068288899678919e-9, -0.000004035242454847321, 0), (-5.376352305574983e-7, 0.9912899136543274, -0.13169725239276886, 0), (0.00000399917871618527, 0.13169725239276886, 0.9912899732589722, 0), (13.503047943115234, 0.025217652320861816, 0.03136444091796875, 1) ), ( (1, 5.068288899678919e-9, -0.000004817553417524323, 0), (-9.521086781205668e-7, 0.9800422191619873, -0.19878949224948883, 0), (0.000004721659024653491, 0.19878950715065002, 0.9800421595573425, 0), (18.762954711914062, 0.025220155715942383, 0.03136444091796875, 1) ), ( (1, -2.0933255129307327e-10, -0.000001150080493061978, 0), (1.956271145076016e-9, 1, 4.265215807208733e-7, 0), (0.0000011503043424454518, -4.265419306648255e-7, 1, 0), (3.564006805419922, -0.02790170907974243, 0.06273269653320312, 1) ), ( (1, -2.0933255129307327e-10, -0.00000299992007057881, 0), (-1.7690191533858979e-9, 1, -9.618904631136793e-12, 0), (0.000003000182232426596, -8.342806480376996e-12, 1, 0), (11.695575714111328, -0.027901828289031982, 0.06273651123046875, 1) ), ( (1, -2.0933255129307327e-10, -0.0000026900224838755094, 0), (-1.7690191533858979e-9, 1, 0.0000012723064628517022, 0), (0.0000026902939680439886, -0.0000012723116924462374, 1, 0), (22.084156036376953, -0.013954579830169678, 0.03136634826660156, 1) ), ( (0.9987390041351318, -0.050082311034202576, 0.0034862698521465063, 0), (0.0500820055603981, 0.9987450838088989, 0.0001748198119457811, 0), (-0.00349065032787621, 0, 0.9999939203262329, 0), (-8.085990905761719, -1.1072949171066284, -15.967175483703613, 1) ), ( (0.9977483153343201, 0.06706893444061279, 1.8047513483665512e-9, 0), (-0.06706894189119339, 0.9977483153343201, -2.0335695627426986e-10, 0), (-1.3449434899115431e-9, 8.959487318715986e-11, 1, 0), (-23.681495666503906, 0, -0.00000762939453125, 1) ), ( (0.9969805479049683, 0.03887913003563881, 0.06721797585487366, 0), (0.024888070300221443, -0.9799529910087585, 0.19766733050346375, 0), (0.0735556036233902, -0.19539755582809448, -0.9779615998268127, 0), (-18.762924194335938, -0.0000027418136596679688, 0.0000095367431640625, 1) ), ( (0.000014000575902173296, 0.9999998807907104, -0.0000010379343393651652, 0), (1, -0.000013946473700343631, 9.90163950831402e-9, 0), (1.0409142880973832e-8, -0.0000010240603387501324, -1, 0), (-8.31483268737793, -16.540878295898438, 0.0000133514404296875, 1) ), ( (1, 7.624533893135776e-9, -2.896318207490367e-8, 0), (-7.279072455901314e-9, 0.9999999403953552, 3.502757124351774e-7, 0), (-1.66525992995048e-8, -3.627400531058811e-7, 0.9999999403953552, 0), (-5.906501770019531, -0.0000171661376953125, 0.00000762939453125, 1) ), ( (0.9999973177909851, -0.0023440690711140633, 0.0000024016298993956298, 0), (0.0023440904915332794, 0.999997079372406, 3.9427592923857446e-7, 0), (-0.0000024023070182010997, -4.39334257862356e-7, 0.9999999403953552, 0), (0.00000762939453125, -5.960464477539062e-7, 0.0000019073486328125, 1) ), ( (0.08195923268795013, -0.041200246661901474, -0.9957839250564575, 0), (0.9959344863891602, 0.04086392745375633, 0.08028088510036469, 0), (0.03738405182957649, -0.9983150959014893, 0.04438192397356033, 0), (-13.8020601272583, -8.666168212890625, -0.7774314880371094, 1) ), ( (0.9999957084655762, -0.0029237589333206415, -0.0000012611715192178963, 0), (0.0029237756971269846, 0.999995768070221, 6.384081530086405e-7, 0), (0.000001258872885046003, -6.420759177672153e-7, 1.0000001192092896, 0), (0.000522613525390625, -0.000006198883056640625, -0.0000019073486328125, 1) ), ( (1.0000001192092896, 8.276238361304422e-9, 2.0413730705826083e-9, 0), (4.769736605680919e-9, 0.9978201389312744, -0.06599248945713043, 0), (-2.1275432526834948e-9, 0.06599248200654984, 0.9978201985359192, 0), (-8.243124008178711, -0.02521669864654541, -0.03135490417480469, 1) ), ( (1.0000001192092896, 8.267346807144804e-10, -5.197734465056669e-10, 0), (8.407980978120122e-10, 0.9912900328636169, -0.13169726729393005, 0), (-8.367909698492326e-10, 0.13169725239276886, 0.9912900924682617, 0), (-13.503023147583008, -0.025217771530151367, -0.0313568115234375, 1) ), ( (1.0000001192092896, 8.267346807144804e-10, 2.0413635226645965e-9, 0), (4.262504571528325e-9, 0.9800422787666321, -0.1987895518541336, 0), (-2.3968034223997847e-9, 0.1987895369529724, 0.9800422787666321, 0), (-18.762937545776367, -0.025220274925231934, -0.03135108947753906, 1) ), ( (0.9999999403953552, -9.845027015842334e-10, 5.764001775876437e-11, 0), (-9.845027015842334e-10, 1, 4.2669537947404024e-7, 0), (9.578552361000359e-12, -4.266898088189919e-7, 1, 0), (-3.564044952392578, 0.027901530265808105, -0.06273651123046875, 1) ), ( (0.9999999403953552, -9.845027015842334e-10, 5.764001775876437e-11, 0), (-9.845027015842334e-10, 1, 4.066781633671468e-12, 0), (5.7441634782051665e-11, 1.6787436024623403e-11, 1, 0), (-11.695610046386719, 0.02790123224258423, -0.06273841857910156, 1) ), ( (0.9999999403953552, -9.845027015842334e-10, 5.764001775876437e-11, 0), (-9.845027015842334e-10, 1, 0.000001272363761017914, 0), (-8.46416513267112e-12, -0.000001272355120818247, 1, 0), (-22.084163665771484, 0.01395377516746521, -0.03137016296386719, 1) ), ( (-0.000001192086983792251, -0.0000012385088439259562, 1, 0), (1, 0.00000476837158203125, 0.0000011920928955078125, 0), (-0.000004768372946273303, 1, 0.000001238497475242184, 0), (0, 26.068565368652344, 24.044164657592773, 1) ), ( (-0.000001192086983792251, -0.0000012385088439259562, 1, 0), (1, 0.00000476837158203125, 0.0000011920928955078125, 0), (-0.000004768372946273303, 1, 0.000001238497475242184, 0), (0, -24.746896743774414, 14.007136344909668, 1) ), ( (-0.000001192086983792251, -0.0000012385088439259562, 1, 0), (1, 0.00000476837158203125, 0.0000011920928955078125, 0), (-0.000004768372946273303, 1, 0.000001238497475242184, 0), (0, 26.240198135375977, -24.202476501464844, 1) ), ( (-0.000001192086983792251, -0.0000012385088439259562, 1, 0), (1, 0.00000476837158203125, 0.0000011920928955078125, 0), (-0.000004768372946273303, 1, 0.000001238497475242184, 0), (-0.0000152587890625, -24.877132415771484, -14.080857276916504, 1) )]
        rel skel:animationSource = </SkelRoot/Skeleton/Animation>

        def SkelAnimation "Animation"
        {
            uniform token[] joints = ["root_joint", "root_joint/pelvis_joint", "root_joint/pelvis_joint/spineLower_joint", "root_joint/pelvis_joint/spineLower_joint/spineMiddle_joint", "root_joint/pelvis_joint/spineLower_joint/spineMiddle_joint/spineUpper_joint", "root_joint/pelvis_joint/spineLower_joint/spineMiddle_joint/spineUpper_joint/chest_joint", "root_joint/pelvis_joint/spineLower_joint/spineMiddle_joint/spineUpper_joint/chest_joint/clavicle_left_joint", "root_joint/pelvis_joint/spineLower_joint/spineMiddle_joint/spineUpper_joint/chest_joint/clavicle_left_joint/shoulder_left_joint", "root_joint/pelvis_joint/spineLower_joint/spineMiddle_joint/spineUpper_joint/chest_joint/clavicle_left_joint/shoulder_left_joint/elbow_left_joint", "root_joint/pelvis_joint/spineLower_joint/spineMiddle_joint/spineUpper_joint/chest_joint/clavicle_left_joint/shoulder_left_joint/elbow_left_joint/elbow_partial_left_joint", "root_joint/pelvis_joint/spineLower_joint/spineMiddle_joint/spineUpper_joint/chest_joint/clavicle_left_joint/shoulder_left_joint/elbow_left_joint/armLower_twist_01_left_joint", "root_joint/pelvis_joint/spineLower_joint/spineMiddle_joint/spineUpper_joint/chest_joint/clavicle_left_joint/shoulder_left_joint/elbow_left_joint/armLower_twist_02_left_joint", "root_joint/pelvis_joint/spineLower_joint/spineMiddle_joint/spineUpper_joint/chest_joint/clavicle_left_joint/shoulder_left_joint/elbow_left_joint/armLower_twist_03_left_joint", "root_joint/pelvis_joint/spineLower_joint/spineMiddle_joint/spineUpper_joint/chest_joint/clavicle_left_joint/shoulder_left_joint/elbow_left_joint/handWrist_left_joint", "root_joint/pelvis_joint/spineLower_joint/spineMiddle_joint/spineUpper_joint/chest_joint/clavicle_left_joint/shoulder_left_joint/elbow_left_joint/handWrist_left_joint/handIndexMeta_left_joint", "root_joint/pelvis_joint/spineLower_joint/spineMiddle_joint/spineUpper_joint/chest_joint/clavicle_left_joint/shoulder_left_joint/elbow_left_joint/handWrist_left_joint/handIndexMeta_left_joint/handIndex_00_left_joint", "root_joint/pelvis_joint/spineLower_joint/spineMiddle_joint/spineUpper_joint/chest_joint/clavicle_left_joint/shoulder_left_joint/elbow_left_joint/handWrist_left_joint/handIndexMeta_left_joint/handIndex_00_left_joint/handIndex_01_left_joint", "root_joint/pelvis_joint/spineLower_joint/spineMiddle_joint/spineUpper_joint/chest_joint/clavicle_left_joint/shoulder_left_joint/elbow_left_joint/handWrist_left_joint/handIndexMeta_left_joint/handIndex_00_left_joint/handIndex_01_left_joint/handIndex_02_left_joint", "root_joint/pelvis_joint/spineLower_joint/spineMiddle_joint/spineUpper_joint/chest_joint/clavicle_left_joint/shoulder_left_joint/elbow_left_joint/handWrist_left_joint/handMiddleMeta_left_joint", "root_joint/pelvis_joint/spineLower_joint/spineMiddle_joint/spineUpper_joint/chest_joint/clavicle_left_joint/shoulder_left_joint/elbow_left_joint/handWrist_left_joint/handMiddleMeta_left_joint/handMiddle_00_left_joint", "root_joint/pelvis_joint/spineLower_joint/spineMiddle_joint/spineUpper_joint/chest_joint/clavicle_left_joint/shoulder_left_joint/elbow_left_joint/handWrist_left_joint/handMiddleMeta_left_joint/handMiddle_00_left_joint/handMiddle_01_left_joint", "root_joint/pelvis_joint/spineLower_joint/spineMiddle_joint/spineUpper_joint/chest_joint/clavicle_left_joint/shoulder_left_joint/elbow_left_joint/handWrist_left_joint/handMiddleMeta_left_joint/handMiddle_00_left_joint/handMiddle_01_left_joint/handMiddle_02_left_joint", "root_joint/pelvis_joint/spineLower_joint/spineMiddle_joint/spineUpper_joint/chest_joint/clavicle_left_joint/shoulder_left_joint/elbow_left_joint/handWrist_left_joint/handWrist_partial_left_joint", "root_joint/pelvis_joint/spineLower_joint/spineMiddle_joint/spineUpper_joint/chest_joint/clavicle_left_joint/shoulder_left_joint/elbow_left_joint/handWrist_left_joint/handPinkyMeta_left_joint", "root_joint/pelvis_joint/spineLower_joint/spineMiddle_joint/spineUpper_joint/chest_joint/clavicle_left_joint/shoulder_left_joint/elbow_left_joint/handWrist_left_joint/handPinkyMeta_left_joint/handPinky_00_left_joint", "root_joint/pelvis_joint/spineLower_joint/spineMiddle_joint/spineUpper_joint/chest_joint/clavicle_left_joint/shoulder_left_joint/elbow_left_joint/handWrist_left_joint/handPinkyMeta_left_joint/handPinky_00_left_joint/handPinky_01_left_joint", "root_joint/pelvis_joint/spineLower_joint/spineMiddle_joint/spineUpper_joint/chest_joint/clavicle_left_joint/shoulder_left_joint/elbow_left_joint/handWrist_left_joint/handPinkyMeta_left_joint/handPinky_00_left_joint/handPinky_01_left_joint/handPinky_02_left_joint", "root_joint/pelvis_joint/spineLower_joint/spineMiddle_joint/spineUpper_joint/chest_joint/clavicle_left_joint/shoulder_left_joint/elbow_left_joint/handWrist_left_joint/handRingMeta_left_joint", "root_joint/pelvis_joint/spineLower_joint/spineMiddle_joint/spineUpper_joint/chest_joint/clavicle_left_joint/shoulder_left_joint/elbow_left_joint/handWrist_left_joint/handRingMeta_left_joint/handRing_00_left_joint", "root_joint/pelvis_joint/spineLower_joint/spineMiddle_joint/spineUpper_joint/chest_joint/clavicle_left_joint/shoulder_left_joint/elbow_left_joint/handWrist_left_joint/handRingMeta_left_joint/handRing_00_left_joint/handRing_01_left_joint", "root_joint/pelvis_joint/spineLower_joint/spineMiddle_joint/spineUpper_joint/chest_joint/clavicle_left_joint/shoulder_left_joint/elbow_left_joint/handWrist_left_joint/handRingMeta_left_joint/handRing_00_left_joint/handRing_01_left_joint/handRing_02_left_joint", "root_joint/pelvis_joint/spineLower_joint/spineMiddle_joint/spineUpper_joint/chest_joint/clavicle_left_joint/shoulder_left_joint/elbow_left_joint/handWrist_left_joint/handThumbMeta_left_joint", "root_joint/pelvis_joint/spineLower_joint/spineMiddle_joint/spineUpper_joint/chest_joint/clavicle_left_joint/shoulder_left_joint/elbow_left_joint/handWrist_left_joint/handThumbMeta_left_joint/handThumb_00_left_joint", "root_joint/pelvis_joint/spineLower_joint/spineMiddle_joint/spineUpper_joint/chest_joint/clavicle_left_joint/shoulder_left_joint/elbow_left_joint/handWrist_left_joint/handThumbMeta_left_joint/handThumb_00_left_joint/handThumb_01_left_joint", "root_joint/pelvis_joint/spineLower_joint/spineMiddle_joint/spineUpper_joint/chest_joint/clavicle_left_joint/shoulder_left_joint/elbow_left_joint/handWrist_left_joint/handThumbMeta_left_joint/handThumb_00_left_joint/handThumb_01_left_joint/handThumb_02_left_joint", "root_joint/pelvis_joint/spineLower_joint/spineMiddle_joint/spineUpper_joint/chest_joint/clavicle_left_joint/shoulder_left_joint/elbow_left_joint/handWrist_left_joint/hand_l_socket", "root_joint/pelvis_joint/spineLower_joint/spineMiddle_joint/spineUpper_joint/chest_joint/clavicle_left_joint/shoulder_left_joint/armUpper_twist_01_left_joint", "root_joint/pelvis_joint/spineLower_joint/spineMiddle_joint/spineUpper_joint/chest_joint/clavicle_left_joint/shoulder_left_joint/armUpper_twist_02_left_joint", "root_joint/pelvis_joint/spineLower_joint/spineMiddle_joint/spineUpper_joint/chest_joint/clavicle_left_joint/shoulder_left_joint/armUpper_twist_03_left_joint", "root_joint/pelvis_joint/spineLower_joint/spineMiddle_joint/spineUpper_joint/chest_joint/neck_joint", "root_joint/pelvis_joint/spineLower_joint/spineMiddle_joint/spineUpper_joint/chest_joint/neck_joint/neck_twist_01_joint", "root_joint/pelvis_joint/spineLower_joint/spineMiddle_joint/spineUpper_joint/chest_joint/neck_joint/neck_twist_02_joint", "root_joint/pelvis_joint/spineLower_joint/spineMiddle_joint/spineUpper_joint/chest_joint/neck_joint/head_joint", "root_joint/pelvis_joint/spineLower_joint/spineMiddle_joint/spineUpper_joint/chest_joint/neck_joint/head_joint/head_tracker_target", "root_joint/pelvis_joint/spineLower_joint/spineMiddle_joint/spineUpper_joint/chest_joint/neck_joint/head_joint/eye_offset_right_joint", "root_joint/pelvis_joint/spineLower_joint/spineMiddle_joint/spineUpper_joint/chest_joint/neck_joint/head_joint/eye_offset_right_joint/eye_right_joint", "root_joint/pelvis_joint/spineLower_joint/spineMiddle_joint/spineUpper_joint/chest_joint/neck_joint/head_joint/eye_offset_left_joint", "root_joint/pelvis_joint/spineLower_joint/spineMiddle_joint/spineUpper_joint/chest_joint/neck_joint/head_joint/eye_offset_left_joint/eye_left_joint", "root_joint/pelvis_joint/spineLower_joint/spineMiddle_joint/spineUpper_joint/chest_joint/neck_joint/head_joint/head_socket", "root_joint/pelvis_joint/spineLower_joint/spineMiddle_joint/spineUpper_joint/chest_joint/clavicle_right_joint", "root_joint/pelvis_joint/spineLower_joint/spineMiddle_joint/spineUpper_joint/chest_joint/clavicle_right_joint/shoulder_right_joint", "root_joint/pelvis_joint/spineLower_joint/spineMiddle_joint/spineUpper_joint/chest_joint/clavicle_right_joint/shoulder_right_joint/elbow_right_joint", "root_joint/pelvis_joint/spineLower_joint/spineMiddle_joint/spineUpper_joint/chest_joint/clavicle_right_joint/shoulder_right_joint/elbow_right_joint/elbow_partial_right_joint", "root_joint/pelvis_joint/spineLower_joint/spineMiddle_joint/spineUpper_joint/chest_joint/clavicle_right_joint/shoulder_right_joint/elbow_right_joint/armLower_twist_01_right_joint", "root_joint/pelvis_joint/spineLower_joint/spineMiddle_joint/spineUpper_joint/chest_joint/clavicle_right_joint/shoulder_right_joint/elbow_right_joint/armLower_twist_02_right_joint", "root_joint/pelvis_joint/spineLower_joint/spineMiddle_joint/spineUpper_joint/chest_joint/clavicle_right_joint/shoulder_right_joint/elbow_right_joint/armLower_twist_03_right_joint", "root_joint/pelvis_joint/spineLower_joint/spineMiddle_joint/spineUpper_joint/chest_joint/clavicle_right_joint/shoulder_right_joint/elbow_right_joint/handWrist_right_joint", "root_joint/pelvis_joint/spineLower_joint/spineMiddle_joint/spineUpper_joint/chest_joint/clavicle_right_joint/shoulder_right_joint/elbow_right_joint/handWrist_right_joint/handIndexMeta_right_joint", "root_joint/pelvis_joint/spineLower_joint/spineMiddle_joint/spineUpper_joint/chest_joint/clavicle_right_joint/shoulder_right_joint/elbow_right_joint/handWrist_right_joint/handIndexMeta_right_joint/handIndex_00_right_joint", "root_joint/pelvis_joint/spineLower_joint/spineMiddle_joint/spineUpper_joint/chest_joint/clavicle_right_joint/shoulder_right_joint/elbow_right_joint/handWrist_right_joint/handIndexMeta_right_joint/handIndex_00_right_joint/handIndex_01_right_joint", "root_joint/pelvis_joint/spineLower_joint/spineMiddle_joint/spineUpper_joint/chest_joint/clavicle_right_joint/shoulder_right_joint/elbow_right_joint/handWrist_right_joint/handIndexMeta_right_joint/handIndex_00_right_joint/handIndex_01_right_joint/handIndex_02_right_joint", "root_joint/pelvis_joint/spineLower_joint/spineMiddle_joint/spineUpper_joint/chest_joint/clavicle_right_joint/shoulder_right_joint/elbow_right_joint/handWrist_right_joint/handMiddleMeta_right_joint", "root_joint/pelvis_joint/spineLower_joint/spineMiddle_joint/spineUpper_joint/chest_joint/clavicle_right_joint/shoulder_right_joint/elbow_right_joint/handWrist_right_joint/handMiddleMeta_right_joint/handMiddle_00_right_joint", "root_joint/pelvis_joint/spineLower_joint/spineMiddle_joint/spineUpper_joint/chest_joint/clavicle_right_joint/shoulder_right_joint/elbow_right_joint/handWrist_right_joint/handMiddleMeta_right_joint/handMiddle_00_right_joint/handMiddle_01_right_joint", "root_joint/pelvis_joint/spineLower_joint/spineMiddle_joint/spineUpper_joint/chest_joint/clavicle_right_joint/shoulder_right_joint/elbow_right_joint/handWrist_right_joint/handMiddleMeta_right_joint/handMiddle_00_right_joint/handMiddle_01_right_joint/handMiddle_02_right_joint", "root_joint/pelvis_joint/spineLower_joint/spineMiddle_joint/spineUpper_joint/chest_joint/clavicle_right_joint/shoulder_right_joint/elbow_right_joint/handWrist_right_joint/handWrist_partial_right_joint", "root_joint/pelvis_joint/spineLower_joint/spineMiddle_joint/spineUpper_joint/chest_joint/clavicle_right_joint/shoulder_right_joint/elbow_right_joint/handWrist_right_joint/handPinkyMeta_right_joint", "root_joint/pelvis_joint/spineLower_joint/spineMiddle_joint/spineUpper_joint/chest_joint/clavicle_right_joint/shoulder_right_joint/elbow_right_joint/handWrist_right_joint/handPinkyMeta_right_joint/handPinky_00_right_joint", "root_joint/pelvis_joint/spineLower_joint/spineMiddle_joint/spineUpper_joint/chest_joint/clavicle_right_joint/shoulder_right_joint/elbow_right_joint/handWrist_right_joint/handPinkyMeta_right_joint/handPinky_00_right_joint/handPinky_01_right_joint", "root_joint/pelvis_joint/spineLower_joint/spineMiddle_joint/spineUpper_joint/chest_joint/clavicle_right_joint/shoulder_right_joint/elbow_right_joint/handWrist_right_joint/handPinkyMeta_right_joint/handPinky_00_right_joint/handPinky_01_right_joint/handPinky_02_right_joint", "root_joint/pelvis_joint/spineLower_joint/spineMiddle_joint/spineUpper_joint/chest_joint/clavicle_right_joint/shoulder_right_joint/elbow_right_joint/handWrist_right_joint/handRingMeta_right_joint", "root_joint/pelvis_joint/spineLower_joint/spineMiddle_joint/spineUpper_joint/chest_joint/clavicle_right_joint/shoulder_right_joint/elbow_right_joint/handWrist_right_joint/handRingMeta_right_joint/handRing_00_right_joint", "root_joint/pelvis_joint/spineLower_joint/spineMiddle_joint/spineUpper_joint/chest_joint/clavicle_right_joint/shoulder_right_joint/elbow_right_joint/handWrist_right_joint/handRingMeta_right_joint/handRing_00_right_joint/handRing_01_right_joint", "root_joint/pelvis_joint/spineLower_joint/spineMiddle_joint/spineUpper_joint/chest_joint/clavicle_right_joint/shoulder_right_joint/elbow_right_joint/handWrist_right_joint/handRingMeta_right_joint/handRing_00_right_joint/handRing_01_right_joint/handRing_02_right_joint", "root_joint/pelvis_joint/spineLower_joint/spineMiddle_joint/spineUpper_joint/chest_joint/clavicle_right_joint/shoulder_right_joint/elbow_right_joint/handWrist_right_joint/handThumbMeta_right_joint", "root_joint/pelvis_joint/spineLower_joint/spineMiddle_joint/spineUpper_joint/chest_joint/clavicle_right_joint/shoulder_right_joint/elbow_right_joint/handWrist_right_joint/handThumbMeta_right_joint/handThumb_00_right_joint", "root_joint/pelvis_joint/spineLower_joint/spineMiddle_joint/spineUpper_joint/chest_joint/clavicle_right_joint/shoulder_right_joint/elbow_right_joint/handWrist_right_joint/handThumbMeta_right_joint/handThumb_00_right_joint/handThumb_01_right_joint", "root_joint/pelvis_joint/spineLower_joint/spineMiddle_joint/spineUpper_joint/chest_joint/clavicle_right_joint/shoulder_right_joint/elbow_right_joint/handWrist_right_joint/handThumbMeta_right_joint/handThumb_00_right_joint/handThumb_01_right_joint/handThumb_02_right_joint", "root_joint/pelvis_joint/spineLower_joint/spineMiddle_joint/spineUpper_joint/chest_joint/clavicle_right_joint/shoulder_right_joint/elbow_right_joint/handWrist_right_joint/hand_r_socket", "root_joint/pelvis_joint/spineLower_joint/spineMiddle_joint/spineUpper_joint/chest_joint/clavicle_right_joint/shoulder_right_joint/armUpper_twist_01_right_joint", "root_joint/pelvis_joint/spineLower_joint/spineMiddle_joint/spineUpper_joint/chest_joint/clavicle_right_joint/shoulder_right_joint/armUpper_twist_02_right_joint", "root_joint/pelvis_joint/spineLower_joint/spineMiddle_joint/spineUpper_joint/chest_joint/clavicle_right_joint/shoulder_right_joint/armUpper_twist_03_right_joint", "root_joint/pelvis_joint/spineLower_joint/spineMiddle_joint/spineUpper_joint/chest_joint/back_socket", "root_joint/pelvis_joint/hip_left_joint", "root_joint/pelvis_joint/hip_left_joint/knee_left_joint", "root_joint/pelvis_joint/hip_left_joint/knee_left_joint/footAnkle_left_joint", "root_joint/pelvis_joint/hip_left_joint/knee_left_joint/footAnkle_left_joint/footBall_left_joint", "root_joint/pelvis_joint/hip_left_joint/knee_left_joint/footAnkle_left_joint/footBall_left_joint/footToe_left_joint", "root_joint/pelvis_joint/hip_left_joint/knee_left_joint/footAnkle_left_joint/footAnkle_partial_left_joint", "root_joint/pelvis_joint/hip_left_joint/knee_left_joint/footAnkle_left_joint/foot_l_socket", "root_joint/pelvis_joint/hip_left_joint/knee_left_joint/knee_partial_left_joint", "root_joint/pelvis_joint/hip_left_joint/knee_left_joint/legLower_twist_01_left_joint", "root_joint/pelvis_joint/hip_left_joint/knee_left_joint/legLower_twist_02_left_joint", "root_joint/pelvis_joint/hip_left_joint/knee_left_joint/legLower_twist_03_left_joint", "root_joint/pelvis_joint/hip_left_joint/legUpper_twist_01_left_joint", "root_joint/pelvis_joint/hip_left_joint/legUpper_twist_02_left_joint", "root_joint/pelvis_joint/hip_left_joint/legUpper_twist_03_left_joint", "root_joint/pelvis_joint/hip_right_joint", "root_joint/pelvis_joint/hip_right_joint/knee_right_joint", "root_joint/pelvis_joint/hip_right_joint/knee_right_joint/footAnkle_right_joint", "root_joint/pelvis_joint/hip_right_joint/knee_right_joint/footAnkle_right_joint/footBall_right_joint", "root_joint/pelvis_joint/hip_right_joint/knee_right_joint/footAnkle_right_joint/footBall_right_joint/footToe_right_joint", "root_joint/pelvis_joint/hip_right_joint/knee_right_joint/footAnkle_right_joint/footAnkle_partial_right_joint", "root_joint/pelvis_joint/hip_right_joint/knee_right_joint/footAnkle_right_joint/foot_r_socket", "root_joint/pelvis_joint/hip_right_joint/knee_right_joint/knee_partial_right_joint", "root_joint/pelvis_joint/hip_right_joint/knee_right_joint/legLower_twist_01_right_joint", "root_joint/pelvis_joint/hip_right_joint/knee_right_joint/legLower_twist_02_right_joint", "root_joint/pelvis_joint/hip_right_joint/knee_right_joint/legLower_twist_03_right_joint", "root_joint/pelvis_joint/hip_right_joint/legUpper_twist_01_right_joint", "root_joint/pelvis_joint/hip_right_joint/legUpper_twist_02_right_joint", "root_joint/pelvis_joint/hip_right_joint/legUpper_twist_03_right_joint", "root_joint/pelvis_joint/hip_l_front_socket", "root_joint/pelvis_joint/hip_l_back_socket", "root_joint/pelvis_joint/hip_r_front_socket", "root_joint/pelvis_joint/hip_r_back_socket"]
            quatf[] rotations.timeSamples = {
                0: [(0.99999994, -0.000048583486, 0.000053332686, 0.00025635233), (0.45077515, 0.50252825, 0.44961527, 0.58490443), (0.99885464, -0.0061953655, -0.045807905, 0.01236191), (0.99910843, -0.036529336, -0.011737831, 0.017612126), (0.9992394, -0.035974614, 0.005795911, 0.013886265), (0.9988823, -0.040523767, 0.010343134, 0.02202174), (0.7200615, 0.08249763, -0.6814117, -0.10189697), (0.81192106, 0.06560099, -0.5126676, 0.27138832), (0.624285, -0.14371109, 0.11151913, 0.7597224), (0.99999946, 7.4505806e-8, -2.9802322e-8, -1.4901161e-8), (0.99999946, 7.4505806e-8, -2.9802322e-8, -1.4901161e-8), (0.99999946, 7.4505806e-8, -2.9802322e-8, -1.4901161e-8), (0.99999946, 7.4505806e-8, -2.9802322e-8, -1.4901161e-8), (0.5910113, 0.77804685, 0.09935644, -0.18835163), (0.9967315, 0.020200908, 0.050160825, -0.06001231), (0.82985055, 0.008505225, 0.029667854, 0.5571312), (0.788317, -0.021625727, -0.017898317, 0.61462843), (-0.6896045, -0.022195026, 0.057069898, -0.7215928), (0.9992875, -0.02074653, 0.015785068, -0.027284801), (0.85524756, -0.018163979, -0.013132006, 0.51773417), (-0.71978736, -0.027967393, 0.035752956, -0.6927085), (0.8221805, 0.023429483, -0.05004832, 0.56653756), (0.9999999, -0.000011146069, 0.0000014305115, 0.0000022947788), (0.99731076, 0.008149445, -0.053127766, 0.049817353), (-0.8986823, 0.061197788, -0.15764543, -0.40468773), (0.6998769, -0.014122516, 0.12669586, 0.7027947), (0.73912966, 0.034871757, 0.15953276, 0.65346766), (0.9891348, -0.13997188, -0.039484978, 0.021458983), (0.87506425, 0.09459877, 0.036315918, 0.4732799), (-0.69756883, 0.0099684, -0.06049303, -0.7138894), (0.74088645, -0.0007703006, 0.06507188, 0.66846955), (0.8100407, 0.38610902, 0.44000793, -0.033855006), (0.9805607, 0.09266436, -0.07687256, 0.1549312), (0.9500095, 0.07334323, 0.013751, 0.30317077), (0.95178115, -0.0047815144, 0.0043203235, 0.30670854), (-0.014980647, -0.9997581, 0.0010271459, 0.016059995), (0.99999976, -1.0430813e-7, -4.4703484e-8, 0), (0.99999976, -1.0430813e-7, -4.4703484e-8, 0), (0.99999976, -1.0430813e-7, -4.4703484e-8, 0), (0.9909697, 0.12453138, 0.007562205, 0.049128525), (0.9999999, 0.00014416128, 0.00024221838, 0.00018518418), (0.9999777, 0.00013076793, -0.0062104315, -0.0024027824), (0.99579537, 0.002039268, -0.030958086, -0.086189985), (0.5113067, -0.4875579, -0.47603872, -0.5236786), (0.4761451, -0.52276754, -0.5115026, -0.48822632), (1.0000002, 7.450581e-9, -1.4901161e-8, 4.656613e-10), (0.5115031, -0.48822573, -0.47614473, -0.5227678), (0.99999994, 1.4901161e-8, 4.656613e-10, 4.656613e-10), (0.4977458, -0.50223225, -0.4977576, -0.50224406), (0.12897366, 0.7247467, 0.18673559, 0.65056705), (0.94833314, 0.059503496, -0.31146985, -0.010463148), (0.5259472, -0.026037902, -0.26458347, 0.8078962), (0.9999994, -7.4505806e-8, -1.1920929e-7, 1.4901161e-8), (0.9999994, -7.4505806e-8, -1.1920929e-7, 1.4901161e-8), (0.9999994, -7.4505806e-8, -1.1920929e-7, 1.4901161e-8), (0.9999994, -7.4505806e-8, -1.1920929e-7, 1.4901161e-8), (0.6202924, 0.76121837, -0.13932456, -0.12795156), (0.9976734, 0.020773798, 0.043899447, -0.047833443), (0.7944064, -0.1065107, 0.0930621, 0.5906879), (-0.7902397, 0.021651894, 0.018052414, -0.612148), (0.69250304, 0.0428845, -0.07366198, 0.71636105), (0.9996275, -0.015396148, 0.010815442, -0.019746304), (0.8208394, -0.1250697, 0.0633108, 0.5536883), (-0.721895, -0.027681395, 0.035734218, -0.690524), (0.8238382, 0.023134917, -0.049990863, 0.5641411), (0.9999996, 0.000011473894, 2.9802322e-8, -1.1920929e-7), (0.98519015, -0.11115019, -0.10754086, 0.07402831), (0.8895657, 0.012607127, 0.22319147, 0.3983698), (-0.7019517, 0.01384455, -0.12565184, -0.7009156), (0.73677266, 0.03529392, 0.16041383, 0.655886), (0.9894532, -0.13293338, -0.04784903, 0.03194976), (0.8757327, 0.049758762, 0.088404715, 0.47201696), (-0.6996082, 0.009908885, -0.06008986, -0.7119261), (0.7457678, -0.037606567, 0.09689742, 0.65804756), (0.8132671, 0.3573366, 0.4562894, -0.0520235), (0.9843992, 0.08479578, -0.06621903, 0.1392209), (0.9611483, 0.1268232, 0.03481731, 0.24268736), (0.9623015, -0.012392989, 0.0048608184, 0.27165872), (0.99975765, -0.014980942, 0.016066074, -0.0010404289), (0.9999994, -2.9802322e-8, 0, 0), (0.9999994, -2.9802322e-8, 0, 0), (0.9999994, -2.9802322e-8, 0, 0), (0.4977454, -0.5022378, -0.497752, -0.5022445), (-0.13997066, -0.0640094, 0.008651882, 0.98804677), (0.9898982, -0.0852646, 0.009720176, 0.112860814), (0.011936858, 0.9576602, 0.28722087, 0.015779227), (0.002178371, 0.4275113, 0.90400326, 0.0027922392), (0.99999964, -0.000007543713, -0.00014996529, 0.0011169051), (0.9999994, 1.7881393e-7, -0.0000012516975, -0.0011720359), (0.49917832, -0.540187, 0.47998887, 0.47815266), (0.9999994, 3.7811697e-7, 5.364418e-7, -0.0014618449), (0.99945545, -0.03301423, 7.1525574e-7, 1.4901161e-8), (0.9978206, -0.06599253, 0.0000019669533, 2.2351742e-7), (0.99499846, -0.09989443, 0.0000023841858, 3.054738e-7), (1.0000006, 1.9930303e-7, 5.662441e-7, 1.4901161e-8), (1.0000005, -3.7252903e-9, 0.000001475215, 5.2154064e-8), (1.0000006, 6.109476e-7, 0.000001385808, 5.9604645e-8), (0.9188826, 0.016706252, -0.03744456, -0.39239475), (0.84289855, -0.0036581052, 0.002089357, 0.538056), (0.061109155, 0.9957324, -0.06244878, 0.02970776), (-0.000018119812, 0.70710737, 0.7071058, 0.00016927719), (0.9999821, 0.0000029690564, 0.000259161, 0.0059188996), (0.9999989, 1.3783574e-7, -0.0000012814999, -0.0011720434), (-0.54018617, -0.49917763, -0.47815335, 0.47998917), (0.9999989, 2.7986243e-7, 7.003546e-7, -0.0014618412), (0.9994549, -0.033014245, 1.0430813e-7, -1.1175871e-8), (0.99782014, -0.065992445, 7.4505806e-8, -1.4901161e-8), (0.9949981, -0.09989433, 5.9604645e-8, 5.9604645e-8), (1, 2.2025779e-7, -2.9802322e-8, -1.8626451e-8), (1, 0, 0, 0), (1, 6.0745515e-7, -5.9604645e-8, -1.8626451e-8), (0.5000012, -0.4999982, -0.5000012, -0.49999934), (0.5000012, -0.4999982, -0.5000012, -0.49999934), (0.5000012, -0.4999982, -0.5000012, -0.49999934), (0.5000012, -0.4999982, -0.5000012, -0.49999934)],
                1: [(1, -0.00003400175, -0.000008565236, 0.00004641575), (0.4219629, 0.48127592, 0.48219237, 0.59817344), (0.9946995, -0.033127476, -0.09653156, 0.012554603), (0.99909526, -0.038995966, -0.0066883937, 0.015603587), (0.9991418, -0.03864273, 0.008688927, 0.012133785), (0.9986342, -0.04599019, 0.016346067, 0.018654376), (0.7448672, 0.07664621, -0.6590626, -0.07024963), (0.78884053, 0.0648385, -0.534876, 0.29569295), (0.58014214, -0.15873778, 0.1529527, 0.7841193), (0.9999999, 1.0430813e-7, 0, -2.2351742e-8), (0.9999999, 1.0430813e-7, 0, -2.2351742e-8), (0.9999999, 1.0430813e-7, 0, -2.2351742e-8), (0.9999999, 1.0430813e-7, 0, -2.2351742e-8), (0.626041, 0.7636362, 0.09971711, -0.12243068), (0.99675876, 0.020063967, 0.049984097, -0.059764028), (0.82985234, 0.008505821, 0.02965945, 0.55713), (0.78831726, -0.021625847, -0.017898489, 0.6146291), (-0.68960506, -0.022195145, 0.057070076, -0.7215929), (0.9992948, -0.02088052, 0.015601784, -0.027038604), (0.85524946, -0.018164039, -0.013139904, 0.51773185), (-0.71978754, -0.027967423, 0.035753317, -0.69270915), (0.82218117, 0.023429662, -0.05004832, 0.5665378), (1.0000005, -0.000011175871, 0.0000014305115, 0.0000022947788), (0.9972905, 0.008020639, -0.053293258, 0.05007726), (-0.89868486, 0.061198562, -0.15763882, -0.40468562), (0.6998774, -0.0141227245, 0.12669583, 0.70279485), (0.73912984, 0.034871787, 0.15953279, 0.65346795), (0.9891042, -0.14009899, -0.039689958, 0.021689177), (0.875067, 0.09459874, 0.036308676, 0.4732768), (-0.6975691, 0.0099684, -0.06049288, -0.7138901), (0.740887, -0.00077039003, 0.06507164, 0.66847), (0.81028736, 0.3859962, 0.4396794, -0.033526063), (0.98062074, 0.09268696, -0.076656446, 0.15464965), (0.950004, 0.07333301, 0.013735354, 0.3031948), (0.951782, -0.004781544, 0.0043202937, 0.3067095), (-0.014980675, -0.9997588, 0.0010271566, 0.01606004), (1.0000002, -1.0430813e-7, -4.4703484e-8, 0), (1.0000002, -1.0430813e-7, -4.4703484e-8, 0), (1.0000002, -1.0430813e-7, -4.4703484e-8, 0), (0.98963636, 0.13120903, -0.003295213, 0.058257572), (1.0000001, 0.000048001297, 0.000024616718, 0.0006209649), (0.99997777, 0.00003759004, -0.0064283013, -0.0019664615), (0.9957209, 0.0057678223, -0.031792924, -0.08658198), (0.51130694, -0.4875581, -0.4760389, -0.52367884), (0.4761453, -0.5227678, -0.51150286, -0.4882265), (1.0000007, 7.450581e-9, -7.450581e-9, -4.656613e-10), (0.51150334, -0.48822588, -0.47614488, -0.522768), (1.0000002, 1.4901161e-8, -5.820766e-11, 4.656613e-10), (0.497746, -0.50223243, -0.49775782, -0.50224423), (0.16805835, 0.7179165, 0.18042766, 0.65099806), (0.96020824, 0.057549745, -0.26894185, -0.048564017), (0.5282873, 0.015032828, -0.31002602, 0.79029775), (1, -5.9604645e-8, -8.940697e-8, 0), (1, -5.9604645e-8, -8.940697e-8, 0), (1, -5.9604645e-8, -8.940697e-8, 0), (1, -5.9604645e-8, -8.940697e-8, 0), (0.6437265, 0.74609464, -0.13770579, -0.099981695), (0.99763954, 0.0205822, 0.044700444, -0.0478943), (0.79441464, -0.10650295, 0.0930697, 0.59067816), (-0.7902402, 0.021651924, 0.018052429, -0.6121484), (0.6925034, 0.042884544, -0.07366201, 0.71636164), (0.99942696, -0.015234858, 0.013675779, -0.026960433), (0.8169549, -0.12702754, 0.060835034, 0.55923903), (-0.7218936, -0.027693972, 0.035739563, -0.690526), (0.82383907, 0.023134857, -0.049990922, 0.56414175), (1, 0.000011473894, 0, -1.1920929e-7), (0.9852632, -0.11124551, -0.10672623, 0.07409826), (0.8895681, 0.012613654, 0.22320274, 0.39835945), (-0.70195186, 0.0138447285, -0.12565199, -0.7009162), (0.7367731, 0.03529398, 0.16041401, 0.6558864), (0.989473, -0.13306105, -0.047036648, 0.0320279), (0.87573737, 0.04976514, 0.088415444, 0.47200698), (-0.69960845, 0.009908825, -0.06008996, -0.7119267), (0.7457682, -0.037606537, 0.09689763, 0.6580479), (0.81276184, 0.35488942, 0.4584905, -0.057082802), (0.98368454, 0.08497749, -0.06530848, 0.14449519), (0.961143, 0.12682706, 0.034826428, 0.24270675), (0.96230173, -0.012392841, 0.004861012, 0.27165914), (0.99975824, -0.014980912, 0.016066074, -0.0010404587), (0.9999999, -2.9802322e-8, -2.9802322e-8, -2.9802322e-8), (0.9999999, -2.9802322e-8, -2.9802322e-8, -2.9802322e-8), (0.9999999, -2.9802322e-8, -2.9802322e-8, -2.9802322e-8), (0.49774563, -0.50223804, -0.49775228, -0.5022447), (-0.20778671, -0.11688092, 0.04896003, 0.96993136), (0.9914387, -0.09701127, 0.008769125, 0.08695947), (0.027702168, 0.9491278, 0.31364378, 0.004142791), (0.00233832, 0.67180234, 0.7407224, 0.0025840998), (0.9999879, 0.000016067177, 0.00029688329, 0.004910961), (0.9999995, 1.7881393e-7, -0.0000012218952, -0.0011720397), (0.4991783, -0.54018706, 0.4799889, 0.47815272), (0.9999996, 3.9394945e-7, 5.364418e-7, -0.0014618598), (0.9994556, -0.033014208, 6.854534e-7, 1.1175871e-8), (0.99782073, -0.065992504, 0.0000019073486, 2.3841858e-7), (0.9949986, -0.09989445, 0.0000023841858, 2.9802322e-7), (1.0000006, 2.0116568e-7, 5.9604645e-7, 4.0978193e-8), (1.0000006, 1.1175871e-8, 0.0000014901161, 5.5879354e-8), (1.0000006, 6.482005e-7, 0.0000013113022, 4.8428774e-8), (0.95048594, 0.005052507, -0.07631485, -0.30120957), (0.9617076, -0.0020418726, 0.0006394163, 0.27406928), (0.043274105, 0.99329984, -0.08546069, 0.064643174), (0.0022785962, 0.6654391, 0.7464478, 0.000736326), (0.9999993, 0.000020887703, -0.00052049756, -0.00057315826), (0.9999987, 1.3038516e-7, -0.0000013047829, -0.0011720806), (-0.5401861, -0.49917755, -0.47815317, 0.47998905), (0.9999988, 2.3748726e-7, 6.482005e-7, -0.0014618561), (0.9994548, -0.03301421, 9.313226e-8, -2.2351742e-8), (0.9978201, -0.06599245, 1.2293458e-7, 2.2351742e-8), (0.9949981, -0.09989434, 8.940697e-8, 2.2351742e-8), (1.0000001, 2.477318e-7, 1.4901161e-8, -2.2351742e-8), (1.0000001, 0, 0, 0), (1.0000001, 5.7183206e-7, -8.940697e-8, 0), (0.50000125, -0.4999983, -0.50000125, -0.49999946), (0.50000125, -0.4999983, -0.50000125, -0.49999946), (0.50000125, -0.4999983, -0.50000125, -0.49999946), (0.50000125, -0.4999983, -0.50000125, -0.49999946)],
                2: [(1, -0.000010567858, -0.0000113634715, 0.000011566499), (0.39554307, 0.4666317, 0.50372154, 0.60997146), (0.98936707, -0.051514596, -0.13548855, 0.011917377), (0.99911165, -0.039484207, -0.0037725866, 0.014244162), (0.9991351, -0.03922219, 0.008908957, 0.010563739), (0.9985799, -0.048419237, 0.017631382, 0.013542131), (0.75779855, 0.070406765, -0.64717615, -0.04413183), (0.7859511, 0.059023052, -0.54497033, 0.28601587), (0.55098224, -0.16228695, 0.15560833, 0.8036592), (1.0000001, 1.0430813e-7, 0, -2.2351742e-8), (1.0000001, 1.0430813e-7, 0, -2.2351742e-8), (1.0000001, 1.0430813e-7, 0, -2.2351742e-8), (1.0000001, 1.0430813e-7, 0, -2.2351742e-8), (0.67380977, 0.72819257, 0.11089793, -0.05846575), (0.99673235, 0.019047588, 0.05151868, -0.05923131), (0.82985055, 0.008503586, 0.029675454, 0.5571319), (0.7883173, -0.021625638, -0.017898269, 0.6146289), (-0.6896049, -0.022194967, 0.057070017, -0.7215929), (0.9992661, -0.021826565, 0.0171448, -0.026408106), (0.8552474, -0.018165529, -0.013124555, 0.5177353), (-0.71978754, -0.027967542, 0.03575307, -0.69270897), (0.822181, 0.023429692, -0.050048232, 0.5665377), (1.0000005, -0.000011205673, 0.0000014305115, 0.0000023543835), (0.9973495, 0.007238835, -0.051665932, 0.050722897), (-0.8986815, 0.06119889, -0.15765224, -0.40468836), (0.69987726, -0.014122248, 0.12669596, 0.7027954), (0.73913026, 0.034871846, 0.15953276, 0.65346825), (0.98902655, -0.14092511, -0.038192213, 0.022551388), (0.87506366, 0.09459758, 0.03632313, 0.47328198), (-0.697569, 0.00996837, -0.060492963, -0.71389014), (0.74088705, -0.00077039003, 0.06507173, 0.6684699), (0.81231105, 0.38668808, 0.43537748, -0.03271669), (0.98164076, 0.093040206, -0.071990155, 0.15014358), (0.950017, 0.07335006, 0.013760924, 0.30314845), (0.95178217, -0.0047813207, 0.004320383, 0.30670863), (-0.014980607, -0.9997587, 0.0010271245, 0.016060024), (1.0000005, -1.1920929e-7, -4.4703484e-8, 2.9802322e-8), (1.0000005, -1.1920929e-7, -4.4703484e-8, 2.9802322e-8), (1.0000005, -1.1920929e-7, -4.4703484e-8, 2.9802322e-8), (0.98975456, 0.13122538, 0.0038681775, 0.056135684), (0.99996156, 0.00055890344, -0.0028838962, 0.008271225), (0.99994016, 0.00060629286, -0.00933519, 0.005680591), (0.99590075, 0.009199889, -0.038863182, -0.08115867), (0.51130676, -0.4875579, -0.47603878, -0.52367866), (0.47614515, -0.52276766, -0.5115026, -0.48822632), (1.0000004, 7.450581e-9, -1.4901161e-8, 0), (0.5115032, -0.48822576, -0.47614476, -0.5227679), (1, 1.4901161e-8, 0, 4.656613e-10), (0.4977458, -0.5022323, -0.4977576, -0.5022441), (0.19586885, 0.69926316, 0.17389557, 0.66515195), (0.9590616, 0.059111387, -0.26649904, -0.07539898), (0.5299753, 0.061346024, -0.3447702, 0.77233195), (1.0000001, -8.940697e-8, -1.1920929e-7, 1.4901161e-8), (1.0000001, -8.940697e-8, -1.1920929e-7, 1.4901161e-8), (1.0000001, -8.940697e-8, -1.1920929e-7, 1.4901161e-8), (1.0000001, -8.940697e-8, -1.1920929e-7, 1.4901161e-8), (0.6948503, 0.70757294, -0.106837705, -0.071483076), (0.9976063, 0.020151615, 0.04431337, -0.04911697), (0.7944163, -0.10650569, 0.09306651, 0.59067625), (-0.7902404, 0.021652073, 0.018052354, -0.61214876), (0.6925036, 0.04288459, -0.07366189, 0.7163619), (0.99923986, -0.015487969, 0.016061574, -0.03197342), (0.8150083, -0.12896797, 0.058198243, 0.5619093), (-0.72188044, -0.027680919, 0.03573467, -0.6905402), (0.8238386, 0.023134917, -0.049990714, 0.56414175), (1.0000002, 0.000011473894, 2.9802322e-8, -1.1920929e-7), (0.98526025, -0.11189391, -0.10688858, 0.072921306), (0.88956976, 0.012610614, 0.22320105, 0.39835727), (-0.701952, 0.013844937, -0.12565213, -0.7009164), (0.7367734, 0.035293847, 0.16041416, 0.65588665), (0.9894282, -0.1336253, -0.04719484, 0.030809075), (0.8757391, 0.04976222, 0.08841312, 0.47200435), (-0.6996081, 0.009908855, -0.060090117, -0.71192676), (0.7457681, -0.037606552, 0.09689763, 0.6580478), (0.8127568, 0.35556665, 0.4580012, -0.056871265), (0.98379314, 0.084881485, -0.06621474, 0.1433971), (0.96114653, 0.1268192, 0.0348109, 0.24270007), (0.96230185, -0.012393106, 0.004860744, 0.27165896), (0.99975836, -0.014980912, 0.016066074, -0.0010405183), (0.9999999, -2.9802322e-8, -2.9802322e-8, 0), (0.9999999, -2.9802322e-8, -2.9802322e-8, 0), (0.9999999, -2.9802322e-8, -2.9802322e-8, 0), (0.49774557, -0.502238, -0.49775222, -0.50224465), (-0.19352025, -0.15187764, 0.07253951, 0.96655136), (0.9706491, -0.09785538, 0.02248466, 0.21853966), (0.040348843, 0.95467865, 0.2948907, -0.0006327033), (0.0082838535, 0.81338567, 0.5816659, 0.000011086464), (0.9999944, 0.000006608665, 0.00047658384, 0.003281042), (0.9999993, 1.7508864e-7, -0.0000011622906, -0.0011720359), (0.49917823, -0.540187, 0.4799889, 0.4781527), (0.9999994, 3.75323e-7, 5.9604645e-7, -0.0014618356), (0.99945533, -0.03301421, 6.556511e-7, 1.8626451e-8), (0.9978206, -0.06599251, 0.0000019967556, 2.3841858e-7), (0.99499846, -0.09989444, 0.0000024437904, 2.8312206e-7), (1.0000005, 1.8253922e-7, 5.9604645e-7, 5.5879354e-8), (1.0000006, 1.1175871e-8, 0.0000015199184, 6.7055225e-8), (1.0000005, 6.2584877e-7, 0.0000013113022, 5.9604645e-8), (0.9713067, -0.013148405, -0.09867947, -0.21599364), (0.99995184, -0.0024159513, 0.00043004006, 0.009543408), (0.015861427, 0.9959493, 0.0069753826, 0.088234335), (0.0055724084, 0.5589136, 0.8291806, 0.0066576004), (0.99998224, -0.000042054802, -0.0010148883, -0.005877167), (0.9999993, 1.3038516e-7, -0.0000012814999, -0.0011720285), (-0.54018635, -0.4991778, -0.4781535, 0.47998932), (0.9999993, 2.8312206e-7, 6.556511e-7, -0.0014618635), (0.99945533, -0.033014245, 4.4703484e-8, -3.7252903e-8), (0.9978205, -0.06599245, 3.7252903e-8, -7.450581e-9), (0.9949986, -0.09989442, 8.195639e-8, 2.9802322e-8), (1.0000004, 2.5331974e-7, 1.4901161e-8, 1.8626451e-8), (1.0000004, 0, 0, 0), (1.0000004, 6.03497e-7, -7.4505806e-8, -1.8626451e-8), (0.5000013, -0.49999827, -0.50000125, -0.49999946), (0.5000013, -0.49999827, -0.50000125, -0.49999946), (0.5000013, -0.49999827, -0.50000125, -0.49999946), (0.5000013, -0.49999827, -0.50000125, -0.49999946)],
                3: [(1, -6.540553e-7, 0.000013819756, 0.00007306508), (0.36911246, 0.45342243, 0.5234637, 0.6197983), (0.98306024, -0.06785295, -0.16975535, 0.013109249), (0.99915195, -0.03817292, -0.0011973307, 0.015388526), (0.99921453, -0.037933968, 0.006225109, 0.009624675), (0.9988391, -0.046633966, 0.008572683, 0.008520827), (0.7707296, 0.068015546, -0.63296914, -0.026457444), (0.794627, 0.06130597, -0.55104434, 0.24730569), (0.53517973, -0.15741293, 0.14157674, 0.8177777), (1.0000001, 1.0430813e-7, 0, -2.2351742e-8), (1.0000001, 1.0430813e-7, 0, -2.2351742e-8), (1.0000001, 1.0430813e-7, 0, -2.2351742e-8), (1.0000001, 1.0430813e-7, 0, -2.2351742e-8), (0.6931982, 0.7103635, 0.11949268, -0.024126083), (0.99672616, 0.019151181, 0.051763475, -0.059090346), (0.82985234, 0.008506507, 0.029668272, 0.5571295), (0.7883172, -0.021625727, -0.017898366, 0.61462885), (-0.6896048, -0.022195041, 0.057069957, -0.72159284), (0.9992687, -0.021710128, 0.017380476, -0.026262313), (0.85524935, -0.018163145, -0.01313141, 0.5177327), (-0.71978784, -0.027967423, 0.035753235, -0.69270915), (0.8221812, 0.023429662, -0.05004832, 0.56653804), (1.0000007, -0.000011175871, 0.0000014305115, 0.0000023245811), (0.9973538, 0.007383585, -0.05143699, 0.050852656), (-0.8986837, 0.061197042, -0.15764676, -0.4046861), (0.6998776, -0.014122516, 0.12669587, 0.70279497), (0.73912996, 0.034871787, 0.15953276, 0.6534682), (0.9890502, -0.14079061, -0.03798175, 0.022717059), (0.87506586, 0.09459999, 0.03631699, 0.47327834), (-0.69756925, 0.009968311, -0.060493022, -0.7138901), (0.7408872, -0.00077036023, 0.06507179, 0.66847), (0.8128206, 0.38675517, 0.434326, -0.03324008), (0.9817691, 0.093202256, -0.07043262, 0.14994274), (0.9500124, 0.073345825, 0.013754368, 0.30316392), (0.95178175, -0.0047814846, 0.0043203235, 0.30670905), (-0.014980613, -0.99975896, 0.001027144, 0.01606008), (1.0000004, -1.1920929e-7, -4.8428774e-8, 0), (1.0000004, -1.1920929e-7, -4.8428774e-8, 0), (1.0000004, -1.1920929e-7, -4.8428774e-8, 0), (0.9887725, 0.13182455, 0.033290252, 0.06199675), (0.9999531, 0.00074145943, -0.003245905, 0.009127554), (0.9999315, 0.00079508126, -0.009696707, 0.0065356493), (0.99427134, 0.0049999123, -0.056785874, -0.09041812), (0.5113069, -0.48755804, -0.4760389, -0.5236788), (0.47614536, -0.5227677, -0.5115028, -0.48822647), (1.0000006, 1.4901161e-8, -7.450581e-9, 9.313226e-10), (0.5115033, -0.48822594, -0.4761449, -0.522768), (1.0000004, 1.4901161e-8, 0, 4.656613e-10), (0.49774593, -0.5022325, -0.49775776, -0.5022442), (0.2200821, 0.68545175, 0.16665623, 0.67375505), (0.9464277, 0.06331384, -0.30546337, -0.083417535), (0.5315173, 0.09752946, -0.35907143, 0.7609504), (1.0000001, -5.9604645e-8, -8.940697e-8, 0), (1.0000001, -5.9604645e-8, -8.940697e-8, 0), (1.0000001, -5.9604645e-8, -8.940697e-8, 0), (1.0000001, -5.9604645e-8, -8.940697e-8, 0), (0.7441361, 0.66125023, -0.07143766, -0.06250453), (0.9975338, 0.019767076, 0.0436821, -0.051266074), (0.7944175, -0.10650933, 0.09306422, 0.5906745), (-0.7902404, 0.021652013, 0.018052422, -0.6121486), (0.6925035, 0.04288459, -0.07366213, 0.71636164), (0.9992924, -0.016092211, 0.016603053, -0.029674977), (0.8175887, -0.12905538, 0.0578278, 0.55816644), (-0.7219039, -0.027661264, 0.035725497, -0.690517), (0.823839, 0.023134947, -0.049990594, 0.56414145), (1.0000002, 0.000011473894, 2.9802322e-8, -1.4901161e-7), (0.98529685, -0.11266461, -0.10716739, 0.0708009), (0.8895715, 0.012606859, 0.2231994, 0.39835483), (-0.7019522, 0.013844848, -0.12565207, -0.7009163), (0.73677343, 0.035293907, 0.16041422, 0.65588665), (0.9893973, -0.13424626, -0.04745111, 0.028636962), (0.8757409, 0.049758494, 0.08841136, 0.47200227), (-0.69960856, 0.009908885, -0.06008999, -0.7119268), (0.74576825, -0.037606567, 0.0968976, 0.65804803), (0.81390625, 0.3582818, 0.45407054, -0.054876626), (0.9845557, 0.084839016, -0.065603256, 0.13838106), (0.9611558, 0.12682381, 0.034815162, 0.24265994), (0.96230185, -0.012392931, 0.0048609376, 0.27165863), (0.9997584, -0.014980942, 0.016066074, -0.0010404289), (1.0000001, 0, 2.9802322e-8, -2.9802322e-8), (1.0000001, 0, 2.9802322e-8, -2.9802322e-8), (1.0000001, 0, 2.9802322e-8, -2.9802322e-8), (0.4977456, -0.50223804, -0.4977522, -0.5022447), (-0.09571978, -0.17119667, 0.07805729, 0.97746444), (0.86731917, -0.085233845, 0.049536914, 0.4878925), (0.03088861, 0.98564774, 0.1655432, -0.011834025), (0.012205988, 0.79134595, 0.611241, 0.0026451051), (0.99999905, -0.000047810376, 0.00064370036, 0.001087591), (0.99999934, 1.7508864e-7, -0.0000011920929, -0.0011720285), (0.49917823, -0.54018694, 0.4799888, 0.47815263), (0.9999993, 3.8277358e-7, 5.364418e-7, -0.0014618402), (0.9994553, -0.03301421, 7.1525574e-7, 1.1175871e-8), (0.9978205, -0.0659925, 0.0000019669533, 2.3841858e-7), (0.99499834, -0.09989442, 0.0000023841858, 2.9057264e-7), (1.0000005, 1.9744039e-7, 5.9604645e-7, 7.450581e-9), (1.0000005, 2.9802322e-8, 0.0000014901161, 1.4901161e-8), (1.0000005, 6.221235e-7, 0.0000013262033, 8.195639e-8), (0.9737101, -0.026777036, -0.13110626, -0.18434447), (0.9998406, -0.0010014828, 0.001133658, 0.017792232), (-0.0025428236, 0.9984297, 0.007124951, 0.055504024), (0.0023603141, 0.6041471, 0.796831, 0.0078059733), (0.99997556, -0.000038832426, -0.00041127205, -0.0069862567), (0.99999887, 1.2107193e-7, -0.0000013075769, -0.0011720732), (-0.5401862, -0.49917758, -0.47815338, 0.47998917), (0.9999989, 2.644956e-7, 6.2584877e-7, -0.0014618523), (0.999455, -0.03301426, 2.9802322e-8, 7.450581e-9), (0.99782014, -0.065992445, 6.7055225e-8, 2.2351742e-8), (0.9949982, -0.09989438, 7.4505806e-8, 2.2351742e-8), (1.0000001, 2.514571e-7, 7.450581e-9, 2.2351742e-8), (1.0000001, 0, 0, 0), (1.0000001, 5.699694e-7, -1.0430813e-7, -1.8626451e-8), (0.50000125, -0.49999824, -0.50000125, -0.49999946), (0.50000125, -0.49999824, -0.50000125, -0.49999946), (0.50000125, -0.49999824, -0.50000125, -0.49999946), (0.50000125, -0.49999824, -0.50000125, -0.49999946)],
                4: [(1, 0.000052074414, 0.000019821893, 0.00011488146), (0.35227904, 0.44603863, 0.53433317, 0.6256494), (0.97842646, -0.077907965, -0.19030766, 0.019878235), (0.9991026, -0.03516589, 0.0014580041, 0.02356591), (0.9993326, -0.03494452, 0.0025320798, 0.010336474), (0.999107, -0.04221892, -0.0014722645, -0.00080652535), (0.7745753, 0.068449706, -0.6285643, -0.015948601), (0.80455685, 0.0648177, -0.5560135, 0.19833212), (0.53183854, -0.14060076, 0.10039425, 0.82903576), (0.9999999, 8.940697e-8, -2.9802322e-8, -1.4901161e-8), (0.9999999, 8.940697e-8, -2.9802322e-8, -1.4901161e-8), (0.9999999, 8.940697e-8, -2.9802322e-8, -1.4901161e-8), (0.9999999, 8.940697e-8, -2.9802322e-8, -1.4901161e-8), (0.7147188, 0.6901915, 0.11236492, 0.013679057), (0.9967522, 0.019167691, 0.05169955, -0.0586949), (0.829849, 0.008504242, 0.029669583, 0.55713403), (0.788317, -0.021625787, -0.017898351, 0.614629), (-0.6896048, -0.022194967, 0.057070017, -0.7215928), (0.99928063, -0.021682888, 0.017299145, -0.025869727), (0.85524637, -0.018164486, -0.013130933, 0.51773727), (-0.7197876, -0.027967393, 0.03575322, -0.69270927), (0.8221812, 0.023429602, -0.05004832, 0.5665378), (1.0000004, -0.000011175871, 0.0000014305115, 0.0000022649765), (0.9973294, 0.007431656, -0.051508844, 0.051244408), (-0.8986813, 0.061198175, -0.157646, -0.40469098), (0.699877, -0.014122367, 0.12669581, 0.70279515), (0.7391299, 0.034871876, 0.15953279, 0.65346795), (0.9890425, -0.14074555, -0.038110822, 0.023095071), (0.8750629, 0.09459838, 0.036316484, 0.4732831), (-0.69756883, 0.009968489, -0.060493127, -0.7138896), (0.7408868, -0.00077036023, 0.06507173, 0.6684696), (0.8129804, 0.38614163, 0.43451145, -0.034027457), (0.98163056, 0.09328242, -0.06988305, 0.15105103), (0.95001036, 0.07334902, 0.013759777, 0.30316806), (0.9517815, -0.0047813803, 0.0043203533, 0.30670866), (-0.0149806235, -0.99975866, 0.0010271417, 0.016060065), (1.0000001, -1.0430813e-7, -5.2154064e-8, 2.9802322e-8), (1.0000001, -1.0430813e-7, -5.2154064e-8, 2.9802322e-8), (1.0000001, -1.0430813e-7, -5.2154064e-8, 2.9802322e-8), (0.988361, 0.12777907, 0.061320424, 0.055269696), (0.9999758, 0.0006724596, -0.0019070208, 0.006639026), (0.99995655, 0.00070628524, -0.008358151, 0.0040475167), (0.99285924, 0.000042472035, -0.0672089, -0.098556235), (0.5113067, -0.4875578, -0.4760387, -0.5236786), (0.47614512, -0.5227675, -0.51150256, -0.48822626), (1.0000002, 1.4901161e-8, -1.4901161e-8, -4.656613e-10), (0.51150304, -0.4882257, -0.47614467, -0.52276784), (0.9999998, 1.4901161e-8, 0, 4.656613e-10), (0.49774575, -0.5022322, -0.49775758, -0.502244), (0.22291672, 0.7023966, 0.16198511, 0.6562833), (0.92851675, 0.06597814, -0.36213264, -0.04860851), (0.540589, 0.09258468, -0.3209566, 0.7721256), (0.99999964, -5.9604645e-8, -1.1920929e-7, 0), (0.99999964, -5.9604645e-8, -1.1920929e-7, 0), (0.99999964, -5.9604645e-8, -1.1920929e-7, 0), (0.99999964, -5.9604645e-8, -1.1920929e-7, 0), (0.7685368, 0.6303848, -0.055983186, -0.09397745), (0.9973873, 0.019836426, 0.043632925, -0.054044276), (0.7944253, -0.10650277, 0.09306514, 0.590664), (-0.79024005, 0.021651864, 0.018052429, -0.6121483), (0.6925031, 0.04288459, -0.07366192, 0.7163615), (0.9995078, -0.016599208, 0.0114020705, -0.024049193), (0.8219272, -0.12518892, 0.06302261, 0.5520792), (-0.7219211, -0.027705878, 0.035742935, -0.69049597), (0.82383883, 0.023134798, -0.04999098, 0.5641411), (0.99999976, 0.000011444092, 2.9802322e-8, -1.1920929e-7), (0.9854846, -0.11301163, -0.10684106, 0.06806487), (0.88957477, 0.012612194, 0.22320375, 0.3983428), (-0.70195174, 0.013844609, -0.12565188, -0.7009157), (0.7367727, 0.035293967, 0.16041401, 0.6558862), (0.9894662, -0.13442746, -0.047067225, 0.025886804), (0.8757456, 0.04976377, 0.08841553, 0.4719908), (-0.699608, 0.009908795, -0.060090095, -0.7119263), (0.7457677, -0.037606597, 0.09689763, 0.6580475), (0.81360817, 0.3599407, 0.45314232, -0.05609286), (0.9846586, 0.084785655, -0.06622997, 0.1373777), (0.96115226, 0.12682153, 0.034811944, 0.24267454), (0.9623017, -0.0123929605, 0.0048609376, 0.27165884), (0.99975795, -0.014980912, 0.016066045, -0.0010404587), (0.9999995, -2.9802322e-8, 0, 0), (0.9999995, -2.9802322e-8, 0, 0), (0.9999995, -2.9802322e-8, 0, 0), (0.49774542, -0.5022378, -0.49775204, -0.50224453), (0.021172648, -0.17806208, 0.0649589, 0.98164463), (0.71444255, -0.06630934, 0.06796992, 0.69322103), (0.006879136, 0.9946126, 0.10186699, -0.017942697), (0.0060269833, 0.7488411, 0.66271985, 0.0018951893), (1, -4.377216e-7, 0.00033842027, 0.00034171343), (0.9999994, 1.6205013e-7, -0.0000011920929, -0.0011720369), (0.4991783, -0.540187, 0.4799889, 0.47815266), (0.99999934, 3.8230792e-7, 5.9604645e-7, -0.0014618405), (0.9994552, -0.03301422, 6.854534e-7, 1.1175871e-8), (0.9978205, -0.065992504, 0.0000019669533, 2.4214387e-7), (0.9949984, -0.09989443, 0.000002413988, 2.9802322e-7), (1.0000005, 1.8626451e-7, 5.736947e-7, 3.3527613e-8), (1.0000005, 1.1641532e-8, 0.0000014975667, 7.450581e-9), (1.0000005, 6.4028427e-7, 0.0000013187528, 7.4505806e-8), (0.9647129, -0.024584457, -0.15688594, -0.21002764), (0.9819176, -0.0017260183, 0.0019389112, 0.18929145), (0.0136599615, 0.99859154, -0.030266076, 0.041380286), (0.0004709363, 0.6983233, 0.7157806, -0.0014986098), (0.9999878, 0.000039901584, -0.0003477037, -0.0048969937), (0.99999905, 1.5459955e-7, -0.000001296401, -0.0011720285), (-0.5401863, -0.49917766, -0.4781534, 0.47998917), (0.99999905, 2.644956e-7, 6.7055225e-7, -0.001461897), (0.9994551, -0.03301422, 5.9604645e-8, -3.7252903e-9), (0.9978203, -0.065992475, 7.4505806e-8, 0), (0.99499834, -0.099894404, 1.1175871e-7, 2.2351742e-8), (1.0000001, 2.514571e-7, 7.450581e-9, 1.8626451e-8), (1.0000001, 0, 0, 0), (1.0000001, 6.016344e-7, -8.195639e-8, -2.9802322e-8), (0.50000125, -0.49999824, -0.50000125, -0.4999994), (0.50000125, -0.49999824, -0.50000125, -0.4999994), (0.50000125, -0.49999824, -0.50000125, -0.4999994), (0.50000125, -0.49999824, -0.50000125, -0.4999994)],
                5: [(0.99999994, 0.00005369334, 0.00010113681, 0.00030414062), (0.35296872, 0.4471964, 0.5410957, 0.61858225), (0.9777286, -0.078018576, -0.19257863, 0.029551279), (0.99904484, -0.02415881, 0.0049592406, 0.036067575), (0.99961793, -0.023867823, 0.0018487573, 0.013796695), (0.99954367, -0.029652672, 0.0011805892, -0.0056132525), (0.7706839, 0.076367676, -0.6325009, -0.012521762), (0.79743266, 0.08379939, -0.5744849, 0.1644556), (0.53847444, -0.1286146, 0.049699277, 0.83128417), (0.99999976, 8.940697e-8, -5.9604645e-8, -7.450581e-9), (0.99999976, 8.940697e-8, -5.9604645e-8, -7.450581e-9), (0.99999976, 8.940697e-8, -5.9604645e-8, -7.450581e-9), (0.99999976, 8.940697e-8, -5.9604645e-8, -7.450581e-9), (0.70870566, 0.6956256, 0.11756873, 0.004357606), (0.9967352, 0.019465983, 0.051317245, -0.059218884), (0.8298547, 0.00850445, 0.02966556, 0.55712545), (0.78831697, -0.021625817, -0.017898366, 0.61462855), (-0.6896045, -0.022195041, 0.057069898, -0.72159255), (0.9992784, -0.021414608, 0.016930014, -0.02641952), (0.8552517, -0.018165827, -0.013133198, 0.5177281), (-0.7197876, -0.027967364, 0.03575328, -0.692709), (0.822181, 0.023429662, -0.050048262, 0.5665377), (1.0000004, -0.000011146069, 0.0000014007092, 0.0000023245811), (0.9973354, 0.0076333582, -0.051912397, 0.050689995), (-0.8986857, 0.061200082, -0.15764546, -0.40468132), (0.6998775, -0.014122754, 0.12669592, 0.7027948), (0.7391299, 0.034871876, 0.15953279, 0.6534679), (0.9890753, -0.14052877, -0.03842306, 0.02249083), (0.87506855, 0.09459758, 0.036316186, 0.4732736), (-0.69756925, 0.009968311, -0.060493007, -0.71388996), (0.740887, -0.00077036023, 0.06507188, 0.6684699), (0.81224406, 0.3860992, 0.43588945, -0.03446397), (0.98132277, 0.09315749, -0.07150866, 0.15236071), (0.9500081, 0.073339045, 0.013744354, 0.30317798), (0.9517816, -0.0047816113, 0.0043202937, 0.30670902), (-0.014980636, -0.9997586, 0.0010271622, 0.016060058), (1, -1.1920929e-7, -2.9802322e-8, 7.4505806e-8), (1, -1.1920929e-7, -2.9802322e-8, 7.4505806e-8), (1, -1.1920929e-7, -2.9802322e-8, 7.4505806e-8), (0.9943093, 0.09517008, 0.04152979, 0.02381505), (0.9999971, 0.00028730556, -0.0009944737, 0.0023029763), (0.9999724, 0.00029072165, -0.0074468106, -0.0002860278), (0.99537086, -0.007874319, -0.04058081, -0.0867669), (0.5113069, -0.48755807, -0.47603893, -0.52367884), (0.47614533, -0.5227678, -0.51150286, -0.4882266), (1.0000008, 1.4901161e-8, -7.450581e-9, 0), (0.51150334, -0.488226, -0.47614494, -0.5227681), (1.0000005, 1.4901161e-8, 4.656613e-10, 2.3283064e-10), (0.49774602, -0.5022325, -0.49775785, -0.50224435), (0.21434627, 0.7233652, 0.15224566, 0.638451), (0.9139036, 0.05922717, -0.40154874, 0.005524367), (0.5741683, 0.06801626, -0.26139835, 0.77290046), (0.99999976, -8.940697e-8, -5.9604645e-8, 1.4901161e-8), (0.99999976, -8.940697e-8, -5.9604645e-8, 1.4901161e-8), (0.99999976, -8.940697e-8, -5.9604645e-8, 1.4901161e-8), (0.99999976, -8.940697e-8, -5.9604645e-8, 1.4901161e-8), (0.76814306, 0.6173017, -0.10035035, -0.13720271), (0.9973567, 0.019721985, 0.04355982, -0.05471319), (0.79441535, -0.106514245, 0.09304547, 0.59067905), (-0.79024035, 0.021652192, 0.018052347, -0.61214846), (0.69250333, 0.04288459, -0.07366198, 0.71636176), (0.9995636, -0.016901731, 0.008901328, -0.022538781), (0.8229624, -0.12358159, 0.065250546, 0.550639), (-0.7219085, -0.027702779, 0.035742216, -0.6905098), (0.82383907, 0.023134857, -0.04999101, 0.56414163), (1, 0.000011503696, 2.9802322e-8, -1.4901161e-7), (0.98550785, -0.113232076, -0.10680792, 0.067418665), (0.88957465, 0.012602955, 0.22318116, 0.39835754), (-0.70195264, 0.013845563, -0.12565169, -0.7009157), (0.73677325, 0.03529401, 0.1604141, 0.65588653), (0.98946106, -0.13460723, -0.04702559, 0.025228351), (0.87574166, 0.04975459, 0.08839163, 0.47200447), (-0.6996082, 0.009909183, -0.060090065, -0.7119266), (0.74576783, -0.037606567, 0.0968976, 0.65804774), (0.8134062, 0.36010718, 0.45331952, -0.056523085), (0.9846113, 0.08472374, -0.06676242, 0.13749917), (0.96115094, 0.12682043, 0.034811556, 0.2426813), (0.96230197, -0.012393028, 0.004860759, 0.27165884), (0.99975824, -0.014980912, 0.016066104, -0.0010404885), (0.9999997, -2.9802322e-8, 2.9802322e-8, -2.9802322e-8), (0.9999997, -2.9802322e-8, 2.9802322e-8, -2.9802322e-8), (0.9999997, -2.9802322e-8, 2.9802322e-8, -2.9802322e-8), (0.49774545, -0.50223786, -0.4977521, -0.50224453), (0.19026549, -0.14266333, 0.025166959, 0.97098553), (0.49775586, -0.016848704, 0.07989204, 0.8634653), (-0.02011327, 0.9944424, 0.10034829, -0.02468875), (0.00025850534, 0.7041124, 0.710088, 0.0000031292439), (0.99999964, 0.000023582019, -0.00012972951, -0.000079441816), (0.99999887, 1.9185245e-7, -0.0000012218952, -0.0011720285), (0.49917802, -0.54018676, 0.47998857, 0.47815242), (0.99999905, 3.7113205e-7, 5.662441e-7, -0.0014618495), (0.99945503, -0.033014208, 7.1525574e-7, 1.1175871e-8), (0.9978203, -0.06599249, 0.000001937151, 2.514571e-7), (0.9949981, -0.09989439, 0.0000024437904, 2.9802322e-7), (1.0000001, 2.0489097e-7, 5.9604645e-7, 2.6077032e-8), (1.0000001, -3.7252903e-9, 0.0000014901161, 4.8428774e-8), (1.0000001, 6.072223e-7, 0.000001296401, 4.4703484e-8), (0.96417636, -0.023975514, -0.16479966, -0.20647144), (0.9473709, -0.005259935, 0.005325742, 0.32005078), (0.018770315, 0.98806846, -0.15060472, 0.026200533), (0.0003735423, 0.6924853, 0.7214309, -0.0009864569), (0.999979, -0.0000032000244, -0.00019985437, -0.006422746), (0.9999989, 1.1455268e-7, -0.0000012740493, -0.0011720583), (-0.5401862, -0.4991776, -0.47815332, 0.47998914), (0.9999991, 2.477318e-7, 6.4074993e-7, -0.0014618542), (0.999455, -0.03301424, 4.4703484e-8, -4.8428774e-8), (0.99782026, -0.0659925, 1.0430813e-7, 1.4901161e-8), (0.9949982, -0.099894404, 1.0430813e-7, 4.4703484e-8), (1.0000002, 2.514571e-7, 1.4901161e-8, 1.8626451e-8), (1.0000001, 0, 0, 0), (1.0000002, 5.7555735e-7, -8.195639e-8, -1.4901161e-8), (0.50000125, -0.49999827, -0.5000012, -0.49999946), (0.50000125, -0.49999827, -0.5000012, -0.49999946), (0.50000125, -0.49999827, -0.5000012, -0.49999946), (0.50000125, -0.49999827, -0.5000012, -0.49999946)],
                6: [(0.99999994, -0.00013116676, -0.00032518108, -0.000050415536), (0.39921248, 0.46981126, 0.5169146, 0.5938905), (0.98966336, -0.039981853, -0.13246934, 0.03767559), (0.9989907, -0.007204924, 0.0059990436, 0.043924645), (0.9998506, -0.007493318, -0.00054740906, 0.015561078), (0.99994093, -0.009377075, -0.005009681, -0.00221432), (0.7386944, 0.12983793, -0.6608137, -0.02823719), (0.8162598, 0.089071065, -0.55276906, 0.14223874), (0.55104506, -0.088290654, -0.040385693, 0.82880795), (0.9999995, 9.685755e-8, -5.9604645e-8, -1.4901161e-8), (0.9999995, 9.685755e-8, -5.9604645e-8, -1.4901161e-8), (0.9999995, 9.685755e-8, -5.9604645e-8, -1.4901161e-8), (0.9999995, 9.685755e-8, -5.9604645e-8, -1.4901161e-8), (0.6863363, 0.7247818, 0.058679342, -0.013795376), (0.99676794, 0.019882828, 0.0513044, -0.058533937), (0.8298543, 0.008506626, 0.029681742, 0.55712503), (0.78831685, -0.021625727, -0.017898232, 0.61462855), (-0.68960446, -0.022194982, 0.057070017, -0.7215928), (0.99930596, -0.02097547, 0.016875207, -0.0257501), (0.8552511, -0.018163234, -0.013117045, 0.5177294), (-0.7197875, -0.027967572, 0.035753027, -0.69270885), (0.82218087, 0.023429632, -0.050048113, 0.5665377), (1.0000002, -0.000011175871, 0.0000014007092, 0.0000023543835), (0.9972951, 0.008111864, -0.051981837, 0.051329315), (-0.8986832, 0.061196536, -0.15765974, -0.40468135), (0.6998768, -0.014122069, 0.12669612, 0.7027952), (0.7391298, 0.034871787, 0.15953285, 0.6534679), (0.98912096, -0.14006004, -0.03857839, 0.023122638), (0.8750657, 0.09460044, 0.036331683, 0.4732765), (-0.69756895, 0.00996834, -0.060493127, -0.71388984), (0.7408869, -0.00077047944, 0.06507176, 0.66846985), (0.81219757, 0.38611662, 0.4360026, -0.03392777), (0.98131454, 0.0931792, -0.071305454, 0.15249641), (0.950013, 0.07335597, 0.013770133, 0.30315772), (0.95178163, -0.004781233, 0.004320413, 0.30670843), (-0.01498068, -0.9997585, 0.0010271594, 0.01606001), (0.9999999, -1.3411045e-7, -4.4703484e-8, 0), (0.9999999, -1.3411045e-7, -4.4703484e-8, 0), (0.9999999, -1.3411045e-7, -4.4703484e-8, 0), (0.99787736, 0.041140597, 0.0484166, 0.014280917), (0.9999999, 0.00010442361, 0.00054346025, -0.000020559877), (0.99997914, 0.00008871779, -0.005909279, -0.0026081959), (0.99637234, -0.017764162, -0.037247732, -0.07442593), (0.51130676, -0.48755792, -0.4760388, -0.52367866), (0.4761452, -0.5227676, -0.51150274, -0.48822638), (1.0000006, 7.450581e-9, -1.4901161e-8, -2.910383e-10), (0.51150316, -0.4882258, -0.4761448, -0.5227679), (1.0000001, 1.4901161e-8, -1.4551915e-11, 4.656613e-10), (0.49774584, -0.5022324, -0.49775764, -0.5022441), (0.19662836, 0.7382159, 0.14483258, 0.6288066), (0.89418733, 0.05253771, -0.43720913, 0.080725074), (0.6294251, 0.024601623, -0.1734468, 0.75705653), (0.9999997, -8.940697e-8, -8.940697e-8, 1.4901161e-8), (0.9999997, -8.940697e-8, -8.940697e-8, 1.4901161e-8), (0.9999997, -8.940697e-8, -8.940697e-8, 1.4901161e-8), (0.9999997, -8.940697e-8, -8.940697e-8, 1.4901161e-8), (0.73510635, 0.6438272, -0.12508926, -0.17163211), (0.9970361, 0.018612415, 0.0476619, -0.057452887), (0.7944207, -0.106499285, 0.0930748, 0.5906695), (-0.79024005, 0.021651894, 0.018052382, -0.61214834), (0.6925032, 0.04288453, -0.07366204, 0.7163614), (0.9994399, -0.017971784, 0.013055682, -0.025032043), (0.8229988, -0.12350708, 0.065368205, 0.5505871), (-0.72190547, -0.02769208, 0.035738055, -0.6905134), (0.82383883, 0.023134947, -0.049990773, 0.5641415), (0.9999999, 0.000011444092, 2.9802322e-8, -1.1920929e-7), (0.98600996, -0.114206284, -0.10228303, 0.06541976), (0.8895701, 0.0126161575, 0.22321057, 0.39835057), (-0.70195186, 0.01384452, -0.12565213, -0.70091623), (0.7367729, 0.035293967, 0.16041407, 0.65588665), (0.98957914, -0.13560557, -0.042471617, 0.023249924), (0.8757409, 0.049767643, 0.08842328, 0.47199845), (-0.69960845, 0.009908706, -0.060089916, -0.7119264), (0.7457679, -0.037606537, 0.09689766, 0.6580478), (0.8116926, 0.36024117, 0.45574903, -0.060617477), (0.98461413, 0.084742635, -0.066761345, 0.13746664), (0.961151, 0.12682194, 0.034813434, 0.2426798), (0.9623018, -0.012392908, 0.0048609376, 0.2716588), (0.9997581, -0.014980882, 0.016066074, -0.0010404587), (0.99999964, -2.9802322e-8, -1.4901161e-8, -1.4901161e-8), (0.99999964, -2.9802322e-8, -1.4901161e-8, -1.4901161e-8), (0.99999964, -2.9802322e-8, -1.4901161e-8, -1.4901161e-8), (0.4977454, -0.5022378, -0.497752, -0.5022444), (0.32319012, -0.07479106, -0.018953264, 0.9431834), (0.47862712, -0.012848227, 0.06386083, 0.8755985), (-0.032322943, 0.99120605, 0.1251671, -0.028265327), (-0.00021544099, 0.7045601, 0.709644, -0.00018587708), (0.9999981, -4.2840838e-7, -0.0004312098, 0.0016669855), (0.99999917, 1.7136335e-7, -0.0000011622906, -0.0011720359), (0.4991781, -0.5401869, 0.47998872, 0.47815257), (0.99999917, 3.7951395e-7, 6.2584877e-7, -0.0014618388), (0.99945515, -0.033014208, 7.1525574e-7, 1.4901161e-8), (0.99782044, -0.06599249, 0.0000019073486, 2.4214387e-7), (0.9949982, -0.09989442, 0.000002413988, 2.9057264e-7), (1.0000002, 1.6763806e-7, 5.811453e-7, -3.7252903e-9), (1.0000001, 0, 0.0000014454126, 3.3527613e-8), (1.0000002, 6.03497e-7, 0.0000013560057, 3.7252903e-8), (0.9867395, -0.01673828, -0.111642316, -0.116622165), (0.9506515, -0.014472395, 0.011028737, 0.30972677), (0.008077785, 0.97551286, -0.21830453, 0.02554658), (-0.00015747547, 0.69334465, 0.7206056, -0.00053948164), (0.9999913, -0.000019502826, -0.00019672513, -0.0041071917), (0.99999905, 1.3131648e-7, -0.0000012740493, -0.0011720434), (-0.5401863, -0.49917763, -0.47815332, 0.47998917), (0.999999, 2.1979213e-7, 6.854534e-7, -0.0014618486), (0.999455, -0.033014245, 8.940697e-8, -3.7252903e-8), (0.99782026, -0.065992475, 8.940697e-8, -3.7252903e-9), (0.9949982, -0.09989438, 8.940697e-8, 5.2154064e-8), (1, 2.3748726e-7, 3.7252903e-9, -3.7252903e-9), (1, 0, -1.4901161e-8, -1.4901161e-8), (1, 5.5134296e-7, -6.7055225e-8, 3.7252903e-9), (0.50000113, -0.4999981, -0.5000011, -0.4999993), (0.50000113, -0.4999981, -0.5000011, -0.4999993), (0.50000113, -0.4999981, -0.5000011, -0.4999993), (0.50000113, -0.4999981, -0.5000011, -0.4999993)],
                7: [(1, 0.000052534502, 0.000125659, 0.000026527692), (0.40278116, 0.52379596, 0.5091526, 0.55151504), (0.9955627, -0.0501629, -0.07304925, 0.031660266), (0.999128, 0.013131525, 0.0073938817, 0.038936168), (0.9997779, 0.012905704, -0.000720039, 0.016638257), (0.9999451, 0.00905499, -0.0012666434, 0.0051056948), (0.6953817, 0.17003693, -0.6949216, -0.06793689), (0.8704349, 0.06330779, -0.4780931, 0.09880182), (0.5607145, -0.052882925, -0.13224067, 0.8156681), (0.9999995, 8.940697e-8, 0, -1.4901161e-8), (0.9999995, 8.940697e-8, 0, -1.4901161e-8), (0.9999995, 8.940697e-8, 0, -1.4901161e-8), (0.9999995, 8.940697e-8, 0, -1.4901161e-8), (0.6539475, 0.75226074, -0.045535743, -0.066200465), (0.9969695, 0.021722555, 0.048579216, -0.056742936), (0.8298627, 0.008510441, 0.029668182, 0.55711305), (0.7883171, -0.021625757, -0.017898247, 0.6146284), (-0.6896045, -0.022195041, 0.05706975, -0.7215928), (0.9994267, -0.019167364, 0.01401788, -0.024134368), (0.8552586, -0.018161595, -0.013128489, 0.5177167), (-0.719788, -0.027967542, 0.035752967, -0.6927084), (0.82218087, 0.023429543, -0.050048232, 0.56653774), (1, -0.0000112354755, 0.0000014007092, 0.0000023245811), (0.9970399, 0.009810954, -0.054921478, 0.052903503), (-0.8986908, 0.061196506, -0.15765157, -0.40466785), (0.6998777, -0.014122516, 0.12669605, 0.7027947), (0.73913, 0.034871846, 0.1595329, 0.65346813), (0.98921204, -0.13831738, -0.04168859, 0.024281949), (0.8750736, 0.094602525, 0.03632325, 0.47326154), (-0.6975691, 0.00996834, -0.06049311, -0.7138895), (0.7408867, -0.00077041984, 0.06507179, 0.6684696), (0.81064653, 0.38619787, 0.43909532, -0.029972464), (0.98067653, 0.092751965, -0.076114714, 0.15452045), (0.9500077, 0.07333281, 0.013734788, 0.303181), (0.9517814, -0.004781652, 0.0043203086, 0.30670893), (-0.01498065, -0.9997583, 0.0010272111, 0.01605998), (0.9999999, -8.940697e-8, -2.9802322e-8, 7.450581e-9), (0.9999999, -8.940697e-8, -2.9802322e-8, 7.450581e-9), (0.9999999, -8.940697e-8, -2.9802322e-8, 7.450581e-9), (0.99924695, -0.023950668, 0.020773381, 0.022367962), (0.9999999, -0.000011208467, 0.00027312338, 0.000019904226), (0.9999776, -0.000025842339, -0.0061800033, -0.002567058), (0.9968204, -0.021455832, -0.008883148, -0.07622205), (0.51130676, -0.48755792, -0.47603878, -0.52367866), (0.4761452, -0.5227676, -0.5115027, -0.4882264), (1.0000005, 1.4901161e-8, -1.1175871e-8, -4.656613e-10), (0.51150316, -0.48822576, -0.47614473, -0.52276796), (1, 1.4901161e-8, 0, 4.656613e-10), (0.49774584, -0.5022323, -0.49775767, -0.50224406), (0.1734222, 0.72507715, 0.13172698, 0.6533266), (0.86023825, 0.066496134, -0.480083, 0.15839234), (0.6743844, -0.027546681, -0.07029526, 0.7345098), (0.9999995, -8.940697e-8, -8.940697e-8, 0), (0.9999995, -8.940697e-8, -8.940697e-8, 0), (0.9999995, -8.940697e-8, -8.940697e-8, 0), (0.9999995, -8.940697e-8, -8.940697e-8, 0), (0.68708116, 0.6980743, -0.053817153, -0.19420332), (0.9968536, 0.017648518, 0.04955107, -0.05929455), (0.794421, -0.10650423, 0.09307355, 0.59066826), (-0.79024017, 0.021652013, 0.0180525, -0.61214805), (0.69250315, 0.04288459, -0.07366195, 0.71636146), (0.9993489, -0.018934518, 0.015043765, -0.02677244), (0.8229991, -0.123511374, 0.065368414, 0.5505851), (-0.7219052, -0.027691454, 0.035737798, -0.69051313), (0.8238386, 0.023134917, -0.04999101, 0.56414115), (0.99999976, 0.000011473894, 2.9802322e-8, -1.4901161e-7), (0.9862169, -0.1151804, -0.10006583, 0.06400117), (0.8895704, 0.0126113, 0.22321019, 0.39834934), (-0.701952, 0.013844818, -0.12565182, -0.7009157), (0.736773, 0.035293967, 0.16041398, 0.65588623), (0.989573, -0.136561, -0.04024908, 0.021811783), (0.8757416, 0.049762607, 0.08842233, 0.47199696), (-0.69960827, 0.009908855, -0.06008992, -0.7119262), (0.74576795, -0.037606597, 0.09689742, 0.6580477), (0.8110163, 0.36016363, 0.4566632, -0.063191324), (0.9846137, 0.08473942, -0.06676552, 0.13746706), (0.96115065, 0.12682174, 0.034813404, 0.2426799), (0.9623015, -0.012392987, 0.004861027, 0.27165872), (0.9997579, -0.014980942, 0.016066104, -0.0010404587), (0.9999994, -2.9802322e-8, 0, 1.1175871e-8), (0.9999994, -2.9802322e-8, 0, 1.1175871e-8), (0.9999994, -2.9802322e-8, 0, 1.1175871e-8), (0.49774548, -0.50223786, -0.49775207, -0.5022446), (0.39741385, -0.042151112, 0.012251645, 0.91658914), (0.56931627, -0.020456886, 0.036478743, 0.8210544), (-0.04077869, 0.9932318, 0.10090091, -0.040586203), (-0.00044804811, 0.70288587, 0.71130264, -0.00003632903), (0.9999892, -0.000004786998, -0.00073359907, 0.0045843646), (0.9999994, 1.7136335e-7, -0.0000012814999, -0.0011720322), (0.49917832, -0.54018694, 0.47998893, 0.47815266), (0.9999994, 3.7951395e-7, 5.9604645e-7, -0.0014618449), (0.99945545, -0.03301423, 7.748604e-7, 3.7252903e-9), (0.9978206, -0.06599252, 0.0000019967556, 2.4214387e-7), (0.9949986, -0.09989445, 0.0000023841858, 2.9057264e-7), (1.0000005, 1.7508864e-7, 5.662441e-7, 2.0489097e-8), (1.0000006, 2.9802322e-8, 0.0000015199184, 3.5390258e-8), (1.0000005, 6.109476e-7, 0.0000013709068, 6.798655e-8), (0.9974403, -0.05024766, -0.047798604, 0.017415877), (0.98354733, -0.0353035, 0.008544326, 0.17696092), (-0.00379204, 0.9844045, -0.17408821, 0.025032759), (-0.004207492, 0.65512025, 0.7555101, -0.0019944608), (0.999998, 0.000049302354, -0.00018057227, -0.0019617723), (0.9999989, 1.15484e-7, -0.0000013187528, -0.0011720248), (-0.54018617, -0.4991776, -0.47815332, 0.47998914), (0.99999905, 2.4214387e-7, 6.556511e-7, -0.0014618374), (0.999455, -0.033014264, 1.1920929e-7, -1.1175871e-8), (0.99782026, -0.06599245, 5.9604645e-8, 0), (0.9949982, -0.099894375, 5.9604645e-8, 5.9604645e-8), (0.99999994, 2.6542693e-7, 0, -1.5832484e-8), (0.9999999, -1.5832484e-8, -1.4901161e-8, -1.6763806e-8), (0.9999999, 6.193295e-7, -8.940697e-8, -6.9849193e-9), (0.50000125, -0.49999827, -0.5000012, -0.4999995), (0.50000125, -0.49999827, -0.5000012, -0.4999995), (0.50000125, -0.49999827, -0.5000012, -0.4999995), (0.50000125, -0.49999827, -0.5000012, -0.4999995)],
                8: [(1, 0.000012115751, 0.00018582628, -0.000014237142), (0.42100942, 0.56357694, 0.48980808, 0.51499546), (0.99896395, -0.03670677, -0.017179549, 0.020711439), (0.99911606, 0.029957382, 0.007935181, 0.02841082), (0.9994198, 0.029642494, -0.002508238, 0.016589232), (0.99947697, 0.027053956, 0.0017542839, 0.017629012), (0.6731348, 0.17798527, -0.7109134, -0.0990588), (0.9173654, 0.054487646, -0.39220405, 0.040588766), (0.57301813, -0.039199926, -0.20301282, 0.7930315), (0.99999976, 7.4505806e-8, -2.9802322e-8, -1.4901161e-8), (0.99999976, 7.4505806e-8, -2.9802322e-8, -1.4901161e-8), (0.99999976, 7.4505806e-8, -2.9802322e-8, -1.4901161e-8), (0.99999976, 7.4505806e-8, -2.9802322e-8, -1.4901161e-8), (0.62932277, 0.76190954, -0.111921, -0.10449988), (0.9974183, 0.023334205, 0.045080155, -0.0507949), (0.82984596, 0.0084989965, 0.029645056, 0.5571399), (0.788317, -0.021626085, -0.017898172, 0.6146287), (-0.6896046, -0.022194937, 0.057069868, -0.7215928), (0.99962544, -0.017472416, 0.010226518, -0.01841724), (0.8552172, -0.018177927, -0.0131672025, 0.51778334), (-0.7197988, -0.027971044, 0.035755, -0.6926968), (0.82218087, 0.023429602, -0.050048113, 0.5665376), (1.0000001, -0.000011146069, 0.0000014305115, 0.0000023245811), (0.99648654, 0.011610568, -0.058672756, 0.05862862), (-0.8986826, 0.061204374, -0.15762232, -0.40469605), (0.69987744, -0.014123082, 0.12669584, 0.7027945), (0.7391298, 0.034871787, 0.15953276, 0.6534678), (0.9891238, -0.13649645, -0.046221316, 0.02943325), (0.87506425, 0.09459224, 0.036291063, 0.4732839), (-0.697569, 0.009968758, -0.060493026, -0.7138897), (0.74088687, -0.00077047944, 0.06507173, 0.6684698), (0.81145245, 0.38494402, 0.43912157, -0.023132324), (0.98054445, 0.092656046, -0.076802224, 0.15507641), (0.9500215, 0.073326394, 0.013726175, 0.30313993), (0.95178175, -0.0047818767, 0.0043202117, 0.3067083), (-0.014980667, -0.9997584, 0.0010271189, 0.01606004), (0.9999999, -8.940697e-8, 0, 1.4901161e-8), (0.9999999, -8.940697e-8, 0, 1.4901161e-8), (0.9999999, -8.940697e-8, 0, 1.4901161e-8), (0.9956806, -0.0825479, -0.001909703, 0.042454578), (1, -0.000099685974, 0.00009761751, 0.00014907867), (0.9999768, -0.000112925656, -0.006355688, -0.0024372917), (0.9962099, -0.021332825, 0.024069324, -0.080817334), (0.5113068, -0.48755792, -0.47603878, -0.5236787), (0.4761452, -0.52276766, -0.5115027, -0.4882264), (1.0000005, 2.2351742e-8, -1.1175871e-8, -9.313226e-10), (0.5115032, -0.4882258, -0.4761448, -0.522768), (1.0000001, 1.4901161e-8, 0, 4.656613e-10), (0.49774584, -0.5022323, -0.49775764, -0.5022441), (0.14157486, 0.70681846, 0.1120854, 0.68395996), (0.8342508, 0.072007924, -0.49793166, 0.22562017), (0.66537714, -0.09612709, 0.021124363, 0.7399908), (0.99999976, -7.4505806e-8, -2.9802322e-8, -1.4901161e-8), (0.99999976, -7.4505806e-8, -2.9802322e-8, -1.4901161e-8), (0.99999976, -7.4505806e-8, -2.9802322e-8, -1.4901161e-8), (0.99999976, -7.4505806e-8, -2.9802322e-8, -1.4901161e-8), (0.6260602, 0.74935144, 0.061874002, -0.20662135), (0.99678075, 0.017553598, 0.050055265, -0.060119063), (0.79442143, -0.10650399, 0.09306878, 0.5906688), (-0.79024017, 0.021652013, 0.01805241, -0.61214834), (0.6925032, 0.04288447, -0.07366201, 0.71636146), (0.9993167, -0.019040763, 0.015582651, -0.027576178), (0.8229997, -0.123511195, 0.06536341, 0.55058503), (-0.7219054, -0.027691394, 0.035737712, -0.6905133), (0.82383883, 0.023134977, -0.049990863, 0.56414133), (0.99999976, 0.000011473894, 2.9802322e-8, -1.1920929e-7), (0.9863092, -0.115330786, -0.09944636, 0.06327036), (0.8895718, 0.012611449, 0.2232058, 0.39834884), (-0.70195204, 0.0138448775, -0.12565185, -0.7009157), (0.73677295, 0.035293937, 0.1604141, 0.65588635), (0.9895973, -0.13668546, -0.039614737, 0.021083295), (0.87574255, 0.049762934, 0.08841747, 0.4719966), (-0.6996084, 0.009908825, -0.060089983, -0.71192634), (0.74576795, -0.037606537, 0.09689742, 0.65804774), (0.81076145, 0.36041716, 0.4567906, -0.06408833), (0.98461294, 0.08473912, -0.0667665, 0.13747174), (0.9611504, 0.1268217, 0.034813315, 0.24267994), (0.96230114, -0.012392908, 0.004861027, 0.27165875), (0.9997579, -0.014980912, 0.016066074, -0.0010404587), (0.99999976, -2.9802322e-8, -9.313226e-10, 1.4901161e-8), (0.99999976, -2.9802322e-8, -9.313226e-10, 1.4901161e-8), (0.99999976, -2.9802322e-8, -9.313226e-10, 1.4901161e-8), (0.49774545, -0.50223786, -0.49775207, -0.50224453), (0.40868706, -0.0014238767, 0.030091971, 0.91217756), (0.7061388, -0.012100798, 0.014078882, 0.7078304), (-0.027034894, 0.99701893, 0.032673933, -0.064460546), (-0.000044703484, 0.7058997, 0.7083115, -0.00081142783), (0.99996936, 4.5448542e-7, -0.0007337928, 0.0078109503), (0.9999994, 1.6763806e-7, -0.0000012516975, -0.0011720312), (0.49917835, -0.540187, 0.47998887, 0.4781527), (0.9999994, 3.7718564e-7, 5.662441e-7, -0.0014618374), (0.99945533, -0.033014216, 6.854534e-7, 3.7252903e-8), (0.9978206, -0.06599251, 0.0000019669533, 2.4586916e-7), (0.9949984, -0.09989444, 0.000002413988, 3.2037497e-7), (1.0000006, 1.5459955e-7, 5.662441e-7, 1.4901161e-8), (1.0000006, 2.0489097e-8, 0.0000014901161, 9.313226e-9), (1.0000006, 6.4074993e-7, 0.0000014305115, 5.5879354e-8), (0.9936759, -0.04028021, 0.019753084, 0.10293554), (0.9908912, -0.0605947, 0.007390648, 0.12003549), (-0.0108055435, 0.9989034, 0.040729146, 0.020400435), (0.0035835803, 0.47078708, 0.8822389, 0.000837639), (0.9999957, -0.000011406839, -0.00010749698, -0.0028242075), (0.9999989, 1.1641532e-7, -0.0000012814999, -0.0011720527), (-0.54018617, -0.4991776, -0.47815335, 0.47998908), (0.99999905, 2.5361078e-7, 6.556511e-7, -0.0014618523), (0.9994551, -0.033014253, 1.1920929e-7, -3.7252903e-8), (0.99782026, -0.065992475, 1.1920929e-7, -1.4901161e-8), (0.99499834, -0.099894404, 5.9604645e-8, 5.9604645e-8), (1.0000001, 2.6635826e-7, -2.9802322e-8, 1.3038516e-8), (1.0000001, -1.6763806e-8, 0, -1.8626451e-8), (1.0000001, 6.1653554e-7, -8.940697e-8, 2.0489097e-8), (0.50000125, -0.4999982, -0.50000125, -0.4999995), (0.50000125, -0.4999982, -0.50000125, -0.4999995), (0.50000125, -0.4999982, -0.50000125, -0.4999995), (0.50000125, -0.4999982, -0.50000125, -0.4999995)],
                9: [(1, -0.0000041933213, -0.000020728969, -0.00002447805), (0.45595554, 0.579849, 0.4558099, 0.49811345), (0.9994242, 0.005418537, 0.029475376, 0.015906928), (0.99895126, 0.03971571, 0.0065069273, 0.021832071), (0.9990941, 0.039248884, -0.0057646036, 0.015396714), (0.99885625, 0.043354686, 0.00017656386, 0.020168126), (0.6538666, 0.17597735, -0.72444266, -0.12912533), (0.9518216, 0.05165267, -0.30219126, -0.0069330633), (0.5873518, -0.01502265, -0.24878412, 0.7699994), (1.0000001, 5.9604645e-8, -2.9802322e-8, -1.4901161e-8), (1.0000001, 5.9604645e-8, -2.9802322e-8, -1.4901161e-8), (1.0000001, 5.9604645e-8, -2.9802322e-8, -1.4901161e-8), (1.0000001, 5.9604645e-8, -2.9802322e-8, -1.4901161e-8), (0.6230118, 0.7616844, -0.1417769, -0.1076709), (0.99755156, 0.023418918, 0.046197176, -0.04700178), (0.82983744, 0.008508548, 0.029677719, 0.55715156), (0.7883174, -0.021625519, -0.017898299, 0.61462915), (-0.689605, -0.022194982, 0.057069898, -0.72159326), (0.99962026, -0.017074704, 0.012005627, -0.018015206), (0.8534194, -0.018730313, -0.013872266, 0.5207041), (-0.7198007, -0.027975619, 0.035756618, -0.692695), (0.8221811, 0.023429647, -0.050048202, 0.56653774), (1.0000007, -0.000011190772, 0.0000014305115, 0.0000023245811), (0.99631166, 0.012197152, -0.057633683, 0.062398225), (-0.8986727, 0.06118934, -0.15764733, -0.4047114), (0.6998765, -0.01412189, 0.12669611, 0.70279586), (0.73913, 0.034871772, 0.15953279, 0.65346825), (0.9890932, -0.13598521, -0.04574597, 0.03332925), (0.8750522, 0.09460442, 0.03631687, 0.47330254), (-0.6975692, 0.009968236, -0.06049308, -0.71389014), (0.7408873, -0.00077041984, 0.06507176, 0.66846997), (0.8120709, 0.37995988, 0.44196028, -0.029039621), (0.9794622, 0.09331086, -0.0725131, 0.16336851), (0.950001, 0.07336173, 0.013778627, 0.30319422), (0.95178163, -0.004781114, 0.0043205637, 0.30670917), (-0.014980646, -0.99975884, 0.0010271487, 0.01606007), (1.0000005, -8.940697e-8, 0, 2.9802322e-8), (1.0000005, -8.940697e-8, 0, 2.9802322e-8), (1.0000005, -8.940697e-8, 0, 2.9802322e-8), (0.9910141, -0.12213778, -0.0035564452, 0.054416), (1.0000002, -0.00013178028, 0.00018706918, 0.00016673282), (0.9999776, -0.0001452677, -0.0062663406, -0.0024193823), (0.9954519, -0.02068793, 0.041796595, -0.08307227), (0.5113069, -0.48755795, -0.47603887, -0.5236788), (0.47614527, -0.5227678, -0.5115028, -0.4882265), (1.0000007, 1.4901161e-8, -1.1175871e-8, -4.656613e-10), (0.5115032, -0.4882259, -0.47614488, -0.522768), (1.0000002, 1.4901161e-8, 0, 9.313226e-10), (0.49774593, -0.50223243, -0.4977578, -0.5022442), (0.1024446, 0.6850018, 0.081468135, 0.7166874), (0.81146574, 0.063684165, -0.51523644, 0.2683266), (0.62490404, -0.14612879, 0.10717136, 0.75937855), (1, -8.940697e-8, -5.9604645e-8, -7.450581e-9), (1, -8.940697e-8, -5.9604645e-8, -7.450581e-9), (1, -8.940697e-8, -5.9604645e-8, -7.450581e-9), (1, -8.940697e-8, -5.9604645e-8, -7.450581e-9), (0.588956, 0.7783959, 0.102405995, -0.19168675), (0.99678844, 0.017736405, 0.049957663, -0.06002131), (0.79442084, -0.1065034, 0.09306207, 0.5906709), (-0.7902403, 0.021652102, 0.018052444, -0.6121484), (0.6925034, 0.04288456, -0.07366201, 0.7163617), (0.99932444, -0.018858284, 0.015475661, -0.027488768), (0.82299936, -0.12351027, 0.065356374, 0.5505867), (-0.72190535, -0.027691394, 0.035737827, -0.69051325), (0.82383883, 0.023134977, -0.04999098, 0.56414145), (1, 0.000011473894, 2.9802322e-8, -1.1920929e-7), (0.98631394, -0.11515057, -0.09957683, 0.06332523), (0.88957316, 0.012612462, 0.22319901, 0.3983503), (-0.70195216, 0.013844997, -0.1256519, -0.7009158), (0.7367731, 0.035293907, 0.16041407, 0.65588635), (0.9896162, -0.13650534, -0.039739728, 0.021146834), (0.87574285, 0.049763978, 0.0884105, 0.4719981), (-0.69960845, 0.009908944, -0.060089916, -0.7119267), (0.7457682, -0.037606537, 0.09689751, 0.6580479), (0.8107572, 0.360535, 0.45673347, -0.06389122), (0.98461527, 0.084740214, -0.06675425, 0.13746405), (0.96115, 0.12681994, 0.03481081, 0.24268588), (0.96230197, -0.012392923, 0.004860759, 0.27165896), (0.99975824, -0.014980882, 0.016066074, -0.0010404587), (0.9999998, -4.4703484e-8, 2.9802322e-8, 5.9604645e-8), (0.9999998, -4.4703484e-8, 2.9802322e-8, 5.9604645e-8), (0.9999998, -4.4703484e-8, 2.9802322e-8, 5.9604645e-8), (0.4977455, -0.502238, -0.49775216, -0.50224465), (0.3782659, 0.04482092, 0.015734166, 0.9244775), (0.8416438, -0.0034514163, 0.0024768151, 0.54001653), (0.008068077, 0.9945, -0.07456958, -0.073101014), (0.00019702315, 0.7073413, 0.70687175, -0.00028979778), (0.9999795, 0.000016905367, -0.0002786219, 0.006339483), (0.99999905, 1.2665987e-7, -0.0000012516975, -0.0011720285), (0.4991781, -0.54018676, 0.47998863, 0.4781525), (0.9999991, 3.8091093e-7, 5.662441e-7, -0.0014618151), (0.9994551, -0.033014204, 6.854534e-7, 2.9802322e-8), (0.9978203, -0.0659925, 0.0000019967556, 2.30968e-7), (0.99499816, -0.09989441, 0.0000024437904, 3.1292439e-7), (1.0000005, 2.0023435e-7, 5.364418e-7, 5.5879354e-9), (1.0000005, -8.381903e-9, 0.0000014603138, 3.5390258e-8), (1.0000005, 6.239861e-7, 0.0000013709068, 6.891787e-8), (0.98146844, 0.009135084, 0.073295996, 0.17681625), (0.9947269, -0.08125056, 0.0050985515, 0.06237671), (-0.024593085, 0.9509443, 0.3082493, -0.009084135), (0.0025954545, 0.4303189, 0.9026492, 0.0065639466), (0.99999964, -0.000034010038, 0.00017744303, -0.000410866), (0.99999905, 1.2665987e-7, -0.0000012814999, -0.0011720373), (-0.54018635, -0.4991777, -0.47815344, 0.4799892), (0.99999905, 2.1234155e-7, 6.854534e-7, -0.0014618859), (0.9994551, -0.03301424, 8.940697e-8, -3.3527613e-8), (0.99782026, -0.06599246, 1.1920929e-7, -1.4901161e-8), (0.9949983, -0.09989439, 8.940697e-8, 3.7252903e-8), (1, 2.4586916e-7, -2.9802322e-8, -7.450581e-9), (1, -1.8626451e-8, 0, -1.4901161e-8), (1, 6.221235e-7, -8.940697e-8, -2.9802322e-8), (0.5000012, -0.49999824, -0.5000012, -0.49999943), (0.5000012, -0.49999824, -0.5000012, -0.49999943), (0.5000012, -0.49999824, -0.5000012, -0.49999943), (0.5000012, -0.49999824, -0.5000012, -0.49999943)],
                10: [(1, -0.000026593025, 0.000016612554, -0.000048952377), (0.48548183, 0.594334, 0.42558563, 0.47953236), (0.9959816, 0.03260863, 0.082175165, 0.01429693), (0.9988878, 0.043014124, 0.00089340657, 0.019281521), (0.99898016, 0.042757273, -0.005619526, 0.013352282), (0.99858147, 0.05056311, 0.0015097857, 0.016598597), (0.65047306, 0.17817253, -0.71890485, -0.16826874), (0.9586595, 0.05574456, -0.27549383, -0.044348925), (0.5358257, 0.02633655, -0.30500665, 0.7868719), (0.9999994, 5.9604645e-8, -2.9802322e-8, 1.4901161e-8), (0.9999994, 5.9604645e-8, -2.9802322e-8, 1.4901161e-8), (0.9999994, 5.9604645e-8, -2.9802322e-8, 1.4901161e-8), (0.9999994, 5.9604645e-8, -2.9802322e-8, 1.4901161e-8), (0.64612174, 0.7445383, -0.13869043, -0.094623566), (0.9975358, 0.023281544, 0.045191854, -0.04834661), (0.82985127, 0.008505359, 0.029664546, 0.55713004), (0.7883168, -0.021625921, -0.017898194, 0.61462826), (-0.6896043, -0.022195026, 0.05706972, -0.7215925), (0.999404, -0.016935706, 0.013608873, -0.026821107), (0.8495387, -0.020349368, -0.016106308, 0.5268874), (-0.7197757, -0.027968422, 0.03575279, -0.69272125), (0.82218075, 0.023429632, -0.05004832, 0.56653774), (1, -0.000011146069, 0.0000014305115, 0.0000023245811), (0.9963418, 0.011818588, -0.058596015, 0.06106952), (-0.89868313, 0.061198115, -0.15764329, -0.40468702), (0.6998774, -0.014122844, 0.12669584, 0.7027943), (0.73912966, 0.034871742, 0.15953268, 0.6534678), (0.98905927, -0.13632002, -0.046506703, 0.031864196), (0.8750653, 0.094598696, 0.036312997, 0.4732781), (-0.6975689, 0.0099684745, -0.06049309, -0.71388936), (0.74088645, -0.00077036023, 0.06507182, 0.66846955), (0.8116983, 0.37954146, 0.44288415, -0.03077969), (0.97899693, 0.09320718, -0.07411781, 0.16547965), (0.9500038, 0.07334532, 0.013753682, 0.3031894), (0.9517815, -0.004781455, 0.00432029, 0.3067088), (-0.014980672, -0.9997582, 0.0010271245, 0.01606004), (0.9999998, -8.940697e-8, -2.9802322e-8, 0), (0.9999998, -8.940697e-8, -2.9802322e-8, 0), (0.9999998, -8.940697e-8, -2.9802322e-8, 0), (0.98865044, -0.13795952, -0.0035672188, 0.059364304), (0.99999774, -0.00016486086, 0.0008009523, 0.0018512234), (0.9999835, -0.000169307, -0.0056524724, -0.0007346943), (0.9951709, -0.02076347, 0.04075803, -0.08684497), (0.5113066, -0.48755777, -0.4760386, -0.52367854), (0.47614503, -0.5227674, -0.5115025, -0.4882262), (1.0000001, 7.450581e-9, -1.1175871e-8, -9.313226e-10), (0.511503, -0.48822567, -0.47614458, -0.5227677), (0.9999997, 1.4901161e-8, 0, 9.313226e-10), (0.49774572, -0.50223213, -0.4977575, -0.50224394), (0.07044976, 0.6594593, 0.07585719, 0.74457717), (0.79520595, 0.062965214, -0.5284897, 0.2904832), (0.5804763, -0.16397104, 0.14979154, 0.78340447), (0.9999996, -1.0430813e-7, -8.940697e-8, 0), (0.9999996, -1.0430813e-7, -8.940697e-8, 0), (0.9999996, -1.0430813e-7, -8.940697e-8, 0), (0.9999996, -1.0430813e-7, -8.940697e-8, 0), (0.6234862, 0.7646447, 0.10388851, -0.12565827), (0.99681115, 0.017256558, 0.050237328, -0.059544474), (0.79441994, -0.10650647, 0.0930593, 0.59067154), (-0.79024017, 0.021652043, 0.018052489, -0.61214805), (0.6925031, 0.04288459, -0.07366198, 0.71636146), (0.99932504, -0.019312084, 0.01575157, -0.026984662), (0.8229987, -0.1235131, 0.06535384, 0.5505873), (-0.72190535, -0.027691245, 0.035737664, -0.6905132), (0.8238387, 0.023134887, -0.04999098, 0.5641412), (0.9999997, 0.000011473894, 0, -1.1920929e-7), (0.9862603, -0.115513414, -0.09931368, 0.06390169), (0.889573, 0.012609631, 0.22319639, 0.3983509), (-0.7019519, 0.013845116, -0.12565166, -0.7009152), (0.7367726, 0.035293967, 0.16041407, 0.65588593), (0.9895569, -0.13691255, -0.039504737, 0.02170527), (0.87574255, 0.049761176, 0.088407636, 0.47199845), (-0.6996083, 0.009909004, -0.06008997, -0.7119262), (0.74576783, -0.037606597, 0.09689754, 0.6580477), (0.8112898, 0.36031798, 0.4560343, -0.06334287), (0.9848104, 0.08479282, -0.06591426, 0.13643236), (0.9611481, 0.12681341, 0.034799367, 0.24269605), (0.9623013, -0.012393147, 0.004860848, 0.271659), (0.9997579, -0.014980912, 0.016066045, -0.0010404289), (0.9999994, -4.4703484e-8, 7.450581e-9, 2.9802322e-8), (0.9999994, -4.4703484e-8, 7.450581e-9, 2.9802322e-8), (0.9999994, -4.4703484e-8, 7.450581e-9, 2.9802322e-8), (0.4977453, -0.5022377, -0.49775192, -0.50224435), (0.29577884, 0.08080444, 0.0039376915, 0.95182455), (0.9594451, -0.002862295, 0.0007740408, 0.28187954), (0.04058431, 0.992998, -0.09784153, -0.05229357), (0.002162695, 0.66568434, 0.74622035, 0.003807664), (0.9999995, 0.000031430274, 0.0005630553, -0.00047263876), (0.99999917, 1.937151e-7, -0.0000012665987, -0.0011720806), (0.4991781, -0.5401869, 0.47998875, 0.47815257), (0.9999991, 3.944151e-7, 5.5134296e-7, -0.0014618188), (0.9994551, -0.03301423, 7.0780516e-7, 7.450581e-9), (0.9978203, -0.06599246, 0.0000019744039, 2.3841858e-7), (0.9949981, -0.09989442, 0.000002399087, 2.8312206e-7), (1.0000002, 1.8719584e-7, 5.9604645e-7, -1.1175871e-8), (1.0000001, -2.4214387e-8, 0.000001475215, 2.6077032e-8), (1.0000002, 6.267801e-7, 0.0000013262033, 2.6077032e-8), (0.9632523, 0.04973129, 0.12378408, 0.23312846), (0.9943464, -0.0930243, 0.005066246, 0.050947666), (-0.030207083, 0.94380885, 0.32812974, -0.025350899), (0.0014573336, 0.6720673, 0.7404701, 0.0051321685), (0.9999876, 0.000019475818, -0.00019322336, 0.004863277), (0.99999857, 1.3038516e-7, -0.0000012516975, -0.0011720359), (-0.54018605, -0.4991775, -0.47815317, 0.479989), (0.9999988, 2.705492e-7, 6.2584877e-7, -0.0014618635), (0.99945486, -0.03301424, 8.940697e-8, -1.8626451e-8), (0.99782, -0.06599242, 8.940697e-8, 7.450581e-9), (0.99499804, -0.0998944, 1.1920929e-7, 5.2154064e-8), (0.99999976, 2.1606684e-7, 2.9802322e-8, 3.7252903e-9), (0.99999976, 0, 0, 0), (0.99999976, 6.3702464e-7, -8.940697e-8, -2.2351742e-8), (0.5000012, -0.49999815, -0.50000113, -0.49999937), (0.5000012, -0.49999815, -0.50000113, -0.49999937), (0.5000012, -0.49999815, -0.50000113, -0.49999937), (0.5000012, -0.49999815, -0.50000113, -0.49999937)],
                11: [(1, -0.000017969025, 0.000006024391, -0.000014326974), (0.50789744, 0.6042745, 0.39751604, 0.46783912), (0.9912194, 0.0542224, 0.11978683, 0.013962198), (0.9988803, 0.043409836, -0.002430953, 0.01864054), (0.9989792, 0.043225955, -0.005469978, 0.011905193), (0.9985405, 0.052808702, 0.0020366758, 0.011117533), (0.6644318, 0.17266572, -0.70015126, -0.19622552), (0.9565758, 0.058622837, -0.27635142, -0.071799845), (0.5328297, 0.071953386, -0.3394931, 0.7717894), (0.9999995, 7.4505806e-8, -2.9802322e-8, 1.4901161e-8), (0.9999995, 7.4505806e-8, -2.9802322e-8, 1.4901161e-8), (0.9999995, 7.4505806e-8, -2.9802322e-8, 1.4901161e-8), (0.9999995, 7.4505806e-8, -2.9802322e-8, 1.4901161e-8), (0.69692683, 0.7057153, -0.107932955, -0.067889065), (0.99750674, 0.022840917, 0.04467705, -0.04962349), (0.8298488, 0.008505195, 0.029667914, 0.5571339), (0.78831685, -0.021625787, -0.017898247, 0.61462855), (-0.6896044, -0.022195041, 0.05706975, -0.7215927), (0.99921143, -0.017199934, 0.015936673, -0.03204304), (0.8474391, -0.021953464, -0.018496215, 0.53011554), (-0.7197586, -0.027959064, 0.03574858, -0.6927391), (0.8221806, 0.023429573, -0.050048262, 0.5665377), (1.0000001, -0.000011175871, 0.0000014305115, 0.0000022649765), (0.9963975, 0.01119566, -0.059038132, 0.059843242), (-0.8986814, 0.06119722, -0.15764453, -0.40469086), (0.69987696, -0.014122486, 0.12669593, 0.70279497), (0.7391297, 0.0348718, 0.15953268, 0.6534679), (0.9890063, -0.13690983, -0.046773374, 0.030572355), (0.8750633, 0.09459916, 0.036314815, 0.47328272), (-0.6975691, 0.00996843, -0.06049303, -0.71388984), (0.74088687, -0.0007703304, 0.06507176, 0.6684698), (0.8115338, 0.3804494, 0.44248396, -0.029646277), (0.97918975, 0.09299356, -0.07576734, 0.1637026), (0.9500035, 0.07334131, 0.013747841, 0.30319172), (0.9517816, -0.0047815144, 0.0043203086, 0.30670905), (-0.014980669, -0.99975836, 0.0010271152, 0.01606004), (0.9999998, -8.940697e-8, -5.9604645e-8, 0), (0.9999998, -8.940697e-8, -5.9604645e-8, 0), (0.9999998, -8.940697e-8, -5.9604645e-8, 0), (0.98887223, -0.14195207, -0.0013968945, 0.044488616), (0.9999547, -0.00066241156, 0.0036326945, 0.008771472), (0.99997663, -0.00062876474, -0.0028220415, 0.0061886907), (0.9962715, -0.019904107, 0.033774808, -0.0768514), (0.5113067, -0.48755786, -0.4760387, -0.52367854), (0.4761451, -0.52276754, -0.5115026, -0.48822632), (1.0000002, 7.450581e-9, -1.1641532e-8, -4.656613e-10), (0.5115031, -0.4882257, -0.47614467, -0.52276784), (0.9999999, 1.4901161e-8, 0, 9.313226e-10), (0.49774578, -0.5022322, -0.49775755, -0.50224406), (0.044468224, 0.64697677, 0.07054463, 0.75793576), (0.7923728, 0.057699442, -0.5375272, 0.28263044), (0.55030996, -0.16684307, 0.1540348, 0.80348927), (0.9999996, -1.0430813e-7, -8.940697e-8, 0), (0.9999996, -1.0430813e-7, -8.940697e-8, 0), (0.9999996, -1.0430813e-7, -8.940697e-8, 0), (0.9999996, -1.0430813e-7, -8.940697e-8, 0), (0.6710553, 0.729838, 0.11468783, -0.062190026), (0.9967873, 0.016314298, 0.05165711, -0.058992267), (0.79441684, -0.10650675, 0.09307282, 0.5906738), (-0.79024017, 0.021651864, 0.01805234, -0.6121484), (0.6925032, 0.042884603, -0.07366198, 0.71636176), (0.9993011, -0.020187467, 0.01717943, -0.026348293), (0.8229953, -0.1235131, 0.06536651, 0.5505906), (-0.72190523, -0.027691454, 0.03573768, -0.69051313), (0.8238386, 0.023134887, -0.049990952, 0.5641412), (0.9999997, 0.000011444092, 2.9802322e-8, -1.4901161e-7), (0.9862688, -0.11617389, -0.09788877, 0.06476605), (0.8895685, 0.012609273, 0.22320682, 0.39835513), (-0.7019515, 0.013844609, -0.12565197, -0.7009159), (0.7367727, 0.035293847, 0.16041371, 0.65588623), (0.9894864, -0.13767424, -0.038123935, 0.022553414), (0.8757389, 0.04976079, 0.088419855, 0.47200274), (-0.699608, 0.009908885, -0.06009014, -0.71192634), (0.7457677, -0.037606597, 0.09689748, 0.6580476), (0.8134171, 0.36055663, 0.45208955, -0.0629769), (0.9855814, 0.08511477, -0.061207972, 0.13280748), (0.96115434, 0.1268282, 0.034823626, 0.24265991), (0.9623013, -0.012392774, 0.0048609376, 0.27165845), (0.9997579, -0.014980912, 0.016066074, -0.0010404587), (0.9999995, -4.4703484e-8, 1.4901161e-8, 2.9802322e-8), (0.9999995, -4.4703484e-8, 1.4901161e-8, 2.9802322e-8), (0.9999995, -4.4703484e-8, 1.4901161e-8, 2.9802322e-8), (0.4977454, -0.5022378, -0.49775198, -0.5022445), (0.21142715, 0.10338035, -0.017482996, 0.9717537), (0.99991035, -0.0043562017, 0.0022947788, 0.0124608725), (0.048157636, 0.99854827, 0.0005990211, -0.024122536), (0.006537944, 0.55892295, 0.82908225, 0.013597995), (0.9999821, -0.00006776303, 0.0014330149, -0.005815393), (0.9999992, 1.4901161e-7, -0.0000012144446, -0.001172021), (0.49917817, -0.54018694, 0.4799888, 0.4781526), (0.9999993, 3.8556755e-7, 5.8859587e-7, -0.0014618337), (0.9994553, -0.033014216, 7.003546e-7, -7.450581e-9), (0.9978205, -0.06599253, 0.0000019446015, 2.2351742e-7), (0.99499834, -0.099894434, 0.0000024214387, 3.3527613e-7), (1.0000004, 2.104789e-7, 5.9604645e-7, -3.3527613e-8), (1.0000004, -4.8428774e-8, 0.0000014901161, 7.450581e-9), (1.0000004, 6.314367e-7, 0.0000013783574, 6.3329935e-8), (0.9633001, 0.07694487, 0.14987753, 0.20897146), (0.9744359, -0.09259925, 0.025945872, 0.20304362), (-0.039233744, 0.95308876, 0.2994926, -0.019655406), (0.0072050095, 0.8134276, 0.5816182, 0.0017707348), (0.9999943, 0.0000065788627, -0.00033979118, 0.00326024), (0.9999987, 1.3038516e-7, -0.0000013113022, -0.0011720359), (-0.5401861, -0.4991776, -0.47815323, 0.47998905), (0.999999, 2.5331974e-7, 6.2584877e-7, -0.0014618691), (0.999455, -0.033014238, 8.940697e-8, -1.8626451e-8), (0.9978202, -0.065992445, 2.9802322e-8, 1.1175871e-8), (0.9949982, -0.0998944, 1.1920929e-7, 5.2154064e-8), (1, 2.30968e-7, 2.9802322e-8, 0), (1, -1.8626451e-8, 0, -1.8626451e-8), (1, 6.4074993e-7, -8.940697e-8, -1.4901161e-8), (0.5000011, -0.49999812, -0.50000113, -0.49999934), (0.5000011, -0.49999812, -0.50000113, -0.49999934), (0.5000011, -0.49999812, -0.50000113, -0.49999934), (0.5000011, -0.49999812, -0.50000113, -0.49999934)],
                12: [(1, -0.00001970969, -0.000015871303, -0.00006459696), (0.5267668, 0.6135259, 0.36958915, 0.4577188), (0.9854306, 0.072595164, 0.15300737, 0.015657086), (0.9989449, 0.04132026, -0.0054371506, 0.01928448), (0.9990934, 0.04112896, -0.0042354465, 0.010123216), (0.9987213, 0.049945094, 0.0064388514, 0.0044151247), (0.6731086, 0.16634528, -0.6858503, -0.22105017), (0.9445329, 0.06327492, -0.31196365, -0.08082226), (0.53207314, 0.10559531, -0.35171503, 0.7629182), (0.9999999, 5.9604645e-8, -2.9802322e-8, 0), (0.9999999, 5.9604645e-8, -2.9802322e-8, 0), (0.9999999, 5.9604645e-8, -2.9802322e-8, 0), (0.9999999, 5.9604645e-8, -2.9802322e-8, 0), (0.74602795, 0.65928006, -0.07268694, -0.059235305), (0.9974363, 0.022341281, 0.04405111, -0.05178553), (0.82985055, 0.008501172, 0.0296655, 0.55713236), (0.7883174, -0.021625817, -0.017898332, 0.6146289), (-0.6896049, -0.022195041, 0.057069927, -0.7215932), (0.99926275, -0.017918617, 0.016504765, -0.02967903), (0.8498188, -0.022353113, -0.019368649, 0.52624464), (-0.7197757, -0.027938604, 0.035743453, -0.69272286), (0.82218087, 0.023429573, -0.050048023, 0.56653786), (1.0000004, -0.000011175871, 0.0000014603138, 0.0000023245811), (0.99649835, 0.010414273, -0.059569836, 0.057742298), (-0.8986824, 0.06120205, -0.15764314, -0.40468803), (0.6998769, -0.014122546, 0.12669593, 0.7027947), (0.7391296, 0.034871772, 0.15953267, 0.6534678), (0.98895854, -0.13764402, -0.047000796, 0.028398305), (0.8750651, 0.09459472, 0.036313623, 0.47328043), (-0.6975691, 0.00996843, -0.060493052, -0.71388984), (0.740887, -0.00077039003, 0.06507161, 0.6684699), (0.81236196, 0.38338876, 0.4386077, -0.026545137), (0.98016524, 0.09281032, -0.076052815, 0.15772843), (0.95001477, 0.07334325, 0.013751119, 0.3031557), (0.95178145, -0.0047813132, 0.004320398, 0.3067085), (-0.014980641, -0.9997586, 0.0010271897, 0.01606004), (1.0000001, -5.9604645e-8, -2.9802322e-8, 0), (1.0000001, -5.9604645e-8, -2.9802322e-8, 0), (1.0000001, -5.9604645e-8, -2.9802322e-8, 0), (0.9892508, -0.14114757, -0.00807181, 0.037350684), (0.99994725, -0.000780398, 0.004024729, 0.00941911), (0.9999734, -0.00074378867, -0.002430275, 0.0068370923), (0.9964534, -0.013498427, 0.030710995, -0.07717031), (0.51130676, -0.48755795, -0.47603878, -0.52367866), (0.47614524, -0.52276766, -0.5115027, -0.48822638), (1.0000005, 1.4901161e-8, -1.1175871e-8, -9.313226e-10), (0.51150316, -0.4882258, -0.4761448, -0.52276796), (1, 1.4901161e-8, 0, 9.313226e-10), (0.4977459, -0.5022323, -0.4977577, -0.5022441), (0.026583903, 0.63292235, 0.06795034, 0.7707693), (0.7969157, 0.060328335, -0.5482444, 0.24640161), (0.53484726, -0.16110516, 0.14022714, 0.8175083), (0.99999994, -8.940697e-8, -5.9604645e-8, 0), (0.99999994, -8.940697e-8, -5.9604645e-8, 0), (0.99999994, -8.940697e-8, -5.9604645e-8, 0), (0.99999994, -8.940697e-8, -5.9604645e-8, 0), (0.69036007, 0.71233255, 0.123357534, -0.027717263), (0.9967815, 0.01641658, 0.051900387, -0.058852524), (0.7944202, -0.10650399, 0.093066275, 0.5906712), (-0.7902404, 0.021651924, 0.018052638, -0.6121485), (0.69250333, 0.042884648, -0.07366213, 0.7163618), (0.99930334, -0.02007237, 0.017414361, -0.026204437), (0.8229985, -0.12351096, 0.06536047, 0.55058736), (-0.7219055, -0.027691454, 0.035737902, -0.69051313), (0.82383883, 0.023134917, -0.04999101, 0.5641414), (0.99999994, 0.000011444092, 0, -1.4901161e-7), (0.9862975, -0.116022825, -0.09768188, 0.064916134), (0.8895714, 0.012611896, 0.2232027, 0.39835137), (-0.7019521, 0.0138448775, -0.12565169, -0.70091546), (0.7367726, 0.035293907, 0.16041362, 0.65588635), (0.9895094, -0.13754112, -0.0379135, 0.022716522), (0.87574166, 0.049763292, 0.08841433, 0.4719989), (-0.6996084, 0.009908825, -0.060089722, -0.7119264), (0.7457679, -0.037606418, 0.09689754, 0.6580478), (0.81395054, 0.36052126, 0.4510778, -0.06354481), (0.9856765, 0.08525204, -0.0596377, 0.13273096), (0.9611524, 0.12682337, 0.03481555, 0.2426734), (0.96230197, -0.012393042, 0.0048609674, 0.27165893), (0.9997581, -0.014980912, 0.016066045, -0.0010404885), (0.99999976, -4.4703484e-8, 2.2351742e-8, 2.9802322e-8), (0.99999976, -4.4703484e-8, 2.2351742e-8, 2.9802322e-8), (0.99999976, -4.4703484e-8, 2.2351742e-8, 2.9802322e-8), (0.4977454, -0.50223786, -0.49775207, -0.50224453), (0.18467769, 0.1366159, -0.032857448, 0.97270274), (0.99975073, -0.003341768, 0.0053608343, 0.02142476), (0.008806892, 0.999933, 0.007537744, 0.0003976822), (0.0019674897, 0.6037032, 0.7971146, 0.01213491), (0.9999746, -0.000026788563, 0.00082346797, -0.007082944), (0.9999995, 2.1606684e-7, -0.0000012516975, -0.0011720508), (0.49917832, -0.54018706, 0.47998893, 0.47815272), (0.99999946, 3.837049e-7, 6.03497e-7, -0.0014618002), (0.99945545, -0.033014208, 7.0780516e-7, 1.4901161e-8), (0.99782073, -0.06599252, 0.0000019520521, 2.0116568e-7), (0.9949986, -0.09989448, 0.0000023841858, 2.9057264e-7), (1.0000004, 1.8067658e-7, 6.183982e-7, 4.0978193e-8), (1.0000004, 1.8626451e-9, 0.0000014901161, 2.9802322e-8), (1.0000004, 6.016344e-7, 0.0000013485551, 8.568168e-8), (0.9782554, 0.08370492, 0.16034894, 0.10147847), (0.86769986, -0.07488254, 0.06032735, 0.48769855), (-0.033582658, 0.9860135, 0.16289796, -0.010643244), (0.012000114, 0.7910155, 0.6116736, 0.00227198), (0.99999905, -0.00004881248, -0.00034697354, 0.0009874776), (0.9999987, 1.2293458e-7, -0.0000012516975, -0.0011720359), (-0.5401861, -0.49917755, -0.4781532, 0.47998908), (0.99999875, 2.568704e-7, 6.854534e-7, -0.0014618663), (0.9994548, -0.033014227, 8.940697e-8, -1.1175871e-8), (0.99781996, -0.06599244, 5.9604645e-8, -3.7252903e-9), (0.9949981, -0.09989437, 5.9604645e-8, 5.9604645e-8), (0.99999994, 2.6635826e-7, 0, -1.8626451e-8), (0.9999999, -1.8626451e-8, -1.4901161e-8, -1.8626451e-8), (0.9999999, 5.979091e-7, -7.4505806e-8, -7.450581e-9), (0.50000113, -0.49999815, -0.50000113, -0.49999934), (0.50000113, -0.49999815, -0.50000113, -0.49999934), (0.50000113, -0.49999815, -0.50000113, -0.49999934), (0.50000113, -0.49999815, -0.50000113, -0.49999934)],
                13: [(1, -0.0000012155128, 4.0256694e-7, -0.000105276165), (0.5344102, 0.62220746, 0.34919164, 0.45313227), (0.9809036, 0.0825367, 0.17539269, 0.015915327), (0.99909717, 0.036207635, -0.008454546, 0.020546384), (0.9992881, 0.0361064, -0.0036539882, 0.010292277), (0.9990064, 0.044181596, 0.005401626, 0.002212137), (0.65631896, 0.1627776, -0.702143, -0.22303328), (0.93042475, 0.06525731, -0.35793754, -0.04395035), (0.5433201, 0.093626566, -0.30655143, 0.7759273), (0.99999964, 5.9604645e-8, -2.9802322e-8, 0), (0.99999964, 5.9604645e-8, -2.9802322e-8, 0), (0.99999964, 5.9604645e-8, -2.9802322e-8, 0), (0.99999964, 5.9604645e-8, -2.9802322e-8, 0), (0.7704822, 0.6286033, -0.05796835, -0.08862552), (0.99729335, 0.022324055, 0.04414743, -0.054393947), (0.8298568, 0.008506805, 0.029666066, 0.557122), (0.78831697, -0.021625727, -0.017898284, 0.6146283), (-0.6896045, -0.022194952, 0.05706981, -0.72159255), (0.99947345, -0.018488646, 0.011608124, -0.024009824), (0.85417336, -0.019375563, -0.014984041, 0.5194113), (-0.7198083, -0.027981073, 0.035758868, -0.6926866), (0.82218117, 0.023429483, -0.05004841, 0.5665375), (1.0000002, -0.000011146069, 0.0000014007092, 0.0000023245811), (0.9966563, 0.010146707, -0.059428692, 0.0551503), (-0.8986871, 0.061198413, -0.15764669, -0.40467736), (0.6998774, -0.014122397, 0.12669598, 0.7027948), (0.7391299, 0.034871757, 0.15953273, 0.6534679), (0.98901975, -0.13788283, -0.0464786, 0.025848418), (0.87506986, 0.094599575, 0.036317855, 0.4732703), (-0.6975692, 0.009968281, -0.060493037, -0.7138899), (0.7408871, -0.00077041984, 0.06507176, 0.6684699), (0.81216824, 0.38556135, 0.43708086, -0.026191205), (0.9805553, 0.09267053, -0.07686859, 0.15496828), (0.95001435, 0.07334012, 0.013745874, 0.30315876), (0.95178163, -0.0047815815, 0.004320249, 0.3067088), (-0.014980651, -0.9997585, 0.0010271161, 0.016060028), (1, -8.940697e-8, -2.9802322e-8, 0), (1, -8.940697e-8, -2.9802322e-8, 0), (1, -8.940697e-8, -2.9802322e-8, 0), (0.9905236, -0.13407399, -0.010667354, 0.02780889), (0.9999672, -0.0008050436, 0.0032561123, 0.007365709), (0.9999831, -0.00077984296, -0.0031988919, 0.0047837943), (0.9964251, -0.00446156, 0.028528348, -0.07939232), (0.51130676, -0.48755783, -0.47603875, -0.52367866), (0.47614515, -0.5227675, -0.5115026, -0.48822635), (1.0000002, 1.4901161e-8, -1.1175871e-8, -9.313226e-10), (0.51150316, -0.48822582, -0.4761447, -0.5227679), (0.99999994, 1.4901161e-8, 0, 9.313226e-10), (0.49774587, -0.5022323, -0.49775758, -0.5022441), (0.015226088, 0.6295061, 0.068763405, 0.7737969), (0.79953283, 0.06512728, -0.56135696, 0.20342949), (0.53148204, -0.14647731, 0.09852746, 0.82847023), (0.9999995, -7.4505806e-8, -2.9802322e-8, 0), (0.9999995, -7.4505806e-8, -2.9802322e-8, 0), (0.9999995, -7.4505806e-8, -2.9802322e-8, 0), (0.9999995, -7.4505806e-8, -2.9802322e-8, 0), (0.7120297, 0.6923703, 0.116240084, 0.011162996), (0.9968084, 0.016427726, 0.051893115, -0.05839151), (0.79441595, -0.10650647, 0.093067065, 0.5906756), (-0.7902401, 0.021651894, 0.018052489, -0.6121482), (0.6925031, 0.042884573, -0.07366204, 0.7163615), (0.9993161, -0.020046175, 0.01738897, -0.025743872), (0.82299495, -0.12351245, 0.06536053, 0.55059224), (-0.7219053, -0.027691424, 0.035737783, -0.6905133), (0.8238387, 0.023134917, -0.049990922, 0.5641413), (0.99999964, 0.000011444092, 2.9802322e-8, -1.4901161e-7), (0.9862696, -0.115945876, -0.097754, 0.065365165), (0.8895694, 0.012610048, 0.2232012, 0.3983566), (-0.7019518, 0.0138447285, -0.12565178, -0.70091575), (0.73677266, 0.035294026, 0.16041383, 0.6558863), (0.98950255, -0.13749084, -0.037994444, 0.023168772), (0.87573874, 0.049761564, 0.088413715, 0.47200397), (-0.6996081, 0.009908825, -0.060089916, -0.7119262), (0.74576765, -0.037606537, 0.09689742, 0.6580477), (0.81421006, 0.3598176, 0.45104402, -0.06443581), (0.98556876, 0.08533833, -0.058782645, 0.13385057), (0.96115017, 0.12682681, 0.034822956, 0.24267796), (0.96230155, -0.012392923, 0.004861027, 0.27165878), (0.9997578, -0.014980912, 0.016066045, -0.0010404885), (0.99999964, -2.9802322e-8, 1.3038516e-8, 2.9802322e-8), (0.99999964, -2.9802322e-8, 1.3038516e-8, 2.9802322e-8), (0.99999964, -2.9802322e-8, 1.3038516e-8, 2.9802322e-8), (0.49774545, -0.50223786, -0.49775207, -0.50224453), (0.21822014, 0.16415626, -0.031487882, 0.9614788), (0.9811548, -0.0024584327, 0.008312793, 0.19302958), (0.011091528, 0.9995481, -0.027654886, 0.0040315986), (-0.0004439652, 0.6977081, 0.71638024, 0.0017299652), (0.99998707, 0.000046696514, 0.00032418966, -0.005104689), (0.99999946, 2.0116568e-7, -0.0000012591481, -0.001172021), (0.49917838, -0.54018706, 0.4799889, 0.4781527), (0.9999994, 4.0233135e-7, 5.662441e-7, -0.00146183), (0.99945545, -0.033014216, 7.227063e-7, 4.4703484e-8), (0.9978207, -0.065992534, 0.0000019520521, 2.2351742e-7), (0.9949986, -0.099894464, 0.000002399087, 3.054738e-7), (1.0000005, 2.2165477e-7, 6.482005e-7, 2.2351742e-8), (1.0000005, 1.8626451e-8, 0.0000014826655, 1.8626451e-8), (1.0000004, 6.0908496e-7, 0.0000013485551, 8.195639e-8), (0.98383605, 0.06851432, 0.16294158, -0.028679723), (0.7091731, -0.050281867, 0.08176103, 0.69847), (-0.012079809, 0.99491817, 0.09919408, -0.012336463), (0.0059919655, 0.7481954, 0.66344965, 0.0013277829), (0.9999997, 0.0000017192215, -0.000116854906, 0.00022612885), (0.99999875, 1.2479722e-7, -0.0000012814999, -0.0011720359), (-0.54018617, -0.4991776, -0.47815323, 0.47998908), (0.99999905, 2.5937334e-7, 7.1525574e-7, -0.0014618626), (0.999455, -0.033014234, 1.1920929e-7, -1.4901161e-8), (0.99782026, -0.06599245, 8.940697e-8, 3.7252903e-9), (0.9949982, -0.09989439, 1.4901161e-7, 5.9604645e-8), (1, 2.5564805e-7, 7.450581e-9, 2.2351742e-8), (1, -1.6763806e-8, -1.4901161e-8, -1.4901161e-8), (1, 5.8626756e-7, -6.7055225e-8, -3.7252903e-8), (0.5000012, -0.4999982, -0.5000012, -0.4999994), (0.5000012, -0.4999982, -0.5000012, -0.4999994), (0.5000012, -0.4999982, -0.5000012, -0.4999994), (0.5000012, -0.4999982, -0.5000012, -0.4999994)],
                14: [(0.99999994, 0.000098275596, -0.00011673676, -0.00030730906), (0.53177977, 0.6240447, 0.34063783, 0.46015683), (0.98041564, 0.082524136, 0.17827211, 0.013924187), (0.99942404, 0.02397094, -0.011442825, 0.021111753), (0.9996232, 0.02390539, -0.003328383, 0.013060622), (0.9995016, 0.030579424, 0.0014191717, 0.007707104), (0.6356827, 0.151386, -0.7259729, -0.21436633), (0.9177164, 0.056997508, -0.39296538, 0.011205375), (0.57921356, 0.06724335, -0.24486195, 0.7746173), (0.9999995, 7.4505806e-8, 2.9802322e-8, -2.9802322e-8), (0.9999995, 7.4505806e-8, 2.9802322e-8, -2.9802322e-8), (0.9999995, 7.4505806e-8, 2.9802322e-8, -2.9802322e-8), (0.9999995, 7.4505806e-8, 2.9802322e-8, -2.9802322e-8), (0.7700739, 0.6159469, -0.10199821, -0.13111627), (0.99726164, 0.02220273, 0.04420176, -0.054975003), (0.8298453, 0.0084984, 0.029649734, 0.55714005), (0.7883168, -0.021626085, -0.017898075, 0.6146287), (-0.6896044, -0.022194952, 0.05706966, -0.72159266), (0.99952304, -0.018774241, 0.009572834, -0.022574574), (0.8552274, -0.018187672, -0.013178885, 0.51776576), (-0.7197939, -0.027977139, 0.035756305, -0.69270134), (0.8221806, 0.023429543, -0.050048053, 0.5665375), (1.0000001, -0.000011175871, 0.0000014305115, 0.0000023245811), (0.99669355, 0.009971738, -0.05935186, 0.054584503), (-0.8986815, 0.061204612, -0.157626, -0.4046961), (0.699877, -0.014122784, 0.1266959, 0.70279443), (0.73912954, 0.034871906, 0.15953279, 0.6534676), (0.98901784, -0.13805103, -0.046321183, 0.025296956), (0.87506336, 0.094592005, 0.036295295, 0.47328526), (-0.6975691, 0.009968638, -0.0604933, -0.7138896), (0.7408869, -0.00077036023, 0.06507188, 0.6684698), (0.812174, 0.3857035, 0.43691152, -0.026727915), (0.9805585, 0.092651874, -0.07687524, 0.15495437), (0.9500101, 0.07334295, 0.013750941, 0.30317083), (0.9517816, -0.004781574, 0.0043203384, 0.3067088), (-0.014980615, -0.99975836, 0.0010271734, 0.016060043), (0.9999999, -8.940697e-8, -2.9802322e-8, 0), (0.9999999, -8.940697e-8, -2.9802322e-8, 0), (0.9999999, -8.940697e-8, -2.9802322e-8, 0), (0.9950248, -0.097978085, 0.003428936, 0.017728537), (0.9999908, -0.0004620906, 0.0021617115, 0.0037052184), (0.99999017, -0.00045769988, -0.0042925477, 0.0011210851), (0.9965333, -0.001227878, 0.01397796, -0.08200509), (0.5113068, -0.48755798, -0.47603884, -0.5236787), (0.47614527, -0.5227677, -0.5115028, -0.48822647), (1.0000007, 1.4901161e-8, -1.0244548e-8, -9.313226e-10), (0.5115033, -0.48822594, -0.47614485, -0.52276796), (1.0000004, 1.4901161e-8, 0, 9.313226e-10), (0.49774593, -0.5022324, -0.49775773, -0.50224423), (0.01181541, 0.6346409, 0.07539812, 0.7690296), (0.79236615, 0.08276051, -0.5790893, 0.17309555), (0.53951705, -0.13472731, 0.046238452, 0.8298383), (0.99999976, -8.940697e-8, -5.9604645e-8, 0), (0.99999976, -8.940697e-8, -5.9604645e-8, 0), (0.99999976, -8.940697e-8, -5.9604645e-8, 0), (0.99999976, -8.940697e-8, -5.9604645e-8, 0), (0.70611864, 0.6976005, 0.12142217, 0.0025287867), (0.99679303, 0.016703606, 0.051582694, -0.05885318), (0.7944223, -0.1065056, 0.09306553, 0.5906678), (-0.79024035, 0.021652013, 0.018052578, -0.61214817), (0.6925031, 0.04288459, -0.07366228, 0.71636164), (0.9993137, -0.019795895, 0.017087728, -0.02622658), (0.8230003, -0.123512655, 0.065360636, 0.55058384), (-0.7219053, -0.027691364, 0.035737902, -0.69051296), (0.82383853, 0.023134977, -0.04999098, 0.5641412), (0.99999976, 0.000011473894, 2.9802322e-8, -1.4901161e-7), (0.986297, -0.11578253, -0.098026544, 0.064831555), (0.88957286, 0.012609929, 0.22320342, 0.39834756), (-0.70195216, 0.013844848, -0.12565129, -0.7009153), (0.73677254, 0.035294086, 0.16041368, 0.6558864), (0.98953384, -0.13728467, -0.038247615, 0.022640675), (0.8757438, 0.049761444, 0.08841488, 0.47199523), (-0.69960856, 0.009908885, -0.060089856, -0.71192646), (0.745768, -0.037606418, 0.0968976, 0.658048), (0.8135421, 0.35988992, 0.45213762, -0.064806044), (0.985357, 0.085251376, -0.06012988, 0.1348635), (0.9611502, 0.12681933, 0.034809396, 0.24268422), (0.9623016, -0.012393184, 0.0048608184, 0.271659), (0.999758, -0.014980912, 0.016066074, -0.0010404587), (0.9999997, -2.9802322e-8, 1.4901161e-8, 1.4901161e-8), (0.9999997, -2.9802322e-8, 1.4901161e-8, 1.4901161e-8), (0.9999997, -2.9802322e-8, 1.4901161e-8, 1.4901161e-8), (0.49774545, -0.5022379, -0.4977521, -0.50224453), (0.23235688, 0.16969502, -0.029136121, 0.95726955), (0.94634664, -0.0055614095, 0.008318577, 0.32299802), (0.013138257, 0.9890427, -0.1469817, 0.004249245), (-0.00018808246, 0.6923474, 0.72156346, 0.0009318292), (0.9999789, -5.0198287e-7, 0.0002014041, -0.0064703096), (0.99999905, 1.8533319e-7, -0.0000012256205, -0.0011720322), (0.4991781, -0.5401869, 0.47998875, 0.47815254), (0.9999991, 4.079193e-7, 5.662441e-7, -0.00146183), (0.99945515, -0.03301422, 7.301569e-7, 0), (0.9978204, -0.065992504, 0.000001937151, 2.5331974e-7), (0.9949982, -0.099894404, 0.0000023692846, 2.5331974e-7), (1.0000002, 2.0768493e-7, 6.4074993e-7, 1.8626451e-8), (1.0000001, -7.450581e-9, 0.0000014454126, 2.9802322e-8), (1.0000001, 6.2864274e-7, 0.0000013634562, 9.685755e-8), (0.96330756, 0.024195917, 0.1415787, -0.22673437), (0.48503715, -0.008383762, 0.08532211, 0.8702806), (0.012132138, 0.99385124, 0.10333191, -0.03787145), (0.00041276217, 0.70394075, 0.71025777, 0.00036007166), (0.9999994, 0.000022180378, 0.00019471347, -0.000102080405), (0.99999857, 1.4621764e-7, -0.0000013113022, -0.0011720359), (-0.54018605, -0.49917752, -0.4781532, 0.479989), (0.9999987, 2.477318e-7, 6.2584877e-7, -0.0014618579), (0.9994546, -0.033014223, 1.1920929e-7, -8.381903e-9), (0.99781996, -0.06599243, 8.940697e-8, -1.3969839e-9), (0.994998, -0.09989436, 8.940697e-8, 6.7055225e-8), (0.9999999, 2.5704503e-7, 2.9802322e-8, -1.4901161e-8), (0.9999999, 1.4901161e-8, -1.4901161e-8, -1.4901161e-8), (0.9999999, 6.072223e-7, -5.2154064e-8, -1.1175871e-8), (0.50000113, -0.4999982, -0.5000012, -0.49999943), (0.50000113, -0.4999982, -0.5000012, -0.49999943), (0.50000113, -0.4999982, -0.5000012, -0.49999943), (0.50000113, -0.4999982, -0.5000012, -0.49999943)],
                15: [(0.99999994, -0.000064087755, 0.00029921174, 0.000050657003), (0.50346893, 0.60464144, 0.38122448, 0.48538196), (0.9914984, 0.04499162, 0.1205938, 0.019079007), (0.99960786, 0.0072021685, -0.011898756, 0.02430529), (0.99988574, 0.0075459555, -0.0017532557, 0.0129790455), (0.9998969, 0.009966847, 0.002980873, 0.009901665), (0.62853265, 0.14443481, -0.73851967, -0.19665645), (0.899925, 0.050340056, -0.42470962, 0.084982395), (0.6394543, 0.026739798, -0.1603784, 0.7514396), (0.9999995, 7.4505806e-8, 0, -1.4901161e-8), (0.9999995, 7.4505806e-8, 0, -1.4901161e-8), (0.9999995, 7.4505806e-8, 0, -1.4901161e-8), (0.9999995, 7.4505806e-8, 0, -1.4901161e-8), (0.73699534, 0.64305556, -0.12616628, -0.1655272), (0.99694014, 0.021107346, 0.0481261, -0.0578686), (0.8298545, 0.008511066, 0.02967748, 0.55712533), (0.7883171, -0.021625519, -0.017898466, 0.6146288), (-0.68960464, -0.022195071, 0.057070106, -0.7215926), (0.9993913, -0.019836277, 0.0136318505, -0.025254011), (0.85525095, -0.018159121, -0.013121933, 0.5177296), (-0.71978766, -0.02796787, 0.035753295, -0.69270873), (0.82218075, 0.023429662, -0.05004832, 0.56653774), (1.0000002, -0.000011205673, 0.0000014305115, 0.0000023841858), (0.9970827, 0.009035468, -0.055285066, 0.051844805), (-0.8986837, 0.061192304, -0.1576558, -0.4046821), (0.6998769, -0.014122248, 0.12669596, 0.70279515), (0.7391299, 0.034871817, 0.1595326, 0.653468), (0.9891258, -0.13906005, -0.041905493, 0.023165196), (0.8750658, 0.09460467, 0.036326945, 0.47327596), (-0.697569, 0.009968251, -0.06049291, -0.7138899), (0.7408869, -0.00077041984, 0.06507161, 0.6684699), (0.8107059, 0.3859884, 0.43910116, -0.030967623), (0.9805624, 0.09267335, -0.07687122, 0.15491882), (0.95001, 0.07334344, 0.013750911, 0.3031708), (0.9517816, -0.004781425, 0.0043203235, 0.3067088), (-0.014980624, -0.9997584, 0.001027185, 0.016060043), (0.99999994, -8.940697e-8, -2.9802322e-8, 0), (0.99999994, -8.940697e-8, -2.9802322e-8, 0), (0.99999994, -8.940697e-8, -2.9802322e-8, 0), (0.9989544, -0.04108344, 0.0048921257, 0.019459095), (1.0000001, -0.00010824436, 0.00019286573, 0.00007857382), (0.99997735, -0.00012239907, -0.0062603205, -0.0025077537), (0.99693525, 0.00037582463, 0.008983195, -0.07771555), (0.51130676, -0.48755798, -0.47603884, -0.5236788), (0.47614527, -0.52276766, -0.51150274, -0.48822647), (1.0000006, 1.4901161e-8, -1.1175871e-8, -6.184564e-10), (0.5115032, -0.48822588, -0.47614485, -0.522768), (1.0000002, 1.4901161e-8, 0, 4.656613e-10), (0.49774593, -0.50223243, -0.49775773, -0.50224423), (0.027792897, 0.66162026, 0.13018486, 0.7379283), (0.80703527, 0.091142535, -0.5645028, 0.14738917), (0.557428, -0.08752796, -0.04807298, 0.82419777), (1, -8.940697e-8, -2.9802322e-8, 0), (1, -8.940697e-8, -2.9802322e-8, 0), (1, -8.940697e-8, -2.9802322e-8, 0), (1, -8.940697e-8, -2.9802322e-8, 0), (0.6838857, 0.7266201, 0.06322223, -0.018084347), (0.9968302, 0.017203301, 0.051397324, -0.058244586), (0.7944213, -0.10650256, 0.09308007, 0.59066796), (-0.7902404, 0.021651894, 0.018052429, -0.6121486), (0.69250345, 0.04288459, -0.07366204, 0.7163619), (0.9993433, -0.019282222, 0.016863644, -0.025642186), (0.82299936, -0.123509705, 0.06537497, 0.5505854), (-0.7219055, -0.027691573, 0.035737693, -0.6905136), (0.82383907, 0.023134887, -0.049990952, 0.5641415), (1.0000002, 0.000011503696, 2.9802322e-8, -1.1920929e-7), (0.9862973, -0.115229785, -0.09834999, 0.06532723), (0.8895694, 0.012612462, 0.223216, 0.39834958), (-0.70195204, 0.013844401, -0.1256521, -0.7009164), (0.7367733, 0.035293996, 0.16041416, 0.65588665), (0.98958313, -0.1367549, -0.038562775, 0.023164243), (0.87574106, 0.049764067, 0.088428855, 0.47199732), (-0.69960827, 0.009908766, -0.060089916, -0.71192646), (0.74576783, -0.037606478, 0.09689757, 0.6580478), (0.8133805, 0.3599179, 0.45248836, -0.06423512), (0.98529685, 0.08524143, -0.060319364, 0.13522615), (0.9611515, 0.12683144, 0.034830898, 0.24267054), (0.9623019, -0.012392726, 0.004861057, 0.27165872), (0.99975836, -0.014980912, 0.016066074, -0.0010404587), (0.99999976, -4.4703484e-8, 2.9802322e-8, 7.450581e-9), (0.99999976, -4.4703484e-8, 2.9802322e-8, 7.450581e-9), (0.99999976, -4.4703484e-8, 2.9802322e-8, 7.450581e-9), (0.49774554, -0.5022379, -0.49775213, -0.5022446), (0.15638578, 0.11588451, -0.01997897, 0.98067087), (0.9474823, -0.016287541, 0.011542372, 0.31918484), (0.00209184, 0.9760622, -0.21726397, 0.00973177), (-0.00043931603, 0.6935828, 0.72037673, 0.00047707558), (0.9999919, -0.000016549602, 0.000014662743, -0.004034144), (0.9999994, 2.0221341e-7, -0.0000012367964, -0.0011720322), (0.49917823, -0.54018694, 0.47998884, 0.4781527), (0.99999917, 3.790483e-7, 5.364418e-7, -0.0014618672), (0.9994552, -0.033014223, 7.4505806e-7, -1.1175871e-8), (0.99782044, -0.065992475, 0.0000019967556, 2.4586916e-7), (0.9949982, -0.09989441, 0.000002413988, 3.1292439e-7), (1.0000004, 1.9418076e-7, 6.109476e-7, 2.2351742e-8), (1.0000005, 1.1175871e-8, 0.0000014975667, 2.7939677e-8), (1.0000005, 6.153714e-7, 0.0000013336539, 4.4703484e-8), (0.925895, -0.016853213, 0.08565371, -0.36755672), (0.47146088, -0.016835514, 0.06558594, 0.87928367), (0.039634988, 0.9892209, 0.13539268, -0.039242238), (0.00020650029, 0.7048137, 0.7093922, 0.00021162629), (0.99999815, 0.0000034719706, 0.0004325956, 0.0016942099), (0.9999989, 1.2665987e-7, -0.0000012814999, -0.0011720355), (-0.5401862, -0.4991777, -0.47815338, 0.47998917), (0.999999, 2.5890768e-7, 6.854534e-7, -0.0014618617), (0.999455, -0.03301423, 8.940697e-8, -1.765875e-8), (0.99782026, -0.065992445, 5.9604645e-8, 1.8626451e-9), (0.9949982, -0.09989439, 8.940697e-8, 6.3329935e-8), (1, 2.1606684e-7, -2.9802322e-8, -1.3038516e-8), (1, 1.4901161e-8, 0, -1.8626451e-8), (1, 6.03497e-7, -5.9604645e-8, -2.0489097e-8), (0.50000125, -0.4999982, -0.5000012, -0.4999994), (0.50000125, -0.4999982, -0.5000012, -0.4999994), (0.50000125, -0.4999982, -0.5000012, -0.4999994), (0.50000125, -0.4999982, -0.5000012, -0.4999994)],
                16: [(1, 0.00006150414, -0.00014905052, -0.000033360262), (0.49822137, 0.5602658, 0.38688183, 0.5368429), (0.9964955, 0.054071218, 0.061839946, 0.015782604), (0.99957585, -0.012843652, -0.01261206, 0.022899853), (0.99980354, -0.012700445, -0.0018967539, 0.015104132), (0.99982, -0.007958835, -0.0036266595, 0.016845696), (0.64426845, 0.1297907, -0.73361737, -0.17285298), (0.87495553, 0.060616493, -0.4528345, 0.16037206), (0.6758481, -0.026184067, -0.063948095, 0.73379445), (0.9999999, 7.4505806e-8, 2.9802322e-8, -1.4901161e-8), (0.9999999, 7.4505806e-8, 2.9802322e-8, -1.4901161e-8), (0.9999999, 7.4505806e-8, 2.9802322e-8, -1.4901161e-8), (0.9999999, 7.4505806e-8, 2.9802322e-8, -1.4901161e-8), (0.68888897, 0.6974091, -0.05525449, -0.18973571), (0.9967846, 0.02022028, 0.04960537, -0.05959314), (0.8298546, 0.008504808, 0.029673427, 0.5571259), (0.78831726, -0.021625698, -0.017898414, 0.61462903), (-0.6896049, -0.02219522, 0.057070106, -0.721593), (0.9993079, -0.020731121, 0.015211135, -0.026887625), (0.855251, -0.01816529, -0.01312542, 0.5177293), (-0.71978754, -0.027967483, 0.035753086, -0.69270897), (0.8221809, 0.023429602, -0.05004829, 0.5665377), (1.0000004, -0.000011146069, 0.0000014305115, 0.0000023543835), (0.99726045, 0.0081498325, -0.053688943, 0.050230235), (-0.89868426, 0.0611991, -0.15765229, -0.4046819), (0.69987744, -0.014122546, 0.126696, 0.70279485), (0.7391299, 0.034871846, 0.15953273, 0.6534681), (0.98910487, -0.1399613, -0.040102333, 0.021784276), (0.87506694, 0.094598114, 0.036323637, 0.47327554), (-0.6975689, 0.00996834, -0.06049299, -0.7138899), (0.74088687, -0.00077036023, 0.0650717, 0.6684698), (0.81030196, 0.38595292, 0.43970728, -0.033301026), (0.9805621, 0.09266786, -0.07687569, 0.15492222), (0.95000994, 0.07334339, 0.01375097, 0.3031711), (0.9517816, -0.004781476, 0.0043203384, 0.30670878), (-0.01498065, -0.9997586, 0.0010271636, 0.01606007), (1.0000002, -1.1920929e-7, -5.2154064e-8, -1.4901161e-8), (1.0000002, -1.1920929e-7, -5.2154064e-8, -1.4901161e-8), (1.0000002, -1.1920929e-7, -5.2154064e-8, -1.4901161e-8), (0.99891204, 0.031235157, 0.02152446, 0.027129551), (1, 0.00007274747, 0.00034622848, 0.00010613515), (0.9999783, 0.000058576697, -0.0061066896, -0.0024813062), (0.99650514, -0.0023529113, -0.006534204, -0.08324225), (0.51130676, -0.4875578, -0.47603872, -0.5236786), (0.47614515, -0.5227676, -0.5115027, -0.48822635), (1.0000004, 7.450581e-9, -7.450581e-9, -9.313226e-10), (0.5115031, -0.4882257, -0.4761447, -0.52276784), (0.9999999, 1.4901161e-8, 0, 4.656613e-10), (0.49774575, -0.5022323, -0.49775755, -0.5022441), (0.06670483, 0.6958865, 0.17018281, 0.6945004), (0.8611824, 0.06327155, -0.49356344, 0.10371771), (0.56517947, -0.049892813, -0.1423372, 0.8110634), (1.0000004, -8.940697e-8, -1.1920929e-7, 0), (1.0000004, -8.940697e-8, -1.1920929e-7, 0), (1.0000004, -8.940697e-8, -1.1920929e-7, 0), (1.0000004, -8.940697e-8, -1.1920929e-7, 0), (0.6516583, 0.75389236, -0.041291714, -0.07269022), (0.9970458, 0.01904428, 0.048556924, -0.05639586), (0.7944271, -0.10649949, 0.09307054, 0.59066325), (-0.790241, 0.021651953, 0.018052429, -0.612149), (0.6925039, 0.04288459, -0.07366204, 0.7163623), (0.9994643, -0.017474324, 0.013896376, -0.023959965), (0.8230045, -0.12350744, 0.06536603, 0.55058014), (-0.7219063, -0.027691662, 0.035737798, -0.6905135), (0.8238393, 0.023134947, -0.049990952, 0.56414175), (1.0000006, 0.000011473894, 2.9802322e-8, -1.1920929e-7), (0.9860883, -0.11351761, -0.101602525, 0.06649768), (0.88957435, 0.012615174, 0.22320962, 0.3983427), (-0.7019522, 0.013844609, -0.12565193, -0.7009163), (0.7367733, 0.035294026, 0.16041392, 0.65588665), (0.9896624, -0.13501379, -0.041787684, 0.024381787), (0.875746, 0.0497669, 0.08842105, 0.47199053), (-0.6996089, 0.009908736, -0.060089976, -0.7119268), (0.7457685, -0.037606567, 0.09689754, 0.6580483), (0.8121085, 0.36040384, 0.45495737, -0.060032994), (0.98484886, 0.08489798, -0.06481764, 0.13662136), (0.9611513, 0.12681626, 0.034803033, 0.24268517), (0.9623022, -0.012393132, 0.0048607886, 0.27165905), (0.9997587, -0.014980912, 0.016066104, -0.0010404289), (1.0000002, -2.9802322e-8, 0, 2.2351742e-8), (1.0000002, -2.9802322e-8, 0, 2.2351742e-8), (1.0000002, -2.9802322e-8, 0, 2.2351742e-8), (0.49774554, -0.502238, -0.49775213, -0.50224465), (0.02478895, 0.05646917, -0.052497387, 0.99671507), (0.97816265, -0.038200554, 0.01212804, 0.20394048), (-0.010265037, 0.9829881, -0.18306753, 0.010749668), (-0.0043016374, 0.65546775, 0.75521016, -0.0012195408), (0.9999985, 0.00004660897, -0.000031083822, -0.0018386089), (0.9999994, 1.648441e-7, -0.0000012665987, -0.0011720601), (0.4991783, -0.540187, 0.47998887, 0.47815266), (0.9999994, 3.594905e-7, 6.2584877e-7, -0.00146183), (0.99945533, -0.033014193, 7.1525574e-7, -7.450581e-9), (0.9978206, -0.06599253, 0.0000019669533, 2.4586916e-7), (0.99499846, -0.09989446, 0.0000024437904, 3.054738e-7), (1.0000004, 2.0582229e-7, 5.5134296e-7, 3.0966476e-8), (1.0000004, 3.4458935e-8, 0.0000014603138, 1.5599653e-8), (1.0000004, 6.086193e-7, 0.0000013485551, 6.7055225e-8), (0.90146405, 0.015016552, 0.04993581, -0.4297017), (0.5687301, -0.019659834, 0.0383664, 0.8213937), (0.05521543, 0.9917966, 0.1131195, -0.022241116), (0.00016909838, 0.7031317, 0.7110593, 0.000672698), (0.9999893, 7.8603625e-7, 0.0007288307, 0.004569091), (0.99999905, 1.3038516e-7, -0.0000012516975, -0.0011720359), (-0.5401863, -0.49917766, -0.4781534, 0.4799892), (0.9999989, 2.7101487e-7, 5.662441e-7, -0.001461857), (0.999455, -0.033014238, 2.9802322e-8, -1.1175871e-8), (0.99782014, -0.065992445, 1.1920929e-7, 0), (0.99499816, -0.099894375, 1.1920929e-7, 5.9604645e-8), (1, 2.3469329e-7, 0, -2.0489097e-8), (1, 0, 0, 0), (1, 5.941838e-7, -8.940697e-8, 5.5879354e-9), (0.5000012, -0.4999982, -0.5000012, -0.49999943), (0.5000012, -0.4999982, -0.5000012, -0.49999943), (0.5000012, -0.4999982, -0.5000012, -0.49999943), (0.5000012, -0.4999982, -0.5000012, -0.49999943)],
                17: [(1, 0.0000109690545, -0.00015095739, 0.000018483173), (0.48004657, 0.52323276, 0.41165692, 0.57124555), (0.9992699, 0.03475875, 0.003414929, 0.015498176), (0.9992776, -0.028750962, -0.012724213, 0.02135652), (0.99948716, -0.02847673, 0.0006926507, 0.014637921), (0.999498, -0.026150439, -0.00083234906, 0.017880395), (0.6810226, 0.10984939, -0.710418, -0.1394552), (0.8443087, 0.06549421, -0.48068902, 0.2275775), (0.6536057, -0.0932078, 0.028743148, 0.7505238), (1, 8.940697e-8, 0, -2.9802322e-8), (1, 8.940697e-8, 0, -2.9802322e-8), (1, 8.940697e-8, 0, -2.9802322e-8), (1, 8.940697e-8, 0, -2.9802322e-8), (0.6280184, 0.74897546, 0.058503926, -0.20299369), (0.9967218, 0.020230085, 0.05003494, -0.06027925), (0.8298543, 0.008506745, 0.029667884, 0.5571267), (0.7883173, -0.021625668, -0.01789853, 0.61462903), (-0.68960494, -0.02219513, 0.057070225, -0.72159296), (0.9992827, -0.020730108, 0.015669614, -0.027557671), (0.855251, -0.018163383, -0.013131022, 0.5177296), (-0.7197877, -0.027967453, 0.035753246, -0.6927091), (0.8221811, 0.023429632, -0.05004841, 0.5665379), (1.0000005, -0.000011205673, 0.0000014007092, 0.0000022947788), (0.99731815, 0.008138448, -0.053251505, 0.04954809), (-0.898685, 0.06119737, -0.15764725, -0.40468264), (0.69987744, -0.014122546, 0.12669578, 0.7027951), (0.7391299, 0.034871817, 0.15953264, 0.65346825), (0.98913765, -0.13997623, -0.03956747, 0.021173894), (0.87506735, 0.09459996, 0.036317825, 0.47327515), (-0.6975691, 0.00996846, -0.0604929, -0.7138901), (0.7408871, -0.00077036023, 0.06507146, 0.66846997), (0.8100822, 0.3862396, 0.43980524, -0.034022614), (0.98056114, 0.09266867, -0.07687628, 0.1549279), (0.95001006, 0.07334341, 0.013750911, 0.30317116), (0.9517817, -0.004781425, 0.004320413, 0.3067088), (-0.014980671, -0.9997586, 0.0010271487, 0.016060024), (1.0000002, -1.1920929e-7, -6.565824e-8, 2.9802322e-8), (1.0000002, -1.1920929e-7, -6.565824e-8, 2.9802322e-8), (1.0000002, -1.1920929e-7, -6.565824e-8, 2.9802322e-8), (0.9947023, 0.092343844, 0.024140373, 0.038180314), (1.0000002, 0.000164303, 0.00041921437, 0.00012610946), (0.999979, 0.00015009288, -0.0060334504, -0.0024619633), (0.99604887, -0.0014643252, -0.023358852, -0.08566925), (0.51130676, -0.48755792, -0.47603884, -0.5236787), (0.47614518, -0.5227677, -0.51150274, -0.48822638), (1.0000005, 1.4901161e-8, -1.1175871e-8, -9.313226e-10), (0.5115032, -0.48822588, -0.47614485, -0.5227679), (1.0000001, 1.4901161e-8, 0, 4.656613e-10), (0.49774593, -0.5022324, -0.4977577, -0.5022442), (0.09949282, 0.7119656, 0.18183206, 0.67092764), (0.910149, 0.05974564, -0.40793943, 0.040559724), (0.54330546, -0.03578542, -0.21809821, 0.809921), (1.0000002, -8.940697e-8, -1.1920929e-7, 1.4901161e-8), (1.0000002, -8.940697e-8, -1.1920929e-7, 1.4901161e-8), (1.0000002, -8.940697e-8, -1.1920929e-7, 1.4901161e-8), (1.0000002, -8.940697e-8, -1.1920929e-7, 1.4901161e-8), (0.62686884, 0.76227534, -0.10822891, -0.119410515), (0.99743956, 0.02077511, 0.044512123, -0.051978946), (0.79442084, -0.10650772, 0.0930469, 0.5906728), (-0.79024035, 0.021652162, 0.01805237, -0.61214846), (0.6925034, 0.04288453, -0.07366195, 0.7163616), (0.99963427, -0.015728444, 0.009646773, -0.019784957), (0.8229711, -0.123530775, 0.065315485, 0.5506297), (-0.72191554, -0.02770105, 0.035741232, -0.6905025), (0.82383907, 0.023134887, -0.04999107, 0.5641413), (1.0000002, 0.000011473894, 2.9802322e-8, -1.4901161e-7), (0.98554826, -0.11168352, -0.1063734, 0.07004732), (0.8895767, 0.012608647, 0.22318506, 0.39835066), (-0.70195246, 0.0138454735, -0.12565185, -0.7009158), (0.73677313, 0.035293967, 0.16041413, 0.65588653), (0.98959184, -0.13325053, -0.046594173, 0.02795878), (0.8757446, 0.04976031, 0.088395, 0.47199774), (-0.6996085, 0.009909093, -0.06009007, -0.71192646), (0.7457681, -0.037606567, 0.09689766, 0.6580478), (0.8127448, 0.35982105, 0.45502767, -0.05408603), (0.9846109, 0.08473549, -0.06673634, 0.1375086), (0.9611526, 0.12681611, 0.034802496, 0.24267896), (0.962302, -0.01239308, 0.004860729, 0.27165878), (0.9997584, -0.014980942, 0.016066074, -0.0010404587), (0.9999999, -2.9802322e-8, 0, -1.4901161e-8), (0.9999999, -2.9802322e-8, 0, -1.4901161e-8), (0.9999999, -2.9802322e-8, 0, -1.4901161e-8), (0.49774566, -0.50223804, -0.49775225, -0.5022447), (-0.06078116, -0.010982889, -0.037898183, 0.9973711), (0.9844575, -0.06426818, 0.010692984, 0.1630925), (-0.012150805, 0.99947315, 0.022394504, 0.020112753), (0.0034526885, 0.4708873, 0.8821864, 0.0007620007), (0.99999654, -0.000025073066, -0.00014305115, -0.0026802542), (0.9999994, 1.7508864e-7, -0.0000012218952, -0.0011720397), (0.4991783, -0.54018694, 0.47998884, 0.47815263), (0.99999934, 4.02797e-7, 5.364418e-7, -0.0014618449), (0.99945533, -0.033014208, 7.1525574e-7, 1.8626451e-8), (0.9978205, -0.0659925, 0.0000019967556, 2.2351742e-7), (0.9949984, -0.09989441, 0.0000023841858, 3.2037497e-7), (1.0000004, 2.1234155e-7, 5.662441e-7, -2.6077032e-8), (1.0000004, 2.9802322e-8, 0.000001475215, -1.8626451e-9), (1.0000004, 6.1281025e-7, 0.0000013411045, 4.0978193e-8), (0.9016087, 0.029832143, 0.009162664, -0.43142563), (0.7071922, -0.014210349, 0.01469839, 0.70672596), (0.062499937, 0.997015, 0.045315266, 0.0013320148), (0.000070512295, 0.7058363, 0.70837456, 0.00093892217), (0.99997, -0.000001925975, 0.0007227063, 0.007731799), (0.99999917, 1.0430813e-7, -0.0000013113022, -0.001172021), (-0.5401864, -0.4991778, -0.4781535, 0.47998932), (0.9999992, 2.5879126e-7, 6.2584877e-7, -0.0014618803), (0.9994552, -0.033014227, 2.9802322e-8, -1.8626451e-8), (0.99782044, -0.06599246, 8.940697e-8, 1.1175871e-8), (0.99499834, -0.0998944, 8.940697e-8, 5.2154064e-8), (1.0000002, 2.4028122e-7, -2.9802322e-8, 9.313226e-9), (1.0000002, 0, 0, 0), (1.0000002, 5.8021396e-7, -8.940697e-8, 3.7252903e-9), (0.50000125, -0.4999983, -0.50000125, -0.49999952), (0.50000125, -0.4999983, -0.50000125, -0.49999952), (0.50000125, -0.4999983, -0.50000125, -0.49999952), (0.50000125, -0.4999983, -0.50000125, -0.49999952)],
                18: [(0.99999994, -0.000048583486, 0.000053332686, 0.00025635233), (0.45077515, 0.50252825, 0.44961527, 0.58490443), (0.99885464, -0.0061953655, -0.045807905, 0.01236191), (0.99910843, -0.036529336, -0.011737831, 0.017612126), (0.9992394, -0.035974614, 0.005795911, 0.013886265), (0.9988823, -0.040523767, 0.010343134, 0.02202174), (0.7200615, 0.08249763, -0.6814117, -0.10189697), (0.81192106, 0.06560099, -0.5126676, 0.27138832), (0.624285, -0.14371109, 0.11151913, 0.7597224), (0.99999946, 7.4505806e-8, -2.9802322e-8, -1.4901161e-8), (0.99999946, 7.4505806e-8, -2.9802322e-8, -1.4901161e-8), (0.99999946, 7.4505806e-8, -2.9802322e-8, -1.4901161e-8), (0.99999946, 7.4505806e-8, -2.9802322e-8, -1.4901161e-8), (0.5910113, 0.77804685, 0.09935644, -0.18835163), (0.9967315, 0.020200908, 0.050160825, -0.06001231), (0.82985055, 0.008505225, 0.029667854, 0.5571312), (0.788317, -0.021625727, -0.017898317, 0.61462843), (-0.6896045, -0.022195026, 0.057069898, -0.7215928), (0.9992875, -0.02074653, 0.015785068, -0.027284801), (0.85524756, -0.018163979, -0.013132006, 0.51773417), (-0.71978736, -0.027967393, 0.035752956, -0.6927085), (0.8221805, 0.023429483, -0.05004832, 0.56653756), (0.9999999, -0.000011146069, 0.0000014305115, 0.0000022947788), (0.99731076, 0.008149445, -0.053127766, 0.049817353), (-0.8986823, 0.061197788, -0.15764543, -0.40468773), (0.6998769, -0.014122516, 0.12669586, 0.7027947), (0.73912966, 0.034871757, 0.15953276, 0.65346766), (0.9891348, -0.13997188, -0.039484978, 0.021458983), (0.87506425, 0.09459877, 0.036315918, 0.4732799), (-0.69756883, 0.0099684, -0.06049303, -0.7138894), (0.74088645, -0.0007703006, 0.06507188, 0.66846955), (0.8100407, 0.38610902, 0.44000793, -0.033855006), (0.9805607, 0.09266436, -0.07687256, 0.1549312), (0.9500095, 0.07334323, 0.013751, 0.30317077), (0.95178115, -0.0047815144, 0.0043203235, 0.30670854), (-0.014980647, -0.9997581, 0.0010271459, 0.016059995), (0.99999976, -1.0430813e-7, -4.4703484e-8, 0), (0.99999976, -1.0430813e-7, -4.4703484e-8, 0), (0.99999976, -1.0430813e-7, -4.4703484e-8, 0), (0.9909697, 0.12453138, 0.007562205, 0.049128525), (0.9999999, 0.00014416128, 0.00024221838, 0.00018518418), (0.9999777, 0.00013076793, -0.0062104315, -0.0024027824), (0.99579537, 0.002039268, -0.030958086, -0.086189985), (0.5113067, -0.4875579, -0.47603872, -0.5236786), (0.4761451, -0.52276754, -0.5115026, -0.48822632), (1.0000002, 7.450581e-9, -1.4901161e-8, 4.656613e-10), (0.5115031, -0.48822573, -0.47614473, -0.5227678), (0.99999994, 1.4901161e-8, 4.656613e-10, 4.656613e-10), (0.4977458, -0.50223225, -0.4977576, -0.50224406), (0.12897366, 0.7247467, 0.18673559, 0.65056705), (0.94833314, 0.059503496, -0.31146985, -0.010463148), (0.5259472, -0.026037902, -0.26458347, 0.8078962), (0.9999994, -7.4505806e-8, -1.1920929e-7, 1.4901161e-8), (0.9999994, -7.4505806e-8, -1.1920929e-7, 1.4901161e-8), (0.9999994, -7.4505806e-8, -1.1920929e-7, 1.4901161e-8), (0.9999994, -7.4505806e-8, -1.1920929e-7, 1.4901161e-8), (0.6202924, 0.76121837, -0.13932456, -0.12795156), (0.9976734, 0.020773798, 0.043899447, -0.047833443), (0.7944064, -0.1065107, 0.0930621, 0.5906879), (-0.7902397, 0.021651894, 0.018052414, -0.612148), (0.69250304, 0.0428845, -0.07366198, 0.71636105), (0.9996275, -0.015396148, 0.010815442, -0.019746304), (0.8208394, -0.1250697, 0.0633108, 0.5536883), (-0.721895, -0.027681395, 0.035734218, -0.690524), (0.8238382, 0.023134917, -0.049990863, 0.5641411), (0.9999996, 0.000011473894, 2.9802322e-8, -1.1920929e-7), (0.98519015, -0.11115019, -0.10754086, 0.07402831), (0.8895657, 0.012607127, 0.22319147, 0.3983698), (-0.7019517, 0.01384455, -0.12565184, -0.7009156), (0.73677266, 0.03529392, 0.16041383, 0.655886), (0.9894532, -0.13293338, -0.04784903, 0.03194976), (0.8757327, 0.049758762, 0.088404715, 0.47201696), (-0.6996082, 0.009908885, -0.06008986, -0.7119261), (0.7457678, -0.037606567, 0.09689742, 0.65804756), (0.8132671, 0.3573366, 0.4562894, -0.0520235), (0.9843992, 0.08479578, -0.06621903, 0.1392209), (0.9611483, 0.1268232, 0.03481731, 0.24268736), (0.9623015, -0.012392989, 0.0048608184, 0.27165872), (0.99975765, -0.014980942, 0.016066074, -0.0010404289), (0.9999994, -2.9802322e-8, 0, 0), (0.9999994, -2.9802322e-8, 0, 0), (0.9999994, -2.9802322e-8, 0, 0), (0.4977454, -0.5022378, -0.497752, -0.5022445), (-0.13997066, -0.0640094, 0.008651882, 0.98804677), (0.9898982, -0.0852646, 0.009720176, 0.112860814), (0.011936858, 0.9576602, 0.28722087, 0.015779227), (0.002178371, 0.4275113, 0.90400326, 0.0027922392), (0.99999964, -0.000007543713, -0.00014996529, 0.0011169051), (0.9999994, 1.7881393e-7, -0.0000012516975, -0.0011720359), (0.49917832, -0.540187, 0.47998887, 0.47815266), (0.9999994, 3.7811697e-7, 5.364418e-7, -0.0014618449), (0.99945545, -0.03301423, 7.1525574e-7, 1.4901161e-8), (0.9978206, -0.06599253, 0.0000019669533, 2.2351742e-7), (0.99499846, -0.09989443, 0.0000023841858, 3.054738e-7), (1.0000006, 1.9930303e-7, 5.662441e-7, 1.4901161e-8), (1.0000005, -3.7252903e-9, 0.000001475215, 5.2154064e-8), (1.0000006, 6.109476e-7, 0.000001385808, 5.9604645e-8), (0.9188826, 0.016706252, -0.03744456, -0.39239475), (0.84289855, -0.0036581052, 0.002089357, 0.538056), (0.061109155, 0.9957324, -0.06244878, 0.02970776), (-0.000018119812, 0.70710737, 0.7071058, 0.00016927719), (0.9999821, 0.0000029690564, 0.000259161, 0.0059188996), (0.9999989, 1.3783574e-7, -0.0000012814999, -0.0011720434), (-0.54018617, -0.49917763, -0.47815335, 0.47998917), (0.9999989, 2.7986243e-7, 7.003546e-7, -0.0014618412), (0.9994549, -0.033014245, 1.0430813e-7, -1.1175871e-8), (0.99782014, -0.065992445, 7.4505806e-8, -1.4901161e-8), (0.9949981, -0.09989433, 5.9604645e-8, 5.9604645e-8), (1, 2.2025779e-7, -2.9802322e-8, -1.8626451e-8), (1, 0, 0, 0), (1, 6.0745515e-7, -5.9604645e-8, -1.8626451e-8), (0.5000012, -0.4999982, -0.5000012, -0.49999934), (0.5000012, -0.4999982, -0.5000012, -0.49999934), (0.5000012, -0.4999982, -0.5000012, -0.49999934), (0.5000012, -0.4999982, -0.5000012, -0.49999934)],
            }
            half3[] scales.timeSamples = {
                0: [(1, 1, 1), (1, 1, 1), (1, 1, 1), (1, 1, 1), (1, 1, 1), (1, 1, 1), (1, 1, 1), (1, 1, 1), (1, 1, 1), (1, 1, 1), (1, 1, 1), (1, 1, 1), (1, 1, 1), (1, 1, 1), (1, 1, 1), (1, 1, 1), (1, 1, 1), (1, 1, 1), (1, 1, 1), (1, 1, 1), (1, 1, 1), (1, 1, 1), (1, 1, 1), (1, 1, 1), (1, 1, 1), (1, 1, 1), (1, 1, 1), (1, 1, 1), (1, 1, 1), (1, 1, 1), (1, 1, 1), (1, 1, 1), (1, 1, 1), (1, 1, 1), (1, 1, 1), (1, 1, 1), (1, 1, 1), (1, 1, 1), (1, 1, 1), (1, 1, 1), (1, 1, 1), (1, 1, 1), (1, 1, 1), (1, 1, 1), (1, 1, 1), (1, 1, 1), (1, 1, 1), (1, 1, 1), (1, 1, 1), (1, 1, 1), (1, 1, 1), (1, 1, 1), (1, 1, 1), (1, 1, 1), (1, 1, 1), (1, 1, 1), (1, 1, 1), (1, 1, 1), (1, 1, 1), (1, 1, 1), (1, 1, 1), (1, 1, 1), (1, 1, 1), (1, 1, 1), (1, 1, 1), (1, 1, 1), (1, 1, 1), (1, 1, 1), (1, 1, 1), (1, 1, 1), (1, 1, 1), (1, 1, 1), (1, 1, 1), (1, 1, 1), (1, 1, 1), (1, 1, 1), (1, 1, 1), (1, 1, 1), (1, 1, 1), (1, 1, 1), (1, 1, 1), (1, 1, 1), (1, 1, 1), (1, 1, 1), (1, 1, 1), (1, 1, 1), (1, 1, 1), (1, 1, 1), (1, 1, 1), (1, 1, 1), (1, 1, 1), (1, 1, 1), (1, 1, 1), (1, 1, 1), (1, 1, 1), (1, 1, 1), (1, 1, 1), (1, 1, 1), (1, 1, 1), (1, 1, 1), (1, 1, 1), (1, 1, 1), (1, 1, 1), (1, 1, 1), (1, 1, 1), (1, 1, 1), (1, 1, 1), (1, 1, 1), (1, 1, 1), (1, 1, 1), (1, 1, 1), (1, 1, 1), (1, 1, 1), (1, 1, 1), (1, 1, 1)],
                1: [(1, 1, 1), (1, 1, 1), (1, 1, 1), (1, 1, 1), (1, 1, 1), (1, 1, 1), (1, 1, 1), (1, 1, 1), (1, 1, 1), (1, 1, 1), (1, 1, 1), (1, 1, 1), (1, 1, 1), (1, 1, 1), (1, 1, 1), (1, 1, 1), (1, 1, 1), (1, 1, 1), (1, 1, 1), (1, 1, 1), (1, 1, 1), (1, 1, 1), (1, 1, 1), (1, 1, 1), (1, 1, 1), (1, 1, 1), (1, 1, 1), (1, 1, 1), (1, 1, 1), (1, 1, 1), (1, 1, 1), (1, 1, 1), (1, 1, 1), (1, 1, 1), (1, 1, 1), (1, 1, 1), (1, 1, 1), (1, 1, 1), (1, 1, 1), (1, 1, 1), (1, 1, 1), (1, 1, 1), (1, 1, 1), (1, 1, 1), (1, 1, 1), (1, 1, 1), (1, 1, 1), (1, 1, 1), (1, 1, 1), (1, 1, 1), (1, 1, 1), (1, 1, 1), (1, 1, 1), (1, 1, 1), (1, 1, 1), (1, 1, 1), (1, 1, 1), (1, 1, 1), (1, 1, 1), (1, 1, 1), (1, 1, 1), (1, 1, 1), (1, 1, 1), (1, 1, 1), (1, 1, 1), (1, 1, 1), (1, 1, 1), (1, 1, 1), (1, 1, 1), (1, 1, 1), (1, 1, 1), (1, 1, 1), (1, 1, 1), (1, 1, 1), (1, 1, 1), (1, 1, 1), (1, 1, 1), (1, 1, 1), (1, 1, 1), (1, 1, 1), (1, 1, 1), (1, 1, 1), (1, 1, 1), (1, 1, 1), (1, 1, 1), (1, 1, 1), (1, 1, 1), (1, 1, 1), (1, 1, 1), (1, 1, 1), (1, 1, 1), (1, 1, 1), (1, 1, 1), (1, 1, 1), (1, 1, 1), (1, 1, 1), (1, 1, 1), (1, 1, 1), (1, 1, 1), (1, 1, 1), (1, 1, 1), (1, 1, 1), (1, 1, 1), (1, 1, 1), (1, 1, 1), (1, 1, 1), (1, 1, 1), (1, 1, 1), (1, 1, 1), (1, 1, 1), (1, 1, 1), (1, 1, 1), (1, 1, 1), (1, 1, 1), (1, 1, 1)],
                2: [(1, 1, 1), (1, 1, 1), (1, 1, 1), (1, 1, 1), (1, 1, 1), (1, 1, 1), (1, 1, 1), (1, 1, 1), (1, 1, 1), (1, 1, 1), (1, 1, 1), (1, 1, 1), (1, 1, 1), (1, 1, 1), (1, 1, 1), (1, 1, 1), (1, 1, 1), (1, 1, 1), (1, 1, 1), (1, 1, 1), (1, 1, 1), (1, 1, 1), (1, 1, 1), (1, 1, 1), (1, 1, 1), (1, 1, 1), (1, 1, 1), (1, 1, 1), (1, 1, 1), (1, 1, 1), (1, 1, 1), (1, 1, 1), (1, 1, 1), (1, 1, 1), (1, 1, 1), (1, 1, 1), (1, 1, 1), (1, 1, 1), (1, 1, 1), (1, 1, 1), (1, 1, 1), (1, 1, 1), (1, 1, 1), (1, 1, 1), (1, 1, 1), (1, 1, 1), (1, 1, 1), (1, 1, 1), (1, 1, 1), (1, 1, 1), (1, 1, 1), (1, 1, 1), (1, 1, 1), (1, 1, 1), (1, 1, 1), (1, 1, 1), (1, 1, 1), (1, 1, 1), (1, 1, 1), (1, 1, 1), (1, 1, 1), (1, 1, 1), (1, 1, 1), (1, 1, 1), (1, 1, 1), (1, 1, 1), (1, 1, 1), (1, 1, 1), (1, 1, 1), (1, 1, 1), (1, 1, 1), (1, 1, 1), (1, 1, 1), (1, 1, 1), (1, 1, 1), (1, 1, 1), (1, 1, 1), (1, 1, 1), (1, 1, 1), (1, 1, 1), (1, 1, 1), (1, 1, 1), (1, 1, 1), (1, 1, 1), (1, 1, 1), (1, 1, 1), (1, 1, 1), (1, 1, 1), (1, 1, 1), (1, 1, 1), (1, 1, 1), (1, 1, 1), (1, 1, 1), (1, 1, 1), (1, 1, 1), (1, 1, 1), (1, 1, 1), (1, 1, 1), (1, 1, 1), (1, 1, 1), (1, 1, 1), (1, 1, 1), (1, 1, 1), (1, 1, 1), (1, 1, 1), (1, 1, 1), (1, 1, 1), (1, 1, 1), (1, 1, 1), (1, 1, 1), (1, 1, 1), (1, 1, 1), (1, 1, 1), (1, 1, 1), (1, 1, 1)],
                3: [(1, 1, 1), (1, 1, 1), (1, 1, 1), (1, 1, 1), (1, 1, 1), (1, 1, 1), (1, 1, 1), (1, 1, 1), (1, 1, 1), (1, 1, 1), (1, 1, 1), (1, 1, 1), (1, 1, 1), (1, 1, 1), (1, 1, 1), (1, 1, 1), (1, 1, 1), (1, 1, 1), (1, 1, 1), (1, 1, 1), (1, 1, 1), (1, 1, 1), (1, 1, 1), (1, 1, 1), (1, 1, 1), (1, 1, 1), (1, 1, 1), (1, 1, 1), (1, 1, 1), (1, 1, 1), (1, 1, 1), (1, 1, 1), (1, 1, 1), (1, 1, 1), (1, 1, 1), (1, 1, 1), (1, 1, 1), (1, 1, 1), (1, 1, 1), (1, 1, 1), (1, 1, 1), (1, 1, 1), (1, 1, 1), (1, 1, 1), (1, 1, 1), (1, 1, 1), (1, 1, 1), (1, 1, 1), (1, 1, 1), (1, 1, 1), (1, 1, 1), (1, 1, 1), (1, 1, 1), (1, 1, 1), (1, 1, 1), (1, 1, 1), (1, 1, 1), (1, 1, 1), (1, 1, 1), (1, 1, 1), (1, 1, 1), (1, 1, 1), (1, 1, 1), (1, 1, 1), (1, 1, 1), (1, 1, 1), (1, 1, 1), (1, 1, 1), (1, 1, 1), (1, 1, 1), (1, 1, 1), (1, 1, 1), (1, 1, 1), (1, 1, 1), (1, 1, 1), (1, 1, 1), (1, 1, 1), (1, 1, 1), (1, 1, 1), (1, 1, 1), (1, 1, 1), (1, 1, 1), (1, 1, 1), (1, 1, 1), (1, 1, 1), (1, 1, 1), (1, 1, 1), (1, 1, 1), (1, 1, 1), (1, 1, 1), (1, 1, 1), (1, 1, 1), (1, 1, 1), (1, 1, 1), (1, 1, 1), (1, 1, 1), (1, 1, 1), (1, 1, 1), (1, 1, 1), (1, 1, 1), (1, 1, 1), (1, 1, 1), (1, 1, 1), (1, 1, 1), (1, 1, 1), (1, 1, 1), (1, 1, 1), (1, 1, 1), (1, 1, 1), (1, 1, 1), (1, 1, 1), (1, 1, 1), (1, 1, 1), (1, 1, 1), (1, 1, 1)],
                4: [(1, 1, 1), (1, 1, 1), (1, 1, 1), (1, 1, 1), (1, 1, 1), (1, 1, 1), (1, 1, 1), (1, 1, 1), (1, 1, 1), (1, 1, 1), (1, 1, 1), (1, 1, 1), (1, 1, 1), (1, 1, 1), (1, 1, 1), (1, 1, 1), (1, 1, 1), (1, 1, 1), (1, 1, 1), (1, 1, 1), (1, 1, 1), (1, 1, 1), (1, 1, 1), (1, 1, 1), (1, 1, 1), (1, 1, 1), (1, 1, 1), (1, 1, 1), (1, 1, 1), (1, 1, 1), (1, 1, 1), (1, 1, 1), (1, 1, 1), (1, 1, 1), (1, 1, 1), (1, 1, 1), (1, 1, 1), (1, 1, 1), (1, 1, 1), (1, 1, 1), (1, 1, 1), (1, 1, 1), (1, 1, 1), (1, 1, 1), (1, 1, 1), (1, 1, 1), (1, 1, 1), (1, 1, 1), (1, 1, 1), (1, 1, 1), (1, 1, 1), (1, 1, 1), (1, 1, 1), (1, 1, 1), (1, 1, 1), (1, 1, 1), (1, 1, 1), (1, 1, 1), (1, 1, 1), (1, 1, 1), (1, 1, 1), (1, 1, 1), (1, 1, 1), (1, 1, 1), (1, 1, 1), (1, 1, 1), (1, 1, 1), (1, 1, 1), (1, 1, 1), (1, 1, 1), (1, 1, 1), (1, 1, 1), (1, 1, 1), (1, 1, 1), (1, 1, 1), (1, 1, 1), (1, 1, 1), (1, 1, 1), (1, 1, 1), (1, 1, 1), (1, 1, 1), (1, 1, 1), (1, 1, 1), (1, 1, 1), (1, 1, 1), (1, 1, 1), (1, 1, 1), (1, 1, 1), (1, 1, 1), (1, 1, 1), (1, 1, 1), (1, 1, 1), (1, 1, 1), (1, 1, 1), (1, 1, 1), (1, 1, 1), (1, 1, 1), (1, 1, 1), (1, 1, 1), (1, 1, 1), (1, 1, 1), (1, 1, 1), (1, 1, 1), (1, 1, 1), (1, 1, 1), (1, 1, 1), (1, 1, 1), (1, 1, 1), (1, 1, 1), (1, 1, 1), (1, 1, 1), (1, 1, 1), (1, 1, 1), (1, 1, 1), (1, 1, 1)],
                5: [(1, 1, 1), (1, 1, 1), (1, 1, 1), (1, 1, 1), (1, 1, 1), (1, 1, 1), (1, 1, 1), (1, 1, 1), (1, 1, 1), (1, 1, 1), (1, 1, 1), (1, 1, 1), (1, 1, 1), (1, 1, 1), (1, 1, 1), (1, 1, 1), (1, 1, 1), (1, 1, 1), (1, 1, 1), (1, 1, 1), (1, 1, 1), (1, 1, 1), (1, 1, 1), (1, 1, 1), (1, 1, 1), (1, 1, 1), (1, 1, 1), (1, 1, 1), (1, 1, 1), (1, 1, 1), (1, 1, 1), (1, 1, 1), (1, 1, 1), (1, 1, 1), (1, 1, 1), (1, 1, 1), (1, 1, 1), (1, 1, 1), (1, 1, 1), (1, 1, 1), (1, 1, 1), (1, 1, 1), (1, 1, 1), (1, 1, 1), (1, 1, 1), (1, 1, 1), (1, 1, 1), (1, 1, 1), (1, 1, 1), (1, 1, 1), (1, 1, 1), (1, 1, 1), (1, 1, 1), (1, 1, 1), (1, 1, 1), (1, 1, 1), (1, 1, 1), (1, 1, 1), (1, 1, 1), (1, 1, 1), (1, 1, 1), (1, 1, 1), (1, 1, 1), (1, 1, 1), (1, 1, 1), (1, 1, 1), (1, 1, 1), (1, 1, 1), (1, 1, 1), (1, 1, 1), (1, 1, 1), (1, 1, 1), (1, 1, 1), (1, 1, 1), (1, 1, 1), (1, 1, 1), (1, 1, 1), (1, 1, 1), (1, 1, 1), (1, 1, 1), (1, 1, 1), (1, 1, 1), (1, 1, 1), (1, 1, 1), (1, 1, 1), (1, 1, 1), (1, 1, 1), (1, 1, 1), (1, 1, 1), (1, 1, 1), (1, 1, 1), (1, 1, 1), (1, 1, 1), (1, 1, 1), (1, 1, 1), (1, 1, 1), (1, 1, 1), (1, 1, 1), (1, 1, 1), (1, 1, 1), (1, 1, 1), (1, 1, 1), (1, 1, 1), (1, 1, 1), (1, 1, 1), (1, 1, 1), (1, 1, 1), (1, 1, 1), (1, 1, 1), (1, 1, 1), (1, 1, 1), (1, 1, 1), (1, 1, 1), (1, 1, 1), (1, 1, 1)],
                6: [(1, 1, 1), (1, 1, 1), (1, 1, 1), (1, 1, 1), (1, 1, 1), (1, 1, 1), (1, 1, 1), (1, 1, 1), (1, 1, 1), (1, 1, 1), (1, 1, 1), (1, 1, 1), (1, 1, 1), (1, 1, 1), (1, 1, 1), (1, 1, 1), (1, 1, 1), (1, 1, 1), (1, 1, 1), (1, 1, 1), (1, 1, 1), (1, 1, 1), (1, 1, 1), (1, 1, 1), (1, 1, 1), (1, 1, 1), (1, 1, 1), (1, 1, 1), (1, 1, 1), (1, 1, 1), (1, 1, 1), (1, 1, 1), (1, 1, 1), (1, 1, 1), (1, 1, 1), (1, 1, 1), (1, 1, 1), (1, 1, 1), (1, 1, 1), (1, 1, 1), (1, 1, 1), (1, 1, 1), (1, 1, 1), (1, 1, 1), (1, 1, 1), (1, 1, 1), (1, 1, 1), (1, 1, 1), (1, 1, 1), (1, 1, 1), (1, 1, 1), (1, 1, 1), (1, 1, 1), (1, 1, 1), (1, 1, 1), (1, 1, 1), (1, 1, 1), (1, 1, 1), (1, 1, 1), (1, 1, 1), (1, 1, 1), (1, 1, 1), (1, 1, 1), (1, 1, 1), (1, 1, 1), (1, 1, 1), (1, 1, 1), (1, 1, 1), (1, 1, 1), (1, 1, 1), (1, 1, 1), (1, 1, 1), (1, 1, 1), (1, 1, 1), (1, 1, 1), (1, 1, 1), (1, 1, 1), (1, 1, 1), (1, 1, 1), (1, 1, 1), (1, 1, 1), (1, 1, 1), (1, 1, 1), (1, 1, 1), (1, 1, 1), (1, 1, 1), (1, 1, 1), (1, 1, 1), (1, 1, 1), (1, 1, 1), (1, 1, 1), (1, 1, 1), (1, 1, 1), (1, 1, 1), (1, 1, 1), (1, 1, 1), (1, 1, 1), (1, 1, 1), (1, 1, 1), (1, 1, 1), (1, 1, 1), (1, 1, 1), (1, 1, 1), (1, 1, 1), (1, 1, 1), (1, 1, 1), (1, 1, 1), (1, 1, 1), (1, 1, 1), (1, 1, 1), (1, 1, 1), (1, 1, 1), (1, 1, 1), (1, 1, 1), (1, 1, 1)],
                7: [(1, 1, 1), (1, 1, 1), (1, 1, 1), (1, 1, 1), (1, 1, 1), (1, 1, 1), (1, 1, 1), (1, 1, 1), (1, 1, 1), (1, 1, 1), (1, 1, 1), (1, 1, 1), (1, 1, 1), (1, 1, 1), (1, 1, 1), (1, 1, 1), (1, 1, 1), (1, 1, 1), (1, 1, 1), (1, 1, 1), (1, 1, 1), (1, 1, 1), (1, 1, 1), (1, 1, 1), (1, 1, 1), (1, 1, 1), (1, 1, 1), (1, 1, 1), (1, 1, 1), (1, 1, 1), (1, 1, 1), (1, 1, 1), (1, 1, 1), (1, 1, 1), (1, 1, 1), (1, 1, 1), (1, 1, 1), (1, 1, 1), (1, 1, 1), (1, 1, 1), (1, 1, 1), (1, 1, 1), (1, 1, 1), (1, 1, 1), (1, 1, 1), (1, 1, 1), (1, 1, 1), (1, 1, 1), (1, 1, 1), (1, 1, 1), (1, 1, 1), (1, 1, 1), (1, 1, 1), (1, 1, 1), (1, 1, 1), (1, 1, 1), (1, 1, 1), (1, 1, 1), (1, 1, 1), (1, 1, 1), (1, 1, 1), (1, 1, 1), (1, 1, 1), (1, 1, 1), (1, 1, 1), (1, 1, 1), (1, 1, 1), (1, 1, 1), (1, 1, 1), (1, 1, 1), (1, 1, 1), (1, 1, 1), (1, 1, 1), (1, 1, 1), (1, 1, 1), (1, 1, 1), (1, 1, 1), (1, 1, 1), (1, 1, 1), (1, 1, 1), (1, 1, 1), (1, 1, 1), (1, 1, 1), (1, 1, 1), (1, 1, 1), (1, 1, 1), (1, 1, 1), (1, 1, 1), (1, 1, 1), (1, 1, 1), (1, 1, 1), (1, 1, 1), (1, 1, 1), (1, 1, 1), (1, 1, 1), (1, 1, 1), (1, 1, 1), (1, 1, 1), (1, 1, 1), (1, 1, 1), (1, 1, 1), (1, 1, 1), (1, 1, 1), (1, 1, 1), (1, 1, 1), (1, 1, 1), (1, 1, 1), (1, 1, 1), (1, 1, 1), (1, 1, 1), (1, 1, 1), (1, 1, 1), (1, 1, 1), (1, 1, 1), (1, 1, 1)],
                8: [(1, 1, 1), (1, 1, 1), (1, 1, 1), (1, 1, 1), (1, 1, 1), (1, 1, 1), (1, 1, 1), (1, 1, 1), (1, 1, 1), (1, 1, 1), (1, 1, 1), (1, 1, 1), (1, 1, 1), (1, 1, 1), (1, 1, 1), (1, 1, 1), (1, 1, 1), (1, 1, 1), (1, 1, 1), (1, 1, 1), (1, 1, 1), (1, 1, 1), (1, 1, 1), (1, 1, 1), (1, 1, 1), (1, 1, 1), (1, 1, 1), (1, 1, 1), (1, 1, 1), (1, 1, 1), (1, 1, 1), (1, 1, 1), (1, 1, 1), (1, 1, 1), (1, 1, 1), (1, 1, 1), (1, 1, 1), (1, 1, 1), (1, 1, 1), (1, 1, 1), (1, 1, 1), (1, 1, 1), (1, 1, 1), (1, 1, 1), (1, 1, 1), (1, 1, 1), (1, 1, 1), (1, 1, 1), (1, 1, 1), (1, 1, 1), (1, 1, 1), (1, 1, 1), (1, 1, 1), (1, 1, 1), (1, 1, 1), (1, 1, 1), (1, 1, 1), (1, 1, 1), (1, 1, 1), (1, 1, 1), (1, 1, 1), (1, 1, 1), (1, 1, 1), (1, 1, 1), (1, 1, 1), (1, 1, 1), (1, 1, 1), (1, 1, 1), (1, 1, 1), (1, 1, 1), (1, 1, 1), (1, 1, 1), (1, 1, 1), (1, 1, 1), (1, 1, 1), (1, 1, 1), (1, 1, 1), (1, 1, 1), (1, 1, 1), (1, 1, 1), (1, 1, 1), (1, 1, 1), (1, 1, 1), (1, 1, 1), (1, 1, 1), (1, 1, 1), (1, 1, 1), (1, 1, 1), (1, 1, 1), (1, 1, 1), (1, 1, 1), (1, 1, 1), (1, 1, 1), (1, 1, 1), (1, 1, 1), (1, 1, 1), (1, 1, 1), (1, 1, 1), (1, 1, 1), (1, 1, 1), (1, 1, 1), (1, 1, 1), (1, 1, 1), (1, 1, 1), (1, 1, 1), (1, 1, 1), (1, 1, 1), (1, 1, 1), (1, 1, 1), (1, 1, 1), (1, 1, 1), (1, 1, 1), (1, 1, 1), (1, 1, 1), (1, 1, 1)],
                9: [(1, 1, 1), (1, 1, 1), (1, 1, 1), (1, 1, 1), (1, 1, 1), (1, 1, 1), (1, 1, 1), (1, 1, 1), (1, 1, 1), (1, 1, 1), (1, 1, 1), (1, 1, 1), (1, 1, 1), (1, 1, 1), (1, 1, 1), (1, 1, 1), (1, 1, 1), (1, 1, 1), (1, 1, 1), (1, 1, 1), (1, 1, 1), (1, 1, 1), (1, 1, 1), (1, 1, 1), (1, 1, 1), (1, 1, 1), (1, 1, 1), (1, 1, 1), (1, 1, 1), (1, 1, 1), (1, 1, 1), (1, 1, 1), (1, 1, 1), (1, 1, 1), (1, 1, 1), (1, 1, 1), (1, 1, 1), (1, 1, 1), (1, 1, 1), (1, 1, 1), (1, 1, 1), (1, 1, 1), (1, 1, 1), (1, 1, 1), (1, 1, 1), (1, 1, 1), (1, 1, 1), (1, 1, 1), (1, 1, 1), (1, 1, 1), (1, 1, 1), (1, 1, 1), (1, 1, 1), (1, 1, 1), (1, 1, 1), (1, 1, 1), (1, 1, 1), (1, 1, 1), (1, 1, 1), (1, 1, 1), (1, 1, 1), (1, 1, 1), (1, 1, 1), (1, 1, 1), (1, 1, 1), (1, 1, 1), (1, 1, 1), (1, 1, 1), (1, 1, 1), (1, 1, 1), (1, 1, 1), (1, 1, 1), (1, 1, 1), (1, 1, 1), (1, 1, 1), (1, 1, 1), (1, 1, 1), (1, 1, 1), (1, 1, 1), (1, 1, 1), (1, 1, 1), (1, 1, 1), (1, 1, 1), (1, 1, 1), (1, 1, 1), (1, 1, 1), (1, 1, 1), (1, 1, 1), (1, 1, 1), (1, 1, 1), (1, 1, 1), (1, 1, 1), (1, 1, 1), (1, 1, 1), (1, 1, 1), (1, 1, 1), (1, 1, 1), (1, 1, 1), (1, 1, 1), (1, 1, 1), (1, 1, 1), (1, 1, 1), (1, 1, 1), (1, 1, 1), (1, 1, 1), (1, 1, 1), (1, 1, 1), (1, 1, 1), (1, 1, 1), (1, 1, 1), (1, 1, 1), (1, 1, 1), (1, 1, 1), (1, 1, 1), (1, 1, 1)],
                10: [(1, 1, 1), (1, 1, 1), (1, 1, 1), (1, 1, 1), (1, 1, 1), (1, 1, 1), (1, 1, 1), (1, 1, 1), (1, 1, 1), (1, 1, 1), (1, 1, 1), (1, 1, 1), (1, 1, 1), (1, 1, 1), (1, 1, 1), (1, 1, 1), (1, 1, 1), (1, 1, 1), (1, 1, 1), (1, 1, 1), (1, 1, 1), (1, 1, 1), (1, 1, 1), (1, 1, 1), (1, 1, 1), (1, 1, 1), (1, 1, 1), (1, 1, 1), (1, 1, 1), (1, 1, 1), (1, 1, 1), (1, 1, 1), (1, 1, 1), (1, 1, 1), (1, 1, 1), (1, 1, 1), (1, 1, 1), (1, 1, 1), (1, 1, 1), (1, 1, 1), (1, 1, 1), (1, 1, 1), (1, 1, 1), (1, 1, 1), (1, 1, 1), (1, 1, 1), (1, 1, 1), (1, 1, 1), (1, 1, 1), (1, 1, 1), (1, 1, 1), (1, 1, 1), (1, 1, 1), (1, 1, 1), (1, 1, 1), (1, 1, 1), (1, 1, 1), (1, 1, 1), (1, 1, 1), (1, 1, 1), (1, 1, 1), (1, 1, 1), (1, 1, 1), (1, 1, 1), (1, 1, 1), (1, 1, 1), (1, 1, 1), (1, 1, 1), (1, 1, 1), (1, 1, 1), (1, 1, 1), (1, 1, 1), (1, 1, 1), (1, 1, 1), (1, 1, 1), (1, 1, 1), (1, 1, 1), (1, 1, 1), (1, 1, 1), (1, 1, 1), (1, 1, 1), (1, 1, 1), (1, 1, 1), (1, 1, 1), (1, 1, 1), (1, 1, 1), (1, 1, 1), (1, 1, 1), (1, 1, 1), (1, 1, 1), (1, 1, 1), (1, 1, 1), (1, 1, 1), (1, 1, 1), (1, 1, 1), (1, 1, 1), (1, 1, 1), (1, 1, 1), (1, 1, 1), (1, 1, 1), (1, 1, 1), (1, 1, 1), (1, 1, 1), (1, 1, 1), (1, 1, 1), (1, 1, 1), (1, 1, 1), (1, 1, 1), (1, 1, 1), (1, 1, 1), (1, 1, 1), (1, 1, 1), (1, 1, 1), (1, 1, 1), (1, 1, 1)],
                11: [(1, 1, 1), (1, 1, 1), (1, 1, 1), (1, 1, 1), (1, 1, 1), (1, 1, 1), (1, 1, 1), (1, 1, 1), (1, 1, 1), (1, 1, 1), (1, 1, 1), (1, 1, 1), (1, 1, 1), (1, 1, 1), (1, 1, 1), (1, 1, 1), (1, 1, 1), (1, 1, 1), (1, 1, 1), (1, 1, 1), (1, 1, 1), (1, 1, 1), (1, 1, 1), (1, 1, 1), (1, 1, 1), (1, 1, 1), (1, 1, 1), (1, 1, 1), (1, 1, 1), (1, 1, 1), (1, 1, 1), (1, 1, 1), (1, 1, 1), (1, 1, 1), (1, 1, 1), (1, 1, 1), (1, 1, 1), (1, 1, 1), (1, 1, 1), (1, 1, 1), (1, 1, 1), (1, 1, 1), (1, 1, 1), (1, 1, 1), (1, 1, 1), (1, 1, 1), (1, 1, 1), (1, 1, 1), (1, 1, 1), (1, 1, 1), (1, 1, 1), (1, 1, 1), (1, 1, 1), (1, 1, 1), (1, 1, 1), (1, 1, 1), (1, 1, 1), (1, 1, 1), (1, 1, 1), (1, 1, 1), (1, 1, 1), (1, 1, 1), (1, 1, 1), (1, 1, 1), (1, 1, 1), (1, 1, 1), (1, 1, 1), (1, 1, 1), (1, 1, 1), (1, 1, 1), (1, 1, 1), (1, 1, 1), (1, 1, 1), (1, 1, 1), (1, 1, 1), (1, 1, 1), (1, 1, 1), (1, 1, 1), (1, 1, 1), (1, 1, 1), (1, 1, 1), (1, 1, 1), (1, 1, 1), (1, 1, 1), (1, 1, 1), (1, 1, 1), (1, 1, 1), (1, 1, 1), (1, 1, 1), (1, 1, 1), (1, 1, 1), (1, 1, 1), (1, 1, 1), (1, 1, 1), (1, 1, 1), (1, 1, 1), (1, 1, 1), (1, 1, 1), (1, 1, 1), (1, 1, 1), (1, 1, 1), (1, 1, 1), (1, 1, 1), (1, 1, 1), (1, 1, 1), (1, 1, 1), (1, 1, 1), (1, 1, 1), (1, 1, 1), (1, 1, 1), (1, 1, 1), (1, 1, 1), (1, 1, 1), (1, 1, 1), (1, 1, 1)],
                12: [(1, 1, 1), (1, 1, 1), (1, 1, 1), (1, 1, 1), (1, 1, 1), (1, 1, 1), (1, 1, 1), (1, 1, 1), (1, 1, 1), (1, 1, 1), (1, 1, 1), (1, 1, 1), (1, 1, 1), (1, 1, 1), (1, 1, 1), (1, 1, 1), (1, 1, 1), (1, 1, 1), (1, 1, 1), (1, 1, 1), (1, 1, 1), (1, 1, 1), (1, 1, 1), (1, 1, 1), (1, 1, 1), (1, 1, 1), (1, 1, 1), (1, 1, 1), (1, 1, 1), (1, 1, 1), (1, 1, 1), (1, 1, 1), (1, 1, 1), (1, 1, 1), (1, 1, 1), (1, 1, 1), (1, 1, 1), (1, 1, 1), (1, 1, 1), (1, 1, 1), (1, 1, 1), (1, 1, 1), (1, 1, 1), (1, 1, 1), (1, 1, 1), (1, 1, 1), (1, 1, 1), (1, 1, 1), (1, 1, 1), (1, 1, 1), (1, 1, 1), (1, 1, 1), (1, 1, 1), (1, 1, 1), (1, 1, 1), (1, 1, 1), (1, 1, 1), (1, 1, 1), (1, 1, 1), (1, 1, 1), (1, 1, 1), (1, 1, 1), (1, 1, 1), (1, 1, 1), (1, 1, 1), (1, 1, 1), (1, 1, 1), (1, 1, 1), (1, 1, 1), (1, 1, 1), (1, 1, 1), (1, 1, 1), (1, 1, 1), (1, 1, 1), (1, 1, 1), (1, 1, 1), (1, 1, 1), (1, 1, 1), (1, 1, 1), (1, 1, 1), (1, 1, 1), (1, 1, 1), (1, 1, 1), (1, 1, 1), (1, 1, 1), (1, 1, 1), (1, 1, 1), (1, 1, 1), (1, 1, 1), (1, 1, 1), (1, 1, 1), (1, 1, 1), (1, 1, 1), (1, 1, 1), (1, 1, 1), (1, 1, 1), (1, 1, 1), (1, 1, 1), (1, 1, 1), (1, 1, 1), (1, 1, 1), (1, 1, 1), (1, 1, 1), (1, 1, 1), (1, 1, 1), (1, 1, 1), (1, 1, 1), (1, 1, 1), (1, 1, 1), (1, 1, 1), (1, 1, 1), (1, 1, 1), (1, 1, 1), (1, 1, 1), (1, 1, 1)],
                13: [(1, 1, 1), (1, 1, 1), (1, 1, 1), (1, 1, 1), (1, 1, 1), (1, 1, 1), (1, 1, 1), (1, 1, 1), (1, 1, 1), (1, 1, 1), (1, 1, 1), (1, 1, 1), (1, 1, 1), (1, 1, 1), (1, 1, 1), (1, 1, 1), (1, 1, 1), (1, 1, 1), (1, 1, 1), (1, 1, 1), (1, 1, 1), (1, 1, 1), (1, 1, 1), (1, 1, 1), (1, 1, 1), (1, 1, 1), (1, 1, 1), (1, 1, 1), (1, 1, 1), (1, 1, 1), (1, 1, 1), (1, 1, 1), (1, 1, 1), (1, 1, 1), (1, 1, 1), (1, 1, 1), (1, 1, 1), (1, 1, 1), (1, 1, 1), (1, 1, 1), (1, 1, 1), (1, 1, 1), (1, 1, 1), (1, 1, 1), (1, 1, 1), (1, 1, 1), (1, 1, 1), (1, 1, 1), (1, 1, 1), (1, 1, 1), (1, 1, 1), (1, 1, 1), (1, 1, 1), (1, 1, 1), (1, 1, 1), (1, 1, 1), (1, 1, 1), (1, 1, 1), (1, 1, 1), (1, 1, 1), (1, 1, 1), (1, 1, 1), (1, 1, 1), (1, 1, 1), (1, 1, 1), (1, 1, 1), (1, 1, 1), (1, 1, 1), (1, 1, 1), (1, 1, 1), (1, 1, 1), (1, 1, 1), (1, 1, 1), (1, 1, 1), (1, 1, 1), (1, 1, 1), (1, 1, 1), (1, 1, 1), (1, 1, 1), (1, 1, 1), (1, 1, 1), (1, 1, 1), (1, 1, 1), (1, 1, 1), (1, 1, 1), (1, 1, 1), (1, 1, 1), (1, 1, 1), (1, 1, 1), (1, 1, 1), (1, 1, 1), (1, 1, 1), (1, 1, 1), (1, 1, 1), (1, 1, 1), (1, 1, 1), (1, 1, 1), (1, 1, 1), (1, 1, 1), (1, 1, 1), (1, 1, 1), (1, 1, 1), (1, 1, 1), (1, 1, 1), (1, 1, 1), (1, 1, 1), (1, 1, 1), (1, 1, 1), (1, 1, 1), (1, 1, 1), (1, 1, 1), (1, 1, 1), (1, 1, 1), (1, 1, 1), (1, 1, 1)],
                14: [(1, 1, 1), (1, 1, 1), (1, 1, 1), (1, 1, 1), (1, 1, 1), (1, 1, 1), (1, 1, 1), (1, 1, 1), (1, 1, 1), (1, 1, 1), (1, 1, 1), (1, 1, 1), (1, 1, 1), (1, 1, 1), (1, 1, 1), (1, 1, 1), (1, 1, 1), (1, 1, 1), (1, 1, 1), (1, 1, 1), (1, 1, 1), (1, 1, 1), (1, 1, 1), (1, 1, 1), (1, 1, 1), (1, 1, 1), (1, 1, 1), (1, 1, 1), (1, 1, 1), (1, 1, 1), (1, 1, 1), (1, 1, 1), (1, 1, 1), (1, 1, 1), (1, 1, 1), (1, 1, 1), (1, 1, 1), (1, 1, 1), (1, 1, 1), (1, 1, 1), (1, 1, 1), (1, 1, 1), (1, 1, 1), (1, 1, 1), (1, 1, 1), (1, 1, 1), (1, 1, 1), (1, 1, 1), (1, 1, 1), (1, 1, 1), (1, 1, 1), (1, 1, 1), (1, 1, 1), (1, 1, 1), (1, 1, 1), (1, 1, 1), (1, 1, 1), (1, 1, 1), (1, 1, 1), (1, 1, 1), (1, 1, 1), (1, 1, 1), (1, 1, 1), (1, 1, 1), (1, 1, 1), (1, 1, 1), (1, 1, 1), (1, 1, 1), (1, 1, 1), (1, 1, 1), (1, 1, 1), (1, 1, 1), (1, 1, 1), (1, 1, 1), (1, 1, 1), (1, 1, 1), (1, 1, 1), (1, 1, 1), (1, 1, 1), (1, 1, 1), (1, 1, 1), (1, 1, 1), (1, 1, 1), (1, 1, 1), (1, 1, 1), (1, 1, 1), (1, 1, 1), (1, 1, 1), (1, 1, 1), (1, 1, 1), (1, 1, 1), (1, 1, 1), (1, 1, 1), (1, 1, 1), (1, 1, 1), (1, 1, 1), (1, 1, 1), (1, 1, 1), (1, 1, 1), (1, 1, 1), (1, 1, 1), (1, 1, 1), (1, 1, 1), (1, 1, 1), (1, 1, 1), (1, 1, 1), (1, 1, 1), (1, 1, 1), (1, 1, 1), (1, 1, 1), (1, 1, 1), (1, 1, 1), (1, 1, 1), (1, 1, 1), (1, 1, 1)],
                15: [(1, 1, 1), (1, 1, 1), (1, 1, 1), (1, 1, 1), (1, 1, 1), (1, 1, 1), (1, 1, 1), (1, 1, 1), (1, 1, 1), (1, 1, 1), (1, 1, 1), (1, 1, 1), (1, 1, 1), (1, 1, 1), (1, 1, 1), (1, 1, 1), (1, 1, 1), (1, 1, 1), (1, 1, 1), (1, 1, 1), (1, 1, 1), (1, 1, 1), (1, 1, 1), (1, 1, 1), (1, 1, 1), (1, 1, 1), (1, 1, 1), (1, 1, 1), (1, 1, 1), (1, 1, 1), (1, 1, 1), (1, 1, 1), (1, 1, 1), (1, 1, 1), (1, 1, 1), (1, 1, 1), (1, 1, 1), (1, 1, 1), (1, 1, 1), (1, 1, 1), (1, 1, 1), (1, 1, 1), (1, 1, 1), (1, 1, 1), (1, 1, 1), (1, 1, 1), (1, 1, 1), (1, 1, 1), (1, 1, 1), (1, 1, 1), (1, 1, 1), (1, 1, 1), (1, 1, 1), (1, 1, 1), (1, 1, 1), (1, 1, 1), (1, 1, 1), (1, 1, 1), (1, 1, 1), (1, 1, 1), (1, 1, 1), (1, 1, 1), (1, 1, 1), (1, 1, 1), (1, 1, 1), (1, 1, 1), (1, 1, 1), (1, 1, 1), (1, 1, 1), (1, 1, 1), (1, 1, 1), (1, 1, 1), (1, 1, 1), (1, 1, 1), (1, 1, 1), (1, 1, 1), (1, 1, 1), (1, 1, 1), (1, 1, 1), (1, 1, 1), (1, 1, 1), (1, 1, 1), (1, 1, 1), (1, 1, 1), (1, 1, 1), (1, 1, 1), (1, 1, 1), (1, 1, 1), (1, 1, 1), (1, 1, 1), (1, 1, 1), (1, 1, 1), (1, 1, 1), (1, 1, 1), (1, 1, 1), (1, 1, 1), (1, 1, 1), (1, 1, 1), (1, 1, 1), (1, 1, 1), (1, 1, 1), (1, 1, 1), (1, 1, 1), (1, 1, 1), (1, 1, 1), (1, 1, 1), (1, 1, 1), (1, 1, 1), (1, 1, 1), (1, 1, 1), (1, 1, 1), (1, 1, 1), (1, 1, 1), (1, 1, 1), (1, 1, 1)],
                16: [(1, 1, 1), (1, 1, 1), (1, 1, 1), (1, 1, 1), (1, 1, 1), (1, 1, 1), (1, 1, 1), (1, 1, 1), (1, 1, 1), (1, 1, 1), (1, 1, 1), (1, 1, 1), (1, 1, 1), (1, 1, 1), (1, 1, 1), (1, 1, 1), (1, 1, 1), (1, 1, 1), (1, 1, 1), (1, 1, 1), (1, 1, 1), (1, 1, 1), (1, 1, 1), (1, 1, 1), (1, 1, 1), (1, 1, 1), (1, 1, 1), (1, 1, 1), (1, 1, 1), (1, 1, 1), (1, 1, 1), (1, 1, 1), (1, 1, 1), (1, 1, 1), (1, 1, 1), (1, 1, 1), (1, 1, 1), (1, 1, 1), (1, 1, 1), (1, 1, 1), (1, 1, 1), (1, 1, 1), (1, 1, 1), (1, 1, 1), (1, 1, 1), (1, 1, 1), (1, 1, 1), (1, 1, 1), (1, 1, 1), (1, 1, 1), (1, 1, 1), (1, 1, 1), (1, 1, 1), (1, 1, 1), (1, 1, 1), (1, 1, 1), (1, 1, 1), (1, 1, 1), (1, 1, 1), (1, 1, 1), (1, 1, 1), (1, 1, 1), (1, 1, 1), (1, 1, 1), (1, 1, 1), (1, 1, 1), (1, 1, 1), (1, 1, 1), (1, 1, 1), (1, 1, 1), (1, 1, 1), (1, 1, 1), (1, 1, 1), (1, 1, 1), (1, 1, 1), (1, 1, 1), (1, 1, 1), (1, 1, 1), (1, 1, 1), (1, 1, 1), (1, 1, 1), (1, 1, 1), (1, 1, 1), (1, 1, 1), (1, 1, 1), (1, 1, 1), (1, 1, 1), (1, 1, 1), (1, 1, 1), (1, 1, 1), (1, 1, 1), (1, 1, 1), (1, 1, 1), (1, 1, 1), (1, 1, 1), (1, 1, 1), (1, 1, 1), (1, 1, 1), (1, 1, 1), (1, 1, 1), (1, 1, 1), (1, 1, 1), (1, 1, 1), (1, 1, 1), (1, 1, 1), (1, 1, 1), (1, 1, 1), (1, 1, 1), (1, 1, 1), (1, 1, 1), (1, 1, 1), (1, 1, 1), (1, 1, 1), (1, 1, 1), (1, 1, 1)],
                17: [(1, 1, 1), (1, 1, 1), (1, 1, 1), (1, 1, 1), (1, 1, 1), (1, 1, 1), (1, 1, 1), (1, 1, 1), (1, 1, 1), (1, 1, 1), (1, 1, 1), (1, 1, 1), (1, 1, 1), (1, 1, 1), (1, 1, 1), (1, 1, 1), (1, 1, 1), (1, 1, 1), (1, 1, 1), (1, 1, 1), (1, 1, 1), (1, 1, 1), (1, 1, 1), (1, 1, 1), (1, 1, 1), (1, 1, 1), (1, 1, 1), (1, 1, 1), (1, 1, 1), (1, 1, 1), (1, 1, 1), (1, 1, 1), (1, 1, 1), (1, 1, 1), (1, 1, 1), (1, 1, 1), (1, 1, 1), (1, 1, 1), (1, 1, 1), (1, 1, 1), (1, 1, 1), (1, 1, 1), (1, 1, 1), (1, 1, 1), (1, 1, 1), (1, 1, 1), (1, 1, 1), (1, 1, 1), (1, 1, 1), (1, 1, 1), (1, 1, 1), (1, 1, 1), (1, 1, 1), (1, 1, 1), (1, 1, 1), (1, 1, 1), (1, 1, 1), (1, 1, 1), (1, 1, 1), (1, 1, 1), (1, 1, 1), (1, 1, 1), (1, 1, 1), (1, 1, 1), (1, 1, 1), (1, 1, 1), (1, 1, 1), (1, 1, 1), (1, 1, 1), (1, 1, 1), (1, 1, 1), (1, 1, 1), (1, 1, 1), (1, 1, 1), (1, 1, 1), (1, 1, 1), (1, 1, 1), (1, 1, 1), (1, 1, 1), (1, 1, 1), (1, 1, 1), (1, 1, 1), (1, 1, 1), (1, 1, 1), (1, 1, 1), (1, 1, 1), (1, 1, 1), (1, 1, 1), (1, 1, 1), (1, 1, 1), (1, 1, 1), (1, 1, 1), (1, 1, 1), (1, 1, 1), (1, 1, 1), (1, 1, 1), (1, 1, 1), (1, 1, 1), (1, 1, 1), (1, 1, 1), (1, 1, 1), (1, 1, 1), (1, 1, 1), (1, 1, 1), (1, 1, 1), (1, 1, 1), (1, 1, 1), (1, 1, 1), (1, 1, 1), (1, 1, 1), (1, 1, 1), (1, 1, 1), (1, 1, 1), (1, 1, 1), (1, 1, 1)],
                18: [(1, 1, 1), (1, 1, 1), (1, 1, 1), (1, 1, 1), (1, 1, 1), (1, 1, 1), (1, 1, 1), (1, 1, 1), (1, 1, 1), (1, 1, 1), (1, 1, 1), (1, 1, 1), (1, 1, 1), (1, 1, 1), (1, 1, 1), (1, 1, 1), (1, 1, 1), (1, 1, 1), (1, 1, 1), (1, 1, 1), (1, 1, 1), (1, 1, 1), (1, 1, 1), (1, 1, 1), (1, 1, 1), (1, 1, 1), (1, 1, 1), (1, 1, 1), (1, 1, 1), (1, 1, 1), (1, 1, 1), (1, 1, 1), (1, 1, 1), (1, 1, 1), (1, 1, 1), (1, 1, 1), (1, 1, 1), (1, 1, 1), (1, 1, 1), (1, 1, 1), (1, 1, 1), (1, 1, 1), (1, 1, 1), (1, 1, 1), (1, 1, 1), (1, 1, 1), (1, 1, 1), (1, 1, 1), (1, 1, 1), (1, 1, 1), (1, 1, 1), (1, 1, 1), (1, 1, 1), (1, 1, 1), (1, 1, 1), (1, 1, 1), (1, 1, 1), (1, 1, 1), (1, 1, 1), (1, 1, 1), (1, 1, 1), (1, 1, 1), (1, 1, 1), (1, 1, 1), (1, 1, 1), (1, 1, 1), (1, 1, 1), (1, 1, 1), (1, 1, 1), (1, 1, 1), (1, 1, 1), (1, 1, 1), (1, 1, 1), (1, 1, 1), (1, 1, 1), (1, 1, 1), (1, 1, 1), (1, 1, 1), (1, 1, 1), (1, 1, 1), (1, 1, 1), (1, 1, 1), (1, 1, 1), (1, 1, 1), (1, 1, 1), (1, 1, 1), (1, 1, 1), (1, 1, 1), (1, 1, 1), (1, 1, 1), (1, 1, 1), (1, 1, 1), (1, 1, 1), (1, 1, 1), (1, 1, 1), (1, 1, 1), (1, 1, 1), (1, 1, 1), (1, 1, 1), (1, 1, 1), (1, 1, 1), (1, 1, 1), (1, 1, 1), (1, 1, 1), (1, 1, 1), (1, 1, 1), (1, 1, 1), (1, 1, 1), (1, 1, 1), (1, 1, 1), (1, 1, 1), (1, 1, 1), (1, 1, 1), (1, 1, 1), (1, 1, 1)],
            }
            float3[] translations.timeSamples = {
                0: [(-0.029363297, 0.66559565, 0.055370294), (-0.6167434, 69.508446, 4.102605), (1.1832036, 0, -1.1641532e-7), (5.7291346, -3.7252903e-7, -4.656613e-7), (4.3811555, 3.7252903e-7, 3.7252903e-7), (6.8736024, 7.4505806e-7, 9.313226e-8), (9.401947, 0.5861454, 3.090528), (13.4023695, 0.0000016763806, 0.0000016298145), (21.953756, -0.000008940697, 0.000008940697), (0.0000076293945, -9.536743e-7, -0.000022888184), (8.576149, -0.0000022351742, -0.000025331974), (15.85713, -0.0000044703484, -0.00002682209), (19.902641, -7.4505806e-7, -0.00003129244), (19.902641, 3.7252903e-7, -0.000028312206), (3.3397772, 0.7651057, -1.4189687), (6.8341017, -0.6439589, 0.09777062), (4.12298, -0.000021792948, 0.000013783574), (2.7847455, 0.000023283064, 1.8626451e-7), (3.5083857, 0.529518, -0.25423765), (6.55315, -0.72642565, 0.16011111), (4.614105, -8.1490725e-7, 0.0000044703484), (3.1036, -0.0000063329935, -0.000008009374), (-0.08362579, 0.11277008, -0.009806156), (3.2634332, 1.038145, 2.2493336), (5.279014, 0.0001212582, -0.00021904707), (3.415025, -0.0000144355, 0.000018626451), (2.3925762, 0.000008009374, -0.000013224781), (3.4684594, 0.69526637, 0.9330511), (5.9754415, -0.6046765, 0.15550144), (4.2279944, 0.000005401671, -0.000012293458), (3.007656, -0.000015087426, 0.000010989606), (1.8853023, 1.2465364, -1.0381795), (3.2359931, -0.000008195639, -0.000006891787), (3.591118, -0.0000024214387, -0.0000121071935), (3.7168834, 0.000004004687, 0.000026449561), (5.0582094, 4.5793405, -0.2263614), (9.300748, -0.0000044703484, 0.00003837049), (15.3635235, -0.000008940697, 0.000027567148), (21.95375, -0.000008940697, 0.00003054738), (11.916082, -1.9812047, -3.7252903e-7), (9.344955, 0.0000029802322, 7.683411e-7), (35.53735, 0, 0.0000063329935), (35.53735, 0, 0.0000063329935), (14.328766, 14.812949, -2.9802322e-8), (14.328766, 14.812952, -8.088996), (4.7683716e-7, 0.000015258789, -0.000005722046), (14.328751, 14.812946, 8.088768), (0.0000023841856, 0.000045776367, 0.000005722046), (47.800446, 4.7683716e-7, -1.4901161e-8), (9.401708, 0.58614314, -3.0905304), (-13.402317, 0.0000037252903, 0.00010617077), (-21.953463, 0.000014249235, 0.0004157424), (0.0000076293945, -4.7683716e-7, -0.000015258789), (-8.576467, 0.000011175871, -0.0003606081), (-15.85696, -0.000011920929, 0.00004544854), (-19.902584, -0.0000014901161, -0.000078976154), (-19.902601, -0.0000044703484, -0.000074505806), (-3.3399944, -0.76528716, 1.4189701), (-6.8341255, 0.643936, -0.097776204), (-4.1229634, 0.00004582107, 0.000008568168), (-2.784733, -0.00003799796, -0.0000070780516), (-3.5086467, -0.5296629, 0.25423345), (-6.553162, 0.7264415, -0.16010813), (-4.614081, -0.000046938658, 0.0000022351742), (-3.1035848, -0.000008009374, -0.000008940697), (0.08361435, -0.11273956, 0.009807587), (-3.263671, -1.0383079, -2.2493353), (-5.279024, -0.00009946525, 0.00022482127), (-3.4150608, 0.0000011175871, 0.0000040978193), (-2.392494, -0.000046938658, -0.00004582107), (-3.468702, -0.695448, -0.9330552), (-5.975482, 0.6046224, -0.15549055), (-4.227959, 0.0000230968, -0.0000022351742), (-3.0076451, 9.313226e-7, -0.0000063329935), (-1.8855469, -1.2466896, 1.0381756), (-3.236031, -0.00004512258, 0.00007748604), (-3.5911095, -0.0000031664968, -0.00002272427), (-3.716912, -0.000043027103, -0.00005327165), (-5.058628, -4.6742396, 0.22921085), (-9.30036, 0.00001359731, 0.00034570694), (-15.363558, 0.0000010244548, 0.00006854534), (-21.95346, 0.000017881393, 0.00041872263), (-0.0000076293945, -15.423191, -1.4901161e-8), (-8.085977, -1.1072948, 15.967176), (23.681507, 0.0000059604645, -0.0000044703484), (18.76296, 0.000008195639, 0), (8.314842, 16.540886, -4.8894435e-7), (5.906576, -0.000016018748, -0.0000052154064), (-0.0000076293945, 3.5762787e-7, 0), (13.839197, 8.6676855, 0.7804546), (-0.0005264282, 0.000006318092, 0.000009536742), (8.243153, 0.02522394, 0.03136322), (13.503051, 0.025230646, 0.031363964), (18.762968, 0.025235116, 0.031365454), (3.564016, -0.027899258, 0.0627324), (11.695591, -0.027897209, 0.0627324), (22.084185, -0.013948977, 0.031360984), (-8.085993, -1.1072937, -15.9671755), (-23.681498, 0, -0.000008940697), (-18.762918, -0.0000044703484, 0.000006519258), (-8.314833, -16.540876, 0.000016391277), (-5.9065, -0.000017881393, 0.0000074505806), (0.0000076293945, -5.960464e-7, 0.0000019073486), (-13.80206, -8.666168, -0.7774315), (0.0005226135, -0.000006198883, -0.0000019073486), (-8.24312, -0.02521798, -0.031355023), (-13.503016, -0.025218725, -0.031359307), (-18.762932, -0.025220215, -0.03135372), (-3.564045, 0.027901866, -0.06273594), (-11.695611, 0.027900934, -0.06273836), (-22.08417, 0.013954937, -0.031369925), (0, 26.068565, 24.044163), (0, -24.746897, 14.007136), (0, 26.240196, -24.202477), (-0.000015258789, -24.877132, -14.080856)],
                1: [(0.0035621808, 0.3200465, 0.011715293), (-1.2540901, 71.479546, 4.7263517), (1.1832057, -5.5879354e-7, -6.984919e-8), (5.7291346, -3.7252903e-7, -0.0000020489097), (4.3811584, 0, -2.7939677e-7), (6.8736086, -7.4505806e-7, -0.0000017695129), (9.401952, 0.58614165, 3.0905254), (13.4023695, 0.0000016763806, 0.0000026077032), (21.95377, 0.0000074505806, 0.00001564622), (0.0000076293945, -9.536743e-7, -0.000022888184), (8.576159, -0.0000044703484, -0.000026077032), (15.857146, -0.0000048428774, -0.00002682209), (19.902668, 0, -0.00003129244), (19.902662, -0.0000029802322, -0.000028312206), (3.3397846, 0.7651068, -1.4189744), (6.8341093, -0.6439578, 0.09776577), (4.12299, -0.000023061875, 0.000009685755), (2.7847507, 0.0000230968, 0.0000022351742), (3.5083935, 0.52951837, -0.25424343), (6.5531588, -0.7264253, 0.16010441), (4.6141114, -9.313226e-7, -0.0000022351742), (3.1036065, -0.000008754432, -0.000005401671), (-0.08362579, 0.11277008, -0.009806156), (3.2634358, 1.0381491, 2.2493339), (5.279021, 0.00012330711, -0.00022016466), (3.415031, -0.000014714897, 0.000014714897), (2.3925793, 0.000008009374, -0.000015832484), (3.4684618, 0.69526935, 0.93305206), (5.975448, -0.60467386, 0.15549399), (4.2280025, 0.000008288771, -0.000011362135), (3.0076628, -0.000015832484, 0.000010989606), (1.8853068, 1.2465374, -1.0381815), (3.2360032, -0.000011175871, -0.00000826185), (3.5911276, -0.0000059604645, -0.000017508864), (3.7168941, 0.000003934838, 0.00001899898), (5.0582094, 4.5793405, -0.2263614), (9.300755, 0.0000014901161, 0.000041350722), (15.363535, 0.0000052154064, 0.000033527613), (21.953762, 0.000008940697, 0.000037252903), (11.916092, -1.9812107, -0.0000029802322), (9.344973, -0.0000037252903, -0.0000037020072), (35.537384, -0.000014901161, -0.000016763806), (35.537384, -0.000014901161, -0.000016763806), (14.328766, 14.812949, -2.9802322e-8), (14.328766, 14.812952, -8.088996), (4.7683716e-7, 0.000015258789, -0.000005722046), (14.328751, 14.812946, 8.088768), (0.0000023841856, 0.000045776367, 0.000005722046), (47.800446, 4.7683716e-7, -1.4901161e-8), (9.401718, 0.5861424, -3.0905366), (-13.402319, 0.0000044703484, 0.00010691583), (-21.953468, 0.0000230968, 0.00042319298), (0.0000076293945, -4.7683716e-7, -0.000015258789), (-8.576473, 0.000011920929, -0.00036880374), (-15.856976, -0.000011175871, 0.000029802322), (-19.902603, 0, -0.000098347664), (-19.902617, -0.0000044703484, -0.00009536743), (-3.339996, -0.76528937, 1.4189706), (-6.83413, 0.6439343, -0.097777694), (-4.122976, 0.000044703484, 0.0000074505806), (-2.784739, -0.000036880374, -0.0000055879354), (-3.5086472, -0.5296631, 0.25423533), (-6.553169, 0.7264387, -0.1601099), (-4.6140933, -0.00004656613, 7.4505806e-7), (-3.1035953, -0.000007636845, -0.0000067055225), (0.08361435, -0.11273956, 0.009807587), (-3.2636714, -1.0383077, -2.249334), (-5.279026, -0.00010021031, 0.00022538006), (-3.4150672, 0.0000018626451, 0.0000018626451), (-2.3924992, -0.0000461936, -0.00004535541), (-3.468705, -0.6954504, -0.93305624), (-5.9754868, 0.60462284, -0.15549316), (-4.2279706, 0.00002272427, -0.000005029142), (-3.007653, 7.4505806e-7, -0.0000033527613), (-1.8855479, -1.246688, 1.0381763), (-3.2360344, -0.00004558824, 0.00007562339), (-3.591113, -0.0000038184226, -0.00002272427), (-3.7169127, -0.000037252903, -0.000052154064), (-5.058628, -4.6742396, 0.22921085), (-9.300364, 0.000018347055, 0.00034719706), (-15.363564, 0.0000074505806, 0.000067055225), (-21.953466, 0.000027567148, 0.0004261732), (-0.0000076293945, -15.423191, -1.4901161e-8), (-8.085978, -1.1072979, 15.967181), (23.681509, 0.0000044703484, -0.0000014901161), (18.762966, 0.000008940697, -0.0000029802322), (8.314845, 16.540892, 0.0000011175871), (5.9065723, -0.000014901161, -0.0000022351742), (-0.0000076293945, 3.5762787e-7, 0), (13.839197, 8.6676855, 0.7804546), (-0.0005264282, 0.000006318092, 0.000009536742), (8.243157, 0.025222823, 0.03136173), (13.503054, 0.025231391, 0.031363964), (18.762974, 0.025238097, 0.031363964), (3.5640194, -0.02790168, 0.06273314), (11.695591, -0.027895719, 0.06273314), (22.084187, -0.013947487, 0.031360984), (-8.085988, -1.1072907, -15.967178), (-23.681501, 0.0000029802322, -0.0000074505806), (-18.762918, -0.0000059604645, 0.0000074505806), (-8.314834, -16.540869, 0.00001937151), (-5.9064975, -0.000017462298, 0.0000070780516), (0.0000076293945, -5.960464e-7, 0.0000019073486), (-13.80206, -8.666168, -0.7774315), (0.0005226135, -0.000006198883, -0.0000019073486), (-8.24312, -0.025217235, -0.03135614), (-13.5030155, -0.025218725, -0.03135912), (-18.762932, -0.025221705, -0.031355023), (-3.5640452, 0.027902424, -0.062737055), (-11.695612, 0.027902424, -0.062736124), (-22.084171, 0.013954937, -0.031368434), (0, 26.068565, 24.044163), (0, -24.746897, 14.007136), (0, 26.240196, -24.202477), (-0.000015258789, -24.877132, -14.080856)],
                2: [(-0.00111314, 0.56173795, 0.016644038), (-1.3286282, 72.17324, 4.585158), (1.1832052, -2.7939677e-7, 4.656613e-8), (5.7291355, -7.4505806e-7, -5.5879354e-7), (4.381155, 3.7252903e-7, 0), (6.873609, -0.0000014901161, -0.0000019557774), (9.401953, 0.5861424, 3.0905252), (13.402372, 0.0000011175871, -1.8626451e-7), (21.953773, 0.000011920929, 0.000018626451), (0.0000076293945, -9.536743e-7, -0.000022888184), (8.576166, 0, -0.00002682209), (15.857161, -0.0000029802322, -0.000028312206), (19.902683, 7.4505806e-7, -0.000025331974), (19.902676, -0.0000044703484, -0.000028312206), (3.3397815, 0.76510644, -1.4189731), (6.8341093, -0.64395815, 0.09776503), (4.1229887, -0.000023376197, 0.00000782311), (2.784747, 0.00002272427, -0.0000014901161), (3.5083919, 0.52951944, -0.25423878), (6.553155, -0.7264238, 0.1601085), (4.61411, -0.0000011175871, -3.7252903e-7), (3.103606, -0.00000782311, -0.000004656613), (-0.08362579, 0.11277008, -0.009806156), (3.2634397, 1.0381486, 2.2493317), (5.279021, 0.00012256205, -0.00022426248), (3.4150355, -0.00001359731, 0.000015087426), (2.392581, 0.0000067055225, -0.000014714897), (3.468462, 0.6952688, 0.93305206), (5.975448, -0.60467535, 0.15549697), (4.2280025, 0.000009685755, -0.000013411045), (3.0076609, -0.000016391277, 0.000010430813), (1.8853058, 1.2465374, -1.0381812), (3.2360032, -0.000009313226, -0.000008940697), (3.5911283, -0.0000040978193, -0.000015459955), (3.716896, 0.0000049360096, 0.000020302832), (5.0582094, 4.5793405, -0.2263614), (9.300759, 0.0000052154064, 0.00004246831), (15.363542, 0.000011920929, 0.000036507845), (21.953766, 0.000013411045, 0.000036507845), (11.916092, -1.9812093, -0.0000033527613), (9.344961, 7.4505806e-7, -4.1909516e-7), (35.537373, -0.0000059604645, -0.0000074505806), (35.537373, -0.0000059604645, -0.0000074505806), (14.328766, 14.812949, -2.9802322e-8), (14.328766, 14.812952, -8.088996), (4.7683716e-7, 0.000015258789, -0.000005722046), (14.328751, 14.812946, 8.088768), (0.0000023841856, 0.000045776367, 0.000005722046), (47.800446, 4.7683716e-7, -1.4901161e-8), (9.401712, 0.58614314, -3.0905359), (-13.402321, 0.0000063329935, 0.000109523535), (-21.953474, 0.000026077032, 0.00041872263), (0.0000076293945, -4.7683716e-7, -0.000015258789), (-8.576473, 0.000011920929, -0.00037066638), (-15.856976, -0.000009685755, 0.000029057264), (-19.902607, -0.0000014901161, -0.000102072954), (-19.90262, -0.0000059604645, -0.000097602606), (-3.3399951, -0.765289, 1.4189719), (-6.834133, 0.64393616, -0.09777937), (-4.12298, 0.000047311187, 0.000004656613), (-2.784743, -0.000037252903, -0.0000044703484), (-3.508648, -0.5296629, 0.25423494), (-6.553169, 0.72644055, -0.16011028), (-4.614091, -0.000047683716, 0.0000016763806), (-3.1035929, -0.000006519258, -0.000008009374), (0.08361435, -0.11273956, 0.009807587), (-3.2636747, -1.0383089, -2.2493365), (-5.27903, -0.000097975135, 0.00022370368), (-3.4150681, -9.313226e-7, 0.0000027939677), (-2.392504, -0.000046007335, -0.00004451722), (-3.4687068, -0.69545156, -0.93305725), (-5.975489, 0.6046202, -0.15549506), (-4.2279663, 0.0000230968, -0.0000044703484), (-3.0076492, 3.7252903e-7, -0.000004656613), (-1.8855501, -1.2466888, 1.0381747), (-3.2360368, -0.000044424087, 0.00007785857), (-3.5911157, -0.0000037252903, -0.000023841858), (-3.716917, -0.000039488077, -0.00005364418), (-5.058628, -4.6742396, 0.22921085), (-9.300364, 0.000019744039, 0.00034868717), (-15.363566, 0.000008009374, 0.00006854534), (-21.953472, 0.000029429793, 0.00042319298), (-0.0000076293945, -15.423191, -1.4901161e-8), (-8.085979, -1.1072963, 15.967178), (23.681507, 0.0000059604645, -0.0000029802322), (18.762959, 0.0000055879354, 0.0000029802322), (8.314841, 16.540886, -0.0000014901161), (5.9065723, -0.000016763806, -0.0000011175871), (-0.0000076293945, 3.5762787e-7, 0), (13.839197, 8.6676855, 0.7804546), (-0.0005264282, 0.000006318092, 0.000009536742), (8.243153, 0.025221333, 0.031363964), (13.503048, 0.025227666, 0.031363964), (18.762966, 0.025232509, 0.031366944), (3.5640185, -0.027900934, 0.06273277), (11.695591, -0.027895719, 0.06273389), (22.084183, -0.013947487, 0.031363964), (-8.085992, -1.107293, -15.967178), (-23.681513, 0.0000059604645, 0), (-18.762938, 0.0000029802322, 0.000016391277), (-8.314832, -16.540882, 0.000010430813), (-5.906501, -0.0000173226, 0.0000074505806), (0.0000076293945, -5.960464e-7, 0.0000019073486), (-13.80206, -8.666168, -0.7774315), (0.0005226135, -0.000006198883, -0.0000019073486), (-8.243129, -0.025215, -0.03135279), (-13.50303, -0.025212765, -0.03135279), (-18.762949, -0.025215745, -0.031346083), (-3.5640492, 0.027902424, -0.062735565), (-11.6956215, 0.027903914, -0.06273538), (-22.084185, 0.013959408, -0.031365454), (0, 26.068565, 24.044163), (0, -24.746897, 14.007136), (0, 26.240196, -24.202477), (-0.000015258789, -24.877132, -14.080856)],
                3: [(-0.0018080464, 0.3641332, 0.015292689), (-1.3517544, 71.700554, 4.345193), (1.1832055, -3.7252903e-7, 2.561137e-7), (5.729131, 3.7252903e-7, 9.313226e-8), (4.381159, 0, -9.313226e-8), (6.8736024, 7.4505806e-7, -1.8626451e-7), (9.401953, 0.5861424, 3.0905252), (13.4023695, 9.313226e-7, -0.0000029802322), (21.953777, 0.000013411045, 0.00001937151), (0.0000076293945, -9.536743e-7, -0.000022888184), (8.576162, 7.4505806e-7, -0.000027567148), (15.857157, -0.0000011175871, -0.00002682209), (19.902676, -0.0000022351742, -0.000029802322), (19.90267, 0, -0.00003129244), (3.3397846, 0.7651068, -1.4189712), (6.834115, -0.64396036, 0.09776056), (4.122987, -0.00002225861, 0.000009965152), (2.784748, 0.000023469329, 0), (3.5083938, 0.5295202, -0.25423914), (6.5531626, -0.7264253, 0.16010143), (4.6141143, -8.381903e-7, -7.4505806e-7), (3.1036055, -0.000008940697, -0.000006519258), (-0.08362579, 0.11277008, -0.009806156), (3.263437, 1.0381514, 2.2493358), (5.279023, 0.00012293458, -0.00022575259), (3.4150355, -0.00001695007, 0.00001527369), (2.39258, 0.00000782311, -0.000013969839), (3.4684637, 0.69526976, 0.9330524), (5.9754534, -0.6046735, 0.15549175), (4.2280054, 0.000007264316, -0.0000121071935), (3.0076609, -0.000016205013, 0.0000115484), (1.8853076, 1.2465377, -1.0381838), (3.2360039, -0.000009313226, -0.000007310882), (3.5911267, -0.0000037252903, -0.00001725275), (3.7168908, 0.000003259629, 0.000020302832), (5.0582094, 4.5793405, -0.2263614), (9.300759, 0.0000059604645, 0.00004284084), (15.363534, 0.000008195639, 0.00003427267), (21.953768, 0.000014901161, 0.000039488077), (11.916091, -1.98121, -0.0000033527613), (9.344966, -7.4505806e-7, -0.000003911555), (35.537384, -0.000011920929, -0.000012759119), (35.537384, -0.000011920929, -0.000012759119), (14.328766, 14.812949, -2.9802322e-8), (14.328766, 14.812952, -8.088996), (4.7683716e-7, 0.000015258789, -0.000005722046), (14.328751, 14.812946, 8.088768), (0.0000023841856, 0.000045776367, 0.000005722046), (47.800446, 4.7683716e-7, -1.4901161e-8), (9.401714, 0.58614314, -3.090536), (-13.402324, 0.0000059604645, 0.00011511147), (-21.953476, 0.000029243529, 0.00042319298), (0.0000076293945, -4.7683716e-7, -0.000015258789), (-8.576477, 0.000012665987, -0.00037290156), (-15.856978, -0.000009685755, 0.000027567148), (-19.902609, 0, -0.0001065433), (-19.902622, -0.0000059604645, -0.00009909272), (-3.339996, -0.76529086, 1.4189714), (-6.8341346, 0.64393544, -0.09778105), (-4.122978, 0.000043958426, 0.000008381903), (-2.7847416, -0.00003706664, -0.0000052154064), (-3.5086498, -0.5296638, 0.25423366), (-6.5531673, 0.7264409, -0.16010833), (-4.614093, -0.000046938658, 7.4505806e-7), (-3.1035945, -0.00000782311, -0.000006519258), (0.08361435, -0.11273956, 0.009807587), (-3.263672, -1.038308, -2.249334), (-5.279032, -0.00010095537, 0.00022128224), (-3.4150698, 0, 0.0000024214387), (-2.3925045, -0.000045634806, -0.000044796616), (-3.468705, -0.69545007, -0.9330554), (-5.9754906, 0.6046206, -0.15549576), (-4.227972, 0.00002272427, -0.0000055879354), (-3.0076532, 0, -0.0000037252903), (-1.8855479, -1.2466898, 1.0381768), (-3.236036, -0.00004512258, 0.00007748604), (-3.5911143, -0.000003259629, -0.0000230968), (-3.7169151, -0.000040233135, -0.00005327165), (-5.058628, -4.6742396, 0.22921085), (-9.300366, 0.000021141022, 0.00034943223), (-15.363568, 0.000009126961, 0.00006854534), (-21.953476, 0.000032037497, 0.00042170286), (-0.0000076293945, -15.423191, -1.4901161e-8), (-8.085975, -1.1072956, 15.967178), (23.681501, 0.0000044703484, -0.0000059604645), (18.76295, 0.0000015832484, 0), (8.314839, 16.540886, -0.0000014901161), (5.9065723, -0.000018253922, -0.0000029802322), (-0.0000076293945, 3.5762787e-7, 0), (13.839197, 8.6676855, 0.7804546), (-0.0005264282, 0.000006318092, 0.000009536742), (8.243153, 0.025222357, 0.03136471), (13.503048, 0.025227666, 0.031365454), (18.76296, 0.025232695, 0.031369925), (3.5640159, -0.027899817, 0.06273314), (11.695591, -0.027898699, 0.06273314), (22.08418, -0.013948977, 0.031363964), (-8.085989, -1.1072927, -15.9671755), (-23.681498, 0.0000014901161, -0.0000029802322), (-18.762922, -0.0000029802322, 0.000008940697), (-8.314835, -16.540873, 0.000016391277), (-5.906501, -0.000016670674, 0.0000067055225), (0.0000076293945, -5.960464e-7, 0.0000019073486), (-13.80206, -8.666168, -0.7774315), (0.0005226135, -0.000006198883, -0.0000019073486), (-8.243123, -0.02521649, -0.031355396), (-13.503021, -0.025218725, -0.031356514), (-18.762938, -0.025221705, -0.031351298), (-3.564047, 0.027902052, -0.06273575), (-11.695613, 0.027902424, -0.06273836), (-22.084171, 0.013953447, -0.031368434), (0, 26.068565, 24.044163), (0, -24.746897, 14.007136), (0, 26.240196, -24.202477), (-0.000015258789, -24.877132, -14.080856)],
                4: [(-0.00027328497, 0.16492774, -0.0096919015), (-1.2878549, 70.60458, 4.035921), (1.1832075, -5.5879354e-7, 8.381903e-7), (5.7291346, 3.7252903e-7, -7.4505806e-7), (4.3811584, 3.7252903e-7, 0), (6.8736033, 7.4505806e-7, 0), (9.401946, 0.58614385, 3.090528), (13.4023695, 5.5879354e-7, 9.313226e-7), (21.95377, 0.0000044703484, 0.000014901161), (0.0000076293945, -9.536743e-7, -0.000022888184), (8.576158, 1.8626451e-7, -0.000027567148), (15.857146, -0.0000029802322, -0.000025331974), (19.902664, -3.7252903e-7, -0.000029802322), (19.902662, 7.4505806e-7, -0.000029802322), (3.339782, 0.7651068, -1.4189714), (6.8341093, -0.64395964, 0.09776503), (4.1229844, -0.000023981556, 0.0000086613), (2.7847457, 0.000022165477, 0.0000011175871), (3.5083897, 0.5295206, -0.25423896), (6.553157, -0.72642493, 0.1601085), (4.614114, 0, 1.8626451e-7), (3.1036048, -0.000008568168, -0.000007636845), (-0.08362579, 0.11277008, -0.009806156), (3.2634358, 1.0381484, 2.2493339), (5.279021, 0.00012330711, -0.00022128224), (3.4150317, -0.000016391277, 0.000015180558), (2.3925767, 0.0000057742, -0.000017508864), (3.468462, 0.69526696, 0.93305), (5.975445, -0.60467494, 0.15549622), (4.2279954, 0.0000067055225, -0.000016205013), (3.0076587, -0.00001527369, 0.000008940697), (1.8853046, 1.2465372, -1.0381821), (3.2360017, -0.000010430813, -0.00000775326), (3.5911236, -0.0000033527613, -0.000015180558), (3.716888, 0.00000433065, 0.00002272427), (5.0582094, 4.5793405, -0.2263614), (9.300752, 0, 0.000040233135), (15.363535, 0.0000044703484, 0.00003427267), (21.953762, 0.0000059604645, 0.000037252903), (11.916086, -1.9812077, 0), (9.344958, 0.0000022351742, 4.4237822e-7), (35.537354, 0, 0.000003911555), (35.537354, 0, 0.000003911555), (14.328766, 14.812949, -2.9802322e-8), (14.328766, 14.812952, -8.088996), (4.7683716e-7, 0.000015258789, -0.000005722046), (14.328751, 14.812946, 8.088768), (0.0000023841856, 0.000045776367, 0.000005722046), (47.800446, 4.7683716e-7, -1.4901161e-8), (9.4017105, 0.58614314, -3.0905325), (-13.402314, 0.0000022351742, 0.000102072954), (-21.95346, 0.0000128522515, 0.00041425228), (0.0000076293945, -4.7683716e-7, -0.000015258789), (-8.57647, 0.000012293458, -0.00036470592), (-15.85697, -0.000011175871, 0.00003874302), (-19.902596, -0.0000014901161, -0.0000923872), (-19.902607, -0.0000014901161, -0.00008046627), (-3.3399947, -0.76528823, 1.4189711), (-6.8341255, 0.64393693, -0.09777397), (-4.1229715, 0.000046938658, 0.0000074505806), (-2.784739, -0.000038929284, -0.0000018626451), (-3.508646, -0.5296616, 0.25423717), (-6.5531654, 0.7264409, -0.16010982), (-4.6140895, -0.000045262277, 0), (-3.1035912, -0.000008568168, -0.000005401671), (0.08361435, -0.11273956, 0.009807587), (-3.2636695, -1.038307, -2.2493327), (-5.279023, -0.00009872019, 0.00022668391), (-3.415062, 0.0000013038516, 0.0000033527613), (-2.3924973, -0.000045634806, -0.000044889748), (-3.4687028, -0.69545007, -0.93305504), (-5.975486, 0.60462207, -0.1554938), (-4.227961, 0.000021792948, 0), (-3.0076456, 3.7252903e-7, -0.0000048428774), (-1.8855458, -1.2466882, 1.038178), (-3.2360334, -0.00004528556, 0.00007674098), (-3.5911121, -0.0000016763806, -0.000021606684), (-3.7169127, -0.00003883615, -0.000052526593), (-5.058628, -4.6742396, 0.22921085), (-9.300359, 0.00001383014, 0.000346452), (-15.363559, -2.7939677e-7, 0.00006407499), (-21.953459, 0.000016018748, 0.00042170286), (-0.0000076293945, -15.423191, -1.4901161e-8), (-8.085981, -1.1072956, 15.967176), (23.681501, 0.0000044703484, -0.0000044703484), (18.76296, 0.0000029802322, 0.0000014901161), (8.314843, 16.540892, 0.0000014901161), (5.906576, -0.000014156103, -0.0000026077032), (-0.0000076293945, 3.5762787e-7, 0), (13.839197, 8.6676855, 0.7804546), (-0.0005264282, 0.000006318092, 0.000009536742), (8.243153, 0.025220541, 0.031362474), (13.503049, 0.025225244, 0.031365454), (18.762966, 0.025230274, 0.031369925), (3.5640173, -0.027900562, 0.06273221), (11.695591, -0.027898699, 0.0627324), (22.084179, -0.013948977, 0.031360984), (-8.085994, -1.1072919, -15.967178), (-23.681501, 0.0000029802322, -0.0000044703484), (-18.762928, -0.0000014901161, 0.000012665987), (-8.314832, -16.540878, 0.000013411045), (-5.906499, -0.000017439015, 0.00000782311), (0.0000076293945, -5.960464e-7, 0.0000019073486), (-13.80206, -8.666168, -0.7774315), (0.0005226135, -0.000006198883, -0.0000019073486), (-8.243124, -0.02521649, -0.031354092), (-13.503024, -0.025215745, -0.03135465), (-18.76294, -0.025218725, -0.03134869), (-3.5640452, 0.02790261, -0.062737055), (-11.695615, 0.027902424, -0.06273687), (-22.084171, 0.013956428, -0.031366944), (0, 26.068565, 24.044163), (0, -24.746897, 14.007136), (0, 26.240196, -24.202477), (-0.000015258789, -24.877132, -14.080856)],
                5: [(0.0023528002, 0.37231916, -0.04655365), (-1.125774, 69.45624, 3.8100183), (1.183207, -6.519258e-7, 7.916242e-7), (5.7291336, 0, 7.4505806e-7), (4.3811545, 7.4505806e-7, 0.0000011641532), (6.8735995, 0.0000022351742, 0.0000014901161), (9.401948, 0.58614314, 3.0905275), (13.4023695, 0.0000014901161, 0.0000013969839), (21.953764, 0, 0.000013411045), (0.0000076293945, -9.536743e-7, -0.000022888184), (8.576157, -0.0000033527613, -0.000026077032), (15.857145, -3.7252903e-7, -0.00002682209), (19.902662, -0.0000033527613, -0.000032782555), (19.902662, -0.0000033527613, -0.000032782555), (3.3397808, 0.7651072, -1.4189718), (6.8341045, -0.6439574, 0.097767636), (4.122982, -0.000022118911, 0.0000095926225), (2.7847447, 0.000022538006, 0.0000022351742), (3.5083919, 0.5295197, -0.25424138), (6.5531583, -0.7264238, 0.16010515), (4.6141105, 3.7252903e-7, -0.0000011175871), (3.1036046, -0.00000782311, -0.0000067055225), (-0.08362579, 0.11277008, -0.009806156), (3.2634356, 1.0381494, 2.2493327), (5.279023, 0.00012330711, -0.00022388995), (3.4150333, -0.00001564622, 0.000014342368), (2.392579, 0.0000070780516, -0.000016577542), (3.4684625, 0.69526803, 0.9330496), (5.9754486, -0.60467535, 0.15549734), (4.228004, 0.000006891787, -0.000015459955), (3.0076628, -0.000015459955, 0.000014714897), (1.8853062, 1.2465358, -1.0381839), (3.2359984, -0.000008568168, -0.0000071828254), (3.5911224, -0.0000052154064, -0.000014714897), (3.716889, 0.0000055501005, 0.000022910535), (5.0582094, 4.5793405, -0.2263614), (9.300754, 0, 0.0000404194), (15.363531, 0.0000014901161, 0.00003259629), (21.953756, 0, 0.00003501773), (11.916086, -1.9812062, -0.0000014901161), (9.344968, -0.0000014901161, -0.0000027474016), (35.53738, -0.000008940697, -0.000011175871), (35.53738, -0.000008940697, -0.000011175871), (14.328766, 14.812949, -2.9802322e-8), (14.328766, 14.812952, -8.088996), (4.7683716e-7, 0.000015258789, -0.000005722046), (14.328751, 14.812946, 8.088768), (0.0000023841856, 0.000045776367, 0.000005722046), (47.800446, 4.7683716e-7, -1.4901161e-8), (9.4017105, 0.58614314, -3.0905325), (-13.402317, 0.0000026077032, 0.00010356307), (-21.953465, 0.000017136335, 0.00042170286), (0.0000076293945, -4.7683716e-7, -0.000015258789), (-8.57647, 0.000010430813, -0.0003658235), (-15.856968, -0.000010430813, 0.00003874302), (-19.902596, -0.0000029802322, -0.00009089708), (-19.902613, -0.0000067055225, -0.00008791685), (-3.3399954, -0.7652886, 1.4189714), (-6.8341293, 0.64393395, -0.097776204), (-4.1229763, 0.00004451722, 0.0000074505806), (-2.7847395, -0.000037625432, -0.0000059604645), (-3.5086486, -0.5296625, 0.25423384), (-6.5531654, 0.72644055, -0.16010758), (-4.6140933, -0.000044703484, -0.0000011175871), (-3.1035974, -0.000008009374, -0.0000048428774), (0.08361435, -0.11273956, 0.009807587), (-3.263671, -1.0383055, -2.2493322), (-5.27903, -0.000097975135, 0.00022323802), (-3.415069, -5.5879354e-7, 0.0000033527613), (-2.3925006, -0.000046007335, -0.00004749745), (-3.4687037, -0.69544816, -0.9330539), (-5.975489, 0.6046206, -0.15549716), (-4.2279673, 0.000022351742, -0.0000044703484), (-3.0076485, 5.5879354e-7, -0.0000044703484), (-1.8855463, -1.2466881, 1.038178), (-3.2360349, -0.000045867637, 0.000075250864), (-3.5911136, -0.0000060535967, -0.000023469329), (-3.7169147, -0.000037439167, -0.000052899122), (-5.058628, -4.6742396, 0.22921085), (-9.30036, 0.000016577542, 0.00034719706), (-15.363562, 0.0000040978193, 0.00006407499), (-21.953466, 0.000020489097, 0.00042021275), (-0.0000076293945, -15.423191, -1.4901161e-8), (-8.085977, -1.1072971, 15.967178), (23.681488, -0.0000029802322, 0.0000029802322), (18.762947, 0.0000048428774, 0.0000029802322), (8.3148365, 16.540857, -0.000010430813), (5.906568, -0.000016391277, -0.0000011175871), (-0.0000076293945, 3.5762787e-7, 0), (13.839197, 8.6676855, 0.7804546), (-0.0005264282, 0.000006318092, 0.000009536742), (8.243147, 0.025221054, 0.031363964), (13.503043, 0.025227852, 0.031363964), (18.762955, 0.025235116, 0.031366944), (3.5640154, -0.027900934, 0.062734075), (11.695583, -0.027900934, 0.0627365), (22.08417, -0.013954937, 0.0313662), (-8.085989, -1.1072934, -15.9671755), (-23.681501, 0.0000014901161, -0.0000059604645), (-18.762926, -0.0000014901161, 0.000011594966), (-8.314833, -16.540874, 0.000017136335), (-5.9064975, -0.000017357524, 0.0000074505806), (0.0000076293945, -5.960464e-7, 0.0000019073486), (-13.80206, -8.666168, -0.7774315), (0.0005226135, -0.000006198883, -0.0000019073486), (-8.243123, -0.025215745, -0.031354878), (-13.503021, -0.025217235, -0.03135521), (-18.76294, -0.025218725, -0.031349342), (-3.5640485, 0.027901866, -0.062736124), (-11.695615, 0.02790168, -0.06273836), (-22.084173, 0.013954937, -0.031366944), (0, 26.068565, 24.044163), (0, -24.746897, 14.007136), (0, 26.240196, -24.202477), (-0.000015258789, -24.877132, -14.080856)],
                6: [(0.0039116596, -0.00001029629, -0.051961653), (-0.8785157, 67.33739, 3.86823), (1.1832023, 1.8626451e-7, -2.0954758e-7), (5.7291336, -7.4505806e-7, 1.8626451e-7), (4.381155, 0.0000011175871, 9.313226e-7), (6.8736033, 7.4505806e-7, 0.000001071021), (9.401946, 0.5861446, 3.0905285), (13.402371, 0.0000010244548, -0.0000022351742), (21.953762, -0.0000044703484, 0.000009126961), (0.0000076293945, -9.536743e-7, -0.000022888184), (8.576151, -0.0000044703484, -0.00002682209), (15.857133, -0.0000023981556, -0.00002682209), (19.902649, -0.0000012572855, -0.000029802322), (19.902643, -0.000002188608, -0.000029802322), (3.3397808, 0.7651061, -1.4189694), (6.834104, -0.64396, 0.097768754), (4.1229815, -0.000022398308, 0.000013411045), (2.7847443, 0.000024028122, -0.0000013038516), (3.5083904, 0.52951735, -0.25424176), (6.553157, -0.7264236, 0.1601085), (4.6141086, -1.8626451e-7, -7.4505806e-7), (3.1036048, -0.000006519258, -0.00000782311), (-0.08362579, 0.11277008, -0.009806156), (3.2634356, 1.0381484, 2.2493355), (5.279017, 0.00012200326, -0.00022314489), (3.415029, -0.000014062971, 0.000016391277), (2.3925774, 0.000008428469, -0.000015087426), (3.4684603, 0.69526774, 0.9330481), (5.975444, -0.6046746, 0.15549436), (4.2279983, 0.000008428469, -0.000014156103), (3.007661, -0.00001611188, 0.000011175871), (1.8853033, 1.2465372, -1.0381825), (3.2360032, -0.000010803342, -0.000009406358), (3.591123, -0.000004284084, -0.000016018748), (3.716888, 0.0000055879354, 0.00002142042), (5.0582094, 4.5793405, -0.2263614), (9.300754, -7.4505806e-7, 0.000040698797), (15.363526, -0.0000014901161, 0.000029150397), (21.953756, 0, 0.00003259629), (11.916081, -1.9812047, 7.4505806e-7), (9.344966, -7.4505806e-7, 4.656613e-8), (35.53737, -0.0000059604645, -0.000005401671), (35.53737, -0.0000059604645, -0.000005401671), (14.328766, 14.812949, -2.9802322e-8), (14.328766, 14.812952, -8.088996), (4.7683716e-7, 0.000015258789, -0.000005722046), (14.328751, 14.812946, 8.088768), (0.0000023841856, 0.000045776367, 0.000005722046), (47.800446, 4.7683716e-7, -1.4901161e-8), (9.4017105, 0.5861424, -3.0905313), (-13.402319, 0.0000033527613, 0.00010617077), (-21.953465, 0.000016391277, 0.00042170286), (0.0000076293945, -4.7683716e-7, -0.000015258789), (-8.576469, 0.000009313226, -0.00036507845), (-15.856963, -0.000008195639, 0.00004172325), (-19.902592, -0.0000029802322, -0.00009089708), (-19.902607, -0.0000044703484, -0.00008493662), (-3.3399978, -0.7652905, 1.4189687), (-6.83413, 0.6439351, -0.09777956), (-4.1229725, 0.000046007335, 0.000005029142), (-2.784738, -0.00003669411, -0.000005401671), (-3.5086467, -0.52966106, 0.2542356), (-6.5531673, 0.7264394, -0.16011111), (-4.614092, -0.000044889748, 0), (-3.1035945, -0.00000782311, -0.0000037252903), (0.08361435, -0.11273956, 0.009807587), (-3.2636714, -1.0383062, -2.2493334), (-5.279028, -0.00010058284, 0.00022388995), (-3.415066, 0.0000013038516, 0.0000022351742), (-2.3925006, -0.00004544854, -0.00004582107), (-3.4687037, -0.6954506, -0.9330561), (-5.975486, 0.60462284, -0.1554923), (-4.2279644, 0.000021792948, -0.0000018626451), (-3.0076487, 7.4505806e-7, -0.0000052154064), (-1.8855463, -1.2466897, 1.0381776), (-3.2360337, -0.000048195943, 0.000074505806), (-3.5911136, -0.0000045634806, -0.000022351742), (-3.7169147, -0.000039115548, -0.00005327165), (-5.058628, -4.6742396, 0.22921085), (-9.30036, 0.000016018748, 0.0003479421), (-15.363562, 0.0000033527613, 0.000067055225), (-21.953465, 0.000020861626, 0.00042766333), (-0.0000076293945, -15.423191, -1.4901161e-8), (-8.085969, -1.1072927, 15.967167), (23.681486, -0.0000029802322, 0.0000052154064), (18.762953, 0.000003585592, 0.0000014901161), (8.314838, 16.540874, -0.0000044703484), (5.9065676, -0.000018253922, 0), (-0.0000076293945, 3.5762787e-7, 0), (13.839197, 8.6676855, 0.7804546), (-0.0005264282, 0.000006318092, 0.000009536742), (8.243151, 0.025221124, 0.03136322), (13.503045, 0.025225244, 0.031363964), (18.76296, 0.025231065, 0.031363964), (3.564016, -0.027900562, 0.06273331), (11.6955805, -0.027903914, 0.062737614), (22.084167, -0.013954937, 0.031367317), (-8.08599, -1.107299, -15.967173), (-23.681494, 0.0000014901161, -0.0000074505806), (-18.762924, -0.0000029802322, 0.000008195639), (-8.314833, -16.540876, 0.000014901161), (-5.906499, -0.000017439015, 0.0000070780516), (0.0000076293945, -5.960464e-7, 0.0000019073486), (-13.80206, -8.666168, -0.7774315), (0.0005226135, -0.000006198883, -0.0000019073486), (-8.243121, -0.02521649, -0.031354558), (-13.503021, -0.025217235, -0.031356327), (-18.762938, -0.025220215, -0.03135018), (-3.5640426, 0.027902424, -0.0627365), (-11.695612, 0.02790168, -0.062737614), (-22.084167, 0.013954937, -0.031369925), (0, 26.068565, 24.044163), (0, -24.746897, 14.007136), (0, 26.240196, -24.202477), (-0.000015258789, -24.877132, -14.080856)],
                7: [(0.0075495103, -0.000024258998, -0.0136606395), (-0.57032466, 66.62069, 4.2338467), (1.1832045, -9.313226e-8, -1.3969839e-7), (5.729134, 3.7252903e-7, 0.0000010244548), (4.3811545, 3.7252903e-7, 5.122274e-7), (6.8736, 0.0000014901161, 7.4505806e-7), (9.401943, 0.5861454, 3.0905278), (13.402369, 0.000002142042, -0.0000033527613), (21.953762, -0.0000014901161, 0.00000782311), (0.0000076293945, -9.536743e-7, -0.000022888184), (8.576151, -0.0000033061951, -0.000024586916), (15.857133, -0.0000044470653, -0.000028312206), (19.902649, -0.00000144355, -0.00003129244), (19.902647, -0.000008381903, -0.000028312206), (3.3397794, 0.7651068, -1.418969), (6.834103, -0.6439618, 0.09776577), (4.1229806, -0.000023469329, 0.00001071021), (2.784743, 0.000023562461, -0.0000026077032), (3.5083864, 0.5295174, -0.25424176), (6.553156, -0.72642356, 0.16010776), (4.614108, 3.7252903e-7, -0.0000016763806), (3.1036043, -0.000008475035, -0.0000059604645), (-0.08362579, 0.11277008, -0.009806156), (3.2634351, 1.0381467, 2.2493343), (5.279018, 0.000121444464, -0.00022351742), (3.415031, -0.000013737008, 0.0000121071935), (2.3925803, 0.0000075087883, -0.000016577542), (3.4684598, 0.69526666, 0.93305093), (5.975443, -0.6046778, 0.15549995), (4.2279954, 0.000008009374, -0.000013038516), (3.0076585, -0.000014016405, 0.000011175871), (1.8853046, 1.2465366, -1.0381811), (3.2359962, -0.000009872019, -0.000006519258), (3.5911207, -0.0000020459993, -0.000013224781), (3.7168899, 0.0000048428774, 0.000024028122), (5.0582094, 4.5793405, -0.2263614), (9.300753, 0, 0.00003995374), (15.363528, 0.0000014901161, 0.000029336661), (21.953753, 0.0000014901161, 0.000028871), (11.916087, -1.9812077, 3.7252903e-7), (9.344968, -7.4505806e-7, 6.2864274e-7), (35.537365, -0.0000029802322, 2.7939677e-7), (35.537365, -0.0000029802322, 2.7939677e-7), (14.328766, 14.812949, -2.9802322e-8), (14.328766, 14.812952, -8.088996), (4.7683716e-7, 0.000015258789, -0.000005722046), (14.328751, 14.812946, 8.088768), (0.0000023841856, 0.000045776367, 0.000005722046), (47.800446, 4.7683716e-7, -1.4901161e-8), (9.40171, 0.58614314, -3.0905333), (-13.402319, 0.0000040978193, 0.00010840595), (-21.953459, 0.000017136335, 0.00042766333), (0.0000076293945, -4.7683716e-7, -0.000015258789), (-8.576467, 0.000009313226, -0.00036358833), (-15.856963, -0.000009685755, 0.000043213367), (-19.902584, -0.0000029802322, -0.00008195639), (-19.9026, -0.0000052154064, -0.00008046627), (-3.339994, -0.7652877, 1.4189707), (-6.834127, 0.64393806, -0.09777583), (-4.122971, 0.0000461936, 0.0000057742), (-2.7847383, -0.00003837049, -0.0000059604645), (-3.5086453, -0.5296629, 0.25423503), (-6.553165, 0.7264409, -0.16010739), (-4.614085, -0.0000461936, 0.0000037252903), (-3.1035898, -0.00000949949, -0.0000063329935), (0.08361435, -0.11273956, 0.009807587), (-3.263672, -1.038308, -2.2493362), (-5.279024, -0.000097975135, 0.00022593886), (-3.4150639, 9.313226e-7, 0.0000018626451), (-2.3924973, -0.00004582107, -0.00004861504), (-3.4687028, -0.69544816, -0.93305635), (-5.975482, 0.6046232, -0.15549007), (-4.2279615, 0.000024214387, 0), (-3.0076482, -5.5879354e-7, -0.0000035390258), (-1.8855467, -1.2466884, 1.0381738), (-3.2360315, -0.00004747417, 0.00007562339), (-3.5911105, -0.000002933666, -0.0000230968), (-3.7169106, -0.000038277358, -0.00005327165), (-5.058628, -4.6742396, 0.22921085), (-9.300356, 0.00001564622, 0.00034868717), (-15.363555, 0.0000029802322, 0.000071525574), (-21.953459, 0.000018626451, 0.00042766333), (-0.0000076293945, -15.423191, -1.4901161e-8), (-8.085978, -1.1072948, 15.967178), (23.681505, 0.0000044703484, -0.000010430813), (18.762964, 0.000006146729, 0.0000014901161), (8.314843, 16.540892, 7.4505806e-7), (5.906573, -0.000016391277, -0.0000016763806), (-0.0000076293945, 3.5762787e-7, 0), (13.839197, 8.6676855, 0.7804546), (-0.0005264282, 0.000006318092, 0.000009536742), (8.243156, 0.025221612, 0.03136322), (13.503056, 0.02522748, 0.031365454), (18.76297, 0.025235675, 0.031366944), (3.5640173, -0.02790019, 0.06273137), (11.695591, -0.027899444, 0.06272942), (22.084183, -0.013948977, 0.03135577), (-8.085992, -1.1072927, -15.967178), (-23.681492, 0, -0.000010430813), (-18.762924, -0.0000029802322, 0.000008009374), (-8.314833, -16.540874, 0.000016391277), (-5.9065003, -0.000017136335, 0.0000067055225), (0.0000076293945, -5.960464e-7, 0.0000019073486), (-13.80206, -8.666168, -0.7774315), (0.0005226135, -0.000006198883, -0.0000019073486), (-8.243122, -0.02521649, -0.03135493), (-13.503022, -0.025215745, -0.03135577), (-18.762938, -0.025217235, -0.031350553), (-3.5640419, 0.027901307, -0.06273641), (-11.695612, 0.027899444, -0.062739104), (-22.084164, 0.013951957, -0.031373277), (0, 26.068565, 24.044163), (0, -24.746897, 14.007136), (0, 26.240196, -24.202477), (-0.000015258789, -24.877132, -14.080856)],
                8: [(0.01059284, 0.13023819, 0.028821267), (-0.24274248, 68.46035, 4.6872325), (1.1832031, 0, -2.7939677e-7), (5.72914, -0.0000026077032, -0.0000023283064), (4.3811564, -3.7252903e-7, -9.313226e-7), (6.8736033, 0, 4.656613e-7), (9.401948, 0.58614314, 3.090528), (13.402369, 0.0000029802322, -0.0000037252903), (21.953764, 0.0000029802322, 0.0000115484), (0.0000076293945, -9.536743e-7, -0.000022888184), (8.576155, -0.0000034226105, -0.000025331974), (15.857142, -0.000007171184, -0.000025331974), (19.902657, -0.0000026077032, -0.000029802322), (19.902655, -0.0000031664968, -0.000029802322), (3.3397808, 0.76510656, -1.4189698), (6.8341055, -0.64396095, 0.09776428), (4.122987, -0.00002272427, 0.000012665987), (2.7847443, 0.00002104789, 0.0000018626451), (3.5083885, 0.52951777, -0.254241), (6.553152, -0.726426, 0.16010925), (4.614105, 7.4505806e-7, -4.656613e-7), (3.1036055, -0.000006618211, -0.0000074505806), (-0.08362579, 0.11277008, -0.009806156), (3.2634344, 1.0381457, 2.2493324), (5.2790203, 0.000121444464, -0.00021904707), (3.4150295, -0.000014156103, 0.000015087426), (2.392577, 0.0000066589564, -0.000015087426), (3.4684591, 0.69526696, 0.9330498), (5.975443, -0.60467535, 0.15549622), (4.2279987, 0.000006891787, -0.0000128522515), (3.007659, -0.00001564622, 0.000012293458), (1.8853042, 1.2465382, -1.0381812), (3.2359986, -0.000009546056, -0.000008381903), (3.5911222, -0.0000024214387, -0.000014714897), (3.7168872, 0.0000026077032, 0.000021373853), (5.0582094, 4.5793405, -0.2263614), (9.300754, 7.4505806e-7, 0.000039860606), (15.363529, 0.0000029802322, 0.000028312206), (21.953753, 0.0000014901161, 0.000028312206), (11.916084, -1.9812047, 0), (9.344957, 0.0000029802322, 4.7148205e-7), (35.537357, 0.0000029802322, -0.0000027008355), (35.537357, 0.0000029802322, -0.0000027008355), (14.328766, 14.812949, -2.9802322e-8), (14.328766, 14.812952, -8.088996), (4.7683716e-7, 0.000015258789, -0.000005722046), (14.328751, 14.812946, 8.088768), (0.0000023841856, 0.000045776367, 0.000005722046), (47.800446, 4.7683716e-7, -1.4901161e-8), (9.40171, 0.5861446, -3.0905328), (-13.402317, 0.0000044703484, 0.00010621734), (-21.953466, 0.000023841858, 0.0004246831), (0.0000076293945, -4.7683716e-7, -0.000015258789), (-8.576472, 0.0000144355, -0.00036731362), (-15.85697, -0.0000074505806, 0.000035762787), (-19.902594, -0.0000022351742, -0.00009089708), (-19.902609, -0.0000070780516, -0.00008791685), (-3.339996, -0.7652892, 1.4189683), (-6.8341284, 0.64393806, -0.097776204), (-4.1229734, 0.00004414469, 0.0000074505806), (-2.784738, -0.000039569568, -0.0000027939677), (-3.5086474, -0.5296621, 0.25423485), (-6.553165, 0.72643924, -0.16011), (-4.61409, -0.000045076013, 3.7252903e-7), (-3.1035922, -0.0000071246177, -0.00000782311), (0.08361435, -0.11273956, 0.009807587), (-3.2636707, -1.0383083, -2.2493353), (-5.2790256, -0.000098347664, 0.00022314489), (-3.4150646, 0.0000010244548, 0.0000033527613), (-2.3924983, -0.000045634806, -0.000043399632), (-3.468703, -0.6954495, -0.93305504), (-5.9754853, 0.6046211, -0.15549399), (-4.227964, 0.000022910535, -0.0000037252903), (-3.0076497, -6.519258e-7, -9.313226e-7), (-1.8855473, -1.2466899, 1.0381742), (-3.2360303, -0.000044703484, 0.00007562339), (-3.5911083, -0.0000015832484, -0.000021606684), (-3.7169092, -0.000041758176, -0.000052526593), (-5.058628, -4.6742396, 0.22921085), (-9.300364, 0.000017881393, 0.00034607947), (-15.363566, 0.0000052154064, 0.00006556511), (-21.953466, 0.000023841858, 0.0004246831), (-0.0000076293945, -15.423191, -1.4901161e-8), (-8.085981, -1.1072979, 15.967186), (23.681507, 0.0000074505806, -0.000013411045), (18.762957, 0.0000022351742, 0.0000014901161), (8.314844, 16.54089, -0.0000014901161), (5.9065742, -0.000014528632, -0.0000037252903), (-0.0000076293945, 3.5762787e-7, 0), (13.839197, 8.6676855, 0.7804546), (-0.0005264282, 0.000006318092, 0.000009536742), (8.243154, 0.025221705, 0.03136173), (13.503051, 0.025227293, 0.031365454), (18.762964, 0.025233626, 0.031366944), (3.5640185, -0.027899072, 0.06273072), (11.695594, -0.027896464, 0.06272867), (22.084183, -0.013945997, 0.03135279), (-8.085991, -1.1072907, -15.967181), (-23.6815, 0.0000029802322, -0.0000059604645), (-18.762928, 0, 0.000013038516), (-8.314832, -16.540876, 0.000016298145), (-5.906499, -0.000017392449, 0.0000070780516), (0.0000076293945, -5.960464e-7, 0.0000019073486), (-13.80206, -8.666168, -0.7774315), (0.0005226135, -0.000006198883, -0.0000019073486), (-8.243123, -0.02521649, -0.031353906), (-13.503022, -0.025217235, -0.031355023), (-18.76294, -0.025218725, -0.031346083), (-3.564043, 0.02790168, -0.06273624), (-11.695612, 0.027900934, -0.06273813), (-22.084171, 0.013953447, -0.03136471), (0, 26.068565, 24.044163), (0, -24.746897, 14.007136), (0, 26.240196, -24.202477), (-0.000015258789, -24.877132, -14.080856)],
                9: [(0.011845689, 0.16887276, 0.04966315), (0.06131975, 70.01612, 4.977697), (1.1832035, 1.8626451e-7, 1.1641532e-7), (5.7291365, -7.4505806e-7, 0), (4.3811555, 7.4505806e-7, 1.8626451e-7), (6.873602, 7.4505806e-7, -5.5879354e-7), (9.401952, 0.5861409, 3.090527), (13.402369, 0.0000018626451, -0.0000022351742), (21.953773, 0, 0.000022351742), (0.0000076293945, -9.536743e-7, -0.000022888184), (8.576161, -0.0000011641532, -0.000026077032), (15.857151, 0.0000010244548, -0.000028312206), (19.902674, -9.313226e-8, -0.000028312206), (19.902666, 0.0000020489097, -0.000029802322), (3.3397846, 0.7651098, -1.4189731), (6.8341107, -0.6439557, 0.09776279), (4.12299, -0.000017508864, 0.000008800998), (2.784752, 0.000023451867, -9.313226e-7), (3.5083935, 0.5295224, -0.25424063), (6.5531588, -0.7264204, 0.16010813), (4.614114, 0.0000014901161, 7.4505806e-7), (3.1036072, -0.000009685755, -0.000006146729), (-0.08362579, 0.11277008, -0.009806156), (3.2634358, 1.0381505, 2.2493353), (5.2790236, 0.00012554228, -0.00022146851), (3.4150317, -0.00001359731, 0.000014342368), (2.39258, 0.0000092200935, -0.00001648441), (3.4684637, 0.6952716, 0.93305224), (5.975446, -0.60467196, 0.15549436), (4.228003, 0.000010803342, -0.000015832484), (3.007663, -0.000017601997, 0.000013411045), (1.8853083, 1.2465404, -1.0381831), (3.2360017, -0.000011594966, -0.000008754432), (3.591124, -0.000004284084, -0.000015087426), (3.7168906, 0.0000037252903, 0.00002074521), (5.0582094, 4.5793405, -0.2263614), (9.300755, -0.0000014901161, 0.00004284084), (15.363535, 7.4505806e-7, 0.000037252903), (21.953768, 0.0000014901161, 0.00004544854), (11.916087, -1.9812093, -0.0000026077032), (9.344968, -0.0000022351742, -0.000002689194), (35.537373, -0.000011920929, -0.000007799827), (35.537373, -0.000011920929, -0.000007799827), (14.328766, 14.812949, -2.9802322e-8), (14.328766, 14.812952, -8.088996), (4.7683716e-7, 0.000015258789, -0.000005722046), (14.328751, 14.812946, 8.088768), (0.0000023841856, 0.000045776367, 0.000005722046), (47.800446, 4.7683716e-7, -1.4901161e-8), (9.401712, 0.58614314, -3.0905373), (-13.402319, 0.0000041676685, 0.00010551885), (-21.953474, 0.000023841858, 0.0004194677), (0.0000076293945, -4.7683716e-7, -0.000015258789), (-8.576473, 0.000010058284, -0.0003695488), (-15.856976, -0.000009126961, 0.000029802322), (-19.902607, -0.0000055879354, -0.000101327896), (-19.90262, -0.00000782311, -0.00009536743), (-3.3399966, -0.7652912, 1.4189687), (-6.83413, 0.64393485, -0.097779185), (-4.122977, 0.000044889748, 0.0000048428774), (-2.7847419, -0.00003715977, -0.0000059604645), (-3.5086498, -0.52966416, 0.2542343), (-6.553164, 0.7264416, -0.16010888), (-4.61409, -0.000046007335, -0.0000026077032), (-3.1035907, -0.000006845221, -0.000005029142), (0.08361435, -0.11273956, 0.009807587), (-3.2636724, -1.0383072, -2.2493334), (-5.2790294, -0.00010095537, 0.00022090971), (-3.4150653, -1.5133992e-7, 0.0000029802322), (-2.3925, -0.000046181958, -0.000045262277), (-3.4687037, -0.69545025, -0.93305707), (-5.975489, 0.6046204, -0.15549585), (-4.227969, 0.000022817403, -0.0000022351742), (-3.00765, 0.0000023283064, -7.4505806e-7), (-1.8855475, -1.2466887, 1.0381771), (-3.2360368, -0.00004582107, 0.000076554716), (-3.591115, -0.000004656613, -0.000021979213), (-3.7169166, -0.000038929284, -0.00005327165), (-5.058628, -4.6742396, 0.22921085), (-9.300364, 0.000017136335, 0.00034570694), (-15.363566, 0.0000067055225, 0.00006556511), (-21.953468, 0.000028312206, 0.00042319298), (-0.0000076293945, -15.423191, -1.4901161e-8), (-8.085972, -1.1072963, 15.967176), (23.681503, 0.0000044703484, -0.000009313226), (18.762949, 7.4505806e-7, 0.0000044703484), (8.314832, 16.540867, 0), (5.906569, -0.000016763806, 0.0000018626451), (-0.0000076293945, 3.5762787e-7, 0), (13.839197, 8.6676855, 0.7804546), (-0.0005264282, 0.000006318092, 0.000009536742), (8.243147, 0.025220215, 0.031363964), (13.503043, 0.02522543, 0.031363964), (18.762957, 0.025230646, 0.031368434), (3.5640159, -0.027900934, 0.06273194), (11.69559, -0.027897954, 0.06272886), (22.08418, -0.013948977, 0.031355396), (-8.085988, -1.1072959, -15.967176), (-23.681494, -0.0000029802322, -0.000008568168), (-18.762926, 0, 0.000010803342), (-8.314832, -16.540878, 0.000014156103), (-5.906499, -0.000017695129, 0.000008195639), (0.0000076293945, -5.960464e-7, 0.0000019073486), (-13.80206, -8.666168, -0.7774315), (0.0005226135, -0.000006198883, -0.0000019073486), (-8.243123, -0.025215, -0.031354465), (-13.503021, -0.025217235, -0.031355396), (-18.76294, -0.025218725, -0.031348318), (-3.5640411, 0.027900562, -0.06273589), (-11.695613, 0.027900934, -0.06273743), (-22.084164, 0.013951957, -0.031371415), (0, 26.068565, 24.044163), (0, -24.746897, 14.007136), (0, 26.240196, -24.202477), (-0.000015258789, -24.877132, -14.080856)],
                10: [(0.010622956, 0.3654167, 0.04471019), (0.3064059, 71.36655, 4.9678726), (1.1832032, 3.7252903e-7, 3.259629e-7), (5.72913, 0.0000011175871, 4.656613e-7), (4.3811564, 0.0000014901161, 0.0000022351742), (6.873598, 0.0000029802322, 0.0000022351742), (9.401939, 0.5861498, 3.0905285), (13.402364, 0.0000059604645, -0.0000029802322), (21.95376, 0.0000029802322, 0.0000067055225), (0.0000076293945, -9.536743e-7, -0.000022888184), (8.576152, -0.0000031199306, -0.000028312206), (15.857136, -0.000005401671, -0.000025331974), (19.902653, -0.000005867332, -0.00003129244), (19.902649, -0.000007916242, -0.00003129244), (3.3397806, 0.7651062, -1.4189683), (6.834104, -0.64396226, 0.09776987), (4.1229763, -0.000025518239, 0.000012665987), (2.7847412, 0.000021076994, 0.0000011175871), (3.5083864, 0.52951646, -0.25424063), (6.553152, -0.7264268, 0.16010888), (4.614109, -3.7252903e-7, 0.0000011175871), (3.1036057, -0.000007636845, -0.0000070780516), (-0.08362579, 0.11277008, -0.009806156), (3.2634358, 1.0381457, 2.2493334), (5.279016, 0.000120699406, -0.00022090971), (3.415025, -0.000015459955, 0.000014528632), (2.392576, 0.000008102506, -0.000015832484), (3.4684606, 0.6952677, 0.93305194), (5.9754424, -0.6046802, 0.15549734), (4.2279925, 0.000004284084, -0.000012665987), (3.0076575, -0.000014249235, 0.000010803342), (1.8853031, 1.2465351, -1.0381808), (3.2359986, -0.000009639189, -0.000007264316), (3.5911214, -0.0000044703484, -0.000013224781), (3.7168875, 0.0000029802322, 0.00002339948), (5.0582094, 4.5793405, -0.2263614), (9.300751, 0.0000014901161, 0.000039115548), (15.363524, 0.0000022351742, 0.000027567148), (21.953756, 0.0000044703484, 0.000029057264), (11.916076, -1.9811988, 0.0000037252903), (9.344959, 0.0000014901161, 0.0000034924597), (35.53735, 0.0000029802322, 0.00000949949), (35.53735, 0.0000029802322, 0.00000949949), (14.328766, 14.812949, -2.9802322e-8), (14.328766, 14.812952, -8.088996), (4.7683716e-7, 0.000015258789, -0.000005722046), (14.328751, 14.812946, 8.088768), (0.0000023841856, 0.000045776367, 0.000005722046), (47.800446, 4.7683716e-7, -1.4901161e-8), (9.401705, 0.58614385, -3.0905247), (-13.402319, 0.000006938353, 0.00010821968), (-21.953457, 0.000020861626, 0.00043064356), (0.0000076293945, -4.7683716e-7, -0.000015258789), (-8.576467, 0.00001527369, -0.00036358833), (-15.856959, -0.000009685755, 0.00004172325), (-19.902584, 0.0000014901161, -0.000086426735), (-19.902594, -0.0000059604645, -0.00008046627), (-3.3399947, -0.7652889, 1.418967), (-6.834124, 0.6439381, -0.09777844), (-4.12297, 0.00004550675, 0.000008009374), (-2.7847393, -0.000039860606, -0.0000052154064), (-3.5086472, -0.5296621, 0.25423467), (-6.5531626, 0.72644234, -0.16010925), (-4.614087, -0.00004529138, 0.0000016763806), (-3.1035926, -0.000008475035, -0.00000782311), (0.08361435, -0.11273956, 0.009807587), (-3.2636695, -1.0383059, -2.2493308), (-5.2790227, -0.00009723008, 0.00022575259), (-3.4150593, 7.4505806e-7, 0.000006519258), (-2.3924925, -0.000046094647, -0.000045262277), (-3.4687035, -0.6954478, -0.93305296), (-5.9754834, 0.60462284, -0.15549362), (-4.2279634, 0.000023655593, -0.0000020489097), (-3.0076482, 3.7252903e-7, -0.0000011175871), (-1.8855473, -1.2466875, 1.0381762), (-3.2360315, -0.000046379864, 0.00007711351), (-3.591111, -0.0000018626451, -0.000021979213), (-3.7169104, -0.000039301813, -0.00005364418), (-5.058628, -4.6742396, 0.22921085), (-9.300357, 0.000017136335, 0.0003501773), (-15.363553, 0.0000044703484, 0.00007301569), (-21.953457, 0.000025331974, 0.00043176115), (-0.0000076293945, -15.423191, -1.4901161e-8), (-8.085971, -1.1072948, 15.967171), (23.681488, -0.0000029802322, 0.0000028871), (18.762947, 0.0000014901161, 0.0000037252903), (8.314837, 16.540876, -0.0000014901161), (5.906569, -0.000016763806, -3.7252903e-7), (-0.0000076293945, 3.5762787e-7, 0), (13.839197, 8.6676855, 0.7804546), (-0.0005264282, 0.000006318092, 0.000009536742), (8.243148, 0.025220215, 0.031364337), (13.503043, 0.025223196, 0.031366944), (18.762955, 0.025230646, 0.031368434), (3.5640166, -0.02790019, 0.062733926), (11.695581, -0.027902424, 0.06273641), (22.084164, -0.013956428, 0.031369086), (-8.085995, -1.1072958, -15.967173), (-23.681484, -0.0000044703484, -0.000016391277), (-18.762918, -0.0000044703484, 0.0000052154064), (-8.314823, -16.540878, 0.00001564622), (-5.906493, -0.000021606684, 0.0000040978193), (0.0000076293945, -5.960464e-7, 0.0000019073486), (-13.80206, -8.666168, -0.7774315), (0.0005226135, -0.000006198883, -0.0000019073486), (-8.243119, -0.02521649, -0.031356886), (-13.5030155, -0.025218725, -0.031360984), (-18.76293, -0.025221705, -0.031355023), (-3.5640407, 0.027899817, -0.062737525), (-11.695606, 0.027897209, -0.06274171), (-22.084158, 0.013948977, -0.03137663), (0, 26.068565, 24.044163), (0, -24.746897, 14.007136), (0, 26.240196, -24.202477), (-0.000015258789, -24.877132, -14.080856)],
                11: [(0.0082119135, 0.59982145, 0.033325143), (0.46752965, 72.13849, 4.670387), (1.1832049, 9.313226e-8, 1.1641532e-7), (5.729132, 7.4505806e-7, 9.313226e-7), (4.3811536, 0.0000014901161, 7.4505806e-7), (6.873605, 7.4505806e-7, 0.0000017695129), (9.401946, 0.5861461, 3.0905285), (13.402364, 0.0000067055225, -0.0000029802322), (21.953758, 0.0000044703484, 0.0000074505806), (0.0000076293945, -9.536743e-7, -0.000022888184), (8.576154, -0.000003958121, -0.000026077032), (15.857141, -0.000007636845, -0.00002682209), (19.902655, -0.000010058284, -0.000029802322), (19.902649, -0.00000782311, -0.000032782555), (3.339778, 0.7651052, -1.418972), (6.8341045, -0.6439598, 0.097767636), (4.122982, -0.000023655593, 0.000013224781), (2.7847435, 0.00002286397, 0), (3.5083902, 0.5295206, -0.25423878), (6.5531516, -0.7264277, 0.1601085), (4.6141043, -0.0000016763806, 9.313226e-7), (3.1036007, -0.000008288771, -0.0000044703484), (-0.08362579, 0.11277008, -0.009806156), (3.263434, 1.0381453, 2.2493324), (5.2790203, 0.000121444464, -0.00021979213), (3.415031, -0.000015739352, 0.0000173226), (2.392577, 0.000008288771, -0.00001564622), (3.468458, 0.6952658, 0.93304944), (5.9754467, -0.60467273, 0.15549734), (4.228, 0.0000067055225, -0.000013224781), (3.0076616, -0.000015459955, 0.000011175871), (1.8853049, 1.2465366, -1.0381805), (3.2359986, -0.000009336509, -0.0000070780516), (3.5911222, -0.000005029142, -0.000014342368), (3.7168906, 0.0000048428774, 0.000023562461), (5.0582094, 4.5793405, -0.2263614), (9.300749, 0.0000014901161, 0.00003501773), (15.3635235, 0.0000037252903, 0.000026077032), (21.95375, 0.0000059604645, 0.000024586916), (11.916077, -1.9812018, 0.0000026077032), (9.344964, -0.0000014901161, 2.7939677e-7), (35.537354, 0, 0.0000033527613), (35.537354, 0, 0.0000033527613), (14.328766, 14.812949, -2.9802322e-8), (14.328766, 14.812952, -8.088996), (4.7683716e-7, 0.000015258789, -0.000005722046), (14.328751, 14.812946, 8.088768), (0.0000023841856, 0.000045776367, 0.000005722046), (47.800446, 4.7683716e-7, -1.4901161e-8), (9.401709, 0.58614314, -3.0905294), (-13.402317, 0.0000049360096, 0.00010319054), (-21.953463, 0.000022351742, 0.00042542815), (0.0000076293945, -4.7683716e-7, -0.000015258789), (-8.5764675, 0.000012665987, -0.00036358833), (-15.85696, -0.000008940697, 0.000040233135), (-19.902588, 7.4505806e-7, -0.000086426735), (-19.902601, 0, -0.00008493662), (-3.3399947, -0.76528716, 1.4189707), (-6.8341284, 0.64393646, -0.09777844), (-4.1229744, 0.0000461936, 0.000010197982), (-2.7847428, -0.000038929284, -0.0000055879354), (-3.508646, -0.5296616, 0.25423467), (-6.55316, 0.7264423, -0.1601085), (-4.6140847, -0.00004786998, -0.000001071021), (-3.1035905, -0.000009126961, -0.000009313226), (0.08361435, -0.11273956, 0.009807587), (-3.2636695, -1.0383068, -2.2493355), (-5.2790203, -0.000096531585, 0.00022947788), (-3.4150612, 0.0000031664968, 0.000004749745), (-2.3924985, -0.000049115624, -0.00004786998), (-3.468703, -0.6954478, -0.93305373), (-5.9754834, 0.6046226, -0.15549362), (-4.22796, 0.000021234155, -0.000005029142), (-3.0076456, -3.7252903e-7, -0.0000037252903), (-1.885548, -1.2466865, 1.0381769), (-3.2360303, -0.00004451722, 0.00007553026), (-3.5911102, -0.0000024214387, -0.000023283064), (-3.7169094, -0.000039301813, -0.00005364418), (-5.058628, -4.6742396, 0.22921085), (-9.30036, 0.000017881393, 0.00034775585), (-15.363558, 0.0000052154064, 0.00006891787), (-21.953457, 0.00002682209, 0.00042915344), (-0.0000076293945, -15.423191, -1.4901161e-8), (-8.085973, -1.1072934, 15.967171), (23.6815, 0, -0.0000037252903), (18.762957, 0.0000044703484, -0.0000029802322), (8.314839, 16.540878, 0), (5.906573, -0.000016391277, -0.0000026077032), (-0.0000076293945, 3.5762787e-7, 0), (13.839197, 8.6676855, 0.7804546), (-0.0005264282, 0.000006318092, 0.000009536742), (8.243153, 0.02522245, 0.0313621), (13.503049, 0.025227666, 0.031362846), (18.762964, 0.025236607, 0.031362846), (3.5640168, -0.027899817, 0.06273273), (11.695587, -0.027899444, 0.06273426), (22.084173, -0.013951957, 0.031362474), (-8.08599, -1.1072967, -15.967174), (-23.681494, 0, -0.000008940697), (-18.762924, -0.0000044703484, 0.000008940697), (-8.314827, -16.540878, 0.000013411045), (-5.906496, -0.000018626451, 0.0000049592927), (0.0000076293945, -5.960464e-7, 0.0000019073486), (-13.80206, -8.666168, -0.7774315), (0.0005226135, -0.000006198883, -0.0000019073486), (-8.243122, -0.025215, -0.03135577), (-13.503019, -0.025215745, -0.031356514), (-18.762934, -0.025220215, -0.031353533), (-3.5640464, 0.027903914, -0.062736124), (-11.69561, 0.02790019, -0.06273873), (-22.084164, 0.013953447, -0.031369925), (0, 26.068565, 24.044163), (0, -24.746897, 14.007136), (0, 26.240196, -24.202477), (-0.000015258789, -24.877132, -14.080856)],
                12: [(0.0048739137, 0.38260525, 0.016848743), (0.52736616, 71.65498, 4.1607456), (1.1832072, -4.656613e-7, -7.21775e-7), (5.7291327, 0, 0), (4.381155, 7.4505806e-7, 7.916242e-7), (6.8736024, 0.0000014901161, 0.0000016763806), (9.401944, 0.5861446, 3.090527), (13.402367, 0.0000037252903, -0.000008940697), (21.953766, 0, 0.000011920929), (0.0000076293945, -9.536743e-7, -0.000022888184), (8.5761595, -0.000004004687, -0.000025331974), (15.857146, -0.0000012107193, -0.000028312206), (19.902668, -0.0000033527613, -0.00003129244), (19.902662, -0.000005401671, -0.00003129244), (3.3397808, 0.76510835, -1.418972), (6.834106, -0.64395803, 0.09776391), (4.122987, -0.00002104789, 0.00000949949), (2.7847507, 0.000023347093, -0.0000018626451), (3.5083897, 0.5295186, -0.25424138), (6.553155, -0.7264238, 0.16010813), (4.614109, -7.4505806e-7, 3.7252903e-7), (3.1036046, -0.0000067520887, -0.000007264316), (-0.08362579, 0.11277008, -0.009806156), (3.2634377, 1.0381486, 2.2493358), (5.2790174, 0.000121444464, -0.00021979213), (3.415027, -0.000016251579, 0.000016018748), (2.3925729, 0.000008102506, -0.000013876706), (3.4684618, 0.69526994, 0.9330524), (5.975444, -0.6046729, 0.15549362), (4.2280006, 0.000005867332, -0.0000115484), (3.0076606, -0.000015925616, 0.000012665987), (1.8853036, 1.2465377, -1.038184), (3.2359998, -0.000010244548, -0.000008940697), (3.5911243, -0.0000023283064, -0.000013411045), (3.7168887, 0.0000044703484, 0.00002393499), (5.0582094, 4.5793405, -0.2263614), (9.300752, -0.0000014901161, 0.000040233135), (15.363528, 0.0000014901161, 0.000029057264), (21.953756, 0.0000044703484, 0.000033527613), (11.916083, -1.9812062, 7.4505806e-7), (9.344961, 7.4505806e-7, 2.7939677e-7), (35.537365, -0.0000059604645, -1.8626451e-7), (35.537365, -0.0000059604645, -1.8626451e-7), (14.328766, 14.812949, -2.9802322e-8), (14.328766, 14.812952, -8.088996), (4.7683716e-7, 0.000015258789, -0.000005722046), (14.328751, 14.812946, 8.088768), (0.0000023841856, 0.000045776367, 0.000005722046), (47.800446, 4.7683716e-7, -1.4901161e-8), (9.401711, 0.5861424, -3.090531), (-13.402319, 0.0000030733645, 0.00010244548), (-21.953466, 0.000022351742, 0.00042282045), (0.0000076293945, -4.7683716e-7, -0.000015258789), (-8.576475, 0.000008568168, -0.00036880374), (-15.8569765, -0.000008195639, 0.00003129244), (-19.902605, -0.0000037252903, -0.000098347664), (-19.902618, -0.0000037252903, -0.00009536743), (-3.3399966, -0.7652899, 1.4189681), (-6.834132, 0.6439356, -0.097776204), (-4.122977, 0.000046379864, 0.0000066589564), (-2.7847426, -0.000037578866, -0.000004284084), (-3.5086498, -0.5296625, 0.25423503), (-6.553169, 0.72644085, -0.16010702), (-4.61409, -0.000046286732, -0.0000017695129), (-3.103592, -0.000007264316, -0.0000067055225), (0.08361435, -0.11273956, 0.009807587), (-3.2636735, -1.0383068, -2.2493343), (-5.2790256, -0.000098510645, 0.00022277236), (-3.4150615, 9.313226e-7, 0.000002089655), (-2.3924975, -0.00004824251, -0.000047683716), (-3.4687061, -0.69545007, -0.9330567), (-5.9754868, 0.60462236, -0.15549287), (-4.2279663, 0.000023841858, -0.000002561137), (-3.00765, -5.820766e-7, -0.0000059604645), (-1.885549, -1.2466884, 1.0381783), (-3.2360344, -0.000047124922, 0.000075343996), (-3.5911117, -0.000006891787, -0.000022351742), (-3.7169197, -0.00004004687, -0.00005401671), (-5.058628, -4.6742396, 0.22921085), (-9.3003645, 0.000018253922, 0.00034626573), (-15.363559, 0.0000074505806, 0.00006817281), (-21.953468, 0.000025331974, 0.0004235655), (-0.0000076293945, -15.423191, -1.4901161e-8), (-8.08597, -1.1072948, 15.96717), (23.6815, 0.0000059604645, -0.0000044703484), (18.76296, 0.000008940697, -0.0000044703484), (8.314846, 16.540886, -0.0000044703484), (5.9065742, -0.000016018748, -0.0000044703484), (-0.0000076293945, 3.5762787e-7, 0), (13.839197, 8.6676855, 0.7804546), (-0.0005264282, 0.000006318092, 0.000009536742), (8.243154, 0.02522245, 0.031361356), (13.503054, 0.025230646, 0.031360984), (18.762968, 0.025236607, 0.03136173), (3.5640168, -0.02790019, 0.06273286), (11.695589, -0.027899444, 0.0627324), (22.084177, -0.013951957, 0.03136173), (-8.085992, -1.1072974, -15.967173), (-23.681492, -0.0000029802322, -0.000010919757), (-18.762915, -0.0000029802322, 0.0000029802322), (-8.314824, -16.540876, 0.000011920929), (-5.906496, -0.00001937151, 0.0000042615284), (0.0000076293945, -5.960464e-7, 0.0000019073486), (-13.80206, -8.666168, -0.7774315), (0.0005226135, -0.000006198883, -0.0000019073486), (-8.243118, -0.025216676, -0.03135875), (-13.5030155, -0.025218911, -0.031362474), (-18.762928, -0.025220215, -0.031359494), (-3.564043, 0.02790168, -0.06273736), (-11.695611, 0.027899444, -0.06273859), (-22.084162, 0.013950467, -0.03137237), (0, 26.068565, 24.044163), (0, -24.746897, 14.007136), (0, 26.240196, -24.202477), (-0.000015258789, -24.877132, -14.080856)],
                13: [(0.0013349461, 0.18772174, -0.016709976), (0.47823605, 70.534134, 3.5647874), (1.1832062, -5.5879354e-7, -6.9849193e-7), (5.7291317, 3.7252903e-7, 2.7939677e-7), (4.381152, 0.0000018626451, 0.0000019092113), (6.8736, 0.0000029802322, 6.9849193e-7), (9.401946, 0.5861446, 3.0905273), (13.402367, 0.0000037252903, -7.4505806e-7), (21.953762, 0.0000014901161, 0.000011920929), (0.0000076293945, -9.536743e-7, -0.000022888184), (8.576155, -0.0000037718564, -0.000026077032), (15.857142, -0.000004656613, -0.000028312206), (19.902662, -0.000007636845, -0.00003129244), (19.902655, -0.000005075708, -0.000032782555), (3.3397787, 0.7651072, -1.4189731), (6.834104, -0.64396065, 0.0977654), (4.122978, -0.000024400651, 0.0000115484), (2.7847433, 0.000023667235, -5.5879354e-7), (3.5083883, 0.5295191, -0.25424212), (6.553153, -0.7264243, 0.1601059), (4.614111, 2.7939677e-7, 0.0000018626451), (3.1036065, -0.000008288771, -0.000006146729), (-0.08362579, 0.11277008, -0.009806156), (3.2634358, 1.0381494, 2.2493353), (5.2790203, 0.00012293458, -0.00021904707), (3.415029, -0.000015605838, 0.000014528632), (2.3925781, 0.0000069849193, -0.000013876706), (3.4684594, 0.69526696, 0.9330496), (5.975444, -0.60467505, 0.1554951), (4.228, 0.000006565824, -0.000014156103), (3.0076632, -0.00001564622, 0.000009872019), (1.8853036, 1.2465364, -1.0381827), (3.2360024, -0.000011362135, -0.000010058284), (3.5911243, -0.0000038184226, -0.000016018748), (3.7168906, 0.0000063329935, 0.000022910535), (5.0582094, 4.5793405, -0.2263614), (9.300753, 0.0000014901161, 0.00004172325), (15.363528, 0.0000029802322, 0.000029429793), (21.953753, 0.0000029802322, 0.00003054738), (11.916086, -1.9812077, -3.7252903e-7), (9.344965, -7.4505806e-7, 9.313226e-7), (35.537357, 0, 0.000003911555), (35.537357, 0, 0.000003911555), (14.328766, 14.812949, -2.9802322e-8), (14.328766, 14.812952, -8.088996), (4.7683716e-7, 0.000015258789, -0.000005722046), (14.328751, 14.812946, 8.088768), (0.0000023841856, 0.000045776367, 0.000005722046), (47.800446, 4.7683716e-7, -1.4901161e-8), (9.401709, 0.58614385, -3.0905318), (-13.402319, 0.0000066123903, 0.00010896474), (-21.953468, 0.000020861626, 0.00042319298), (0.0000076293945, -4.7683716e-7, -0.000015258789), (-8.576463, 0.000012665987, -0.0003643334), (-15.856957, -0.0000052154064, 0.000044703484), (-19.902578, 0.0000011175871, -0.00008493662), (-19.902594, -0.0000059604645, -0.00007748604), (-3.339996, -0.7652862, 1.4189713), (-6.834124, 0.6439391, -0.097773224), (-4.12297, 0.00004535541, 0.000008288771), (-2.784737, -0.000037881546, -0.0000026077032), (-3.508646, -0.5296609, 0.25423616), (-6.553165, 0.72644204, -0.16010627), (-4.61409, -0.00004544854, 0.0000026077032), (-3.1035922, -0.000007392373, -0.0000048428774), (0.08361435, -0.11273956, 0.009807587), (-3.2636664, -1.0383068, -2.2493348), (-5.279022, -0.00009811483, 0.00022575259), (-3.4150622, 0.0000014901161, 0.0000037951395), (-2.3924975, -0.000047683716, -0.000047311187), (-3.4686997, -0.6954484, -0.93305635), (-5.9754815, 0.60462326, -0.15549287), (-4.22796, 0.000023189932, -0.0000018757419), (-3.0076478, -7.916242e-7, -0.0000033527613), (-1.8855458, -1.2466875, 1.0381747), (-3.2360315, -0.000045076013, 0.00007553026), (-3.5911112, -0.000004656613, -0.000023655593), (-3.716912, -0.000038556755, -0.00005364418), (-5.058628, -4.6742396, 0.22921085), (-9.300361, 0.000017881393, 0.00034868717), (-15.363564, 0.0000044703484, 0.000067427754), (-21.953465, 0.00002682209, 0.0004261732), (-0.0000076293945, -15.423191, -1.4901161e-8), (-8.085976, -1.1072963, 15.96718), (23.681501, 0.0000029802322, -0.0000052154064), (18.76296, 0.0000074505806, -0.0000022351742), (8.314848, 16.540892, -0.0000014901161), (5.906576, -0.000015972182, -0.0000055879354), (-0.0000076293945, 3.5762787e-7, 0), (13.839197, 8.6676855, 0.7804546), (-0.0005264282, 0.000006318092, 0.000009536742), (8.243152, 0.025223196, 0.031360984), (13.503053, 0.025230646, 0.031362474), (18.762968, 0.025238097, 0.03136173), (3.564018, -0.027899817, 0.06273286), (11.695588, -0.027897954, 0.06273296), (22.084179, -0.013948977, 0.03136061), (-8.08599, -1.1072941, -15.967176), (-23.681494, 0.0000014901161, -0.0000059604645), (-18.762926, -0.0000014901161, 0.000010430813), (-8.314824, -16.540876, 0.000011920929), (-5.9064975, -0.00001937151, 0.0000055180863), (0.0000076293945, -5.960464e-7, 0.0000019073486), (-13.80206, -8.666168, -0.7774315), (0.0005226135, -0.000006198883, -0.0000019073486), (-8.243123, -0.02521649, -0.03135428), (-13.503022, -0.025217421, -0.031355023), (-18.762934, -0.02521947, -0.031350553), (-3.5640426, 0.02790168, -0.06273668), (-11.695613, 0.02790168, -0.06273799), (-22.084167, 0.013953447, -0.03136918), (0, 26.068565, 24.044163), (0, -24.746897, 14.007136), (0, 26.240196, -24.202477), (-0.000015258789, -24.877132, -14.080856)],
                14: [(-0.0025930698, 0.36942968, -0.06021466), (0.32411957, 69.320335, 3.0961945), (1.1832045, 0, 6.984919e-8), (5.729131, 0.0000011175871, 9.313226e-8), (4.381156, 3.7252903e-7, 0.0000015832484), (6.873604, 0, 6.053597e-7), (9.401949, 0.58614385, 3.0905273), (13.402367, 0.0000040978193, -0.0000044703484), (21.953758, 0.0000014901161, 0.0000048428774), (0.0000076293945, -9.536743e-7, -0.000022888184), (8.576152, -9.778887e-7, -0.00002682209), (15.85714, -0.000007415656, -0.000028312206), (19.902657, -0.0000065076165, -0.00003129244), (19.90265, -0.000008731149, -0.00003129244), (3.3397787, 0.7651068, -1.4189694), (6.8341045, -0.64395994, 0.09776726), (4.1229773, -0.000023655593, 0.000009685755), (2.784742, 0.000022479799, 3.7252903e-7), (3.5083895, 0.529518, -0.2542384), (6.5531535, -0.72642547, 0.16011037), (4.6141067, -0.0000012107193, 0.0000018626451), (3.1036015, -0.000006472692, -0.000006146729), (-0.08362579, 0.11277008, -0.009806156), (3.263437, 1.038146, 2.249335), (5.2790174, 0.00012088567, -0.00021830201), (3.4150243, -0.000016063495, 0.00001527369), (2.3925734, 0.000008195639, -0.000013317913), (3.468461, 0.69526696, 0.9330528), (5.975446, -0.60467625, 0.15549734), (4.2279983, 0.0000071246177, -0.000014156103), (3.0076597, -0.00001527369, 0.000011362135), (1.8853039, 1.2465358, -1.0381807), (3.2359996, -0.000007264316, -0.000006146729), (3.5911248, -0.0000023748726, -0.000014901161), (3.7168872, 0.0000018626451, 0.000021606684), (5.0582094, 4.5793405, -0.2263614), (9.300752, 0, 0.00003874302), (15.363524, 0.0000029802322, 0.00002514571), (21.95375, 0, 0.00002719462), (11.916083, -1.9812062, 1.8626451e-7), (9.34497, -0.0000037252903, -0.0000023283064), (35.537376, -0.000008940697, -0.000009685755), (35.537376, -0.000008940697, -0.000009685755), (14.328766, 14.812949, -2.9802322e-8), (14.328766, 14.812952, -8.088996), (4.7683716e-7, 0.000015258789, -0.000005722046), (14.328751, 14.812946, 8.088768), (0.0000023841856, 0.000045776367, 0.000005722046), (47.800446, 4.7683716e-7, -1.4901161e-8), (9.401712, 0.58614314, -3.0905328), (-13.402319, 0.000005122274, 0.000107102096), (-21.95347, 0.000021606684, 0.0004209578), (0.0000076293945, -4.7683716e-7, -0.000015258789), (-8.57647, 0.0000110361725, -0.00036656857), (-15.856963, -0.000007543713, 0.000037252903), (-19.90259, -0.0000015366822, -0.00009089708), (-19.902607, -0.0000056810677, -0.00008791685), (-3.3399951, -0.7652882, 1.4189675), (-6.8341293, 0.64393485, -0.09777695), (-4.122973, 0.00004535541, 0.000007987546), (-2.7847388, -0.000037671998, -0.0000014901161), (-3.5086467, -0.5296623, 0.25423205), (-6.553161, 0.72644144, -0.16010925), (-4.614085, -0.00004414469, -6.984919e-8), (-3.1035905, -0.000008335337, -0.0000055879354), (0.08361435, -0.11273956, 0.009807587), (-3.2636707, -1.038306, -2.2493334), (-5.2790236, -0.00009723008, 0.00022612512), (-3.4150593, 0.0000020489097, 0.0000024680048), (-2.3924975, -0.000045169145, -0.000043958426), (-3.4687037, -0.6954495, -0.9330541), (-5.975487, 0.6046224, -0.1554951), (-4.227968, 0.000022631139, -0.000005029142), (-3.0076501, 0.0000018626451, -3.7252903e-7), (-1.8855472, -1.2466875, 1.038175), (-3.2360308, -0.00004749745, 0.00007580966), (-3.591113, -0.0000022351742, -0.0000230968), (-3.7169137, -0.000040326267, -0.000052899122), (-5.058628, -4.6742396, 0.22921085), (-9.300364, 0.000016391277, 0.00034570694), (-15.363562, 0.0000067055225, 0.00006631017), (-21.953465, 0.000025331974, 0.00042393804), (-0.0000076293945, -15.423191, -1.4901161e-8), (-8.085975, -1.1072934, 15.9671755), (23.681488, -0.0000029802322, 0.0000022351742), (18.762949, 0.0000029802322, 0.0000044703484), (8.314833, 16.54087, 0), (5.9065695, -0.00001611188, 3.7252903e-7), (-0.0000076293945, 3.5762787e-7, 0), (13.839197, 8.6676855, 0.7804546), (-0.0005264282, 0.000006318092, 0.000009536742), (8.243148, 0.025221705, 0.031363964), (13.503043, 0.025226176, 0.0313662), (18.762955, 0.025232136, 0.031368434), (3.564012, -0.027902052, 0.06273422), (11.695581, -0.027900934, 0.06273724), (22.084167, -0.013956428, 0.03136769), (-8.08599, -1.107296, -15.9671755), (-23.681488, -0.0000014901161, -0.000008940697), (-18.762913, 0, 0), (-8.314819, -16.540876, 0.000011920929), (-5.9064965, -0.00001937151, 0.0000034924597), (0.0000076293945, -5.960464e-7, 0.0000019073486), (-13.80206, -8.666168, -0.7774315), (0.0005226135, -0.000006198883, -0.0000019073486), (-8.243117, -0.025215745, -0.03136024), (-13.503014, -0.025217235, -0.03136322), (-18.762926, -0.025218725, -0.031359494), (-3.5640433, 0.027901866, -0.062737055), (-11.695609, 0.027897954, -0.06273985), (-22.084162, 0.013948977, -0.031372905), (0, 26.068565, 24.044163), (0, -24.746897, 14.007136), (0, 26.240196, -24.202477), (-0.000015258789, -24.877132, -14.080856)],
                15: [(-0.0057228142, -0.00001140637, -0.06993003), (0.08807841, 67.1607, 2.9971168), (1.1832035, 0, 2.7939677e-7), (5.7291327, -3.7252903e-7, -0.0000012107193), (4.3811584, 0, 0), (6.8736024, 0, 9.313226e-8), (9.401947, 0.5861424, 3.0905266), (13.402367, 0.0000044703484, -0.0000014901161), (21.953766, 0.0000014901161, 0.00001071021), (0.0000076293945, -9.536743e-7, -0.000022888184), (8.576152, -7.4505806e-7, -0.00002682209), (15.85714, -0.000008009374, -0.000025331974), (19.902655, -0.000007683411, -0.000028312206), (19.90265, -0.000008614734, -0.000029802322), (3.3397794, 0.7651068, -1.4189734), (6.834106, -0.64395773, 0.0977654), (4.122986, -0.00002142042, 0.000010803342), (2.7847447, 0.000021397136, 0.0000016763806), (3.5083904, 0.5295194, -0.2542384), (6.5531545, -0.726425, 0.16010925), (4.6141105, 0.0000022351742, -3.7252903e-7), (3.1036036, -0.000009336509, -0.000003911555), (-0.08362579, 0.11277008, -0.009806156), (3.263437, 1.038149, 2.249335), (5.279019, 0.000121444464, -0.00022128224), (3.415029, -0.000016042031, 0.000016391277), (2.3925796, 0.000007264316, -0.000016391277), (3.4684598, 0.6952658, 0.9330513), (5.9754467, -0.6046746, 0.1554966), (4.2280035, 0.000007543713, -0.000010803342), (3.0076602, -0.000014714897, 0.0000115484), (1.8853033, 1.2465357, -1.0381837), (3.2360005, -0.000011362135, -0.00000782311), (3.591123, -0.0000018626451, -0.000014901161), (3.716889, 0.0000037252903, 0.000023189932), (5.0582094, 4.5793405, -0.2263614), (9.300753, -7.4505806e-7, 0.000039022416), (15.363529, 0, 0.000029802322), (21.95375, 0, 0.000028545037), (11.916087, -1.9812093, -0.0000014901161), (9.344968, -0.0000014901161, -0.0000020489097), (35.53736, -0.0000059604645, -0.000009313226), (35.53736, -0.0000059604645, -0.000009313226), (14.328766, 14.812949, -2.9802322e-8), (14.328766, 14.812952, -8.088996), (4.7683716e-7, 0.000015258789, -0.000005722046), (14.328751, 14.812946, 8.088768), (0.0000023841856, 0.000045776367, 0.000005722046), (47.800446, 4.7683716e-7, -1.4901161e-8), (9.401712, 0.58614385, -3.0905344), (-13.402321, 0.0000038184226, 0.00010440126), (-21.953468, 0.000020861626, 0.00042021275), (0.0000076293945, -4.7683716e-7, -0.000015258789), (-8.576478, 0.000013969839, -0.0003710389), (-15.856981, -0.000010803342, 0.000025331974), (-19.902615, -0.0000033527613, -0.00010430813), (-19.902628, -0.0000040978193, -0.000098347664), (-3.3399994, -0.7652902, 1.4189706), (-6.8341346, 0.64393264, -0.097782165), (-4.1229787, 0.00004489484, 0.000005494803), (-2.784742, -0.00003678724, -0.0000026077032), (-3.5086513, -0.5296641, 0.25423282), (-6.5531716, 0.72643644, -0.16011074), (-4.6140947, -0.000047672438, -6.519258e-7), (-3.1035955, -0.0000070780516, -0.0000048428774), (0.08361435, -0.11273956, 0.009807587), (-3.2636747, -1.0383073, -2.249337), (-5.2790303, -0.00010095537, 0.00022314489), (-3.4150693, 3.259629e-7, 0.0000027939677), (-2.3925025, -0.000045541674, -0.000043399632), (-3.468705, -0.69545025, -0.9330578), (-5.9754877, 0.60462207, -0.15549287), (-4.2279644, 0.000023469329, -0.0000022351742), (-3.0076485, -4.656613e-7, -0.0000044703484), (-1.8855482, -1.24669, 1.0381794), (-3.2360363, -0.00004544854, 0.00007636845), (-3.5911148, -0.000005122274, -0.00002272427), (-3.716917, -0.000039720908, -0.00005364418), (-5.058628, -4.6742396, 0.22921085), (-9.300362, 0.000017881393, 0.00034719706), (-15.363562, 0.0000067055225, 0.00006854534), (-21.953466, 0.000025331974, 0.00042393804), (-0.0000076293945, -15.423191, -1.4901161e-8), (-8.085978, -1.1072934, 15.967178), (23.681501, 0.0000029802322, -0.0000037252903), (18.762953, 0.0000029802322, 0.0000014901161), (8.314843, 16.540886, -0.0000044703484), (5.906573, -0.000016391277, -0.0000026077032), (-0.0000076293945, 3.5762787e-7, 0), (13.839197, 8.6676855, 0.7804546), (-0.0005264282, 0.000006318092, 0.000009536742), (8.243151, 0.025220588, 0.03136322), (13.503046, 0.02522692, 0.03136471), (18.76296, 0.025233626, 0.031366944), (3.5640187, -0.02790019, 0.06273231), (11.695589, -0.027899444, 0.06273314), (22.084179, -0.013950467, 0.03136173), (-8.085992, -1.1072927, -15.9671755), (-23.681494, -0.0000014901161, -0.000008940697), (-18.762924, -0.0000040978193, 0.000011920929), (-8.314832, -16.540876, 0.000012665987), (-5.9064994, -0.000017136335, 0.0000055879354), (0.0000076293945, -5.960464e-7, 0.0000019073486), (-13.80206, -8.666168, -0.7774315), (0.0005226135, -0.000006198883, -0.0000019073486), (-8.243121, -0.025215931, -0.031355023), (-13.503021, -0.025218446, -0.031358004), (-18.762938, -0.025220122, -0.031350553), (-3.5640452, 0.027901493, -0.06273631), (-11.695611, 0.02790168, -0.062736124), (-22.084167, 0.013954937, -0.031368434), (0, 26.068565, 24.044163), (0, -24.746897, 14.007136), (0, 26.240196, -24.202477), (-0.000015258789, -24.877132, -14.080856)],
                16: [(-0.012524193, -0.000020670635, -0.023692846), (-0.19282092, 66.511246, 3.3125098), (1.1832035, 0, 2.0954758e-7), (5.729135, -7.4505806e-7, -0.0000015832484), (4.3811564, 3.7252903e-7, -4.656613e-8), (6.8736024, 7.4505806e-7, -7.4505806e-7), (9.401948, 0.58614314, 3.0905259), (13.402369, 0.0000014901161, -7.4505806e-7), (21.953768, 0.0000029802322, 0.000016018748), (0.0000076293945, -9.536743e-7, -0.000022888184), (8.576159, -0.0000028405339, -0.000025331974), (15.857148, -0.000004656613, -0.00002682209), (19.902668, -0.0000027008355, -0.00003129244), (19.902662, -0.0000027939677, -0.000029802322), (3.3397813, 0.7651059, -1.4189757), (6.8341074, -0.64395684, 0.09776205), (4.122987, -0.000020116568, 0.000010058284), (2.7847507, 0.000020954758, 0.0000027939677), (3.508391, 0.5295196, -0.25424063), (6.553155, -0.7264237, 0.1601085), (4.6141105, -9.313226e-7, 0.0000020489097), (3.103605, -0.0000070314854, -0.000008568168), (-0.08362579, 0.11277008, -0.009806156), (3.263435, 1.0381494, 2.2493324), (5.279019, 0.00012256205, -0.00021904707), (3.415034, -0.000015180558, 0.00001564622), (2.3925803, 0.000008381903, -0.000016391277), (3.4684613, 0.69526935, 0.9330496), (5.9754467, -0.60467446, 0.15549287), (4.227998, 0.000007264316, -0.000014156103), (3.0076606, -0.0000152300345, 0.000013969839), (1.8853055, 1.2465384, -1.0381815), (3.2360005, -0.00000949949, -0.0000074505806), (3.5911217, -0.000004749745, -0.00001527369), (3.7168868, 0.0000029802322, 0.000022910535), (5.0582094, 4.5793405, -0.2263614), (9.300755, 7.4505806e-7, 0.00004172325), (15.363532, 0.0000029802322, 0.00003390014), (21.953756, 0.0000044703484, 0.00003501773), (11.916091, -1.9812107, -0.0000026077032), (9.344961, 7.4505806e-7, -0.00000144355), (35.53737, 0, -0.0000037252903), (35.53737, 0, -0.0000037252903), (14.328766, 14.812949, -2.9802322e-8), (14.328766, 14.812952, -8.088996), (4.7683716e-7, 0.000015258789, -0.000005722046), (14.328751, 14.812946, 8.088768), (0.0000023841856, 0.000045776367, 0.000005722046), (47.800446, 4.7683716e-7, -1.4901161e-8), (9.401712, 0.5861424, -3.0905354), (-13.402319, 0.0000044703484, 0.00010570511), (-21.95348, 0.000031664968, 0.0004157424), (0.0000076293945, -4.7683716e-7, -0.000015258789), (-8.576483, 0.000008940697, -0.00037625432), (-15.856989, -0.000012665987, 0.00001937151), (-19.902617, 0, -0.000113248825), (-19.902634, -0.0000037252903, -0.00011175871), (-3.3400006, -0.7652916, 1.4189718), (-6.83414, 0.64393544, -0.09777844), (-4.1229897, 0.000045634806, 0.0000070780516), (-2.784749, -0.000035297126, -0.0000037252903), (-3.508652, -0.5296644, 0.2542343), (-6.553176, 0.7264383, -0.16011037), (-4.6141047, -0.000046007335, -0.0000022351742), (-3.1035984, -0.0000052154064, -0.0000048428774), (0.08361435, -0.11273956, 0.009807587), (-3.2636774, -1.0383073, -2.2493367), (-5.2790337, -0.000101327896, 0.00022314489), (-3.4150705, 0, 0.0000024214387), (-2.3925016, -0.000044703484, -0.0000461936), (-3.468708, -0.6954504, -0.93305653), (-5.9754925, 0.6046206, -0.15549473), (-4.2279763, 0.000022351742, -0.0000057742), (-3.0076573, 0.0000011175871, 0.0000011175871), (-1.8855509, -1.2466913, 1.0381749), (-3.23604, -0.000048568472, 0.000074878335), (-3.5911195, -0.000005181937, -0.000023469329), (-3.7169192, -0.000038929284, -0.000052154064), (-5.058628, -4.6742396, 0.22921085), (-9.300365, 0.000022351742, 0.0003453344), (-15.363572, 0.000012293458, 0.00006183982), (-21.953478, 0.00003501773, 0.00042170286), (-0.0000076293945, -15.423191, -1.4901161e-8), (-8.085981, -1.1072948, 15.967178), (23.681498, 0.0000014901161, -0.0000014901161), (18.762959, 0.0000052154064, 0.0000014901161), (8.314845, 16.540888, -0.0000029802322), (5.9065742, -0.000016158447, -0.0000037252903), (-0.0000076293945, 3.5762787e-7, 0), (13.839197, 8.6676855, 0.7804546), (-0.0005264282, 0.000006318092, 0.000009536742), (8.243152, 0.025223196, 0.031362474), (13.503051, 0.025228411, 0.031363964), (18.762966, 0.025235862, 0.031366944), (3.5640147, -0.02790019, 0.06273296), (11.695587, -0.027899444, 0.06273463), (22.084177, -0.013950467, 0.031363964), (-8.085991, -1.1072943, -15.967176), (-23.681494, -7.4505806e-7, -0.000008940697), (-18.762924, -0.0000014901161, 0.000008940697), (-8.314832, -16.540878, 0.000014156103), (-5.9065003, -0.000018626451, 0.00000782311), (0.0000076293945, -5.960464e-7, 0.0000019073486), (-13.80206, -8.666168, -0.7774315), (0.0005226135, -0.000006198883, -0.0000019073486), (-8.243121, -0.02521649, -0.03135577), (-13.503019, -0.02521649, -0.031356514), (-18.762934, -0.02521798, -0.031352043), (-3.5640433, 0.02790261, -0.0627365), (-11.695612, 0.027902424, -0.06273836), (-22.084166, 0.013953447, -0.031369925), (0, 26.068565, 24.044163), (0, -24.746897, 14.007136), (0, 26.240196, -24.202477), (-0.000015258789, -24.877132, -14.080856)],
                17: [(-0.021235738, 0.3007918, 0.027165003), (-0.45372936, 68.22974, 3.7806013), (1.1832068, -4.656613e-7, -1.6298145e-7), (5.7291346, -7.4505806e-7, -0.0000011175871), (4.381159, -0.0000011175871, -7.4505806e-7), (6.8736053, 0, -0.0000018626451), (9.401955, 0.5861409, 3.0905242), (13.4023695, 0.0000013038516, -4.656613e-7), (21.95377, 0.0000074505806, 0.000017881393), (0.0000076293945, -9.536743e-7, -0.000022888184), (8.576162, 8.381903e-7, -0.000026077032), (15.857154, -0.0000029802322, -0.000025331974), (19.902676, 0, -0.000028312206), (19.902672, -7.4505806e-7, -0.00003129244), (3.3397813, 0.7651081, -1.4189717), (6.8341084, -0.6439585, 0.09776242), (4.122988, -0.000020302832, 0.000007636845), (2.7847488, 0.000021606684, 0.0000011175871), (3.5083897, 0.5295201, -0.25424138), (6.553155, -0.72642434, 0.16010404), (4.614112, -5.5879354e-7, -0.0000018626451), (3.1036074, -0.000008754432, -0.0000052154064), (-0.08362579, 0.11277008, -0.009806156), (3.2634363, 1.0381497, 2.249335), (5.2790194, 0.00012163073, -0.00022351742), (3.4150336, -0.000015227124, 0.0000121071935), (2.392581, 0.000007916242, -0.00001359731), (3.468463, 0.6952687, 0.93305016), (5.9754467, -0.60467404, 0.15549734), (4.228003, 0.000007287599, -0.000016018748), (3.0076635, -0.00001527369, 0.000014156103), (1.8853065, 1.246539, -1.0381807), (3.236001, -0.0000074505806, -0.000008009374), (3.5911248, -0.0000055879354, -0.00001527369), (3.716892, 0.0000055879354, 0.000021606684), (5.0582094, 4.5793405, -0.2263614), (9.300754, 0.0000014901161, 0.000040978193), (15.363534, 0.0000044703484, 0.000033527613), (21.953764, 0.000008940697, 0.00003874302), (11.916092, -1.9812107, -0.0000037252903), (9.344964, 7.4505806e-7, -0.0000033644028), (35.537384, -0.000011920929, -0.000013783574), (35.537384, -0.000011920929, -0.000013783574), (14.328766, 14.812949, -2.9802322e-8), (14.328766, 14.812952, -8.088996), (4.7683716e-7, 0.000015258789, -0.000005722046), (14.328751, 14.812946, 8.088768), (0.0000023841856, 0.000045776367, 0.000005722046), (47.800446, 4.7683716e-7, -1.4901161e-8), (9.401718, 0.58614165, -3.090537), (-13.402319, 0.0000063329935, 0.00010859221), (-21.95347, 0.000024400651, 0.00042021275), (0.0000076293945, -4.7683716e-7, -0.000015258789), (-8.576478, 0.0000115484, -0.00037178397), (-15.856984, -0.000008195639, 0.000022351742), (-19.902613, -0.0000029802322, -0.00011026859), (-19.902626, -0.0000052154064, -0.000101327896), (-3.3399966, -0.765289, 1.418971), (-6.834131, 0.64393467, -0.09777844), (-4.1229777, 0.00004582107, 0.000006519258), (-2.7847416, -0.00003837049, -0.0000024214387), (-3.508649, -0.5296627, 0.25423467), (-6.553169, 0.7264394, -0.16010869), (-4.614094, -0.000044703484, -0.0000013038516), (-3.1035938, -0.000006519258, -0.0000067055225), (0.08361435, -0.11273956, 0.009807587), (-3.2636743, -1.0383093, -2.2493367), (-5.2790284, -0.000098347664, 0.00022407621), (-3.415068, -5.5879354e-7, 0.000004284084), (-2.3925006, -0.000045634806, -0.000045634806), (-3.4687057, -0.69545156, -0.93305576), (-5.975489, 0.60461986, -0.15549473), (-4.2279654, 0.000023469329, -0.0000031664968), (-3.0076523, 1.8626451e-7, -0.000003911555), (-1.8855473, -1.2466893, 1.0381773), (-3.2360375, -0.00004863832, 0.000074878335), (-3.5911164, -0.0000020954758, -0.000022351742), (-3.716917, -0.000039115548, -0.00005364418), (-5.058628, -4.6742396, 0.22921085), (-9.300363, 0.000019185245, 0.000346452), (-15.363564, 0.000008102506, 0.00006556511), (-21.953468, 0.000029057264, 0.00042319298), (-0.0000076293945, -15.423191, -1.4901161e-8), (-8.085981, -1.1072963, 15.967181), (23.681501, 0.0000014901161, -0.0000029802322), (18.762959, 0.0000052154064, 0.0000014901161), (8.314842, 16.540886, -0.0000014901161), (5.9065733, -0.000016018748, -0.0000026077032), (-0.0000076293945, 3.5762787e-7, 0), (13.839197, 8.6676855, 0.7804546), (-0.0005264282, 0.000006318092, 0.000009536742), (8.243153, 0.02522245, 0.03136322), (13.503051, 0.025227666, 0.031363964), (18.762966, 0.025235116, 0.031365454), (3.5640142, -0.027900003, 0.06273333), (11.695589, -0.027898699, 0.06273389), (22.084177, -0.013951957, 0.031366944), (-8.085992, -1.1072917, -15.967178), (-23.681503, 0.0000029802322, -0.0000074505806), (-18.762934, -0.0000014901161, 0.000017136335), (-8.314833, -16.540878, 0.000010803342), (-5.9065027, -0.000016763806, 0.000008195639), (0.0000076293945, -5.960464e-7, 0.0000019073486), (-13.80206, -8.666168, -0.7774315), (0.0005226135, -0.000006198883, -0.0000019073486), (-8.243126, -0.02521649, -0.03135167), (-13.503029, -0.025215, -0.031351298), (-18.762945, -0.025218725, -0.031343848), (-3.5640464, 0.027902052, -0.0627365), (-11.695618, 0.027900934, -0.062737614), (-22.084171, 0.013957173, -0.031366944), (0, 26.068565, 24.044163), (0, -24.746897, 14.007136), (0, 26.240196, -24.202477), (-0.000015258789, -24.877132, -14.080856)],
                18: [(-0.029363297, 0.66559565, 0.055370294), (-0.6167434, 69.508446, 4.102605), (1.1832036, 0, -1.1641532e-7), (5.7291346, -3.7252903e-7, -4.656613e-7), (4.3811555, 3.7252903e-7, 3.7252903e-7), (6.8736024, 7.4505806e-7, 9.313226e-8), (9.401947, 0.5861454, 3.090528), (13.4023695, 0.0000016763806, 0.0000016298145), (21.953756, -0.000008940697, 0.000008940697), (0.0000076293945, -9.536743e-7, -0.000022888184), (8.576149, -0.0000022351742, -0.000025331974), (15.85713, -0.0000044703484, -0.00002682209), (19.902641, -7.4505806e-7, -0.00003129244), (19.902641, 3.7252903e-7, -0.000028312206), (3.3397772, 0.7651057, -1.4189687), (6.8341017, -0.6439589, 0.09777062), (4.12298, -0.000021792948, 0.000013783574), (2.7847455, 0.000023283064, 1.8626451e-7), (3.5083857, 0.529518, -0.25423765), (6.55315, -0.72642565, 0.16011111), (4.614105, -8.1490725e-7, 0.0000044703484), (3.1036, -0.0000063329935, -0.000008009374), (-0.08362579, 0.11277008, -0.009806156), (3.2634332, 1.038145, 2.2493336), (5.279014, 0.0001212582, -0.00021904707), (3.415025, -0.0000144355, 0.000018626451), (2.3925762, 0.000008009374, -0.000013224781), (3.4684594, 0.69526637, 0.9330511), (5.9754415, -0.6046765, 0.15550144), (4.2279944, 0.000005401671, -0.000012293458), (3.007656, -0.000015087426, 0.000010989606), (1.8853023, 1.2465364, -1.0381795), (3.2359931, -0.000008195639, -0.000006891787), (3.591118, -0.0000024214387, -0.0000121071935), (3.7168834, 0.000004004687, 0.000026449561), (5.0582094, 4.5793405, -0.2263614), (9.300748, -0.0000044703484, 0.00003837049), (15.3635235, -0.000008940697, 0.000027567148), (21.95375, -0.000008940697, 0.00003054738), (11.916082, -1.9812047, -3.7252903e-7), (9.344955, 0.0000029802322, 7.683411e-7), (35.53735, 0, 0.0000063329935), (35.53735, 0, 0.0000063329935), (14.328766, 14.812949, -2.9802322e-8), (14.328766, 14.812952, -8.088996), (4.7683716e-7, 0.000015258789, -0.000005722046), (14.328751, 14.812946, 8.088768), (0.0000023841856, 0.000045776367, 0.000005722046), (47.800446, 4.7683716e-7, -1.4901161e-8), (9.401708, 0.58614314, -3.0905304), (-13.402317, 0.0000037252903, 0.00010617077), (-21.953463, 0.000014249235, 0.0004157424), (0.0000076293945, -4.7683716e-7, -0.000015258789), (-8.576467, 0.000011175871, -0.0003606081), (-15.85696, -0.000011920929, 0.00004544854), (-19.902584, -0.0000014901161, -0.000078976154), (-19.902601, -0.0000044703484, -0.000074505806), (-3.3399944, -0.76528716, 1.4189701), (-6.8341255, 0.643936, -0.097776204), (-4.1229634, 0.00004582107, 0.000008568168), (-2.784733, -0.00003799796, -0.0000070780516), (-3.5086467, -0.5296629, 0.25423345), (-6.553162, 0.7264415, -0.16010813), (-4.614081, -0.000046938658, 0.0000022351742), (-3.1035848, -0.000008009374, -0.000008940697), (0.08361435, -0.11273956, 0.009807587), (-3.263671, -1.0383079, -2.2493353), (-5.279024, -0.00009946525, 0.00022482127), (-3.4150608, 0.0000011175871, 0.0000040978193), (-2.392494, -0.000046938658, -0.00004582107), (-3.468702, -0.695448, -0.9330552), (-5.975482, 0.6046224, -0.15549055), (-4.227959, 0.0000230968, -0.0000022351742), (-3.0076451, 9.313226e-7, -0.0000063329935), (-1.8855469, -1.2466896, 1.0381756), (-3.236031, -0.00004512258, 0.00007748604), (-3.5911095, -0.0000031664968, -0.00002272427), (-3.716912, -0.000043027103, -0.00005327165), (-5.058628, -4.6742396, 0.22921085), (-9.30036, 0.00001359731, 0.00034570694), (-15.363558, 0.0000010244548, 0.00006854534), (-21.95346, 0.000017881393, 0.00041872263), (-0.0000076293945, -15.423191, -1.4901161e-8), (-8.085977, -1.1072948, 15.967176), (23.681507, 0.0000059604645, -0.0000044703484), (18.76296, 0.000008195639, 0), (8.314842, 16.540886, -4.8894435e-7), (5.906576, -0.000016018748, -0.0000052154064), (-0.0000076293945, 3.5762787e-7, 0), (13.839197, 8.6676855, 0.7804546), (-0.0005264282, 0.000006318092, 0.000009536742), (8.243153, 0.02522394, 0.03136322), (13.503051, 0.025230646, 0.031363964), (18.762968, 0.025235116, 0.031365454), (3.564016, -0.027899258, 0.0627324), (11.695591, -0.027897209, 0.0627324), (22.084185, -0.013948977, 0.031360984), (-8.085993, -1.1072937, -15.9671755), (-23.681498, 0, -0.000008940697), (-18.762918, -0.0000044703484, 0.000006519258), (-8.314833, -16.540876, 0.000016391277), (-5.9065, -0.000017881393, 0.0000074505806), (0.0000076293945, -5.960464e-7, 0.0000019073486), (-13.80206, -8.666168, -0.7774315), (0.0005226135, -0.000006198883, -0.0000019073486), (-8.24312, -0.02521798, -0.031355023), (-13.503016, -0.025218725, -0.031359307), (-18.762932, -0.025220215, -0.03135372), (-3.564045, 0.027901866, -0.06273594), (-11.695611, 0.027900934, -0.06273836), (-22.08417, 0.013954937, -0.031369925), (0, 26.068565, 24.044163), (0, -24.746897, 14.007136), (0, 26.240196, -24.202477), (-0.000015258789, -24.877132, -14.080856)],
            }
        }
    }
}

