#usda 1.0
(
    endTimeCode = 18
    framesPerSecond = 30
    startTimeCode = 0
    timeCodesPerSecond = 30
)

def SkelRoot "SkelRoot"
{
    def Skeleton "Skeleton" (
        prepend apiSchemas = ["SkelBindingAPI"]
    )
    {
        uniform matrix4d[] bindTransforms = [( (1, 0, -0.000015986854123184457, 0), (0, 1, 0, 0), (0.000015986854123184457, 0, 1, 0), (-0.27789032459259033, 0, 9.94883918762207, 1) ), ( (-0.0000016675807046340196, 1, 0.00008440020610578358, 0), (0.000015986854123184457, -0.00008440017700195312, 1, 0), (1, 0.0000016689300537109375, -0.000015986854123184457, 0), (-0.27784961462020874, 87.2341537475586, 12.496170997619629, 1) ), ( (-0.000003584187197702704, 0.9998493194580078, 0.01736585982143879, 0), (0.00001610501203685999, -0.01736585982143879, 0.9998493194580078, 0), (1, 0.000003863324309349991, -0.000016040481568779796, 0), (-0.2778535485267639, 89.59783172607422, 12.496370315551758, 1) ), ( (-0.000006916311122040497, 0.9971796870231628, 0.07505027949810028, 0), (0.00001908792182803154, -0.07505027949810028, 0.9971798062324524, 0), (1, 0.000008329359843628481, -0.00001851515844464302, 0), (-0.2778865694999695, 98.81376647949219, 12.656436920166016, 1) ), ( (-0.00001132268789660884, 0.9954891800880432, 0.09487927705049515, 0), (0.00003053544423892163, -0.09487928450107574, 0.9954888820648193, 0), (1, 0.000014168788766255602, -0.000029323546186788008, 0), (-0.27793166041374207, 105.31990814208984, 13.146105766296387, 1) ), ( (-0.000013854749340680428, 0.9953901767730713, 0.09590689092874527, 0), (0.00003443776586209424, -0.09590690582990646, 0.9953902363777161, 0), (1, 0.0000170937037182739, -0.00003295039277873002, 0), (-0.27807459235191345, 117.88043212890625, 14.343239784240723, 1) ), ( (0.9505011439323425, -0.14479750394821167, -0.27492016553878784, 0), (0.25777745246887207, -0.12654347717761993, 0.9578818678855896, 0), (-0.17348821461200714, -0.9813361763954163, -0.08295422792434692, 0), (8.845236778259277, 136.46385192871094, 17.309810638427734, 1) ), ( (0.9993149042129517, -0.03663984313607216, -0.0052575645968317986, 0), (0.0010529998689889908, -0.1138409897685051, 0.9934983849525452, 0), (-0.03700011596083641, -0.9928234815597534, -0.11372446268796921, 0), (39.90095520019531, 131.7328338623047, 8.327356338500977, 1) ), ( (0.9992579817771912, -0.035536833107471466, -0.014869027771055698, 0), (0.010720891878008842, -0.11419016122817993, 0.9934009909629822, 0), (-0.037000153213739395, -0.9928233623504639, -0.11372444778680801, 0), (107.2955322265625, 129.2618408203125, 7.9727783203125, 1) ), ( (0.9992579221725464, -0.035536933690309525, -0.014869021251797676, 0), (0.010720895603299141, -0.11419014632701874, 0.9934009909629822, 0), (-0.03700023144483566, -0.9928233027458191, -0.11372443288564682, 0), (107.29553985595703, 129.26185607910156, 7.972779273986816, 1) ), ( (0.9992579221725464, -0.035536933690309525, -0.014869021251797676, 0), (0.010720895603299141, -0.11419014632701874, 0.9934009909629822, 0), (-0.03700023144483566, -0.9928233027458191, -0.11372443288564682, 0), (124.41524505615234, 128.6530303955078, 7.7180328369140625, 1) ), ( (0.9992579221725464, -0.035536933690309525, -0.014869021251797676, 0), (0.010720895603299141, -0.11419014632701874, 0.9934009909629822, 0), (-0.03700023144483566, -0.9928233027458191, -0.11372443288564682, 0), (143.6627960205078, 127.96852111816406, 7.431621074676514, 1) ), ( (0.9992579221725464, -0.035536933690309525, -0.014869021251797676, 0), (0.010720895603299141, -0.11419014632701874, 0.9934009909629822, 0), (-0.03700023144483566, -0.9928233027458191, -0.11372443288564682, 0), (170.59185791015625, 127.01084899902344, 7.030922889709473, 1) ), ( (0.9994068741798401, 0.001918830443173647, -0.034390032291412354, 0), (-0.002049790695309639, -0.9933639168739319, -0.11499717086553574, 0), (-0.03438246250152588, 0.11499939858913422, -0.9927707314491272, 0), (170.59185791015625, 127.01084899902344, 7.030922889709473, 1) ), ( (0.9840575456619263, -0.13290557265281677, 0.11818203330039978, 0), (-0.12096599489450455, -0.9872927665710449, -0.1030539870262146, 0), (0.13037674129009247, 0.08711496740579605, -0.9876301288604736, 0), (179.27951049804688, 124.65788269042969, 10.125818252563477, 1) ), ( (0.9145041108131409, -0.1535591334104538, 0.3743019700050354, 0), (-0.07523693889379501, -0.9735804200172424, -0.2155948430299759, 0), (0.3975195288658142, 0.1690010279417038, -0.9018963575363159, 0), (199.7271728515625, 123.58126831054688, 12.476081848144531, 1) ), ( (0.9191036224365234, -0.16129055619239807, 0.3594912588596344, 0), (-0.1045345738530159, -0.9794992804527283, -0.1722041666507721, 0), (0.37989646196365356, 0.12069403380155563, -0.9171213507652283, 0), (210.77713012695312, 121.72579956054688, 16.998783111572266, 1) ), ( (0.9446231126785278, -0.015479784458875656, 0.32779258489608765, 0), (0.0161366518586874, -0.9954872727394104, -0.09351297467947006, 0), (0.32776081562042236, 0.09362394362688065, -0.9401103854179382, 0), (218.7259521484375, 120.3309097290039, 20.10779571533203, 1) ), ( (0.9949403405189514, -0.09568706154823303, -0.030631134286522865, 0), (-0.09852812439203262, -0.9889112710952759, -0.11111795902252197, 0), (-0.019658943638205528, 0.11357370764017105, -0.9933350682258606, 0), (179.6103973388672, 125.6031265258789, 7.212791919708252, 1) ), ( (0.9837216734886169, -0.1479741632938385, -0.10196013748645782, 0), (-0.15171165764331818, -0.9879730939865112, -0.029890310019254684, 0), (-0.0963108018040657, 0.04487220570445061, -0.9943397045135498, 0), (199.50729370117188, 125.5968246459961, 6.404597759246826, 1) ), ( (0.9742173552513123, -0.19649693369865417, -0.1108606681227684, 0), (-0.197939932346344, -0.9802122116088867, -0.002055868972092867, 0), (-0.10826296359300613, 0.023946598172187805, -0.9938340783119202, 0), (212.6335906982422, 123.62234497070312, 5.044109344482422, 1.0000001192092896) ), ( (0.9921910166740417, -0.014340965077280998, -0.12390157580375671, 0), (-0.00884457491338253, -0.9989572763442993, 0.044797178357839584, 0), (-0.12441473454236984, -0.043351560831069946, -0.991283118724823, 0), (221.85618591308594, 121.76213073730469, 3.9946208000183105, 1) ), ( (0.9994069933891296, 0.001913875457830727, -0.0343877412378788, 0), (-0.0020537131931632757, -0.9933664202690125, -0.11497483402490616, 0), (-0.034379638731479645, 0.11497718840837479, -0.9927731156349182, 0), (170.37757873535156, 126.7200698852539, 7.030014991760254, 1) ), ( (0.9500948190689087, -0.0607377365231514, -0.30599188804626465, 0), (0.03472697362303734, -0.9541758894920349, 0.2972247004508972, 0), (-0.3100228011608124, -0.2930179238319397, -0.9044483304023743, 0), (178.75852966308594, 125.04408264160156, 0.7052736282348633, 1) ), ( (0.5452452898025513, -0.1643095165491104, -0.8220160603523254, 0), (-0.10068313777446747, -0.9863401055335999, 0.13037210702896118, 0), (-0.8322083950042725, 0.011678427457809448, -0.5543398857116699, 0), (194.48410034179688, 124.03868103027344, -4.35871696472168, 1) ), ( (0.47313234210014343, -0.14304067194461823, -0.869301438331604, 0), (-0.02420555055141449, -0.9884692430496216, 0.14947493374347687, 0), (-0.8806589245796204, -0.04967949911952019, -0.4711396098136902, 0), (200.0816650390625, 122.35185241699219, -12.797569274902344, 1) ), ( (0.5579577088356018, -0.09268644452095032, -0.8246772885322571, 0), (-0.002040970604866743, -0.9938936233520508, 0.1103239431977272, 0), (-0.8298670649528503, -0.059872936457395554, -0.5547393560409546, 0), (203.69717407226562, 121.25878143310547, -19.44069480895996, 1) ), ( (0.9795387387275696, -0.11121165007352829, -0.16773851215839386, 0), (-0.1315649002790451, -0.9845525026321411, -0.1155327782034874, 0), (-0.1522986739873886, 0.13523726165294647, -0.9790382981300354, 0), (179.40232849121094, 125.53077697753906, 4.142224311828613, 1) ), ( (0.8439574241638184, -0.12555120885372162, -0.5215103626251221, 0), (-0.16023296117782593, -0.986839771270752, -0.02172701247036457, 0), (-0.5119196176528931, 0.10189981013536453, -0.8529684543609619, 0), (197.50936889648438, 125.07319641113281, 0.8546772003173828, 1) ), ( (0.8309763669967651, -0.18910473585128784, -0.5231802463531494, 0), (-0.17951107025146484, -0.9812932014465332, 0.06956968456506729, 0), (-0.5265488624572754, 0.03610583394765854, -0.8493778109550476, 0), (207.93435668945312, 123.52229309082031, -5.58730411529541, 1) ), ( (0.8677801489830017, -0.14408287405967712, -0.4756028950214386, 0), (-0.13584360480308533, -0.9893715381622314, 0.05186906456947327, 0), (-0.4780213534832001, 0.019596680998802185, -0.878129780292511, 0), (215.59642028808594, 121.7786636352539, -10.411304473876953, 1) ), ( (0.3650851249694824, -0.19095183908939362, 0.9111809730529785, 0), (0.5527722239494324, -0.7430754899978638, -0.3772033452987671, 0), (0.7491036653518677, 0.6413867473602295, -0.16573262214660645, 0), (175.51260375976562, 123.53570556640625, 9.14187240600586, 1) ), ( (0.43053171038627625, -0.33106857538223267, 0.8396645784378052, 0), (0.902336597442627, 0.17928768694400787, -0.3919757306575775, 0), (-0.02077050879597664, 0.9264175891876221, 0.37592455744743347, 0), (179.6409912109375, 121.37644958496094, 19.445425033569336, 1) ), ( (0.39663001894950867, -0.19752515852451324, 0.8964759111404419, 0), (0.9145230650901794, 0.00036440539406612515, -0.40453436970710754, 0), (0.07957901805639267, 0.9802976846694946, 0.18078579008579254, 0), (184.2554473876953, 117.82804107666016, 28.444934844970703, 1) ), ( (0.3917904794216156, -0.31346914172172546, 0.8650074005126953, 0), (0.9194475412368774, 0.16754202544689178, -0.35573282837867737, 0), (-0.033413708209991455, 0.934701681137085, 0.3538600504398346, 0), (188.6345977783203, 115.64722442626953, 38.342742919921875, 1.0000001192092896) ), ( (1.000000238418579, -3.1113074783206685e-8, -4.5973138185217977e-8, 0), (1.5847019696479947e-8, 0.9999998807907104, -9.534038003522483e-10, 0), (2.2568981350445938e-8, 1.3587214020560623e-8, 0.9999998211860657, 0), (185.04953002929688, 113.62193298339844, 6.717764854431152, 1) ), ( (0.9993149042129517, -0.03663988411426544, -0.005257596727460623, 0), (0.0010530302533879876, -0.11384101212024689, 0.9934985041618347, 0), (-0.03700012341141701, -0.9928233623504639, -0.11372444033622742, 0), (58.46816635131836, 131.0520782470703, 8.229662895202637, 1) ), ( (0.9993149042129517, -0.03663988411426544, -0.005257596727460623, 0), (0.0010530302533879876, -0.11384101212024689, 0.9934985041618347, 0), (-0.03700012341141701, -0.9928233623504639, -0.11372444033622742, 0), (82.3553237915039, 130.17626953125, 8.103988647460938, 1) ), ( (0.9993149042129517, -0.03663988411426544, -0.005257596727460623, 0), (0.0010530302533879876, -0.11384101212024689, 0.9934985041618347, 0), (-0.03700012341141701, -0.9928233623504639, -0.11372444033622742, 0), (107.2955322265625, 129.2618408203125, 7.9727783203125, 1) ), ( (0.000002763157681329176, 0.9381957054138184, 0.3461053967475891, 0), (0.000036884233850287274, -0.3461053967475891, 0.9381958246231079, 0), (1, 0.000010173450391448569, -0.00003556111914804205, 0), (-0.27854064106941223, 141.95486450195312, 12.686680793762207, 1) ), ( (0.0000027089199647889473, 0.9381955862045288, 0.3461053669452667, 0), (0.00003714708873303607, -0.34610533714294434, 0.9381956458091736, 0), (1, 0.000010315309737052303, -0.00003578895848477259, 0), (-0.2785026729106903, 154.83145141601562, 17.436927795410156, 1) ), ( (0.000002708920874283649, 0.9381955862045288, 0.3461053669452667, 0), (0.00003870462751365267, -0.34610533714294434, 0.9381956458091736, 0), (1, 0.000010854379979718942, -0.00003725022907019593, 0), (-0.27848100662231445, 162.1805877685547, 20.14806365966797, 1) ), ( (-0.000002637163788676844, 0.9932345747947693, 0.1161256656050682, 0), (0.000039296530303545296, -0.11612564325332642, 0.9932345151901245, 0), (1, 0.000007182654371717945, -0.00003872456363751553, 0), (-0.27848100662231445, 162.1805877685547, 20.14806365966797, 1) ), ( (0.9974481463432312, 0.006596988067030907, -0.07108175754547119, 0), (-0.00000384397890229593, 0.9957258105278015, 0.09234992414712906, 0), (0.07138779014348984, -0.09211353957653046, 0.9931858777999878, 0), (-0.2778768241405487, 176.069091796875, 38.32685089111328, 1) ), ( (0.997559666633606, -0.008105434477329254, 0.0693492740392685, 0), (0.0016280356794595718, 0.9956697225570679, 0.0929497703909874, 0), (-0.06980273872613907, -0.09261037409305573, 0.9932529926300049, 0), (-9.256999015808105, 176.06903076171875, 38.32720184326172, 1) ), ( (0.997559666633606, -0.008105437271296978, 0.06934928148984909, 0), (0.00162803556304425, 0.9956697225570679, 0.0929497703909874, 0), (-0.06980274617671967, -0.09261031448841095, 0.9932529330253601, 0), (-9.256999969482422, 176.06903076171875, 38.32719421386719, 1) ), ( (0.9975539445877075, 0.008119775913655758, -0.06942863017320633, 0), (-0.0016351398080587387, 0.9956695437431335, 0.09295034408569336, 0), (0.06988265365362167, -0.09260956943035126, 0.9932470917701721, 0), (8.700998306274414, 176.06918334960938, 38.326507568359375, 1) ), ( (0.9975537657737732, 0.008119773119688034, -0.06942860037088394, 0), (-0.0016351394588127732, 0.9956693053245544, 0.09295035898685455, 0), (0.06988264620304108, -0.09260954707860947, 0.9932470321655273, 0), (8.700997352600098, 176.06919860839844, 38.326507568359375, 1) ), ( (1, -9.094947017729282e-13, -0.00003956420550821349, 0), (1.2557149601816892e-13, 1, 3.629975253716111e-8, 0), (0.00003956419459427707, 2.0984586512895476e-8, 0.9999999403953552, 0), (-0.278517484664917, 175.91490173339844, 21.753829956054688, 1) ), ( (0.9505146741867065, 0.14482973515987396, 0.27485743165016174, 0), (0.25770998001098633, 0.12655238807201385, -0.9578989148139954, 0), (-0.17351596057415009, 0.9813302755355835, 0.08296577632427216, 0), (-9.401837348937988, 136.46304321289062, 17.31036376953125, 1) ), ( (0.9993135929107666, 0.036673787981271744, 0.005191736854612827, 0), (0.0009837126126512885, 0.11384113132953644, -0.9934982657432556, 0), (-0.03702639043331146, 0.9928218126296997, 0.11372699588537216, 0), (-40.457881927490234, 131.73126220703125, 8.329988479614258, 1) ), ( (0.9992574453353882, 0.03557075187563896, 0.014803129248321056, 0), (0.010651536285877228, 0.11419063061475754, -0.9934014678001404, 0), (-0.037026360630989075, 0.9928218126296997, 0.11372701823711395, 0), (-107.85183715820312, 129.25880432128906, 7.979902744293213, 0.9999998807907104) ), ( (0.9992574453353882, 0.03557081148028374, 0.014803191646933556, 0), (0.010651607066392899, 0.11419069021940231, -0.9934015870094299, 0), (-0.03702646493911743, 0.9928218126296997, 0.11372703313827515, 0), (-107.85184478759766, 129.2587890625, 7.979901313781738, 1) ), ( (0.9992574453353882, 0.03557081148028374, 0.014803191646933556, 0), (0.010651607066392899, 0.11419069021940231, -0.9934015870094299, 0), (-0.03702646493911743, 0.9928218126296997, 0.11372703313827515, 0), (-124.97225952148438, 128.648681640625, 7.726181983947754, 1) ), ( (0.9992574453353882, 0.03557081148028374, 0.014803191646933556, 0), (0.010651607066392899, 0.11419069021940231, -0.9934015870094299, 0), (-0.03702646493911743, 0.9928218126296997, 0.11372703313827515, 0), (-144.21897888183594, 127.96430206298828, 7.441187381744385, 1) ), ( (0.9992574453353882, 0.03557081148028374, 0.014803191646933556, 0), (0.010651607066392899, 0.11419069021940231, -0.9934015870094299, 0), (-0.03702646493911743, 0.9928218126296997, 0.11372703313827515, 0), (-171.14805603027344, 127.00544738769531, 7.042224884033203, 1) ), ( (0.9994088411331177, -0.001884933328256011, 0.034324124455451965, 0), (-0.0020759794861078262, 0.9933637976646423, 0.11499746888875961, 0), (-0.03431316092610359, -0.11500070244073868, 0.9927724599838257, 0), (-171.14805603027344, 127.00544738769531, 7.042224884033203, 1) ), ( (0.984045147895813, 0.1329389214515686, -0.11824691295623779, 0), (-0.12099272757768631, 0.9872890114784241, 0.10306212306022644, 0), (0.13044480979442596, -0.0871107205748558, 0.9876213669776917, 0), (-179.8360595703125, 124.65172576904297, 10.137603759765625, 1) ), ( (0.914474368095398, 0.15359021723270416, -0.3743622601032257, 0), (-0.07525574415922165, 0.9735773801803589, 0.21559996902942657, 0), (0.3975844979286194, -0.16898760199546814, 0.90187007188797, 0), (-200.28353881835938, 123.57430267333984, 12.489180564880371, 1) ), ( (0.9190743565559387, 0.1613217443227768, -0.35955196619033813, 0), (-0.10455647855997086, 0.9794952869415283, 0.17221109569072723, 0), (0.3799610137939453, -0.12068124115467072, 0.9170964360237122, 0), (-211.33316040039062, 121.71859741210938, 17.01264190673828, 0.9999998807907104) ), ( (0.9446008205413818, 0.01551188062876463, -0.3278549015522003, 0), (0.016108980402350426, 0.9954879283905029, 0.09351210296154022, 0), (0.3278259038925171, -0.0936129242181778, 0.9400888085365295, 0), (-219.2816162109375, 120.32328796386719, 20.122177124023438, 1) ), ( (0.9949391484260559, 0.0957207903265953, 0.030565598979592323, 0), (-0.09855440258979797, 0.9889078736305237, 0.11112463474273682, 0), (-0.019589608535170555, -0.1135745421051979, 0.9933366179466248, 0), (-180.16729736328125, 125.59703826904297, 7.224582195281982, 1) ), ( (0.9837231636047363, 0.14800749719142914, 0.10189523547887802, 0), (-0.15174320340156555, 0.9879676699638367, 0.029900439083576202, 0), (-0.0962437242269516, -0.04487559571862221, 0.9943457841873169, 0), (-200.06414794921875, 125.590087890625, 6.4177165031433105, 1) ), ( (0.9742178320884705, 0.19652990996837616, 0.11079646646976471, 0), (-0.19797304272651672, 0.9802049398422241, 0.002069036476314068, 0), (-0.10819663852453232, -0.023950394243001938, 0.9938409924507141, 0), (-213.19032287597656, 123.61507415771484, 5.058087348937988, 1) ), ( (0.9921988248825073, 0.014374571852385998, 0.12383614480495453, 0), (-0.00888149719685316, 0.9989572167396545, -0.04479643329977989, 0), (-0.1243508905172348, 0.043347179889678955, 0.9912909269332886, 0), (-222.41307067871094, 121.75456237792969, 4.009206295013428, 1) ), ( (0.9994091391563416, -0.0018851656932383776, 0.03432409465312958, 0), (-0.002076530596241355, 0.9933611750602722, 0.11502024531364441, 0), (-0.034313078969717026, -0.11502348631620407, 0.9927700757980347, 0), (-170.9338836669922, 126.71470642089844, 7.041290283203125, 1) ), ( (0.95011305809021, 0.0607699379324913, 0.3059292435646057, 0), (0.0346749909222126, 0.9541770815849304, -0.29722702503204346, 0), (-0.3099731206893921, 0.2930071949958801, 0.9044686555862427, 0), (-179.3157501220703, 125.0379867553711, 0.7170267105102539, 1) ), ( (0.5452936887741089, 0.16432790458202362, 0.8219801783561707, 0), (-0.1007252186536789, 0.9863364100456238, -0.1303653120994568, 0), (-0.8321714401245117, -0.011706734076142311, 0.5543949604034424, 0), (-195.04164123535156, 124.03211975097656, -4.345958709716797, 1) ), ( (0.47318482398986816, 0.14305658638477325, 0.8692703247070312, 0), (-0.024248959496617317, 0.98846834897995, -0.14947324991226196, 0), (-0.8806291818618774, 0.04964959993958473, 0.4711975157260895, 0), (-200.63966369628906, 122.34505462646484, -12.784502983093262, 1.0000001192092896) ), ( (0.5580084919929504, 0.09270524233579636, 0.8246403932571411, 0), (-0.00208197720348835, 0.9938937425613403, -0.11032354831695557, 0), (-0.8298324346542358, 0.05984463915228844, 0.5547943711280823, 0), (-204.25555419921875, 121.25173950195312, -19.42726707458496, 0.9999998807907104) ), ( (0.979546308517456, 0.11124484241008759, 0.16767387092113495, 0), (-0.13159070909023285, 0.9845475554466248, 0.11554157733917236, 0), (-0.15222957730293274, -0.1352425366640091, 0.9790486693382263, 0), (-179.95936584472656, 125.52458953857422, 4.153992652893066, 1) ), ( (0.8439872860908508, 0.12557977437973022, 0.5214547514915466, 0), (-0.1602650284767151, 0.9868347644805908, 0.02173776365816593, 0), (-0.5118595361709595, -0.1019173413515091, 0.8530018329620361, 0), (-198.06663513183594, 125.06627655029297, 0.867619514465332, 1) ), ( (0.8310046792030334, 0.18913277983665466, 0.523125410079956, 0), (-0.17954906821250916, 0.9812867641448975, -0.0695578083395958, 0), (-0.5264918208122253, -0.036123815923929214, 0.8494123816490173, 0), (-208.4918975830078, 123.51510620117188, -5.573620796203613, 1) ), ( (0.8678064942359924, 0.14411230385303497, 0.4755457043647766, 0), (-0.13588057458400726, 0.9893669486045837, -0.05185997113585472, 0), (-0.4779626727104187, -0.019613025709986687, 0.8781611323356628, 0), (-216.1542205810547, 121.77122497558594, -10.39712905883789, 1) ), ( (0.36501848697662354, 0.19096441566944122, -0.9112052321434021, 0), (0.552771806716919, 0.7430936694145203, 0.3771672248840332, 0), (0.7491366267204285, -0.6413611769676208, 0.16568322479724884, 0), (-176.0692596435547, 123.52975463867188, 9.153392791748047, 1) ), ( (0.43046513199806213, 0.3310832381248474, -0.8396924734115601, 0), (0.9023685455322266, -0.17925700545310974, 0.3919160068035126, 0), (-0.0207639429718256, -0.926418662071228, -0.3759230971336365, 0), (-180.1968536376953, 121.37014770507812, 19.4572811126709, 1) ), ( (0.396564245223999, 0.19753876328468323, -0.8965022563934326, 0), (0.9145493507385254, -0.0003335419751238078, 0.40447407960891724, 0), (0.07960047572851181, -0.9802948236465454, -0.1807912141084671, 0), (-184.810546875, 117.82160949707031, 28.45708465576172, 1) ), ( (0.391722708940506, 0.3134825527667999, -0.8650332689285278, 0), (0.9194765090942383, -0.16751089692115784, 0.35567206144332886, 0), (-0.033405374735593796, -0.9347023367881775, -0.3538579046726227, 0), (-189.18905639648438, 115.64080047607422, 38.355220794677734, 1) ), ( (1.0000001192092896, 1.4724435004609404e-9, -9.531504474580288e-10, 0), (1.9339122303563272e-8, 0.9999998807907104, -2.330520132431957e-8, 0), (5.11447844075974e-8, -2.2641351904439944e-8, 1.0000003576278687, 0), (-185.6061553955078, 113.44230651855469, 6.729957580566406, 1) ), ( (0.9993137717247009, 0.03667380288243294, 0.005191739182919264, 0), (0.000983676640316844, 0.11384116858243942, -0.9934983849525452, 0), (-0.037026360630989075, 0.9928218126296997, 0.11372701078653336, 0), (-59.024375915527344, 131.05059814453125, 8.233572959899902, 0.9999998807907104) ), ( (0.9993137717247009, 0.03667380288243294, 0.005191739182919264, 0), (0.000983676640316844, 0.11384116858243942, -0.9934983849525452, 0), (-0.037026360630989075, 0.9928218126296997, 0.11372701078653336, 0), (-82.91236877441406, 130.17333984375, 8.10942554473877, 0.9999998807907104) ), ( (0.9993137717247009, 0.03667380288243294, 0.005191739182919264, 0), (0.000983676640316844, 0.11384116858243942, -0.9934983849525452, 0), (-0.037026360630989075, 0.9928218126296997, 0.11372701078653336, 0), (-107.85183715820312, 129.25880432128906, 7.979902744293213, 0.9999998807907104) ), ( (1, -4.547473508864641e-13, -0.00003459725485299714, 0), (-2.2888583389724104e-12, 1, -9.458744898438454e-10, 0), (0.00003459724030108191, 2.6345412962314185e-8, 1.0000001192092896, 0), (-0.28024619817733765, 123.927978515625, -48.42265319824219, 1) ), ( (0.003488614223897457, -0.9987051486968994, 0.05075644701719284, 0), (0.00016158603830263019, -0.05075618997216225, -0.9987112283706665, 0), (0.9999939203262329, 0.0034923190250992775, -0.000015692148735979572, 0), (41.76348876953125, 71.0811996459961, 10.282109260559082, 1) ), ( (0.0034916438162326813, -0.9998709559440613, -0.015694554895162582, 0), (-0.00007050052226986736, 0.01569441333413124, -0.9998770952224731, 0), (0.9999939203262329, 0.0034923201892524958, -0.000015692279703216627, 0), (41.899227142333984, 32.22452163696289, 12.256895065307617, 1) ), ( (0.0902331992983818, -0.9948698282241821, 0.04574015736579895, 0), (0.19871503114700317, 0.06298915296792984, 0.9780313968658447, 0), (-0.9758946895599365, -0.0791616439819336, 0.2033793330192566, 0), (41.99713897705078, 4.1833648681640625, 11.816740036010742, 1) ), ( (0.19870923459529877, 0.06306367367506027, 0.9780274629592896, 0), (0.09024805575609207, -0.9948649406433105, 0.04581335932016373, 0), (0.9758943915367126, 0.07916155457496643, -0.20338033139705658, 0), (46.94104766845703, -1.3181915283203125, 33.39813232421875, 1) ), ( (0.19871029257774353, 0.06306378543376923, 0.9780275225639343, 0), (0.09024778753519058, -0.9948650002479553, 0.045813433825969696, 0), (0.9758943319320679, 0.07916119694709778, -0.20338129997253418, 0), (47.915950775146484, -1.0087661743164062, 38.196556091308594, 1) ), ( (0.0897647961974144, -0.995015025138855, 0.04344792664051056, 0), (0.19892553985118866, 0.06065685302019119, 0.9781359434127808, 0), (-0.9758948683738708, -0.07915928214788437, 0.20337878167629242, 0), (41.99714660644531, 4.183380126953125, 11.816736221313477, 1) ), ( (0.9747502207756042, -9.618801755095774e-9, -0.2232973277568817, 0), (5.077896325644815e-9, 0.9999998807907104, -2.4957347299903176e-9, 0), (0.22329729795455933, -3.2158361307210725e-8, 0.9747502207756042, 0), (44.46910095214844, 0.241729736328125, 22.60743522644043, 1) ), ( (0.003490574425086379, -0.9999125003814697, -0.012771079316735268, 0), (-0.000059653491916833445, 0.0127709424123168, -0.9999185800552368, 0), (0.9999939203262329, 0.0034910517279058695, -0.000015070473637024406, 0), (41.899234771728516, 32.225582122802734, 12.256897926330566, 1) ), ( (0.0034901066683232784, -0.9998709559440613, -0.015694554895162582, 0), (-0.066128671169281, 0.01542952936142683, -0.9976919293403625, 0), (0.9978049993515015, 0.004519909620285034, -0.06606627255678177, 0), (42.01277542114258, 17.647735595703125, 11.977703094482422, 1) ), ( (0.0034876088611781597, -0.9998709559440613, -0.015694554895162582, 0), (-0.1318979561328888, 0.015097576193511486, -0.9911487102508545, 0), (0.99125736951828, 0.005526818800717592, -0.13182829320430756, 0), (42.03628158569336, 10.916069030761719, 11.872036933898926, 1) ), ( (0.0034868265502154827, -0.9998709559440613, -0.015694554895162582, 0), (-0.1990545690059662, 0.01468658447265625, -0.9798785448074341, 0), (0.9799822568893433, 0.006540737580507994, -0.19897763431072235, 0), (42.059791564941406, 4.1844024658203125, 11.766366958618164, 1) ), ( (0.003487464040517807, -0.9987051486968994, 0.05075645074248314, 0), (0.0001620125403860584, -0.05075618997216225, -0.9987112283706665, 0), (0.9999939203262329, 0.0034911921247839928, -0.000015207773685688153, 0), (41.90388488769531, 66.76785278320312, 10.557154655456543, 1) ), ( (0.003485614201053977, -0.9987051486968994, 0.05075645074248314, 0), (0.0001615859946468845, -0.05075618624687195, -0.9987112283706665, 0), (0.9999939203262329, 0.0034893229603767395, -0.00001553986658109352, 0), (41.950801849365234, 53.33852767944336, 11.239662170410156, 1) ), ( (0.0034859240986406803, -0.9987051486968994, 0.05075645074248314, 0), (0.00016285832680296153, -0.05075618624687195, -0.9987112283706665, 0), (0.9999939203262329, 0.003489696653559804, -0.000014284931239672005, 0), (41.95074462890625, 35.41300964355469, 12.122769355773926, 1) ), ( (0.0034836577251553535, 0.9987049698829651, -0.050756558775901794, 0), (0.00019334879470989108, 0.05075618997216225, 0.9987110495567322, 0), (0.9999939203262329, -0.0034889811649918556, -0.00001628136851650197, 0), (-42.3192024230957, 71.08101654052734, 10.283453941345215, 1) ), ( (0.0034888088703155518, 0.999870777130127, 0.015694430097937584, 0), (-0.00003847862535621971, -0.01569439470767975, 0.999876856803894, 0), (0.9999939203262329, -0.0034889825619757175, -0.000016281241187243722, 0), (-42.45474624633789, 32.2243766784668, 12.258241653442383, 1) ), ( (0.09022841602563858, 0.9948700666427612, -0.04574303701519966, 0), (0.1986839920282364, -0.06298847496509552, -0.9780374765396118, 0), (-0.9759014844894409, 0.07915836572647095, -0.2033480852842331, 0), (-42.55258560180664, 4.183250427246094, 11.81808853149414, 1) ), ( (0.19867821037769318, -0.06306300312280655, -0.9780336618423462, 0), (0.09024329483509064, 0.9948651790618896, -0.04581625759601593, 0), (0.9759013056755066, -0.07915828377008438, 0.20334908366203308, 0), (-47.49578094482422, -1.3183135986328125, 33.39965057373047, 1) ), ( (0.19867821037769318, -0.06306301057338715, -0.978033721446991, 0), (0.0902436375617981, 0.9948652982711792, -0.04581618681550026, 0), (0.975901186466217, -0.07915864884853363, 0.2033490687608719, 0), (-48.470523834228516, -1.008941650390625, 38.198028564453125, 1) ), ( (0.08976010233163834, 0.9950152039527893, -0.043450791388750076, 0), (0.19889450073242188, -0.06065620481967926, -0.9781420826911926, 0), (-0.97590172290802, 0.07915601879358292, -0.20334751904010773, 0), (-42.55258560180664, 4.183265686035156, 11.818092346191406, 1) ), ( (0.9747576713562012, -1.904987811940373e-8, 0.22326542437076569, 0), (2.477675183076844e-11, 0.9999997615814209, -4.3655784542906417e-10, 0), (-0.22326543927192688, -6.798302365496056e-9, 0.9747576117515564, 0), (-45.02418899536133, 0.24173736572265625, 22.608871459960938, 1) ), ( (0.003487644949927926, 0.9999123215675354, 0.012770963832736015, 0), (-0.00002763962584140245, -0.012770934961736202, 0.9999184012413025, 0), (0.9999939203262329, -0.0034877138677984476, -0.000016903451978578232, 0), (-42.45475387573242, 32.22541809082031, 12.258243560791016, 1) ), ( (0.0034888109657913446, 0.999870777130127, 0.015694430097937584, 0), (-0.0660967230796814, -0.015429629944264889, 0.9976938962936401, 0), (0.9978071451187134, -0.004518116358667612, 0.06603434681892395, 0), (-42.56826400756836, 17.647628784179688, 11.979053497314453, 1) ), ( (0.0034888084046542645, 0.999870777130127, 0.015694422647356987, 0), (-0.1318662166595459, -0.015097470954060555, 0.9911525249481201, 0), (0.99126136302948, -0.00552750751376152, 0.13179652392864227, 0), (-42.59175491333008, 10.915962219238281, 11.87338924407959, 1) ), ( (0.0034888109657913446, 0.999870777130127, 0.015694422647356987, 0), (-0.19902318716049194, -0.014686288312077522, 0.979884684085846, 0), (0.9799885153770447, -0.006542189046740532, 0.1989462524652481, 0), (-42.61522674560547, 4.1842498779296875, 11.767719268798828, 1) ), ( (0.0034836577251553535, 0.9987049698829651, -0.050756558775901794, 0), (0.00019377552962396294, 0.050756193697452545, 0.9987110495567322, 0), (0.9999939203262329, -0.0034890028182417154, -0.000016707537724869326, 0), (-42.45956802368164, 66.76763153076172, 10.558505058288574, 1) ), ( (0.0034836577251553535, 0.9987049698829651, -0.050756558775901794, 0), (0.0001933488092618063, 0.05075618997216225, 0.9987110495567322, 0), (0.9999939203262329, -0.0034889811649918556, -0.000016281384887406603, 0), (-42.50641632080078, 53.33832931518555, 11.24101448059082, 1) ), ( (0.0034836577251553535, 0.9987049698829651, -0.050756558775901794, 0), (0.00019462119962554425, 0.05075618997216225, 0.9987110495567322, 0), (0.9999939203262329, -0.0034890458919107914, -0.000017552112694829702, 0), (-42.50627899169922, 35.412841796875, 12.12411880493164, 1) ), ( (1, 0, 0, 0), (0, 1, 0, 0), (0, 2.4231229002469323e-12, 1, 0), (27.198793411254883, 87.23168182373047, 42.285255432128906, 1) ), ( (1, 0, 0, 0), (0, 1, 0, 0), (0, 2.4231229002469323e-12, 1, 0), (44.72520065307617, 87.24093627929688, -62.032562255859375, 1) ), ( (1, 0, 0, 0), (0, 1, 0, 0), (0, 2.4231229002469323e-12, 1, 0), (-28.055233001708984, 87.2315673828125, 42.61323547363281, 1) ), ( (1, 0, 0, 0), (0, 1, 0, 0), (0, 2.4231229002469323e-12, 1, 0), (-45.66794204711914, 87.24085998535156, -62.032569885253906, 1) )]
        uniform token[] joints = ["root_joint", "root_joint/pelvis_joint", "root_joint/pelvis_joint/spineLower_joint", "root_joint/pelvis_joint/spineLower_joint/spineMiddle_joint", "root_joint/pelvis_joint/spineLower_joint/spineMiddle_joint/spineUpper_joint", "root_joint/pelvis_joint/spineLower_joint/spineMiddle_joint/spineUpper_joint/chest_joint", "root_joint/pelvis_joint/spineLower_joint/spineMiddle_joint/spineUpper_joint/chest_joint/clavicle_left_joint", "root_joint/pelvis_joint/spineLower_joint/spineMiddle_joint/spineUpper_joint/chest_joint/clavicle_left_joint/shoulder_left_joint", "root_joint/pelvis_joint/spineLower_joint/spineMiddle_joint/spineUpper_joint/chest_joint/clavicle_left_joint/shoulder_left_joint/elbow_left_joint", "root_joint/pelvis_joint/spineLower_joint/spineMiddle_joint/spineUpper_joint/chest_joint/clavicle_left_joint/shoulder_left_joint/elbow_left_joint/elbow_partial_left_joint", "root_joint/pelvis_joint/spineLower_joint/spineMiddle_joint/spineUpper_joint/chest_joint/clavicle_left_joint/shoulder_left_joint/elbow_left_joint/armLower_twist_01_left_joint", "root_joint/pelvis_joint/spineLower_joint/spineMiddle_joint/spineUpper_joint/chest_joint/clavicle_left_joint/shoulder_left_joint/elbow_left_joint/armLower_twist_02_left_joint", "root_joint/pelvis_joint/spineLower_joint/spineMiddle_joint/spineUpper_joint/chest_joint/clavicle_left_joint/shoulder_left_joint/elbow_left_joint/armLower_twist_03_left_joint", "root_joint/pelvis_joint/spineLower_joint/spineMiddle_joint/spineUpper_joint/chest_joint/clavicle_left_joint/shoulder_left_joint/elbow_left_joint/handWrist_left_joint", "root_joint/pelvis_joint/spineLower_joint/spineMiddle_joint/spineUpper_joint/chest_joint/clavicle_left_joint/shoulder_left_joint/elbow_left_joint/handWrist_left_joint/handIndexMeta_left_joint", "root_joint/pelvis_joint/spineLower_joint/spineMiddle_joint/spineUpper_joint/chest_joint/clavicle_left_joint/shoulder_left_joint/elbow_left_joint/handWrist_left_joint/handIndexMeta_left_joint/handIndex_00_left_joint", "root_joint/pelvis_joint/spineLower_joint/spineMiddle_joint/spineUpper_joint/chest_joint/clavicle_left_joint/shoulder_left_joint/elbow_left_joint/handWrist_left_joint/handIndexMeta_left_joint/handIndex_00_left_joint/handIndex_01_left_joint", "root_joint/pelvis_joint/spineLower_joint/spineMiddle_joint/spineUpper_joint/chest_joint/clavicle_left_joint/shoulder_left_joint/elbow_left_joint/handWrist_left_joint/handIndexMeta_left_joint/handIndex_00_left_joint/handIndex_01_left_joint/handIndex_02_left_joint", "root_joint/pelvis_joint/spineLower_joint/spineMiddle_joint/spineUpper_joint/chest_joint/clavicle_left_joint/shoulder_left_joint/elbow_left_joint/handWrist_left_joint/handMiddleMeta_left_joint", "root_joint/pelvis_joint/spineLower_joint/spineMiddle_joint/spineUpper_joint/chest_joint/clavicle_left_joint/shoulder_left_joint/elbow_left_joint/handWrist_left_joint/handMiddleMeta_left_joint/handMiddle_00_left_joint", "root_joint/pelvis_joint/spineLower_joint/spineMiddle_joint/spineUpper_joint/chest_joint/clavicle_left_joint/shoulder_left_joint/elbow_left_joint/handWrist_left_joint/handMiddleMeta_left_joint/handMiddle_00_left_joint/handMiddle_01_left_joint", "root_joint/pelvis_joint/spineLower_joint/spineMiddle_joint/spineUpper_joint/chest_joint/clavicle_left_joint/shoulder_left_joint/elbow_left_joint/handWrist_left_joint/handMiddleMeta_left_joint/handMiddle_00_left_joint/handMiddle_01_left_joint/handMiddle_02_left_joint", "root_joint/pelvis_joint/spineLower_joint/spineMiddle_joint/spineUpper_joint/chest_joint/clavicle_left_joint/shoulder_left_joint/elbow_left_joint/handWrist_left_joint/handWrist_partial_left_joint", "root_joint/pelvis_joint/spineLower_joint/spineMiddle_joint/spineUpper_joint/chest_joint/clavicle_left_joint/shoulder_left_joint/elbow_left_joint/handWrist_left_joint/handPinkyMeta_left_joint", "root_joint/pelvis_joint/spineLower_joint/spineMiddle_joint/spineUpper_joint/chest_joint/clavicle_left_joint/shoulder_left_joint/elbow_left_joint/handWrist_left_joint/handPinkyMeta_left_joint/handPinky_00_left_joint", "root_joint/pelvis_joint/spineLower_joint/spineMiddle_joint/spineUpper_joint/chest_joint/clavicle_left_joint/shoulder_left_joint/elbow_left_joint/handWrist_left_joint/handPinkyMeta_left_joint/handPinky_00_left_joint/handPinky_01_left_joint", "root_joint/pelvis_joint/spineLower_joint/spineMiddle_joint/spineUpper_joint/chest_joint/clavicle_left_joint/shoulder_left_joint/elbow_left_joint/handWrist_left_joint/handPinkyMeta_left_joint/handPinky_00_left_joint/handPinky_01_left_joint/handPinky_02_left_joint", "root_joint/pelvis_joint/spineLower_joint/spineMiddle_joint/spineUpper_joint/chest_joint/clavicle_left_joint/shoulder_left_joint/elbow_left_joint/handWrist_left_joint/handRingMeta_left_joint", "root_joint/pelvis_joint/spineLower_joint/spineMiddle_joint/spineUpper_joint/chest_joint/clavicle_left_joint/shoulder_left_joint/elbow_left_joint/handWrist_left_joint/handRingMeta_left_joint/handRing_00_left_joint", "root_joint/pelvis_joint/spineLower_joint/spineMiddle_joint/spineUpper_joint/chest_joint/clavicle_left_joint/shoulder_left_joint/elbow_left_joint/handWrist_left_joint/handRingMeta_left_joint/handRing_00_left_joint/handRing_01_left_joint", "root_joint/pelvis_joint/spineLower_joint/spineMiddle_joint/spineUpper_joint/chest_joint/clavicle_left_joint/shoulder_left_joint/elbow_left_joint/handWrist_left_joint/handRingMeta_left_joint/handRing_00_left_joint/handRing_01_left_joint/handRing_02_left_joint", "root_joint/pelvis_joint/spineLower_joint/spineMiddle_joint/spineUpper_joint/chest_joint/clavicle_left_joint/shoulder_left_joint/elbow_left_joint/handWrist_left_joint/handThumbMeta_left_joint", "root_joint/pelvis_joint/spineLower_joint/spineMiddle_joint/spineUpper_joint/chest_joint/clavicle_left_joint/shoulder_left_joint/elbow_left_joint/handWrist_left_joint/handThumbMeta_left_joint/handThumb_00_left_joint", "root_joint/pelvis_joint/spineLower_joint/spineMiddle_joint/spineUpper_joint/chest_joint/clavicle_left_joint/shoulder_left_joint/elbow_left_joint/handWrist_left_joint/handThumbMeta_left_joint/handThumb_00_left_joint/handThumb_01_left_joint", "root_joint/pelvis_joint/spineLower_joint/spineMiddle_joint/spineUpper_joint/chest_joint/clavicle_left_joint/shoulder_left_joint/elbow_left_joint/handWrist_left_joint/handThumbMeta_left_joint/handThumb_00_left_joint/handThumb_01_left_joint/handThumb_02_left_joint", "root_joint/pelvis_joint/spineLower_joint/spineMiddle_joint/spineUpper_joint/chest_joint/clavicle_left_joint/shoulder_left_joint/elbow_left_joint/handWrist_left_joint/hand_l_socket", "root_joint/pelvis_joint/spineLower_joint/spineMiddle_joint/spineUpper_joint/chest_joint/clavicle_left_joint/shoulder_left_joint/armUpper_twist_01_left_joint", "root_joint/pelvis_joint/spineLower_joint/spineMiddle_joint/spineUpper_joint/chest_joint/clavicle_left_joint/shoulder_left_joint/armUpper_twist_02_left_joint", "root_joint/pelvis_joint/spineLower_joint/spineMiddle_joint/spineUpper_joint/chest_joint/clavicle_left_joint/shoulder_left_joint/armUpper_twist_03_left_joint", "root_joint/pelvis_joint/spineLower_joint/spineMiddle_joint/spineUpper_joint/chest_joint/neck_joint", "root_joint/pelvis_joint/spineLower_joint/spineMiddle_joint/spineUpper_joint/chest_joint/neck_joint/neck_twist_01_joint", "root_joint/pelvis_joint/spineLower_joint/spineMiddle_joint/spineUpper_joint/chest_joint/neck_joint/neck_twist_02_joint", "root_joint/pelvis_joint/spineLower_joint/spineMiddle_joint/spineUpper_joint/chest_joint/neck_joint/head_joint", "root_joint/pelvis_joint/spineLower_joint/spineMiddle_joint/spineUpper_joint/chest_joint/neck_joint/head_joint/head_tracker_target", "root_joint/pelvis_joint/spineLower_joint/spineMiddle_joint/spineUpper_joint/chest_joint/neck_joint/head_joint/eye_offset_right_joint", "root_joint/pelvis_joint/spineLower_joint/spineMiddle_joint/spineUpper_joint/chest_joint/neck_joint/head_joint/eye_offset_right_joint/eye_right_joint", "root_joint/pelvis_joint/spineLower_joint/spineMiddle_joint/spineUpper_joint/chest_joint/neck_joint/head_joint/eye_offset_left_joint", "root_joint/pelvis_joint/spineLower_joint/spineMiddle_joint/spineUpper_joint/chest_joint/neck_joint/head_joint/eye_offset_left_joint/eye_left_joint", "root_joint/pelvis_joint/spineLower_joint/spineMiddle_joint/spineUpper_joint/chest_joint/neck_joint/head_joint/head_socket", "root_joint/pelvis_joint/spineLower_joint/spineMiddle_joint/spineUpper_joint/chest_joint/clavicle_right_joint", "root_joint/pelvis_joint/spineLower_joint/spineMiddle_joint/spineUpper_joint/chest_joint/clavicle_right_joint/shoulder_right_joint", "root_joint/pelvis_joint/spineLower_joint/spineMiddle_joint/spineUpper_joint/chest_joint/clavicle_right_joint/shoulder_right_joint/elbow_right_joint", "root_joint/pelvis_joint/spineLower_joint/spineMiddle_joint/spineUpper_joint/chest_joint/clavicle_right_joint/shoulder_right_joint/elbow_right_joint/elbow_partial_right_joint", "root_joint/pelvis_joint/spineLower_joint/spineMiddle_joint/spineUpper_joint/chest_joint/clavicle_right_joint/shoulder_right_joint/elbow_right_joint/armLower_twist_01_right_joint", "root_joint/pelvis_joint/spineLower_joint/spineMiddle_joint/spineUpper_joint/chest_joint/clavicle_right_joint/shoulder_right_joint/elbow_right_joint/armLower_twist_02_right_joint", "root_joint/pelvis_joint/spineLower_joint/spineMiddle_joint/spineUpper_joint/chest_joint/clavicle_right_joint/shoulder_right_joint/elbow_right_joint/armLower_twist_03_right_joint", "root_joint/pelvis_joint/spineLower_joint/spineMiddle_joint/spineUpper_joint/chest_joint/clavicle_right_joint/shoulder_right_joint/elbow_right_joint/handWrist_right_joint", "root_joint/pelvis_joint/spineLower_joint/spineMiddle_joint/spineUpper_joint/chest_joint/clavicle_right_joint/shoulder_right_joint/elbow_right_joint/handWrist_right_joint/handIndexMeta_right_joint", "root_joint/pelvis_joint/spineLower_joint/spineMiddle_joint/spineUpper_joint/chest_joint/clavicle_right_joint/shoulder_right_joint/elbow_right_joint/handWrist_right_joint/handIndexMeta_right_joint/handIndex_00_right_joint", "root_joint/pelvis_joint/spineLower_joint/spineMiddle_joint/spineUpper_joint/chest_joint/clavicle_right_joint/shoulder_right_joint/elbow_right_joint/handWrist_right_joint/handIndexMeta_right_joint/handIndex_00_right_joint/handIndex_01_right_joint", "root_joint/pelvis_joint/spineLower_joint/spineMiddle_joint/spineUpper_joint/chest_joint/clavicle_right_joint/shoulder_right_joint/elbow_right_joint/handWrist_right_joint/handIndexMeta_right_joint/handIndex_00_right_joint/handIndex_01_right_joint/handIndex_02_right_joint", "root_joint/pelvis_joint/spineLower_joint/spineMiddle_joint/spineUpper_joint/chest_joint/clavicle_right_joint/shoulder_right_joint/elbow_right_joint/handWrist_right_joint/handMiddleMeta_right_joint", "root_joint/pelvis_joint/spineLower_joint/spineMiddle_joint/spineUpper_joint/chest_joint/clavicle_right_joint/shoulder_right_joint/elbow_right_joint/handWrist_right_joint/handMiddleMeta_right_joint/handMiddle_00_right_joint", "root_joint/pelvis_joint/spineLower_joint/spineMiddle_joint/spineUpper_joint/chest_joint/clavicle_right_joint/shoulder_right_joint/elbow_right_joint/handWrist_right_joint/handMiddleMeta_right_joint/handMiddle_00_right_joint/handMiddle_01_right_joint", "root_joint/pelvis_joint/spineLower_joint/spineMiddle_joint/spineUpper_joint/chest_joint/clavicle_right_joint/shoulder_right_joint/elbow_right_joint/handWrist_right_joint/handMiddleMeta_right_joint/handMiddle_00_right_joint/handMiddle_01_right_joint/handMiddle_02_right_joint", "root_joint/pelvis_joint/spineLower_joint/spineMiddle_joint/spineUpper_joint/chest_joint/clavicle_right_joint/shoulder_right_joint/elbow_right_joint/handWrist_right_joint/handWrist_partial_right_joint", "root_joint/pelvis_joint/spineLower_joint/spineMiddle_joint/spineUpper_joint/chest_joint/clavicle_right_joint/shoulder_right_joint/elbow_right_joint/handWrist_right_joint/handPinkyMeta_right_joint", "root_joint/pelvis_joint/spineLower_joint/spineMiddle_joint/spineUpper_joint/chest_joint/clavicle_right_joint/shoulder_right_joint/elbow_right_joint/handWrist_right_joint/handPinkyMeta_right_joint/handPinky_00_right_joint", "root_joint/pelvis_joint/spineLower_joint/spineMiddle_joint/spineUpper_joint/chest_joint/clavicle_right_joint/shoulder_right_joint/elbow_right_joint/handWrist_right_joint/handPinkyMeta_right_joint/handPinky_00_right_joint/handPinky_01_right_joint", "root_joint/pelvis_joint/spineLower_joint/spineMiddle_joint/spineUpper_joint/chest_joint/clavicle_right_joint/shoulder_right_joint/elbow_right_joint/handWrist_right_joint/handPinkyMeta_right_joint/handPinky_00_right_joint/handPinky_01_right_joint/handPinky_02_right_joint", "root_joint/pelvis_joint/spineLower_joint/spineMiddle_joint/spineUpper_joint/chest_joint/clavicle_right_joint/shoulder_right_joint/elbow_right_joint/handWrist_right_joint/handRingMeta_right_joint", "root_joint/pelvis_joint/spineLower_joint/spineMiddle_joint/spineUpper_joint/chest_joint/clavicle_right_joint/shoulder_right_joint/elbow_right_joint/handWrist_right_joint/handRingMeta_right_joint/handRing_00_right_joint", "root_joint/pelvis_joint/spineLower_joint/spineMiddle_joint/spineUpper_joint/chest_joint/clavicle_right_joint/shoulder_right_joint/elbow_right_joint/handWrist_right_joint/handRingMeta_right_joint/handRing_00_right_joint/handRing_01_right_joint", "root_joint/pelvis_joint/spineLower_joint/spineMiddle_joint/spineUpper_joint/chest_joint/clavicle_right_joint/shoulder_right_joint/elbow_right_joint/handWrist_right_joint/handRingMeta_right_joint/handRing_00_right_joint/handRing_01_right_joint/handRing_02_right_joint", "root_joint/pelvis_joint/spineLower_joint/spineMiddle_joint/spineUpper_joint/chest_joint/clavicle_right_joint/shoulder_right_joint/elbow_right_joint/handWrist_right_joint/handThumbMeta_right_joint", "root_joint/pelvis_joint/spineLower_joint/spineMiddle_joint/spineUpper_joint/chest_joint/clavicle_right_joint/shoulder_right_joint/elbow_right_joint/handWrist_right_joint/handThumbMeta_right_joint/handThumb_00_right_joint", "root_joint/pelvis_joint/spineLower_joint/spineMiddle_joint/spineUpper_joint/chest_joint/clavicle_right_joint/shoulder_right_joint/elbow_right_joint/handWrist_right_joint/handThumbMeta_right_joint/handThumb_00_right_joint/handThumb_01_right_joint", "root_joint/pelvis_joint/spineLower_joint/spineMiddle_joint/spineUpper_joint/chest_joint/clavicle_right_joint/shoulder_right_joint/elbow_right_joint/handWrist_right_joint/handThumbMeta_right_joint/handThumb_00_right_joint/handThumb_01_right_joint/handThumb_02_right_joint", "root_joint/pelvis_joint/spineLower_joint/spineMiddle_joint/spineUpper_joint/chest_joint/clavicle_right_joint/shoulder_right_joint/elbow_right_joint/handWrist_right_joint/hand_r_socket", "root_joint/pelvis_joint/spineLower_joint/spineMiddle_joint/spineUpper_joint/chest_joint/clavicle_right_joint/shoulder_right_joint/armUpper_twist_01_right_joint", "root_joint/pelvis_joint/spineLower_joint/spineMiddle_joint/spineUpper_joint/chest_joint/clavicle_right_joint/shoulder_right_joint/armUpper_twist_02_right_joint", "root_joint/pelvis_joint/spineLower_joint/spineMiddle_joint/spineUpper_joint/chest_joint/clavicle_right_joint/shoulder_right_joint/armUpper_twist_03_right_joint", "root_joint/pelvis_joint/spineLower_joint/spineMiddle_joint/spineUpper_joint/chest_joint/back_socket", "root_joint/pelvis_joint/hip_left_joint", "root_joint/pelvis_joint/hip_left_joint/knee_left_joint", "root_joint/pelvis_joint/hip_left_joint/knee_left_joint/footAnkle_left_joint", "root_joint/pelvis_joint/hip_left_joint/knee_left_joint/footAnkle_left_joint/footBall_left_joint", "root_joint/pelvis_joint/hip_left_joint/knee_left_joint/footAnkle_left_joint/footBall_left_joint/footToe_left_joint", "root_joint/pelvis_joint/hip_left_joint/knee_left_joint/footAnkle_left_joint/footAnkle_partial_left_joint", "root_joint/pelvis_joint/hip_left_joint/knee_left_joint/footAnkle_left_joint/foot_l_socket", "root_joint/pelvis_joint/hip_left_joint/knee_left_joint/knee_partial_left_joint", "root_joint/pelvis_joint/hip_left_joint/knee_left_joint/legLower_twist_01_left_joint", "root_joint/pelvis_joint/hip_left_joint/knee_left_joint/legLower_twist_02_left_joint", "root_joint/pelvis_joint/hip_left_joint/knee_left_joint/legLower_twist_03_left_joint", "root_joint/pelvis_joint/hip_left_joint/legUpper_twist_01_left_joint", "root_joint/pelvis_joint/hip_left_joint/legUpper_twist_02_left_joint", "root_joint/pelvis_joint/hip_left_joint/legUpper_twist_03_left_joint", "root_joint/pelvis_joint/hip_right_joint", "root_joint/pelvis_joint/hip_right_joint/knee_right_joint", "root_joint/pelvis_joint/hip_right_joint/knee_right_joint/footAnkle_right_joint", "root_joint/pelvis_joint/hip_right_joint/knee_right_joint/footAnkle_right_joint/footBall_right_joint", "root_joint/pelvis_joint/hip_right_joint/knee_right_joint/footAnkle_right_joint/footBall_right_joint/footToe_right_joint", "root_joint/pelvis_joint/hip_right_joint/knee_right_joint/footAnkle_right_joint/footAnkle_partial_right_joint", "root_joint/pelvis_joint/hip_right_joint/knee_right_joint/footAnkle_right_joint/foot_r_socket", "root_joint/pelvis_joint/hip_right_joint/knee_right_joint/knee_partial_right_joint", "root_joint/pelvis_joint/hip_right_joint/knee_right_joint/legLower_twist_01_right_joint", "root_joint/pelvis_joint/hip_right_joint/knee_right_joint/legLower_twist_02_right_joint", "root_joint/pelvis_joint/hip_right_joint/knee_right_joint/legLower_twist_03_right_joint", "root_joint/pelvis_joint/hip_right_joint/legUpper_twist_01_right_joint", "root_joint/pelvis_joint/hip_right_joint/legUpper_twist_02_right_joint", "root_joint/pelvis_joint/hip_right_joint/legUpper_twist_03_right_joint", "root_joint/pelvis_joint/hip_l_front_socket", "root_joint/pelvis_joint/hip_l_back_socket", "root_joint/pelvis_joint/hip_r_front_socket", "root_joint/pelvis_joint/hip_r_back_socket"]
        uniform matrix4d[] restTransforms = [( (1, 0, -0.000015986854123184457, 0), (0, 1, 0, 0), (0.000015986854123184457, 0, 1, 0), (-0.27789032459259033, 0, 9.94883918762207, 1) ), ( (-0.0000016689300537109375, 1, 0.00008440017700195312, 0), (0, -0.00008440017700195312, 1, 0), (1, 0.0000016689300537109375, 0, 0), (0, 87.2341537475586, 2.5473318099975586, 1) ), ( (0.9998507499694824, 0.01728147268295288, -0.0000021931316496193176, 0), (-0.01728147268295288, 0.9998507499694824, 9.172585890837581e-8, 0), (0.000002194389708165545, -5.381298251450062e-8, 1, 0), (2.363677978515625, 0, 0, 1) ), ( (0.9983325600624084, 0.057722073048353195, -0.000004267715212336043, 0), (-0.057722073048353195, 0.9983326196670532, 0.0000028028757697029505, 0), (0.000004422387064551003, -0.0000025518600068608066, 1, 0), (9.217323303222656, 0, 0, 1) ), ( (0.99980229139328, 0.01989995874464512, -0.000004787593752553221, 0), (-0.01989998295903206, 0.9998020529747009, 0.000011313666618661955, 0), (0.000005011788289266406, -0.00001121615514421137, 1, 0), (6.524543762207031, 0, 2.9802322387695312e-8, 1) ), ( (0.9999991059303284, 0.0010323581518605351, -0.000002563595444371458, 0), (-0.0010323388269171119, 0.9999993443489075, 0.0000038906523514015134, 0), (0.000002567606998127303, -0.000003887999355356442, 1, 0), (12.617439270019531, 4.76837158203125e-7, -5.960464477539063e-8, 1) ), ( (-0.1705099642276764, -0.25973302125930786, 0.9505078196525574, 0), (-0.03409622982144356, 0.9656116366386414, 0.2577437162399292, 0), (-0.9847661852836609, 0.011539114639163017, -0.17350223660469055, 0), (18.782142639160156, 1.1709327697753906, 9.12353229522705, 1) ), ( (0.9566008448600769, 0.25720125436782837, -0.1369772106409073, 0), (-0.2556478977203369, 0.9663312435150146, 0.029118737205863, 0), (0.13985475897789001, 0.007162943948060274, 0.9901462197303772, 0), (32.67298889160156, 0.000010132789611816406, 0.0000457763671875, 1) ), ( (0.9999532103538513, -0.009674601256847382, 6.674699903896908e-8, 0), (0.009674574248492718, 0.9999532103538513, 2.328837922505045e-8, 0), (-4.250426499652349e-8, -1.693293949500685e-9, 0.9999998807907104, 0), (67.44078063964844, -0.00000762939453125, -0.000030517578125, 1) ), ( (0.9999999403953552, 3.3873359672753622e-9, 8.293783793078546e-8, 0), (6.762345350352916e-9, 1, -2.112010477617332e-8, 0), (-9.121808375311957e-8, 1.0845945475068675e-8, 0.9999999403953552, 0), (0, -4.76837158203125e-7, -0.0000152587890625, 1) ), ( (0.9999999403953552, 3.3873359672753622e-9, 8.293783793078546e-8, 0), (6.762345350352916e-9, 1, -2.112010477617332e-8, 0), (-9.121808375311957e-8, 1.0845945475068675e-8, 0.9999999403953552, 0), (17.13243865966797, -0.00000476837158203125, -0.0000152587890625, 1) ), ( (0.9999999403953552, 3.3873359672753622e-9, 8.293783793078546e-8, 0), (6.762345350352916e-9, 1, -2.112010477617332e-8, 0), (-9.121808375311957e-8, 1.0845945475068675e-8, 0.9999999403953552, 0), (36.394287109375, -0.000007152557373046875, -0.0000152587890625, 1) ), ( (0.9999999403953552, 3.3873359672753622e-9, 8.293783793078546e-8, 0), (6.762345350352916e-9, 1, -2.112010477617332e-8, 0), (-9.121808375311957e-8, 1.0845945475068675e-8, 0.9999999403953552, 0), (63.34330749511719, -0.000003337860107421875, -0.000030517578125, 1) ), ( (0.9991080164909363, -0.023667654022574425, -0.034972336143255234, 0), (0.03496253117918968, -0.0008279032190330327, 0.9993882775306702, 0), (-0.023682134225964546, -0.9997198581695557, 3.794578447013919e-7, 0), (63.34330749511719, -0.000003337860107421875, -0.000030517578125, 1) ), ( (0.9791541695594788, 0.11641573905944824, -0.16644595563411713, 0), (-0.11924467980861664, 0.9928396344184875, -0.007070031948387623, 0), (0.1644311100244522, 0.02677048370242119, 0.9860250353813171, 0), (8.571563720703125, 1.9636383056640625, -3.641813278198242, 1) ), ( (0.9645691514015198, 0.0024105501361191273, -0.26381900906562805, 0), (0.029877251014113426, 0.9925278425216675, 0.11830530315637589, 0), (0.262132853269577, -0.12199592590332031, 0.9572895169258118, 0), (20.542526245117188, -1.652740478515625, 0.2509193420410156, 1) ), ( (0.9998499155044556, 0.010374232195317745, 0.01387934572994709, 0), (-0.009642678312957287, 0.9986118674278259, -0.05178060382604599, 0), (-0.01439715176820755, 0.05163908004760742, 0.9985619783401489, 0), (12.083038330078125, 0, 0.00000762939453125, 1) ), ( (0.9885416626930237, -0.14003048837184906, 0.05636485666036606, 0), (0.14177682995796204, 0.9894950985908508, -0.028256475925445557, 0), (-0.05181626230478287, 0.03592389076948166, 0.9980103969573975, 0), (8.648406982421875, 0, 0.0000152587890625, 1) ), ( (0.9952194690704346, 0.09653500467538834, -0.014802737161517143, 0), (-0.09654591232538223, 0.9953285455703735, -0.00002193368345615454, 0), (0.014731449075043201, 0.0014509483007714152, 0.999890148639679, 0), (9.0042724609375, 1.3589859008789062, -0.6525160074234009, 1) ), ( (0.9960262179374695, 0.06073858216404915, 0.06513567268848419, 0), (-0.05549229308962822, 0.9952864646911621, -0.07953419536352158, 0), (-0.06965938210487366, 0.07560364902019501, 0.9947020411491394, 0), (19.821517944335938, -1.8643646240234375, 0.4109303951263428, 1) ), ( (0.9987379908561707, 0.049647100269794464, 0.0075882007367908955, 0), (-0.04946212098002434, 0.9985138773918152, -0.022876325994729996, 0), (-0.008712705224752426, 0.022472109645605087, 0.99970942735672, 0), (13.343521118164062, 0, -0.000011444091796875, 1.0000001192092896) ), ( (0.9831629991531372, -0.18208234012126923, 0.015376613475382328, 0), (0.18270905315876007, 0.9808482527732849, -0.06748504191637039, 0), (-0.0027942608576267958, 0.06915825605392456, 0.9976018071174622, 0), (9.466720581054688, 0.0000152587890625, 0.0000019073486328125, 0.9999998807907104) ), ( (1, 0.00000465447737951763, -0.0000028525059860839974, 0), (-0.000004664480456995079, 0.9999999403953552, -0.00002232636143162381, 0), (0.0000028521485546662007, 0.00002232585393358022, 0.9999997615814209, 0), (-0.21466064453125, 0.289398193359375, -0.025170564651489258, 1) ), ( (0.9599373936653137, 0.09357525408267975, 0.264128178358078, 0), (0.02265383116900921, 0.9135924577713013, -0.40599945187568665, 0), (-0.2792970538139343, 0.3957177400588989, 0.8748716115951538, 0), (8.3756103515625, 2.6644058227539062, 5.77294397354126, 1) ), ( (0.7795444130897522, -0.06860868632793427, 0.622577965259552, 0), (-0.07564330846071243, 0.9763950705528259, 0.20231439173221588, 0), (-0.6217625141143799, -0.20480692386627197, 0.7559532523155212, 0), (16.5513916015625, 0.0002899169921875, -0.0005645751953125, 1) ), ( (0.996055543422699, -0.01988244615495205, 0.08647342026233673, 0), (0.026346003636717796, 0.9968905448913574, -0.07425962388515472, 0), (-0.08472778648138046, 0.07624492049217224, 0.9934828877449036, 0), (10.266067504882812, 0.0000152587890625, -0.000030517578125, 1) ), ( (0.9941391348838806, -0.04515667259693146, -0.09822779148817062, 0), (0.04529677331447601, 0.9989732503890991, -0.0008043705602176487, 0), (0.09816291928291321, -0.00364966643974185, 0.9951632618904114, 0), (7.641868591308594, -0.000030517578125, 0.0000762939453125, 1) ), ( (0.9845123887062073, 0.1277550905942917, 0.12005753815174103, 0), (-0.12940289080142975, 0.9915740489959717, 0.005998104810714722, 0), (-0.11827964335680008, -0.0214410237967968, 0.992748498916626, 0), (8.901779174804688, 1.7843856811523438, 2.3946824073791504, 1) ), ( (0.928128719329834, 0.072828009724617, 0.3650658130645752, 0), (-0.04356188699603081, 0.9951862692832947, -0.08778268098831177, 0), (-0.36970171332359314, 0.06557072699069977, 0.9268340468406677, 0), (18.3388671875, -1.551910400390625, 0.3990764617919922, 1) ), ( (0.9978947043418884, 0.06483341753482819, 0.0015934582334011793, 0), (-0.06457851827144623, 0.9956316351890564, -0.06743914633989334, 0), (-0.005958524066954851, 0.06719423085451126, 0.9977220296859741, 0), (12.352508544921875, 0.000030517578125, 0.0000152587890625, 1) ), ( (0.9971776604652405, -0.04747636243700981, -0.05816451460123062, 0), (0.04707495495676994, 0.9988570213317871, -0.008250235579907894, 0), (0.0584895946085453, 0.0054888189770281315, 0.9982730746269226, 0), (9.220550537109375, -0.000030517578125, -0.0000152587890625, 1) ), ( (0.3331664502620697, 0.08415307104587555, -0.9391050338745117, 0), (0.5639902353286743, 0.7803881168365479, 0.2700173854827881, 0), (0.7555893063545227, -0.6196070313453674, 0.21253743767738342, 0), (4.8386077880859375, 3.199249267578125, -2.6645143032073975, 1) ), ( (0.9854847192764282, 0.1672705113887787, -0.02899005264043808, 0), (-0.06196657940745354, 0.5134167075157166, 0.8558990955352783, 0), (0.15805083513259888, -0.8416789770126343, 0.5163293480873108, 0), (11.307914733886719, 0.000004887580871582031, 0.000030517578125, 1) ), ( (0.9888946413993835, -0.02891671285033226, 0.1457778960466385, 0), (0.053937528282403946, 0.9838401675224304, -0.17073184251785278, 0), (-0.13848528265953064, 0.176698699593544, 0.9744738936424255, 0), (10.717998504638672, 0.0000152587890625, -0.00002288818359375, 1) ), ( (0.992771565914154, 0.008261971175670624, -0.11973381042480469, 0), (0.012680819258093834, 0.984822690486908, 0.17309841513633728, 0), (0.11934688687324524, -0.17336547374725342, 0.9775996804237366, 0), (11.040802001953125, 0.0000152587890625, 0, 1.0000001192092896) ), ( (0.9994065165519714, -0.0020498556550592184, -0.03438243642449379, 0), (0.0019189143786206841, -0.9933634400367737, 0.11499934643507004, 0), (-0.03438996523618698, -0.11499705910682678, -0.9927698373794556, 0), (14.434158325195312, 13.306442260742188, -1.7259116172790527, 1) ), ( (1, -4.1445272103146635e-8, 4.3988240605585816e-8, 0), (3.3116574371661045e-8, 1.0000001192092896, 4.552367371957189e-9, 0), (-2.7642276023698287e-8, 5.708846728680328e-9, 0.9999998807907104, 0), (18.57994842529297, -0.000009059906005859375, -0.0000152587890625, 1) ), ( (1, -4.1445272103146635e-8, 4.3988240605585816e-8, 0), (3.3116574371661045e-8, 1.0000001192092896, 4.552367371957189e-9, 0), (-2.7642276023698287e-8, 5.708846728680328e-9, 0.9999998807907104, 0), (42.48348617553711, -0.00000762939453125, -0.0000152587890625, 1) ), ( (1, -4.1445272103146635e-8, 4.3988240605585816e-8, 0), (3.3116574371661045e-8, 1.0000001192092896, 4.552367371957189e-9, 0), (-2.7642276023698287e-8, 5.708846728680328e-9, 0.9999998807907104, 0), (67.44078063964844, -0.00000762939453125, -0.000030517578125, 1) ), ( (0.9670649170875549, 0.25453051924705505, 0.000007396138244075701, 0), (-0.25453048944473267, 0.9670649170875549, 5.422376148089825e-8, 0), (-0.000007138742148526944, -0.000001934991587404511, 1, 0), (23.80457305908203, -3.957826614379883, 5.960464477539063e-8, 1) ), ( (0.9999998807907104, 4.540176234968385e-9, -5.423738258514277e-8, 0), (1.3349819028007914e-9, 0.9999998211860657, 2.628631818879512e-7, 0), (5.4236824809095197e-8, -2.628552238093107e-7, 1, 0), (13.724868774414062, -0.000003814697265625, 5.960464477539063e-8, 1) ), ( (0.9999998807907104, 4.540176234968385e-9, -5.4236473090440995e-8, 0), (1.3349819028007914e-9, 0.9999998211860657, 0.0000018204019625045476, 0), (5.4236952706787633e-8, -0.0000018203863874077797, 1, 0), (21.558120727539062, 0, 5.960464477539063e-8, 1) ), ( (0.9720399975776672, -0.23481518030166626, 0.0000033379153592250077, 0), (0.23481515049934387, 0.9720398783683777, 0.000002794751708279364, 0), (-0.000003900835963577265, -0.000001932799705173238, 1, 0), (21.558120727539062, 0, 5.960464477539063e-8, 1) ), ( (-0.0017046896973624825, -0.07132773101329803, 0.9974508881568909, 0), (0.9997135400772095, -0.023904185742139816, -2.682198783077183e-7, 0), (0.02384382113814354, 0.9971659779548645, 0.07134866714477539, 0), (15.905563354492188, 16.442991256713867, -2.9802322387695312e-8, 1) ), ( (-1.130889604183949e-9, 0.0698605552315712, 0.9975569844245911, 0), (0.9997273683547974, -0.02330181747674942, 0.0016315877437591553, 0), (0.023358533158898354, 0.9972848892211914, -0.06984186172485352, 0), (15.90557861328125, 16.442991256713867, -8.97912311553955, 1) ), ( (1, -2.1670700789400144e-9, 7.11656866769772e-9, 0), (-4.566436118125239e-10, 1, -5.764179356049226e-9, 0), (-1.3565596646003542e-8, 3.25754676566703e-8, 0.9999999403953552, 0), (-9.5367431640625e-7, 0, -0.0000057220458984375, 1) ), ( (-2.344711873547567e-7, -0.06986261904239655, 0.9975566267967224, 0), (0.9997272491455078, -0.023301366716623306, -0.0016315877437591553, 0), (0.02335827238857746, 0.997284471988678, 0.06984353065490723, 0), (15.90557861328125, 16.442991256713867, 8.978874206542969, 1) ), ( (0.9999998211860657, 9.77287473169497e-10, 1.3145126764868564e-8, 0), (-2.1523676174695083e-9, 0.9999998211860657, 3.1711394399280834e-8, 0), (-5.2695994234852606e-9, 1.8116786293376208e-8, 0.9999999403953552, 0), (-4.76837158203125e-7, 0.0000152587890625, 0, 1) ), ( (-0.0000072315642682951875, 1.31687077908893e-10, 1, 0), (0.9932345151901245, -0.11612565070390701, 0.000007182656190707348, 0), (0.11612563580274582, 0.9932345151901245, 8.397678925575747e-7, 0), (13.827865600585938, -0.000002384185791015625, 0, 1) ), ( (0.1705096811056137, 0.2597329914569855, 0.9505079984664917, 0), (0.03409631550312042, -0.9656116366386414, 0.2577437162399292, 0), (0.9847661256790161, -0.011538981460034847, -0.17350193858146667, 0), (18.781654357910156, 1.170931339263916, -9.123541831970215, 1) ), ( (0.9566004276275635, 0.25720104575157166, -0.13697710633277893, 0), (-0.255647748708725, 0.9663311243057251, 0.02911868318915367, 0), (0.1398545801639557, 0.007162876892834902, 0.9901459813117981, 0), (-32.6728515625, 0.00001919269561767578, 0.000213623046875, 1) ), ( (0.9999532699584961, -0.009674547240138054, 1.4597064890153888e-8, 0), (0.009674525819718838, 0.9999532103538513, 4.7068397179828025e-8, 0), (1.8976166415995976e-8, -2.093901940725118e-8, 1, 0), (-67.44021606445312, 0.0000476837158203125, 0.0008392333984375, 0.9999998807907104) ), ( (1, -5.692638538334904e-8, 6.719081824257955e-8, 0), (5.6044822116518844e-8, 1.0000001192092896, 3.2413048245416576e-8, 0), (-1.0042470677262827e-7, -1.4742596476935432e-8, 1, 0), (0, -0.00000286102294921875, -0.000030517578125, 1.0000001192092896) ), ( (1, -5.692638538334904e-8, 6.719081824257955e-8, 0), (5.6044822116518844e-8, 1.0000001192092896, 3.2413048245416576e-8, 0), (-1.0042470677262827e-7, -1.4742596476935432e-8, 1, 0), (-17.133148193359375, 0.000019073486328125, -0.000701904296875, 1.0000001192092896) ), ( (1, -5.692638538334904e-8, 6.719081824257955e-8, 0), (5.6044822116518844e-8, 1.0000001192092896, 3.2413048245416576e-8, 0), (-1.0042470677262827e-7, -1.4742596476935432e-8, 1, 0), (-36.394142150878906, -0.000021457672119140625, 0.00006103515625, 1.0000001192092896) ), ( (1, -5.692638538334904e-8, 6.719081824257955e-8, 0), (5.6044822116518844e-8, 1.0000001192092896, 3.2413048245416576e-8, 0), (-1.0042470677262827e-7, -1.4742596476935432e-8, 1, 0), (-63.34326934814453, -0.000017642974853515625, -0.0001983642578125, 1.0000001192092896) ), ( (0.9991080164909363, -0.023667676374316216, -0.03497236222028732, 0), (0.034962523728609085, -0.0008279079920612276, 0.9993884563446045, 0), (-0.023682154715061188, -0.9997197389602661, 3.3797564924498147e-7, 0), (-63.34326934814453, -0.000017642974853515625, -0.0001983642578125, 1.0000001192092896) ), ( (0.9791544079780579, 0.11641572415828705, -0.1664460301399231, 0), (-0.11924468725919724, 0.9928398132324219, -0.007070070132613182, 0), (0.16443122923374176, 0.02677050046622753, 0.9860252737998962, 0), (-8.572158813476562, -1.9641036987304688, 3.6417975425720215, 1) ), ( (0.9645692706108093, 0.0024105834309011698, -0.26381900906562805, 0), (0.02987719140946865, 0.9925273656845093, 0.11830534785985947, 0), (0.26213276386260986, -0.12199578434228897, 0.9572895169258118, 0), (-20.54254150390625, 1.6526336669921875, -0.25093841552734375, 1) ), ( (0.9998496770858765, 0.010374193079769611, 0.013879293575882912, 0), (-0.009642651304602623, 0.9986120462417603, -0.051780715584754944, 0), (-0.01439707912504673, 0.05163905397057533, 0.9985620975494385, 0), (-12.0830078125, 0.0001373291015625, 0.00000762939453125, 0.9999999403953552) ), ( (0.9885417222976685, -0.14003047347068787, 0.05636489391326904, 0), (0.14177685976028442, 0.9894954562187195, -0.028256414458155632, 0), (-0.05181623995304108, 0.03592388704419136, 0.9980103373527527, 0), (-8.64837646484375, -0.0001373291015625, 0.000030517578125, 1.0000001192092896) ), ( (0.9952198266983032, 0.09653500467538834, -0.014802747406065464, 0), (-0.09654591977596283, 0.9953285455703735, -0.000021938647478236817, 0), (0.014731509611010551, 0.0014510005712509155, 0.9998906850814819, 0), (-9.004989624023438, -1.3593673706054688, 0.6524859666824341, 1) ), ( (0.9960259199142456, 0.060738593339920044, 0.06513559818267822, 0), (-0.05549225956201553, 0.995286226272583, -0.07953419536352158, 0), (-0.06965938210487366, 0.07560363411903381, 0.9947015643119812, 0), (-19.821441650390625, 1.8643798828125, -0.4109227657318115, 1) ), ( (0.9987381100654602, 0.04964708164334297, 0.007588240318000317, 0), (-0.04946216568350792, 0.9985138177871704, -0.022876322269439697, 0), (-0.008712698705494404, 0.02247210033237934, 0.9997094869613647, 0), (-13.3433837890625, -0.000091552734375, 0.0000057220458984375, 1) ), ( (0.9831631779670715, -0.182082399725914, 0.01537658367305994, 0), (0.18270912766456604, 0.9808487892150879, -0.06748504191637039, 0), (-0.002794283675029874, 0.06915827840566635, 0.9976018071174622, 0), (-9.466812133789062, 0, 0.000003814697265625, 1) ), ( (1.000000238418579, -2.2357457396537939e-7, -1.630458612567054e-8, 0), (2.5577190854164655e-7, 1, 0.000022929973056307063, 0), (3.5769812001262835e-8, -0.000022906706362846307, 1.0000001192092896, 0), (0.2145843505859375, -0.28936004638671875, 0.025163769721984863, 1) ), ( (0.9599377512931824, 0.09357527643442154, 0.2641282379627228, 0), (0.02265385165810585, 0.9135923385620117, -0.40599972009658813, 0), (-0.2792970538139343, 0.39571771025657654, 0.8748718500137329, 0), (-8.376235961914062, -2.664825439453125, -5.77296257019043, 1) ), ( (0.7795442342758179, -0.06860863417387009, 0.6225780248641968, 0), (-0.07564325630664825, 0.9763949513435364, 0.20231451094150543, 0), (-0.6217623949050903, -0.20480689406394958, 0.755953311920166, 0), (-16.551406860351562, -0.000213623046875, 0.00057220458984375, 1) ), ( (0.9960556626319885, -0.019882485270500183, 0.08647333085536957, 0), (0.026346011087298393, 0.9968908429145813, -0.07425966113805771, 0), (-0.0847279354929924, 0.07624496519565582, 0.9934827089309692, 0), (-10.266090393066406, -0.0000762939453125, -0.00006103515625, 1.0000001192092896) ), ( (0.9941388368606567, -0.04515666514635086, -0.0982276126742363, 0), (0.04529684782028198, 0.9989733099937439, -0.0008043184061534703, 0), (0.09816305339336395, -0.0036497837863862514, 0.99516361951828, 0), (-7.641761779785156, -0.00008392333984375, -0.0000457763671875, 0.9999998211860657) ), ( (0.9845128059387207, 0.12775510549545288, 0.12005755305290222, 0), (-0.12940289080142975, 0.9915738105773926, 0.005998103879392147, 0), (-0.11827964335680008, -0.021440938115119934, 0.9927490949630737, 0), (-8.902435302734375, -1.7848739624023438, -2.394709825515747, 1) ), ( (0.9281283617019653, 0.07282809168100357, 0.3650658130645752, 0), (-0.043561819940805435, 0.9951868057250977, -0.08778270334005356, 0), (-0.36970147490501404, 0.06557060033082962, 0.9268335103988647, 0), (-18.338897705078125, 1.5518035888671875, -0.3990755081176758, 1) ), ( (0.9978949427604675, 0.06483329832553864, 0.001593219581991434, 0), (-0.06457865983247757, 0.9956310987472534, -0.06743914633989334, 0), (-0.005958795081824064, 0.06719432026147842, 0.9977223873138428, 0), (-12.3524169921875, 0.0000457763671875, -0.00002288818359375, 1) ), ( (0.9971775412559509, -0.04747624695301056, -0.05816436931490898, 0), (0.04707511514425278, 0.9988573789596558, -0.008250194601714611, 0), (0.058489758521318436, 0.0054887933656573296, 0.9982728362083435, 0), (-9.220535278320312, 0.0000152587890625, 0, 1) ), ( (0.3331664502620697, 0.08415305614471436, -0.9391055107116699, 0), (0.5639904141426086, 0.7803878784179688, 0.2700175642967224, 0), (0.7555896639823914, -0.6196068525314331, 0.21253755688667297, 0), (-4.839263916015625, -3.1996307373046875, 2.6644840240478516, 1) ), ( (0.9854844212532043, 0.16727066040039062, -0.02898993529379368, 0), (-0.06196635961532593, 0.513416588306427, 0.8558987975120544, 0), (0.15805046260356903, -0.8416793942451477, 0.5163296461105347, 0), (-11.307994842529297, -0.00011539459228515625, 0.000152587890625, 1) ), ( (0.988895058631897, -0.028916900977492332, 0.14577797055244446, 0), (0.05393717810511589, 0.9838401675224304, -0.17073175311088562, 0), (-0.13848499953746796, 0.1766986846923828, 0.9744735956192017, 0), (-10.717964172363281, 0, -0.00000762939453125, 1) ), ( (0.992771327495575, 0.008261993527412415, -0.11973388493061066, 0), (0.012680938467383385, 0.9848227500915527, 0.1730983853340149, 0), (0.1193467453122139, -0.1733655333518982, 0.977599561214447, 0), (-11.040847778320312, -0.000091552734375, -0.00018310546875, 1) ), ( (0.9994091391563416, -0.0020759759936481714, -0.03431310877203941, 0), (-0.0018849332118406892, 0.9933633804321289, -0.11500075459480286, 0), (0.03432423621416092, 0.11499742418527603, 0.9927728772163391, 0), (-14.4346923828125, -13.479019165039062, 1.7458667755126953, 1) ), ( (1.0000001192092896, 1.1087506912588196e-8, 6.745250580308948e-9, 0), (-2.1325849530740015e-8, 1.0000001192092896, 3.559040706591077e-8, 0), (3.383864566330885e-8, -1.3536878284980958e-8, 1, 0), (-18.579219818115234, 0.00003814697265625, 0.0007171630859375, 0.9999998807907104) ), ( (1.0000001192092896, 1.1087506912588196e-8, 6.745250580308948e-9, 0), (-2.1325849530740015e-8, 1.0000001192092896, 3.559040706591077e-8, 0), (3.383864566330885e-8, -1.3536878284980958e-8, 1, 0), (-42.48363494873047, 0.000010013580322265625, 0.0001220703125, 0.9999998807907104) ), ( (1.0000001192092896, 1.1087506912588196e-8, 6.745250580308948e-9, 0), (-2.1325849530740015e-8, 1.0000001192092896, 3.559040706591077e-8, 0), (3.383864566330885e-8, -1.3536878284980958e-8, 1, 0), (-67.44021606445312, 0.0000476837158203125, 0.0008392333984375, 0.9999998807907104) ), ( (-0.000017172855223179795, 1.3549186772543464e-10, 1, 0), (0.9953904747962952, -0.09590691328048706, 0.0000170937037182739, 0), (0.09590694308280945, 0.9953904151916504, 0.0000016469857655465603, 0), (-0.00000762939453125, -63.05656433105469, -5.960464477539063e-8, 1) ), ( (-0.9987008571624756, 0.050840795040130615, 0.0034861359745264053, 0), (-0.050840482115745544, -0.9987069368362427, 0.00017746743105817586, 0), (0.0034906500950455666, -1.8189894035458565e-12, 0.9999939203262329, 0), (-16.153213500976562, -2.212026596069336, 42.04134750366211, 1) ), ( (0.9977914690971375, 0.06642451137304306, 1.2431670137758033e-9, 0), (-0.06642451882362366, 0.9977915287017822, -1.7968318499761438e-10, 0), (-1.2843034413734244e-9, 6.600916341303886e-11, 1, 0), (38.90705108642578, -0.0000019073486328125, 0.000003814697265625, 1) ), ( (0.9943382740020752, -0.061354756355285645, 0.08675752580165863, 0), (-0.07763691246509552, -0.9769361019134521, 0.1989184468984604, 0), (0.07255196571350098, -0.2045278251171112, -0.9761683940887451, 0), (28.044771194458008, 0.00000476837158203125, -0.00000762939453125, 1) ), ( (-0.00007484641537303105, 0.9999997615814209, -0.0000010364577747168369, 0), (0.9999998807907104, 0.00007485629612347111, 4.191478719661745e-9, 0), (1.4732610686962744e-8, -0.0000010317893384126364, -0.9999998807907104, 0), (6.906579494476318, 21.7431583404541, -0.000011444091796875, 1) ), ( (1.000000238418579, -1.2872602539459876e-8, 0.0000010367941740696551, 0), (7.923907752171999e-9, 1.0000001192092896, -2.925353328464553e-7, 0), (-9.963193861040054e-7, 2.983077536100609e-7, 1.0000001192092896, 0), (4.906219482421875, -0.000014781951904296875, -0.00000762939453125, 1) ), ( (0.9999973177909851, -0.0023440944496542215, 0.0000024013274924072903, 0), (0.0023441019002348185, 0.9999971389770508, 4.383612122182967e-7, 0), (-0.000002391571797488723, -4.391815764392959e-7, 0.9999998807907104, 0), (-0.000015020370483398438, -0.0000019073486328125, -0.00000762939453125, 1) ), ( (0.07774119824171066, -0.02469414286315441, -0.9966674447059631, 0), (-0.9948695302009583, 0.06298910081386566, -0.07916159927845001, 0), (0.0647340714931488, 0.9977081418037415, -0.01967070996761322, 0), (4.638041019439697, 10.796566009521484, 0.09425735473632812, 1) ), ( (0.9999957084655762, -0.002923768013715744, -0.0000012605041774804704, 0), (0.0029237819835543633, 0.9999956488609314, 6.379506771736487e-7, 0), (0.000001258682573279657, -6.416389055630134e-7, 1, 0), (-0.001056671142578125, 0.0000133514404296875, 0.000011444091796875, 1) ), ( (1, -1.1312146774855592e-9, -0.0000015372989992101793, 0), (-9.628065100741878e-8, 0.9978156685829163, -0.06605872511863708, 0), (0.0000015349132809205912, 0.06605871021747589, 0.997815728187561, 0), (14.579681396484375, 0.05037498474121094, 0.06264495849609375, 1) ), ( (1, -1.1312146774855592e-9, -0.000004035106030642055, 0), (-5.234743980508938e-7, 0.9912725687026978, -0.13182887434959412, 0), (0.000004000008630100638, 0.13182887434959412, 0.9912726283073425, 0), (21.31221580505371, 0.05037689208984375, 0.06264495849609375, 1) ), ( (1, -1.1312146774855592e-9, -0.000004817416993319057, 0), (-9.516170393908396e-7, 0.9800021648406982, -0.19898667931556702, 0), (0.000004722358426079154, 0.19898664951324463, 0.980002224445343, 0), (28.044757843017578, 0.05038261413574219, 0.06264877319335938, 1) ), ( (1, -2.403280685570053e-9, -0.0000011501409744596458, 0), (1.0725655918975008e-9, 1, 4.2650862042137305e-7, 0), (0.000001150143361883238, -4.2654639287320606e-7, 1, 0), (4.32220458984375, -0.055739402770996094, 0.12532424926757812, 1) ), ( (1, -2.403280685570053e-9, -0.0000029999803246028023, 0), (-2.6527247065644133e-9, 1, -2.3463243500887465e-11, 0), (0.000003000031028932426, -1.0368118689985106e-11, 1, 0), (17.768943786621094, -0.05573844909667969, 0.12533187866210938, 1) ), ( (1, -2.403280685570053e-9, -0.000002690082737899502, 0), (1.0725655918975008e-9, 1, 0.0000012722932751785265, 0), (0.0000026902853278443217, -0.000001272307372346404, 1, 0), (35.716068267822266, -0.027876853942871094, 0.06266021728515625, 1) ), ( (0.9987006783485413, -0.050840795040130615, 0.0034861359745264053, 0), (0.050840482115745544, 0.9987067580223083, 0.0001774674019543454, 0), (-0.0034906500950455666, 0, 0.9999939203262329, 0), (-16.15325164794922, -2.2120256423950195, -42.041343688964844, 1) ), ( (0.9977914690971375, 0.06642451137304306, 1.6168082428436037e-9, 0), (-0.06642451137304306, 0.9977914690971375, -1.5058262969880332e-10, 0), (-1.308020247670072e-9, 6.185683215642612e-11, 1, 0), (-38.90702819824219, 0, -0.00000762939453125, 1) ), ( (0.99433833360672, -0.061354756355285645, 0.08675752580165863, 0), (-0.07763690501451492, -0.9769361019134521, 0.19891846179962158, 0), (0.07255196571350098, -0.2045278251171112, -0.9761683940887451, 0), (-28.04474639892578, -0.0000057220458984375, 0.000003814697265625, 1) ), ( (-0.00007484517118427902, 0.9999998807907104, -0.0000010263282774758409, 0), (0.9999998807907104, 0.00007486775575671345, -6.879151914773729e-9, 0), (9.589689042854843e-9, -0.0000010194239621341694, -1, 0), (-6.906570911407471, -21.74317169189453, 0.00000762939453125, 1) ), ( (1, -1.0273996764453841e-8, -9.396216249513145e-9, 0), (-7.228280196613923e-9, 1.0000001192092896, 3.473766980732762e-7, 0), (1.1393490595423827e-8, -3.6764379274245584e-7, 0.9999999403953552, 0), (-4.906147003173828, -0.00002384185791015625, 0.000003814697265625, 1) ), ( (0.9999972581863403, -0.0023440872319042683, 0.0000023921152205730323, 0), (0.0023440849035978317, 0.9999971985816956, 4.451175925623829e-7, 0), (-0.000002385502057222766, -4.5155726979828614e-7, 0.9999999403953552, 0), (0.00001539289951324463, -0.000003814697265625, 0, 1) ), ( (0.07773797959089279, -0.024693233892321587, -0.9966678619384766, 0), (0.9948698878288269, -0.06298845261335373, 0.07915833592414856, 0), (-0.06473326683044434, -0.9977085590362549, 0.019669966772198677, 0), (-4.6379194259643555, -10.796585083007812, -0.09424972534179688, 1) ), ( (0.9999957084655762, -0.0029237649869173765, -0.0000012612817954504862, 0), (0.0029237717390060425, 0.9999957084655762, 6.383659183484269e-7, 0), (0.000001258751581190154, -6.420462455025699e-7, 1, 0), (0.00103759765625, -0.0000133514404296875, -0.000011444091796875, 1) ), ( (1, 7.633815801710853e-10, 2.0845523085455397e-9, 0), (5.653821411044646e-9, 0.997815728187561, -0.06605872511863708, 0), (-2.4455253377908548e-9, 0.06605872511863708, 0.997815728187561, 0), (-14.579645156860352, -0.05037498474121094, -0.062652587890625, 1) ), ( (1, -6.6862817504897976e-9, -4.764633687592834e-10, 0), (1.29020305550398e-9, 0.991272509098053, -0.13182887434959412, 0), (-2.7293894921953665e-10, 0.1318288892507553, 0.991272509098053, 0), (-21.31218147277832, -0.05037689208984375, -0.062652587890625, 1) ), ( (1, -6.6862817504897976e-9, 2.0846737669444337e-9, 0), (-1.5620725823950465e-9, 0.9800021648406982, -0.1989866942167282, 0), (-2.3396728998648086e-9, 0.1989867091178894, 0.9800021648406982, 0), (-28.044763565063477, -0.05038166046142578, -0.06264114379882812, 1) ), ( (1, -8.592886402425393e-10, 8.628204400951134e-11, 0), (2.861199943637871e-9, 1, 4.2672400013543665e-7, 0), (9.926227895196149e-11, -4.2671294409046823e-7, 1, 0), (-4.3222503662109375, 0.05573844909667969, -0.12532424926757812, 1) ), ( (1, -8.592886402425393e-10, 8.628204400951134e-11, 0), (-8.640903548240431e-10, 1, 1.8177643418271217e-11, 0), (9.4438373787753e-11, -1.0717518886260713e-11, 1, 0), (-17.768970489501953, 0.05573844909667969, -0.12532424926757812, 1) ), ( (1, -8.592886402425393e-10, 8.628204400951134e-11, 0), (2.861199943637871e-9, 1, 0.0000012723921827273443, 0), (-5.087060633846008e-11, -0.0000012723857025775942, 1, 0), (-35.716064453125, 0.02787494659423828, -0.06266403198242188, 1) ), ( (-0.0000016675807046340196, 0.00001598699418536853, 1, 0), (1, -0.00008440017700195312, 0.0000016689300537109375, 0), (0.00008440020610578358, 1, -0.000015986714061000384, 0), (0, 29.78952407836914, 27.476167678833008, 1) ), ( (-0.0000016675807046340196, 0.00001598699418536853, 1, 0), (1, -0.00008440017700195312, 0.0000016689300537109375, 0), (0.00008440020610578358, 1, -0.000015986714061000384, 0), (0.00041961669921875, -74.52801513671875, 45.004241943359375, 1) ), ( (-0.0000016675807046340196, 0.00001598699418536853, 1, 0), (1, -0.00008440017700195312, 0.0000016689300537109375, 0), (0.00008440020610578358, 1, -0.000015986714061000384, 0), (0, 30.116619110107422, -27.777864456176758, 1) ), ( (-0.0000016675807046340196, 0.00001598699418536853, 1, 0), (1, -0.00008440017700195312, 0.0000016689300537109375, 0), (0.00008440020610578358, 1, -0.000015986714061000384, 0), (0.00048828125, -74.52946472167969, -45.38890075683594, 1) )]
        rel skel:animationSource = </SkelRoot/Skeleton/Animation>

        def SkelAnimation "Animation"
        {
            uniform token[] joints = ["root_joint", "root_joint/pelvis_joint", "root_joint/pelvis_joint/spineLower_joint", "root_joint/pelvis_joint/spineLower_joint/spineMiddle_joint", "root_joint/pelvis_joint/spineLower_joint/spineMiddle_joint/spineUpper_joint", "root_joint/pelvis_joint/spineLower_joint/spineMiddle_joint/spineUpper_joint/chest_joint", "root_joint/pelvis_joint/spineLower_joint/spineMiddle_joint/spineUpper_joint/chest_joint/clavicle_left_joint", "root_joint/pelvis_joint/spineLower_joint/spineMiddle_joint/spineUpper_joint/chest_joint/clavicle_left_joint/shoulder_left_joint", "root_joint/pelvis_joint/spineLower_joint/spineMiddle_joint/spineUpper_joint/chest_joint/clavicle_left_joint/shoulder_left_joint/elbow_left_joint", "root_joint/pelvis_joint/spineLower_joint/spineMiddle_joint/spineUpper_joint/chest_joint/clavicle_left_joint/shoulder_left_joint/elbow_left_joint/elbow_partial_left_joint", "root_joint/pelvis_joint/spineLower_joint/spineMiddle_joint/spineUpper_joint/chest_joint/clavicle_left_joint/shoulder_left_joint/elbow_left_joint/armLower_twist_01_left_joint", "root_joint/pelvis_joint/spineLower_joint/spineMiddle_joint/spineUpper_joint/chest_joint/clavicle_left_joint/shoulder_left_joint/elbow_left_joint/armLower_twist_02_left_joint", "root_joint/pelvis_joint/spineLower_joint/spineMiddle_joint/spineUpper_joint/chest_joint/clavicle_left_joint/shoulder_left_joint/elbow_left_joint/armLower_twist_03_left_joint", "root_joint/pelvis_joint/spineLower_joint/spineMiddle_joint/spineUpper_joint/chest_joint/clavicle_left_joint/shoulder_left_joint/elbow_left_joint/handWrist_left_joint", "root_joint/pelvis_joint/spineLower_joint/spineMiddle_joint/spineUpper_joint/chest_joint/clavicle_left_joint/shoulder_left_joint/elbow_left_joint/handWrist_left_joint/handIndexMeta_left_joint", "root_joint/pelvis_joint/spineLower_joint/spineMiddle_joint/spineUpper_joint/chest_joint/clavicle_left_joint/shoulder_left_joint/elbow_left_joint/handWrist_left_joint/handIndexMeta_left_joint/handIndex_00_left_joint", "root_joint/pelvis_joint/spineLower_joint/spineMiddle_joint/spineUpper_joint/chest_joint/clavicle_left_joint/shoulder_left_joint/elbow_left_joint/handWrist_left_joint/handIndexMeta_left_joint/handIndex_00_left_joint/handIndex_01_left_joint", "root_joint/pelvis_joint/spineLower_joint/spineMiddle_joint/spineUpper_joint/chest_joint/clavicle_left_joint/shoulder_left_joint/elbow_left_joint/handWrist_left_joint/handIndexMeta_left_joint/handIndex_00_left_joint/handIndex_01_left_joint/handIndex_02_left_joint", "root_joint/pelvis_joint/spineLower_joint/spineMiddle_joint/spineUpper_joint/chest_joint/clavicle_left_joint/shoulder_left_joint/elbow_left_joint/handWrist_left_joint/handMiddleMeta_left_joint", "root_joint/pelvis_joint/spineLower_joint/spineMiddle_joint/spineUpper_joint/chest_joint/clavicle_left_joint/shoulder_left_joint/elbow_left_joint/handWrist_left_joint/handMiddleMeta_left_joint/handMiddle_00_left_joint", "root_joint/pelvis_joint/spineLower_joint/spineMiddle_joint/spineUpper_joint/chest_joint/clavicle_left_joint/shoulder_left_joint/elbow_left_joint/handWrist_left_joint/handMiddleMeta_left_joint/handMiddle_00_left_joint/handMiddle_01_left_joint", "root_joint/pelvis_joint/spineLower_joint/spineMiddle_joint/spineUpper_joint/chest_joint/clavicle_left_joint/shoulder_left_joint/elbow_left_joint/handWrist_left_joint/handMiddleMeta_left_joint/handMiddle_00_left_joint/handMiddle_01_left_joint/handMiddle_02_left_joint", "root_joint/pelvis_joint/spineLower_joint/spineMiddle_joint/spineUpper_joint/chest_joint/clavicle_left_joint/shoulder_left_joint/elbow_left_joint/handWrist_left_joint/handWrist_partial_left_joint", "root_joint/pelvis_joint/spineLower_joint/spineMiddle_joint/spineUpper_joint/chest_joint/clavicle_left_joint/shoulder_left_joint/elbow_left_joint/handWrist_left_joint/handPinkyMeta_left_joint", "root_joint/pelvis_joint/spineLower_joint/spineMiddle_joint/spineUpper_joint/chest_joint/clavicle_left_joint/shoulder_left_joint/elbow_left_joint/handWrist_left_joint/handPinkyMeta_left_joint/handPinky_00_left_joint", "root_joint/pelvis_joint/spineLower_joint/spineMiddle_joint/spineUpper_joint/chest_joint/clavicle_left_joint/shoulder_left_joint/elbow_left_joint/handWrist_left_joint/handPinkyMeta_left_joint/handPinky_00_left_joint/handPinky_01_left_joint", "root_joint/pelvis_joint/spineLower_joint/spineMiddle_joint/spineUpper_joint/chest_joint/clavicle_left_joint/shoulder_left_joint/elbow_left_joint/handWrist_left_joint/handPinkyMeta_left_joint/handPinky_00_left_joint/handPinky_01_left_joint/handPinky_02_left_joint", "root_joint/pelvis_joint/spineLower_joint/spineMiddle_joint/spineUpper_joint/chest_joint/clavicle_left_joint/shoulder_left_joint/elbow_left_joint/handWrist_left_joint/handRingMeta_left_joint", "root_joint/pelvis_joint/spineLower_joint/spineMiddle_joint/spineUpper_joint/chest_joint/clavicle_left_joint/shoulder_left_joint/elbow_left_joint/handWrist_left_joint/handRingMeta_left_joint/handRing_00_left_joint", "root_joint/pelvis_joint/spineLower_joint/spineMiddle_joint/spineUpper_joint/chest_joint/clavicle_left_joint/shoulder_left_joint/elbow_left_joint/handWrist_left_joint/handRingMeta_left_joint/handRing_00_left_joint/handRing_01_left_joint", "root_joint/pelvis_joint/spineLower_joint/spineMiddle_joint/spineUpper_joint/chest_joint/clavicle_left_joint/shoulder_left_joint/elbow_left_joint/handWrist_left_joint/handRingMeta_left_joint/handRing_00_left_joint/handRing_01_left_joint/handRing_02_left_joint", "root_joint/pelvis_joint/spineLower_joint/spineMiddle_joint/spineUpper_joint/chest_joint/clavicle_left_joint/shoulder_left_joint/elbow_left_joint/handWrist_left_joint/handThumbMeta_left_joint", "root_joint/pelvis_joint/spineLower_joint/spineMiddle_joint/spineUpper_joint/chest_joint/clavicle_left_joint/shoulder_left_joint/elbow_left_joint/handWrist_left_joint/handThumbMeta_left_joint/handThumb_00_left_joint", "root_joint/pelvis_joint/spineLower_joint/spineMiddle_joint/spineUpper_joint/chest_joint/clavicle_left_joint/shoulder_left_joint/elbow_left_joint/handWrist_left_joint/handThumbMeta_left_joint/handThumb_00_left_joint/handThumb_01_left_joint", "root_joint/pelvis_joint/spineLower_joint/spineMiddle_joint/spineUpper_joint/chest_joint/clavicle_left_joint/shoulder_left_joint/elbow_left_joint/handWrist_left_joint/handThumbMeta_left_joint/handThumb_00_left_joint/handThumb_01_left_joint/handThumb_02_left_joint", "root_joint/pelvis_joint/spineLower_joint/spineMiddle_joint/spineUpper_joint/chest_joint/clavicle_left_joint/shoulder_left_joint/elbow_left_joint/handWrist_left_joint/hand_l_socket", "root_joint/pelvis_joint/spineLower_joint/spineMiddle_joint/spineUpper_joint/chest_joint/clavicle_left_joint/shoulder_left_joint/armUpper_twist_01_left_joint", "root_joint/pelvis_joint/spineLower_joint/spineMiddle_joint/spineUpper_joint/chest_joint/clavicle_left_joint/shoulder_left_joint/armUpper_twist_02_left_joint", "root_joint/pelvis_joint/spineLower_joint/spineMiddle_joint/spineUpper_joint/chest_joint/clavicle_left_joint/shoulder_left_joint/armUpper_twist_03_left_joint", "root_joint/pelvis_joint/spineLower_joint/spineMiddle_joint/spineUpper_joint/chest_joint/neck_joint", "root_joint/pelvis_joint/spineLower_joint/spineMiddle_joint/spineUpper_joint/chest_joint/neck_joint/neck_twist_01_joint", "root_joint/pelvis_joint/spineLower_joint/spineMiddle_joint/spineUpper_joint/chest_joint/neck_joint/neck_twist_02_joint", "root_joint/pelvis_joint/spineLower_joint/spineMiddle_joint/spineUpper_joint/chest_joint/neck_joint/head_joint", "root_joint/pelvis_joint/spineLower_joint/spineMiddle_joint/spineUpper_joint/chest_joint/neck_joint/head_joint/head_tracker_target", "root_joint/pelvis_joint/spineLower_joint/spineMiddle_joint/spineUpper_joint/chest_joint/neck_joint/head_joint/eye_offset_right_joint", "root_joint/pelvis_joint/spineLower_joint/spineMiddle_joint/spineUpper_joint/chest_joint/neck_joint/head_joint/eye_offset_right_joint/eye_right_joint", "root_joint/pelvis_joint/spineLower_joint/spineMiddle_joint/spineUpper_joint/chest_joint/neck_joint/head_joint/eye_offset_left_joint", "root_joint/pelvis_joint/spineLower_joint/spineMiddle_joint/spineUpper_joint/chest_joint/neck_joint/head_joint/eye_offset_left_joint/eye_left_joint", "root_joint/pelvis_joint/spineLower_joint/spineMiddle_joint/spineUpper_joint/chest_joint/neck_joint/head_joint/head_socket", "root_joint/pelvis_joint/spineLower_joint/spineMiddle_joint/spineUpper_joint/chest_joint/clavicle_right_joint", "root_joint/pelvis_joint/spineLower_joint/spineMiddle_joint/spineUpper_joint/chest_joint/clavicle_right_joint/shoulder_right_joint", "root_joint/pelvis_joint/spineLower_joint/spineMiddle_joint/spineUpper_joint/chest_joint/clavicle_right_joint/shoulder_right_joint/elbow_right_joint", "root_joint/pelvis_joint/spineLower_joint/spineMiddle_joint/spineUpper_joint/chest_joint/clavicle_right_joint/shoulder_right_joint/elbow_right_joint/elbow_partial_right_joint", "root_joint/pelvis_joint/spineLower_joint/spineMiddle_joint/spineUpper_joint/chest_joint/clavicle_right_joint/shoulder_right_joint/elbow_right_joint/armLower_twist_01_right_joint", "root_joint/pelvis_joint/spineLower_joint/spineMiddle_joint/spineUpper_joint/chest_joint/clavicle_right_joint/shoulder_right_joint/elbow_right_joint/armLower_twist_02_right_joint", "root_joint/pelvis_joint/spineLower_joint/spineMiddle_joint/spineUpper_joint/chest_joint/clavicle_right_joint/shoulder_right_joint/elbow_right_joint/armLower_twist_03_right_joint", "root_joint/pelvis_joint/spineLower_joint/spineMiddle_joint/spineUpper_joint/chest_joint/clavicle_right_joint/shoulder_right_joint/elbow_right_joint/handWrist_right_joint", "root_joint/pelvis_joint/spineLower_joint/spineMiddle_joint/spineUpper_joint/chest_joint/clavicle_right_joint/shoulder_right_joint/elbow_right_joint/handWrist_right_joint/handIndexMeta_right_joint", "root_joint/pelvis_joint/spineLower_joint/spineMiddle_joint/spineUpper_joint/chest_joint/clavicle_right_joint/shoulder_right_joint/elbow_right_joint/handWrist_right_joint/handIndexMeta_right_joint/handIndex_00_right_joint", "root_joint/pelvis_joint/spineLower_joint/spineMiddle_joint/spineUpper_joint/chest_joint/clavicle_right_joint/shoulder_right_joint/elbow_right_joint/handWrist_right_joint/handIndexMeta_right_joint/handIndex_00_right_joint/handIndex_01_right_joint", "root_joint/pelvis_joint/spineLower_joint/spineMiddle_joint/spineUpper_joint/chest_joint/clavicle_right_joint/shoulder_right_joint/elbow_right_joint/handWrist_right_joint/handIndexMeta_right_joint/handIndex_00_right_joint/handIndex_01_right_joint/handIndex_02_right_joint", "root_joint/pelvis_joint/spineLower_joint/spineMiddle_joint/spineUpper_joint/chest_joint/clavicle_right_joint/shoulder_right_joint/elbow_right_joint/handWrist_right_joint/handMiddleMeta_right_joint", "root_joint/pelvis_joint/spineLower_joint/spineMiddle_joint/spineUpper_joint/chest_joint/clavicle_right_joint/shoulder_right_joint/elbow_right_joint/handWrist_right_joint/handMiddleMeta_right_joint/handMiddle_00_right_joint", "root_joint/pelvis_joint/spineLower_joint/spineMiddle_joint/spineUpper_joint/chest_joint/clavicle_right_joint/shoulder_right_joint/elbow_right_joint/handWrist_right_joint/handMiddleMeta_right_joint/handMiddle_00_right_joint/handMiddle_01_right_joint", "root_joint/pelvis_joint/spineLower_joint/spineMiddle_joint/spineUpper_joint/chest_joint/clavicle_right_joint/shoulder_right_joint/elbow_right_joint/handWrist_right_joint/handMiddleMeta_right_joint/handMiddle_00_right_joint/handMiddle_01_right_joint/handMiddle_02_right_joint", "root_joint/pelvis_joint/spineLower_joint/spineMiddle_joint/spineUpper_joint/chest_joint/clavicle_right_joint/shoulder_right_joint/elbow_right_joint/handWrist_right_joint/handWrist_partial_right_joint", "root_joint/pelvis_joint/spineLower_joint/spineMiddle_joint/spineUpper_joint/chest_joint/clavicle_right_joint/shoulder_right_joint/elbow_right_joint/handWrist_right_joint/handPinkyMeta_right_joint", "root_joint/pelvis_joint/spineLower_joint/spineMiddle_joint/spineUpper_joint/chest_joint/clavicle_right_joint/shoulder_right_joint/elbow_right_joint/handWrist_right_joint/handPinkyMeta_right_joint/handPinky_00_right_joint", "root_joint/pelvis_joint/spineLower_joint/spineMiddle_joint/spineUpper_joint/chest_joint/clavicle_right_joint/shoulder_right_joint/elbow_right_joint/handWrist_right_joint/handPinkyMeta_right_joint/handPinky_00_right_joint/handPinky_01_right_joint", "root_joint/pelvis_joint/spineLower_joint/spineMiddle_joint/spineUpper_joint/chest_joint/clavicle_right_joint/shoulder_right_joint/elbow_right_joint/handWrist_right_joint/handPinkyMeta_right_joint/handPinky_00_right_joint/handPinky_01_right_joint/handPinky_02_right_joint", "root_joint/pelvis_joint/spineLower_joint/spineMiddle_joint/spineUpper_joint/chest_joint/clavicle_right_joint/shoulder_right_joint/elbow_right_joint/handWrist_right_joint/handRingMeta_right_joint", "root_joint/pelvis_joint/spineLower_joint/spineMiddle_joint/spineUpper_joint/chest_joint/clavicle_right_joint/shoulder_right_joint/elbow_right_joint/handWrist_right_joint/handRingMeta_right_joint/handRing_00_right_joint", "root_joint/pelvis_joint/spineLower_joint/spineMiddle_joint/spineUpper_joint/chest_joint/clavicle_right_joint/shoulder_right_joint/elbow_right_joint/handWrist_right_joint/handRingMeta_right_joint/handRing_00_right_joint/handRing_01_right_joint", "root_joint/pelvis_joint/spineLower_joint/spineMiddle_joint/spineUpper_joint/chest_joint/clavicle_right_joint/shoulder_right_joint/elbow_right_joint/handWrist_right_joint/handRingMeta_right_joint/handRing_00_right_joint/handRing_01_right_joint/handRing_02_right_joint", "root_joint/pelvis_joint/spineLower_joint/spineMiddle_joint/spineUpper_joint/chest_joint/clavicle_right_joint/shoulder_right_joint/elbow_right_joint/handWrist_right_joint/handThumbMeta_right_joint", "root_joint/pelvis_joint/spineLower_joint/spineMiddle_joint/spineUpper_joint/chest_joint/clavicle_right_joint/shoulder_right_joint/elbow_right_joint/handWrist_right_joint/handThumbMeta_right_joint/handThumb_00_right_joint", "root_joint/pelvis_joint/spineLower_joint/spineMiddle_joint/spineUpper_joint/chest_joint/clavicle_right_joint/shoulder_right_joint/elbow_right_joint/handWrist_right_joint/handThumbMeta_right_joint/handThumb_00_right_joint/handThumb_01_right_joint", "root_joint/pelvis_joint/spineLower_joint/spineMiddle_joint/spineUpper_joint/chest_joint/clavicle_right_joint/shoulder_right_joint/elbow_right_joint/handWrist_right_joint/handThumbMeta_right_joint/handThumb_00_right_joint/handThumb_01_right_joint/handThumb_02_right_joint", "root_joint/pelvis_joint/spineLower_joint/spineMiddle_joint/spineUpper_joint/chest_joint/clavicle_right_joint/shoulder_right_joint/elbow_right_joint/handWrist_right_joint/hand_r_socket", "root_joint/pelvis_joint/spineLower_joint/spineMiddle_joint/spineUpper_joint/chest_joint/clavicle_right_joint/shoulder_right_joint/armUpper_twist_01_right_joint", "root_joint/pelvis_joint/spineLower_joint/spineMiddle_joint/spineUpper_joint/chest_joint/clavicle_right_joint/shoulder_right_joint/armUpper_twist_02_right_joint", "root_joint/pelvis_joint/spineLower_joint/spineMiddle_joint/spineUpper_joint/chest_joint/clavicle_right_joint/shoulder_right_joint/armUpper_twist_03_right_joint", "root_joint/pelvis_joint/spineLower_joint/spineMiddle_joint/spineUpper_joint/chest_joint/back_socket", "root_joint/pelvis_joint/hip_left_joint", "root_joint/pelvis_joint/hip_left_joint/knee_left_joint", "root_joint/pelvis_joint/hip_left_joint/knee_left_joint/footAnkle_left_joint", "root_joint/pelvis_joint/hip_left_joint/knee_left_joint/footAnkle_left_joint/footBall_left_joint", "root_joint/pelvis_joint/hip_left_joint/knee_left_joint/footAnkle_left_joint/footBall_left_joint/footToe_left_joint", "root_joint/pelvis_joint/hip_left_joint/knee_left_joint/footAnkle_left_joint/footAnkle_partial_left_joint", "root_joint/pelvis_joint/hip_left_joint/knee_left_joint/footAnkle_left_joint/foot_l_socket", "root_joint/pelvis_joint/hip_left_joint/knee_left_joint/knee_partial_left_joint", "root_joint/pelvis_joint/hip_left_joint/knee_left_joint/legLower_twist_01_left_joint", "root_joint/pelvis_joint/hip_left_joint/knee_left_joint/legLower_twist_02_left_joint", "root_joint/pelvis_joint/hip_left_joint/knee_left_joint/legLower_twist_03_left_joint", "root_joint/pelvis_joint/hip_left_joint/legUpper_twist_01_left_joint", "root_joint/pelvis_joint/hip_left_joint/legUpper_twist_02_left_joint", "root_joint/pelvis_joint/hip_left_joint/legUpper_twist_03_left_joint", "root_joint/pelvis_joint/hip_right_joint", "root_joint/pelvis_joint/hip_right_joint/knee_right_joint", "root_joint/pelvis_joint/hip_right_joint/knee_right_joint/footAnkle_right_joint", "root_joint/pelvis_joint/hip_right_joint/knee_right_joint/footAnkle_right_joint/footBall_right_joint", "root_joint/pelvis_joint/hip_right_joint/knee_right_joint/footAnkle_right_joint/footBall_right_joint/footToe_right_joint", "root_joint/pelvis_joint/hip_right_joint/knee_right_joint/footAnkle_right_joint/footAnkle_partial_right_joint", "root_joint/pelvis_joint/hip_right_joint/knee_right_joint/footAnkle_right_joint/foot_r_socket", "root_joint/pelvis_joint/hip_right_joint/knee_right_joint/knee_partial_right_joint", "root_joint/pelvis_joint/hip_right_joint/knee_right_joint/legLower_twist_01_right_joint", "root_joint/pelvis_joint/hip_right_joint/knee_right_joint/legLower_twist_02_right_joint", "root_joint/pelvis_joint/hip_right_joint/knee_right_joint/legLower_twist_03_right_joint", "root_joint/pelvis_joint/hip_right_joint/legUpper_twist_01_right_joint", "root_joint/pelvis_joint/hip_right_joint/legUpper_twist_02_right_joint", "root_joint/pelvis_joint/hip_right_joint/legUpper_twist_03_right_joint", "root_joint/pelvis_joint/hip_l_front_socket", "root_joint/pelvis_joint/hip_l_back_socket", "root_joint/pelvis_joint/hip_r_front_socket", "root_joint/pelvis_joint/hip_r_back_socket"]
            quatf[] rotations.timeSamples = {
                0: [(1, 0.000017558252, -0.00020937799, 0.00015886551), (0.40749353, 0.565033, 0.48460072, 0.52900743), (0.99469554, -0.10177031, -0.012146883, 0.008711403), (0.99910295, -0.036368478, -0.013609722, 0.0168874), (0.99911433, -0.03596269, 0.010066524, 0.019383244), (0.9980786, -0.044745855, 0.026037633, 0.034038417), (0.71539545, 0.05180067, -0.69038266, -0.09432593), (0.82541186, 0.013901234, -0.49100012, 0.2782463), (0.65764916, -0.1693778, 0.089791596, 0.7285233), (0.9999999, -4.4703484e-8, -8.940697e-8, 0), (0.9999999, -4.4703484e-8, -8.940697e-8, 0), (0.9999999, -4.4703484e-8, -8.940697e-8, 0), (0.9999999, -4.4703484e-8, -8.940697e-8, 0), (0.5908139, 0.7781213, 0.09919962, -0.18874732), (0.9967315, 0.020205408, 0.05015579, -0.060017735), (0.8298503, 0.008507729, 0.029677093, 0.557131), (0.7883169, -0.021627545, -0.017885856, 0.6146288), (-0.6896045, -0.022189632, 0.057059437, -0.7215935), (0.9992876, -0.020745397, 0.015784383, -0.027289689), (0.85524756, -0.01816526, -0.0131212175, 0.5177348), (-0.71978736, -0.027963996, 0.035743713, -0.69270957), (0.8221807, 0.023424804, -0.05004087, 0.5665387), (1.0000001, -0.000011175871, 0.0000014305115, 0.0000023245811), (0.997311, 0.008143961, -0.053129733, 0.049813777), (-0.89868224, 0.06118375, -0.15765804, -0.40468544), (0.6998769, -0.014111519, 0.12670915, 0.70279264), (0.73912966, 0.034885705, 0.1595408, 0.65346485), (0.989135, -0.13997605, -0.039473563, 0.021454692), (0.87506425, 0.09460196, 0.03631571, 0.47327986), (-0.69756895, 0.009963363, -0.06050621, -0.71388847), (0.74088645, -0.0007649362, 0.065083325, 0.6684685), (0.8100419, 0.3861502, 0.4399695, -0.03386554), (0.980561, 0.09265729, -0.076877594, 0.15493259), (0.9500097, 0.073344424, 0.013749629, 0.30317074), (0.9517813, -0.0047811866, 0.004326135, 0.3067086), (-0.0576033, -0.998191, 0.00003280118, 0.017224208), (1.0000004, -2.9802322e-8, -1.4901161e-8, 0), (1.0000004, -2.9802322e-8, -1.4901161e-8, 0), (1.0000004, -2.9802322e-8, -1.4901161e-8, 0), (0.99121296, 0.12782997, -0.014019564, 0.03097111), (0.9999997, 0.00009366125, 0.00023216009, 0.00011928752), (0.99997723, 0.00007930305, -0.006220624, -0.0024682973), (0.9957894, 0.0019851914, -0.030974254, -0.08625354), (0.51130664, -0.4875577, -0.4760387, -0.5236786), (0.47614512, -0.5227674, -0.5115026, -0.4882264), (1.0000004, -7.450581e-9, 0, -9.313226e-10), (0.51150316, -0.48822564, -0.4761448, -0.5227679), (1.0000001, 0, -7.450581e-9, 0), (0.47007117, -0.5282323, -0.4700746, -0.52823615), (0.14080334, 0.75259084, 0.14300227, 0.6271613), (0.9612814, 0.034555316, -0.27287516, 0.016810268), (0.6556741, -0.02408205, -0.235687, 0.71691155), (0.9999993, -1.4901161e-8, -5.9604645e-8, -4.4703484e-8), (0.9999993, -1.4901161e-8, -5.9604645e-8, -4.4703484e-8), (0.9999993, -1.4901161e-8, -5.9604645e-8, -4.4703484e-8), (0.9999993, -1.4901161e-8, -5.9604645e-8, -4.4703484e-8), (0.6325611, 0.7677502, -0.095168695, -0.036990553), (0.99702704, 0.019346029, 0.05087483, -0.054536194), (0.79441607, -0.10649632, 0.09308621, 0.5906742), (-0.79024, 0.02165386, 0.01804002, -0.6121482), (0.692503, 0.042877674, -0.07365346, 0.7163626), (0.9994818, -0.017036587, 0.016137898, -0.022030145), (0.8229951, -0.12350492, 0.065380484, 0.5505914), (-0.7219054, -0.027687922, 0.035728276, -0.6905138), (0.8238387, 0.023130238, -0.049983203, 0.56414235), (1, 0.000011473894, 2.9802322e-8, -1.1920929e-7), (0.9862462, -0.11267504, -0.09960818, 0.06856099), (0.8895694, 0.012631685, 0.22320668, 0.39835322), (-0.70195216, 0.01383397, -0.12566519, -0.70091355), (0.7367731, 0.03530799, 0.16042209, 0.6558836), (0.98977566, -0.13437194, -0.039803058, 0.026530534), (0.87573874, 0.04977119, 0.088416785, 0.47200269), (-0.6996083, 0.009903818, -0.060103025, -0.71192515), (0.74576783, -0.037598163, 0.096912205, 0.658046), (0.817652, 0.35347924, 0.447881, -0.07681373), (0.98400134, 0.087044194, -0.046262413, 0.14840758), (0.9611432, 0.12684962, 0.034854293, 0.24268979), (0.96230173, -0.01239243, 0.0048667938, 0.27165878), (0.99819136, -0.057603687, 0.017190397, -0.00004786253), (0.9999994, -5.9604645e-8, 0, 2.9802322e-8), (0.9999994, -5.9604645e-8, 0, 2.9802322e-8), (0.9999994, -5.9604645e-8, 0, 2.9802322e-8), (0.47541478, -0.52342325, -0.47542286, -0.5234322), (-0.14870723, -0.021418706, 0.09966341, 0.9836129), (0.9897027, -0.085452616, 0.01000756, 0.114395425), (0.027644426, 0.9576665, 0.28541178, 0.025511056), (0.0027861893, 0.38560537, 0.9224322, 0.020475596), (0.9994419, -0.00006385334, 0.0021697283, 0.033325274), (0.9999995, 1.937151e-7, -0.0000011622906, -0.0011720732), (0.52940047, -0.50853306, 0.5012282, 0.45814827), (0.99999917, 3.1478703e-7, 6.556511e-7, -0.0014617965), (0.999454, -0.033047438, 7.748604e-7, 4.8428774e-8), (0.9978161, -0.066058695, 0.0000020861626, 1.937151e-7), (0.9949883, -0.099994555, 0.0000024437904, 3.054738e-7), (1.0000001, 2.477318e-7, 6.2584877e-7, 0), (1.0000002, 3.3527613e-8, 0.0000014901161, 2.6077032e-8), (1.0000001, 6.631017e-7, 0.0000013709068, 7.450581e-9), (0.9226495, -0.07829641, -0.031931102, -0.37625498), (0.8613069, -0.011280893, -0.010646774, 0.5078483), (0.06440353, 0.9937685, -0.08453477, 0.033621192), (-0.0019477606, 0.72760475, 0.68598175, 0.004077971), (0.9999509, 0.000013850629, 0.0006980896, 0.009872932), (0.99999946, 2.2351742e-7, -0.0000012218952, -0.0011720359), (-0.50853217, -0.5293999, -0.4581494, 0.5012287), (0.999999, 2.8323848e-7, 6.556511e-7, -0.00146183), (0.9994539, -0.033047497, 7.4505806e-8, 4.0978193e-8), (0.99781585, -0.06605879, 1.4901161e-8, 2.9802322e-8), (0.9949881, -0.09999454, 4.4703484e-8, 5.2154064e-8), (1, 2.1792948e-7, -2.9802322e-8, 2.0489097e-8), (1, 0, 0, 0), (0.99999994, 6.1281025e-7, -8.940697e-8, -4.4703484e-8), (0.49997446, -0.5000246, -0.4999833, -0.50001746), (0.49997446, -0.5000246, -0.4999833, -0.50001746), (0.49997446, -0.5000246, -0.4999833, -0.50001746), (0.49997446, -0.5000246, -0.4999833, -0.50001746)],
                1: [(1, -0.000025085232, -0.00008746815, -0.000028146242), (0.41210645, 0.54858744, 0.48154822, 0.54528093), (0.99524593, -0.09195314, -0.031197146, 0.0075260084), (0.99909854, -0.038979147, -0.008400023, 0.014557958), (0.9990034, -0.03865107, 0.013463087, 0.017793417), (0.9980313, -0.044380654, 0.029048681, 0.033452928), (0.7406444, 0.045832396, -0.66675746, -0.06912815), (0.7998332, 0.025090545, -0.5189615, 0.30052507), (0.6040118, -0.17787746, 0.13694039, 0.7647063), (0.9999995, -2.9802322e-8, -5.9604645e-8, 0), (0.9999995, -2.9802322e-8, -5.9604645e-8, 0), (0.9999995, -2.9802322e-8, -5.9604645e-8, 0), (0.9999995, -2.9802322e-8, -5.9604645e-8, 0), (0.6255231, 0.7637095, 0.09834233, -0.12568593), (0.9967575, 0.020106107, 0.049959213, -0.059781283), (0.8298502, 0.008508414, 0.029676795, 0.5571305), (0.7883165, -0.021627665, -0.017885793, 0.61462843), (-0.68960404, -0.022189572, 0.057059348, -0.7215934), (0.9992949, -0.020843148, 0.015580773, -0.02705738), (0.85524774, -0.018164694, -0.013121426, 0.5177344), (-0.71978736, -0.027963847, 0.035743665, -0.6927095), (0.82218075, 0.023424774, -0.050040662, 0.5665387), (1, -0.000011175871, 0.0000014007092, 0.0000022947788), (0.99728954, 0.00804764, -0.05331835, 0.050058007), (-0.8986825, 0.061183006, -0.15765792, -0.40468523), (0.699877, -0.014111549, 0.12670937, 0.7027925), (0.7391295, 0.034885764, 0.15954107, 0.653465), (0.9891081, -0.14006922, -0.0396986, 0.021666855), (0.8750643, 0.094602555, 0.03631556, 0.47327936), (-0.69756895, 0.009963304, -0.06050624, -0.7138884), (0.7408866, -0.0007649064, 0.065083444, 0.6684685), (0.81017447, 0.38597152, 0.4398992, -0.033640712), (0.98056084, 0.09265795, -0.07687761, 0.15493266), (0.9500096, 0.073344305, 0.013749629, 0.30317062), (0.9517812, -0.004781261, 0.0043259263, 0.3067085), (-0.057603333, -0.9981909, 0.00003277324, 0.017224252), (0.99999976, 0, -1.4901161e-8, -2.9802322e-8), (0.99999976, 0, -1.4901161e-8, -2.9802322e-8), (0.99999976, 0, -1.4901161e-8, -2.9802322e-8), (0.99073416, 0.12889042, -0.022415206, 0.03645981), (0.9999993, 0.000011274591, 0.00019916892, 0.00014549494), (0.9999768, -0.0000028191134, -0.0062538683, -0.0024414659), (0.9956845, 0.005700118, -0.031627268, -0.08705424), (0.51130646, -0.4875576, -0.47603858, -0.5236784), (0.47614488, -0.52276725, -0.51150244, -0.4882262), (0.99999994, -7.450581e-9, 7.450581e-9, -9.313226e-10), (0.511503, -0.48822552, -0.47614458, -0.5227677), (0.9999997, 0, -7.508788e-9, 0), (0.47007102, -0.52823204, -0.47007447, -0.52823585), (0.18534839, 0.74812686, 0.1349192, 0.62269396), (0.96815, 0.027754843, -0.24853724, -0.011957496), (0.66317284, 0.03581734, -0.27274042, 0.69608164), (0.99999875, 0, 0, -5.2154064e-8), (0.99999875, 0, 0, -5.2154064e-8), (0.99999875, 0, 0, -5.2154064e-8), (0.99999875, 0, 0, -5.2154064e-8), (0.6530083, 0.7512078, -0.09474757, -0.016965747), (0.99705255, 0.019645214, 0.051454753, -0.05339533), (0.7944164, -0.106496245, 0.09308481, 0.5906732), (-0.7902396, 0.021653831, 0.018040009, -0.6121482), (0.69250274, 0.042877674, -0.07365337, 0.7163624), (0.999503, -0.016679585, 0.016665459, -0.020880312), (0.82299507, -0.12350482, 0.0653792, 0.5505899), (-0.7219047, -0.027687728, 0.035728384, -0.690513), (0.8238379, 0.023130208, -0.049983174, 0.56414175), (0.9999992, 0.000011503696, 0, -1.4901161e-7), (0.9862642, -0.1121427, -0.09923129, 0.069702), (0.8895695, 0.012631714, 0.22320561, 0.39835185), (-0.7019515, 0.013834, -0.12566507, -0.70091325), (0.73677254, 0.035307974, 0.16042198, 0.65588325), (0.98981756, -0.13392872, -0.039432853, 0.027710497), (0.87573886, 0.04977107, 0.08841568, 0.47200155), (-0.69960773, 0.009903818, -0.060102962, -0.71192485), (0.7457675, -0.037598237, 0.096912056, 0.6580454), (0.8197841, 0.35241824, 0.44432998, -0.079529434), (0.9840611, 0.087592684, -0.040095747, 0.14947446), (0.9611461, 0.1268412, 0.034839183, 0.24268247), (0.96230125, -0.012392435, 0.0048668087, 0.2716586), (0.99819064, -0.057603657, 0.017190397, -0.000047802925), (0.99999905, -5.9604645e-8, 0, 2.9802322e-8), (0.99999905, -5.9604645e-8, 0, 2.9802322e-8), (0.99999905, -5.9604645e-8, 0, 2.9802322e-8), (0.4754146, -0.523423, -0.47542277, -0.523432), (-0.200306, -0.04414741, 0.09452927, 0.97416246), (0.99152404, -0.097191796, 0.008677781, 0.085780986), (0.039711088, 0.9375367, 0.3453927, 0.012316555), (-0.0027675033, 0.64519244, 0.7638564, 0.015559256), (0.9999616, 0.000040661544, 0.0014297739, 0.008617688), (0.9999994, 1.937151e-7, -0.0000011622906, -0.0011720732), (0.5294004, -0.50853294, 0.5012281, 0.45814818), (0.99999905, 2.8777868e-7, 7.1525574e-7, -0.0014618449), (0.99945396, -0.033047438, 8.046627e-7, 4.4703484e-8), (0.99781597, -0.066058695, 0.0000020861626, 1.6391277e-7), (0.9949882, -0.09999454, 0.000002413988, 2.7567148e-7), (1, 2.6077032e-7, 6.2584877e-7, -1.8626451e-8), (1.0000001, -7.450581e-9, 0.0000015199184, 3.7252903e-8), (1.0000001, 6.519258e-7, 0.0000013709068, 5.2154064e-8), (0.94896984, -0.06560898, -0.021811198, -0.30769414), (0.9629273, -0.0060615474, -0.0126571655, 0.26939517), (0.044358253, 0.99095845, -0.10769358, 0.06659821), (0.0019915402, 0.6776352, 0.7353897, 0.0028065443), (0.9999865, 0.000026538968, 0.00010046363, 0.005101934), (0.99999905, 2.682209e-7, -0.0000012144446, -0.0011720359), (-0.508532, -0.5293996, -0.45814922, 0.50122845), (0.9999987, 3.0454248e-7, 6.482005e-7, -0.001461789), (0.99945354, -0.033047475, 5.9604645e-8, 4.8428774e-8), (0.9978155, -0.066058815, -1.4901161e-8, -2.2351742e-8), (0.9949878, -0.09999457, 4.4703484e-8, 6.7055225e-8), (0.99999994, 2.1234155e-7, 0, -1.4901161e-8), (0.9999999, 0, 0, 0), (0.9999999, 6.593764e-7, -7.4505806e-8, -2.9802322e-8), (0.4999744, -0.50002456, -0.49998322, -0.5000174), (0.4999744, -0.50002456, -0.49998322, -0.5000174), (0.4999744, -0.50002456, -0.49998322, -0.5000174), (0.4999744, -0.50002456, -0.49998322, -0.5000174)],
                2: [(1, 0.000013307185, -0.000060881048, -0.0000024428568), (0.4014589, 0.5419519, 0.4864449, 0.5554189), (0.9940759, -0.09698651, -0.048627958, 0.006482717), (0.9991224, -0.039523777, -0.005702153, 0.012635522), (0.998988, -0.039211318, 0.014164388, 0.016873904), (0.99821436, -0.042230897, 0.02687779, 0.032585904), (0.7566567, 0.03856936, -0.6506236, -0.051684134), (0.79234856, 0.029686898, -0.5352318, 0.29125392), (0.5576871, -0.17209874, 0.14201024, 0.79949945), (0.99999946, -2.9802322e-8, -5.9604645e-8, -7.450581e-9), (0.99999946, -2.9802322e-8, -5.9604645e-8, -7.450581e-9), (0.99999946, -2.9802322e-8, -5.9604645e-8, -7.450581e-9), (0.99999946, -2.9802322e-8, -5.9604645e-8, -7.450581e-9), (0.67220783, 0.72923565, 0.104635656, -0.07350123), (0.99676144, 0.019856513, 0.049967647, -0.05978912), (0.82985055, 0.008505881, 0.029676944, 0.55713016), (0.7883165, -0.021627575, -0.017885908, 0.6146289), (-0.68960434, -0.022189587, 0.057059586, -0.7215933), (0.9992892, -0.021092117, 0.015597224, -0.027055353), (0.85524774, -0.018167287, -0.013121009, 0.5177337), (-0.719787, -0.027963966, 0.035743788, -0.69270927), (0.82218045, 0.023424864, -0.050040722, 0.5665383), (0.9999999, -0.000011175871, 0.0000014305115, 0.0000022947788), (0.99729216, 0.0078014433, -0.0532825, 0.050076813), (-0.89868236, 0.061185837, -0.15765843, -0.4046841), (0.6998767, -0.014111549, 0.12670916, 0.7027924), (0.7391294, 0.034885734, 0.15954071, 0.6534646), (0.98907375, -0.14031425, -0.039671034, 0.021685213), (0.8750647, 0.09460011, 0.036316276, 0.47327888), (-0.6975687, 0.009963334, -0.060506076, -0.7138886), (0.74088657, -0.000764966, 0.06508312, 0.6684685), (0.8102602, 0.38576648, 0.4399117, -0.033754587), (0.9805608, 0.092656314, -0.07687934, 0.15493178), (0.95000947, 0.07334446, 0.01374957, 0.3031707), (0.95178103, -0.0047812164, 0.0043260753, 0.3067085), (-0.057603322, -0.99819064, 0.000032795593, 0.017224267), (0.99999994, -1.4901161e-8, -7.450581e-9, 0), (0.99999994, -1.4901161e-8, -7.450581e-9, 0), (0.99999994, -1.4901161e-8, -7.450581e-9, 0), (0.99131763, 0.12552214, -0.01712066, 0.03521268), (0.99999976, -0.000056138262, 0.00010216236, 0.000064752996), (0.9999764, -0.00007052068, -0.006351009, -0.0025217198), (0.9953179, 0.008018702, -0.03601609, -0.089331694), (0.5113066, -0.48755765, -0.4760386, -0.5236785), (0.4761451, -0.52276736, -0.51150256, -0.4882263), (1.0000004, 0, 0, -1.8626451e-9), (0.511503, -0.48822555, -0.47614467, -0.5227678), (0.9999998, 0, -7.450581e-9, -4.656613e-10), (0.47007108, -0.5282321, -0.47007447, -0.528236), (0.21980697, 0.7304339, 0.12702657, 0.63404644), (0.96611965, 0.02646488, -0.25423503, -0.035723716), (0.6619975, 0.08334291, -0.3028476, 0.68051124), (0.9999994, 0, -5.9604645e-8, -5.2154064e-8), (0.9999994, 0, -5.9604645e-8, -5.2154064e-8), (0.9999994, 0, -5.9604645e-8, -5.2154064e-8), (0.9999994, 0, -5.9604645e-8, -5.2154064e-8), (0.7004645, 0.7097408, -0.074459866, 0.008506328), (0.9970597, 0.019563198, 0.051802546, -0.052962393), (0.794416, -0.10649538, 0.09308761, 0.5906742), (-0.79023993, 0.021653831, 0.018039972, -0.6121484), (0.692503, 0.042877644, -0.0736534, 0.7163626), (0.9995063, -0.016735196, 0.016999245, -0.020432293), (0.82299495, -0.12350398, 0.065381795, 0.55059135), (-0.72190523, -0.027687907, 0.035728388, -0.69051385), (0.8238387, 0.023130238, -0.049983203, 0.5641423), (0.99999964, 0.000011444092, 0, -1.1920929e-7), (0.98626304, -0.11211541, -0.09894061, 0.07018155), (0.8895689, 0.012632668, 0.223208, 0.3983533), (-0.7019519, 0.01383397, -0.12566532, -0.7009138), (0.73677295, 0.035308003, 0.1604222, 0.6558837), (0.98981357, -0.13394247, -0.039152205, 0.028196633), (0.8757384, 0.049772054, 0.088418216, 0.47200286), (-0.6996081, 0.009903759, -0.060103163, -0.71192527), (0.7457678, -0.037598193, 0.096912295, 0.658046), (0.81921536, 0.35280985, 0.44539154, -0.07770035), (0.9842007, 0.08740431, -0.04154414, 0.14826791), (0.96114755, 0.12684312, 0.03484285, 0.24267606), (0.9623013, -0.012392417, 0.004866779, 0.2716584), (0.9981911, -0.057603657, 0.017190397, -0.00004786253), (0.9999994, -8.940697e-8, -2.9802322e-8, 0), (0.9999994, -8.940697e-8, -2.9802322e-8, 0), (0.9999994, -8.940697e-8, -2.9802322e-8, 0), (0.47541475, -0.5234232, -0.47542292, -0.52343214), (-0.17064844, -0.061871998, 0.10181612, 0.9781025), (0.9717442, -0.098440886, 0.02189514, 0.21340875), (0.05171159, 0.93035144, 0.36293855, 0.0069159567), (0.0007112324, 0.78464234, 0.6198534, 0.010850936), (0.9999982, 0.000042717904, 0.0017194301, -0.00075544417), (0.99999964, 1.8626451e-7, -0.0000011324883, -0.0011720657), (0.5294006, -0.508533, 0.5012283, 0.45814824), (0.9999991, 3.1013042e-7, 7.1525574e-7, -0.0014617965), (0.999454, -0.03304744, 7.748604e-7, 6.7055225e-8), (0.99781597, -0.0660587, 0.0000020861626, 1.7136335e-7), (0.9949882, -0.09999454, 0.000002413988, 2.8312206e-7), (1.0000002, 2.719462e-7, 6.2584877e-7, -2.2351742e-8), (1.0000004, 1.4901161e-8, 0.0000015199184, 5.9604645e-8), (1.0000004, 6.7055225e-7, 0.0000014007092, 2.9802322e-8), (0.9691936, -0.07343271, -0.021641973, -0.23410115), (0.99994236, -0.0025997646, -0.005897723, 0.008606475), (0.015653409, 0.9956287, -0.012205731, 0.091266274), (0.006337106, 0.5727143, 0.8196833, 0.008786082), (0.9999991, -0.000046394765, -0.00017878413, 0.0012164265), (0.9999993, 2.4214387e-7, -0.0000012218952, -0.0011720583), (-0.5085321, -0.5293997, -0.4581493, 0.5012286), (0.9999991, 2.682209e-7, 6.556511e-7, -0.0014618151), (0.99945396, -0.033047467, 6.7055225e-8, 7.450581e-9), (0.99781585, -0.066058844, 0, 7.450581e-9), (0.9949881, -0.0999946, 2.9802322e-8, 9.685755e-8), (1.0000002, 2.1234155e-7, 0, -2.6077032e-8), (1.0000002, 0, 0, 0), (1.0000002, 6.482005e-7, -7.4505806e-8, -3.3527613e-8), (0.49997452, -0.5000246, -0.4999833, -0.50001746), (0.49997452, -0.5000246, -0.4999833, -0.50001746), (0.49997452, -0.5000246, -0.4999833, -0.50001746), (0.49997452, -0.5000246, -0.4999833, -0.50001746)],
                3: [(1, 0.0000125518345, -0.0000437042, 0.000055982244), (0.38596034, 0.5407796, 0.49934587, 0.5560988), (0.9917201, -0.11263318, -0.06095179, 0.009492364), (0.99916655, -0.03827104, -0.003505461, 0.0137551725), (0.9990816, -0.03797184, 0.012136266, 0.015716232), (0.9986917, -0.039295975, 0.01464133, 0.029269427), (0.7703475, 0.034363, -0.63573027, -0.035090327), (0.80348426, 0.033957154, -0.5383925, 0.25178182), (0.5378884, -0.1691405, 0.12580106, 0.8162366), (1.0000002, -4.4703484e-8, -8.940697e-8, -1.1175871e-8), (1.0000002, -4.4703484e-8, -8.940697e-8, -1.1175871e-8), (1.0000002, -4.4703484e-8, -8.940697e-8, -1.1175871e-8), (1.0000002, -4.4703484e-8, -8.940697e-8, -1.1175871e-8), (0.6916953, 0.71203876, 0.11287066, -0.042653143), (0.996752, 0.020017475, 0.04995662, -0.059913605), (0.82985234, 0.00850904, 0.029674679, 0.5571288), (0.788317, -0.021627635, -0.017885901, 0.6146291), (-0.6896047, -0.022189632, 0.057059526, -0.72159374), (0.99929, -0.020936042, 0.015586674, -0.027186781), (0.8552497, -0.018164426, -0.013123155, 0.5177325), (-0.7197877, -0.027963936, 0.035743922, -0.6927102), (0.82218146, 0.023424864, -0.05004078, 0.5665388), (1.0000006, -0.000011146069, 0.0000014305115, 0.0000023841858), (0.9972974, 0.007947087, -0.053309083, 0.0499354), (-0.8986842, 0.061183304, -0.15765677, -0.40468296), (0.6998773, -0.014111668, 0.12670922, 0.7027929), (0.73913, 0.034885734, 0.1595408, 0.6534653), (0.9890982, -0.14016786, -0.03967312, 0.021544784), (0.875066, 0.09460294, 0.036314458, 0.47327688), (-0.69756895, 0.009963363, -0.060506195, -0.7138885), (0.7408866, -0.0007649362, 0.065083265, 0.6684685), (0.81020474, 0.385951, 0.43985137, -0.033788025), (0.98056114, 0.09265984, -0.07688019, 0.1549333), (0.9500103, 0.07334455, 0.01374957, 0.3031711), (0.95178187, -0.0047811866, 0.0043260455, 0.3067089), (-0.05760335, -0.9981915, 0.000032804906, 0.017224275), (1.0000006, 0, -7.450581e-9, -2.9802322e-8), (1.0000006, 0, -7.450581e-9, -2.9802322e-8), (1.0000006, 0, -7.450581e-9, -2.9802322e-8), (0.99117327, 0.12588015, 0.012141928, 0.03977962), (0.99999994, 0.000013109297, 0.00031922758, 0.00019344315), (0.9999783, -0.000001007691, -0.0061338246, -0.0023935884), (0.99362314, 0.0034358571, -0.053351253, -0.099272355), (0.5113068, -0.48755786, -0.4760388, -0.5236787), (0.4761453, -0.52276754, -0.5115028, -0.48822653), (1.0000006, 0, 0, -1.8626451e-9), (0.5115032, -0.48822573, -0.4761449, -0.522768), (1.0000002, 0, -7.450581e-9, 0), (0.4700713, -0.52823234, -0.47007468, -0.52823627), (0.24630019, 0.7120925, 0.12280008, 0.6458954), (0.9572111, 0.03186214, -0.2842079, -0.04424742), (0.6545818, 0.09557648, -0.31873238, 0.6788207), (1, -1.4901161e-8, -5.9604645e-8, -5.2154064e-8), (1, -1.4901161e-8, -5.9604645e-8, -5.2154064e-8), (1, -1.4901161e-8, -5.9604645e-8, -5.2154064e-8), (1, -1.4901161e-8, -5.9604645e-8, -5.2154064e-8), (0.7476006, 0.6612373, -0.05786194, 0.022609383), (0.9970654, 0.019335002, 0.051388294, -0.05335629), (0.7944129, -0.10649714, 0.093085825, 0.59067965), (-0.7902404, 0.02165386, 0.018040022, -0.6121489), (0.6925036, 0.042877674, -0.07365352, 0.7163631), (0.9995011, -0.01699096, 0.016607106, -0.020831972), (0.82299227, -0.123505116, 0.065378904, 0.5505966), (-0.7219057, -0.027687937, 0.0357285, -0.69051397), (0.82383907, 0.023130268, -0.049983323, 0.5641425), (1.0000006, 0.000011473894, 2.9802322e-8, -1.4901161e-7), (0.98622155, -0.11244851, -0.09926611, 0.06978083), (0.88956785, 0.012631565, 0.22320431, 0.39835885), (-0.7019523, 0.013833851, -0.12566517, -0.700914), (0.7367734, 0.035307944, 0.16042218, 0.6558838), (0.9897736, -0.13423678, -0.039482057, 0.027769655), (0.8757367, 0.04977107, 0.08841482, 0.4720087), (-0.6996089, 0.009903878, -0.060102984, -0.71192575), (0.7457684, -0.037598148, 0.096912175, 0.6580465), (0.8156322, 0.3543715, 0.45167834, -0.07178271), (0.984162, 0.08648951, -0.05128756, 0.14599814), (0.96114635, 0.126831, 0.034816474, 0.24269435), (0.9623022, -0.012392499, 0.004866898, 0.27165908), (0.99819195, -0.057603717, 0.017190397, -0.00004786253), (0.9999999, -8.940697e-8, -2.9802322e-8, 0), (0.9999999, -8.940697e-8, -2.9802322e-8, 0), (0.9999999, -8.940697e-8, -2.9802322e-8, 0), (0.47541493, -0.52342343, -0.4754231, -0.5234323), (-0.06382033, -0.065082625, 0.112654746, 0.9894445), (0.87944824, -0.08779447, 0.04704392, 0.4654569), (0.038908474, 0.9636059, 0.26439974, -0.006549597), (0.0072945356, 0.76130104, 0.6482799, 0.010025352), (0.99999654, -0.000046640635, 0.0014078766, -0.0021363124), (0.9999996, 1.937151e-7, -0.0000011920929, -0.0011720639), (0.5294005, -0.50853306, 0.5012282, 0.45814824), (0.9999992, 2.970919e-7, 6.854534e-7, -0.0014618095), (0.999454, -0.033047445, 8.046627e-7, 5.5879354e-8), (0.9978161, -0.06605871, 0.0000020861626, 1.7508864e-7), (0.9949884, -0.099994555, 0.0000023841858, 2.682209e-7), (1.0000004, 2.5890768e-7, 6.556511e-7, 1.8626451e-8), (1.0000004, 1.4901161e-8, 0.0000015199184, -7.450581e-9), (1.0000004, 6.631017e-7, 0.0000014007092, -1.1175871e-8), (0.973711, -0.08909358, -0.037349537, -0.20628741), (0.9997796, -0.0010297559, 0.00080542266, 0.020959381), (-0.003217639, 0.99794173, -0.024685368, 0.05909905), (0.0027561486, 0.62664264, 0.77924377, 0.0095232725), (0.99999714, -0.00003616698, 0.0000026226044, 0.0024282), (0.9999994, 2.477318e-7, -0.000001206994, -0.0011720359), (-0.5085321, -0.52939975, -0.45814937, 0.50122863), (0.9999989, 3.017485e-7, 6.4074993e-7, -0.0014618002), (0.99945384, -0.033047505, 5.2154064e-8, 8.940697e-8), (0.9978157, -0.066058785, 7.450581e-9, -1.4901161e-8), (0.99498796, -0.09999455, 7.4505806e-8, 6.7055225e-8), (1.0000001, 2.104789e-7, -7.450581e-9, -2.2351742e-8), (1.0000001, 0, 0, 0), (1.0000002, 6.183982e-7, -6.7055225e-8, -3.7252903e-8), (0.49997452, -0.50002474, -0.49998337, -0.5000176), (0.49997452, -0.50002474, -0.49998337, -0.5000176), (0.49997452, -0.50002474, -0.49998337, -0.5000176), (0.49997452, -0.50002474, -0.49998337, -0.5000176)],
                4: [(1, 0.000031965898, -0.000050275397, 0.00001886601), (0.37324086, 0.5492901, 0.5119488, 0.5448669), (0.98888355, -0.13458672, -0.060249865, 0.019118227), (0.9991194, -0.0354091, -0.0010051727, 0.022482634), (0.9992266, -0.03504218, 0.008688763, 0.015573405), (0.99914455, -0.036384523, 0.0022152513, 0.019519895), (0.77356046, 0.03502065, -0.6323888, -0.021484517), (0.82103914, 0.035089463, -0.53248847, 0.20277825), (0.53661346, -0.16366726, 0.077584684, 0.82415986), (0.9999999, -4.4703484e-8, -5.9604645e-8, 0), (0.9999999, -4.4703484e-8, -5.9604645e-8, 0), (0.9999999, -4.4703484e-8, -5.9604645e-8, 0), (0.9999999, -4.4703484e-8, -5.9604645e-8, 0), (0.713711, 0.69211316, 0.10758394, -0.0046509802), (0.996764, 0.019830167, 0.05001828, -0.059721112), (0.8298499, 0.008506298, 0.029676378, 0.55713224), (0.78831685, -0.021627635, -0.017885938, 0.6146292), (-0.68960464, -0.022189617, 0.057059556, -0.7215936), (0.99929047, -0.021114767, 0.015645802, -0.026984543), (0.8552471, -0.018166631, -0.013122112, 0.5177359), (-0.7197872, -0.027963847, 0.035743803, -0.6927097), (0.8221807, 0.023424834, -0.050040722, 0.56653845), (1.0000004, -0.000011205673, 0.0000014305115, 0.0000023245811), (0.997292, 0.0077873766, -0.053230613, 0.050147235), (-0.8986822, 0.06118509, -0.15765707, -0.40468654), (0.6998769, -0.014111578, 0.12670913, 0.702793), (0.7391298, 0.034885705, 0.15954062, 0.65346515), (0.98907197, -0.14033028, -0.039630294, 0.02176258), (0.8750641, 0.09460065, 0.03631483, 0.47328082), (-0.69756883, 0.009963542, -0.06050612, -0.71388876), (0.7408867, -0.0007649362, 0.065083265, 0.66846853), (0.8102484, 0.38571805, 0.43997946, -0.033726275), (0.9805613, 0.09265551, -0.076877765, 0.15493351), (0.95000994, 0.073344454, 0.013749644, 0.30317092), (0.9517815, -0.0047812015, 0.0043260753, 0.30670875), (-0.05760335, -0.9981912, 0.000032782555, 0.017224278), (1.0000001, -1.4901161e-8, -7.450581e-9, -5.9604645e-8), (1.0000001, -1.4901161e-8, -7.450581e-9, -5.9604645e-8), (1.0000001, -1.4901161e-8, -7.450581e-9, -5.9604645e-8), (0.9909015, 0.1236922, 0.041650906, 0.032849938), (0.9999995, 0.00013143197, 0.00068873167, 0.00032165647), (0.99998057, 0.00011722371, -0.005764082, -0.0022660233), (0.9923878, -0.0011863094, -0.06468544, -0.10478805), (0.51130664, -0.48755774, -0.47603863, -0.5236786), (0.4761451, -0.52276736, -0.5115026, -0.48822635), (1.0000004, 0, 7.450581e-9, -1.8626451e-9), (0.5115031, -0.4882256, -0.47614467, -0.52276784), (0.9999999, 0, -7.450581e-9, -4.656613e-10), (0.4700711, -0.5282323, -0.47007456, -0.5282361), (0.2456499, 0.7223195, 0.12116292, 0.6350038), (0.9481318, 0.03987381, -0.31506473, -0.013781995), (0.6483855, 0.05136873, -0.29300296, 0.7007897), (0.99999964, -1.4901161e-8, -5.9604645e-8, -4.4703484e-8), (0.99999964, -1.4901161e-8, -5.9604645e-8, -4.4703484e-8), (0.99999964, -1.4901161e-8, -5.9604645e-8, -4.4703484e-8), (0.99999964, -1.4901161e-8, -5.9604645e-8, -4.4703484e-8), (0.7729827, 0.63167024, -0.05902952, -0.002366662), (0.99697626, 0.018878996, 0.050533414, -0.055929095), (0.79442334, -0.106496155, 0.09308258, 0.5906652), (-0.7902401, 0.02165395, 0.018039912, -0.6121483), (0.6925031, 0.042877674, -0.0736534, 0.7163627), (0.99944556, -0.017561197, 0.015863895, -0.023417681), (0.8230015, -0.12350607, 0.06537861, 0.5505816), (-0.7219052, -0.027687818, 0.035728272, -0.69051385), (0.82383865, 0.023130208, -0.049983174, 0.5641422), (1, 0.000011444092, 0, -1.1920929e-7), (0.98624873, -0.11337662, -0.099696845, 0.06722817), (0.8895743, 0.01263088, 0.22320718, 0.3983423), (-0.70195216, 0.013834178, -0.12566528, -0.70091385), (0.73677313, 0.0353079, 0.1604223, 0.6558837), (0.9897253, -0.13498133, -0.039886236, 0.025153756), (0.87574446, 0.049770415, 0.08841619, 0.47199214), (-0.69960797, 0.009903878, -0.060103185, -0.71192527), (0.7457676, -0.037598222, 0.09691247, 0.65804577), (0.8117279, 0.358401, 0.45667416, -0.06399512), (0.98445606, 0.08521344, -0.06283414, 0.14013226), (0.9611565, 0.1268064, 0.03477043, 0.24267177), (0.96230173, -0.012392916, 0.0048666596, 0.27165866), (0.9981915, -0.057603717, 0.017190397, -0.00004786253), (0.9999995, -8.940697e-8, -2.9802322e-8, 5.9604645e-8), (0.9999995, -8.940697e-8, -2.9802322e-8, 5.9604645e-8), (0.9999995, -8.940697e-8, -2.9802322e-8, 5.9604645e-8), (0.47541472, -0.5234232, -0.47542286, -0.52343214), (0.042051584, -0.05961899, 0.12550658, 0.9894066), (0.7533902, -0.07260382, 0.06335759, 0.6504749), (0.010066919, 0.97494835, 0.22167104, -0.015374571), (0.004521787, 0.71810806, 0.69590247, 0.00447765), (0.999998, -0.000003935769, 0.00055111945, -0.0018820241), (0.9999996, 2.1420419e-7, -0.0000012516975, -0.0011720755), (0.52940047, -0.508533, 0.50122815, 0.45814824), (0.99999905, 2.9150397e-7, 7.1525574e-7, -0.0014618128), (0.9994539, -0.033047438, 8.046627e-7, 5.2154064e-8), (0.99781597, -0.066058695, 0.0000020861626, 1.7136335e-7), (0.99498814, -0.09999454, 0.0000024437904, 2.7939677e-7), (1.0000002, 2.5052577e-7, 6.631017e-7, -2.6077032e-8), (1.0000002, 1.3969839e-9, 0.0000015199184, 7.450581e-9), (1.0000002, 6.519258e-7, 0.0000014230609, 3.7252903e-9), (0.96452034, -0.10557178, -0.049314324, -0.23690271), (0.97604513, -0.003210118, 0.0017146748, 0.21753666), (0.01338708, 0.9926106, -0.11118459, 0.046717614), (-0.000054985285, 0.7324017, 0.68087196, 0.00047376752), (0.99986285, 0.000043055043, 0.0004118383, 0.016526558), (0.9999989, 2.4028122e-7, -0.0000012330711, -0.0011720434), (-0.5085319, -0.5293996, -0.45814922, 0.5012284), (0.9999988, 3.1851232e-7, 6.7800283e-7, -0.0014618337), (0.9994536, -0.033047497, 5.9604645e-8, 2.9802322e-8), (0.9978155, -0.06605877, -7.450581e-9, -7.450581e-9), (0.99498785, -0.099994555, 7.4505806e-8, 4.4703484e-8), (0.9999998, 2.1234155e-7, 0, -2.6077032e-8), (0.99999976, 0, 0, 0), (0.9999998, 6.5006316e-7, -7.4505806e-8, -4.8428774e-8), (0.49997446, -0.5000246, -0.49998325, -0.50001746), (0.49997446, -0.5000246, -0.49998325, -0.50001746), (0.49997446, -0.5000246, -0.49998325, -0.50001746), (0.49997446, -0.5000246, -0.49998325, -0.50001746)],
                5: [(1, 0.00017510098, 0.00023565126, 0.00010194204), (0.35993782, 0.56312525, 0.5308099, 0.5211293), (0.98469, -0.16159347, -0.058798194, 0.028566055), (0.9990643, -0.024623286, 0.0033726245, 0.035398073), (0.9995148, -0.024004206, 0.006415054, 0.018790051), (0.99950993, -0.02865642, 0.0040049255, 0.011956878), (0.77124923, 0.042574793, -0.63500917, -0.011218853), (0.83426696, 0.03889376, -0.52247965, 0.17176074), (0.55364424, -0.18470544, 0.0071166754, 0.8119805), (1.0000005, -3.7252903e-8, -5.9604645e-8, 0), (1.0000005, -3.7252903e-8, -5.9604645e-8, 0), (1.0000005, -3.7252903e-8, -5.9604645e-8, 0), (1.0000005, -3.7252903e-8, -5.9604645e-8, 0), (0.7075737, 0.69711703, 0.11516753, -0.0102323), (0.996736, 0.019854188, 0.050138324, -0.060085505), (0.8298528, 0.008507609, 0.029676914, 0.5571283), (0.7883174, -0.021627605, -0.01788582, 0.61462915), (-0.689605, -0.022189587, 0.057059437, -0.721594), (0.99927926, -0.021098733, 0.015780538, -0.0273453), (0.85524994, -0.018165916, -0.013120711, 0.51773185), (-0.7197879, -0.027963936, 0.03574361, -0.69270974), (0.8221812, 0.023424834, -0.050040573, 0.5665389), (1.0000008, -0.000011146069, 0.0000014603138, 0.0000023543835), (0.9973171, 0.007788539, -0.05310753, 0.049782753), (-0.898684, 0.061184555, -0.15765882, -0.4046821), (0.69987726, -0.014111549, 0.12670934, 0.70279276), (0.7391299, 0.034885794, 0.15954107, 0.65346515), (0.9890872, -0.1403284, -0.03945428, 0.021419913), (0.8750665, 0.09460166, 0.03631696, 0.4732769), (-0.69756943, 0.009963363, -0.060506284, -0.71388894), (0.74088705, -0.0007648766, 0.065083474, 0.66846895), (0.8101754, 0.3858854, 0.4399421, -0.03406349), (0.9805617, 0.09265904, -0.076880574, 0.15493079), (0.95001054, 0.073344395, 0.013749599, 0.30317092), (0.9517821, -0.004781246, 0.004325986, 0.30670878), (-0.057603337, -0.9981916, 0.000032784417, 0.017224263), (1.0000007, 0, -1.1874363e-8, 0), (1.0000007, 0, -1.1874363e-8, 0), (1.0000007, 0, -1.1874363e-8, 0), (0.9950877, 0.09517971, 0.02719453, 0.0015158802), (1.0000002, 0.00008471124, -0.000035777688, -0.00016588345), (0.9999754, 0.00006917305, -0.0064885467, -0.00275331), (0.99519056, -0.008262387, -0.039625242, -0.089207076), (0.5113069, -0.48755807, -0.476039, -0.5236789), (0.4761454, -0.5227678, -0.5115029, -0.48822665), (1.000001, 0, 7.450581e-9, -1.3969839e-9), (0.5115034, -0.48822594, -0.47614506, -0.52276826), (1.0000007, 0, -7.450581e-9, -2.3283064e-10), (0.47007143, -0.5282325, -0.47007483, -0.5282363), (0.23130138, 0.74082714, 0.1148037, 0.6200768), (0.9426978, 0.042206764, -0.3296941, 0.029006064), (0.6580433, 0.005106449, -0.2508964, 0.7099323), (0.9999999, -1.4901161e-8, -2.9802322e-8, -4.4703484e-8), (0.9999999, -1.4901161e-8, -2.9802322e-8, -4.4703484e-8), (0.9999999, -1.4901161e-8, -2.9802322e-8, -4.4703484e-8), (0.9999999, -1.4901161e-8, -2.9802322e-8, -4.4703484e-8), (0.772383, 0.6246423, -0.10490492, -0.04734689), (0.9969426, 0.018124431, 0.050161093, -0.05710724), (0.7944169, -0.10649666, 0.09308544, 0.590674), (-0.7902402, 0.02165392, 0.018039946, -0.6121491), (0.6925036, 0.042877674, -0.07365325, 0.71636325), (0.9994081, -0.018368304, 0.015559763, -0.024580657), (0.8229957, -0.123505324, 0.06537974, 0.5505908), (-0.72190535, -0.027687877, 0.035728365, -0.69051397), (0.82383883, 0.023130208, -0.049983233, 0.5641424), (1.0000002, 0.000011473894, 0, -8.940697e-8), (0.9862001, -0.114332914, -0.099811524, 0.066147), (0.88957036, 0.012631297, 0.22320601, 0.39835244), (-0.70195186, 0.013834029, -0.12566544, -0.7009143), (0.7367734, 0.03530796, 0.16042224, 0.65588385), (0.9896287, -0.13585913, -0.04001251, 0.024012208), (0.87573934, 0.049770862, 0.08841622, 0.47200215), (-0.6996079, 0.009903848, -0.06010314, -0.7119255), (0.7457677, -0.037598222, 0.096912235, 0.6580459), (0.8106973, 0.35966152, 0.45787024, -0.061391383), (0.9846113, 0.08473317, -0.06670883, 0.13751951), (0.96115506, 0.12681481, 0.034787625, 0.24267119), (0.9623019, -0.01239264, 0.0048666894, 0.27165875), (0.9981917, -0.057603747, 0.017190427, -0.000047832727), (0.9999999, -8.940697e-8, -2.9802322e-8, 2.9802322e-8), (0.9999999, -8.940697e-8, -2.9802322e-8, 2.9802322e-8), (0.9999999, -8.940697e-8, -2.9802322e-8, 2.9802322e-8), (0.47541496, -0.5234234, -0.4754231, -0.5234324), (0.18044263, -0.061120134, 0.13971391, 0.9716919), (0.5784586, -0.05282674, 0.06912008, 0.8110597), (-0.018315457, 0.9750891, 0.2205373, -0.015160352), (0.00080901384, 0.6733938, 0.739283, -0.0011232793), (0.9999986, 0.000020769425, -0.00020103157, -0.0017707832), (0.9999999, 1.7229468e-7, -0.0000011920929, -0.0011720881), (0.5294007, -0.50853324, 0.50122845, 0.4581484), (0.9999994, 2.8657814e-7, 6.556511e-7, -0.001461816), (0.99945426, -0.03304745, 7.748604e-7, 5.401671e-8), (0.9978163, -0.06605872, 0.0000020861626, 1.7508864e-7), (0.9949885, -0.09999457, 0.0000023841858, 2.682209e-7), (1.0000006, 2.6077032e-7, 6.92904e-7, 1.1175871e-8), (1.0000005, -1.1175871e-8, 0.0000014975667, 1.4901161e-8), (1.0000005, 6.2026083e-7, 0.0000014156103, 1.4901161e-8), (0.9610466, -0.1325543, -0.059432246, -0.23513132), (0.92929685, -0.008153092, 0.004320003, 0.3692184), (0.018436126, 0.9661727, -0.25540468, 0.03064248), (0.0000782907, 0.72922415, 0.6842746, 0.00017118454), (0.99986815, 7.208437e-7, 0.00024342537, 0.016224215), (0.9999993, 2.4493784e-7, -0.0000011930242, -0.0011720434), (-0.50853205, -0.52939975, -0.45814934, 0.5012285), (0.9999989, 2.9802322e-7, 6.7055225e-7, -0.0014617834), (0.9994538, -0.033047505, 8.940697e-8, 2.9802322e-8), (0.9978157, -0.066058785, 2.9802322e-8, 4.0978193e-8), (0.994988, -0.09999456, 1.4901161e-8, 3.7252903e-8), (1, 2.1234155e-7, 0, -2.9802322e-8), (1, 0, 0, 0), (1, 6.5006316e-7, -5.9604645e-8, -5.2154064e-8), (0.49997452, -0.5000246, -0.49998334, -0.5000175), (0.49997452, -0.5000246, -0.49998334, -0.5000175), (0.49997452, -0.5000246, -0.49998334, -0.5000175), (0.49997452, -0.5000246, -0.49998334, -0.5000175)],
                6: [(0.9999999, -0.000099632955, 0.00044452827, -0.0000561536), (0.39598957, 0.5532583, 0.5386356, 0.49695998), (0.98898685, -0.13193938, -0.050295215, 0.04435857), (0.99879277, -0.007680388, 0.007284619, 0.047974844), (0.9999285, -0.007398501, -0.002969712, 0.008959223), (0.999913, -0.012067465, -0.0027635098, -0.0046250373), (0.7538777, 0.14894918, -0.6397519, -0.014165191), (0.87968194, 0.09227595, -0.4493106, 0.12556174), (0.50115377, -0.19261305, -0.12032774, 0.8350255), (1.0000007, -2.9802322e-8, -8.940697e-8, 0), (1.0000007, -2.9802322e-8, -8.940697e-8, 0), (1.0000007, -2.9802322e-8, -8.940697e-8, 0), (1.0000007, -2.9802322e-8, -8.940697e-8, 0), (0.6859187, 0.72459805, 0.06385699, -0.019925892), (0.99673533, 0.020015806, 0.050109416, -0.06007287), (0.82985723, 0.008506894, 0.02967745, 0.5571226), (0.7883175, -0.021627635, -0.017886087, 0.6146296), (-0.68960524, -0.022189707, 0.057059646, -0.7215942), (0.9992837, -0.020937413, 0.015746057, -0.027339667), (0.8552538, -0.018167496, -0.0131189525, 0.51772606), (-0.7197877, -0.027964026, 0.0357441, -0.6927103), (0.8221815, 0.023424923, -0.0500409, 0.5665388), (1.0000011, -0.000011205673, 0.0000014007092, 0.0000023245811), (0.997314, 0.007947534, -0.05315405, 0.049779177), (-0.89868736, 0.0611867, -0.15766162, -0.40467495), (0.6998777, -0.014111608, 0.12670903, 0.70279366), (0.7391305, 0.034885675, 0.15954062, 0.65346587), (0.9891083, -0.1401701, -0.03949657, 0.021412194), (0.87507, 0.09460044, 0.03632, 0.4732709), (-0.69756925, 0.009963304, -0.060506016, -0.71388924), (0.7408872, -0.0007649362, 0.065083146, 0.66846895), (0.810132, 0.38601393, 0.43991643, -0.033976614), (0.9805615, 0.092663, -0.076881886, 0.15492909), (0.9500109, 0.07334298, 0.013747424, 0.3031699), (0.95178187, -0.0047807414, 0.004326135, 0.30670917), (-0.05760338, -0.9981919, 0.000032763928, 0.01722426), (1.0000007, 0, -1.4901161e-8, -3.7252903e-8), (1.0000007, 0, -1.4901161e-8, -3.7252903e-8), (1.0000007, 0, -1.4901161e-8, -3.7252903e-8), (0.9971639, 0.043078296, 0.0519619, 0.033304214), (1.0000002, 0.00014249608, 0.00063975155, 0.00003745593), (0.9999802, 0.00012655184, -0.005812928, -0.0025502788), (0.9963814, -0.017733749, -0.03714983, -0.07436701), (0.511307, -0.48755804, -0.47603902, -0.5236789), (0.47614542, -0.5227677, -0.511503, -0.48822665), (1.000001, 0, 7.450581e-9, -1.2223609e-9), (0.51150346, -0.488226, -0.47614506, -0.52276826), (1.0000007, 0, -7.4724085e-9, -2.3283064e-10), (0.47007146, -0.5282325, -0.47007483, -0.52823645), (0.18808608, 0.7399677, 0.16304587, 0.62489057), (0.9347368, 0.05957958, -0.34149557, 0.078096166), (0.64047676, -0.07168135, -0.19980985, 0.7380569), (1.0000002, -1.4901161e-8, -5.9604645e-8, -4.4703484e-8), (1.0000002, -1.4901161e-8, -5.9604645e-8, -4.4703484e-8), (1.0000002, -1.4901161e-8, -5.9604645e-8, -4.4703484e-8), (1.0000002, -1.4901161e-8, -5.9604645e-8, -4.4703484e-8), (0.7370401, 0.6538899, -0.13384074, -0.106242895), (0.996874, 0.017170817, 0.04954022, -0.05911401), (0.7944233, -0.10650271, 0.093085736, 0.590665), (-0.79024065, 0.02165389, 0.018039772, -0.612149), (0.69250363, 0.042877704, -0.07365331, 0.7163634), (0.99934596, -0.019408613, 0.015044689, -0.026573867), (0.8230015, -0.123512596, 0.065381855, 0.5505816), (-0.72190595, -0.027687818, 0.035728127, -0.69051456), (0.82383955, 0.023130208, -0.049983025, 0.56414276), (1.0000008, 0.000011473894, 0, -8.940697e-8), (0.9861518, -0.11563316, -0.10003212, 0.06425491), (0.8895746, 0.012624264, 0.22321, 0.3983421), (-0.7019521, 0.013834298, -0.12566563, -0.70091444), (0.7367734, 0.03530781, 0.16042235, 0.65588397), (0.9895056, -0.13702333, -0.04023841, 0.022037327), (0.87574553, 0.04976383, 0.08841944, 0.47199258), (-0.69960856, 0.009903878, -0.06010332, -0.7119261), (0.7457684, -0.037598222, 0.09691256, 0.65804654), (0.81119263, 0.35972652, 0.4566878, -0.06325546), (0.98461366, 0.08472955, -0.066778034, 0.13747509), (0.9611517, 0.12682468, 0.034805834, 0.24267922), (0.96230227, -0.0123924315, 0.004866779, 0.27165896), (0.9981922, -0.057603747, 0.017190427, -0.00004786253), (1.0000001, -5.9604645e-8, 0, 1.4901161e-8), (1.0000001, -5.9604645e-8, 0, 1.4901161e-8), (1.0000001, -5.9604645e-8, 0, 1.4901161e-8), (0.475415, -0.52342343, -0.47542313, -0.52343243), (0.28003025, -0.041726425, 0.107145905, 0.9530803), (0.5532504, -0.038837243, 0.057499275, 0.8301203), (-0.035337947, 0.9716572, 0.23275203, -0.021451592), (0.0022658408, 0.6673312, 0.74473965, -0.0051505566), (0.9999994, -0.0000048726797, -0.0008010864, -0.00031875074), (0.9999995, 1.8626451e-7, -0.0000011622906, -0.0011720732), (0.5294005, -0.508533, 0.5012282, 0.45814818), (0.9999992, 2.9010698e-7, 7.4505806e-7, -0.0014618146), (0.99945414, -0.033047445, 7.748604e-7, 5.122274e-8), (0.99781615, -0.06605871, 0.000002115965, 1.7508864e-7), (0.9949883, -0.09999457, 0.0000024437904, 2.644956e-7), (1.0000004, 2.477318e-7, 6.7055225e-7, -5.5879354e-9), (1.0000004, -3.7252903e-9, 0.000001475215, 1.4901161e-8), (1.0000004, 6.2957406e-7, 0.0000014007092, 0), (0.9865908, -0.12187177, -0.032660425, -0.10353515), (0.94065106, -0.017523745, 0.0071668774, 0.3388472), (0.008340493, 0.9510231, -0.30776104, 0.027729213), (-0.00041902065, 0.7247948, 0.6889647, 0.0007136762), (0.99986583, -0.000015855767, 0.0002898574, 0.016396737), (0.9999996, 2.5238842e-7, -0.0000012433156, -0.0011720732), (-0.5085322, -0.52939993, -0.4581495, 0.5012287), (0.999999, 2.7939677e-7, 6.556511e-7, -0.00146183), (0.9994539, -0.033047497, 5.9604645e-8, 1.1175871e-8), (0.9978158, -0.06605879, 0, 2.6077032e-8), (0.9949881, -0.09999459, 1.1920929e-7, 7.4505806e-8), (1.0000002, 2.3655593e-7, 2.2351742e-8, 1.1175871e-8), (1.0000002, 0, 0, 0), (1.0000002, 6.2491745e-7, -6.3329935e-8, -2.6077032e-8), (0.49997455, -0.50002474, -0.49998337, -0.5000176), (0.49997455, -0.50002474, -0.49998337, -0.5000176), (0.49997455, -0.50002474, -0.49998337, -0.5000176), (0.49997455, -0.50002474, -0.49998337, -0.5000176)],
                7: [(0.99999994, -0.00033656214, -0.00015592278, 0.00011750149), (0.45873353, 0.49561715, 0.50046754, 0.54171914), (0.99746203, -0.0047379844, -0.0510444, 0.049417585), (0.9988623, 0.012746306, 0.006523505, 0.045493454), (0.9999115, 0.012770544, 0.0004903823, 0.0037677065), (0.9998963, 0.011372516, -0.0064881593, -0.0060031097), (0.6976505, 0.21377581, -0.6818581, -0.05150844), (0.917694, 0.091037035, -0.37787545, 0.08222081), (0.5339237, -0.16262037, -0.16439551, 0.81329834), (0.99999994, -2.9802322e-8, -8.940697e-8, 0), (0.99999994, -2.9802322e-8, -8.940697e-8, 0), (0.99999994, -2.9802322e-8, -8.940697e-8, 0), (0.99999994, -2.9802322e-8, -8.940697e-8, 0), (0.6553282, 0.75336975, -0.053221464, -0.012109637), (0.9968463, 0.020745814, 0.049821824, -0.05818203), (0.8298591, 0.008500785, 0.02967453, 0.55711865), (0.78831697, -0.021627605, -0.017885849, 0.61462885), (-0.6896046, -0.022189647, 0.057059586, -0.7215935), (0.9993542, -0.020153493, 0.015355587, -0.025486857), (0.8552555, -0.01817426, -0.013121128, 0.5177219), (-0.7197877, -0.027963966, 0.035743684, -0.69270957), (0.822181, 0.023424864, -0.05004084, 0.5665387), (1.0000004, -0.000011205673, 0.0000014305115, 0.0000023543835), (0.997193, 0.008828938, -0.053551912, 0.051584184), (-0.8986886, 0.061193764, -0.15766004, -0.4046703), (0.69987774, -0.0141117275, 0.12670918, 0.70279264), (0.73913014, 0.034885794, 0.15954086, 0.65346533), (0.989164, -0.13931012, -0.040142894, 0.023157269), (0.87507266, 0.09459394, 0.0363189, 0.4732663), (-0.6975692, 0.009963334, -0.060506254, -0.71388865), (0.7408868, -0.0007649064, 0.065083295, 0.6684687), (0.81011784, 0.38580573, 0.44025797, -0.03219393), (0.9805492, 0.092692934, -0.07658261, 0.15513465), (0.950031, 0.073280945, 0.013658345, 0.30312508), (0.9517819, -0.004782318, 0.0043256134, 0.3067082), (-0.057603378, -0.9981913, 0.000032762066, 0.017224252), (1.0000002, -2.9802322e-8, 0, -1.4901161e-8), (1.0000002, -2.9802322e-8, 0, -1.4901161e-8), (1.0000002, -2.9802322e-8, 0, -1.4901161e-8), (0.99728966, -0.026718227, 0.022466242, 0.06476649), (0.9999999, 0.000015001744, 0.00022777915, 0.00037822453), (0.99997807, 0.0000022938475, -0.0062251985, -0.0022087675), (0.99684775, -0.021423712, -0.008933306, -0.07586585), (0.5113067, -0.48755786, -0.47603878, -0.52367866), (0.4761452, -0.5227675, -0.51150274, -0.48822647), (1.0000005, -7.450581e-9, 0, -6.9849193e-10), (0.51150316, -0.48822567, -0.47614482, -0.5227679), (1.0000001, 0, -7.450581e-9, 0), (0.47007126, -0.5282323, -0.47007468, -0.5282362), (0.14410463, 0.7003169, 0.17446369, 0.67701733), (0.91394913, 0.06289047, -0.3754566, 0.14061937), (0.63771075, -0.13705239, -0.15661377, 0.7416288), (0.99999976, -2.9802322e-8, -5.9604645e-8, -2.9802322e-8), (0.99999976, -2.9802322e-8, -5.9604645e-8, -2.9802322e-8), (0.99999976, -2.9802322e-8, -5.9604645e-8, -2.9802322e-8), (0.99999976, -2.9802322e-8, -5.9604645e-8, -2.9802322e-8), (0.68930733, 0.70042825, -0.053986818, -0.17703393), (0.9968288, 0.017379344, 0.04960689, -0.05974859), (0.79442, -0.10649803, 0.0930838, 0.5906697), (-0.79024017, 0.021653801, 0.018039938, -0.612149), (0.69250333, 0.042877793, -0.07365319, 0.7163632), (0.9993305, -0.019220203, 0.015129179, -0.02721423), (0.82299864, -0.12350717, 0.06537905, 0.5505863), (-0.72190535, -0.027687877, 0.035728283, -0.69051397), (0.82383883, 0.023130268, -0.049983054, 0.5641424), (1.0000002, 0.000011444092, -2.9802322e-8, -1.1920929e-7), (0.9862199, -0.11551523, -0.09990281, 0.06360844), (0.88957214, 0.012629569, 0.22320637, 0.39834735), (-0.7019517, 0.013834178, -0.12566538, -0.7009139), (0.73677295, 0.035307884, 0.16042227, 0.65588343), (0.98954654, -0.13686907, -0.04008746, 0.021400899), (0.8757422, 0.049769104, 0.08841619, 0.47199735), (-0.69960815, 0.009903908, -0.060103256, -0.7119257), (0.74576795, -0.037598193, 0.096912414, 0.6580461), (0.81105506, 0.36016375, 0.4565218, -0.06372005), (0.9846128, 0.08472973, -0.06677216, 0.13747913), (0.9611509, 0.12682489, 0.03480634, 0.2426793), (0.96230173, -0.012392551, 0.004866749, 0.2716587), (0.99819165, -0.057603717, 0.017190397, -0.00004786253), (0.9999996, -8.940697e-8, 1.4901161e-8, 3.3527613e-8), (0.9999996, -8.940697e-8, 1.4901161e-8, 3.3527613e-8), (0.9999996, -8.940697e-8, 1.4901161e-8, 3.3527613e-8), (0.47541487, -0.5234233, -0.47542298, -0.52343225), (0.31973952, -0.014855488, -0.01515612, 0.947268), (0.6408085, -0.029099911, 0.032964975, 0.76644087), (-0.05120972, 0.98203856, 0.17597947, -0.044832736), (0.0050626695, 0.6836301, 0.7297286, -0.011018038), (0.99998516, 0.000008612871, -0.0015288629, 0.0053152367), (1, 1.899898e-7, -0.0000012218952, -0.0011720695), (0.52940077, -0.50853324, 0.50122845, 0.45814842), (0.9999994, 2.8754584e-7, 7.1525574e-7, -0.0014618095), (0.9994544, -0.03304744, 8.046627e-7, 5.9604645e-8), (0.9978164, -0.06605872, 0.0000020563602, 1.7881393e-7), (0.9949886, -0.09999457, 0.0000023841858, 2.8312206e-7), (1.0000006, 2.2910535e-7, 6.556511e-7, -3.7252903e-9), (1.0000005, -1.6763806e-8, 0.0000014603138, 4.284084e-8), (1.0000005, 6.7055225e-7, 0.0000014305115, 2.7939677e-8), (0.9969379, -0.007957809, -0.02544877, 0.07351349), (0.980819, -0.035549644, 0.0070887357, 0.19152144), (-0.0029847324, 0.9626612, -0.26942825, 0.026141763), (-0.0045385063, 0.6925581, 0.72134805, -0.000010281801), (0.9998362, 0.000053690746, 0.0004993379, 0.01809484), (0.9999995, 1.8626451e-7, -0.0000012554228, -0.0011720061), (-0.5085322, -0.5293999, -0.45814952, 0.5012287), (0.9999992, 2.8219074e-7, 7.1525574e-7, -0.001461802), (0.999454, -0.03304749, 5.9604645e-8, 2.6077032e-8), (0.9978159, -0.066058815, 5.9604645e-8, 0), (0.99498814, -0.09999461, 8.940697e-8, 5.9604645e-8), (1.0000002, 2.514571e-7, 0, 3.259629e-8), (1.0000002, 0, 0, 0), (1.0000001, 6.388873e-7, -2.9802322e-8, -5.9138983e-8), (0.4999746, -0.5000248, -0.4999834, -0.5000176), (0.4999746, -0.5000248, -0.4999834, -0.5000176), (0.4999746, -0.5000248, -0.4999834, -0.5000176), (0.4999746, -0.5000248, -0.4999834, -0.5000176)],
                8: [(0.9999998, 0.00017383699, -0.00061820407, -0.0000086471755), (0.48850808, 0.48550165, 0.4169276, 0.59314376), (0.9930726, 0.1097624, -0.037899137, 0.017969068), (0.99910223, 0.03059324, 0.0077291057, 0.028271647), (0.9993338, 0.029699799, -0.0027544051, 0.02104032), (0.9988662, 0.04048501, -0.010221779, 0.022868864), (0.65695196, 0.15246677, -0.7312116, -0.102457434), (0.9403944, 0.04738885, -0.33253807, 0.05320911), (0.6481462, -0.07847491, -0.19250773, 0.73259056), (0.9999999, -1.4901161e-8, -8.940697e-8, 1.4901161e-8), (0.9999999, -1.4901161e-8, -8.940697e-8, 1.4901161e-8), (0.9999999, -1.4901161e-8, -8.940697e-8, 1.4901161e-8), (0.9999999, -1.4901161e-8, -8.940697e-8, 1.4901161e-8), (0.63699603, 0.76548225, -0.08738725, -0.025230318), (0.9970337, 0.023046106, 0.050489455, -0.05332297), (0.82984245, 0.008513451, 0.029669404, 0.55714303), (0.7883168, -0.021627814, -0.017885774, 0.6146288), (-0.6896043, -0.022189528, 0.057059288, -0.7215936), (0.99950576, -0.01767075, 0.015746415, -0.020688444), (0.8552408, -0.018158019, -0.01313138, 0.5177464), (-0.7197876, -0.027963802, 0.03574366, -0.6927098), (0.82218105, 0.023424834, -0.050040662, 0.56653893), (1.0000004, -0.000011205673, 0.0000014305115, 0.0000023841858), (0.996933, 0.011663288, -0.053222477, 0.056178927), (-0.8986785, 0.06117612, -0.1576473, -0.40469974), (0.69987684, -0.014111608, 0.12670931, 0.7027929), (0.7391296, 0.034885645, 0.15954095, 0.65346503), (0.98941374, -0.13656816, -0.04044664, 0.027813435), (0.8750582, 0.09460825, 0.036303192, 0.4732908), (-0.6975688, 0.009963483, -0.0605061, -0.71388865), (0.7408866, -0.000764966, 0.065083295, 0.6684685), (0.81670153, 0.37906197, 0.43239444, -0.048435986), (0.9794115, 0.09573679, -0.055490285, 0.16884479), (0.94999856, 0.073351875, 0.013751805, 0.30320436), (0.9517813, -0.0047814, 0.004325919, 0.30670914), (-0.057603378, -0.99819124, 0.00003277324, 0.017224222), (1.0000004, 0, 0, -2.9802322e-8), (1.0000004, 0, 0, -2.9802322e-8), (1.0000004, 0, 0, -2.9802322e-8), (0.9948526, -0.095599525, 0.008386582, 0.032535978), (1, -0.00020507257, 0.00018830597, -0.0000442937), (0.9999769, -0.00022042636, -0.0062652677, -0.0026298612), (0.99618983, -0.02143817, 0.02415587, -0.08101078), (0.5113067, -0.4875578, -0.47603875, -0.52367866), (0.4761452, -0.52276754, -0.51150274, -0.4882264), (1.0000006, 0, -3.7252903e-9, -4.656613e-10), (0.5115032, -0.48822573, -0.47614482, -0.522768), (1.0000002, 0, -7.450581e-9, 0), (0.47007126, -0.52823234, -0.47007468, -0.5282362), (0.12342492, 0.7060748, 0.07927701, 0.69277674), (0.86261773, -0.004698068, -0.44626394, 0.238153), (0.7107917, -0.15357175, -0.028992712, 0.6858207), (0.9999997, -2.9802322e-8, -5.9604645e-8, -4.4703484e-8), (0.9999997, -2.9802322e-8, -5.9604645e-8, -4.4703484e-8), (0.9999997, -2.9802322e-8, -5.9604645e-8, -4.4703484e-8), (0.9999997, -2.9802322e-8, -5.9604645e-8, -4.4703484e-8), (0.6258698, 0.7494862, 0.061372638, -0.20685923), (0.9967802, 0.017573953, 0.049984008, -0.060183287), (0.7944207, -0.10649574, 0.09308654, 0.5906685), (-0.7902402, 0.02165398, 0.018040136, -0.6121484), (0.69250333, 0.042877614, -0.07365373, 0.71636266), (0.99931633, -0.019028127, 0.015517116, -0.027642936), (0.8229991, -0.123505056, 0.065381914, 0.5505853), (-0.7219054, -0.027687788, 0.035728425, -0.69051373), (0.82383883, 0.023130208, -0.049983323, 0.5641423), (1.0000002, 0.000011473894, -2.9802322e-8, -1.4901161e-7), (0.98630774, -0.11534232, -0.09949538, 0.063198894), (0.88957214, 0.012631774, 0.22320923, 0.3983466), (-0.70195246, 0.01383388, -0.12566514, -0.7009139), (0.7367735, 0.035307944, 0.16042209, 0.6558839), (0.98959744, -0.1366848, -0.03966096, 0.021009684), (0.8757423, 0.04977113, 0.08841893, 0.47199655), (-0.6996086, 0.009903818, -0.060103003, -0.7119254), (0.7457681, -0.03759834, 0.09691197, 0.6580461), (0.8107854, 0.36049923, 0.45667955, -0.06412095), (0.9846131, 0.08473228, -0.06677082, 0.13747594), (0.9611509, 0.1268247, 0.03480646, 0.24267942), (0.9623015, -0.0123927295, 0.0048666894, 0.27165872), (0.99819154, -0.057603717, 0.017190397, -0.00004786253), (0.9999997, -5.9604645e-8, -7.450581e-9, 4.4703484e-8), (0.9999997, -5.9604645e-8, -7.450581e-9, 4.4703484e-8), (0.9999997, -5.9604645e-8, -7.450581e-9, 4.4703484e-8), (0.47541484, -0.5234233, -0.47542298, -0.52343225), (0.37259817, 0.013358001, -0.10480428, 0.9219591), (0.75079304, -0.029142296, -0.0031576343, 0.65988696), (-0.034257684, 0.99675953, 0.021886049, -0.06941429), (0.0050573647, 0.72767055, 0.685825, -0.0107008815), (0.99992263, 0.0000010766089, -0.0015242994, 0.012356423), (0.9999999, 2.1606684e-7, -0.0000011026859, -0.0011720767), (0.52940065, -0.50853324, 0.50122833, 0.4581484), (0.99999917, 3.0361116e-7, 6.556511e-7, -0.00146183), (0.9994541, -0.033047426, 7.748604e-7, 4.0978193e-8), (0.99781615, -0.06605872, 0.0000020861626, 1.8626451e-7), (0.9949883, -0.09999456, 0.000002413988, 2.682209e-7), (1.0000005, 2.3585744e-7, 6.556511e-7, -2.7939677e-9), (1.0000005, 1.9557774e-8, 0.0000015199184, -1.6763806e-8), (1.0000005, 6.594928e-7, 0.0000014305115, 1.0244548e-8), (0.98761743, 0.103368714, -0.015592784, 0.11697804), (0.9905104, -0.059851136, 0.0071725547, 0.12351331), (-0.009505404, 0.9978105, -0.062082116, 0.020729184), (0.003668934, 0.51671195, 0.8561462, 0.0029806197), (0.99956894, -0.000072801486, 0.00032404065, 0.02935829), (0.9999993, 2.7567148e-7, -0.0000012218952, -0.0011720173), (-0.50853205, -0.5293997, -0.4581493, 0.50122845), (0.9999989, 2.5803456e-7, 6.854534e-7, -0.0014617927), (0.9994539, -0.033047475, 8.940697e-8, 4.0978193e-8), (0.9978157, -0.06605879, 0, 2.2351742e-8), (0.9949881, -0.099994585, 5.9604645e-8, 7.4505806e-8), (1.0000001, 1.8067658e-7, 0, 3.7252903e-9), (1, 0, 0, 0), (1, 6.4074993e-7, -2.9802322e-8, -1.8626451e-9), (0.49997455, -0.50002474, -0.4999834, -0.50001764), (0.49997455, -0.50002474, -0.4999834, -0.50001764), (0.49997455, -0.50002474, -0.4999834, -0.50001764), (0.49997455, -0.50002474, -0.4999834, -0.50001764)],
                9: [(1, 0.000035736484, 0.00010117284, -0.00008772791), (0.48276007, 0.52840674, 0.41674256, 0.56040573), (0.9957005, 0.09218958, -0.0009705052, 0.008979597), (0.9989816, 0.03948471, 0.006840013, 0.020734686), (0.9989706, 0.039162043, -0.007085398, 0.02176676), (0.99835896, 0.045655914, -0.009824574, 0.033136927), (0.62185645, 0.14001626, -0.7569307, -0.14403301), (0.95895356, 0.03158462, -0.28119385, 0.018451989), (0.6864221, 0.01047124, -0.22283375, 0.69214165), (1, -4.4703484e-8, -5.9604645e-8, 0), (1, -4.4703484e-8, -5.9604645e-8, 0), (1, -4.4703484e-8, -5.9604645e-8, 0), (1, -4.4703484e-8, -5.9604645e-8, 0), (0.6342181, 0.7653963, -0.09818037, -0.04792118), (0.99705434, 0.023172498, 0.051775903, -0.051623523), (0.8298455, 0.008511543, 0.029683083, 0.5571383), (0.78831726, -0.02162759, -0.017885782, 0.61462903), (-0.6896047, -0.022189587, 0.057059377, -0.72159404), (0.9995245, -0.017443225, 0.016956985, -0.018943727), (0.85524285, -0.018160328, -0.013116851, 0.5177427), (-0.71978736, -0.027963966, 0.03574363, -0.69270945), (0.8221806, 0.023424894, -0.050040573, 0.5665387), (1.0000002, -0.000011175871, 0.0000014603138, 0.0000023841858), (0.9968965, 0.012103185, -0.051985517, 0.057864457), (-0.89867806, 0.06117773, -0.15766117, -0.4046948), (0.69987684, -0.01411131, 0.12670936, 0.7027931), (0.7391299, 0.034885734, 0.15954083, 0.6534653), (0.98945194, -0.13618656, -0.03946647, 0.029672295), (0.87505895, 0.09460673, 0.036318332, 0.4732886), (-0.69756883, 0.009963229, -0.0605062, -0.71388865), (0.74088675, -0.0007649064, 0.06508325, 0.6684685), (0.82415354, 0.3748579, 0.4198542, -0.063046634), (0.9790199, 0.09830798, -0.033810318, 0.17524861), (0.94999355, 0.07342849, 0.01388225, 0.30319536), (0.9517814, -0.004779756, 0.0043267235, 0.30670863), (-0.057603355, -0.9981911, 0.000032776967, 0.017224237), (1.0000002, 2.9802322e-8, 2.9802322e-8, -2.9802322e-8), (1.0000002, 2.9802322e-8, 2.9802322e-8, -2.9802322e-8), (1.0000002, 2.9802322e-8, 2.9802322e-8, -2.9802322e-8), (0.9916597, -0.12444031, 0.005043581, 0.0331615), (0.99999976, -0.00011513941, 0.00014922023, 0.000093940645), (0.99997675, -0.00012951344, -0.0063040406, -0.0024921112), (0.9954473, -0.02066201, 0.041762263, -0.083145395), (0.5113066, -0.48755774, -0.4760387, -0.52367854), (0.47614503, -0.5227673, -0.51150256, -0.48822635), (1.0000002, 0, -3.7252903e-9, -9.313226e-10), (0.5115031, -0.48822564, -0.4761447, -0.52276784), (0.9999999, 0, -7.450581e-9, 0), (0.47007114, -0.52823216, -0.47007453, -0.52823603), (0.09498335, 0.6853211, 0.045931846, 0.7205575), (0.8281575, 0.010267407, -0.48852992, 0.27456895), (0.6592485, -0.17579699, 0.08271557, 0.7263917), (0.99999976, -5.9604645e-8, -8.940697e-8, -2.9802322e-8), (0.99999976, -5.9604645e-8, -8.940697e-8, -2.9802322e-8), (0.99999976, -5.9604645e-8, -8.940697e-8, -2.9802322e-8), (0.99999976, -5.9604645e-8, -8.940697e-8, -2.9802322e-8), (0.5888083, 0.7784522, 0.102264285, -0.1919863), (0.99678755, 0.017738372, 0.04997042, -0.060025156), (0.7944201, -0.10649535, 0.09308365, 0.5906699), (-0.79024035, 0.02165404, 0.018040102, -0.6121485), (0.69250345, 0.042877734, -0.07365358, 0.71636295), (0.9993241, -0.018859029, 0.01549229, -0.02749142), (0.8229987, -0.12350455, 0.065378785, 0.55058634), (-0.7219054, -0.027687788, 0.03572847, -0.69051373), (0.8238387, 0.023130298, -0.049983293, 0.5641424), (1.0000001, 0.000011444092, 0, -1.1920929e-7), (0.98631513, -0.1151607, -0.09954971, 0.06332621), (0.88957214, 0.01263231, 0.22320619, 0.3983475), (-0.70195216, 0.013834119, -0.12566496, -0.70091367), (0.73677325, 0.035307884, 0.16042185, 0.6558837), (0.9896165, -0.13651049, -0.039711416, 0.021147013), (0.875742, 0.049771756, 0.08841574, 0.47199738), (-0.6996083, 0.009903789, -0.060102966, -0.7119254), (0.74576795, -0.037598163, 0.096912235, 0.65804607), (0.81074536, 0.36057132, 0.45672283, -0.06391245), (0.98461264, 0.084731705, -0.06677055, 0.13747944), (0.9611507, 0.1268248, 0.0348064, 0.24267942), (0.96230143, -0.0123927, 0.0048668087, 0.27165872), (0.99819154, -0.057603717, 0.017190427, -0.00004786253), (0.99999976, -5.9604645e-8, 1.4901161e-8, 2.9802322e-8), (0.99999976, -5.9604645e-8, 1.4901161e-8, 2.9802322e-8), (0.99999976, -5.9604645e-8, 1.4901161e-8, 2.9802322e-8), (0.47541478, -0.52342325, -0.47542292, -0.5234322), (0.3576178, 0.004493922, -0.062041968, 0.93179405), (0.8656076, -0.026540019, -0.035141107, 0.4987828), (0.0069905594, 0.99284923, -0.0940488, -0.07318872), (0.0020739138, 0.727159, 0.6864539, -0.0040594935), (0.9999481, 0.0000057816505, -0.00070512295, 0.010150209), (0.99999964, 1.6763806e-7, -0.0000012367964, -0.001172103), (0.5294005, -0.50853306, 0.5012283, 0.4581483), (0.99999917, 2.849847e-7, 7.003546e-7, -0.0014618225), (0.99945414, -0.033047445, 7.748604e-7, 7.8231096e-8), (0.9978161, -0.066058666, 0.0000020563602, 1.8626451e-7), (0.9949883, -0.09999454, 0.000002413988, 2.8312206e-7), (1.0000004, 2.477318e-7, 6.2584877e-7, -5.5879354e-9), (1.0000004, 1.8626451e-8, 0.0000015497208, -3.7252903e-8), (1.0000004, 6.649643e-7, 0.0000014007092, 2.0489097e-8), (0.9781233, 0.08979063, 0.027221203, 0.18566383), (0.99478596, -0.08118323, 0.0052548945, 0.0614983), (-0.03426878, 0.9513726, 0.30574292, -0.015383422), (0.0018768907, 0.38798216, 0.9216555, -0.0041188896), (0.99948466, 0.00004258193, -0.0018529594, 0.032036573), (0.9999991, 2.4400651e-7, -0.0000012218952, -0.0011720359), (-0.508532, -0.5293997, -0.45814925, 0.50122845), (0.9999987, 2.9010698e-7, 6.2584877e-7, -0.0014617741), (0.9994536, -0.033047497, 5.9604645e-8, 4.4703484e-8), (0.99781543, -0.06605873, 0, 1.4901161e-8), (0.99498785, -0.09999458, 5.9604645e-8, 7.4505806e-8), (0.9999997, 1.9744039e-7, 2.9802322e-8, 1.1175871e-8), (0.99999976, 0, 0, 0), (0.99999964, 6.3702464e-7, -5.9604645e-8, -5.2154064e-8), (0.4999745, -0.5000247, -0.49998325, -0.5000175), (0.4999745, -0.5000247, -0.49998325, -0.5000175), (0.4999745, -0.5000247, -0.49998325, -0.5000175), (0.4999745, -0.5000247, -0.49998325, -0.5000175)],
                10: [(1, -0.0000073357123, 0.00013126295, 0.000021718304), (0.47683066, 0.54935604, 0.41919482, 0.54324585), (0.9965958, 0.08015801, 0.01820919, 0.006297417), (0.9989203, 0.042929422, 0.0021835342, 0.01761537), (0.99882907, 0.042784512, -0.009599119, 0.020433903), (0.99835396, 0.046272032, -0.00628075, 0.033289403), (0.6197098, 0.13194948, -0.75049233, -0.18790835), (0.9651373, 0.024506927, -0.26050735, -0.006706327), (0.6569305, 0.04412119, -0.27259302, 0.70156133), (0.99999976, -4.4703484e-8, -5.9604645e-8, 2.2351742e-8), (0.99999976, -4.4703484e-8, -5.9604645e-8, 2.2351742e-8), (0.99999976, -4.4703484e-8, -5.9604645e-8, 2.2351742e-8), (0.99999976, -4.4703484e-8, -5.9604645e-8, 2.2351742e-8), (0.6538204, 0.7487804, -0.10494247, -0.02886939), (0.9970534, 0.02307424, 0.051437438, -0.052019745), (0.8298523, 0.0085069835, 0.029671669, 0.5571286), (0.788317, -0.021627784, -0.017885841, 0.6146289), (-0.6896045, -0.022189602, 0.057059556, -0.7215938), (0.9995199, -0.01756528, 0.01663822, -0.019349426), (0.8552493, -0.018166527, -0.013126045, 0.5177317), (-0.7197874, -0.027963892, 0.035743773, -0.6927093), (0.82218075, 0.023424894, -0.050040662, 0.5665384), (1.0000001, -0.000011175871, 0.0000014305115, 0.0000023245811), (0.99690413, 0.011931136, -0.052304804, 0.057479084), (-0.898684, 0.061185464, -0.15765455, -0.40468258), (0.69987726, -0.014111847, 0.1267091, 0.70279217), (0.73912954, 0.03488566, 0.15954073, 0.65346503), (0.98943233, -0.136345, -0.039728194, 0.029239774), (0.87506646, 0.09460083, 0.036311775, 0.47327614), (-0.6975688, 0.009963468, -0.06050626, -0.71388847), (0.7408865, -0.0007649213, 0.065083265, 0.6684683), (0.8208858, 0.37717173, 0.42523694, -0.05533138), (0.97948366, 0.0970782, -0.043416083, 0.17118025), (0.95000935, 0.07333312, 0.013729662, 0.30317667), (0.95178175, -0.0047822148, 0.004325729, 0.3067087), (-0.057603337, -0.99819094, 0.000032797456, 0.017224282), (1, 0, 0, -2.9802322e-8), (1, 0, 0, -2.9802322e-8), (1, 0, 0, -2.9802322e-8), (0.99047077, -0.1332307, 0.0102095455, 0.033350423), (0.99999964, -0.000032691285, 0.00022947788, 0.0002226755), (0.99997747, -0.000046428293, -0.0062235, -0.0023639575), (0.9950539, -0.020514827, 0.040235013, -0.088472866), (0.51130664, -0.4875577, -0.47603863, -0.52367854), (0.47614506, -0.5227674, -0.5115026, -0.48822635), (1.0000002, -7.450581e-9, -3.7252903e-9, -4.656613e-10), (0.51150304, -0.4882256, -0.47614473, -0.5227679), (1, 0, -7.450581e-9, 0), (0.4700711, -0.52823216, -0.4700745, -0.52823603), (0.070511915, 0.6620808, 0.0389266, 0.7450913), (0.80737823, 0.022251219, -0.5105182, 0.29498434), (0.6040394, -0.18517935, 0.13233325, 0.76376176), (0.9999994, -1.4901161e-8, -5.9604645e-8, -2.9802322e-8), (0.9999994, -1.4901161e-8, -5.9604645e-8, -2.9802322e-8), (0.9999994, -1.4901161e-8, -5.9604645e-8, -2.9802322e-8), (0.9999994, -1.4901161e-8, -5.9604645e-8, -2.9802322e-8), (0.62286615, 0.7647641, 0.102033585, -0.12946841), (0.9968165, 0.01742965, 0.04998529, -0.059616506), (0.7944177, -0.10649787, 0.09308511, 0.59067214), (-0.7902399, 0.021653801, 0.018039986, -0.61214846), (0.69250304, 0.042877704, -0.0736534, 0.7163626), (0.99932957, -0.019153327, 0.015501201, -0.02707073), (0.8229964, -0.123506665, 0.06537974, 0.5505887), (-0.7219051, -0.027687907, 0.03572841, -0.6905135), (0.82383835, 0.023130268, -0.049983203, 0.5641419), (0.9999999, 0.000011473894, 0, -8.940697e-8), (0.9862574, -0.115400136, -0.099556, 0.06377673), (0.8895707, 0.012629926, 0.22320652, 0.39835042), (-0.701952, 0.013834, -0.12566522, -0.7009137), (0.736773, 0.035307944, 0.16042215, 0.65588367), (0.98956895, -0.13677734, -0.039738923, 0.021582305), (0.87574023, 0.04976943, 0.08841646, 0.47200027), (-0.6996081, 0.009903759, -0.060103, -0.71192527), (0.7457678, -0.037598133, 0.096912265, 0.65804595), (0.81086457, 0.36014238, 0.45687777, -0.063708454), (0.98461294, 0.08472793, -0.06676903, 0.13747934), (0.96115065, 0.12682477, 0.03480643, 0.2426793), (0.9623013, -0.0123927295, 0.0048666894, 0.27165863), (0.9981913, -0.057603687, 0.017190456, -0.000047832727), (0.9999994, -7.4505806e-8, 1.4901161e-8, 0), (0.9999994, -7.4505806e-8, 1.4901161e-8, 0), (0.9999994, -7.4505806e-8, 1.4901161e-8, 0), (0.47541472, -0.5234231, -0.4754228, -0.523432), (0.30236644, 0.01575791, -0.05312994, 0.9515793), (0.9618182, -0.009457478, -0.020376489, 0.2727645), (0.039127737, 0.9906633, -0.11971101, -0.052190036), (0.0025412142, 0.67768127, 0.73534876, 0.0016863048), (0.9999862, 0.000025067478, -0.00012281537, 0.0051287375), (0.99999917, 2.0116568e-7, -0.0000012107193, -0.0011720583), (0.5294003, -0.5085329, 0.50122803, 0.45814812), (0.99999857, 2.7939677e-7, 7.0780516e-7, -0.0014618561), (0.99945354, -0.033047423, 7.972121e-7, 6.3329935e-8), (0.99781555, -0.06605868, 0.0000020712614, 1.7881393e-7), (0.9949877, -0.09999451, 0.0000024065375, 2.4586916e-7), (1, 2.7380884e-7, 7.003546e-7, 0), (1.0000001, -3.5390258e-8, 0.0000014901161, 2.6077032e-8), (1.0000001, 6.686896e-7, 0.000001385808, 7.450581e-9), (0.97001266, 0.083223075, 0.053773195, 0.22194001), (0.9943815, -0.09324608, 0.0048873127, 0.049859613), (-0.040023744, 0.9317343, 0.3595582, -0.03140539), (0.0051077604, 0.644996, 0.76415396, -0.0046956837), (0.9999623, 0.000013977289, -0.0011846274, 0.0085566975), (0.9999989, 2.4959445e-7, -0.0000012218952, -0.0011720359), (-0.5085319, -0.5293996, -0.45814928, 0.5012284), (0.99999857, 2.6077032e-7, 7.1525574e-7, -0.0014617853), (0.9994534, -0.033047475, 5.9604645e-8, 4.0978193e-8), (0.9978153, -0.06605877, 0, 2.9802322e-8), (0.9949876, -0.09999451, 5.9604645e-8, 6.7055225e-8), (0.99999964, 2.1234155e-7, 2.9802322e-8, -1.8626451e-8), (0.99999964, 0, 0, 0), (0.99999964, 6.519258e-7, -5.9604645e-8, -4.4703484e-8), (0.49997437, -0.5000246, -0.49998325, -0.5000174), (0.49997437, -0.5000246, -0.49998325, -0.5000174), (0.49997437, -0.5000246, -0.49998325, -0.5000174), (0.49997437, -0.5000246, -0.49998325, -0.5000174)],
                11: [(1, 0.0000045336024, 0.000079521305, -0.0000014689894), (0.48291793, 0.5589174, 0.40698317, 0.5373697), (0.99555516, 0.08695509, 0.035687834, 0.00589101), (0.9989212, 0.04339695, -0.00071861595, 0.016503341), (0.9988197, 0.043265387, -0.010247171, 0.01954677), (0.99849427, 0.04419808, -0.0034355223, 0.0323029), (0.6300725, 0.12428443, -0.73332644, -0.22314568), (0.9621222, 0.023782253, -0.2697478, -0.0314838), (0.65614814, 0.095074505, -0.30166578, 0.68514806), (0.99999976, -4.4703484e-8, -5.9604645e-8, 1.4901161e-8), (0.99999976, -4.4703484e-8, -5.9604645e-8, 1.4901161e-8), (0.99999976, -4.4703484e-8, -5.9604645e-8, 1.4901161e-8), (0.99999976, -4.4703484e-8, -5.9604645e-8, 1.4901161e-8), (0.7019503, 0.7077344, -0.07981053, -0.0027893782), (0.99703383, 0.022694468, 0.051926166, -0.052078098), (0.8298489, 0.008509457, 0.029679477, 0.557133), (0.7883169, -0.021627635, -0.017885782, 0.6146288), (-0.68960464, -0.022189513, 0.057059437, -0.72159356), (0.99950445, -0.017930776, 0.017141074, -0.019374698), (0.8552462, -0.018163234, -0.013119489, 0.51773703), (-0.7197875, -0.027963981, 0.03574362, -0.6927093), (0.82218075, 0.023424834, -0.050040692, 0.5665386), (1.0000002, -0.000011175871, 0.0000014305115, 0.0000023841858), (0.9969366, 0.0116027, -0.051776677, 0.05746326), (-0.8986811, 0.061181337, -0.15765955, -0.40468848), (0.6998771, -0.0141114, 0.12670927, 0.7027928), (0.7391297, 0.03488572, 0.15954085, 0.6534651), (0.9894048, -0.13668396, -0.039209813, 0.029295385), (0.8750627, 0.09460412, 0.03631711, 0.47328252), (-0.69756895, 0.009963304, -0.06050618, -0.71388876), (0.7408868, -0.0007649511, 0.065083295, 0.66846865), (0.81946623, 0.37901005, 0.42697692, -0.050171226), (0.9801111, 0.096355505, -0.047764122, 0.16678175), (0.95001125, 0.073359676, 0.013775796, 0.3031615), (0.9517815, -0.004780978, 0.0043261126, 0.30670848), (-0.057603344, -0.998191, 0.00003277138, 0.017224267), (1.0000001, 0, 0, 0), (1.0000001, 0, 0, 0), (1.0000001, 0, 0, 0), (0.9907464, -0.13342899, 0.016177624, 0.01886528), (0.9999995, 0.000013878569, 0.000365898, 0.00007105991), (0.99997795, -0.0000011194497, -0.0060870647, -0.0025157854), (0.9956831, -0.01868292, 0.030743659, -0.085559495), (0.5113066, -0.48755768, -0.47603866, -0.52367854), (0.47614503, -0.52276736, -0.51150256, -0.4882263), (1.0000001, -7.450581e-9, -3.7252903e-9, -9.313226e-10), (0.51150304, -0.48822558, -0.47614473, -0.5227679), (1, 0, -7.450581e-9, 0), (0.47007114, -0.52823216, -0.4700746, -0.52823603), (0.05310414, 0.64680725, 0.03246194, 0.76010925), (0.79988104, 0.027176976, -0.5260701, 0.2875789), (0.557819, -0.17843962, 0.13932335, 0.79848963), (0.9999994, -1.4901161e-8, -2.9802322e-8, -2.6077032e-8), (0.9999994, -1.4901161e-8, -2.9802322e-8, -2.6077032e-8), (0.9999994, -1.4901161e-8, -2.9802322e-8, -2.6077032e-8), (0.9999994, -1.4901161e-8, -2.9802322e-8, -2.6077032e-8), (0.6693574, 0.730897, 0.1085875, -0.07719058), (0.99682057, 0.017175049, 0.04998806, -0.059622258), (0.7944186, -0.10649909, 0.09308614, 0.59067094), (-0.79024017, 0.021653831, 0.018040001, -0.6121487), (0.69250315, 0.04287778, -0.07365346, 0.7163629), (0.99932456, -0.01940757, 0.015511841, -0.027066827), (0.82299685, -0.123508036, 0.06538096, 0.55058736), (-0.7219051, -0.027687877, 0.03572841, -0.6905135), (0.82383835, 0.023130238, -0.049983233, 0.5641421), (0.9999999, 0.000011444092, 0, -1.4901161e-7), (0.9862294, -0.11564854, -0.09952304, 0.06381166), (0.88957095, 0.012628734, 0.22320768, 0.39834914), (-0.701952, 0.013833985, -0.12566516, -0.7009137), (0.736773, 0.035307914, 0.16042197, 0.65588367), (0.9895348, -0.13702792, -0.03971693, 0.021602303), (0.8757409, 0.04976818, 0.08841786, 0.47199905), (-0.6996082, 0.009903818, -0.060103178, -0.7119254), (0.74576783, -0.037598193, 0.096912235, 0.65804607), (0.8109485, 0.35993192, 0.45687857, -0.063824624), (0.9846132, 0.08472795, -0.06677058, 0.13747759), (0.96115077, 0.12682474, 0.034806356, 0.24267939), (0.9623016, -0.01239267, 0.0048666596, 0.27165872), (0.99819136, -0.057603717, 0.017190397, -0.00004786253), (0.99999964, -5.9604645e-8, 0, 2.9802322e-8), (0.99999964, -5.9604645e-8, 0, 2.9802322e-8), (0.99999964, -5.9604645e-8, 0, 2.9802322e-8), (0.4754147, -0.5234232, -0.47542283, -0.52343214), (0.23053378, 0.021210736, -0.0633989, 0.970765), (0.9999037, -0.004691243, -0.0094450265, 0.0090184845), (0.046384595, 0.99847865, -0.018599171, -0.023302406), (0.0061039925, 0.5725659, 0.81975853, 0.011266708), (0.99999917, -0.00006379187, 0.00027680397, 0.0012092572), (0.99999976, 1.7508864e-7, -0.0000011920929, -0.0011720583), (0.5294005, -0.5085331, 0.5012283, 0.45814836), (0.99999905, 2.9802322e-7, 7.1525574e-7, -0.0014618337), (0.9994539, -0.033047453, 7.8976154e-7, 6.7055225e-8), (0.99781597, -0.06605869, 0.0000020712614, 1.4901161e-7), (0.9949882, -0.09999455, 0.0000023916364, 2.9802322e-7), (1.0000001, 2.5704503e-7, 6.556511e-7, 2.6077032e-8), (1.0000001, -4.0978193e-8, 0.0000015348196, -7.450581e-9), (1.0000001, 6.4074993e-7, 0.0000013709068, 2.6077032e-8), (0.9767219, 0.092369094, 0.07070528, 0.1802301), (0.97493917, -0.094508626, 0.01962319, 0.20044047), (-0.049046963, 0.92852867, 0.36715448, -0.02502349), (0.013401061, 0.7841336, 0.6204136, -0.006454736), (0.99999905, -0.0000205338, -0.0011151731, -0.0008555688), (0.9999992, 2.4959445e-7, -0.0000012218952, -0.0011720434), (-0.50853205, -0.5293997, -0.45814928, 0.50122845), (0.99999875, 2.8475188e-7, 6.556511e-7, -0.001461802), (0.99945366, -0.033047486, 5.9604645e-8, 2.9802322e-8), (0.9978155, -0.06605876, -2.9802322e-8, 2.9802322e-8), (0.9949878, -0.09999457, 5.9604645e-8, 5.9604645e-8), (0.9999999, 1.7881393e-7, 0, -3.7252903e-9), (0.9999998, 0, 0, 0), (0.9999998, 6.183982e-7, -5.9604645e-8, -4.8428774e-8), (0.4999745, -0.5000246, -0.49998325, -0.50001746), (0.4999745, -0.5000246, -0.49998325, -0.50001746), (0.4999745, -0.5000246, -0.49998325, -0.50001746), (0.4999745, -0.5000246, -0.49998325, -0.50001746)],
                12: [(1, -0.000008932475, 0.00006802148, -0.000060987837), (0.4958393, 0.5594602, 0.38924962, 0.53817505), (0.99325657, 0.1047105, 0.048834354, 0.009611572), (0.9989917, 0.041341174, -0.0033755451, 0.017167002), (0.99895275, 0.041192085, -0.009698674, 0.017377838), (0.9988117, 0.040322874, 0.0028266013, 0.027208537), (0.6410144, 0.12042424, -0.71542054, -0.25054145), (0.9533888, 0.029248834, -0.2974597, -0.04136589), (0.65110826, 0.11166172, -0.31421068, 0.68180686), (0.99999964, -2.9802322e-8, -5.9604645e-8, 0), (0.99999964, -2.9802322e-8, -5.9604645e-8, 0), (0.99999964, -2.9802322e-8, -5.9604645e-8, 0), (0.99999964, -2.9802322e-8, -5.9604645e-8, 0), (0.74951875, 0.6594032, -0.056761682, 0.013648212), (0.9970124, 0.022225887, 0.051635742, -0.052965045), (0.8298462, 0.008508474, 0.029678136, 0.55713665), (0.7883167, -0.021627545, -0.017885827, 0.61462885), (-0.68960446, -0.022189587, 0.057059407, -0.7215934), (0.9994815, -0.018439174, 0.016902506, -0.020255297), (0.8552438, -0.018163651, -0.013121396, 0.5177407), (-0.71978724, -0.027963921, 0.03574377, -0.69270945), (0.8221807, 0.023424834, -0.050040722, 0.56653845), (0.99999976, -0.000011146069, 0.0000014305115, 0.0000023245811), (0.9969789, 0.0110168755, -0.05199966, 0.056628257), (-0.898679, 0.061181545, -0.15765727, -0.4046922), (0.69987655, -0.014111429, 0.12670924, 0.7027925), (0.7391293, 0.034885734, 0.15954074, 0.6534648), (0.98934734, -0.13724756, -0.03931716, 0.028424203), (0.8750603, 0.0946033, 0.036314487, 0.4732858), (-0.69756824, 0.009963363, -0.060506243, -0.71388817), (0.74088615, -0.0007649362, 0.065083325, 0.668468), (0.8156849, 0.3808921, 0.43328503, -0.04292652), (0.98025614, 0.0950409, -0.05860156, 0.16318718), (0.950007, 0.07335048, 0.013757229, 0.3031766), (0.951781, -0.0047811046, 0.004326135, 0.3067086), (-0.057603363, -0.9981906, 0.000032784417, 0.017224263), (0.9999998, 0, 0, -2.9802322e-8), (0.9999998, 0, 0, -2.9802322e-8), (0.9999998, 0, 0, -2.9802322e-8), (0.99116457, -0.13174106, 0.010794729, 0.010931231), (0.9999994, -0.0000080363825, 0.0002811104, 0.00011854619), (0.99997735, -0.000022479333, -0.006172031, -0.0024682283), (0.9958101, -0.012152734, 0.02716361, -0.086461656), (0.5113064, -0.4875576, -0.4760385, -0.5236784), (0.47614494, -0.5227673, -0.51150244, -0.48822615), (0.99999994, 0, -3.7252903e-9, -9.313226e-10), (0.511503, -0.48822543, -0.47614458, -0.5227677), (0.9999997, 0, -7.450581e-9, -9.313226e-10), (0.470071, -0.52823204, -0.47007442, -0.5282359), (0.036607973, 0.63319504, 0.028818846, 0.772588), (0.8071353, 0.03211254, -0.5334781, 0.25080162), (0.5382042, -0.174682, 0.12332472, 0.81523764), (0.99999934, 0, -5.9604645e-8, -2.9802322e-8), (0.99999934, 0, -5.9604645e-8, -2.9802322e-8), (0.99999934, 0, -5.9604645e-8, -2.9802322e-8), (0.99999934, 0, -5.9604645e-8, -2.9802322e-8), (0.68872815, 0.71403736, 0.11689073, -0.046260953), (0.99681103, 0.017335147, 0.049977034, -0.059745908), (0.7944203, -0.10649589, 0.093083754, 0.5906696), (-0.79024017, 0.02165389, 0.01804027, -0.61214876), (0.6925034, 0.042877764, -0.07365358, 0.71636283), (0.9993243, -0.019252032, 0.015500724, -0.027197063), (0.8229987, -0.123505116, 0.065378904, 0.5505859), (-0.72190523, -0.027687877, 0.035728484, -0.6905137), (0.8238387, 0.023130357, -0.049983323, 0.5641421), (1, 0.000011444092, -2.9802322e-8, -8.940697e-8), (0.98625386, -0.115511775, -0.09953523, 0.06366357), (0.88957214, 0.012631804, 0.22320642, 0.39834714), (-0.70195216, 0.013833985, -0.12566505, -0.70091367), (0.73677313, 0.035307944, 0.16042209, 0.6558837), (0.98955786, -0.13688195, -0.03971964, 0.021462768), (0.8757419, 0.04977119, 0.088415965, 0.4719969), (-0.6996083, 0.009903789, -0.060102835, -0.71192515), (0.74576765, -0.037598133, 0.096912056, 0.65804607), (0.81089306, 0.360118, 0.45682627, -0.06385544), (0.98461276, 0.08473145, -0.066771075, 0.1374791), (0.9611508, 0.12682478, 0.0348064, 0.24267943), (0.9623016, -0.012392715, 0.0048666894, 0.27165872), (0.99819136, -0.057603687, 0.017190427, -0.00004786253), (0.9999993, -5.9604645e-8, -7.450581e-9, 2.9802322e-8), (0.9999993, -5.9604645e-8, -7.450581e-9, 2.9802322e-8), (0.9999993, -5.9604645e-8, -7.450581e-9, 2.9802322e-8), (0.47541463, -0.5234231, -0.47542277, -0.523432), (0.20769238, 0.040212438, -0.08117503, 0.9739905), (0.99974465, -0.003563216, -0.00032117963, 0.022318311), (0.006880684, 0.9996768, -0.024395116, 0.0020270348), (0.0022695065, 0.6262565, 0.779545, 0.0103589), (0.9999972, -0.000031989068, 0.0001282692, 0.0023695342), (0.99999976, 1.937151e-7, -0.0000012293458, -0.0011720806), (0.5294006, -0.5085331, 0.5012282, 0.4581483), (0.99999917, 3.091991e-7, 7.0780516e-7, -0.0014618039), (0.99945414, -0.03304743, 8.046627e-7, 6.7055225e-8), (0.9978161, -0.066058666, 0.000002041459, 1.5646219e-7), (0.9949883, -0.099994555, 0.0000024065375, 2.6077032e-7), (1.0000002, 2.6263297e-7, 6.482005e-7, 5.2154064e-8), (1.0000004, -3.7252903e-9, 0.0000014901161, 3.7252903e-9), (1.0000002, 6.388873e-7, 0.0000013783574, 2.6077032e-8), (0.9898519, 0.10466936, 0.07398677, 0.061347917), (0.87778723, -0.08453698, 0.045309573, 0.46935076), (-0.040054724, 0.96421957, 0.2616827, -0.014086962), (0.015948743, 0.76063436, 0.64897835, -0.0028466582), (0.99999714, -0.00004814565, -0.0007099062, -0.0022463463), (0.9999994, 2.4959445e-7, -0.0000012218952, -0.0011720359), (-0.50853217, -0.5293998, -0.45814943, 0.50122863), (0.9999989, 2.8478098e-7, 6.2584877e-7, -0.0014618039), (0.9994538, -0.03304749, 8.940697e-8, 2.4214387e-8), (0.9978157, -0.06605881, 2.9802322e-8, 1.1175871e-8), (0.99498796, -0.099994585, 8.940697e-8, 5.2154064e-8), (1, 2.30968e-7, 2.9802322e-8, 1.1175871e-8), (1, 0, 0, 0), (0.99999994, 6.556511e-7, -5.9604645e-8, -4.8428774e-8), (0.4999745, -0.5000247, -0.49998334, -0.5000175), (0.4999745, -0.5000247, -0.49998334, -0.5000175), (0.4999745, -0.5000247, -0.49998334, -0.5000175), (0.4999745, -0.5000247, -0.49998334, -0.5000175)],
                13: [(1, -0.0000042673323, 0.000071585055, -0.0000279149), (0.5061265, 0.549083, 0.37199423, 0.55132943), (0.99027205, 0.12941216, 0.04952991, 0.012670197), (0.99914193, 0.036287397, -0.0063895285, 0.018902317), (0.9991671, 0.036171842, -0.009224132, 0.016462572), (0.99902374, 0.0363699, 0.0035589188, 0.024806857), (0.6295271, 0.119773775, -0.72610474, -0.24924056), (0.94687, 0.037896812, -0.31923115, -0.009572059), (0.65071875, 0.06868598, -0.28004953, 0.70243764), (0.9999994, -2.9802322e-8, -5.9604645e-8, 2.9802322e-8), (0.9999994, -2.9802322e-8, -5.9604645e-8, 2.9802322e-8), (0.9999994, -2.9802322e-8, -5.9604645e-8, 2.9802322e-8), (0.9999994, -2.9802322e-8, -5.9604645e-8, 2.9802322e-8), (0.7752048, 0.6295684, -0.051597536, -0.006155461), (0.9969202, 0.021588534, 0.05089408, -0.05561605), (0.8298553, 0.008508056, 0.029675275, 0.5571236), (0.7883171, -0.021627694, -0.017885754, 0.6146287), (-0.68960464, -0.022189587, 0.057059348, -0.7215936), (0.9994201, -0.019189447, 0.01629287, -0.022911102), (0.8552518, -0.018166125, -0.013121575, 0.51772696), (-0.71978736, -0.027963966, 0.035743546, -0.69270897), (0.8221805, 0.023424834, -0.050040573, 0.56653833), (0.9999999, -0.000011175871, 0.0000014305115, 0.0000023543835), (0.99709964, 0.0100393295, -0.052622616, 0.05405411), (-0.89868563, 0.061185062, -0.15765917, -0.40467712), (0.6998772, -0.014111638, 0.12670922, 0.7027922), (0.73912966, 0.034885675, 0.15954077, 0.6534648), (0.98928225, -0.138168, -0.039568096, 0.025764406), (0.8750684, 0.09460166, 0.03631711, 0.47327167), (-0.6975688, 0.009963214, -0.060506344, -0.71388817), (0.7408864, -0.000764817, 0.065083474, 0.66846806), (0.81145453, 0.3841152, 0.4390654, -0.03489867), (0.98045146, 0.09343739, -0.07114121, 0.15786903), (0.9500135, 0.073325075, 0.013719857, 0.3031647), (0.9517815, -0.0047815293, 0.0043258965, 0.30670857), (-0.05760333, -0.99819076, 0.00003282167, 0.017224278), (0.9999999, 0, 2.9802322e-8, 0), (0.9999999, 0, 2.9802322e-8, 0), (0.9999999, 0, 2.9802322e-8, 0), (0.99194443, -0.12646072, 0.0069780797, 0.002054967), (0.9999995, -0.0001615826, 0.00017084181, 0.00009544939), (0.9999767, -0.00017585792, -0.0062826723, -0.0024905019), (0.9959072, -0.0033661025, 0.025534257, -0.08662955), (0.5113065, -0.48755762, -0.47603863, -0.5236785), (0.47614503, -0.5227673, -0.5115025, -0.4882263), (1.0000002, 0, -3.7252903e-9, -4.656613e-10), (0.511503, -0.48822552, -0.4761446, -0.5227678), (0.99999976, 0, -7.450581e-9, -4.656613e-10), (0.47007105, -0.5282321, -0.47007445, -0.5282359), (0.022895716, 0.6311949, 0.03108719, 0.7746624), (0.81815815, 0.0342668, -0.5347556, 0.20851675), (0.5361948, -0.1714317, 0.07392147, 0.82319), (0.99999976, -2.9802322e-8, -2.9802322e-8, -3.7252903e-8), (0.99999976, -2.9802322e-8, -2.9802322e-8, -3.7252903e-8), (0.99999976, -2.9802322e-8, -2.9802322e-8, -3.7252903e-8), (0.99999976, -2.9802322e-8, -2.9802322e-8, -3.7252903e-8), (0.7108228, 0.69440794, 0.1116299, -0.008212924), (0.9968231, 0.017148733, 0.050037414, -0.05955273), (0.7944177, -0.10649893, 0.093085214, 0.5906726), (-0.7902402, 0.021653831, 0.01804015, -0.61214876), (0.6925032, 0.042877823, -0.07365352, 0.71636295), (0.9993258, -0.019429952, 0.015559375, -0.026994705), (0.8229963, -0.12350765, 0.065379724, 0.5505893), (-0.7219055, -0.027687877, 0.035728633, -0.69051385), (0.82383883, 0.023130387, -0.049983293, 0.5641424), (1.0000002, 0.000011444092, 0, -1.1920929e-7), (0.9862278, -0.115658045, -0.099481285, 0.06388977), (0.88957083, 0.012629151, 0.22320633, 0.3983509), (-0.7019521, 0.013833955, -0.12566517, -0.70091385), (0.736773, 0.035307914, 0.16042206, 0.6558838), (0.9895328, -0.1370439, -0.039677322, 0.021680713), (0.87574047, 0.049768746, 0.08841637, 0.4720008), (-0.6996084, 0.009903848, -0.060103, -0.7119255), (0.7457681, -0.037598252, 0.096912146, 0.65804625), (0.8109378, 0.35988003, 0.45694342, -0.06379375), (0.98461336, 0.08472697, -0.06676918, 0.13747942), (0.9611509, 0.1268248, 0.03480634, 0.24267948), (0.9623017, -0.01239267, 0.0048667192, 0.27165875), (0.9981917, -0.057603747, 0.017190427, -0.00004786253), (0.99999976, -5.9604645e-8, -7.450581e-9, 2.9802322e-8), (0.99999976, -5.9604645e-8, -7.450581e-9, 2.9802322e-8), (0.99999976, -5.9604645e-8, -7.450581e-9, 2.9802322e-8), (0.47541475, -0.52342314, -0.47542283, -0.52343214), (0.2468004, 0.05263424, -0.10117605, 0.9623319), (0.97560716, -0.0050995145, 0.0020537004, 0.2194548), (0.008059539, 0.99406946, -0.108239725, 0.0067177117), (0.00006723404, 0.73173827, 0.68158555, -0.00022757053), (0.99986434, 0.000044107437, -0.00044572353, 0.016450278), (0.9999995, 2.5518239e-7, -0.0000011995435, -0.001172062), (0.52940047, -0.508533, 0.50122815, 0.45814818), (0.99999905, 2.849847e-7, 7.5250864e-7, -0.0014618002), (0.9994539, -0.033047434, 7.972121e-7, 7.4505806e-8), (0.99781597, -0.066058695, 0.000002078712, 1.7136335e-7), (0.9949881, -0.09999451, 0.000002399087, 2.6077032e-7), (1.0000002, 2.5518239e-7, 6.556511e-7, 2.9802322e-8), (1.0000004, 0, 0.0000015348196, 1.8626451e-8), (1.0000004, 6.5751374e-7, 0.0000014305115, 1.4901161e-8), (0.98876834, 0.12031049, 0.068863824, -0.055858437), (0.74693, -0.070640884, 0.06161475, 0.6582618), (-0.01361414, 0.9756113, 0.2186432, -0.013854593), (0.007027805, 0.7174699, 0.69655365, -0.00003272295), (0.99999774, 0.000004128553, -0.00018247962, -0.0019520447), (0.99999917, 2.5518239e-7, -0.0000012218952, -0.0011720397), (-0.508532, -0.52939963, -0.45814928, 0.50122845), (0.9999987, 2.773013e-7, 6.854534e-7, -0.0014618074), (0.99945354, -0.033047475, 8.940697e-8, 2.7939677e-8), (0.9978154, -0.066058785, 0, 1.4901161e-8), (0.9949877, -0.09999455, 5.9604645e-8, 5.5879354e-8), (0.9999998, 2.5238842e-7, 7.450581e-9, 2.6077032e-8), (0.9999999, 0, 0, 0), (0.9999999, 6.3795596e-7, -6.3329935e-8, -1.8626451e-8), (0.4999745, -0.5000246, -0.49998325, -0.5000175), (0.4999745, -0.5000246, -0.49998325, -0.5000175), (0.4999745, -0.5000246, -0.49998325, -0.5000175), (0.4999745, -0.5000246, -0.49998325, -0.5000175)],
                14: [(1, 0.0001884494, -0.00011697949, -0.00009701285), (0.5178285, 0.5292929, 0.35066056, 0.5733584), (0.9861702, 0.15915565, 0.044716306, 0.011766072), (0.999457, 0.024131073, -0.010081351, 0.02004936), (0.99952126, 0.02400046, -0.0077014863, 0.017956562), (0.9992192, 0.028399915, 0.0011335462, 0.027449138), (0.6142425, 0.11608687, -0.744597, -0.23410569), (0.94330496, 0.042169005, -0.3275634, 0.03316596), (0.65922546, 0.015631482, -0.23593602, 0.713801), (1.0000001, -1.4901161e-8, -8.940697e-8, 0), (1.0000001, -1.4901161e-8, -8.940697e-8, 0), (1.0000001, -1.4901161e-8, -8.940697e-8, 0), (1.0000001, -1.4901161e-8, -8.940697e-8, 0), (0.77484095, 0.6224458, -0.0994544, -0.047873944), (0.99690235, 0.021006912, 0.050220013, -0.056768477), (0.8298477, 0.00850907, 0.029675007, 0.55713546), (0.7883169, -0.021627545, -0.017885763, 0.61462903), (-0.6896045, -0.022189587, 0.057059377, -0.7215938), (0.9993907, -0.019833237, 0.015685767, -0.024067938), (0.8552455, -0.018163413, -0.013124257, 0.517739), (-0.7197876, -0.027963936, 0.03574385, -0.6927098), (0.8221812, 0.023424864, -0.050040573, 0.5665387), (1.0000005, -0.000011175871, 0.0000014603138, 0.0000023543835), (0.9971351, 0.00927043, -0.053209394, 0.052963793), (-0.8986814, 0.061181903, -0.15765476, -0.40469053), (0.699877, -0.014111489, 0.12670916, 0.7027933), (0.7391301, 0.03488575, 0.1595408, 0.65346545), (0.9891932, -0.13889849, -0.040000945, 0.0245834), (0.87506235, 0.09460354, 0.036312073, 0.47328395), (-0.69756895, 0.009963423, -0.06050603, -0.71388894), (0.7408868, -0.0007649064, 0.065083265, 0.66846865), (0.8098345, 0.3854945, 0.44114345, -0.030905873), (0.980559, 0.092669815, -0.07675293, 0.1550024), (0.95001453, 0.07332777, 0.013725489, 0.3031623), (0.9517818, -0.0047813803, 0.0043260455, 0.3067087), (-0.057603315, -0.99819136, 0.000032832846, 0.017224258), (1.0000005, 0, 0, -2.9802322e-8), (1.0000005, 0, 0, -2.9802322e-8), (1.0000005, 0, 0, -2.9802322e-8), (0.99529964, -0.095419675, 0.015715092, -0.0051969513), (0.9999999, -0.000105877174, 0.0004813224, -0.0000577271), (0.9999788, -0.00012197206, -0.0059720874, -0.002643969), (0.99624014, -0.00068322744, 0.0123351365, -0.08575154), (0.51130694, -0.48755804, -0.47603893, -0.5236789), (0.47614533, -0.5227677, -0.5115029, -0.48822662), (1.000001, 0, -3.7252903e-9, -6.9849193e-10), (0.51150334, -0.48822588, -0.47614497, -0.5227682), (1.0000005, 0, -7.450581e-9, 0), (0.4700714, -0.52823246, -0.47007483, -0.5282364), (0.011894286, 0.6348862, 0.040818542, 0.7714352), (0.8294341, 0.03784144, -0.5270762, 0.18110321), (0.5525287, -0.18946658, 0.003147006, 0.811668), (0.9999999, -1.4901161e-8, -2.9802322e-8, -4.4703484e-8), (0.9999999, -1.4901161e-8, -2.9802322e-8, -4.4703484e-8), (0.9999999, -1.4901161e-8, -2.9802322e-8, -4.4703484e-8), (0.9999999, -1.4901161e-8, -2.9802322e-8, -4.4703484e-8), (0.70470166, 0.6992719, 0.11927748, -0.01369378), (0.996796, 0.017171174, 0.05015713, -0.059896976), (0.79442, -0.10649729, 0.093085915, 0.59066963), (-0.79024035, 0.021653771, 0.01804015, -0.6121485), (0.6925032, 0.042877764, -0.07365364, 0.716363), (0.9993148, -0.01941511, 0.015691757, -0.027335763), (0.8229984, -0.12350646, 0.0653809, 0.5505863), (-0.72190535, -0.027687788, 0.035728514, -0.69051373), (0.8238386, 0.023130298, -0.049983382, 0.5641423), (1.0000002, 0.000011473894, 2.9802322e-8, -1.4901161e-7), (0.98626375, -0.11567134, -0.09931868, 0.06356388), (0.8895721, 0.012630194, 0.22320819, 0.3983476), (-0.7019525, 0.01383388, -0.12566511, -0.70091385), (0.73677325, 0.035308003, 0.16042227, 0.655884), (0.98954695, -0.13704178, -0.039506406, 0.02135712), (0.8757418, 0.04976976, 0.08841807, 0.47199753), (-0.6996083, 0.009903848, -0.060103104, -0.7119254), (0.74576783, -0.037598193, 0.096912146, 0.6580461), (0.81085396, 0.36003968, 0.45692202, -0.06411141), (0.9846132, 0.08473028, -0.066770986, 0.13747728), (0.9611508, 0.12682469, 0.034806356, 0.24267937), (0.9623015, -0.012392677, 0.0048666894, 0.27165866), (0.9981917, -0.057603717, 0.017190427, -0.000047832727), (1.0000001, -4.4703484e-8, -1.0302756e-8, 2.9802322e-8), (1.0000001, -4.4703484e-8, -1.0302756e-8, 2.9802322e-8), (1.0000001, -4.4703484e-8, -1.0302756e-8, 2.9802322e-8), (0.47541493, -0.52342343, -0.47542304, -0.5234323), (0.2609321, 0.060331315, -0.131313, 0.9544797), (0.92844504, -0.009475784, 0.0033428185, 0.37133384), (0.010736935, 0.96799886, -0.25062555, 0.0070387423), (0.00013265014, 0.72887313, 0.6846483, -0.00029537082), (0.99986863, -0.0000012349337, -0.00024962425, 0.016186196), (0.9999994, 2.1606684e-7, -0.000001186505, -0.0011720806), (0.52940047, -0.508533, 0.50122815, 0.45814818), (0.99999905, 3.259629e-7, 6.854534e-7, -0.0014617909), (0.9994539, -0.033047426, 7.599592e-7, 5.2154064e-8), (0.99781585, -0.06605869, 0.0000020861626, 1.7881393e-7), (0.99498814, -0.09999454, 0.0000024437904, 2.9057264e-7), (1.0000002, 2.4214387e-7, 6.556511e-7, 2.9802322e-8), (1.0000004, 1.8626451e-9, 0.0000015199184, 2.6077032e-8), (1.0000004, 6.5751374e-7, 0.0000014305115, -1.4901161e-8), (0.9645101, 0.13792, 0.07055256, -0.21382356), (0.5688038, -0.053558555, 0.069385976, 0.81778926), (0.016976103, 0.9743508, 0.22288147, -0.026006311), (-0.00030776858, 0.67307746, 0.7395704, 0.0015811622), (0.99999833, 0.000026712194, 0.00028167665, -0.0017974079), (0.9999994, 2.4586916e-7, -0.0000012516975, -0.0011720322), (-0.50853217, -0.52939975, -0.45814943, 0.50122863), (0.99999905, 2.7846545e-7, 6.854534e-7, -0.0014618151), (0.99945384, -0.03304749, 2.9802322e-8, 2.2817403e-8), (0.9978158, -0.06605881, 2.9802322e-8, 1.8626451e-8), (0.99498796, -0.09999459, 2.9802322e-8, 4.4703484e-8), (1, 2.2244058e-7, 3.7252903e-8, 3.3527613e-8), (0.9999999, 0, 0, 0), (0.99999994, 6.116752e-7, -7.4505806e-8, -1.1175871e-8), (0.49997443, -0.5000247, -0.49998334, -0.50001746), (0.49997443, -0.5000247, -0.49998334, -0.50001746), (0.49997443, -0.5000247, -0.49998334, -0.50001746), (0.49997443, -0.5000247, -0.49998334, -0.50001746)],
                15: [(0.9999998, -0.0000035175553, -0.0005477289, 0.00007031866), (0.52914125, 0.49606377, 0.37002924, 0.58052444), (0.98743945, 0.1533231, 0.029295899, 0.02444521), (0.9994973, 0.008058447, -0.013240553, 0.027666353), (0.9999445, 0.0075404565, 0.0003798306, 0.007370159), (0.9998376, 0.012697626, 0.0048525482, 0.011843406), (0.61786824, 0.16161086, -0.7445624, -0.19428815), (0.93565565, 0.061549097, -0.33805922, 0.08047691), (0.65197533, -0.05297409, -0.18288876, 0.73394406), (1.0000001, -2.9802322e-8, -8.940697e-8, 0), (1.0000001, -2.9802322e-8, -8.940697e-8, 0), (1.0000001, -2.9802322e-8, -8.940697e-8, 0), (1.0000001, -2.9802322e-8, -8.940697e-8, 0), (0.7403019, 0.6526324, -0.1260643, -0.10065848), (0.9968101, 0.019857049, 0.049594313, -0.05929789), (0.8298569, 0.00850153, 0.029675871, 0.557122), (0.7883171, -0.021627456, -0.017885925, 0.614629), (-0.6896047, -0.022189647, 0.057059675, -0.7215936), (0.99930894, -0.021086961, 0.015202969, -0.026578575), (0.8552536, -0.01817292, -0.013120383, 0.5177254), (-0.71978784, -0.027963907, 0.035743833, -0.6927097), (0.8221812, 0.023424894, -0.0500409, 0.56653893), (1.0000005, -0.000011175871, 0.0000014305115, 0.0000023245811), (0.99724764, 0.0078114867, -0.053661823, 0.050564468), (-0.89868677, 0.061192185, -0.15766034, -0.40467387), (0.6998775, -0.014111757, 0.12670907, 0.7027924), (0.73912966, 0.034885675, 0.15954065, 0.65346515), (0.98904884, -0.14030069, -0.04011938, 0.022111386), (0.8750705, 0.094595104, 0.036319017, 0.47326994), (-0.69756895, 0.009963363, -0.060506094, -0.71388876), (0.74088675, -0.0007649362, 0.065083176, 0.66846853), (0.8104457, 0.38556772, 0.43978694, -0.033212394), (0.980561, 0.09265867, -0.07688826, 0.15492782), (0.9500102, 0.07334389, 0.013748646, 0.3031705), (0.95178163, -0.0047810003, 0.0043260455, 0.30670875), (-0.057603367, -0.99819124, 0.000032763928, 0.017224234), (1.0000004, 0, -2.9802322e-8, -4.4703484e-8), (1.0000004, 0, -2.9802322e-8, -4.4703484e-8), (1.0000004, 0, -2.9802322e-8, -4.4703484e-8), (0.998508, -0.04425977, -0.002039969, 0.031922385), (1.0000002, -0.00014522998, 0.000082716346, 0.000029003248), (0.99997663, -0.00015978422, -0.0063706636, -0.0025568902), (0.9969324, 0.00034869526, 0.008869186, -0.07776524), (0.5113068, -0.48755795, -0.47603887, -0.52367884), (0.47614527, -0.52276766, -0.5115028, -0.4882266), (1.0000007, 0, -3.7252903e-9, -6.184564e-10), (0.51150334, -0.48822582, -0.47614497, -0.5227681), (1.0000005, 0, -7.450581e-9, 0), (0.47007135, -0.5282324, -0.47007477, -0.52823627), (0.014579762, 0.64356303, 0.13932577, 0.7524644), (0.87452334, 0.0826557, -0.4584903, 0.13477276), (0.5185118, -0.18923618, -0.13179256, 0.8233868), (0.99999994, -2.9802322e-8, -2.9802322e-8, -3.7252903e-8), (0.99999994, -2.9802322e-8, -2.9802322e-8, -3.7252903e-8), (0.99999994, -2.9802322e-8, -2.9802322e-8, -3.7252903e-8), (0.99999994, -2.9802322e-8, -2.9802322e-8, -3.7252903e-8), (0.6831014, 0.7263204, 0.07154569, -0.026694298), (0.99678946, 0.017309994, 0.05015281, -0.059969276), (0.7944215, -0.10649574, 0.09308702, 0.5906678), (-0.7902402, 0.021653801, 0.018039957, -0.6121487), (0.69250333, 0.042877674, -0.0736534, 0.71636283), (0.9993154, -0.019278735, 0.015685767, -0.027413458), (0.8229998, -0.123505294, 0.06538245, 0.55058455), (-0.7219054, -0.027687907, 0.035728425, -0.6905141), (0.82383895, 0.023130298, -0.049983323, 0.5641422), (1.0000002, 0.000011473894, 0, -1.1920929e-7), (0.9862832, -0.11554694, -0.099328995, 0.06347072), (0.8895725, 0.012631476, 0.2232098, 0.39834553), (-0.7019521, 0.01383397, -0.12566538, -0.7009142), (0.7367735, 0.035307884, 0.16042227, 0.65588385), (0.98956674, -0.13691163, -0.039509356, 0.021271348), (0.8757428, 0.04977107, 0.088419735, 0.4719957), (-0.6996084, 0.009903908, -0.060103193, -0.7119256), (0.7457681, -0.037598252, 0.096912175, 0.65804625), (0.8108058, 0.36018574, 0.4568922, -0.0641112), (0.9846131, 0.08473305, -0.06676966, 0.13747658), (0.9611512, 0.12682423, 0.03480518, 0.2426789), (0.9623017, -0.012392417, 0.004866898, 0.27165875), (0.9981917, -0.057603747, 0.017190427, -0.00004786253), (0.99999976, -5.9604645e-8, -2.9802322e-8, 7.450581e-9), (0.99999976, -5.9604645e-8, -2.9802322e-8, 7.450581e-9), (0.99999976, -5.9604645e-8, -2.9802322e-8, 7.450581e-9), (0.47541493, -0.5234234, -0.4754231, -0.5234323), (0.1459801, 0.034066673, -0.14340171, 0.9782461), (0.93699497, -0.019223962, 0.007725425, 0.3487281), (0.0012206137, 0.9520837, -0.3056411, 0.010892212), (-0.0003658235, 0.7247553, 0.6890062, 0.00036376715), (0.9998649, -0.000017804094, -0.00003671646, 0.016432766), (0.9999996, 1.9988511e-7, -0.0000011753291, -0.0011720695), (0.52940047, -0.50853306, 0.5012282, 0.45814824), (0.99999905, 2.8125942e-7, 6.556511e-7, -0.0014618263), (0.999454, -0.033047423, 8.046627e-7, 4.4703484e-8), (0.99781597, -0.06605869, 0.0000020861626, 1.5646219e-7), (0.9949882, -0.099994525, 0.000002413988, 2.5331974e-7), (1.0000004, 2.635643e-7, 6.854534e-7, 1.1175871e-8), (1.0000002, -7.450581e-9, 0.000001475215, 1.4901161e-8), (1.0000004, 6.3702464e-7, 0.0000014081597, 2.0489097e-8), (0.93533695, 0.12927958, 0.052059576, -0.32514873), (0.545933, -0.041334987, 0.059303686, 0.8347047), (0.04696606, 0.96880925, 0.24175072, -0.027563065), (-0.0023144484, 0.6673121, 0.7447568, 0.005171746), (0.9999995, 0.0000071041286, 0.0008133948, -0.00031834096), (0.9999995, 2.5704503e-7, -0.0000012814999, -0.0011720443), (-0.5085322, -0.5293999, -0.45814946, 0.5012287), (0.9999991, 2.7474016e-7, 6.556511e-7, -0.0014618048), (0.999454, -0.03304749, 5.9604645e-8, 2.7939677e-8), (0.9978158, -0.06605881, 0, 1.3038516e-8), (0.9949881, -0.09999459, 5.9604645e-8, 4.8428774e-8), (1.0000001, 1.9744039e-7, -1.4901161e-8, -5.5879354e-9), (1.0000001, 0, 0, 0), (1.0000001, 5.9604645e-7, -5.9604645e-8, -3.9115548e-8), (0.49997452, -0.5000248, -0.49998337, -0.5000176), (0.49997452, -0.5000248, -0.49998337, -0.5000176), (0.49997452, -0.5000248, -0.49998337, -0.5000176), (0.49997452, -0.5000248, -0.49998337, -0.5000176)],
                16: [(0.99999994, -0.00033172857, -0.000023143411, -0.00014510569), (0.5015908, 0.53600264, 0.43433124, 0.52198106), (0.998201, 0.03267923, 0.03623528, 0.034841143), (0.9994093, -0.01220354, -0.01225128, 0.029700406), (0.99991894, -0.012470952, -0.0022084862, 0.0013409834), (0.99994516, -0.008646656, 0.0029983371, 0.0051003713), (0.6671043, 0.18001989, -0.7082891, -0.1445387), (0.9217518, 0.063307464, -0.35614336, 0.1397426), (0.63476545, -0.13224414, -0.14262733, 0.7478248), (1, -2.9802322e-8, -8.940697e-8, 0), (1, -2.9802322e-8, -8.940697e-8, 0), (1, -2.9802322e-8, -8.940697e-8, 0), (1, -2.9802322e-8, -8.940697e-8, 0), (0.69080985, 0.70025504, -0.057837456, -0.17052805), (0.9967741, 0.020059317, 0.049564183, -0.059857816), (0.82985187, 0.008506715, 0.029674292, 0.5571295), (0.78831697, -0.021627754, -0.017885689, 0.6146289), (-0.6896044, -0.022189558, 0.057059407, -0.7215938), (0.9992976, -0.020905554, 0.015190482, -0.027147502), (0.8552492, -0.01816684, -0.013123721, 0.51773304), (-0.7197878, -0.027963996, 0.035743747, -0.6927099), (0.8221812, 0.023424894, -0.05004084, 0.5665388), (1.0000005, -0.000011205673, 0.0000014007092, 0.0000023841858), (0.9972737, 0.007950187, -0.05370438, 0.049984902), (-0.89868397, 0.061185718, -0.1576559, -0.40468323), (0.6998772, -0.014111519, 0.12670928, 0.70279294), (0.73912996, 0.034885794, 0.15954092, 0.65346533), (0.98908424, -0.14015424, -0.040071756, 0.021535158), (0.875066, 0.09460065, 0.03631383, 0.4732775), (-0.6975691, 0.009963453, -0.06050634, -0.71388876), (0.74088687, -0.0007649064, 0.065083325, 0.66846865), (0.81037235, 0.38596022, 0.43954942, -0.03358823), (0.9805609, 0.09265737, -0.07688093, 0.15493394), (0.95001006, 0.073344365, 0.01374957, 0.3031708), (0.95178163, -0.0047812946, 0.0043260753, 0.30670857), (-0.05760336, -0.99819124, 0.000032780692, 0.017224252), (1.0000004, 0, -2.9802322e-8, -2.6077032e-8), (1.0000004, 0, -2.9802322e-8, -2.6077032e-8), (1.0000004, 0, -2.9802322e-8, -2.6077032e-8), (0.9967716, 0.030633166, 0.016547069, 0.072347865), (0.9999999, 0.000029365998, 0.0004350096, 0.00050620467), (0.99997985, 0.000017105602, -0.0060180575, -0.002080885), (0.996539, -0.0024013142, -0.0064514875, -0.08284305), (0.5113069, -0.48755798, -0.47603893, -0.52367884), (0.47614536, -0.52276766, -0.51150286, -0.4882266), (1.0000008, -7.450581e-9, 0, -4.656613e-10), (0.51150334, -0.4882259, -0.47614497, -0.5227682), (1.0000006, 0, -7.450581e-9, -2.2555469e-10), (0.47007135, -0.52823246, -0.4700748, -0.52823627), (0.049415633, 0.6781465, 0.21698754, 0.70042264), (0.9151352, 0.09338704, -0.38317785, 0.08355354), (0.5265244, -0.16544393, -0.18393975, 0.81336737), (0.9999999, -2.9802322e-8, -5.9604645e-8, -4.4703484e-8), (0.9999999, -2.9802322e-8, -5.9604645e-8, -4.4703484e-8), (0.9999999, -2.9802322e-8, -5.9604645e-8, -4.4703484e-8), (0.9999999, -2.9802322e-8, -5.9604645e-8, -4.4703484e-8), (0.6528665, 0.75549895, -0.049542606, -0.023076802), (0.99684846, 0.01746875, 0.04973659, -0.059285313), (0.7944284, -0.106503814, 0.09308535, 0.5906573), (-0.7902406, 0.02165392, 0.018039688, -0.6121487), (0.6925034, 0.042877734, -0.07365331, 0.7163632), (0.99934363, -0.019109786, 0.015238345, -0.026749223), (0.8230059, -0.12351465, 0.06538293, 0.5505736), (-0.72190577, -0.027687907, 0.035728186, -0.6905141), (0.82383925, 0.023130268, -0.049983144, 0.56414247), (1.0000004, 0.000011444092, 0, -8.940697e-8), (0.9862162, -0.11534253, -0.099850446, 0.06406498), (0.88957745, 0.012622267, 0.22321251, 0.3983336), (-0.70195234, 0.013834208, -0.12566544, -0.70091397), (0.7367734, 0.035307974, 0.16042224, 0.6558838), (0.98955774, -0.13672829, -0.04003945, 0.021868616), (0.87574923, 0.049761772, 0.088421315, 0.47198406), (-0.6996083, 0.009903759, -0.060103342, -0.7119255), (0.74576795, -0.037598163, 0.096912354, 0.6580461), (0.8110235, 0.36001176, 0.45673823, -0.06342998), (0.98460823, 0.08474712, -0.06663746, 0.13756768), (0.961161, 0.12679957, 0.034758717, 0.24265988), (0.96230197, -0.012393108, 0.0048663914, 0.27165854), (0.99819183, -0.057603747, 0.017190397, -0.00004786253), (0.9999998, -5.9604645e-8, 0, 2.2351742e-8), (0.9999998, -5.9604645e-8, 0, 2.2351742e-8), (0.9999998, -5.9604645e-8, 0, 2.2351742e-8), (0.4754149, -0.5234233, -0.475423, -0.52343225), (-0.030618876, 0.026118953, -0.033834577, 0.99861693), (0.97455776, -0.038810663, 0.008961588, 0.22057009), (-0.010484502, 0.9606471, -0.27736562, 0.010796428), (-0.00430727, 0.6924776, 0.72142696, -0.0006366074), (0.999835, 0.000060930848, 0.00019079447, 0.01818638), (1.0000001, 1.8603168e-7, -0.000001180917, -0.0011720955), (0.5294008, -0.5085333, 0.50122845, 0.45814845), (0.9999995, 2.947636e-7, 7.4505806e-7, -0.0014618076), (0.9994544, -0.03304744, 7.748604e-7, 6.3329935e-8), (0.9978164, -0.06605874, 0.000002026558, 1.7136335e-7), (0.9949887, -0.099994585, 0.000002413988, 2.9057264e-7), (1.0000005, 2.4121255e-7, 6.482005e-7, 1.1641532e-9), (1.0000005, -1.8626451e-9, 0.000001527369, 2.7939677e-9), (1.0000005, 6.761402e-7, 0.0000014305115, 6.2864274e-9), (0.9345906, 0.012592845, 0.025941066, -0.35455462), (0.63640153, -0.029725417, 0.035584256, 0.769963), (0.06752511, 0.9799497, 0.1870875, -0.011693209), (-0.0051906705, 0.6835831, 0.729768, 0.011203647), (0.9999844, -0.000010214746, 0.0015351437, 0.005315803), (0.99999917, 2.4214387e-7, -0.0000012218952, -0.0011720359), (-0.508532, -0.5293997, -0.4581493, 0.5012285), (0.9999987, 2.8451905e-7, 6.556511e-7, -0.0014618104), (0.99945354, -0.03304749, 8.940697e-8, 2.2351742e-8), (0.9978155, -0.066058785, 2.9802322e-8, 2.2351742e-8), (0.99498785, -0.099994555, 2.9802322e-8, 6.3329935e-8), (1, 2.0302832e-7, -2.9802322e-8, 2.7939677e-9), (1, 0, 0, 0), (1, 6.2026083e-7, -5.9604645e-8, -2.9802322e-8), (0.4999745, -0.5000247, -0.49998334, -0.5000175), (0.4999745, -0.5000247, -0.49998334, -0.5000175), (0.4999745, -0.5000247, -0.49998334, -0.5000175), (0.4999745, -0.5000247, -0.49998334, -0.5000175)],
                17: [(0.99999964, 0.00016443552, 0.00082382, 0.000028201577), (0.40375808, 0.60203606, 0.48551992, 0.48867413), (0.99229825, -0.11916801, 0.030014724, 0.015569618), (0.9992237, -0.029801406, -0.014100574, 0.02155633), (0.99941576, -0.028687913, 0.003799647, 0.018172264), (0.9987662, -0.04149358, 0.014983669, 0.022790827), (0.682403, 0.08108649, -0.71625984, -0.1213371), (0.8661453, -0.00561291, -0.43892846, 0.23896189), (0.69911504, -0.14250228, -0.012907445, 0.7005461), (1, -2.9802322e-8, -8.940697e-8, 1.4901161e-8), (1, -2.9802322e-8, -8.940697e-8, 1.4901161e-8), (1, -2.9802322e-8, -8.940697e-8, 1.4901161e-8), (1, -2.9802322e-8, -8.940697e-8, 1.4901161e-8), (0.62779856, 0.7491509, 0.057965666, -0.2031798), (0.9967207, 0.020253241, 0.04995817, -0.06035164), (0.8298538, 0.008509576, 0.02967593, 0.55712664), (0.7883172, -0.021627575, -0.017885935, 0.6146289), (-0.68960476, -0.022189617, 0.057059497, -0.72159374), (0.99928176, -0.020714879, 0.015599489, -0.02763316), (0.8552505, -0.018164188, -0.013121337, 0.51773006), (-0.7197876, -0.027963758, 0.03574364, -0.69270945), (0.8221808, 0.023424804, -0.05004081, 0.5665387), (1.0000004, -0.000011205673, 0.0000014305115, 0.0000023245811), (0.9973177, 0.00813669, -0.053325474, 0.049475282), (-0.89868474, 0.061183035, -0.15765855, -0.4046803), (0.69987714, -0.014111549, 0.12670931, 0.7027926), (0.7391296, 0.034885615, 0.15954086, 0.6534651), (0.98913765, -0.13997397, -0.039616883, 0.021090567), (0.87506694, 0.09460354, 0.036316425, 0.47327495), (-0.69756895, 0.009963304, -0.0605061, -0.71388876), (0.74088675, -0.000764817, 0.065083325, 0.6684686), (0.8101076, 0.38632244, 0.43968278, -0.034057304), (0.98056084, 0.092661634, -0.07688135, 0.15493071), (0.9500098, 0.073344514, 0.01374954, 0.30317083), (0.9517814, -0.004781157, 0.0043260157, 0.30670857), (-0.057603322, -0.99819124, 0.000032817945, 0.017224252), (1.0000004, 2.9802322e-8, -7.450581e-9, -1.4901161e-8), (1.0000004, 2.9802322e-8, -7.450581e-9, -1.4901161e-8), (1.0000004, 2.9802322e-8, -7.450581e-9, -1.4901161e-8), (0.9938013, 0.10663383, 0.002915278, 0.031290974), (0.9999994, 0.00028129015, 0.0002965629, -0.000059356913), (0.999977, 0.00026557688, -0.0061557293, -0.002648049), (0.9960296, -0.001343884, -0.023471966, -0.08585647), (0.5113065, -0.4875576, -0.47603852, -0.5236784), (0.47614494, -0.5227673, -0.5115025, -0.4882262), (1, -7.450581e-9, -3.7252903e-9, -9.313226e-10), (0.5115029, -0.4882255, -0.47614458, -0.5227678), (0.99999976, 0, -7.450581e-9, -2.3283064e-10), (0.47007102, -0.52823204, -0.47007442, -0.5282359), (0.102130145, 0.72817695, 0.1529064, 0.6602628), (0.9408455, 0.052182823, -0.33096287, 0.050497442), (0.6296753, -0.096732765, -0.20568132, 0.7428638), (0.9999998, -1.4901161e-8, 0, -4.4703484e-8), (0.9999998, -1.4901161e-8, 0, -4.4703484e-8), (0.9999998, -1.4901161e-8, 0, -4.4703484e-8), (0.9999998, -1.4901161e-8, 0, -4.4703484e-8), (0.6346705, 0.76774114, -0.08612706, -0.018686235), (0.99700385, 0.019218683, 0.050449163, -0.055399477), (0.79441106, -0.10649279, 0.093081385, 0.5906833), (-0.79024017, 0.02165392, 0.018040143, -0.612149), (0.69250345, 0.042877734, -0.07365346, 0.71636295), (0.9994656, -0.017208338, 0.015749156, -0.022903532), (0.82299066, -0.12350026, 0.06537393, 0.5506001), (-0.7219055, -0.027687758, 0.03572858, -0.6905138), (0.8238389, 0.023130238, -0.049983352, 0.56414247), (1.0000002, 0.000011444092, 0, -8.940697e-8), (0.9862436, -0.112980545, -0.09989151, 0.06768277), (0.8895675, 0.012636423, 0.22319901, 0.39836237), (-0.7019522, 0.013834, -0.12566505, -0.700914), (0.7367734, 0.035307944, 0.16042206, 0.6558839), (0.9897562, -0.13460964, -0.04007712, 0.025628984), (0.8757346, 0.04977593, 0.088409275, 0.47201157), (-0.6996082, 0.009903908, -0.060102932, -0.71192527), (0.74576783, -0.037598222, 0.096912205, 0.65804595), (0.8139804, 0.35633695, 0.45349252, -0.06931938), (0.9842131, 0.08595136, -0.056524545, 0.14402491), (0.9611484, 0.12682717, 0.03480935, 0.24268974), (0.96230215, -0.012392668, 0.0048667192, 0.27165908), (0.9981917, -0.057603717, 0.017190397, -0.00004786253), (0.9999997, -8.940697e-8, 0, 2.9802322e-8), (0.9999997, -8.940697e-8, 0, 2.9802322e-8), (0.9999997, -8.940697e-8, 0, 2.9802322e-8), (0.47541478, -0.52342325, -0.47542295, -0.5234322), (-0.07458994, 0.020001475, 0.1143904, 0.99042976), (0.98355836, -0.06312246, 0.010624066, 0.16886654), (-0.009316485, 0.99658835, -0.07939975, 0.020511925), (0.0036130846, 0.5164246, 0.85631406, 0.004350275), (0.99957013, 0.000026825815, 0.00050485134, 0.029313851), (0.99999964, 1.9744039e-7, -0.0000011920929, -0.0011720974), (0.5294005, -0.5085331, 0.5012282, 0.4581483), (0.99999917, 2.826564e-7, 6.854534e-7, -0.0014617965), (0.9994541, -0.033047475, 8.046627e-7, 6.3329935e-8), (0.99781615, -0.06605869, 0.0000020861626, 1.8626451e-7), (0.9949883, -0.09999457, 0.000002413988, 2.4586916e-7), (1.0000004, 2.4959445e-7, 6.2584877e-7, 1.4901161e-8), (1.0000002, -1.8626451e-9, 0.0000015348196, -1.1175871e-8), (1.0000002, 6.556511e-7, 0.000001385808, 9.313226e-9), (0.90842664, -0.11538484, -0.025050461, -0.40102357), (0.74378973, -0.022176, 0.007119093, 0.66800785), (0.07355196, 0.9966986, 0.033095323, 0.009322852), (-0.0050266683, 0.7277411, 0.68574595, 0.010975838), (0.9999224, -0.0000040978193, 0.0015337467, 0.012375567), (0.9999994, 2.30968e-7, -0.0000012218952, -0.001172021), (-0.50853217, -0.5293999, -0.45814946, 0.50122863), (0.999999, 2.8172508e-7, 6.556511e-7, -0.0014618151), (0.9994538, -0.03304749, 5.9604645e-8, 1.8626451e-8), (0.9978157, -0.06605879, 5.9604645e-8, 7.450581e-9), (0.99498796, -0.099994585, 8.940697e-8, 4.4703484e-8), (1.0000001, 2.1932647e-7, 0, 1.6763806e-8), (1, 0, 0, 0), (1.0000001, 6.002374e-7, -5.9604645e-8, -5.122274e-8), (0.4999745, -0.5000247, -0.49998334, -0.5000176), (0.4999745, -0.5000247, -0.49998334, -0.5000176), (0.4999745, -0.5000247, -0.49998334, -0.5000176), (0.4999745, -0.5000247, -0.49998334, -0.5000176)],
                18: [(1, 0.000017558252, -0.00020937799, 0.00015886551), (0.40749353, 0.565033, 0.48460072, 0.52900743), (0.99469554, -0.10177031, -0.012146883, 0.008711403), (0.99910295, -0.036368478, -0.013609722, 0.0168874), (0.99911433, -0.03596269, 0.010066524, 0.019383244), (0.9980786, -0.044745855, 0.026037633, 0.034038417), (0.71539545, 0.05180067, -0.69038266, -0.09432593), (0.82541186, 0.013901234, -0.49100012, 0.2782463), (0.65764916, -0.1693778, 0.089791596, 0.7285233), (0.9999999, -4.4703484e-8, -8.940697e-8, 0), (0.9999999, -4.4703484e-8, -8.940697e-8, 0), (0.9999999, -4.4703484e-8, -8.940697e-8, 0), (0.9999999, -4.4703484e-8, -8.940697e-8, 0), (0.5908139, 0.7781213, 0.09919962, -0.18874732), (0.9967315, 0.020205408, 0.05015579, -0.060017735), (0.8298503, 0.008507729, 0.029677093, 0.557131), (0.7883169, -0.021627545, -0.017885856, 0.6146288), (-0.6896045, -0.022189632, 0.057059437, -0.7215935), (0.9992876, -0.020745397, 0.015784383, -0.027289689), (0.85524756, -0.01816526, -0.0131212175, 0.5177348), (-0.71978736, -0.027963996, 0.035743713, -0.69270957), (0.8221807, 0.023424804, -0.05004087, 0.5665387), (1.0000001, -0.000011175871, 0.0000014305115, 0.0000023245811), (0.997311, 0.008143961, -0.053129733, 0.049813777), (-0.89868224, 0.06118375, -0.15765804, -0.40468544), (0.6998769, -0.014111519, 0.12670915, 0.70279264), (0.73912966, 0.034885705, 0.1595408, 0.65346485), (0.989135, -0.13997605, -0.039473563, 0.021454692), (0.87506425, 0.09460196, 0.03631571, 0.47327986), (-0.69756895, 0.009963363, -0.06050621, -0.71388847), (0.74088645, -0.0007649362, 0.065083325, 0.6684685), (0.8100419, 0.3861502, 0.4399695, -0.03386554), (0.980561, 0.09265729, -0.076877594, 0.15493259), (0.9500097, 0.073344424, 0.013749629, 0.30317074), (0.9517813, -0.0047811866, 0.004326135, 0.3067086), (-0.0576033, -0.998191, 0.00003280118, 0.017224208), (1.0000004, -2.9802322e-8, -1.4901161e-8, 0), (1.0000004, -2.9802322e-8, -1.4901161e-8, 0), (1.0000004, -2.9802322e-8, -1.4901161e-8, 0), (0.99121296, 0.12782997, -0.014019564, 0.03097111), (0.9999997, 0.00009366125, 0.00023216009, 0.00011928752), (0.99997723, 0.00007930305, -0.006220624, -0.0024682973), (0.9957894, 0.0019851914, -0.030974254, -0.08625354), (0.51130664, -0.4875577, -0.4760387, -0.5236786), (0.47614512, -0.5227674, -0.5115026, -0.4882264), (1.0000004, -7.450581e-9, 0, -9.313226e-10), (0.51150316, -0.48822564, -0.4761448, -0.5227679), (1.0000001, 0, -7.450581e-9, 0), (0.47007117, -0.5282323, -0.4700746, -0.52823615), (0.14080334, 0.75259084, 0.14300227, 0.6271613), (0.9612814, 0.034555316, -0.27287516, 0.016810268), (0.6556741, -0.02408205, -0.235687, 0.71691155), (0.9999993, -1.4901161e-8, -5.9604645e-8, -4.4703484e-8), (0.9999993, -1.4901161e-8, -5.9604645e-8, -4.4703484e-8), (0.9999993, -1.4901161e-8, -5.9604645e-8, -4.4703484e-8), (0.9999993, -1.4901161e-8, -5.9604645e-8, -4.4703484e-8), (0.6325611, 0.7677502, -0.095168695, -0.036990553), (0.99702704, 0.019346029, 0.05087483, -0.054536194), (0.79441607, -0.10649632, 0.09308621, 0.5906742), (-0.79024, 0.02165386, 0.01804002, -0.6121482), (0.692503, 0.042877674, -0.07365346, 0.7163626), (0.9994818, -0.017036587, 0.016137898, -0.022030145), (0.8229951, -0.12350492, 0.065380484, 0.5505914), (-0.7219054, -0.027687922, 0.035728276, -0.6905138), (0.8238387, 0.023130238, -0.049983203, 0.56414235), (1, 0.000011473894, 2.9802322e-8, -1.1920929e-7), (0.9862462, -0.11267504, -0.09960818, 0.06856099), (0.8895694, 0.012631685, 0.22320668, 0.39835322), (-0.70195216, 0.01383397, -0.12566519, -0.70091355), (0.7367731, 0.03530799, 0.16042209, 0.6558836), (0.98977566, -0.13437194, -0.039803058, 0.026530534), (0.87573874, 0.04977119, 0.088416785, 0.47200269), (-0.6996083, 0.009903818, -0.060103025, -0.71192515), (0.74576783, -0.037598163, 0.096912205, 0.658046), (0.817652, 0.35347924, 0.447881, -0.07681373), (0.98400134, 0.087044194, -0.046262413, 0.14840758), (0.9611432, 0.12684962, 0.034854293, 0.24268979), (0.96230173, -0.01239243, 0.0048667938, 0.27165878), (0.99819136, -0.057603687, 0.017190397, -0.00004786253), (0.9999994, -5.9604645e-8, 0, 2.9802322e-8), (0.9999994, -5.9604645e-8, 0, 2.9802322e-8), (0.9999994, -5.9604645e-8, 0, 2.9802322e-8), (0.47541478, -0.52342325, -0.47542286, -0.5234322), (-0.14870723, -0.021418706, 0.09966341, 0.9836129), (0.9897027, -0.085452616, 0.01000756, 0.114395425), (0.027644426, 0.9576665, 0.28541178, 0.025511056), (0.0027861893, 0.38560537, 0.9224322, 0.020475596), (0.9994419, -0.00006385334, 0.0021697283, 0.033325274), (0.9999995, 1.937151e-7, -0.0000011622906, -0.0011720732), (0.52940047, -0.50853306, 0.5012282, 0.45814827), (0.99999917, 3.1478703e-7, 6.556511e-7, -0.0014617965), (0.999454, -0.033047438, 7.748604e-7, 4.8428774e-8), (0.9978161, -0.066058695, 0.0000020861626, 1.937151e-7), (0.9949883, -0.099994555, 0.0000024437904, 3.054738e-7), (1.0000001, 2.477318e-7, 6.2584877e-7, 0), (1.0000002, 3.3527613e-8, 0.0000014901161, 2.6077032e-8), (1.0000001, 6.631017e-7, 0.0000013709068, 7.450581e-9), (0.9226495, -0.07829641, -0.031931102, -0.37625498), (0.8613069, -0.011280893, -0.010646774, 0.5078483), (0.06440353, 0.9937685, -0.08453477, 0.033621192), (-0.0019477606, 0.72760475, 0.68598175, 0.004077971), (0.9999509, 0.000013850629, 0.0006980896, 0.009872932), (0.99999946, 2.2351742e-7, -0.0000012218952, -0.0011720359), (-0.50853217, -0.5293999, -0.4581494, 0.5012287), (0.999999, 2.8323848e-7, 6.556511e-7, -0.00146183), (0.9994539, -0.033047497, 7.4505806e-8, 4.0978193e-8), (0.99781585, -0.06605879, 1.4901161e-8, 2.9802322e-8), (0.9949881, -0.09999454, 4.4703484e-8, 5.2154064e-8), (1, 2.1792948e-7, -2.9802322e-8, 2.0489097e-8), (1, 0, 0, 0), (0.99999994, 6.1281025e-7, -8.940697e-8, -4.4703484e-8), (0.49997446, -0.5000246, -0.4999833, -0.50001746), (0.49997446, -0.5000246, -0.4999833, -0.50001746), (0.49997446, -0.5000246, -0.4999833, -0.50001746), (0.49997446, -0.5000246, -0.4999833, -0.50001746)],
            }
            half3[] scales.timeSamples = {
                0: [(1, 1, 1), (1, 1, 1), (1, 1, 1), (1, 1, 1), (1, 1, 1), (1, 1, 1), (1, 1, 1), (1, 1, 1), (1, 1, 1), (1, 1, 1), (1, 1, 1), (1, 1, 1), (1, 1, 1), (1, 1, 1), (1, 1, 1), (1, 1, 1), (1, 1, 1), (1, 1, 1), (1, 1, 1), (1, 1, 1), (1, 1, 1), (1, 1, 1), (1, 1, 1), (1, 1, 1), (1, 1, 1), (1, 1, 1), (1, 1, 1), (1, 1, 1), (1, 1, 1), (1, 1, 1), (1, 1, 1), (1, 1, 1), (1, 1, 1), (1, 1, 1), (1, 1, 1), (1, 1, 1), (1, 1, 1), (1, 1, 1), (1, 1, 1), (1, 1, 1), (1, 1, 1), (1, 1, 1), (1, 1, 1), (1, 1, 1), (1, 1, 1), (1, 1, 1), (1, 1, 1), (1, 1, 1), (1, 1, 1), (1, 1, 1), (1, 1, 1), (1, 1, 1), (1, 1, 1), (1, 1, 1), (1, 1, 1), (1, 1, 1), (1, 1, 1), (1, 1, 1), (1, 1, 1), (1, 1, 1), (1, 1, 1), (1, 1, 1), (1, 1, 1), (1, 1, 1), (1, 1, 1), (1, 1, 1), (1, 1, 1), (1, 1, 1), (1, 1, 1), (1, 1, 1), (1, 1, 1), (1, 1, 1), (1, 1, 1), (1, 1, 1), (1, 1, 1), (1, 1, 1), (1, 1, 1), (1, 1, 1), (1, 1, 1), (1, 1, 1), (1, 1, 1), (1, 1, 1), (1, 1, 1), (1, 1, 1), (1, 1, 1), (1, 1, 1), (1, 1, 1), (1, 1, 1), (1, 1, 1), (1, 1, 1), (1, 1, 1), (1, 1, 1), (1, 1, 1), (1, 1, 1), (1, 1, 1), (1, 1, 1), (1, 1, 1), (1, 1, 1), (1, 1, 1), (1, 1, 1), (1, 1, 1), (1, 1, 1), (1, 1, 1), (1, 1, 1), (1, 1, 1), (1, 1, 1), (1, 1, 1), (1, 1, 1), (1, 1, 1), (1, 1, 1), (1, 1, 1), (1, 1, 1), (1, 1, 1), (1, 1, 1), (1, 1, 1)],
                1: [(1, 1, 1), (1, 1, 1), (1, 1, 1), (1, 1, 1), (1, 1, 1), (1, 1, 1), (1, 1, 1), (1, 1, 1), (1, 1, 1), (1, 1, 1), (1, 1, 1), (1, 1, 1), (1, 1, 1), (1, 1, 1), (1, 1, 1), (1, 1, 1), (1, 1, 1), (1, 1, 1), (1, 1, 1), (1, 1, 1), (1, 1, 1), (1, 1, 1), (1, 1, 1), (1, 1, 1), (1, 1, 1), (1, 1, 1), (1, 1, 1), (1, 1, 1), (1, 1, 1), (1, 1, 1), (1, 1, 1), (1, 1, 1), (1, 1, 1), (1, 1, 1), (1, 1, 1), (1, 1, 1), (1, 1, 1), (1, 1, 1), (1, 1, 1), (1, 1, 1), (1, 1, 1), (1, 1, 1), (1, 1, 1), (1, 1, 1), (1, 1, 1), (1, 1, 1), (1, 1, 1), (1, 1, 1), (1, 1, 1), (1, 1, 1), (1, 1, 1), (1, 1, 1), (1, 1, 1), (1, 1, 1), (1, 1, 1), (1, 1, 1), (1, 1, 1), (1, 1, 1), (1, 1, 1), (1, 1, 1), (1, 1, 1), (1, 1, 1), (1, 1, 1), (1, 1, 1), (1, 1, 1), (1, 1, 1), (1, 1, 1), (1, 1, 1), (1, 1, 1), (1, 1, 1), (1, 1, 1), (1, 1, 1), (1, 1, 1), (1, 1, 1), (1, 1, 1), (1, 1, 1), (1, 1, 1), (1, 1, 1), (1, 1, 1), (1, 1, 1), (1, 1, 1), (1, 1, 1), (1, 1, 1), (1, 1, 1), (1, 1, 1), (1, 1, 1), (1, 1, 1), (1, 1, 1), (1, 1, 1), (1, 1, 1), (1, 1, 1), (1, 1, 1), (1, 1, 1), (1, 1, 1), (1, 1, 1), (1, 1, 1), (1, 1, 1), (1, 1, 1), (1, 1, 1), (1, 1, 1), (1, 1, 1), (1, 1, 1), (1, 1, 1), (1, 1, 1), (1, 1, 1), (1, 1, 1), (1, 1, 1), (1, 1, 1), (1, 1, 1), (1, 1, 1), (1, 1, 1), (1, 1, 1), (1, 1, 1), (1, 1, 1), (1, 1, 1)],
                2: [(1, 1, 1), (1, 1, 1), (1, 1, 1), (1, 1, 1), (1, 1, 1), (1, 1, 1), (1, 1, 1), (1, 1, 1), (1, 1, 1), (1, 1, 1), (1, 1, 1), (1, 1, 1), (1, 1, 1), (1, 1, 1), (1, 1, 1), (1, 1, 1), (1, 1, 1), (1, 1, 1), (1, 1, 1), (1, 1, 1), (1, 1, 1), (1, 1, 1), (1, 1, 1), (1, 1, 1), (1, 1, 1), (1, 1, 1), (1, 1, 1), (1, 1, 1), (1, 1, 1), (1, 1, 1), (1, 1, 1), (1, 1, 1), (1, 1, 1), (1, 1, 1), (1, 1, 1), (1, 1, 1), (1, 1, 1), (1, 1, 1), (1, 1, 1), (1, 1, 1), (1, 1, 1), (1, 1, 1), (1, 1, 1), (1, 1, 1), (1, 1, 1), (1, 1, 1), (1, 1, 1), (1, 1, 1), (1, 1, 1), (1, 1, 1), (1, 1, 1), (1, 1, 1), (1, 1, 1), (1, 1, 1), (1, 1, 1), (1, 1, 1), (1, 1, 1), (1, 1, 1), (1, 1, 1), (1, 1, 1), (1, 1, 1), (1, 1, 1), (1, 1, 1), (1, 1, 1), (1, 1, 1), (1, 1, 1), (1, 1, 1), (1, 1, 1), (1, 1, 1), (1, 1, 1), (1, 1, 1), (1, 1, 1), (1, 1, 1), (1, 1, 1), (1, 1, 1), (1, 1, 1), (1, 1, 1), (1, 1, 1), (1, 1, 1), (1, 1, 1), (1, 1, 1), (1, 1, 1), (1, 1, 1), (1, 1, 1), (1, 1, 1), (1, 1, 1), (1, 1, 1), (1, 1, 1), (1, 1, 1), (1, 1, 1), (1, 1, 1), (1, 1, 1), (1, 1, 1), (1, 1, 1), (1, 1, 1), (1, 1, 1), (1, 1, 1), (1, 1, 1), (1, 1, 1), (1, 1, 1), (1, 1, 1), (1, 1, 1), (1, 1, 1), (1, 1, 1), (1, 1, 1), (1, 1, 1), (1, 1, 1), (1, 1, 1), (1, 1, 1), (1, 1, 1), (1, 1, 1), (1, 1, 1), (1, 1, 1), (1, 1, 1), (1, 1, 1)],
                3: [(1, 1, 1), (1, 1, 1), (1, 1, 1), (1, 1, 1), (1, 1, 1), (1, 1, 1), (1, 1, 1), (1, 1, 1), (1, 1, 1), (1, 1, 1), (1, 1, 1), (1, 1, 1), (1, 1, 1), (1, 1, 1), (1, 1, 1), (1, 1, 1), (1, 1, 1), (1, 1, 1), (1, 1, 1), (1, 1, 1), (1, 1, 1), (1, 1, 1), (1, 1, 1), (1, 1, 1), (1, 1, 1), (1, 1, 1), (1, 1, 1), (1, 1, 1), (1, 1, 1), (1, 1, 1), (1, 1, 1), (1, 1, 1), (1, 1, 1), (1, 1, 1), (1, 1, 1), (1, 1, 1), (1, 1, 1), (1, 1, 1), (1, 1, 1), (1, 1, 1), (1, 1, 1), (1, 1, 1), (1, 1, 1), (1, 1, 1), (1, 1, 1), (1, 1, 1), (1, 1, 1), (1, 1, 1), (1, 1, 1), (1, 1, 1), (1, 1, 1), (1, 1, 1), (1, 1, 1), (1, 1, 1), (1, 1, 1), (1, 1, 1), (1, 1, 1), (1, 1, 1), (1, 1, 1), (1, 1, 1), (1, 1, 1), (1, 1, 1), (1, 1, 1), (1, 1, 1), (1, 1, 1), (1, 1, 1), (1, 1, 1), (1, 1, 1), (1, 1, 1), (1, 1, 1), (1, 1, 1), (1, 1, 1), (1, 1, 1), (1, 1, 1), (1, 1, 1), (1, 1, 1), (1, 1, 1), (1, 1, 1), (1, 1, 1), (1, 1, 1), (1, 1, 1), (1, 1, 1), (1, 1, 1), (1, 1, 1), (1, 1, 1), (1, 1, 1), (1, 1, 1), (1, 1, 1), (1, 1, 1), (1, 1, 1), (1, 1, 1), (1, 1, 1), (1, 1, 1), (1, 1, 1), (1, 1, 1), (1, 1, 1), (1, 1, 1), (1, 1, 1), (1, 1, 1), (1, 1, 1), (1, 1, 1), (1, 1, 1), (1, 1, 1), (1, 1, 1), (1, 1, 1), (1, 1, 1), (1, 1, 1), (1, 1, 1), (1, 1, 1), (1, 1, 1), (1, 1, 1), (1, 1, 1), (1, 1, 1), (1, 1, 1), (1, 1, 1)],
                4: [(1, 1, 1), (1, 1, 1), (1, 1, 1), (1, 1, 1), (1, 1, 1), (1, 1, 1), (1, 1, 1), (1, 1, 1), (1, 1, 1), (1, 1, 1), (1, 1, 1), (1, 1, 1), (1, 1, 1), (1, 1, 1), (1, 1, 1), (1, 1, 1), (1, 1, 1), (1, 1, 1), (1, 1, 1), (1, 1, 1), (1, 1, 1), (1, 1, 1), (1, 1, 1), (1, 1, 1), (1, 1, 1), (1, 1, 1), (1, 1, 1), (1, 1, 1), (1, 1, 1), (1, 1, 1), (1, 1, 1), (1, 1, 1), (1, 1, 1), (1, 1, 1), (1, 1, 1), (1, 1, 1), (1, 1, 1), (1, 1, 1), (1, 1, 1), (1, 1, 1), (1, 1, 1), (1, 1, 1), (1, 1, 1), (1, 1, 1), (1, 1, 1), (1, 1, 1), (1, 1, 1), (1, 1, 1), (1, 1, 1), (1, 1, 1), (1, 1, 1), (1, 1, 1), (1, 1, 1), (1, 1, 1), (1, 1, 1), (1, 1, 1), (1, 1, 1), (1, 1, 1), (1, 1, 1), (1, 1, 1), (1, 1, 1), (1, 1, 1), (1, 1, 1), (1, 1, 1), (1, 1, 1), (1, 1, 1), (1, 1, 1), (1, 1, 1), (1, 1, 1), (1, 1, 1), (1, 1, 1), (1, 1, 1), (1, 1, 1), (1, 1, 1), (1, 1, 1), (1, 1, 1), (1, 1, 1), (1, 1, 1), (1, 1, 1), (1, 1, 1), (1, 1, 1), (1, 1, 1), (1, 1, 1), (1, 1, 1), (1, 1, 1), (1, 1, 1), (1, 1, 1), (1, 1, 1), (1, 1, 1), (1, 1, 1), (1, 1, 1), (1, 1, 1), (1, 1, 1), (1, 1, 1), (1, 1, 1), (1, 1, 1), (1, 1, 1), (1, 1, 1), (1, 1, 1), (1, 1, 1), (1, 1, 1), (1, 1, 1), (1, 1, 1), (1, 1, 1), (1, 1, 1), (1, 1, 1), (1, 1, 1), (1, 1, 1), (1, 1, 1), (1, 1, 1), (1, 1, 1), (1, 1, 1), (1, 1, 1), (1, 1, 1), (1, 1, 1)],
                5: [(1, 1, 1), (1, 1, 1), (1, 1, 1), (1, 1, 1), (1, 1, 1), (1, 1, 1), (1, 1, 1), (1, 1, 1), (1, 1, 1), (1, 1, 1), (1, 1, 1), (1, 1, 1), (1, 1, 1), (1, 1, 1), (1, 1, 1), (1, 1, 1), (1, 1, 1), (1, 1, 1), (1, 1, 1), (1, 1, 1), (1, 1, 1), (1, 1, 1), (1, 1, 1), (1, 1, 1), (1, 1, 1), (1, 1, 1), (1, 1, 1), (1, 1, 1), (1, 1, 1), (1, 1, 1), (1, 1, 1), (1, 1, 1), (1, 1, 1), (1, 1, 1), (1, 1, 1), (1, 1, 1), (1, 1, 1), (1, 1, 1), (1, 1, 1), (1, 1, 1), (1, 1, 1), (1, 1, 1), (1, 1, 1), (1, 1, 1), (1, 1, 1), (1, 1, 1), (1, 1, 1), (1, 1, 1), (1, 1, 1), (1, 1, 1), (1, 1, 1), (1, 1, 1), (1, 1, 1), (1, 1, 1), (1, 1, 1), (1, 1, 1), (1, 1, 1), (1, 1, 1), (1, 1, 1), (1, 1, 1), (1, 1, 1), (1, 1, 1), (1, 1, 1), (1, 1, 1), (1, 1, 1), (1, 1, 1), (1, 1, 1), (1, 1, 1), (1, 1, 1), (1, 1, 1), (1, 1, 1), (1, 1, 1), (1, 1, 1), (1, 1, 1), (1, 1, 1), (1, 1, 1), (1, 1, 1), (1, 1, 1), (1, 1, 1), (1, 1, 1), (1, 1, 1), (1, 1, 1), (1, 1, 1), (1, 1, 1), (1, 1, 1), (1, 1, 1), (1, 1, 1), (1, 1, 1), (1, 1, 1), (1, 1, 1), (1, 1, 1), (1, 1, 1), (1, 1, 1), (1, 1, 1), (1, 1, 1), (1, 1, 1), (1, 1, 1), (1, 1, 1), (1, 1, 1), (1, 1, 1), (1, 1, 1), (1, 1, 1), (1, 1, 1), (1, 1, 1), (1, 1, 1), (1, 1, 1), (1, 1, 1), (1, 1, 1), (1, 1, 1), (1, 1, 1), (1, 1, 1), (1, 1, 1), (1, 1, 1), (1, 1, 1), (1, 1, 1)],
                6: [(1, 1, 1), (1, 1, 1), (1, 1, 1), (1, 1, 1), (1, 1, 1), (1, 1, 1), (1, 1, 1), (1, 1, 1), (1, 1, 1), (1, 1, 1), (1, 1, 1), (1, 1, 1), (1, 1, 1), (1, 1, 1), (1, 1, 1), (1, 1, 1), (1, 1, 1), (1, 1, 1), (1, 1, 1), (1, 1, 1), (1, 1, 1), (1, 1, 1), (1, 1, 1), (1, 1, 1), (1, 1, 1), (1, 1, 1), (1, 1, 1), (1, 1, 1), (1, 1, 1), (1, 1, 1), (1, 1, 1), (1, 1, 1), (1, 1, 1), (1, 1, 1), (1, 1, 1), (1, 1, 1), (1, 1, 1), (1, 1, 1), (1, 1, 1), (1, 1, 1), (1, 1, 1), (1, 1, 1), (1, 1, 1), (1, 1, 1), (1, 1, 1), (1, 1, 1), (1, 1, 1), (1, 1, 1), (1, 1, 1), (1, 1, 1), (1, 1, 1), (1, 1, 1), (1, 1, 1), (1, 1, 1), (1, 1, 1), (1, 1, 1), (1, 1, 1), (1, 1, 1), (1, 1, 1), (1, 1, 1), (1, 1, 1), (1, 1, 1), (1, 1, 1), (1, 1, 1), (1, 1, 1), (1, 1, 1), (1, 1, 1), (1, 1, 1), (1, 1, 1), (1, 1, 1), (1, 1, 1), (1, 1, 1), (1, 1, 1), (1, 1, 1), (1, 1, 1), (1, 1, 1), (1, 1, 1), (1, 1, 1), (1, 1, 1), (1, 1, 1), (1, 1, 1), (1, 1, 1), (1, 1, 1), (1, 1, 1), (1, 1, 1), (1, 1, 1), (1, 1, 1), (1, 1, 1), (1, 1, 1), (1, 1, 1), (1, 1, 1), (1, 1, 1), (1, 1, 1), (1, 1, 1), (1, 1, 1), (1, 1, 1), (1, 1, 1), (1, 1, 1), (1, 1, 1), (1, 1, 1), (1, 1, 1), (1, 1, 1), (1, 1, 1), (1, 1, 1), (1, 1, 1), (1, 1, 1), (1, 1, 1), (1, 1, 1), (1, 1, 1), (1, 1, 1), (1, 1, 1), (1, 1, 1), (1, 1, 1), (1, 1, 1), (1, 1, 1)],
                7: [(1, 1, 1), (1, 1, 1), (1, 1, 1), (1, 1, 1), (1, 1, 1), (1, 1, 1), (1, 1, 1), (1, 1, 1), (1, 1, 1), (1, 1, 1), (1, 1, 1), (1, 1, 1), (1, 1, 1), (1, 1, 1), (1, 1, 1), (1, 1, 1), (1, 1, 1), (1, 1, 1), (1, 1, 1), (1, 1, 1), (1, 1, 1), (1, 1, 1), (1, 1, 1), (1, 1, 1), (1, 1, 1), (1, 1, 1), (1, 1, 1), (1, 1, 1), (1, 1, 1), (1, 1, 1), (1, 1, 1), (1, 1, 1), (1, 1, 1), (1, 1, 1), (1, 1, 1), (1, 1, 1), (1, 1, 1), (1, 1, 1), (1, 1, 1), (1, 1, 1), (1, 1, 1), (1, 1, 1), (1, 1, 1), (1, 1, 1), (1, 1, 1), (1, 1, 1), (1, 1, 1), (1, 1, 1), (1, 1, 1), (1, 1, 1), (1, 1, 1), (1, 1, 1), (1, 1, 1), (1, 1, 1), (1, 1, 1), (1, 1, 1), (1, 1, 1), (1, 1, 1), (1, 1, 1), (1, 1, 1), (1, 1, 1), (1, 1, 1), (1, 1, 1), (1, 1, 1), (1, 1, 1), (1, 1, 1), (1, 1, 1), (1, 1, 1), (1, 1, 1), (1, 1, 1), (1, 1, 1), (1, 1, 1), (1, 1, 1), (1, 1, 1), (1, 1, 1), (1, 1, 1), (1, 1, 1), (1, 1, 1), (1, 1, 1), (1, 1, 1), (1, 1, 1), (1, 1, 1), (1, 1, 1), (1, 1, 1), (1, 1, 1), (1, 1, 1), (1, 1, 1), (1, 1, 1), (1, 1, 1), (1, 1, 1), (1, 1, 1), (1, 1, 1), (1, 1, 1), (1, 1, 1), (1, 1, 1), (1, 1, 1), (1, 1, 1), (1, 1, 1), (1, 1, 1), (1, 1, 1), (1, 1, 1), (1, 1, 1), (1, 1, 1), (1, 1, 1), (1, 1, 1), (1, 1, 1), (1, 1, 1), (1, 1, 1), (1, 1, 1), (1, 1, 1), (1, 1, 1), (1, 1, 1), (1, 1, 1), (1, 1, 1), (1, 1, 1)],
                8: [(1, 1, 1), (1, 1, 1), (1, 1, 1), (1, 1, 1), (1, 1, 1), (1, 1, 1), (1, 1, 1), (1, 1, 1), (1, 1, 1), (1, 1, 1), (1, 1, 1), (1, 1, 1), (1, 1, 1), (1, 1, 1), (1, 1, 1), (1, 1, 1), (1, 1, 1), (1, 1, 1), (1, 1, 1), (1, 1, 1), (1, 1, 1), (1, 1, 1), (1, 1, 1), (1, 1, 1), (1, 1, 1), (1, 1, 1), (1, 1, 1), (1, 1, 1), (1, 1, 1), (1, 1, 1), (1, 1, 1), (1, 1, 1), (1, 1, 1), (1, 1, 1), (1, 1, 1), (1, 1, 1), (1, 1, 1), (1, 1, 1), (1, 1, 1), (1, 1, 1), (1, 1, 1), (1, 1, 1), (1, 1, 1), (1, 1, 1), (1, 1, 1), (1, 1, 1), (1, 1, 1), (1, 1, 1), (1, 1, 1), (1, 1, 1), (1, 1, 1), (1, 1, 1), (1, 1, 1), (1, 1, 1), (1, 1, 1), (1, 1, 1), (1, 1, 1), (1, 1, 1), (1, 1, 1), (1, 1, 1), (1, 1, 1), (1, 1, 1), (1, 1, 1), (1, 1, 1), (1, 1, 1), (1, 1, 1), (1, 1, 1), (1, 1, 1), (1, 1, 1), (1, 1, 1), (1, 1, 1), (1, 1, 1), (1, 1, 1), (1, 1, 1), (1, 1, 1), (1, 1, 1), (1, 1, 1), (1, 1, 1), (1, 1, 1), (1, 1, 1), (1, 1, 1), (1, 1, 1), (1, 1, 1), (1, 1, 1), (1, 1, 1), (1, 1, 1), (1, 1, 1), (1, 1, 1), (1, 1, 1), (1, 1, 1), (1, 1, 1), (1, 1, 1), (1, 1, 1), (1, 1, 1), (1, 1, 1), (1, 1, 1), (1, 1, 1), (1, 1, 1), (1, 1, 1), (1, 1, 1), (1, 1, 1), (1, 1, 1), (1, 1, 1), (1, 1, 1), (1, 1, 1), (1, 1, 1), (1, 1, 1), (1, 1, 1), (1, 1, 1), (1, 1, 1), (1, 1, 1), (1, 1, 1), (1, 1, 1), (1, 1, 1), (1, 1, 1)],
                9: [(1, 1, 1), (1, 1, 1), (1, 1, 1), (1, 1, 1), (1, 1, 1), (1, 1, 1), (1, 1, 1), (1, 1, 1), (1, 1, 1), (1, 1, 1), (1, 1, 1), (1, 1, 1), (1, 1, 1), (1, 1, 1), (1, 1, 1), (1, 1, 1), (1, 1, 1), (1, 1, 1), (1, 1, 1), (1, 1, 1), (1, 1, 1), (1, 1, 1), (1, 1, 1), (1, 1, 1), (1, 1, 1), (1, 1, 1), (1, 1, 1), (1, 1, 1), (1, 1, 1), (1, 1, 1), (1, 1, 1), (1, 1, 1), (1, 1, 1), (1, 1, 1), (1, 1, 1), (1, 1, 1), (1, 1, 1), (1, 1, 1), (1, 1, 1), (1, 1, 1), (1, 1, 1), (1, 1, 1), (1, 1, 1), (1, 1, 1), (1, 1, 1), (1, 1, 1), (1, 1, 1), (1, 1, 1), (1, 1, 1), (1, 1, 1), (1, 1, 1), (1, 1, 1), (1, 1, 1), (1, 1, 1), (1, 1, 1), (1, 1, 1), (1, 1, 1), (1, 1, 1), (1, 1, 1), (1, 1, 1), (1, 1, 1), (1, 1, 1), (1, 1, 1), (1, 1, 1), (1, 1, 1), (1, 1, 1), (1, 1, 1), (1, 1, 1), (1, 1, 1), (1, 1, 1), (1, 1, 1), (1, 1, 1), (1, 1, 1), (1, 1, 1), (1, 1, 1), (1, 1, 1), (1, 1, 1), (1, 1, 1), (1, 1, 1), (1, 1, 1), (1, 1, 1), (1, 1, 1), (1, 1, 1), (1, 1, 1), (1, 1, 1), (1, 1, 1), (1, 1, 1), (1, 1, 1), (1, 1, 1), (1, 1, 1), (1, 1, 1), (1, 1, 1), (1, 1, 1), (1, 1, 1), (1, 1, 1), (1, 1, 1), (1, 1, 1), (1, 1, 1), (1, 1, 1), (1, 1, 1), (1, 1, 1), (1, 1, 1), (1, 1, 1), (1, 1, 1), (1, 1, 1), (1, 1, 1), (1, 1, 1), (1, 1, 1), (1, 1, 1), (1, 1, 1), (1, 1, 1), (1, 1, 1), (1, 1, 1), (1, 1, 1), (1, 1, 1)],
                10: [(1, 1, 1), (1, 1, 1), (1, 1, 1), (1, 1, 1), (1, 1, 1), (1, 1, 1), (1, 1, 1), (1, 1, 1), (1, 1, 1), (1, 1, 1), (1, 1, 1), (1, 1, 1), (1, 1, 1), (1, 1, 1), (1, 1, 1), (1, 1, 1), (1, 1, 1), (1, 1, 1), (1, 1, 1), (1, 1, 1), (1, 1, 1), (1, 1, 1), (1, 1, 1), (1, 1, 1), (1, 1, 1), (1, 1, 1), (1, 1, 1), (1, 1, 1), (1, 1, 1), (1, 1, 1), (1, 1, 1), (1, 1, 1), (1, 1, 1), (1, 1, 1), (1, 1, 1), (1, 1, 1), (1, 1, 1), (1, 1, 1), (1, 1, 1), (1, 1, 1), (1, 1, 1), (1, 1, 1), (1, 1, 1), (1, 1, 1), (1, 1, 1), (1, 1, 1), (1, 1, 1), (1, 1, 1), (1, 1, 1), (1, 1, 1), (1, 1, 1), (1, 1, 1), (1, 1, 1), (1, 1, 1), (1, 1, 1), (1, 1, 1), (1, 1, 1), (1, 1, 1), (1, 1, 1), (1, 1, 1), (1, 1, 1), (1, 1, 1), (1, 1, 1), (1, 1, 1), (1, 1, 1), (1, 1, 1), (1, 1, 1), (1, 1, 1), (1, 1, 1), (1, 1, 1), (1, 1, 1), (1, 1, 1), (1, 1, 1), (1, 1, 1), (1, 1, 1), (1, 1, 1), (1, 1, 1), (1, 1, 1), (1, 1, 1), (1, 1, 1), (1, 1, 1), (1, 1, 1), (1, 1, 1), (1, 1, 1), (1, 1, 1), (1, 1, 1), (1, 1, 1), (1, 1, 1), (1, 1, 1), (1, 1, 1), (1, 1, 1), (1, 1, 1), (1, 1, 1), (1, 1, 1), (1, 1, 1), (1, 1, 1), (1, 1, 1), (1, 1, 1), (1, 1, 1), (1, 1, 1), (1, 1, 1), (1, 1, 1), (1, 1, 1), (1, 1, 1), (1, 1, 1), (1, 1, 1), (1, 1, 1), (1, 1, 1), (1, 1, 1), (1, 1, 1), (1, 1, 1), (1, 1, 1), (1, 1, 1), (1, 1, 1), (1, 1, 1)],
                11: [(1, 1, 1), (1, 1, 1), (1, 1, 1), (1, 1, 1), (1, 1, 1), (1, 1, 1), (1, 1, 1), (1, 1, 1), (1, 1, 1), (1, 1, 1), (1, 1, 1), (1, 1, 1), (1, 1, 1), (1, 1, 1), (1, 1, 1), (1, 1, 1), (1, 1, 1), (1, 1, 1), (1, 1, 1), (1, 1, 1), (1, 1, 1), (1, 1, 1), (1, 1, 1), (1, 1, 1), (1, 1, 1), (1, 1, 1), (1, 1, 1), (1, 1, 1), (1, 1, 1), (1, 1, 1), (1, 1, 1), (1, 1, 1), (1, 1, 1), (1, 1, 1), (1, 1, 1), (1, 1, 1), (1, 1, 1), (1, 1, 1), (1, 1, 1), (1, 1, 1), (1, 1, 1), (1, 1, 1), (1, 1, 1), (1, 1, 1), (1, 1, 1), (1, 1, 1), (1, 1, 1), (1, 1, 1), (1, 1, 1), (1, 1, 1), (1, 1, 1), (1, 1, 1), (1, 1, 1), (1, 1, 1), (1, 1, 1), (1, 1, 1), (1, 1, 1), (1, 1, 1), (1, 1, 1), (1, 1, 1), (1, 1, 1), (1, 1, 1), (1, 1, 1), (1, 1, 1), (1, 1, 1), (1, 1, 1), (1, 1, 1), (1, 1, 1), (1, 1, 1), (1, 1, 1), (1, 1, 1), (1, 1, 1), (1, 1, 1), (1, 1, 1), (1, 1, 1), (1, 1, 1), (1, 1, 1), (1, 1, 1), (1, 1, 1), (1, 1, 1), (1, 1, 1), (1, 1, 1), (1, 1, 1), (1, 1, 1), (1, 1, 1), (1, 1, 1), (1, 1, 1), (1, 1, 1), (1, 1, 1), (1, 1, 1), (1, 1, 1), (1, 1, 1), (1, 1, 1), (1, 1, 1), (1, 1, 1), (1, 1, 1), (1, 1, 1), (1, 1, 1), (1, 1, 1), (1, 1, 1), (1, 1, 1), (1, 1, 1), (1, 1, 1), (1, 1, 1), (1, 1, 1), (1, 1, 1), (1, 1, 1), (1, 1, 1), (1, 1, 1), (1, 1, 1), (1, 1, 1), (1, 1, 1), (1, 1, 1), (1, 1, 1), (1, 1, 1)],
                12: [(1, 1, 1), (1, 1, 1), (1, 1, 1), (1, 1, 1), (1, 1, 1), (1, 1, 1), (1, 1, 1), (1, 1, 1), (1, 1, 1), (1, 1, 1), (1, 1, 1), (1, 1, 1), (1, 1, 1), (1, 1, 1), (1, 1, 1), (1, 1, 1), (1, 1, 1), (1, 1, 1), (1, 1, 1), (1, 1, 1), (1, 1, 1), (1, 1, 1), (1, 1, 1), (1, 1, 1), (1, 1, 1), (1, 1, 1), (1, 1, 1), (1, 1, 1), (1, 1, 1), (1, 1, 1), (1, 1, 1), (1, 1, 1), (1, 1, 1), (1, 1, 1), (1, 1, 1), (1, 1, 1), (1, 1, 1), (1, 1, 1), (1, 1, 1), (1, 1, 1), (1, 1, 1), (1, 1, 1), (1, 1, 1), (1, 1, 1), (1, 1, 1), (1, 1, 1), (1, 1, 1), (1, 1, 1), (1, 1, 1), (1, 1, 1), (1, 1, 1), (1, 1, 1), (1, 1, 1), (1, 1, 1), (1, 1, 1), (1, 1, 1), (1, 1, 1), (1, 1, 1), (1, 1, 1), (1, 1, 1), (1, 1, 1), (1, 1, 1), (1, 1, 1), (1, 1, 1), (1, 1, 1), (1, 1, 1), (1, 1, 1), (1, 1, 1), (1, 1, 1), (1, 1, 1), (1, 1, 1), (1, 1, 1), (1, 1, 1), (1, 1, 1), (1, 1, 1), (1, 1, 1), (1, 1, 1), (1, 1, 1), (1, 1, 1), (1, 1, 1), (1, 1, 1), (1, 1, 1), (1, 1, 1), (1, 1, 1), (1, 1, 1), (1, 1, 1), (1, 1, 1), (1, 1, 1), (1, 1, 1), (1, 1, 1), (1, 1, 1), (1, 1, 1), (1, 1, 1), (1, 1, 1), (1, 1, 1), (1, 1, 1), (1, 1, 1), (1, 1, 1), (1, 1, 1), (1, 1, 1), (1, 1, 1), (1, 1, 1), (1, 1, 1), (1, 1, 1), (1, 1, 1), (1, 1, 1), (1, 1, 1), (1, 1, 1), (1, 1, 1), (1, 1, 1), (1, 1, 1), (1, 1, 1), (1, 1, 1), (1, 1, 1), (1, 1, 1)],
                13: [(1, 1, 1), (1, 1, 1), (1, 1, 1), (1, 1, 1), (1, 1, 1), (1, 1, 1), (1, 1, 1), (1, 1, 1), (1, 1, 1), (1, 1, 1), (1, 1, 1), (1, 1, 1), (1, 1, 1), (1, 1, 1), (1, 1, 1), (1, 1, 1), (1, 1, 1), (1, 1, 1), (1, 1, 1), (1, 1, 1), (1, 1, 1), (1, 1, 1), (1, 1, 1), (1, 1, 1), (1, 1, 1), (1, 1, 1), (1, 1, 1), (1, 1, 1), (1, 1, 1), (1, 1, 1), (1, 1, 1), (1, 1, 1), (1, 1, 1), (1, 1, 1), (1, 1, 1), (1, 1, 1), (1, 1, 1), (1, 1, 1), (1, 1, 1), (1, 1, 1), (1, 1, 1), (1, 1, 1), (1, 1, 1), (1, 1, 1), (1, 1, 1), (1, 1, 1), (1, 1, 1), (1, 1, 1), (1, 1, 1), (1, 1, 1), (1, 1, 1), (1, 1, 1), (1, 1, 1), (1, 1, 1), (1, 1, 1), (1, 1, 1), (1, 1, 1), (1, 1, 1), (1, 1, 1), (1, 1, 1), (1, 1, 1), (1, 1, 1), (1, 1, 1), (1, 1, 1), (1, 1, 1), (1, 1, 1), (1, 1, 1), (1, 1, 1), (1, 1, 1), (1, 1, 1), (1, 1, 1), (1, 1, 1), (1, 1, 1), (1, 1, 1), (1, 1, 1), (1, 1, 1), (1, 1, 1), (1, 1, 1), (1, 1, 1), (1, 1, 1), (1, 1, 1), (1, 1, 1), (1, 1, 1), (1, 1, 1), (1, 1, 1), (1, 1, 1), (1, 1, 1), (1, 1, 1), (1, 1, 1), (1, 1, 1), (1, 1, 1), (1, 1, 1), (1, 1, 1), (1, 1, 1), (1, 1, 1), (1, 1, 1), (1, 1, 1), (1, 1, 1), (1, 1, 1), (1, 1, 1), (1, 1, 1), (1, 1, 1), (1, 1, 1), (1, 1, 1), (1, 1, 1), (1, 1, 1), (1, 1, 1), (1, 1, 1), (1, 1, 1), (1, 1, 1), (1, 1, 1), (1, 1, 1), (1, 1, 1), (1, 1, 1), (1, 1, 1)],
                14: [(1, 1, 1), (1, 1, 1), (1, 1, 1), (1, 1, 1), (1, 1, 1), (1, 1, 1), (1, 1, 1), (1, 1, 1), (1, 1, 1), (1, 1, 1), (1, 1, 1), (1, 1, 1), (1, 1, 1), (1, 1, 1), (1, 1, 1), (1, 1, 1), (1, 1, 1), (1, 1, 1), (1, 1, 1), (1, 1, 1), (1, 1, 1), (1, 1, 1), (1, 1, 1), (1, 1, 1), (1, 1, 1), (1, 1, 1), (1, 1, 1), (1, 1, 1), (1, 1, 1), (1, 1, 1), (1, 1, 1), (1, 1, 1), (1, 1, 1), (1, 1, 1), (1, 1, 1), (1, 1, 1), (1, 1, 1), (1, 1, 1), (1, 1, 1), (1, 1, 1), (1, 1, 1), (1, 1, 1), (1, 1, 1), (1, 1, 1), (1, 1, 1), (1, 1, 1), (1, 1, 1), (1, 1, 1), (1, 1, 1), (1, 1, 1), (1, 1, 1), (1, 1, 1), (1, 1, 1), (1, 1, 1), (1, 1, 1), (1, 1, 1), (1, 1, 1), (1, 1, 1), (1, 1, 1), (1, 1, 1), (1, 1, 1), (1, 1, 1), (1, 1, 1), (1, 1, 1), (1, 1, 1), (1, 1, 1), (1, 1, 1), (1, 1, 1), (1, 1, 1), (1, 1, 1), (1, 1, 1), (1, 1, 1), (1, 1, 1), (1, 1, 1), (1, 1, 1), (1, 1, 1), (1, 1, 1), (1, 1, 1), (1, 1, 1), (1, 1, 1), (1, 1, 1), (1, 1, 1), (1, 1, 1), (1, 1, 1), (1, 1, 1), (1, 1, 1), (1, 1, 1), (1, 1, 1), (1, 1, 1), (1, 1, 1), (1, 1, 1), (1, 1, 1), (1, 1, 1), (1, 1, 1), (1, 1, 1), (1, 1, 1), (1, 1, 1), (1, 1, 1), (1, 1, 1), (1, 1, 1), (1, 1, 1), (1, 1, 1), (1, 1, 1), (1, 1, 1), (1, 1, 1), (1, 1, 1), (1, 1, 1), (1, 1, 1), (1, 1, 1), (1, 1, 1), (1, 1, 1), (1, 1, 1), (1, 1, 1), (1, 1, 1), (1, 1, 1)],
                15: [(1, 1, 1), (1, 1, 1), (1, 1, 1), (1, 1, 1), (1, 1, 1), (1, 1, 1), (1, 1, 1), (1, 1, 1), (1, 1, 1), (1, 1, 1), (1, 1, 1), (1, 1, 1), (1, 1, 1), (1, 1, 1), (1, 1, 1), (1, 1, 1), (1, 1, 1), (1, 1, 1), (1, 1, 1), (1, 1, 1), (1, 1, 1), (1, 1, 1), (1, 1, 1), (1, 1, 1), (1, 1, 1), (1, 1, 1), (1, 1, 1), (1, 1, 1), (1, 1, 1), (1, 1, 1), (1, 1, 1), (1, 1, 1), (1, 1, 1), (1, 1, 1), (1, 1, 1), (1, 1, 1), (1, 1, 1), (1, 1, 1), (1, 1, 1), (1, 1, 1), (1, 1, 1), (1, 1, 1), (1, 1, 1), (1, 1, 1), (1, 1, 1), (1, 1, 1), (1, 1, 1), (1, 1, 1), (1, 1, 1), (1, 1, 1), (1, 1, 1), (1, 1, 1), (1, 1, 1), (1, 1, 1), (1, 1, 1), (1, 1, 1), (1, 1, 1), (1, 1, 1), (1, 1, 1), (1, 1, 1), (1, 1, 1), (1, 1, 1), (1, 1, 1), (1, 1, 1), (1, 1, 1), (1, 1, 1), (1, 1, 1), (1, 1, 1), (1, 1, 1), (1, 1, 1), (1, 1, 1), (1, 1, 1), (1, 1, 1), (1, 1, 1), (1, 1, 1), (1, 1, 1), (1, 1, 1), (1, 1, 1), (1, 1, 1), (1, 1, 1), (1, 1, 1), (1, 1, 1), (1, 1, 1), (1, 1, 1), (1, 1, 1), (1, 1, 1), (1, 1, 1), (1, 1, 1), (1, 1, 1), (1, 1, 1), (1, 1, 1), (1, 1, 1), (1, 1, 1), (1, 1, 1), (1, 1, 1), (1, 1, 1), (1, 1, 1), (1, 1, 1), (1, 1, 1), (1, 1, 1), (1, 1, 1), (1, 1, 1), (1, 1, 1), (1, 1, 1), (1, 1, 1), (1, 1, 1), (1, 1, 1), (1, 1, 1), (1, 1, 1), (1, 1, 1), (1, 1, 1), (1, 1, 1), (1, 1, 1), (1, 1, 1), (1, 1, 1)],
                16: [(1, 1, 1), (1, 1, 1), (1, 1, 1), (1, 1, 1), (1, 1, 1), (1, 1, 1), (1, 1, 1), (1, 1, 1), (1, 1, 1), (1, 1, 1), (1, 1, 1), (1, 1, 1), (1, 1, 1), (1, 1, 1), (1, 1, 1), (1, 1, 1), (1, 1, 1), (1, 1, 1), (1, 1, 1), (1, 1, 1), (1, 1, 1), (1, 1, 1), (1, 1, 1), (1, 1, 1), (1, 1, 1), (1, 1, 1), (1, 1, 1), (1, 1, 1), (1, 1, 1), (1, 1, 1), (1, 1, 1), (1, 1, 1), (1, 1, 1), (1, 1, 1), (1, 1, 1), (1, 1, 1), (1, 1, 1), (1, 1, 1), (1, 1, 1), (1, 1, 1), (1, 1, 1), (1, 1, 1), (1, 1, 1), (1, 1, 1), (1, 1, 1), (1, 1, 1), (1, 1, 1), (1, 1, 1), (1, 1, 1), (1, 1, 1), (1, 1, 1), (1, 1, 1), (1, 1, 1), (1, 1, 1), (1, 1, 1), (1, 1, 1), (1, 1, 1), (1, 1, 1), (1, 1, 1), (1, 1, 1), (1, 1, 1), (1, 1, 1), (1, 1, 1), (1, 1, 1), (1, 1, 1), (1, 1, 1), (1, 1, 1), (1, 1, 1), (1, 1, 1), (1, 1, 1), (1, 1, 1), (1, 1, 1), (1, 1, 1), (1, 1, 1), (1, 1, 1), (1, 1, 1), (1, 1, 1), (1, 1, 1), (1, 1, 1), (1, 1, 1), (1, 1, 1), (1, 1, 1), (1, 1, 1), (1, 1, 1), (1, 1, 1), (1, 1, 1), (1, 1, 1), (1, 1, 1), (1, 1, 1), (1, 1, 1), (1, 1, 1), (1, 1, 1), (1, 1, 1), (1, 1, 1), (1, 1, 1), (1, 1, 1), (1, 1, 1), (1, 1, 1), (1, 1, 1), (1, 1, 1), (1, 1, 1), (1, 1, 1), (1, 1, 1), (1, 1, 1), (1, 1, 1), (1, 1, 1), (1, 1, 1), (1, 1, 1), (1, 1, 1), (1, 1, 1), (1, 1, 1), (1, 1, 1), (1, 1, 1), (1, 1, 1), (1, 1, 1)],
                17: [(1, 1, 1), (1, 1, 1), (1, 1, 1), (1, 1, 1), (1, 1, 1), (1, 1, 1), (1, 1, 1), (1, 1, 1), (1, 1, 1), (1, 1, 1), (1, 1, 1), (1, 1, 1), (1, 1, 1), (1, 1, 1), (1, 1, 1), (1, 1, 1), (1, 1, 1), (1, 1, 1), (1, 1, 1), (1, 1, 1), (1, 1, 1), (1, 1, 1), (1, 1, 1), (1, 1, 1), (1, 1, 1), (1, 1, 1), (1, 1, 1), (1, 1, 1), (1, 1, 1), (1, 1, 1), (1, 1, 1), (1, 1, 1), (1, 1, 1), (1, 1, 1), (1, 1, 1), (1, 1, 1), (1, 1, 1), (1, 1, 1), (1, 1, 1), (1, 1, 1), (1, 1, 1), (1, 1, 1), (1, 1, 1), (1, 1, 1), (1, 1, 1), (1, 1, 1), (1, 1, 1), (1, 1, 1), (1, 1, 1), (1, 1, 1), (1, 1, 1), (1, 1, 1), (1, 1, 1), (1, 1, 1), (1, 1, 1), (1, 1, 1), (1, 1, 1), (1, 1, 1), (1, 1, 1), (1, 1, 1), (1, 1, 1), (1, 1, 1), (1, 1, 1), (1, 1, 1), (1, 1, 1), (1, 1, 1), (1, 1, 1), (1, 1, 1), (1, 1, 1), (1, 1, 1), (1, 1, 1), (1, 1, 1), (1, 1, 1), (1, 1, 1), (1, 1, 1), (1, 1, 1), (1, 1, 1), (1, 1, 1), (1, 1, 1), (1, 1, 1), (1, 1, 1), (1, 1, 1), (1, 1, 1), (1, 1, 1), (1, 1, 1), (1, 1, 1), (1, 1, 1), (1, 1, 1), (1, 1, 1), (1, 1, 1), (1, 1, 1), (1, 1, 1), (1, 1, 1), (1, 1, 1), (1, 1, 1), (1, 1, 1), (1, 1, 1), (1, 1, 1), (1, 1, 1), (1, 1, 1), (1, 1, 1), (1, 1, 1), (1, 1, 1), (1, 1, 1), (1, 1, 1), (1, 1, 1), (1, 1, 1), (1, 1, 1), (1, 1, 1), (1, 1, 1), (1, 1, 1), (1, 1, 1), (1, 1, 1), (1, 1, 1), (1, 1, 1)],
                18: [(1, 1, 1), (1, 1, 1), (1, 1, 1), (1, 1, 1), (1, 1, 1), (1, 1, 1), (1, 1, 1), (1, 1, 1), (1, 1, 1), (1, 1, 1), (1, 1, 1), (1, 1, 1), (1, 1, 1), (1, 1, 1), (1, 1, 1), (1, 1, 1), (1, 1, 1), (1, 1, 1), (1, 1, 1), (1, 1, 1), (1, 1, 1), (1, 1, 1), (1, 1, 1), (1, 1, 1), (1, 1, 1), (1, 1, 1), (1, 1, 1), (1, 1, 1), (1, 1, 1), (1, 1, 1), (1, 1, 1), (1, 1, 1), (1, 1, 1), (1, 1, 1), (1, 1, 1), (1, 1, 1), (1, 1, 1), (1, 1, 1), (1, 1, 1), (1, 1, 1), (1, 1, 1), (1, 1, 1), (1, 1, 1), (1, 1, 1), (1, 1, 1), (1, 1, 1), (1, 1, 1), (1, 1, 1), (1, 1, 1), (1, 1, 1), (1, 1, 1), (1, 1, 1), (1, 1, 1), (1, 1, 1), (1, 1, 1), (1, 1, 1), (1, 1, 1), (1, 1, 1), (1, 1, 1), (1, 1, 1), (1, 1, 1), (1, 1, 1), (1, 1, 1), (1, 1, 1), (1, 1, 1), (1, 1, 1), (1, 1, 1), (1, 1, 1), (1, 1, 1), (1, 1, 1), (1, 1, 1), (1, 1, 1), (1, 1, 1), (1, 1, 1), (1, 1, 1), (1, 1, 1), (1, 1, 1), (1, 1, 1), (1, 1, 1), (1, 1, 1), (1, 1, 1), (1, 1, 1), (1, 1, 1), (1, 1, 1), (1, 1, 1), (1, 1, 1), (1, 1, 1), (1, 1, 1), (1, 1, 1), (1, 1, 1), (1, 1, 1), (1, 1, 1), (1, 1, 1), (1, 1, 1), (1, 1, 1), (1, 1, 1), (1, 1, 1), (1, 1, 1), (1, 1, 1), (1, 1, 1), (1, 1, 1), (1, 1, 1), (1, 1, 1), (1, 1, 1), (1, 1, 1), (1, 1, 1), (1, 1, 1), (1, 1, 1), (1, 1, 1), (1, 1, 1), (1, 1, 1), (1, 1, 1), (1, 1, 1), (1, 1, 1), (1, 1, 1)],
            }
            float3[] translations.timeSamples = {
                0: [(-0.02735972, 1.0152433, 0.062164664), (-0.6204943, 92.00218, 4.0504684), (2.3636785, -1.8626451e-7, 5.122274e-7), (9.2173195, 7.4505806e-7, 0.0000011175871), (6.5245466, 0, 8.381903e-7), (12.617432, 0.0000014901161, 0.0000033527613), (18.782137, 1.1709362, 9.123535), (32.67299, 0.000012293458, 0.000050477684), (67.440796, 0.000008940697, -0.000023841858), (0, -4.7683716e-7, -0.000015258789), (17.132425, -0.0000048428774, -0.000014901161), (36.39427, -0.0000067055225, -0.000008940697), (63.34331, -0.0000044703484, -0.000029802322), (63.343273, -0.0000029802322, -0.000029802322), (8.571566, 1.9636378, -3.641814), (20.542519, -1.6527355, 0.25092736), (12.083031, -0.0000022351742, 0.000011175871), (8.648407, 0.0000014901161, 0.00001937151), (9.004272, 1.3589848, -0.65251815), (19.821512, -1.8643632, 0.41093826), (13.343516, 0.0000014901161, -0.000014156103), (9.466718, 0.000016391277, 0.0000014901161), (-0.21466063, 0.28939816, -0.025170565), (8.375607, 2.6644073, 5.772945), (16.551382, 0.00028684735, -0.0005558133), (10.266059, 0.000016018748, -0.000029802322), (7.641863, -0.000025331974, 0.000070780516), (8.901782, 1.7843862, 2.3946836), (18.338854, -1.551912, 0.3990814), (12.352495, 0.000029988587, 0.000016391277), (9.220542, -0.000027567148, -0.000017136335), (4.838609, 3.1992495, -2.664511), (11.307909, 0.0000052154064, 0.000029429793), (10.717986, 0.000020861626, -0.000020861626), (11.0407915, 0.0000115484, 0.0000067055225), (14.434157, 13.306442, -1.7259115), (18.579948, -0.0000037252903, -0.0000029802322), (42.483486, 0.0000029802322, -0.000023841858), (67.440796, 0.000014901161, -0.000014901161), (23.804556, -3.95782, 0.0000067055225), (13.724859, 0, 0.000005005859), (21.558105, 0.0000074505806, 0.000009639189), (21.558105, 0.0000074505806, 0.000009639189), (15.905563, 16.44299, -2.9802322e-8), (15.905579, 16.44299, -8.979123), (-9.536743e-7, 0, -0.000005722046), (15.905579, 16.44299, 8.978874), (-4.7683716e-7, 0.000015258789, 0), (13.827865, -0.0000023841856, 0), (18.781643, 1.1709318, -9.123529), (-32.672848, 0.000013411045, 0.00021010637), (-67.440186, 0.000019971048, 0.0008404255), (0, -0.000002861023, -0.000030517578), (-17.133156, 0.000014901161, -0.0006765127), (-36.39414, -0.000029802322, 0.00009983778), (-63.343204, -0.00002682209, -0.00012814999), (-63.343227, -0.000029802322, -0.00014007092), (-8.572156, -1.9641027, 3.6417983), (-20.542536, 1.6526387, -0.25093704), (-12.08299, 0.00013634562, 0.000010430813), (-8.648356, -0.00013746321, 0.000025704503), (-9.004985, -1.3593677, 0.65248835), (-19.821442, 1.8643833, -0.41092336), (-13.343379, -0.00008940697, 0.0000044703484), (-9.466807, -0.0000014901161, 0.0000022351742), (0.21458434, -0.28936005, 0.025163768), (-8.376236, -2.664825, -5.772964), (-16.551401, -0.00021085143, 0.0005751848), (-10.2660885, -0.000078231096, -0.00006109476), (-7.641761, -0.00008493662, -0.00004544854), (-8.902433, -1.7848749, -2.39471), (-18.338894, 1.5518069, -0.39907396), (-12.352408, 0.000047683716, -0.000021606684), (-9.22053, 0.000014901161, -0.0000011175871), (-4.839264, -3.1996303, 2.6644828), (-11.308002, -0.000114925206, 0.00015497208), (-10.717967, 0.0000018626451, -0.0000059604645), (-11.040853, -0.00009089708, -0.00018402934), (-14.434692, -13.479018, 1.7458668), (-18.579212, 0.00002746092, 0.00070631504), (-42.48362, -0.0000086962245, 0.000113248825), (-67.440186, 0.000018096762, 0.0008225441), (-0.0000076293945, -63.056564, -5.9604645e-8), (-16.153204, -2.2120237, 42.041336), (38.907043, -0.0000029802322, 0.0000029802322), (28.044775, 0.000008940697, -0.000008940697), (6.9065795, 21.743162, -0.000010803342), (4.906217, -0.00001527369, -0.0000044703484), (-0.0000150203705, -0.0000019073486, -0.0000076293945), (4.638041, 10.796566, 0.094257355), (-0.0010566711, 0.00001335144, 0.000011444092), (14.579685, 0.050385296, 0.06264746), (21.312225, 0.05038753, 0.06264001), (28.04476, 0.050395727, 0.0626415), (4.3222055, -0.055738725, 0.12532696), (17.768946, -0.05574003, 0.12533665), (35.716076, -0.027880073, 0.06265938), (-16.153255, -2.2120311, -42.041336), (-38.907024, 0, -0.0000059604645), (-28.044752, -0.0000029802322, 0.000008195639), (-6.906569, -21.743172, 0.0000044703484), (-4.906148, -0.000023515895, 0.0000026077032), (0.0000153929, -0.0000038146973, 0), (-4.6379194, -10.796585, -0.094249725), (0.0010375977, -0.00001335144, -0.000011444092), (-14.579641, -0.050377846, -0.062650256), (-21.312181, -0.050377846, -0.06265137), (-28.044765, -0.050380826, -0.06263293), (-4.3222437, 0.055738725, -0.125321), (-17.768955, 0.05574152, -0.12532324), (-35.71605, 0.027872622, -0.06265938), (0, 29.789522, 27.476168), (0.0004196167, -74.528015, 45.00424), (0, 30.116617, -27.777863), (0.00048828125, -74.529465, -45.388897)],
                1: [(0.0033529475, 0.2503752, 0.014866143), (-1.2475346, 93.47316, 4.7086577), (2.363676, 3.7252903e-7, 2.3283064e-7), (9.217316, 0.0000022351742, 0.0000014901161), (6.5245447, 0, 0.0000010244548), (12.617437, 0.0000014901161, 0.0000048428774), (18.782122, 1.1709422, 9.123541), (32.67299, 0.0000067055225, 0.00004582107), (67.44073, -0.00006258488, -0.00004172325), (0, -4.7683716e-7, -0.000015258789), (17.13241, -0.0000037252903, -0.000016391277), (36.394238, -0.0000074505806, -0.000014901161), (63.34326, 0.000008940697, -0.000023841858), (63.343227, -0.0000044703484, -0.000029802322), (8.571559, 1.963637, -3.6418102), (20.542505, -1.6527385, 0.25092736), (12.083009, -0.000004377216, 0.000018626451), (8.648391, 0.0000022351742, 0.000010430813), (9.004274, 1.3589866, -0.6525122), (19.821516, -1.8643663, 0.4109323), (13.343516, 0.000004656613, -0.000011175871), (9.466717, 0.000017136335, -0.0000044703484), (-0.21466063, 0.28939816, -0.025170565), (8.375612, 2.6644003, 5.7729406), (16.551384, 0.00028908253, -0.00056773424), (10.266057, 0.000018253922, -0.000028312206), (7.6418653, -0.000029057264, 0.000067055225), (8.901769, 1.7843862, 2.394686), (18.338856, -1.5519142, 0.39907694), (12.352493, 0.000030174851, 0.000022351742), (9.220544, -0.000029802322, -0.000020116568), (4.838611, 3.1992462, -2.6645136), (11.307911, 0.0000074505806, 0.0000376167), (10.717988, 0.000012665987, -0.000016763806), (11.04078, 0.000017695129, 0.0000067055225), (14.434157, 13.306442, -1.7259115), (18.579931, -0.000022351742, -0.000008195639), (42.483448, -0.000044703484, -0.000029802322), (67.44074, -0.000050663948, -0.000029802322), (23.804539, -3.9578109, 0.000017881393), (13.724847, 0.0000029802322, 0.000011362135), (21.558094, 0.000010430813, 0.000018859282), (21.558094, 0.000010430813, 0.000018859282), (15.905563, 16.44299, -2.9802322e-8), (15.905579, 16.44299, -8.979123), (-9.536743e-7, 0, -0.000005722046), (15.905579, 16.44299, 8.978874), (-4.7683716e-7, 0.000015258789, 0), (13.827865, -0.0000023841856, 0), (18.781622, 1.1709332, -9.123518), (-32.67284, 0.0000044703484, 0.00020712614), (-67.440155, -0.000023655593, 0.00082850456), (0, -0.000002861023, -0.000030517578), (-17.133146, 0.000011920929, -0.0006623566), (-36.39411, -0.00004172325, 0.00013113022), (-63.343155, -0.00004172325, -0.000071525574), (-63.343178, -0.000047683716, -0.0000834465), (-8.572149, -1.9641012, 3.6417983), (-20.542522, 1.6526371, -0.25093073), (-12.082982, 0.0001385808, 0.000008940697), (-8.648345, -0.00014081597, 0.000024959445), (-9.004979, -1.3593659, 0.6524868), (-19.821423, 1.8643782, -0.4109174), (-13.343332, -0.0000923872, 0.000012665987), (-9.466772, -0.0000044703484, -0.0000029802322), (0.21458434, -0.28936005, 0.025163768), (-8.376225, -2.664825, -5.772959), (-16.551386, -0.00021159649, 0.0005768612), (-10.266065, -0.000074505806, -0.000056624413), (-7.6417418, -0.0000834465, -0.000046938658), (-8.902424, -1.7848737, -2.3947072), (-18.33888, 1.5518069, -0.39906707), (-12.352383, 0.0000461936, -0.000018626451), (-9.220513, 0.000014156103, -0.0000026077032), (-4.839258, -3.1996255, 2.6644824), (-11.307982, -0.00011622906, 0.00015497208), (-10.717953, -0.0000029802322, -0.0000059604645), (-11.040837, -0.000093877316, -0.00018328428), (-14.434692, -13.479018, 1.7458668), (-18.5792, 0.000019231811, 0.0007018447), (-42.483593, -0.000033155084, 0.00011026859), (-67.44015, -0.000023469329, 0.0008046627), (-0.0000076293945, -63.056564, -5.9604645e-8), (-16.153204, -2.2120237, 42.041332), (38.907043, -0.0000044703484, 0.0000059604645), (28.044765, 0.0000059604645, -0.0000059604645), (6.906578, 21.743155, -0.000013411045), (4.906217, -0.000014901161, -0.000005401671), (-0.0000150203705, -0.0000019073486, -0.0000076293945), (4.638041, 10.796566, 0.094257355), (-0.0010566711, 0.00001335144, 0.000011444092), (14.57968, 0.050382316, 0.06264299), (21.312223, 0.05038455, 0.06264001), (28.044758, 0.050392747, 0.06264448), (4.3222084, -0.05574096, 0.12532622), (17.768946, -0.055742264, 0.12533665), (35.716076, -0.027878582, 0.06266236), (-16.153252, -2.2120357, -42.041332), (-38.907017, -0.0000029802322, -0.000014901161), (-28.044733, -0.000011920929, 0), (-6.9065733, -21.743164, 0.000013411045), (-4.906144, -0.000023795292, 0.0000052154064), (0.0000153929, -0.0000038146973, 0), (-4.6379194, -10.796585, -0.094249725), (0.0010375977, -0.00001335144, -0.000011444092), (-14.579632, -0.050382316, -0.06265603), (-21.312168, -0.050383806, -0.06265715), (-28.044748, -0.050389767, -0.06264225), (-4.3222413, 0.055738352, -0.12531914), (-17.768957, 0.055736303, -0.12532324), (-35.71605, 0.027874112, -0.06265938), (0, 29.789522, 27.476168), (0.0004196167, -74.528015, 45.00424), (0, 30.116617, -27.777863), (0.00048828125, -74.529465, -45.388897)],
                2: [(-0.005254452, 0.7986012, 0.019108504), (-1.3015625, 93.69846, 4.568241), (2.3636806, -3.7252903e-7, 4.1909516e-7), (9.217321, 0, 1.8626451e-7), (6.5245376, 0.0000029802322, 0.0000013969839), (12.617434, 0.0000029802322, 0.0000014901161), (18.782133, 1.1709362, 9.123536), (32.67299, 0.000010430813, 0.00005327165), (67.44076, -0.000035762787, -0.000032782555), (0, -4.7683716e-7, -0.000015258789), (17.132406, 0.0000014901161, -0.000016391277), (36.394226, -0.0000059604645, -0.000008940697), (63.343258, 0.000008940697, -0.000029802322), (63.34321, 0.0000029802322, -0.000035762787), (8.571551, 1.9636347, -3.6418152), (20.54251, -1.65274, 0.25093555), (12.0830145, -0.0000016763806, 0.0000029802322), (8.648398, 0, 0.000018253922), (9.004265, 1.3589829, -0.6525166), (19.821495, -1.8643677, 0.41093677), (13.343496, -0.0000037252903, -0.0000011175871), (9.466712, 0.000018626451, -0.0000037252903), (-0.21466063, 0.28939816, -0.025170565), (8.3756075, 2.6643984, 5.7729464), (16.551373, 0.00028163195, -0.0005573034), (10.2660475, 0.000014901161, -0.000026449561), (7.6418533, -0.000028312206, 0.0000692904), (8.901772, 1.7843823, 2.3946807), (18.338839, -1.5519112, 0.39908588), (12.35249, 0.00002682209, 0.00001564622), (9.220545, -0.000028312206, -0.000017881393), (4.838603, 3.199244, -2.6645188), (11.307892, 0.0000059604645, 0.000030361116), (10.717982, 0.000021606684, -0.000013317913), (11.040782, 0.000013783574, 0.0000059604645), (14.434157, 13.306442, -1.7259115), (18.579937, -0.000016391277, -0.0000074505806), (42.483467, -0.000023841858, -0.000023841858), (67.440765, -0.000032782555, -0.000029802322), (23.804552, -3.957817, 0.000010430813), (13.724857, 0, 0.000003632158), (21.55811, 0.0000029802322, 0.000007916242), (21.55811, 0.0000029802322, 0.000007916242), (15.905563, 16.44299, -2.9802322e-8), (15.905579, 16.44299, -8.979123), (-9.536743e-7, 0, -0.000005722046), (15.905579, 16.44299, 8.978874), (-4.7683716e-7, 0.000015258789, 0), (13.827865, -0.0000023841856, 0), (18.781643, 1.1709303, -9.123531), (-32.672844, 0.000013411045, 0.00020265579), (-67.44018, 0.000004284084, 0.00081658363), (0, -0.000002861023, -0.000030517578), (-17.133152, 0.000008940697, -0.00067949295), (-36.39414, -0.000029802322, 0.000093877316), (-63.343204, -0.000029802322, -0.0001385808), (-63.343227, -0.000023841858, -0.00015348196), (-8.572151, -1.9641012, 3.6418), (-20.542534, 1.6526334, -0.2509359), (-12.082994, 0.00014007092, 0.000008195639), (-8.648356, -0.00014081597, 0.000028684735), (-9.004986, -1.3593663, 0.6524861), (-19.821436, 1.8643833, -0.41091964), (-13.343376, -0.00009164214, 0.0000074505806), (-9.466807, -0.0000022351742, 0.0000052154064), (0.21458434, -0.28936005, 0.025163768), (-8.376226, -2.6648254, -5.772958), (-16.5514, -0.00021606684, 0.0005748123), (-10.266087, -0.00007748604, -0.000060349703), (-7.6417575, -0.00008493662, -0.000045076013), (-8.902428, -1.7848744, -2.394708), (-18.338888, 1.551801, -0.39907098), (-12.352405, 0.000048428774, -0.000021606684), (-9.220532, 0.000017136335, -0.0000022351742), (-4.839263, -3.1996279, 2.6644819), (-11.307994, -0.00011622906, 0.00015646219), (-10.717959, 0.0000011175871, -0.0000074505806), (-11.040839, -0.00009611249, -0.0001847744), (-14.434692, -13.479018, 1.7458668), (-18.579206, 0.00002514571, 0.00070631504), (-42.48361, -0.00001899898, 0.00010430813), (-67.44017, 0.000005401671, 0.00081658363), (-0.0000076293945, -63.056564, -5.9604645e-8), (-16.153208, -2.2120297, 42.041348), (38.90706, 0.0000029802322, 0.0000029802322), (28.044765, 0.0000044703484, -0.000008940697), (6.906582, 21.743162, -0.000010430813), (4.906219, -0.000016391277, -0.0000063329935), (-0.0000150203705, -0.0000019073486, -0.0000076293945), (4.638041, 10.796566, 0.094257355), (-0.0010566711, 0.00001335144, 0.000011444092), (14.579682, 0.050380826, 0.06264746), (21.31222, 0.050386786, 0.06264299), (28.044752, 0.050392002, 0.0626415), (4.3222113, -0.055740587, 0.12532808), (17.768955, -0.055737793, 0.12533516), (35.716087, -0.027875602, 0.06265938), (-16.15325, -2.2120247, -42.04134), (-38.90704, 0.000008940697, -0.0000029802322), (-28.044752, -0.0000029802322, 0.0000074505806), (-6.9065704, -21.74317, 0.0000074505806), (-4.9061465, -0.000024214387, 0.0000037252903), (0.0000153929, -0.0000038146973, 0), (-4.6379194, -10.796585, -0.094249725), (0.0010375977, -0.00001335144, -0.000011444092), (-14.579645, -0.050376356, -0.06265268), (-21.312183, -0.050374866, -0.06265193), (-28.04477, -0.050377846, -0.06263107), (-4.3222423, 0.05574003, -0.12532082), (-17.768965, 0.055742264, -0.12531877), (-35.716072, 0.027877092, -0.06265342), (0, 29.789522, 27.476168), (0.0004196167, -74.528015, 45.00424), (0, 30.116617, -27.777863), (0.00048828125, -74.529465, -45.388897)],
                3: [(-0.0098114135, 1.0363886, 0.015588105), (-1.3059542, 92.88584, 4.339514), (2.3636787, -3.7252903e-7, -3.259629e-7), (9.217322, 0, 9.313226e-7), (6.524542, 0, -9.313226e-8), (12.617442, -0.0000014901161, -0.0000022351742), (18.782148, 1.1709318, 9.12353), (32.672993, 0.000013411045, 0.000047683716), (67.44081, 0.000023841858, -0.000020861626), (0, -4.7683716e-7, -0.000015258789), (17.13245, -0.000008195639, -0.000017881393), (36.39431, -0.000010430813, -0.000008940697), (63.343395, -0.0000059604645, -0.000023841858), (63.343346, 0, -0.000017881393), (8.571579, 1.9636393, -3.6418154), (20.542538, -1.6527429, 0.25091395), (12.083046, -0.0000011175871, 0.000013411045), (8.648415, 0.0000022351742, 0.000014156103), (9.004274, 1.3589889, -0.65251887), (19.821539, -1.8643647, 0.41092336), (13.343557, 0.0000018626451, -0.000016763806), (9.466739, 0.000013411045, 0), (-0.21466063, 0.28939816, -0.025170565), (8.375609, 2.6644132, 5.772945), (16.551407, 0.00029206276, -0.0005736947), (10.266078, 0.00001564622, -0.000029057264), (7.6418767, -0.00003129244, 0.000075250864), (8.901784, 1.7843913, 2.394683), (18.338875, -1.5519112, 0.39907396), (12.3525, 0.000030174851, 0.0000115484), (9.220539, -0.000032037497, -0.000018626451), (4.8386173, 3.1992521, -2.6645162), (11.307926, 0.000008940697, 0.000028684735), (10.718009, 0.000016391277, -0.000027846545), (11.040814, 0.000007264316, -0.0000067055225), (14.434157, 13.306442, -1.7259115), (18.579943, -0.0000014901161, -0.000008940697), (42.483498, 0.000008940697, -0.000016391277), (67.44081, 0.000023841858, -0.000020861626), (23.804577, -3.957829, 0), (13.724873, -0.0000044703484, -0.0000019092113), (21.558125, -0.0000029802322, -9.313226e-7), (21.558125, -0.0000029802322, -9.313226e-7), (15.905563, 16.44299, -2.9802322e-8), (15.905579, 16.44299, -8.979123), (-9.536743e-7, 0, -0.000005722046), (15.905579, 16.44299, 8.978874), (-4.7683716e-7, 0.000015258789, 0), (13.827865, -0.0000023841856, 0), (18.781652, 1.1709332, -9.123544), (-32.672855, 0.000023841858, 0.00021159649), (-67.44022, 0.000049173832, 0.0008404255), (0, -0.000002861023, -0.000030517578), (-17.133167, 0.000017881393, -0.0006981194), (-36.39417, -0.000020861626, 0.000059604645), (-63.343258, -0.000017881393, -0.00019967556), (-63.34328, -0.000011920929, -0.00021159649), (-8.572163, -1.9641082, 3.6417983), (-20.542557, 1.6526312, -0.2509445), (-12.083028, 0.00013560057, 0.0000014901161), (-8.648381, -0.00013709068, 0.00003129244), (-9.004997, -1.3593681, 0.6524824), (-19.82145, 1.8643774, -0.4109256), (-13.343401, -0.00009313226, 0.0000014901161), (-9.466817, -7.4505806e-7, 0.0000029802322), (0.21458434, -0.28936005, 0.025163768), (-8.376244, -2.6648276, -5.772967), (-16.551416, -0.00021457672, 0.00056810677), (-10.266096, -0.000078231096, -0.00006183982), (-7.64177, -0.00008568168, -0.00004284084), (-8.902439, -1.7848753, -2.3947108), (-18.338924, 1.5518024, -0.39909148), (-12.352444, 0.000040978193, -0.000029057264), (-9.220561, 0.000017881393, 0.0000011175871), (-4.839267, -3.199637, 2.664483), (-11.30801, -0.00011753291, 0.00014901161), (-10.7179785, 0, -0.0000052154064), (-11.040866, -0.00008754432, -0.00018328428), (-14.434692, -13.479018, 1.7458668), (-18.579216, 0.000038463622, 0.0007122755), (-42.48364, 0.000010151416, 0.00011026859), (-67.4402, 0.00005159527, 0.00082850456), (-0.0000076293945, -63.056564, -5.9604645e-8), (-16.153229, -2.2120297, 42.041363), (38.907063, 0.0000059604645, 0), (28.04478, 0.0000070780516, -0.0000059604645), (6.90658, 21.743164, -0.0000074505806), (4.9062176, -0.000017881393, -0.000008195639), (-0.0000150203705, -0.0000019073486, -0.0000076293945), (4.638041, 10.796566, 0.094257355), (-0.0010566711, 0.00001335144, 0.000011444092), (14.579686, 0.05038362, 0.06264597), (21.312227, 0.050386786, 0.06264597), (28.044764, 0.050395355, 0.06264448), (4.322207, -0.055738166, 0.12532547), (17.768957, -0.055739284, 0.12533367), (35.71609, -0.027874112, 0.06265938), (-16.153252, -2.2120214, -42.04135), (-38.907032, 0, -0.0000029802322), (-28.044748, -0.0000059604645, 0.0000059604645), (-6.906569, -21.743172, 0.0000044703484), (-4.9061494, -0.000024028122, 0.0000040978193), (0.0000153929, -0.0000038146973, 0), (-4.6379194, -10.796585, -0.094249725), (0.0010375977, -0.00001335144, -0.000011444092), (-14.57964, -0.050377846, -0.06265193), (-21.312178, -0.050379336, -0.06265193), (-28.04476, -0.050380826, -0.06263852), (-4.322245, 0.05573891, -0.12532008), (-17.768965, 0.055740774, -0.12532324), (-35.716064, 0.027877092, -0.06265491), (0, 29.789522, 27.476168), (0.0004196167, -74.528015, 45.00424), (0, 30.116617, -27.777863), (0.00048828125, -74.529465, -45.388897)],
                4: [(-0.011623721, 1.0941935, -0.013461709), (-1.2309812, 91.39899, 4.0543046), (2.3636758, 5.5879354e-7, -9.313226e-8), (9.217324, 0, 0.0000016763806), (6.5245442, 0, 5.5879354e-7), (12.617443, -0.0000029802322, 9.313226e-7), (18.782135, 1.1709362, 9.123537), (32.67299, 0.0000074505806, 0.000047311187), (67.44077, -0.000017881393, -0.000035762787), (0, -4.7683716e-7, -0.000015258789), (17.13243, -0.0000014901161, -0.000017881393), (36.394276, -0.000010430813, -0.000008940697), (63.343323, 0.0000014901161, -0.000023841858), (63.34328, 0, -0.000035762787), (8.571566, 1.9636385, -3.6418126), (20.54253, -1.6527385, 0.25092065), (12.083038, 0.0000026077032, 0.000010617077), (8.648412, 7.4505806e-7, 0.000020861626), (9.004275, 1.3589859, -0.65251887), (19.821522, -1.8643603, 0.41092485), (13.343523, -5.5879354e-7, -0.0000052154064), (9.46672, 0.000016391277, -7.4505806e-7), (-0.21466063, 0.28939816, -0.025170565), (8.375613, 2.6644063, 5.7729483), (16.5514, 0.00029206276, -0.0005707145), (10.26607, 0.00001527369, -0.000029802322), (7.6418695, -0.00003091991, 0.00007674098), (8.901785, 1.7843835, 2.394679), (18.338875, -1.5519083, 0.39907247), (12.352503, 0.00003427267, 0.000015087426), (9.220545, -0.000028312206, -0.000016391277), (4.8386126, 3.1992488, -2.6645145), (11.307918, 0.0000074505806, 0.000032316893), (10.7179985, 0.000016391277, -0.000020489097), (11.040807, 0.000015832484, 0.0000022351742), (14.434157, 13.306442, -1.7259115), (18.579939, -0.000010430813, -0.000008940697), (42.48348, -0.000011920929, -0.000023841858), (67.44077, -0.000011920929, -0.00002682209), (23.804556, -3.95782, 0.000011175871), (13.72486, 0, 0.0000024214387), (21.558115, 0.0000044703484, 0.0000014901161), (21.558115, 0.0000044703484, 0.0000014901161), (15.905563, 16.44299, -2.9802322e-8), (15.905579, 16.44299, -8.979123), (-9.536743e-7, 0, -0.000005722046), (15.905579, 16.44299, 8.978874), (-4.7683716e-7, 0.000015258789, 0), (13.827865, -0.0000023841856, 0), (18.781635, 1.1709332, -9.123528), (-32.67285, 0.000016391277, 0.00021755695), (-67.440186, 0.000019185245, 0.000834465), (0, -0.000002861023, -0.000030517578), (-17.133163, 0.00001937151, -0.00068843365), (-36.39415, -0.00002682209, 0.00008046627), (-63.343227, -0.000020861626, -0.00016391277), (-63.34325, -0.000023841858, -0.0001758337), (-8.572158, -1.9641052, 3.6417966), (-20.542536, 1.6526349, -0.2509359), (-12.082997, 0.0001385808, 0.000012665987), (-8.648366, -0.00013783574, 0.000029429793), (-9.004988, -1.3593711, 0.6524854), (-19.821444, 1.8643804, -0.410923), (-13.343371, -0.00009089708, 0.000008940697), (-9.466807, 0.0000014901161, 0.0000044703484), (0.21458434, -0.28936005, 0.025163768), (-8.376233, -2.6648223, -5.77296), (-16.551407, -0.00021159649, 0.00057183206), (-10.266091, -0.00007711351, -0.00006258488), (-7.641764, -0.0000834465, -0.000047683716), (-8.902435, -1.7848716, -2.3947098), (-18.338892, 1.5518055, -0.39907023), (-12.352404, 0.000048428774, -0.000020116568), (-9.220526, 0.000014901161, -0.0000014901161), (-4.839261, -3.1996303, 2.6644864), (-11.307998, -0.0001180917, 0.00015050173), (-10.717967, -9.313226e-7, -0.0000059604645), (-11.040852, -0.00009350479, -0.00018328428), (-14.434692, -13.479018, 1.7458668), (-18.579212, 0.000030733645, 0.0007092953), (-42.483624, 0, 0.00010728836), (-67.440186, 0.000021234155, 0.00081658363), (-0.0000076293945, -63.056564, -5.9604645e-8), (-16.153208, -2.2120266, 42.04134), (38.90705, -0.0000029802322, 0.0000014901161), (28.044764, 0.0000062340405, -0.000008940697), (6.906581, 21.743164, -0.000008940697), (4.9062195, -0.000016018748, -0.000008195639), (-0.0000150203705, -0.0000019073486, -0.0000076293945), (4.638041, 10.796566, 0.094257355), (-0.0010566711, 0.00001335144, 0.000011444092), (14.57968, 0.050380845, 0.06264448), (21.312218, 0.0503849, 0.0626415), (28.044754, 0.050391816, 0.06263852), (4.3222055, -0.05573891, 0.12532733), (17.768951, -0.055739284, 0.12533292), (35.716084, -0.027877092, 0.06266087), (-16.153246, -2.2120316, -42.04134), (-38.90701, -0.000008940697, -0.000014901161), (-28.044733, -0.000011920929, -7.4505806e-7), (-6.9065733, -21.743158, 0.000017881393), (-4.906144, -0.000023984467, 0.0000029802322), (0.0000153929, -0.0000038146973, 0), (-4.6379194, -10.796585, -0.094249725), (0.0010375977, -0.00001335144, -0.000011444092), (-14.579633, -0.050380826, -0.062656775), (-21.312168, -0.050382316, -0.06265864), (-28.044748, -0.050389767, -0.0626415), (-4.3222437, 0.05573705, -0.12532157), (-17.768951, 0.055736303, -0.12532622), (-35.71604, 0.027868152, -0.06266236), (0, 29.789522, 27.476168), (0.0004196167, -74.528015, 45.00424), (0, 30.116617, -27.777863), (0.00048828125, -74.529465, -45.388897)],
                5: [(-0.01044618, 0.532535, -0.054434687), (-1.0666659, 89.43407, 3.8511806), (2.3636754, 3.7252903e-7, -6.519258e-7), (9.217328, -0.0000022351742, -7.4505806e-7), (6.5245447, 0, -7.4505806e-7), (12.617445, -0.0000014901161, -0.0000041909516), (18.782143, 1.1709318, 9.123531), (32.67299, 0.000011920929, 0.000040978193), (67.44081, 0.000035762787, -0.0000074505806), (0, -4.7683716e-7, -0.000015258789), (17.132456, -0.0000022351742, -0.000022351742), (36.394337, -0.0000059604645, -0.0000059604645), (63.343437, -7.4505806e-7, -0.000023841858), (63.343395, -0.0000052154064, -0.000035762787), (8.571575, 1.9636407, -3.6418173), (20.542538, -1.6527385, 0.25090873), (12.0830555, 0.0000016763806, 0.000009313226), (8.648419, -0.0000044703484, 0.000020116568), (9.004285, 1.3589904, -0.6525174), (19.821537, -1.8643588, 0.41092485), (13.343552, 0.000004656613, -0.000012665987), (9.46673, 0.000008940697, 0.000008195639), (-0.21466063, 0.28939816, -0.025170565), (8.375621, 2.6644158, 5.772945), (16.551407, 0.00029280782, -0.00056922436), (10.266074, 0.000017881393, -0.000029057264), (7.6418695, -0.000029802322, 0.000078976154), (8.901788, 1.7843909, 2.3946807), (18.338882, -1.5519046, 0.3990695), (12.352529, 0.00002719462, 0.00001527369), (9.220562, -0.000032782555, -0.000013411045), (4.8386173, 3.1992533, -2.664513), (11.307926, 0.0000074505806, 0.000023422763), (10.7180195, 0.000010430813, -0.00003129244), (11.04082, 0.000009848736, -0.000009685755), (14.434157, 13.306442, -1.7259115), (18.57995, 0.0000059604645, -7.4505806e-7), (42.483498, 0.000017881393, -0.0000059604645), (67.44081, 0.00004172325, -0.0000044703484), (23.804579, -3.957829, -0.0000048428774), (13.72488, -0.0000074505806, -0.0000057742), (21.558132, -0.0000059604645, -0.0000088475645), (21.558132, -0.0000059604645, -0.0000088475645), (15.905563, 16.44299, -2.9802322e-8), (15.905579, 16.44299, -8.979123), (-9.536743e-7, 0, -0.000005722046), (15.905579, 16.44299, 8.978874), (-4.7683716e-7, 0.000015258789, 0), (13.827865, -0.0000023841856, 0), (18.781668, 1.1709303, -9.1235485), (-32.672855, 0.000020861626, 0.0002130866), (-67.44021, 0.00004991889, 0.00084638596), (0, -0.000002861023, -0.000030517578), (-17.133167, 0.00001564622, -0.00069364905), (-36.394165, -0.00002682209, 0.000059604645), (-63.34325, -0.000023841858, -0.00019967556), (-63.343273, -0.000020861626, -0.00021159649), (-8.572161, -1.9641075, 3.6417956), (-20.542547, 1.6526327, -0.2509445), (-12.08302, 0.00013709068, 0.0000014901161), (-8.648382, -0.00013709068, 0.000031664968), (-9.00499, -1.3593681, 0.6524861), (-19.821447, 1.8643796, -0.4109282), (-13.343385, -0.00009164214, 0.0000059604645), (-9.466815, 0.0000014901161, 0.0000044703484), (0.21458434, -0.28936005, 0.025163768), (-8.376239, -2.6648238, -5.7729664), (-16.551414, -0.00021606684, 0.00056773424), (-10.2661, -0.00007934868, -0.00006482005), (-7.641771, -0.0000834465, -0.000044703484), (-8.902437, -1.7848744, -2.3947108), (-18.338902, 1.551804, -0.39907658), (-12.35241, 0.000046938658, -0.000020116568), (-9.220528, 0.00001564622, -0.0000022351742), (-4.8392634, -3.1996317, 2.6644864), (-11.308005, -0.00011911616, 0.00015348196), (-10.717972, 0.0000011175871, -0.0000059604645), (-11.040857, -0.00009201467, -0.0001847744), (-14.434692, -13.479018, 1.7458668), (-18.579218, 0.000037252903, 0.0007107854), (-42.483635, 0.000009685755, 0.00011026859), (-67.4402, 0.000044703484, 0.00082850456), (-0.0000076293945, -63.056564, -5.9604645e-8), (-16.15322, -2.2120328, 42.04135), (38.90707, 0.0000059604645, -0.0000074505806), (28.04479, 0.0000018626451, -0.000008940697), (6.90658, 21.743187, -0.0000014901161), (4.90622, -0.000014901161, -0.0000074505806), (-0.0000150203705, -0.0000019073486, -0.0000076293945), (4.638041, 10.796566, 0.094257355), (-0.0010566711, 0.00001335144, 0.000011444092), (14.579693, 0.050382502, 0.06264299), (21.312233, 0.05038511, 0.06264001), (28.044773, 0.050390698, 0.0626415), (4.3222117, -0.05573854, 0.12532668), (17.768957, -0.055736303, 0.12532994), (35.7161, -0.027868152, 0.06265044), (-16.153252, -2.2120209, -42.04135), (-38.907024, 0.0000029802322, -0.000008940697), (-28.044748, -0.0000059604645, 0.0000057742), (-6.9065704, -21.743166, 0.000008940697), (-4.906146, -0.000023857865, 0.0000048428774), (0.0000153929, -0.0000038146973, 0), (-4.6379194, -10.796585, -0.094249725), (0.0010375977, -0.00001335144, -0.000011444092), (-14.57964, -0.050377846, -0.062650904), (-21.31218, -0.050379336, -0.06265286), (-28.044764, -0.050383806, -0.062630884), (-4.322245, 0.055738166, -0.125321), (-17.768959, 0.055739284, -0.12532175), (-35.716057, 0.027874112, -0.0626564), (0, 29.789522, 27.476168), (0.0004196167, -74.528015, 45.00424), (0, 30.116617, -27.777863), (0.00048828125, -74.529465, -45.388897)],
                6: [(-0.0072848517, -0.000023923349, -0.057938695), (-0.82349116, 88.07355, 3.9095566), (2.3636801, -5.5879354e-7, -1.8626451e-7), (9.217329, -0.0000022351742, -0.0000035390258), (6.524543, 0, -0.000002514571), (12.617448, -0.0000029802322, -0.000006519258), (18.782148, 1.1709287, 9.12353), (32.67299, 0.0000037252903, 0.00004246831), (67.44081, 0.000023841858, 0.0000044703484), (0, -4.7683716e-7, -0.000015258789), (17.132463, -0.0000045867637, -0.000017881393), (36.39435, -0.000001071021, -0.0000059604645), (63.343452, 0.000008288771, -0.000023841858), (63.343407, 0.0000095926225, -0.000029802322), (8.571586, 1.9636489, -3.641829), (20.542557, -1.6527288, 0.2508983), (12.083077, 0.0000018626451, 3.7252903e-7), (8.64843, -0.0000059604645, 0.000020116568), (9.004293, 1.3589915, -0.6525271), (19.82155, -1.8643551, 0.41090846), (13.343557, 0.0000059604645, -0.00001564622), (9.466739, 0.000013038516, 0.0000067055225), (-0.21466063, 0.28939816, -0.025170565), (8.375623, 2.664425, 5.7729483), (16.551428, 0.00030510128, -0.0005811453), (10.266104, 0.000020861626, -0.00003427267), (7.6418877, -0.00004004687, 0.000082701445), (8.901794, 1.7844018, 2.3946776), (18.338896, -1.5519012, 0.39906204), (12.352532, 0.000030174851, 0.000014156103), (9.220561, -0.000035762787, -0.000008940697), (4.8386216, 3.1992533, -2.6645222), (11.30794, 0.000008940697, 0.000019744039), (10.7180195, 0.000011175871, -0.00003129244), (11.040819, 0.000012293458, -0.0000052154064), (14.434157, 13.306442, -1.7259115), (18.579943, -0.0000014901161, 0.0000027939677), (42.483498, 0.000008940697, 0), (67.44081, 0.000023841858, 0.000009872019), (23.804579, -3.9578319, -0.0000037252903), (13.72488, -0.000008940697, -0.0000095926225), (21.558142, -0.000008940697, -0.000012759119), (21.558142, -0.000008940697, -0.000012759119), (15.905563, 16.44299, -2.9802322e-8), (15.905579, 16.44299, -8.979123), (-9.536743e-7, 0, -0.000005722046), (15.905579, 16.44299, 8.978874), (-4.7683716e-7, 0.000015258789, 0), (13.827865, -0.0000023841856, 0), (18.78167, 1.1709273, -9.12355), (-32.67286, 0.00003054738, 0.00022575259), (-67.44023, 0.000067055225, 0.0008434057), (0, -0.000002861023, -0.000030517578), (-17.133177, 0.00001564622, -0.0007048249), (-36.39418, -0.000025331974, 0.00003874302), (-63.343273, -0.000020861626, -0.00023245811), (-63.343304, -0.000023841858, -0.00023841858), (-8.572165, -1.9641112, 3.6417954), (-20.542559, 1.6526319, -0.25094822), (-12.0830345, 0.00013485551, 0.0000059604645), (-8.648392, -0.00013634562, 0.000033527613), (-9.005, -1.3593696, 0.65248126), (-19.821468, 1.864373, -0.41093677), (-13.343418, -0.000098347664, -0.0000014901161), (-9.46684, 0.0000052154064, 0.0000074505806), (0.21458434, -0.28936005, 0.025163768), (-8.3762455, -2.664829, -5.772968), (-16.551432, -0.00021457672, 0.0005610287), (-10.2661085, -0.00008046627, -0.000067055225), (-7.641774, -0.00008419156, -0.0000461936), (-8.902446, -1.7848783, -2.3947144), (-18.338923, 1.551804, -0.3990885), (-12.352445, 0.00004246831, -0.000033527613), (-9.220558, 0.000013411045, 0.0000044703484), (-4.839269, -3.1996388, 2.664483), (-11.308018, -0.0001209788, 0.00015199184), (-10.717985, -0.0000052154064, -0.000010430813), (-11.040869, -0.000086426735, -0.0001847744), (-14.434692, -13.479018, 1.7458668), (-18.579222, 0.00004451722, 0.00071004033), (-42.48365, 0.00002682209, 0.00011026859), (-67.44022, 0.000067055225, 0.00082850456), (-0.0000076293945, -63.056564, -5.9604645e-8), (-16.153225, -2.2120328, 42.041363), (38.90706, 0.0000029802322, -0.000001071021), (28.044785, 0.000004377216, -0.0000029802322), (6.9065795, 21.743158, -0.000011920929), (4.9062176, -0.000016763806, -0.0000063329935), (-0.0000150203705, -0.0000019073486, -0.0000076293945), (4.638041, 10.796566, 0.094257355), (-0.0010566711, 0.00001335144, 0.000011444092), (14.579689, 0.050381243, 0.06264597), (21.312225, 0.050385855, 0.0626415), (28.044765, 0.05039377, 0.06264746), (4.3222113, -0.055738166, 0.12532419), (17.768951, -0.055737793, 0.1253308), (35.716087, -0.027874112, 0.06265165), (-16.15325, -2.2120204, -42.04135), (-38.907043, 0.000008940697, 0), (-28.044754, -0.0000029802322, 0.0000067055225), (-6.9065676, -21.743181, 0), (-4.906151, -0.000023750908, 0.0000040978193), (0.0000153929, -0.0000038146973, 0), (-4.6379194, -10.796585, -0.094249725), (0.0010375977, -0.00001335144, -0.000011444092), (-14.579641, -0.050376356, -0.06264895), (-21.312183, -0.050377846, -0.0626497), (-28.044764, -0.050380826, -0.062631816), (-4.3222466, 0.05573891, -0.1253182), (-17.768967, 0.055743754, -0.12531802), (-35.716072, 0.027883053, -0.06265193), (0, 29.789522, 27.476168), (0.0004196167, -74.528015, 45.00424), (0, 30.116617, -27.777863), (0.00048828125, -74.529465, -45.388897)],
                7: [(-0.00031064264, -0.000012282761, -0.012471527), (-0.5265974, 88.70897, 4.2458534), (2.363681, -5.5879354e-7, -3.7252903e-7), (9.217334, -0.0000029802322, -0.0000031664968), (6.5245447, -0.0000014901161, -0.0000027939677), (12.617439, -0.0000014901161, -0.0000026077032), (18.782139, 1.1709347, 9.123532), (32.67299, 0.0000115484, 0.000049173832), (67.44077, -0.0000059604645, -0.000029802322), (0, -4.7683716e-7, -0.000015258789), (17.132433, -0.0000056345016, -0.000013411045), (36.39428, -0.000013457611, -0.000011920929), (63.34334, -0.00000805594, -0.000023841858), (63.3433, -0.000004051253, -0.000029802322), (8.571568, 1.963638, -3.6418161), (20.54253, -1.6527381, 0.2509147), (12.083035, -3.7252903e-7, 0.000008940697), (8.648408, -0.0000026077032, 0.000016391277), (9.004276, 1.3589876, -0.65252036), (19.82152, -1.8643624, 0.41092932), (13.3435335, 0.0000067055225, -0.000017136335), (9.466725, 0.000016391277, 0.0000022351742), (-0.21466063, 0.28939816, -0.025170565), (8.375612, 2.6644096, 5.772945), (16.551401, 0.00029616058, -0.00056773424), (10.266083, 0.000021792948, -0.00003129244), (7.6418743, -0.000032014214, 0.00007748604), (8.901783, 1.7843915, 2.3946822), (18.338873, -1.5519109, 0.39907247), (12.3525095, 0.000032410026, 0.000018253922), (9.220549, -0.000032782555, -0.000013411045), (4.8386106, 3.1992507, -2.6645164), (11.307925, 0.0000037252903, 0.000026077032), (10.718003, 0.000017043203, -0.000029057264), (11.040803, 0.000017136335, -0.0000014901161), (14.434157, 13.306442, -1.7259115), (18.579937, -0.000010430813, -0.000008568168), (42.483482, -0.0000059604645, -0.000017881393), (67.44078, -0.0000059604645, -0.000020861626), (23.804565, -3.9578228, 0.0000029802322), (13.724871, -0.0000059604645, -1.3969839e-7), (21.55812, 0, 0.0000010244548), (21.55812, 0, 0.0000010244548), (15.905563, 16.44299, -2.9802322e-8), (15.905579, 16.44299, -8.979123), (-9.536743e-7, 0, -0.000005722046), (15.905579, 16.44299, 8.978874), (-4.7683716e-7, 0.000015258789, 0), (13.827865, -0.0000023841856, 0), (18.78165, 1.1709332, -9.123535), (-32.67285, 0.00001937151, 0.00021606684), (-67.44019, 0.000035762787, 0.0008434057), (0, -0.000002861023, -0.000030517578), (-17.133163, 0.000017136335, -0.00068992376), (-36.394154, -0.000025331974, 0.00006854534), (-63.343227, -0.000020861626, -0.00017285347), (-63.34326, -0.000020861626, -0.0001847744), (-8.572161, -1.9641056, 3.6418002), (-20.54255, 1.6526319, -0.25094375), (-12.083011, 0.00013560057, 0.000011175871), (-8.648382, -0.0001385808, 0.000032782555), (-9.00499, -1.3593663, 0.65248644), (-19.821451, 1.8643804, -0.41092783), (-13.343385, -0.000090152025, 0.0000022351742), (-9.46681, -7.4505806e-7, 0.0000067055225), (0.21458434, -0.28936005, 0.025163768), (-8.376239, -2.6648269, -5.772966), (-16.551405, -0.0002130866, 0.00056922436), (-10.266088, -0.00007674098, -0.00005736947), (-7.6417575, -0.00008530915, -0.00004544854), (-8.902437, -1.7848775, -2.3947098), (-18.338905, 1.551804, -0.39908588), (-12.352419, 0.000046938658, -0.000025331974), (-9.220539, 0.00001937151, 7.4505806e-7), (-4.839265, -3.1996324, 2.6644833), (-11.308009, -0.00012163073, 0.00014901161), (-10.71797, 0.0000013969839, -0.000008940697), (-11.040857, -0.000090524554, -0.00018179417), (-14.434692, -13.479018, 1.7458668), (-18.57921, 0.00003501773, 0.00071525574), (-42.483627, 0.0000022351742, 0.00011920929), (-67.440186, 0.000029802322, 0.000834465), (-0.0000076293945, -63.056564, -5.9604645e-8), (-16.153225, -2.2120328, 42.041363), (38.907074, 0.0000059604645, -0.00001564622), (28.044796, 0.000008940697, -0.000008940697), (6.90659, 21.7432, -0.0000074505806), (4.9062243, -0.0000115484, -0.000010617077), (-0.0000150203705, -0.0000019073486, -0.0000076293945), (4.638041, 10.796566, 0.094257355), (-0.0010566711, 0.00001335144, 0.000011444092), (14.579696, 0.050383434, 0.06264299), (21.31224, 0.050387904, 0.06263852), (28.04478, 0.0503961, 0.06264448), (4.322208, -0.05574003, 0.12532565), (17.76896, -0.055734813, 0.12532845), (35.7161, -0.027868152, 0.0626497), (-16.15325, -2.2120106, -42.04136), (-38.907043, 0.000008940697, -7.4505806e-7), (-28.04476, 0, 0.000014901161), (-6.906569, -21.74318, 0.0000029802322), (-4.906147, -0.000023830216, 0.0000037252903), (0.0000153929, -0.0000038146973, 0), (-4.6379194, -10.796585, -0.094249725), (0.0010375977, -0.00001335144, -0.000011444092), (-14.579646, -0.050374866, -0.06264821), (-21.31219, -0.050376356, -0.06264746), (-28.044779, -0.050377846, -0.06262511), (-4.322247, 0.055739656, -0.12531877), (-17.768965, 0.055742264, -0.12531914), (-35.716076, 0.027883053, -0.0626497), (0, 29.789522, 27.476168), (0.0004196167, -74.528015, 45.00424), (0, 30.116617, -27.777863), (0.00048828125, -74.529465, -45.388897)],
                8: [(0.0054553617, 0.33397302, 0.03291145), (-0.2184917, 90.91064, 4.6579328), (2.3636792, -1.8626451e-7, -3.259629e-7), (9.217329, -0.0000014901161, -0.0000018626451), (6.524551, -0.0000029802322, -0.0000010244548), (12.617445, -0.0000029802322, -0.000004656613), (18.782131, 1.1709392, 9.123533), (32.67299, 0.000013411045, 0.000047683716), (67.44078, -0.0000059604645, -0.000028312206), (0, -4.7683716e-7, -0.000015258789), (17.132431, -6.519258e-7, -0.000017881393), (36.394283, -0.000008940697, -0.000011920929), (63.343346, -0.0000029802322, -0.000017881393), (63.3433, -0.0000063329935, -0.000029802322), (8.571567, 1.963643, -3.6418147), (20.54252, -1.6527429, 0.25092214), (12.083028, -0.0000044703484, 0.00000782311), (8.648404, 0.0000016763806, 0.000013411045), (9.004276, 1.3589866, -0.6525159), (19.821516, -1.8643651, 0.4109308), (13.343531, 0.0000029802322, -0.000013783574), (9.466732, 0.00001299195, 0.0000029802322), (-0.21466063, 0.28939816, -0.025170565), (8.375612, 2.6644073, 5.772946), (16.551394, 0.00028908253, -0.000564754), (10.26607, 0.000016391277, -0.00003129244), (7.6418653, -0.000030361116, 0.000074878335), (8.901782, 1.7843865, 2.3946834), (18.338863, -1.5519105, 0.39907992), (12.352499, 0.000026077032, 0.000018253922), (9.220543, -0.000029802322, -0.000017881393), (4.8386106, 3.1992507, -2.6645145), (11.307922, 0.000004284084, 0.000024586916), (10.717997, 0.00001527369, -0.000020116568), (11.040801, 0.000016391277, 0.000005029142), (14.434157, 13.306442, -1.7259115), (18.579939, -0.000010430813, -0.0000074505806), (42.483486, -0.000011920929, -0.000020116568), (67.44079, 0, -0.00001937151), (23.804565, -3.9578228, 0.0000052154064), (13.724873, -0.0000059604645, -0.0000020023435), (21.558125, -0.0000014901161, -0.0000027939677), (21.558125, -0.0000014901161, -0.0000027939677), (15.905563, 16.44299, -2.9802322e-8), (15.905579, 16.44299, -8.979123), (-9.536743e-7, 0, -0.000005722046), (15.905579, 16.44299, 8.978874), (-4.7683716e-7, 0.000015258789, 0), (13.827865, -0.0000023841856, 0), (18.781652, 1.1709303, -9.123531), (-32.67285, 0.000019185245, 0.00021174783), (-67.44021, 0.00003874302, 0.0008478761), (0, -0.000002861023, -0.000030517578), (-17.133162, 0.000019930303, -0.00068992376), (-36.394142, -0.0000230968, 0.00007748604), (-63.34322, -0.000018626451, -0.00017285347), (-63.34324, -0.000016391277, -0.0001847744), (-8.572164, -1.9641072, 3.6418), (-20.542542, 1.6526356, -0.250943), (-12.083012, 0.00014007092, 0.0000059604645), (-8.648367, -0.0001393957, 0.00002682209), (-9.004986, -1.3593704, 0.6524854), (-19.821445, 1.864376, -0.41092336), (-13.343379, -0.00009536743, 0.0000074505806), (-9.466811, -0.0000030733645, 0.0000059604645), (0.21458434, -0.28936005, 0.025163768), (-8.376239, -2.6648238, -5.7729645), (-16.551418, -0.00021606684, 0.0005707145), (-10.266098, -0.00008195639, -0.000063329935), (-7.64177, -0.00007916242, -0.00004246831), (-8.902435, -1.7848753, -2.3947113), (-18.338911, 1.5517973, -0.3990814), (-12.352421, 0.000040978193, -0.000023841858), (-9.220536, 0.00001937151, 7.4505806e-7), (-4.839265, -3.1996331, 2.664482), (-11.308007, -0.00012405217, 0.00015050173), (-10.717972, -5.5879354e-7, -0.000010430813), (-11.040848, -0.00009103678, -0.00018030405), (-14.434692, -13.479018, 1.7458668), (-18.579218, 0.000037252903, 0.00071153045), (-42.483627, 0.000008940697, 0.00012367964), (-67.4402, 0.00004172325, 0.0008419156), (-0.0000076293945, -63.056564, -5.9604645e-8), (-16.153223, -2.2120266, 42.041355), (38.907063, 0, -0.000008195639), (28.044779, 0.0000074505806, -0.0000059604645), (6.90659, 21.743185, -0.000011920929), (4.906221, -0.000014528632, -0.000009965152), (-0.0000150203705, -0.0000019073486, -0.0000076293945), (4.638041, 10.796566, 0.094257355), (-0.0010566711, 0.00001335144, 0.000011444092), (14.579689, 0.05038567, 0.06264299), (21.312227, 0.050386786, 0.06263852), (28.044765, 0.050395727, 0.0626415), (4.322208, -0.055741146, 0.12532604), (17.768951, -0.055737793, 0.12533218), (35.71609, -0.027874112, 0.06264895), (-16.153246, -2.2120223, -42.04135), (-38.907032, 0.0000059604645, -0.000005355105), (-28.044748, -0.0000029802322, 0.0000052154064), (-6.9065714, -21.74317, 0.000008940697), (-4.9061465, -0.00002385932, 0.0000044703484), (0.0000153929, -0.0000038146973, 0), (-4.6379194, -10.796585, -0.094249725), (0.0010375977, -0.00001335144, -0.000011444092), (-14.5796385, -0.050374866, -0.06264895), (-21.31218, -0.050376356, -0.06265342), (-28.044764, -0.050383806, -0.06263554), (-4.3222427, 0.05573854, -0.12531911), (-17.76896, 0.055740774, -0.12532113), (-35.71606, 0.027874112, -0.062653705), (0, 29.789522, 27.476168), (0.0004196167, -74.528015, 45.00424), (0, 30.116617, -27.777863), (0.00048828125, -74.529465, -45.388897)],
                9: [(0.009541353, 0.5531509, 0.05740747), (0.063014135, 92.57283, 4.9251914), (2.363679, -1.8626451e-7, 2.3283064e-7), (9.217325, -7.4505806e-7, -7.4505806e-7), (6.5245433, -7.4505806e-7, -9.313226e-8), (12.61744, 0.0000014901161, 0.0000014901161), (18.782131, 1.1709422, 9.123532), (32.67299, 0.000013411045, 0.0000461936), (67.44078, -0.0000059604645, -0.00001937151), (0, -4.7683716e-7, -0.000015258789), (17.132435, -0.000007636845, -0.000017881393), (36.394283, -0.000011920929, -0.0000029802322), (63.34334, -0.0000029802322, -0.000020861626), (63.3433, -0.0000074505806, -0.000035762787), (8.571562, 1.9636389, -3.641814), (20.542528, -1.6527362, 0.25091916), (12.083046, 0.0000029802322, 0.0000057742), (8.648419, -0.0000027939677, 0.00001564622), (9.004273, 1.3589892, -0.6525159), (19.821512, -1.8643684, 0.4109323), (13.343514, -7.4505806e-7, -0.000010989606), (9.466715, 0.000018440187, 0.0000022351742), (-0.21466063, 0.28939816, -0.025170565), (8.375608, 2.6644044, 5.772944), (16.55139, 0.00028908253, -0.0005632639), (10.26607, 0.000016763806, -0.00003129244), (7.6418743, -0.00003427267, 0.00007785857), (8.901778, 1.7843857, 2.394681), (18.338867, -1.5519135, 0.39907843), (12.352499, 0.000026077032, 0.000017136335), (9.220544, -0.000030174851, -0.00001564622), (4.8386083, 3.1992528, -2.6645145), (11.30791, 0.0000024214387, 0.000033527613), (10.717994, 0.000013411045, -0.000020861626), (11.040799, 0.000014901161, 0.000002142042), (14.434157, 13.306442, -1.7259115), (18.579943, -0.0000059604645, -0.0000048428774), (42.483486, -0.000008940697, -0.000017881393), (67.44078, -0.0000059604645, -0.00001937151), (23.804558, -3.957814, 0.000008568168), (13.724865, -0.0000029802322, 0.000005424954), (21.558111, 0.0000059604645, 0.000006845221), (21.558111, 0.0000059604645, 0.000006845221), (15.905563, 16.44299, -2.9802322e-8), (15.905579, 16.44299, -8.979123), (-9.536743e-7, 0, -0.000005722046), (15.905579, 16.44299, 8.978874), (-4.7683716e-7, 0.000015258789, 0), (13.827865, -0.0000023841856, 0), (18.781641, 1.1709362, -9.123528), (-32.672855, 0.00001937151, 0.00021699816), (-67.44021, 0.000047683716, 0.00084638596), (0, -0.000002861023, -0.000030517578), (-17.133163, 0.000017508864, -0.0006943941), (-36.394146, -0.000020861626, 0.000071525574), (-63.343216, -0.00001937151, -0.00017881393), (-63.34324, -0.000014901161, -0.0001847744), (-8.572157, -1.9640993, 3.6418028), (-20.542543, 1.6526341, -0.25094002), (-12.083011, 0.00013932586, 0.000009685755), (-8.648376, -0.00014007092, 0.00003427267), (-9.004991, -1.3593667, 0.6524831), (-19.821444, 1.8643793, -0.4109189), (-13.343376, -0.00009536743, 0.0000059604645), (-9.466806, -0.0000016763806, 0.0000044703484), (0.21458434, -0.28936005, 0.025163768), (-8.376235, -2.6648228, -5.772961), (-16.5514, -0.00021010637, 0.0005751848), (-10.266087, -0.00007711351, -0.00006258488), (-7.641763, -0.000085216016, -0.000046938658), (-8.9024315, -1.7848734, -2.3947113), (-18.338907, 1.5517995, -0.39907843), (-12.352419, 0.000046938658, -0.000021606684), (-9.220543, 0.000014156103, 0), (-4.8392696, -3.1996303, 2.6644845), (-11.308003, -0.000121444464, 0.00015497208), (-10.717966, 0.0000063329935, -0.0000044703484), (-11.040847, -0.00009648502, -0.00018179417), (-14.434692, -13.479018, 1.7458668), (-18.579218, 0.000037252903, 0.00071153045), (-42.48363, 0.000008940697, 0.00011250377), (-67.4402, 0.000047683716, 0.00083744526), (-0.0000076293945, -63.056564, -5.9604645e-8), (-16.153202, -2.2120237, 42.041336), (38.90706, 0, -0.0000029802322), (28.044775, 0.0000074505806, -0.000008940697), (6.9065833, 21.743164, -0.000011920929), (4.9062166, -0.000014714897, -0.0000067055225), (-0.0000150203705, -0.0000019073486, -0.0000076293945), (4.638041, 10.796566, 0.094257355), (-0.0010566711, 0.00001335144, 0.000011444092), (14.579686, 0.050383806, 0.06264448), (21.312225, 0.050388277, 0.06264299), (28.04476, 0.050395727, 0.06264448), (4.3222113, -0.055738166, 0.12532789), (17.768953, -0.055737793, 0.12533218), (35.716087, -0.027874112, 0.06265603), (-16.153255, -2.2120328, -42.041336), (-38.90701, -0.000011920929, -0.0000230968), (-28.044731, -0.000011920929, -0.0000074505806), (-6.9065666, -21.743172, 0.000008568168), (-4.906144, -0.000024493784, 0.0000022351742), (0.0000153929, -0.0000038146973, 0), (-4.6379194, -10.796585, -0.094249725), (0.0010375977, -0.00001335144, -0.000011444092), (-14.57963, -0.050380826, -0.062656775), (-21.312168, -0.050382316, -0.06266013), (-28.044748, -0.050392747, -0.06264895), (-4.3222394, 0.055736303, -0.12532105), (-17.768951, 0.055736303, -0.12532882), (-35.716038, 0.027865171, -0.06267354), (0, 29.789522, 27.476168), (0.0004196167, -74.528015, 45.00424), (0, 30.116617, -27.777863), (0.00048828125, -74.529465, -45.388897)],
                10: [(0.0127142295, 0.41767558, 0.053092837), (0.28802326, 93.18432, 4.914086), (2.363679, 0, 2.3283064e-7), (9.21732, 7.4505806e-7, 7.4505806e-7), (6.5245433, 0, 0.0000013969839), (12.617434, 0.0000029802322, 0.0000026077032), (18.78213, 1.1709466, 9.123532), (32.672985, 0.000014901161, 0.00003427267), (67.44076, 0, -0.000040233135), (0, -4.7683716e-7, -0.000015258789), (17.13243, -0.000010617077, -0.000016391277), (36.394276, -0.000017508864, -0.000011920929), (63.343323, -0.00001564622, -0.00002682209), (63.34328, -0.000017881393, -0.000029802322), (8.571563, 1.9636346, -3.6418102), (20.542522, -1.6527429, 0.25092065), (12.083039, 0, 0.000008754432), (8.648414, -6.9849193e-7, 0.000014901161), (9.004272, 1.3589852, -0.6525144), (19.821518, -1.8643655, 0.4109323), (13.343516, -0.0000044703484, -0.000010058284), (9.466718, 0.000016018748, 0.0000014901161), (-0.21466063, 0.28939816, -0.025170565), (8.375612, 2.6644044, 5.7729445), (16.55139, 0.0002875924, -0.0005632639), (10.266057, 0.000008568168, -0.000027567148), (7.6418624, -0.000028684735, 0.00007413328), (8.901778, 1.7843865, 2.3946826), (18.338861, -1.5519195, 0.39907917), (12.352497, 0.000025331974, 0.000018626451), (9.220532, -0.000023841858, -0.000017881393), (4.8386045, 3.1992457, -2.6645138), (11.307918, 0.0000056810677, 0.00002682209), (10.7179985, 0.000017881393, -0.000020861626), (11.040807, 0.000016391277, -0.000004202593), (14.434157, 13.306442, -1.7259115), (18.579937, -0.000008940697, -0.000010430813), (42.48347, -0.000008940697, -0.00003129244), (67.440765, 0.0000059604645, -0.00003129244), (23.804554, -3.957808, 0.000012665987), (13.724863, -0.0000029802322, 0.0000067288056), (21.55811, 0.0000074505806, 0.000009476207), (21.55811, 0.0000074505806, 0.000009476207), (15.905563, 16.44299, -2.9802322e-8), (15.905579, 16.44299, -8.979123), (-9.536743e-7, 0, -0.000005722046), (15.905579, 16.44299, 8.978874), (-4.7683716e-7, 0.000015258789, 0), (13.827865, -0.0000023841856, 0), (18.781637, 1.1709347, -9.123516), (-32.67285, 0.000020675361, 0.00021271408), (-67.44017, 0.000047683716, 0.00086426735), (0, -0.000002861023, -0.000030517578), (-17.133146, 0.000017136335, -0.00068098307), (-36.394115, -0.000014901161, 0.000086426735), (-63.343178, -0.000008940697, -0.00013709068), (-63.343193, -0.0000029802322, -0.00014901161), (-8.572156, -1.9641006, 3.641796), (-20.542536, 1.6526368, -0.25093704), (-12.0829935, 0.00014067627, 0.0000059604645), (-8.648365, -0.00014528632, 0.000023841858), (-9.004977, -1.3593664, 0.6524846), (-19.821436, 1.8643849, -0.41092336), (-13.343358, -0.00009160722, 0.000009685755), (-9.466795, -0.0000059604645, 7.4505806e-7), (0.21458434, -0.28936005, 0.025163768), (-8.376229, -2.6648216, -5.772954), (-16.551403, -0.00021159649, 0.00056922436), (-10.266088, -0.00007227063, -0.00006407499), (-7.6417627, -0.00008547213, -0.0000461936), (-8.902426, -1.7848706, -2.3947046), (-18.338896, 1.5518037, -0.39907098), (-12.352402, 0.00004800968, -0.000018626451), (-9.220533, 0.000009126961, -0.0000014901161), (-4.839261, -3.199631, 2.6644773), (-11.307996, -0.000116974115, 0.00015422702), (-10.717964, -0.0000014901161, -0.000008195639), (-11.040834, -0.000094249845, -0.00017881393), (-14.434692, -13.479018, 1.7458668), (-18.5792, 0.00003427267, 0.0007197261), (-42.48361, 0.000008940697, 0.00013411045), (-67.44016, 0.000035762787, 0.00085681677), (-0.0000076293945, -63.056564, -5.9604645e-8), (-16.153198, -2.2120237, 42.041332), (38.907032, -0.000011920929, 0.000016367994), (28.044748, -0.0000059604645, 0.0000014901161), (6.906568, 21.743143, -0.0000059604645), (4.9062133, -0.000014901161, -0.0000014901161), (-0.0000150203705, -0.0000019073486, -0.0000076293945), (4.638041, 10.796566, 0.094257355), (-0.0010566711, 0.00001335144, 0.000011444092), (14.579672, 0.050374866, 0.0626497), (21.3122, 0.050376356, 0.06265044), (28.044731, 0.050380826, 0.06265491), (4.3222094, -0.055739284, 0.12532862), (17.76894, -0.055743754, 0.12533939), (35.716064, -0.027883053, 0.06267073), (-16.153255, -2.2120323, -42.041336), (-38.907, -0.000008940697, -0.000027567148), (-28.044718, -0.000011920929, -0.000016391277), (-6.9065638, -21.743172, 0.000008195639), (-4.906143, -0.000024959445, 0.0000014901161), (0.0000153929, -0.0000038146973, 0), (-4.6379194, -10.796585, -0.094249725), (0.0010375977, -0.00001335144, -0.000011444092), (-14.579627, -0.050380826, -0.062664226), (-21.312159, -0.050385296, -0.06266832), (-28.044737, -0.050392747, -0.0626564), (-4.322242, 0.055737793, -0.12532146), (-17.76895, 0.055734813, -0.12533441), (-35.71603, 0.027862191, -0.062680244), (0, 29.789522, 27.476168), (0.0004196167, -74.528015, 45.00424), (0, 30.116617, -27.777863), (0.00048828125, -74.529465, -45.388897)],
                11: [(0.013730023, 0.8847725, 0.03934726), (0.4305843, 93.60271, 4.631582), (2.3636746, 9.313226e-7, 5.5879354e-7), (9.217324, 0, 0.0000024214387), (6.52454, 0.0000014901161, -9.313226e-8), (12.617434, 0.0000044703484, 0.0000027939677), (18.78214, 1.1709406, 9.123531), (32.67299, 0.000014156103, 0.0000461936), (67.44077, -0.0000059604645, -0.00004172325), (0, -4.7683716e-7, -0.000015258789), (17.132427, -0.0000044703484, -0.000020861626), (36.394276, -0.000016018748, -0.000011920929), (63.343327, -0.000012665987, -0.000029802322), (63.343285, -0.000013411045, -0.000029802322), (8.571562, 1.9636389, -3.6418118), (20.542522, -1.6527421, 0.25092065), (12.0830345, -7.4505806e-7, 0.000008195639), (8.648406, -0.0000020954758, 0.00001564622), (9.0042715, 1.3589878, -0.6525166), (19.821516, -1.864367, 0.4109323), (13.343519, 0, -0.000011175871), (9.466716, 0.000015459955, 0.0000022351742), (-0.21466063, 0.28939816, -0.025170565), (8.375609, 2.6644044, 5.772943), (16.551392, 0.00028684735, -0.0005662441), (10.2660675, 0.000014528632, -0.000032037497), (7.641868, -0.00003091991, 0.00007636845), (8.901778, 1.7843828, 2.3946822), (18.338865, -1.551909, 0.39907545), (12.352506, 0.000029057264, 0.00001564622), (9.22055, -0.000029057264, -0.000016018748), (4.8386073, 3.1992517, -2.6645138), (11.307916, 0.0000074040145, 0.00003129244), (10.717997, 0.000016763806, -0.000021606684), (11.0408, 0.000013411045, 2.7939677e-7), (14.434157, 13.306442, -1.7259115), (18.579939, -0.0000074505806, -0.0000067055225), (42.48347, -0.0000059604645, -0.000028312206), (67.44078, 0, -0.000032782555), (23.804558, -3.9578109, 0.000010803342), (13.724854, 0.0000014901161, 0.000006938353), (21.558104, 0.000008940697, 0.000010151416), (21.558104, 0.000008940697, 0.000010151416), (15.905563, 16.44299, -2.9802322e-8), (15.905579, 16.44299, -8.979123), (-9.536743e-7, 0, -0.000005722046), (15.905579, 16.44299, 8.978874), (-4.7683716e-7, 0.000015258789, 0), (13.827865, -0.0000023841856, 0), (18.781645, 1.1709362, -9.123523), (-32.67285, 0.00002104789, 0.00021569431), (-67.4402, 0.00004172325, 0.00085160136), (0, -0.000002861023, -0.000030517578), (-17.133146, 0.000020116568, -0.0006824732), (-36.39412, -0.00001937151, 0.000086426735), (-63.343178, -0.000011920929, -0.00014603138), (-63.343204, -0.0000029802322, -0.00016093254), (-8.572157, -1.9640996, 3.6417968), (-20.542538, 1.6526352, -0.250943), (-12.083013, 0.00013932586, 0.000005820766), (-8.648366, -0.00013690442, 0.000027567148), (-9.004989, -1.359365, 0.65249056), (-19.821436, 1.8643883, -0.41091442), (-13.343353, -0.000093877316, 0.000009126961), (-9.466796, -0.0000055879354, 0.0000014901161), (0.21458434, -0.28936005, 0.025163768), (-8.376231, -2.6648252, -5.772958), (-16.551397, -0.00021317974, 0.0005736947), (-10.266083, -0.00007227063, -0.00006491318), (-7.641764, -0.00008728821, -0.0000461936), (-8.902427, -1.7848747, -2.3947098), (-18.338894, 1.5518066, -0.39907843), (-12.352414, 0.000047311187, -0.000017881393), (-9.220536, 0.000017136335, 0.0000044703484), (-4.8392677, -3.1996272, 2.664483), (-11.308005, -0.00011995435, 0.00014938414), (-10.717972, 0.0000029802322, -0.0000037252903), (-11.04085, -0.0000923872, -0.00018253922), (-14.434692, -13.479018, 1.7458668), (-18.579214, 0.000037252903, 0.0007148832), (-42.483624, 0.0000059604645, 0.000121444464), (-67.440186, 0.000047683716, 0.00084638596), (-0.0000076293945, -63.056564, -5.9604645e-8), (-16.153204, -2.2120266, 42.041336), (38.90705, -0.0000059604645, 0.0000044703484), (28.04477, 0.0000029802322, -0.0000074505806), (6.906585, 21.743164, -0.000013411045), (4.9062176, -0.00001527369, -0.000008009374), (-0.0000150203705, -0.0000019073486, -0.0000076293945), (4.638041, 10.796566, 0.094257355), (-0.0010566711, 0.00001335144, 0.000011444092), (14.579683, 0.050382316, 0.06264858), (21.312218, 0.050383806, 0.06264001), (28.044752, 0.050389767, 0.06264299), (4.322206, -0.0557404, 0.12532645), (17.76895, -0.055739284, 0.12533367), (35.716076, -0.027880073, 0.06266162), (-16.153255, -2.2120266, -42.041336), (-38.907017, -0.0000059604645, -0.000017136335), (-28.044733, -0.0000059604645, -0.0000044703484), (-6.906568, -21.74317, 0.000008940697), (-4.9061465, -0.0000230968, 0.000002561137), (0.0000153929, -0.0000038146973, 0), (-4.6379194, -10.796585, -0.094249725), (0.0010375977, -0.00001335144, -0.000011444092), (-14.579633, -0.050379336, -0.06265715), (-21.312172, -0.050382316, -0.06266087), (-28.044752, -0.050385296, -0.06264895), (-4.3222437, 0.05573854, -0.12532008), (-17.768953, 0.055736303, -0.12532659), (-35.716045, 0.027868152, -0.06266385), (0, 29.789522, 27.476168), (0.0004196167, -74.528015, 45.00424), (0, 30.116617, -27.777863), (0.00048828125, -74.529465, -45.388897)],
                12: [(0.013492769, 1.0569388, 0.018259138), (0.4754025, 92.81527, 4.149534), (2.3636754, 7.4505806e-7, 2.7939677e-7), (9.217324, 7.4505806e-7, 0), (6.5245366, 0.0000029802322, 0.0000024214387), (12.61743, 0.0000059604645, 0.0000060535967), (18.782135, 1.1709481, 9.123531), (32.672985, 0.000018626451, 0.00003129244), (67.44075, 0, -0.00006407499), (0, -4.7683716e-7, -0.000015258789), (17.13243, -0.0000121071935, -0.000016391277), (36.394268, -0.000023469329, -0.000014901161), (63.343315, -0.000024586916, -0.000023841858), (63.343273, -0.000025331974, -0.000035762787), (8.571555, 1.9636337, -3.6418052), (20.542517, -1.6527526, 0.2509281), (12.083025, -0.0000059604645, 0.000012665987), (8.648397, 7.7998266e-7, 0.00001564622), (9.004267, 1.3589773, -0.6525129), (19.821508, -1.8643714, 0.41093528), (13.343516, -0.0000029802322, -0.000008940697), (9.466714, 0.000014901161, 0.0000029802322), (-0.21466063, 0.28939816, -0.025170565), (8.375605, 2.6643946, 5.772936), (16.551376, 0.00026971102, -0.0005573034), (10.26605, 0.000010989606, -0.000028312206), (7.6418505, -0.000024214387, 0.00007376075), (8.90177, 1.7843769, 2.3946784), (18.338852, -1.5519276, 0.3990814), (12.352469, 0.000014901161, 0.000022351742), (9.220517, -0.000020116568, -0.000019744039), (4.838602, 3.1992414, -2.6645086), (11.307902, 0.0000044703484, 0.000043213367), (10.717987, 0.000013783574, -0.000011175871), (11.040789, 0.000011920929, 0.000008568168), (14.434157, 13.306442, -1.7259115), (18.57993, -0.0000059604645, -0.000020861626), (42.48346, 0.0000029802322, -0.000043213367), (67.44075, 0.0000059604645, -0.00005364418), (23.804546, -3.9578052, 0.000014156103), (13.724857, 0.0000014901161, 0.000009406358), (21.5581, 0.000010430813, 0.0000128522515), (21.5581, 0.000010430813, 0.0000128522515), (15.905563, 16.44299, -2.9802322e-8), (15.905579, 16.44299, -8.979123), (-9.536743e-7, 0, -0.000005722046), (15.905579, 16.44299, 8.978874), (-4.7683716e-7, 0.000015258789, 0), (13.827865, -0.0000023841856, 0), (18.781631, 1.1709378, -9.123514), (-32.67285, 0.00002719462, 0.00020936131), (-67.44016, 0.00004172325, 0.0008702278), (0, -0.000002861023, -0.000030517578), (-17.13314, 0.000021606684, -0.0006824732), (-36.394115, -0.000017881393, 0.00008940697), (-63.343163, -0.0000059604645, -0.00014007092), (-63.343185, 0, -0.00015497208), (-8.572159, -1.9641027, 3.6417897), (-20.54254, 1.6526331, -0.25094151), (-12.08301, 0.00013764948, 0.0000027939677), (-8.648371, -0.00013951212, 0.000022351742), (-9.00499, -1.3593628, 0.65248835), (-19.821436, 1.8643839, -0.41092336), (-13.343369, -0.00009126961, 0.0000022817403), (-9.466806, -0.000003911555, 0.0000037252903), (0.21458434, -0.28936005, 0.025163768), (-8.376232, -2.664823, -5.772958), (-16.551403, -0.00021327287, 0.0005751848), (-10.266087, -0.00006891787, -0.000060549064), (-7.641766, -0.000082468614, -0.00004172325), (-8.902428, -1.7848734, -2.3947053), (-18.338892, 1.5518066, -0.39907098), (-12.352403, 0.000045076013, -0.000019650906), (-9.220533, 0.000011594966, -0.0000067055225), (-4.8392587, -3.1996303, 2.6644795), (-11.30801, -0.00011995435, 0.00015143305), (-10.717975, 7.4505806e-7, -0.000008940697), (-11.040852, -0.00010021031, -0.00018328428), (-14.434692, -13.479018, 1.7458668), (-18.579206, 0.000037252903, 0.00071674585), (-42.48361, 0.0000059604645, 0.00013336539), (-67.440155, 0.00003874302, 0.000859797), (-0.0000076293945, -63.056564, -5.9604645e-8), (-16.153214, -2.2120266, 42.04135), (38.90706, 0.0000029802322, 0.0000029802322), (28.044779, 0.000008940697, -0.000009685755), (6.906585, 21.743164, -0.000016391277), (4.9062185, -0.000014901161, -0.0000074505806), (-0.0000150203705, -0.0000019073486, -0.0000076293945), (4.638041, 10.796566, 0.094257355), (-0.0010566711, 0.00001335144, 0.000011444092), (14.579688, 0.050383806, 0.06264411), (21.312225, 0.050391257, 0.06263703), (28.044764, 0.050395727, 0.062639266), (4.3222065, -0.055739656, 0.12532501), (17.76895, -0.055739284, 0.12533404), (35.716084, -0.027874112, 0.06265938), (-16.153255, -2.2120237, -42.041344), (-38.907024, 0.0000029802322, -0.000010058284), (-28.044748, -0.0000037252903, 0.0000029802322), (-6.906573, -21.743172, 0.0000067055225), (-4.9061446, -0.000024959445, 0.0000035914127), (0.0000153929, -0.0000038146973, 0), (-4.6379194, -10.796585, -0.094249725), (0.0010375977, -0.00001335144, -0.000011444092), (-14.579638, -0.0503771, -0.06265193), (-21.312178, -0.050380826, -0.06265342), (-28.044758, -0.05038455, -0.06263256), (-4.322244, 0.05573891, -0.1253205), (-17.768959, 0.055737793, -0.1253237), (-35.71605, 0.027871132, -0.06265994), (0, 29.789522, 27.476168), (0.0004196167, -74.528015, 45.00424), (0, 30.116617, -27.777863), (0.00048828125, -74.529465, -45.388897)],
                13: [(0.012732251, 1.0648329, -0.021496415), (0.4184319, 91.27895, 3.5901387), (2.3636777, 1.8626451e-7, 9.313226e-8), (9.217324, 0, 7.4505806e-7), (6.524535, 0.0000037252903, 0.0000034458935), (12.617437, 0.0000044703484, 0.000004749745), (18.782135, 1.1709437, 9.123531), (32.672977, 0.000020861626, 0.00003874302), (67.44076, 0, -0.00005364418), (0, -4.7683716e-7, -0.000015258789), (17.13242, -0.000010523945, -0.00001937151), (36.394257, -0.000026635826, -0.000008940697), (63.3433, -0.00003259629, -0.000032782555), (63.343258, -0.000035390258, -0.000029802322), (8.571556, 1.9636337, -3.641811), (20.542517, -1.6527478, 0.25092363), (12.0830345, -3.7252903e-7, 0.0000067055225), (8.648405, 8.381903e-7, 0.000014156103), (9.004268, 1.3589833, -0.65251064), (19.821505, -1.8643767, 0.41093677), (13.343504, -0.0000033527613, -0.000009685755), (9.4667015, 0.000021699816, -0.0000014901161), (-0.21466063, 0.28939816, -0.025170565), (8.375608, 2.6644006, 5.772941), (16.551384, 0.00028461218, -0.00056028366), (10.266061, 0.00001381195, -0.000029802322), (7.641861, -0.000027567148, 0.00007301569), (8.901775, 1.7843806, 2.3946836), (18.338856, -1.5519191, 0.39907992), (12.352492, 0.000026077032, 0.000020861626), (9.220532, -0.000026449561, -0.000017508864), (4.8386025, 3.1992428, -2.664513), (11.307906, 0.0000029802322, 0.000036507845), (10.717988, 0.000013131648, -0.000009685755), (11.040796, 0.000012665987, 0.0000044703484), (14.434157, 13.306442, -1.7259115), (18.579931, -0.0000059604645, -0.00001899898), (42.48346, -0.0000059604645, -0.00004544854), (67.44076, 0, -0.00005364418), (23.804548, -3.957808, 0.000011920929), (13.72486, -0.0000014901161, 0.000008381903), (21.558098, 0.000011920929, 0.000012665987), (21.558098, 0.000011920929, 0.000012665987), (15.905563, 16.44299, -2.9802322e-8), (15.905579, 16.44299, -8.979123), (-9.536743e-7, 0, -0.000005722046), (15.905579, 16.44299, 8.978874), (-4.7683716e-7, 0.000015258789, 0), (13.827865, -0.0000023841856, 0), (18.781631, 1.1709362, -9.12352), (-32.67285, 0.000020675361, 0.00021606684), (-67.4402, 0.00004172325, 0.00084638596), (0, -0.000002861023, -0.000030517578), (-17.13317, 0.000017136335, -0.00068992376), (-36.394154, -0.000022351742, 0.00006854534), (-63.34324, -0.000025331974, -0.0001847744), (-63.34327, -0.00001937151, -0.00019073486), (-8.572163, -1.9641091, 3.6417942), (-20.542562, 1.6526252, -0.250943), (-12.0830145, 0.00013522804, 0.0000011175871), (-8.64837, -0.00013606623, 0.000032782555), (-9.004998, -1.359368, 0.6524831), (-19.821444, 1.8643733, -0.4109308), (-13.343387, -0.00008866191, 0.0000037252903), (-9.466818, 2.3283064e-7, 0.0000052154064), (0.21458434, -0.28936005, 0.025163768), (-8.376243, -2.6648269, -5.7729707), (-16.551416, -0.00021811575, 0.00056922436), (-10.26609, -0.000078603625, -0.00006519258), (-7.641764, -0.00008651987, -0.000047683716), (-8.902439, -1.7848762, -2.3947172), (-18.338919, 1.5517982, -0.3990829), (-12.35242, 0.000043585896, -0.000018451829), (-9.220541, 0.000019650906, 0.0000052154064), (-4.839269, -3.1996324, 2.6644855), (-11.308008, -0.00012516975, 0.00015404075), (-10.717973, -0.0000044703484, -0.0000074505806), (-11.040854, -0.00008903444, -0.00018030405), (-14.434692, -13.479018, 1.7458668), (-18.57922, 0.00003427267, 0.00071004033), (-42.483627, 0.000010430813, 0.000121444464), (-67.44019, 0.000047683716, 0.00083744526), (-0.0000076293945, -63.056564, -5.9604645e-8), (-16.15321, -2.2120266, 42.041344), (38.90706, 0, 0), (28.044765, 0, -0.0000074505806), (6.90658, 21.743156, -0.000011920929), (4.906217, -0.000014866237, -0.0000044703484), (-0.0000150203705, -0.0000019073486, -0.0000076293945), (4.638041, 10.796566, 0.094257355), (-0.0010566711, 0.00001335144, 0.000011444092), (14.57968, 0.050382316, 0.06264523), (21.312216, 0.050383806, 0.06264299), (28.044748, 0.050389767, 0.06264597), (4.322207, -0.05574003, 0.12532538), (17.768951, -0.055737793, 0.12533404), (35.716087, -0.027874112, 0.06265789), (-16.153252, -2.2120275, -42.041344), (-38.907017, -0.0000029802322, -0.000014901161), (-28.044727, -0.0000071013346, -0.000008940697), (-6.9065647, -21.743168, 0.0000044703484), (-4.906143, -0.000027567148, 0.000001466833), (0.0000153929, -0.0000038146973, 0), (-4.6379194, -10.796585, -0.094249725), (0.0010375977, -0.00001335144, -0.000011444092), (-14.57963, -0.05037809, -0.06265938), (-21.312164, -0.050379634, -0.06266832), (-28.044744, -0.050384283, -0.06264746), (-4.3222437, 0.055737793, -0.12531914), (-17.768955, 0.055737793, -0.12532547), (-35.716045, 0.027868152, -0.06266683), (0, 29.789522, 27.476168), (0.0004196167, -74.528015, 45.00424), (0, 30.116617, -27.777863), (0.00048828125, -74.529465, -45.388897)],
                14: [(0.009912811, 0.47823524, -0.07037893), (0.26525775, 89.2108, 3.1519566), (2.3636804, -5.5879354e-7, -3.259629e-7), (9.217329, -0.0000022351742, -9.313226e-7), (6.5245433, -7.4505806e-7, -0.0000013038516), (12.617442, -0.0000029802322, -0.000004377216), (18.782145, 1.1709303, 9.123531), (32.672993, 0.000008940697, 0.000052154064), (67.44078, -0.0000059604645, -0.000014156103), (0, -4.7683716e-7, -0.000015258789), (17.132435, -4.656613e-8, -0.000016391277), (36.394295, -0.000006472692, -0.0000059604645), (63.343365, 0.0000049360096, -0.000017881393), (63.343323, 0.0000044703484, -0.00002682209), (8.571569, 1.963645, -3.6418178), (20.542522, -1.6527394, 0.2509147), (12.083035, 0.0000011175871, 0.0000067055225), (8.64841, -0.0000013969839, 0.000014901161), (9.004277, 1.3589925, -0.6525166), (19.821526, -1.8643528, 0.41092634), (13.343536, 0.0000037252903, -0.000014156103), (9.466735, 0.000011175871, 0.0000029802322), (-0.21466063, 0.28939816, -0.025170565), (8.375613, 2.664409, 5.772946), (16.551405, 0.0003017485, -0.00056922436), (10.266081, 0.000019767322, -0.00003427267), (7.6418786, -0.00003427267, 0.00007972121), (8.901784, 1.7843895, 2.3946836), (18.338867, -1.5519075, 0.39907545), (12.352509, 0.00002803281, 0.000014901161), (9.220548, -0.000029057264, -0.00001564622), (4.838611, 3.1992528, -2.6645176), (11.307923, 0.0000048428774, 0.000025331974), (10.718003, 0.000017974526, -0.000026077032), (11.040807, 0.000018626451, -0.0000044703484), (14.434157, 13.306442, -1.7259115), (18.579943, -0.000010430813, -0.0000029802322), (42.483486, -0.000008940697, -0.000011920929), (67.4408, -0.0000059604645, -0.0000074505806), (23.804573, -3.957826, -0.0000011175871), (13.724877, -0.0000059604645, -0.000002142042), (21.55813, -0.0000044703484, -0.000005029142), (21.55813, -0.0000044703484, -0.000005029142), (15.905563, 16.44299, -2.9802322e-8), (15.905579, 16.44299, -8.979123), (-9.536743e-7, 0, -0.000005722046), (15.905579, 16.44299, 8.978874), (-4.7683716e-7, 0.000015258789, 0), (13.827865, -0.0000023841856, 0), (18.781658, 1.1709303, -9.123544), (-32.67285, 0.000013224781, 0.00020936131), (-67.44022, 0.00005364418, 0.00082850456), (0, -0.000002861023, -0.000030517578), (-17.133171, 0.000018347055, -0.00069886446), (-36.394173, -0.00002682209, 0.000056624413), (-63.34326, -0.000020861626, -0.00019669533), (-63.343285, -0.000021234155, -0.00020861626), (-8.5721655, -1.9641081, 3.6417975), (-20.542557, 1.6526269, -0.25094002), (-12.083011, 0.00014286488, 0.0000058847945), (-8.648374, -0.00013923272, 0.000028312206), (-9.004994, -1.3593714, 0.6524831), (-19.821453, 1.8643739, -0.4109338), (-13.343377, -0.00009313226, 0.000008614734), (-9.466811, -0.0000031664968, -0.0000029802322), (0.21458434, -0.28936005, 0.025163768), (-8.376244, -2.6648283, -5.7729654), (-16.551416, -0.00022016466, 0.0005662441), (-10.266104, -0.000083073974, -0.00006016344), (-7.6417675, -0.00008177012, -0.000047683716), (-8.902443, -1.7848771, -2.3947158), (-18.338907, 1.5517969, -0.39907694), (-12.352414, 0.000040605664, -0.000023469329), (-9.220533, 0.000013411045, -0.0000022351742), (-4.8392663, -3.1996324, 2.6644864), (-11.308013, -0.00012516975, 0.0001553446), (-10.717969, -0.0000029802322, -0.0000059604645), (-11.040849, -0.00008791685, -0.00018626451), (-14.434692, -13.479018, 1.7458668), (-18.579224, 0.00003799796, 0.00070668757), (-42.483643, 0.000016391277, 0.00010877848), (-67.440216, 0.000050663948, 0.00081658363), (-0.0000076293945, -63.056564, -5.9604645e-8), (-16.153217, -2.2120266, 42.041344), (38.90705, 0, 0), (28.044765, 0.0000044703484, -0.0000044703484), (6.906575, 21.74315, -0.0000059604645), (4.9062157, -0.00001488952, -0.0000037252903), (-0.0000150203705, -0.0000019073486, -0.0000076293945), (4.638041, 10.796566, 0.094257355), (-0.0010566711, 0.00001335144, 0.000011444092), (14.57968, 0.05038157, 0.06264597), (21.312216, 0.050383806, 0.06264597), (28.044752, 0.050392747, 0.06264597), (4.322208, -0.055739656, 0.12532626), (17.768951, -0.055739284, 0.1253333), (35.716087, -0.027874112, 0.06265901), (-16.153252, -2.2120252, -42.041344), (-38.90702, -0.0000029802322, -0.000008940697), (-28.044752, -0.0000044703484, 0.000011920929), (-6.9065742, -21.743172, 0.000010430813), (-4.906148, -0.000026077032, 0.0000019557774), (0.0000153929, -0.0000038146973, 0), (-4.6379194, -10.796585, -0.094249725), (0.0010375977, -0.00001335144, -0.000011444092), (-14.57964, -0.050377473, -0.06265044), (-21.312181, -0.050378963, -0.06265044), (-28.044764, -0.05038455, -0.06262958), (-4.3222437, 0.055737793, -0.12532026), (-17.768955, 0.055736303, -0.1253277), (-35.71605, 0.027871132, -0.06265938), (0, 29.789522, 27.476168), (0.0004196167, -74.528015, 45.00424), (0, 30.116617, -27.777863), (0.00048828125, -74.529465, -45.388897)],
                15: [(0.004769163, -0.000017777182, -0.07895157), (0.03637965, 87.72936, 3.0546803), (2.363681, -5.5879354e-7, -3.7252903e-7), (9.217329, -0.0000029802322, -0.0000027939677), (6.52455, -0.0000029802322, -0.0000023283064), (12.61744, 0, -0.0000031664968), (18.782139, 1.1709318, 9.123531), (32.672993, 0.0000074505806, 0.00005811453), (67.44078, -0.000011920929, -0.000020489097), (0, -4.7683716e-7, -0.000015258789), (17.132437, -0.000004656613, -0.000017881393), (36.39429, -0.000007171184, -0.0000059604645), (63.343357, 0.000002514571, -0.000023841858), (63.343315, 0.000006891787, -0.000035762787), (8.5715685, 1.9636389, -3.641814), (20.54253, -1.6527352, 0.25091618), (12.083039, -0.0000014901161, 0.0000044703484), (8.648411, -0.0000017695129, 0.000017881393), (9.004273, 1.3589916, -0.65252113), (19.821526, -1.8643581, 0.41092485), (13.34354, 0.000008568168, -0.000014156103), (9.466733, 0.0000128522515, 0.0000022351742), (-0.21466063, 0.28939816, -0.025170565), (8.375614, 2.664409, 5.772946), (16.55139, 0.00029429793, -0.0005662441), (10.2660675, 0.000014528632, -0.000029802322), (7.6418667, -0.00003129244, 0.00007599592), (8.901784, 1.7843913, 2.3946834), (18.33887, -1.5519027, 0.39907545), (12.352506, 0.000029802322, 0.000017881393), (9.220547, -0.000028312206, -0.000014901161), (4.8386106, 3.1992548, -2.6645184), (11.307916, 0.0000055879354, 0.000027567148), (10.717996, 0.000013224781, -0.000022351742), (11.040802, 0.000017881393, 0.0000014901161), (14.434157, 13.306442, -1.7259115), (18.579939, -0.000008940697, -0.000011082739), (42.483486, -0.0000059604645, -0.00001359731), (67.44079, -0.0000059604645, -0.000010430813), (23.804573, -3.957826, -7.4505806e-7), (13.724877, -0.0000074505806, -0.000005867332), (21.558136, -0.0000074505806, -0.000006798655), (21.558136, -0.0000074505806, -0.000006798655), (15.905563, 16.44299, -2.9802322e-8), (15.905579, 16.44299, -8.979123), (-9.536743e-7, 0, -0.000005722046), (15.905579, 16.44299, 8.978874), (-4.7683716e-7, 0.000015258789, 0), (13.827865, -0.0000023841856, 0), (18.781658, 1.1709287, -9.123543), (-32.67285, 0.00002104789, 0.00021979213), (-67.44021, 0.0000461936, 0.0008434057), (0, -0.000002861023, -0.000030517578), (-17.13317, 0.000016391277, -0.0006943941), (-36.394165, -0.00002682209, 0.00006258488), (-63.34325, -0.000022351742, -0.00019073486), (-63.343285, -0.000017881393, -0.00021457672), (-8.57216, -1.9641061, 3.6418014), (-20.54255, 1.6526259, -0.25094151), (-12.083011, 0.00013961399, 0.000007636845), (-8.648374, -0.00013951212, 0.000029802322), (-9.004996, -1.3593684, 0.6524838), (-19.821451, 1.8643774, -0.41092485), (-13.343388, -0.00009057403, 0.0000074505806), (-9.466813, 0.0000011175871, 0.0000044703484), (0.21458434, -0.28936005, 0.025163768), (-8.376238, -2.6648238, -5.7729664), (-16.551422, -0.00021830201, 0.00056773424), (-10.266107, -0.00007934868, -0.00006221235), (-7.641771, -0.000082701445, -0.0000461936), (-8.902441, -1.7848767, -2.3947113), (-18.338919, 1.551804, -0.3990814), (-12.352427, 0.00004400499, -0.000026449561), (-9.220541, 0.000017881393, 0.0000037252903), (-4.8392644, -3.199631, 2.6644886), (-11.308011, -0.000121444464, 0.00015199184), (-10.717975, -0.0000026077032, -0.0000044703484), (-11.040851, -0.00008917414, -0.00018328428), (-14.434692, -13.479018, 1.7458668), (-18.579216, 0.000035390258, 0.0007070601), (-42.483635, 0.000011920929, 0.00011473894), (-67.4402, 0.000043213367, 0.00082850456), (-0.0000076293945, -63.056564, -5.9604645e-8), (-16.153223, -2.2120266, 42.04135), (38.907063, 0.0000029802322, 0), (28.04477, 0.0000044703484, -0.000008940697), (6.9065785, 21.743158, -0.000011920929), (4.9062185, -0.000014808029, -0.0000059604645), (-0.0000150203705, -0.0000019073486, -0.0000076293945), (4.638041, 10.796566, 0.094257355), (-0.0010566711, 0.00001335144, 0.000011444092), (14.579685, 0.050382316, 0.06264448), (21.31222, 0.050385296, 0.0626415), (28.044758, 0.050391257, 0.06264448), (4.322208, -0.055739284, 0.12532724), (17.768955, -0.055736303, 0.12533367), (35.716087, -0.027874112, 0.06265491), (-16.153246, -2.2120216, -42.041348), (-38.907043, 0.0000059604645, -0.0000029802322), (-28.044752, -0.0000052154064, 0.000008940697), (-6.906577, -21.743172, 0.000008940697), (-4.906145, -0.00002272427, 0.000003632158), (0.0000153929, -0.0000038146973, 0), (-4.6379194, -10.796585, -0.094249725), (0.0010375977, -0.00001335144, -0.000011444092), (-14.579641, -0.050376635, -0.06264895), (-21.312183, -0.05037915, -0.06264597), (-28.044765, -0.050383992, -0.06262958), (-4.3222456, 0.055738352, -0.12531988), (-17.768965, 0.055740774, -0.12532026), (-35.71607, 0.027880073, -0.06265342), (0, 29.789522, 27.476168), (0.0004196167, -74.528015, 45.00424), (0, 30.116617, -27.777863), (0.00048828125, -74.529465, -45.388897)],
                16: [(-0.0058839796, -0.000007509762, -0.024879724), (-0.23077069, 88.50447, 3.3366387), (2.3636796, -1.8626451e-7, -2.7939677e-7), (9.217321, 7.4505806e-7, -5.5879354e-7), (6.524547, -0.0000014901161, -1.8626451e-7), (12.617443, -0.0000029802322, -3.7252903e-7), (18.782146, 1.1709318, 9.123532), (32.672993, 0.000008940697, 0.000051409006), (67.44078, -0.0000029802322, -0.00002682209), (0, -4.7683716e-7, -0.000015258789), (17.132435, -0.0000045634806, -0.000014901161), (36.39429, -0.000007636845, -0.0000059604645), (63.343353, -0.0000018626451, -0.000023841858), (63.34331, -0.0000014901161, -0.000035762787), (8.571572, 1.963642, -3.6418178), (20.542534, -1.6527344, 0.25091022), (12.083038, -0.0000026077032, 0.0000067055225), (8.648406, -0.0000022351742, 0.000013411045), (9.004275, 1.3589907, -0.6525166), (19.821526, -1.8643605, 0.41092038), (13.343549, 0.000013783574, -0.000017136335), (9.466735, 0.000011362135, 0.0000052154064), (-0.21466063, 0.28939816, -0.025170565), (8.375611, 2.6644118, 5.772947), (16.551401, 0.0002991408, -0.0005722046), (10.266071, 0.000020116568, -0.000032782555), (7.6418743, -0.000035203993, 0.000078603625), (8.901781, 1.7843921, 2.3946807), (18.338871, -1.5519093, 0.39907545), (12.3525095, 0.000028684735, 0.000013411045), (9.220552, -0.000033236574, -0.00001564622), (4.83861, 3.1992536, -2.6645155), (11.307923, 0.0000052154064, 0.000026077032), (10.7179985, 0.000013969839, -0.0000230968), (11.040802, 0.00001564622, 0.0000029802322), (14.434157, 13.306442, -1.7259115), (18.57994, -0.0000067055225, -0.0000044703484), (42.483482, -0.0000059604645, -0.000020489097), (67.44079, 0, -0.000022351742), (23.80457, -3.9578245, 0.0000022351742), (13.72487, -0.0000044703484, -0.0000024680048), (21.558128, -0.0000044703484, -0.000006146729), (21.558128, -0.0000044703484, -0.000006146729), (15.905563, 16.44299, -2.9802322e-8), (15.905579, 16.44299, -8.979123), (-9.536743e-7, 0, -0.000005722046), (15.905579, 16.44299, 8.978874), (-4.7683716e-7, 0.000015258789, 0), (13.827865, -0.0000023841856, 0), (18.781647, 1.1709318, -9.123537), (-32.672855, 0.000018626451, 0.00021010637), (-67.4402, 0.00004786998, 0.0008404255), (0, -0.000002861023, -0.000030517578), (-17.133171, 0.000023841858, -0.0006943941), (-36.39416, -0.000023841858, 0.00006258488), (-63.34325, -0.000017881393, -0.0001847744), (-63.343273, -0.000017881393, -0.00020861626), (-8.572164, -1.9641056, 3.6417954), (-20.542553, 1.6526289, -0.25094151), (-12.083021, 0.00013671815, 0.0000052154064), (-8.648382, -0.00013634562, 0.000032782555), (-9.004993, -1.3593704, 0.6524854), (-19.821457, 1.8643744, -0.41092932), (-13.343406, -0.000093877316, 0.0000037252903), (-9.466819, 0.0000022351742, 0.0000059604645), (0.21458434, -0.28936005, 0.025163768), (-8.376242, -2.6648238, -5.7729664), (-16.551422, -0.00021904707, 0.00056773424), (-10.266102, -0.00007934868, -0.00006109476), (-7.6417685, -0.00008158386, -0.00004246831), (-8.902443, -1.7848753, -2.394714), (-18.33891, 1.551801, -0.39907917), (-12.352418, 0.000049173832, -0.000026077032), (-9.22054, 0.000017881393, 7.4505806e-7), (-4.839267, -3.199631, 2.6644838), (-11.30801, -0.00011753291, 0.00015199184), (-10.717974, 0.0000016327249, -0.0000044703484), (-11.040859, -0.00008903444, -0.00018179417), (-14.434692, -13.479018, 1.7458668), (-18.579218, 0.000034738332, 0.0007085502), (-42.48363, 0.000010337681, 0.000113248825), (-67.4402, 0.000048056245, 0.00082552433), (-0.0000076293945, -63.056564, -5.9604645e-8), (-16.153214, -2.2120297, 42.04135), (38.907074, 0.000008940697, -0.0000059604645), (28.044796, 0.000016391277, -0.000011920929), (6.906597, 21.743187, -0.00001937151), (4.9062233, -0.00001473818, -0.0000115484), (-0.0000150203705, -0.0000019073486, -0.0000076293945), (4.638041, 10.796566, 0.094257355), (-0.0010566711, 0.00001335144, 0.000011444092), (14.579697, 0.05038753, 0.0626415), (21.31224, 0.050395727, 0.0626415), (28.04478, 0.050404668, 0.06263554), (4.32221, -0.055738166, 0.1253251), (17.768957, -0.055734813, 0.12532994), (35.7161, -0.027868152, 0.06265044), (-16.153246, -2.2120245, -42.041348), (-38.907024, 0, -0.0000059604645), (-28.044733, -0.0000059604645, -0.000010430813), (-6.906568, -21.743172, 0.00000782311), (-4.9061456, -0.000024586916, 0.0000020489097), (0.0000153929, -0.0000038146973, 0), (-4.6379194, -10.796585, -0.094249725), (0.0010375977, -0.00001335144, -0.000011444092), (-14.579632, -0.050379336, -0.06265715), (-21.312166, -0.050379336, -0.06266236), (-28.044743, -0.050386786, -0.06264746), (-4.3222423, 0.05573947, -0.125321), (-17.768959, 0.055737793, -0.12532324), (-35.716057, 0.027872622, -0.06265938), (0, 29.789522, 27.476168), (0.0004196167, -74.528015, 45.00424), (0, 30.116617, -27.777863), (0.00048828125, -74.529465, -45.388897)],
                17: [(-0.017240666, 0.45619696, 0.02984777), (-0.47220424, 90.49294, 3.7567694), (2.3636796, -3.7252903e-7, -9.313226e-8), (9.217318, 0.0000014901161, 3.7252903e-7), (6.5245433, 7.4505806e-7, 0.0000024214387), (12.617434, 0.0000029802322, 0.000004284084), (18.782133, 1.1709378, 9.123534), (32.67299, 0.000010896474, 0.000047963113), (67.44078, 0, -0.00002682209), (0, -4.7683716e-7, -0.000015258789), (17.132435, -0.0000040978193, -0.000016391277), (36.394287, -0.000009685755, -0.0000059604645), (63.343353, -0.0000022351742, -0.000023841858), (63.34331, -0.0000044703484, -0.000035762787), (8.571564, 1.96364, -3.6418178), (20.542536, -1.6527369, 0.25090724), (12.083035, 0.0000018626451, 0.0000059604645), (8.648417, 0.0000037252903, 0.000013411045), (9.004279, 1.3589911, -0.65251815), (19.821518, -1.8643655, 0.41092932), (13.343522, 0.0000014901161, -0.000012665987), (9.466721, 0.000018253922, 0.0000037252903), (-0.21466063, 0.28939816, -0.025170565), (8.375617, 2.6644113, 5.7729425), (16.551394, 0.0002902001, -0.0005662441), (10.266064, 0.000011827797, -0.000026077032), (7.641865, -0.000027380884, 0.00007674098), (8.901781, 1.7843872, 2.3946836), (18.33887, -1.5519079, 0.39907396), (12.3525095, 0.00003031455, 0.00001564622), (9.220545, -0.000032410026, -0.000013411045), (4.8386087, 3.1992488, -2.6645143), (11.307913, 0.0000059604645, 0.00003129244), (10.718, 0.00001527369, -0.00001937151), (11.040794, 0.00001564622, 7.4505806e-7), (14.434157, 13.306442, -1.7259115), (18.57994, -0.0000067055225, -0.0000067055225), (42.483475, -0.0000029802322, -0.000025331974), (67.440796, 0.0000029802322, -0.000020861626), (23.804565, -3.957826, 0.0000067055225), (13.72486, -0.0000014901161, 0.000007171184), (21.558105, 0.0000029802322, 0.00001124572), (21.558105, 0.0000029802322, 0.00001124572), (15.905563, 16.44299, -2.9802322e-8), (15.905579, 16.44299, -8.979123), (-9.536743e-7, 0, -0.000005722046), (15.905579, 16.44299, 8.978874), (-4.7683716e-7, 0.000015258789, 0), (13.827865, -0.0000023841856, 0), (18.781645, 1.1709332, -9.123534), (-32.67285, 0.000017136335, 0.00021234155), (-67.440186, 0.00003296882, 0.00084638596), (0, -0.000002861023, -0.000030517578), (-17.133165, 0.000014901161, -0.0006914139), (-36.394157, -0.000023841858, 0.00006854534), (-63.34324, -0.00002682209, -0.00017881393), (-63.34327, -0.000014901161, -0.00018775463), (-8.572158, -1.9641038, 3.6417983), (-20.54255, 1.6526296, -0.25094226), (-12.083018, 0.00013709068, 0.0000044703484), (-8.648379, -0.00013671815, 0.00003501773), (-9.004991, -1.3593696, 0.6524857), (-19.82145, 1.8643774, -0.41092336), (-13.3433895, -0.00009164214, 0.0000037252903), (-9.466812, 0, 0.0000044703484), (0.21458434, -0.28936005, 0.025163768), (-8.376237, -2.6648262, -5.772962), (-16.551409, -0.00021606684, 0.0005725771), (-10.266096, -0.000078231096, -0.000059604645), (-7.6417685, -0.00008419156, -0.000044330955), (-8.902435, -1.7848744, -2.3947103), (-18.338902, 1.551804, -0.3990732), (-12.352404, 0.000047683716, -0.000021606684), (-9.2205305, 0.000014156103, 0), (-4.839266, -3.199635, 2.664484), (-11.308016, -0.00012004748, 0.00015199184), (-10.717982, -7.4505806e-7, -0.0000074505806), (-11.040869, -0.00008456409, -0.00017881393), (-14.434692, -13.479018, 1.7458668), (-18.579214, 0.00003245659, 0.00070780516), (-42.483624, -0.0000020489097, 0.00011026859), (-67.440186, 0.00003390014, 0.00082850456), (-0.0000076293945, -63.056564, -5.9604645e-8), (-16.15322, -2.2120297, 42.041348), (38.907063, 0.0000029802322, 0.0000029802322), (28.044779, 0.000008940697, -0.000011920929), (6.9065847, 21.743172, -0.000011920929), (4.9062195, -0.000014784746, -0.00000782311), (-0.0000150203705, -0.0000019073486, -0.0000076293945), (4.638041, 10.796566, 0.094257355), (-0.0010566711, 0.00001335144, 0.000011444092), (14.579689, 0.05038455, 0.06264448), (21.312227, 0.05038902, 0.06264001), (28.044764, 0.050397217, 0.06264448), (4.3222084, -0.05573854, 0.12532622), (17.768955, -0.055739284, 0.12533516), (35.716087, -0.027877092, 0.06265938), (-16.153257, -2.212027, -42.041344), (-38.907032, 0.0000029802322, -0.0000059604645), (-28.044744, -0.0000059604645, 0.0000059604645), (-6.90657, -21.743172, 0.0000059604645), (-4.9061494, -0.0000230968, 0.0000040978193), (0.0000153929, -0.0000038146973, 0), (-4.6379194, -10.796585, -0.094249725), (0.0010375977, -0.00001335144, -0.000011444092), (-14.57964, -0.050377846, -0.06265342), (-21.31218, -0.050377846, -0.06265044), (-28.044764, -0.050383806, -0.06263256), (-4.322245, 0.055738166, -0.125321), (-17.76896, 0.055742264, -0.12532473), (-35.716064, 0.027877092, -0.06265938), (0, 29.789522, 27.476168), (0.0004196167, -74.528015, 45.00424), (0, 30.116617, -27.777863), (0.00048828125, -74.529465, -45.388897)],
                18: [(-0.02735972, 1.0152433, 0.062164664), (-0.6204943, 92.00218, 4.0504684), (2.3636785, -1.8626451e-7, 5.122274e-7), (9.2173195, 7.4505806e-7, 0.0000011175871), (6.5245466, 0, 8.381903e-7), (12.617432, 0.0000014901161, 0.0000033527613), (18.782137, 1.1709362, 9.123535), (32.67299, 0.000012293458, 0.000050477684), (67.440796, 0.000008940697, -0.000023841858), (0, -4.7683716e-7, -0.000015258789), (17.132425, -0.0000048428774, -0.000014901161), (36.39427, -0.0000067055225, -0.000008940697), (63.34331, -0.0000044703484, -0.000029802322), (63.343273, -0.0000029802322, -0.000029802322), (8.571566, 1.9636378, -3.641814), (20.542519, -1.6527355, 0.25092736), (12.083031, -0.0000022351742, 0.000011175871), (8.648407, 0.0000014901161, 0.00001937151), (9.004272, 1.3589848, -0.65251815), (19.821512, -1.8643632, 0.41093826), (13.343516, 0.0000014901161, -0.000014156103), (9.466718, 0.000016391277, 0.0000014901161), (-0.21466063, 0.28939816, -0.025170565), (8.375607, 2.6644073, 5.772945), (16.551382, 0.00028684735, -0.0005558133), (10.266059, 0.000016018748, -0.000029802322), (7.641863, -0.000025331974, 0.000070780516), (8.901782, 1.7843862, 2.3946836), (18.338854, -1.551912, 0.3990814), (12.352495, 0.000029988587, 0.000016391277), (9.220542, -0.000027567148, -0.000017136335), (4.838609, 3.1992495, -2.664511), (11.307909, 0.0000052154064, 0.000029429793), (10.717986, 0.000020861626, -0.000020861626), (11.0407915, 0.0000115484, 0.0000067055225), (14.434157, 13.306442, -1.7259115), (18.579948, -0.0000037252903, -0.0000029802322), (42.483486, 0.0000029802322, -0.000023841858), (67.440796, 0.000014901161, -0.000014901161), (23.804556, -3.95782, 0.0000067055225), (13.724859, 0, 0.000005005859), (21.558105, 0.0000074505806, 0.000009639189), (21.558105, 0.0000074505806, 0.000009639189), (15.905563, 16.44299, -2.9802322e-8), (15.905579, 16.44299, -8.979123), (-9.536743e-7, 0, -0.000005722046), (15.905579, 16.44299, 8.978874), (-4.7683716e-7, 0.000015258789, 0), (13.827865, -0.0000023841856, 0), (18.781643, 1.1709318, -9.123529), (-32.672848, 0.000013411045, 0.00021010637), (-67.440186, 0.000019971048, 0.0008404255), (0, -0.000002861023, -0.000030517578), (-17.133156, 0.000014901161, -0.0006765127), (-36.39414, -0.000029802322, 0.00009983778), (-63.343204, -0.00002682209, -0.00012814999), (-63.343227, -0.000029802322, -0.00014007092), (-8.572156, -1.9641027, 3.6417983), (-20.542536, 1.6526387, -0.25093704), (-12.08299, 0.00013634562, 0.000010430813), (-8.648356, -0.00013746321, 0.000025704503), (-9.004985, -1.3593677, 0.65248835), (-19.821442, 1.8643833, -0.41092336), (-13.343379, -0.00008940697, 0.0000044703484), (-9.466807, -0.0000014901161, 0.0000022351742), (0.21458434, -0.28936005, 0.025163768), (-8.376236, -2.664825, -5.772964), (-16.551401, -0.00021085143, 0.0005751848), (-10.2660885, -0.000078231096, -0.00006109476), (-7.641761, -0.00008493662, -0.00004544854), (-8.902433, -1.7848749, -2.39471), (-18.338894, 1.5518069, -0.39907396), (-12.352408, 0.000047683716, -0.000021606684), (-9.22053, 0.000014901161, -0.0000011175871), (-4.839264, -3.1996303, 2.6644828), (-11.308002, -0.000114925206, 0.00015497208), (-10.717967, 0.0000018626451, -0.0000059604645), (-11.040853, -0.00009089708, -0.00018402934), (-14.434692, -13.479018, 1.7458668), (-18.579212, 0.00002746092, 0.00070631504), (-42.48362, -0.0000086962245, 0.000113248825), (-67.440186, 0.000018096762, 0.0008225441), (-0.0000076293945, -63.056564, -5.9604645e-8), (-16.153204, -2.2120237, 42.041336), (38.907043, -0.0000029802322, 0.0000029802322), (28.044775, 0.000008940697, -0.000008940697), (6.9065795, 21.743162, -0.000010803342), (4.906217, -0.00001527369, -0.0000044703484), (-0.0000150203705, -0.0000019073486, -0.0000076293945), (4.638041, 10.796566, 0.094257355), (-0.0010566711, 0.00001335144, 0.000011444092), (14.579685, 0.050385296, 0.06264746), (21.312225, 0.05038753, 0.06264001), (28.04476, 0.050395727, 0.0626415), (4.3222055, -0.055738725, 0.12532696), (17.768946, -0.05574003, 0.12533665), (35.716076, -0.027880073, 0.06265938), (-16.153255, -2.2120311, -42.041336), (-38.907024, 0, -0.0000059604645), (-28.044752, -0.0000029802322, 0.000008195639), (-6.906569, -21.743172, 0.0000044703484), (-4.906148, -0.000023515895, 0.0000026077032), (0.0000153929, -0.0000038146973, 0), (-4.6379194, -10.796585, -0.094249725), (0.0010375977, -0.00001335144, -0.000011444092), (-14.579641, -0.050377846, -0.062650256), (-21.312181, -0.050377846, -0.06265137), (-28.044765, -0.050380826, -0.06263293), (-4.3222437, 0.055738725, -0.125321), (-17.768955, 0.05574152, -0.12532324), (-35.71605, 0.027872622, -0.06265938), (0, 29.789522, 27.476168), (0.0004196167, -74.528015, 45.00424), (0, 30.116617, -27.777863), (0.00048828125, -74.529465, -45.388897)],
            }
        }
    }
}

