#usda 1.0
(
    endTimeCode = 28
    framesPerSecond = 30
    startTimeCode = 0
    timeCodesPerSecond = 30
)

def SkelRoot "SkelRoot"
{
    def Skeleton "Skeleton" (
        prepend apiSchemas = ["SkelBindingAPI"]
    )
    {
        uniform matrix4d[] bindTransforms = [( (1, 0, 0.00004494563472690061, 0), (0, 1, 0, 0), (-0.00004494563472690061, 0, 1, 0), (-0.3614256978034973, 0, 1.581166386604309, 1) ), ( (-0.00007581627141917124, 0.9999998807907104, -0.000018600056137074716, 0), (-0.000044975433411309496, 0.000018715858459472656, 0.9999998807907104, 0), (0.9999998807907104, 0.00007590651512145996, 0.00004506484037847258, 0), (-0.36151280999183655, 86.47123718261719, 3.51851224899292, 1) ), ( (-0.00010609014861984178, 0.9999650716781616, 0.008346031419932842, 0), (-0.00004563320544548333, -0.008345916867256165, 0.9999650716781616, 0), (0.9999998807907104, 0.00010579500667518005, 0.00004660786726162769, 0), (-0.3616490662097931, 88.2688980102539, 3.518479108810425, 1) ), ( (-0.0001601066906005144, 0.9991047978401184, 0.04229964315891266, 0), (-0.00008082871499937028, -0.0422995425760746, 0.999104917049408, 0), (0.9999998807907104, 0.0001566337887197733, 0.00008761964272707701, 0), (-0.3630030155181885, 101.03108215332031, 3.6249961853027344, 1) ), ( (-0.0002174715045839548, 0.9982916712760925, 0.05842519551515579, 0), (-0.00023356960446108133, -0.05842513218522072, 0.9982916116714478, 0), (0.9999998807907104, 0.00020354308071546257, 0.00024596721050329506, 0), (-0.36471858620643616, 111.73616790771484, 4.078221797943115, 1) ), ( (-0.0002441716205794364, 0.9982328414916992, 0.05942418798804283, 0), (-0.00028661443502642214, -0.05942413583397865, 0.9982328414916992, 0), (0.9999998807907104, 0.00022679773974232376, 0.00030070843058638275, 0), (-0.3674308955669403, 124.18716430664062, 4.806919574737549, 1) ), ( (0.9506238698959351, -0.15455864369869232, -0.2691204249858856, 0), (0.2573385536670685, -0.09213375300168991, 0.9619190692901611, 0), (-0.17346809804439545, -0.9836781620979309, -0.04781079292297363, 0), (5.234349250793457, 138.39480590820312, 6.546417713165283, 1) ), ( (0.9993165135383606, -0.036806296557188034, -0.003485302673652768, 0), (0.0005981825524941087, -0.07816258072853088, 0.9969402551651001, 0), (-0.03696626052260399, -0.9962610602378845, -0.07808730006217957, 0), (26.32158851623535, 134.96629333496094, 0.5766465663909912, 1) ), ( (0.9992802143096924, -0.03618638217449188, -0.011378179304301739, 0), (0.008510046638548374, -0.07845156639814377, 0.9968815445899963, 0), (-0.036966271698474884, -0.9962608814239502, -0.07808730006217957, 0), (73.33324432373047, 133.23480224609375, 0.41268908977508545, 1) ), ( (0.9992804527282715, -0.03618645668029785, -0.011378231458365917, 0), (0.00851003360003233, -0.07845155894756317, 0.9968814849853516, 0), (-0.036966368556022644, -0.996260941028595, -0.07808728516101837, 0), (73.333251953125, 133.23480224609375, 0.41269099712371826, 1) ), ( (0.9992804527282715, -0.03618645668029785, -0.011378231458365917, 0), (0.00851003360003233, -0.07845155894756317, 0.9968814849853516, 0), (-0.036966368556022644, -0.996260941028595, -0.07808728516101837, 0), (86.35376739501953, 132.7633056640625, 0.2644321918487549, 1) ), ( (0.9992804527282715, -0.03618645668029785, -0.011378231458365917, 0), (0.00851003360003233, -0.07845155894756317, 0.9968814849853516, 0), (-0.036966368556022644, -0.996260941028595, -0.07808728516101837, 0), (100.14373016357422, 132.26394653320312, 0.10741543769836426, 1) ), ( (0.9992804527282715, -0.03618645668029785, -0.011378231458365917, 0), (0.00851003360003233, -0.07845155894756317, 0.9968814849853516, 0), (-0.036966368556022644, -0.996260941028595, -0.07808728516101837, 0), (117.22916412353516, 131.64523315429688, -0.08712661266326904, 1) ), ( (0.9994803667068481, 0.0005442849360406399, -0.03223099932074547, 0), (-0.0020133282523602247, -0.9968519806861877, -0.07926266640424728, 0), (-0.03217272087931633, 0.07928615063428879, -0.9963326454162598, 0), (117.22916412353516, 131.64523315429688, -0.08712661266326904, 1) ), ( (0.9837661385536194, -0.12871316075325012, 0.12504905462265015, 0), (-0.12095412611961365, -0.990339457988739, -0.0678076446056366, 0), (0.13256864249706268, 0.051581475883722305, -0.9898309707641602, 0), (122.47651672363281, 130.29022216796875, 1.845201015472412, 1) ), ( (0.9890209436416626, -0.13527390360832214, 0.059484656900167465, 0), (-0.12285658717155457, -0.9763829112052917, -0.17771795392036438, 0), (0.08212020993232727, 0.16845853626728058, -0.9822821021080017, 0), (134.8339385986328, 129.68911743164062, 3.3156723976135254, 1) ), ( (0.9841435551643372, -0.1727783977985382, 0.04012058302760124, 0), (-0.16640253365039825, -0.9776545763015747, -0.12845760583877563, 0), (0.06141875311732292, 0.11974433809518814, -0.9909029006958008, 0), (142.05809020996094, 128.7010498046875, 3.7501587867736816, 1) ), ( (0.9987439513206482, -0.05009991303086281, -0.0003588240942917764, 0), (-0.049914371222257614, -0.9943735003471375, -0.0934373214840889, 0), (0.00432429276406765, 0.09333767741918564, -0.9956251978874207, 0), (147.20310974121094, 127.79779815673828, 3.9599156379699707, 1.0000001192092896) ), ( (0.9949841499328613, -0.09686308354139328, -0.024980073794722557, 0), (-0.09849894791841507, -0.9922494292259216, -0.07575877010822296, 0), (-0.01744832657277584, 0.07783913612365723, -0.9968129992485046, 0), (122.68055725097656, 130.79800415039062, 0.06532084941864014, 1) ), ( (0.9790364503860474, -0.17981119453907013, -0.09568512439727783, 0), (-0.18284346163272858, -0.9828528165817261, -0.023852936923503876, 0), (-0.08975543826818466, 0.04084807634353638, -0.9951260089874268, 0), (134.70936584472656, 130.7750244140625, -0.396221399307251, 1) ), ( (0.9610607624053955, -0.2559586465358734, -0.1041509136557579, 0), (-0.2566770911216736, -0.9664744138717651, 0.006676883902400732, 0), (-0.1023683026432991, 0.02031606435775757, -0.9945390224456787, 0), (142.60646057128906, 129.3245849609375, -1.1680444478988647, 1) ), ( (0.9881477952003479, -0.09867067635059357, -0.11759337782859802, 0), (-0.0924297496676445, -0.9940627813339233, 0.05740641430020332, 0), (-0.12255963683128357, -0.04585712030529976, -0.9914014339447021, 0), (148.10630798339844, 127.85980224609375, -1.7640684843063354, 1) ), ( (0.9994804859161377, 0.0005393888568505645, -0.03222854807972908, 0), (-0.002017262391746044, -0.9968537092208862, -0.07924027740955353, 0), (-0.03216991946101189, 0.07926392555236816, -0.9963343143463135, 0), (117.09965515136719, 131.46957397460938, -0.08165144920349121, 1) ), ( (0.9507525563240051, -0.07181645184755325, -0.3015163242816925, 0), (0.0338648296892643, -0.9428941607475281, 0.33136671781539917, 0), (-0.3080957233905792, -0.32525870203971863, -0.8940268158912659, 0), (122.17416381835938, 130.31910705566406, -3.8549623489379883, 1) ), ( (0.7947270274162292, -0.1970900595188141, -0.5740768909454346, 0), (-0.07592348009347916, -0.9706633687019348, 0.22813954949378967, 0), (-0.6021996140480042, -0.13772311806678772, -0.7863767147064209, 0), (131.6869354248047, 129.60052490234375, -6.871393203735352, 1) ), ( (0.7404301762580872, -0.2166103571653366, -0.6362727880477905, 0), (-0.03140082582831383, -0.9567611813545227, 0.2891751825809479, 0), (-0.6713992357254028, -0.1941346824169159, -0.715216338634491, 0), (136.618896484375, 128.37738037109375, -10.434045791625977, 1) ), ( (0.8033071756362915, -0.17529822885990143, -0.5691817402839661, 0), (-0.015825197100639343, -0.9616464376449585, 0.2738356590270996, 0), (-0.5953546762466431, -0.2109670639038086, -0.7752716541290283, 0), (140.0393829345703, 127.37677001953125, -13.373357772827148, 1) ), ( (0.9798810482025146, -0.11729816347360611, -0.16147524118423462, 0), (-0.13152499496936798, -0.988047182559967, -0.08040010929107666, 0), (-0.15011447668075562, 0.10002037137746811, -0.9835960268974304, 0), (122.55886840820312, 130.68768310546875, -1.78836190700531, 1) ), ( (0.9004203677177429, -0.1740732342004776, -0.39867478609085083, 0), (-0.1702585071325302, -0.9843593239784241, 0.0452657975256443, 0), (-0.40031898021698, 0.02711932733654976, -0.9159745573997498, 0), (133.5088653564453, 130.33834838867188, -3.740325450897217, 1) ), ( (0.8806994557380676, -0.26534685492515564, -0.392376184463501, 0), (-0.2261306792497635, -0.9634017944335938, 0.14394983649253845, 0), (-0.41621270775794983, -0.03804849460721016, -0.9084709286689758, 0), (140.23245239257812, 129.03855895996094, -6.7172956466674805, 1) ), ( (0.9087408781051636, -0.23906758427619934, -0.34210672974586487, 0), (-0.20199599862098694, -0.9692215919494629, 0.1407383680343628, 0), (-0.365223228931427, -0.05879076197743416, -0.9290619492530823, 0), (145.14141845703125, 127.55952453613281, -8.904359817504883, 1) ), ( (0.8185832500457764, -0.1770438700914383, 0.5464223623275757, 0), (0.3088933825492859, -0.6663501858711243, -0.6786476969718933, 0), (0.484258770942688, 0.7243159413337708, -0.4907752275466919, 0), (120.20060729980469, 129.5912628173828, 1.2701120376586914, 1) ), ( (0.8419025540351868, -0.3132971525192261, 0.4393688440322876, 0), (0.36183181405067444, -0.27630913257598877, -0.8903543949127197, 0), (0.40034744143486023, 0.9085693955421448, -0.11926408112049103, 0), (125.79615783691406, 128.38104248046875, 5.005271911621094, 1) ), ( (0.9108511209487915, -0.21557624638080597, 0.351961612701416, 0), (0.23761875927448273, -0.42335712909698486, -0.8742461800575256, 0), (0.33747243881225586, 0.8799408078193665, -0.3343902826309204, 0), (131.25091552734375, 126.35114288330078, 7.851996421813965, 1) ), ( (0.7905936241149902, -0.2650078237056732, 0.5520261526107788, 0), (0.4658488929271698, -0.32479897141456604, -0.823098361492157, 0), (0.39742511510849, 0.9078966379165649, -0.1333300769329071, 0), (137.33016967773438, 124.91236877441406, 10.20105266571045, 1) ), ( (0.9999998807907104, -4.725734470412135e-8, -2.8296199161559343e-8, 0), (5.877389686048673e-9, 1, -3.98013799696173e-9, 0), (1.581812902884394e-8, -1.7574878441450892e-8, 1.000000238418579, 0), (125.96925354003906, 126.28746032714844, -0.2416778802871704, 1) ), ( (0.999316394329071, -0.03680630400776863, -0.0034852440003305674, 0), (0.0005981835420243442, -0.07816257327795029, 0.9969402551651001, 0), (-0.03696625307202339, -0.996260941028595, -0.07808729261159897, 0), (40.44270324707031, 134.4462127685547, 0.5273988246917725, 1) ), ( (0.999316394329071, -0.03680630400776863, -0.0034852440003305674, 0), (0.0005981835420243442, -0.07816257327795029, 0.9969402551651001, 0), (-0.03696625307202339, -0.996260941028595, -0.07808729261159897, 0), (56.48756408691406, 133.8552703857422, 0.47144079208374023, 1) ), ( (0.999316394329071, -0.03680630400776863, -0.0034852440003305674, 0), (0.0005981835420243442, -0.07816257327795029, 0.9969402551651001, 0), (-0.03696625307202339, -0.996260941028595, -0.07808729261159897, 0), (73.33324432373047, 133.23480224609375, 0.41268908977508545, 1) ), ( (-0.000303224369417876, 0.9503021836280823, 0.3113286793231964, 0), (-0.00021504258620552719, -0.3113284707069397, 0.950302243232727, 0), (0.9999998807907104, 0.00022129535500425845, 0.000298848666716367, 0), (-0.3709886968135834, 142.43833923339844, 2.877990245819092, 1) ), ( (-0.0003032786480616778, 0.9503021836280823, 0.31132861971855164, 0), (-0.0002147797349607572, -0.31132856011390686, 0.950302243232727, 0), (0.9999998807907104, 0.00022142879606690258, 0.0002986157778650522, 0), (-0.374153733253479, 152.35772705078125, 6.1276750564575195, 1) ), ( (-0.0003032786480616778, 0.9503021836280823, 0.31132861971855164, 0), (-0.00021322218526620418, -0.31132856011390686, 0.950302243232727, 0), (0.9999998807907104, 0.000221913680434227, 0.00029713570256717503, 0), (-0.37595972418785095, 158.0175323486328, 7.981888294219971, 1) ), ( (-0.00023876062186900526, 0.996841311454773, 0.07941839098930359, 0), (-0.000279312371276319, -0.07941844314336777, 0.996841311454773, 0), (0.9999998807907104, 0.00021591332915704697, 0.0002974829403683543, 0), (-0.37595972418785095, 158.0175323486328, 7.981888294219971, 1) ), ( (0.997471034526825, 0.004180784337222576, -0.07094106078147888, 0), (-0.00023228370992001146, 0.9984541535377502, 0.055566996335983276, 0), (0.07106445729732513, -0.05540933832526207, 0.9959308505058289, 0), (-0.38131627440452576, 167.30609130859375, 19.252613067626953, 1) ), ( (0.99753737449646, -0.00533283082768321, 0.06993662565946579, 0), (0.001399399945512414, 0.9984204769134521, 0.056169044226408005, 0), (-0.0701259970664978, -0.05593305826187134, 0.9959691166877747, 0), (-6.113720893859863, 167.30487060546875, 19.25090789794922, 1) ), ( (0.99753737449646, -0.005332828965038061, 0.06993663311004639, 0), (0.0013994001783430576, 0.9984204769134521, 0.05616910010576248, 0), (-0.0701259896159172, -0.05593305081129074, 0.9959689974784851, 0), (-6.113719940185547, 167.30490112304688, 19.250904083251953, 1) ), ( (0.9975759387016296, 0.005763525143265724, -0.06934516131877899, 0), (-0.0018637748435139656, 0.9984195232391357, 0.05616854131221771, 0), (0.06955938786268234, -0.055903110653162, 0.9960097670555115, 0), (5.350926876068115, 167.30734252929688, 19.25432014465332, 1) ), ( (0.9975760579109192, 0.005763524677604437, -0.06934517621994019, 0), (-0.0018637749599292874, 0.9984195232391357, 0.05616854131221771, 0), (0.06955938786268234, -0.05590314418077469, 0.9960100054740906, 0), (5.35092830657959, 167.30731201171875, 19.254316329956055, 1) ), ( (1, 9.048761739904876e-12, 0.0002801974769681692, 0), (-2.378644590322887e-12, 0.9999998211860657, 1.3716542568431578e-8, 0), (-0.0002801974769681692, 5.493966170888598e-9, 1, 0), (-0.3789065182209015, 170.32044982910156, 8.962054252624512, 1) ), ( (0.9503915309906006, 0.15498940646648407, 0.269692063331604, 0), (0.2578749358654022, 0.09225065261125565, -0.9617640972137451, 0), (-0.173942431807518, 0.9835994243621826, 0.04770645126700401, 0), (-5.976704120635986, 138.39190673828125, 6.54302453994751, 1) ), ( (0.9992974400520325, 0.037259310483932495, 0.004086269997060299, 0), (0.0011621788144111633, 0.07816316187381744, -0.9969397187232971, 0), (-0.03746456652879715, 0.9962441325187683, 0.07806506007909775, 0), (-27.058748245239258, 134.95404052734375, 0.5605919361114502, 1) ), ( (0.999256432056427, 0.03663931414484978, 0.0119791179895401, 0), (0.009073827415704727, 0.07845571637153625, -0.9968761205673218, 0), (-0.03746458515524864, 0.9962440729141235, 0.07806506007909775, 0), (-74.06905364990234, 133.2018585205078, 0.368377685546875, 1) ), ( (0.9992565512657166, 0.03663937747478485, 0.011979195289313793, 0), (0.009073840454220772, 0.07845573872327805, -0.9968761205673218, 0), (-0.0374646820127964, 0.9962438941001892, 0.07806506752967834, 0), (-74.06908416748047, 133.20184326171875, 0.3683803081512451, 1) ), ( (0.9992565512657166, 0.03663937747478485, 0.011979195289313793, 0), (0.009073840454220772, 0.07845573872327805, -0.9968761205673218, 0), (-0.0374646820127964, 0.9962438941001892, 0.07806506752967834, 0), (-87.08980560302734, 132.72390747070312, 0.21223008632659912, 1) ), ( (0.9992565512657166, 0.03663937747478485, 0.011979195289313793, 0), (0.009073840454220772, 0.07845573872327805, -0.9968761205673218, 0), (-0.0374646820127964, 0.9962438941001892, 0.07806506752967834, 0), (-100.8788070678711, 132.21890258789062, 0.04700136184692383, 1) ), ( (0.9992565512657166, 0.03663937747478485, 0.011979195289313793, 0), (0.009073840454220772, 0.07845573872327805, -0.9968761205673218, 0), (-0.0374646820127964, 0.9962438941001892, 0.07806506752967834, 0), (-117.96393585205078, 131.59226989746094, -0.15783309936523438, 1) ), ( (0.9994608163833618, -0.00009125399810727686, 0.032832030206918716, 0), (-0.0025126447435468435, 0.9968507885932922, 0.07926145941019058, 0), (-0.03273579850792885, -0.07930103689432144, 0.9963129758834839, 0), (-117.96393585205078, 131.59226989746094, -0.15783309936523438, 1) ), ( (0.9837825894355774, 0.1291591227054596, -0.12445738166570663, 0), (-0.12144358456134796, 0.990284264087677, 0.06773486733436584, 0), (0.13199681043624878, -0.051521673798561096, 0.9899103045463562, 0), (-123.21212768554688, 130.2345428466797, 1.7712981700897217, 1) ), ( (0.9889951348304749, 0.13572227954864502, -0.05888988822698593, 0), (-0.12340575456619263, 0.9763268828392029, 0.1776440143585205, 0), (0.0816059485077858, -0.16842159628868103, 0.9823311567306519, 0), (-135.57012939453125, 129.6278076171875, 3.2343292236328125, 1) ), ( (0.9840887784957886, 0.17322440445423126, -0.039528775960206985, 0), (-0.16692259907722473, 0.9775789976119995, 0.12835760414600372, 0), (0.06087728217244148, -0.11971677839756012, 0.9909398555755615, 0), (-142.79400634765625, 128.63650512695312, 3.6644816398620605, 1) ), ( (0.9987207651138306, 0.05055263265967369, 0.0009594460716471076, 0), (-0.05042107403278351, 0.9943508505821228, 0.0934072807431221, 0), (0.0037680077366530895, -0.09333603829145432, 0.9956275820732117, 0), (-147.93887329101562, 127.7308349609375, 3.871127128601074, 1) ), ( (0.9949250817298889, 0.09731406718492508, 0.025578418746590614, 0), (-0.09899400919675827, 0.9922043681144714, 0.07569954544305801, 0), (-0.01801231876015663, -0.07784729450941086, 0.9968024492263794, 0), (-123.41543579101562, 130.7423095703125, -0.00871431827545166, 1) ), ( (0.9788968563079834, 0.18025489151477814, 0.09627383202314377, 0), (-0.18330299854278564, 0.9827696681022644, 0.02374296821653843, 0), (-0.0903351902961731, -0.04088905081152916, 0.9950717091560364, 0), (-135.4438018798828, 130.71383666992188, -0.4774872958660126, 0.9999999403953552) ), ( (0.9608819484710693, 0.2563944458961487, 0.10472888499498367, 0), (-0.25711092352867126, 0.9663578271865845, -0.006831220351159573, 0), (-0.10295695811510086, -0.02036275714635849, 0.9944770932197571, 0), (-143.33982849121094, 129.2598419189453, -1.2540524005889893, 0.9999999403953552) ), ( (0.9880317449569702, 0.09911841154098511, 0.11818761378526688, 0), (-0.0928456112742424, 0.994020938873291, -0.05746196582913399, 0), (-0.12317637354135513, 0.045801203697919846, 0.9913275837898254, 0), (-148.838623046875, 127.79255676269531, -1.8533861637115479, 0.9999999403953552) ), ( (0.9994608163833618, -0.00009144278010353446, 0.03283199295401573, 0), (-0.0025131674483418465, 0.9968487620353699, 0.07928431034088135, 0), (-0.032735761255025864, -0.0793239176273346, 0.996311366558075, 0), (-117.83432006835938, 131.41664123535156, -0.15227973461151123, 1) ), ( (0.9505383968353271, 0.07224735617637634, 0.30208802223205566, 0), (0.03363683447241783, 0.9429093599319458, -0.33134621381759644, 0), (-0.30878040194511414, 0.3251187801361084, 0.8938412666320801, 0), (-122.90641021728516, 130.2636260986328, -3.928684711456299, 1) ), ( (0.7942925095558167, 0.19745002686977386, 0.5745546817779541, 0), (-0.07622608542442322, 0.9706291556358337, -0.22818538546562195, 0), (-0.6027346253395081, 0.13744981586933136, 0.7860143780708313, 0), (-132.41702270507812, 129.54074096679688, -6.950837135314941, 1) ), ( (0.7399492859840393, 0.2169458270072937, 0.6367176175117493, 0), (-0.03166044503450394, 0.9567466974258423, -0.28919389843940735, 0), (-0.6719168424606323, 0.19383007287979126, 0.7148127555847168, 0), (-137.34629821777344, 128.31533813476562, -10.516488075256348, 1) ), ( (0.8028851747512817, 0.17566217482089996, 0.5696650743484497, 0), (-0.016096269711852074, 0.9616391658782959, -0.27384528517723083, 0), (-0.595916211605072, 0.21069693565368652, 0.7749134302139282, 0), (-140.7644805908203, 127.3131103515625, -13.457803726196289, 1) ), ( (0.9797306656837463, 0.11774227023124695, 0.16206449270248413, 0), (-0.13202089071273804, 0.9879875779151917, 0.08032103627920151, 0), (-0.15066039562225342, -0.1000886783003807, 0.9835056662559509, 0), (-123.29251861572266, 130.63194274902344, -1.8623236417770386, 1) ), ( (0.900101363658905, 0.17448122799396515, 0.3992162346839905, 0), (-0.1706773042678833, 0.9842817187309265, -0.04536819085478783, 0), (-0.4008571207523346, -0.027301080524921417, 0.9157336354255676, 0), (-134.24124145507812, 130.27760314941406, -3.8208799362182617, 1) ), ( (0.8803431987762451, 0.2657458782196045, 0.39290571212768555, 0), (-0.22648045420646667, 0.9632995128631592, -0.14408573508262634, 0), (-0.41677600145339966, 0.03785950317978859, 0.908220648765564, 0), (-140.96240234375, 128.97476196289062, -6.801886558532715, 1) ), ( (0.9084261655807495, 0.23947931826114655, 0.34265315532684326, 0), (-0.2023504078388214, 0.9691296815872192, -0.14085985720157623, 0), (-0.3658083379268646, 0.058624908328056335, 0.9288418889045715, 0), (-145.8693389892578, 127.49360656738281, -8.991884231567383, 1.0000001192092896) ), ( (0.8188310265541077, 0.17741499841213226, -0.5459298491477966, 0), (0.3081832230091095, 0.666489839553833, 0.6788334846496582, 0), (0.4842917025089264, -0.7240960001945496, 0.49106621742248535, 0), (-120.93555450439453, 129.53668212890625, 1.1975746154785156, 1) ), ( (0.842024564743042, 0.3136788308620453, -0.4388624131679535, 0), (0.3611713647842407, 0.2764725983142853, 0.8905717134475708, 0), (0.40068739652633667, -0.9083878993988037, 0.11950480937957764, 0), (-126.53287506103516, 128.3237762451172, 4.929393768310547, 1) ), ( (0.9109647870063782, 0.21598924696445465, -0.35141393542289734, 0), (0.23690107464790344, 0.42346450686454773, 0.8743886947631836, 0), (0.3376697897911072, -0.8797876834869385, 0.33459317684173584, 0), (-131.98838806152344, 126.29144287109375, 7.772811412811279, 1) ), ( (0.7908049821853638, 0.2653663754463196, -0.5515508651733398, 0), (0.4652066230773926, 0.32500985264778137, 0.8233782052993774, 0), (0.39775630831718445, -0.9077168703079224, 0.13356904685497284, 0), (-138.06842041015625, 124.84996032714844, 10.118157386779785, 1) ), ( (0.9999998807907104, 1.652369974181056e-8, 2.765227691270411e-8, 0), (1.3082565031297122e-9, 1, -7.705634352817015e-9, 0), (4.678096843235835e-8, -1.0121947724428537e-8, 1.000000238418579, 0), (-126.70391082763672, 126.559814453125, -0.3176652193069458, 1) ), ( (0.9992972016334534, 0.0372592993080616, 0.004086180590093136, 0), (0.001162135973572731, 0.07816313952207565, -0.9969397187232971, 0), (-0.03746457025408745, 0.9962440729141235, 0.07806505262851715, 0), (-41.17903518676758, 134.4281005859375, 0.5028669834136963, 1) ), ( (0.9992972016334534, 0.0372592993080616, 0.004086180590093136, 0), (0.001162135973572731, 0.07816313952207565, -0.9969397187232971, 0), (-0.03746457025408745, 0.9962440729141235, 0.07806505262851715, 0), (-57.224212646484375, 133.8293914794922, 0.43724167346954346, 1) ), ( (0.9992972016334534, 0.0372592993080616, 0.004086180590093136, 0), (0.001162135973572731, 0.07816313952207565, -0.9969397187232971, 0), (-0.03746457025408745, 0.9962440729141235, 0.07806505262851715, 0), (-74.06905364990234, 133.2018585205078, 0.368377685546875, 1) ), ( (1.0000001192092896, 1.8097523479809752e-11, 0.0002871218603104353, 0), (-1.7506815224929695e-12, 1, -2.551133193584576e-10, 0), (-0.0002871218603104353, 4.201570646955588e-9, 1.000000238418579, 0), (-0.35878774523735046, 125.97914123535156, -25.295902252197266, 1) ), ( (0.003559703705832362, -0.9987303614616394, 0.05025370419025421, 0), (0.0002240799367427826, -0.05025333911180496, -0.9987366199493408, 0), (0.999993622303009, 0.003566555678844452, 0.000044999640522291884, 0), (16.498497009277344, 74.18732452392578, 1.8371682167053223, 1) ), ( (0.0035667195916175842, -0.9998533129692078, -0.01675981655716896, 0), (-0.000014871218809275888, 0.01675974577665329, -0.9998596906661987, 0), (0.9999935030937195, 0.003566557075828314, 0.00004499949136516079, 0), (16.62588119506836, 38.44892501831055, 3.6354384422302246, 1) ), ( (0.08973333984613419, -0.9949918985366821, 0.04404042661190033, 0), (0.0877918228507042, 0.051948826760053635, 0.9947835206985474, 0), (-0.9920889735221863, -0.08539894223213196, 0.09201359003782272, 0), (16.727148056030273, 10.058425903320312, 3.1595468521118164, 1) ), ( (0.0877930298447609, 0.051946841180324554, 0.9947832822799683, 0), (0.08973315358161926, -0.9949918389320374, 0.04403841495513916, 0), (0.9920887351036072, 0.08539888262748718, -0.0920146182179451, 0), (19.14299964904785, 3.7144241333007812, 23.31915855407715, 1) ), ( (0.08779406547546387, 0.05194692313671112, 0.994783341884613, 0), (0.08973284065723419, -0.9949917793273926, 0.044038429856300354, 0), (0.992088794708252, 0.08539855480194092, -0.09201564639806747, 0), (19.605546951293945, 3.9881134033203125, 28.560359954833984, 1) ), ( (0.08952493220567703, -0.9951109886169434, 0.04170865938067436, 0), (0.08800148963928223, 0.04961630329489708, 0.9948840737342834, 0), (-0.9920890927314758, -0.08539660274982452, 0.09201306104660034, 0), (16.727149963378906, 10.058441162109375, 3.159546375274658, 1) ), ( (0.9928960204124451, 2.5727254993057613e-8, -0.1189846619963646, 0), (2.9812445845323055e-9, 0.9999996423721313, 3.0119255978178217e-9, 0), (0.11898460984230042, 1.1063484350870567e-8, 0.9928961396217346, 0), (17.93507194519043, 0.1933746337890625, 13.239347457885742, 1) ), ( (0.0035654879175126553, -0.9998981356620789, -0.013836379162967205, 0), (-0.0000038049408885854064, 0.01383634377270937, -0.9999043941497803, 0), (0.999993622303009, 0.0035652881488204002, 0.00004561996684060432, 0), (16.625885009765625, 38.44972229003906, 3.6354427337646484, 1) ), ( (0.0035651829093694687, -0.9998534321784973, -0.01675981655716896, 0), (-0.02897660993039608, 0.01664947159588337, -0.9994415640830994, 0), (0.9995736479759216, 0.0040489183738827705, -0.02891290932893753, 0), (16.718111038208008, 25.950042724609375, 3.3876123428344727, 1) ), ( (0.00356268510222435, -0.9998534321784973, -0.01675981655716896, 0), (-0.05791402980685234, 0.01652536168694496, -0.9981849789619446, 0), (0.998315155506134, 0.004526928532868624, -0.05784657597541809, 0), (16.7464599609375, 18.004638671875, 3.254426956176758, 1) ), ( (0.003561902791261673, -0.9998534321784973, -0.01675981655716896, 0), (-0.08767727017402649, 0.01638299599289894, -0.9960143566131592, 0), (0.9961425065994263, 0.005017238203436136, -0.08760596811771393, 0), (16.77479362487793, 10.059234619140625, 3.1212410926818848, 1) ), ( (0.003558553522452712, -0.9987303018569946, 0.05025370419025421, 0), (0.0002245064970338717, -0.05025334656238556, -0.9987366199493408, 0), (0.9999935030937195, 0.00356542831286788, 0.000045483426220016554, 0), (16.612844467163086, 68.8469467163086, 2.1483490467071533, 1) ), ( (0.0035567034501582384, -0.9987302422523499, 0.05025370046496391, 0), (0.00022407996584661305, -0.05025334656238556, -0.9987366199493408, 0), (0.9999935030937195, 0.0035635593812912703, 0.000045150398364057764, 0), (16.656591415405273, 56.573333740234375, 2.7659268379211426, 1) ), ( (0.0035570133477449417, -0.9987302422523499, 0.05025370046496391, 0), (0.00022535226889885962, -0.05025334283709526, -0.9987366199493408, 0), (0.9999935030937195, 0.003563932841643691, 0.00004640551924239844, 0), (16.664884567260742, 40.87393569946289, 3.5346553325653076, 1) ), ( (0.00341278244741261, 0.998730480670929, -0.05025339126586914, 0), (0.00012662544031627476, 0.05025337263941765, 0.9987363815307617, 0), (0.9999940395355225, -0.0034147438127547503, 0.000045129483623895794, 0), (-17.21950340270996, 74.18473052978516, 1.835648536682129, 1) ), ( (0.0034136008471250534, 0.9998536109924316, 0.01676011085510254, 0), (-0.00010226529411738738, -0.01675974763929844, 0.9998595118522644, 0), (0.9999940395355225, -0.0034147449769079685, 0.000045129621867090464, 0), (-17.341636657714844, 38.44633102416992, 3.633908271789551, 1) ), ( (0.08958644419908524, 0.995005190372467, -0.04403233528137207, 0), (0.0878891870379448, -0.05193549394607544, -0.9947754740715027, 0), (-0.9920937418937683, 0.08524832129478455, -0.09210298210382462, 0), (-17.43855094909668, 10.055854797363281, 3.1580076217651367, 1) ), ( (0.0878903791308403, -0.05193350836634636, -0.9947752356529236, 0), (0.08958625048398972, 0.995005190372467, -0.0440303236246109, 0), (0.9920935034751892, -0.08524826169013977, 0.09210401773452759, 0), (-19.855255126953125, 3.7114944458007812, 23.31739616394043, 1) ), ( (0.0878903865814209, -0.05193350091576576, -0.9947753548622131, 0), (0.08958660066127777, 0.9950053095817566, -0.04403029754757881, 0), (0.9920936226844788, -0.08524861931800842, 0.09210404008626938, 0), (-20.31831169128418, 3.9850845336914062, 28.55849266052246, 1) ), ( (0.08937777578830719, 0.9951242804527283, -0.04170060530304909, 0), (0.08809851109981537, -0.0496029369533062, -0.994875967502594, 0), (-0.9920938611030579, 0.08524595946073532, -0.09210246056318283, 0), (-17.438552856445312, 10.055885314941406, 3.1580066680908203, 1) ), ( (0.9928907155990601, 1.021917839238995e-8, 0.1190275326371193, 0), (1.4320075125695553e-9, 0.9999998211860657, -9.037129267142063e-9, 0), (-0.11902754008769989, 1.8183582639608176e-8, 0.9928909540176392, 0), (-18.646907806396484, 0.31208038330078125, 13.237698554992676, 1) ), ( (0.0034126241225749254, 0.9998982548713684, 0.013836685568094254, 0), (-0.00009164588846033439, -0.013836332596838474, 0.9999041557312012, 0), (0.9999940395355225, -0.0034134758170694113, 0.000044508760765893385, 0), (-17.341632843017578, 38.447139739990234, 3.6339125633239746, 1) ), ( (0.00341360317543149, 0.9998535513877869, 0.016760114580392838, 0), (-0.029063977301120758, -0.016653822734951973, 0.9994387030601501, 0), (0.9995716214179993, -0.003898709313943982, 0.029002970084547997, 0), (-17.431949615478516, 25.947479248046875, 3.386073112487793, 1) ), ( (0.0034136006142944098, 0.9998535513877869, 0.01676010712981224, 0), (-0.058001305907964706, -0.01653391122817993, 0.9981794953346252, 0), (0.9983105659484863, -0.004379398189485073, 0.05793647840619087, 0), (-17.459070205688477, 18.0020751953125, 3.2528867721557617, 1) ), ( (0.00341360317543149, 0.9998535513877869, 0.01676010712981224, 0), (-0.08776437491178513, -0.016395870596170425, 0.9960062503814697, 0), (0.9961352348327637, -0.004870810080319643, 0.0876956582069397, 0), (-17.48619270324707, 10.056663513183594, 3.119697332382202, 1) ), ( (0.0034127819817513227, 0.998730480670929, -0.05025339499115944, 0), (0.0001270521606784314, 0.050253380089998245, 0.9987365007400513, 0), (0.9999940395355225, -0.0034147650003433228, 0.000044703312596539035, 0), (-17.33306884765625, 68.84429931640625, 2.1468214988708496, 1) ), ( (0.0034127819817513227, 0.998730480670929, -0.05025339499115944, 0), (0.00012662545486819, 0.050253380089998245, 0.9987365007400513, 0), (0.9999940395355225, -0.0034147435799241066, 0.00004512947998591699, 0), (-17.375011444091797, 56.570701599121094, 2.764395236968994, 1) ), ( (0.0034127819817513227, 0.998730480670929, -0.05025339499115944, 0), (0.00012789780157618225, 0.05025337636470795, 0.9987365007400513, 0), (0.9999940395355225, -0.0034148076083511114, 0.00004385871943668462, 0), (-17.381000518798828, 40.8713264465332, 3.5331215858459473, 1) ), ( (1, -1.2779111102645402e-11, -7.275957614183426e-12, 0), (1.2789622659548083e-11, 1, 3.1838097696440526e-12, 0), (3.637978807091713e-12, -3.647150723790071e-12, 1, 0), (21.609710693359375, 86.47335052490234, 27.341758728027344, 1) ), ( (1, -1.2779111102645402e-11, -7.275957614183426e-12, 0), (1.2789622659548083e-11, 1, 3.1838097696440526e-12, 0), (3.637978807091713e-12, -3.647150723790071e-12, 1, 0), (14.517412185668945, 86.47188568115234, -22.765830993652344, 1) ), ( (1, -1.2779111102645402e-11, -7.275957614183426e-12, 0), (1.2789622659548083e-11, 1, 3.1838097696440526e-12, 0), (3.637978807091713e-12, -3.647150723790071e-12, 1, 0), (-21.654314041137695, 86.47006225585938, 26.601974487304688, 1) ), ( (1, -1.2779111102645402e-11, -7.275957614183426e-12, 0), (1.2789622659548083e-11, 1, 3.1838097696440526e-12, 0), (3.637978807091713e-12, -3.647150723790071e-12, 1, 0), (-15.17298412322998, 86.4696044921875, -22.652164459228516, 1) )]
        uniform token[] joints = ["root_joint", "root_joint/pelvis_joint", "root_joint/pelvis_joint/spineLower_joint", "root_joint/pelvis_joint/spineLower_joint/spineMiddle_joint", "root_joint/pelvis_joint/spineLower_joint/spineMiddle_joint/spineUpper_joint", "root_joint/pelvis_joint/spineLower_joint/spineMiddle_joint/spineUpper_joint/chest_joint", "root_joint/pelvis_joint/spineLower_joint/spineMiddle_joint/spineUpper_joint/chest_joint/clavicle_left_joint", "root_joint/pelvis_joint/spineLower_joint/spineMiddle_joint/spineUpper_joint/chest_joint/clavicle_left_joint/shoulder_left_joint", "root_joint/pelvis_joint/spineLower_joint/spineMiddle_joint/spineUpper_joint/chest_joint/clavicle_left_joint/shoulder_left_joint/elbow_left_joint", "root_joint/pelvis_joint/spineLower_joint/spineMiddle_joint/spineUpper_joint/chest_joint/clavicle_left_joint/shoulder_left_joint/elbow_left_joint/elbow_partial_left_joint", "root_joint/pelvis_joint/spineLower_joint/spineMiddle_joint/spineUpper_joint/chest_joint/clavicle_left_joint/shoulder_left_joint/elbow_left_joint/armLower_twist_01_left_joint", "root_joint/pelvis_joint/spineLower_joint/spineMiddle_joint/spineUpper_joint/chest_joint/clavicle_left_joint/shoulder_left_joint/elbow_left_joint/armLower_twist_02_left_joint", "root_joint/pelvis_joint/spineLower_joint/spineMiddle_joint/spineUpper_joint/chest_joint/clavicle_left_joint/shoulder_left_joint/elbow_left_joint/armLower_twist_03_left_joint", "root_joint/pelvis_joint/spineLower_joint/spineMiddle_joint/spineUpper_joint/chest_joint/clavicle_left_joint/shoulder_left_joint/elbow_left_joint/handWrist_left_joint", "root_joint/pelvis_joint/spineLower_joint/spineMiddle_joint/spineUpper_joint/chest_joint/clavicle_left_joint/shoulder_left_joint/elbow_left_joint/handWrist_left_joint/handIndexMeta_left_joint", "root_joint/pelvis_joint/spineLower_joint/spineMiddle_joint/spineUpper_joint/chest_joint/clavicle_left_joint/shoulder_left_joint/elbow_left_joint/handWrist_left_joint/handIndexMeta_left_joint/handIndex_00_left_joint", "root_joint/pelvis_joint/spineLower_joint/spineMiddle_joint/spineUpper_joint/chest_joint/clavicle_left_joint/shoulder_left_joint/elbow_left_joint/handWrist_left_joint/handIndexMeta_left_joint/handIndex_00_left_joint/handIndex_01_left_joint", "root_joint/pelvis_joint/spineLower_joint/spineMiddle_joint/spineUpper_joint/chest_joint/clavicle_left_joint/shoulder_left_joint/elbow_left_joint/handWrist_left_joint/handIndexMeta_left_joint/handIndex_00_left_joint/handIndex_01_left_joint/handIndex_02_left_joint", "root_joint/pelvis_joint/spineLower_joint/spineMiddle_joint/spineUpper_joint/chest_joint/clavicle_left_joint/shoulder_left_joint/elbow_left_joint/handWrist_left_joint/handMiddleMeta_left_joint", "root_joint/pelvis_joint/spineLower_joint/spineMiddle_joint/spineUpper_joint/chest_joint/clavicle_left_joint/shoulder_left_joint/elbow_left_joint/handWrist_left_joint/handMiddleMeta_left_joint/handMiddle_00_left_joint", "root_joint/pelvis_joint/spineLower_joint/spineMiddle_joint/spineUpper_joint/chest_joint/clavicle_left_joint/shoulder_left_joint/elbow_left_joint/handWrist_left_joint/handMiddleMeta_left_joint/handMiddle_00_left_joint/handMiddle_01_left_joint", "root_joint/pelvis_joint/spineLower_joint/spineMiddle_joint/spineUpper_joint/chest_joint/clavicle_left_joint/shoulder_left_joint/elbow_left_joint/handWrist_left_joint/handMiddleMeta_left_joint/handMiddle_00_left_joint/handMiddle_01_left_joint/handMiddle_02_left_joint", "root_joint/pelvis_joint/spineLower_joint/spineMiddle_joint/spineUpper_joint/chest_joint/clavicle_left_joint/shoulder_left_joint/elbow_left_joint/handWrist_left_joint/handWrist_partial_left_joint", "root_joint/pelvis_joint/spineLower_joint/spineMiddle_joint/spineUpper_joint/chest_joint/clavicle_left_joint/shoulder_left_joint/elbow_left_joint/handWrist_left_joint/handPinkyMeta_left_joint", "root_joint/pelvis_joint/spineLower_joint/spineMiddle_joint/spineUpper_joint/chest_joint/clavicle_left_joint/shoulder_left_joint/elbow_left_joint/handWrist_left_joint/handPinkyMeta_left_joint/handPinky_00_left_joint", "root_joint/pelvis_joint/spineLower_joint/spineMiddle_joint/spineUpper_joint/chest_joint/clavicle_left_joint/shoulder_left_joint/elbow_left_joint/handWrist_left_joint/handPinkyMeta_left_joint/handPinky_00_left_joint/handPinky_01_left_joint", "root_joint/pelvis_joint/spineLower_joint/spineMiddle_joint/spineUpper_joint/chest_joint/clavicle_left_joint/shoulder_left_joint/elbow_left_joint/handWrist_left_joint/handPinkyMeta_left_joint/handPinky_00_left_joint/handPinky_01_left_joint/handPinky_02_left_joint", "root_joint/pelvis_joint/spineLower_joint/spineMiddle_joint/spineUpper_joint/chest_joint/clavicle_left_joint/shoulder_left_joint/elbow_left_joint/handWrist_left_joint/handRingMeta_left_joint", "root_joint/pelvis_joint/spineLower_joint/spineMiddle_joint/spineUpper_joint/chest_joint/clavicle_left_joint/shoulder_left_joint/elbow_left_joint/handWrist_left_joint/handRingMeta_left_joint/handRing_00_left_joint", "root_joint/pelvis_joint/spineLower_joint/spineMiddle_joint/spineUpper_joint/chest_joint/clavicle_left_joint/shoulder_left_joint/elbow_left_joint/handWrist_left_joint/handRingMeta_left_joint/handRing_00_left_joint/handRing_01_left_joint", "root_joint/pelvis_joint/spineLower_joint/spineMiddle_joint/spineUpper_joint/chest_joint/clavicle_left_joint/shoulder_left_joint/elbow_left_joint/handWrist_left_joint/handRingMeta_left_joint/handRing_00_left_joint/handRing_01_left_joint/handRing_02_left_joint", "root_joint/pelvis_joint/spineLower_joint/spineMiddle_joint/spineUpper_joint/chest_joint/clavicle_left_joint/shoulder_left_joint/elbow_left_joint/handWrist_left_joint/handThumbMeta_left_joint", "root_joint/pelvis_joint/spineLower_joint/spineMiddle_joint/spineUpper_joint/chest_joint/clavicle_left_joint/shoulder_left_joint/elbow_left_joint/handWrist_left_joint/handThumbMeta_left_joint/handThumb_00_left_joint", "root_joint/pelvis_joint/spineLower_joint/spineMiddle_joint/spineUpper_joint/chest_joint/clavicle_left_joint/shoulder_left_joint/elbow_left_joint/handWrist_left_joint/handThumbMeta_left_joint/handThumb_00_left_joint/handThumb_01_left_joint", "root_joint/pelvis_joint/spineLower_joint/spineMiddle_joint/spineUpper_joint/chest_joint/clavicle_left_joint/shoulder_left_joint/elbow_left_joint/handWrist_left_joint/handThumbMeta_left_joint/handThumb_00_left_joint/handThumb_01_left_joint/handThumb_02_left_joint", "root_joint/pelvis_joint/spineLower_joint/spineMiddle_joint/spineUpper_joint/chest_joint/clavicle_left_joint/shoulder_left_joint/elbow_left_joint/handWrist_left_joint/hand_l_socket", "root_joint/pelvis_joint/spineLower_joint/spineMiddle_joint/spineUpper_joint/chest_joint/clavicle_left_joint/shoulder_left_joint/armUpper_twist_01_left_joint", "root_joint/pelvis_joint/spineLower_joint/spineMiddle_joint/spineUpper_joint/chest_joint/clavicle_left_joint/shoulder_left_joint/armUpper_twist_02_left_joint", "root_joint/pelvis_joint/spineLower_joint/spineMiddle_joint/spineUpper_joint/chest_joint/clavicle_left_joint/shoulder_left_joint/armUpper_twist_03_left_joint", "root_joint/pelvis_joint/spineLower_joint/spineMiddle_joint/spineUpper_joint/chest_joint/neck_joint", "root_joint/pelvis_joint/spineLower_joint/spineMiddle_joint/spineUpper_joint/chest_joint/neck_joint/neck_twist_01_joint", "root_joint/pelvis_joint/spineLower_joint/spineMiddle_joint/spineUpper_joint/chest_joint/neck_joint/neck_twist_02_joint", "root_joint/pelvis_joint/spineLower_joint/spineMiddle_joint/spineUpper_joint/chest_joint/neck_joint/head_joint", "root_joint/pelvis_joint/spineLower_joint/spineMiddle_joint/spineUpper_joint/chest_joint/neck_joint/head_joint/head_tracker_target", "root_joint/pelvis_joint/spineLower_joint/spineMiddle_joint/spineUpper_joint/chest_joint/neck_joint/head_joint/eye_offset_right_joint", "root_joint/pelvis_joint/spineLower_joint/spineMiddle_joint/spineUpper_joint/chest_joint/neck_joint/head_joint/eye_offset_right_joint/eye_right_joint", "root_joint/pelvis_joint/spineLower_joint/spineMiddle_joint/spineUpper_joint/chest_joint/neck_joint/head_joint/eye_offset_left_joint", "root_joint/pelvis_joint/spineLower_joint/spineMiddle_joint/spineUpper_joint/chest_joint/neck_joint/head_joint/eye_offset_left_joint/eye_left_joint", "root_joint/pelvis_joint/spineLower_joint/spineMiddle_joint/spineUpper_joint/chest_joint/neck_joint/head_joint/head_socket", "root_joint/pelvis_joint/spineLower_joint/spineMiddle_joint/spineUpper_joint/chest_joint/clavicle_right_joint", "root_joint/pelvis_joint/spineLower_joint/spineMiddle_joint/spineUpper_joint/chest_joint/clavicle_right_joint/shoulder_right_joint", "root_joint/pelvis_joint/spineLower_joint/spineMiddle_joint/spineUpper_joint/chest_joint/clavicle_right_joint/shoulder_right_joint/elbow_right_joint", "root_joint/pelvis_joint/spineLower_joint/spineMiddle_joint/spineUpper_joint/chest_joint/clavicle_right_joint/shoulder_right_joint/elbow_right_joint/elbow_partial_right_joint", "root_joint/pelvis_joint/spineLower_joint/spineMiddle_joint/spineUpper_joint/chest_joint/clavicle_right_joint/shoulder_right_joint/elbow_right_joint/armLower_twist_01_right_joint", "root_joint/pelvis_joint/spineLower_joint/spineMiddle_joint/spineUpper_joint/chest_joint/clavicle_right_joint/shoulder_right_joint/elbow_right_joint/armLower_twist_02_right_joint", "root_joint/pelvis_joint/spineLower_joint/spineMiddle_joint/spineUpper_joint/chest_joint/clavicle_right_joint/shoulder_right_joint/elbow_right_joint/armLower_twist_03_right_joint", "root_joint/pelvis_joint/spineLower_joint/spineMiddle_joint/spineUpper_joint/chest_joint/clavicle_right_joint/shoulder_right_joint/elbow_right_joint/handWrist_right_joint", "root_joint/pelvis_joint/spineLower_joint/spineMiddle_joint/spineUpper_joint/chest_joint/clavicle_right_joint/shoulder_right_joint/elbow_right_joint/handWrist_right_joint/handIndexMeta_right_joint", "root_joint/pelvis_joint/spineLower_joint/spineMiddle_joint/spineUpper_joint/chest_joint/clavicle_right_joint/shoulder_right_joint/elbow_right_joint/handWrist_right_joint/handIndexMeta_right_joint/handIndex_00_right_joint", "root_joint/pelvis_joint/spineLower_joint/spineMiddle_joint/spineUpper_joint/chest_joint/clavicle_right_joint/shoulder_right_joint/elbow_right_joint/handWrist_right_joint/handIndexMeta_right_joint/handIndex_00_right_joint/handIndex_01_right_joint", "root_joint/pelvis_joint/spineLower_joint/spineMiddle_joint/spineUpper_joint/chest_joint/clavicle_right_joint/shoulder_right_joint/elbow_right_joint/handWrist_right_joint/handIndexMeta_right_joint/handIndex_00_right_joint/handIndex_01_right_joint/handIndex_02_right_joint", "root_joint/pelvis_joint/spineLower_joint/spineMiddle_joint/spineUpper_joint/chest_joint/clavicle_right_joint/shoulder_right_joint/elbow_right_joint/handWrist_right_joint/handMiddleMeta_right_joint", "root_joint/pelvis_joint/spineLower_joint/spineMiddle_joint/spineUpper_joint/chest_joint/clavicle_right_joint/shoulder_right_joint/elbow_right_joint/handWrist_right_joint/handMiddleMeta_right_joint/handMiddle_00_right_joint", "root_joint/pelvis_joint/spineLower_joint/spineMiddle_joint/spineUpper_joint/chest_joint/clavicle_right_joint/shoulder_right_joint/elbow_right_joint/handWrist_right_joint/handMiddleMeta_right_joint/handMiddle_00_right_joint/handMiddle_01_right_joint", "root_joint/pelvis_joint/spineLower_joint/spineMiddle_joint/spineUpper_joint/chest_joint/clavicle_right_joint/shoulder_right_joint/elbow_right_joint/handWrist_right_joint/handMiddleMeta_right_joint/handMiddle_00_right_joint/handMiddle_01_right_joint/handMiddle_02_right_joint", "root_joint/pelvis_joint/spineLower_joint/spineMiddle_joint/spineUpper_joint/chest_joint/clavicle_right_joint/shoulder_right_joint/elbow_right_joint/handWrist_right_joint/handWrist_partial_right_joint", "root_joint/pelvis_joint/spineLower_joint/spineMiddle_joint/spineUpper_joint/chest_joint/clavicle_right_joint/shoulder_right_joint/elbow_right_joint/handWrist_right_joint/handPinkyMeta_right_joint", "root_joint/pelvis_joint/spineLower_joint/spineMiddle_joint/spineUpper_joint/chest_joint/clavicle_right_joint/shoulder_right_joint/elbow_right_joint/handWrist_right_joint/handPinkyMeta_right_joint/handPinky_00_right_joint", "root_joint/pelvis_joint/spineLower_joint/spineMiddle_joint/spineUpper_joint/chest_joint/clavicle_right_joint/shoulder_right_joint/elbow_right_joint/handWrist_right_joint/handPinkyMeta_right_joint/handPinky_00_right_joint/handPinky_01_right_joint", "root_joint/pelvis_joint/spineLower_joint/spineMiddle_joint/spineUpper_joint/chest_joint/clavicle_right_joint/shoulder_right_joint/elbow_right_joint/handWrist_right_joint/handPinkyMeta_right_joint/handPinky_00_right_joint/handPinky_01_right_joint/handPinky_02_right_joint", "root_joint/pelvis_joint/spineLower_joint/spineMiddle_joint/spineUpper_joint/chest_joint/clavicle_right_joint/shoulder_right_joint/elbow_right_joint/handWrist_right_joint/handRingMeta_right_joint", "root_joint/pelvis_joint/spineLower_joint/spineMiddle_joint/spineUpper_joint/chest_joint/clavicle_right_joint/shoulder_right_joint/elbow_right_joint/handWrist_right_joint/handRingMeta_right_joint/handRing_00_right_joint", "root_joint/pelvis_joint/spineLower_joint/spineMiddle_joint/spineUpper_joint/chest_joint/clavicle_right_joint/shoulder_right_joint/elbow_right_joint/handWrist_right_joint/handRingMeta_right_joint/handRing_00_right_joint/handRing_01_right_joint", "root_joint/pelvis_joint/spineLower_joint/spineMiddle_joint/spineUpper_joint/chest_joint/clavicle_right_joint/shoulder_right_joint/elbow_right_joint/handWrist_right_joint/handRingMeta_right_joint/handRing_00_right_joint/handRing_01_right_joint/handRing_02_right_joint", "root_joint/pelvis_joint/spineLower_joint/spineMiddle_joint/spineUpper_joint/chest_joint/clavicle_right_joint/shoulder_right_joint/elbow_right_joint/handWrist_right_joint/handThumbMeta_right_joint", "root_joint/pelvis_joint/spineLower_joint/spineMiddle_joint/spineUpper_joint/chest_joint/clavicle_right_joint/shoulder_right_joint/elbow_right_joint/handWrist_right_joint/handThumbMeta_right_joint/handThumb_00_right_joint", "root_joint/pelvis_joint/spineLower_joint/spineMiddle_joint/spineUpper_joint/chest_joint/clavicle_right_joint/shoulder_right_joint/elbow_right_joint/handWrist_right_joint/handThumbMeta_right_joint/handThumb_00_right_joint/handThumb_01_right_joint", "root_joint/pelvis_joint/spineLower_joint/spineMiddle_joint/spineUpper_joint/chest_joint/clavicle_right_joint/shoulder_right_joint/elbow_right_joint/handWrist_right_joint/handThumbMeta_right_joint/handThumb_00_right_joint/handThumb_01_right_joint/handThumb_02_right_joint", "root_joint/pelvis_joint/spineLower_joint/spineMiddle_joint/spineUpper_joint/chest_joint/clavicle_right_joint/shoulder_right_joint/elbow_right_joint/handWrist_right_joint/hand_r_socket", "root_joint/pelvis_joint/spineLower_joint/spineMiddle_joint/spineUpper_joint/chest_joint/clavicle_right_joint/shoulder_right_joint/armUpper_twist_01_right_joint", "root_joint/pelvis_joint/spineLower_joint/spineMiddle_joint/spineUpper_joint/chest_joint/clavicle_right_joint/shoulder_right_joint/armUpper_twist_02_right_joint", "root_joint/pelvis_joint/spineLower_joint/spineMiddle_joint/spineUpper_joint/chest_joint/clavicle_right_joint/shoulder_right_joint/armUpper_twist_03_right_joint", "root_joint/pelvis_joint/spineLower_joint/spineMiddle_joint/spineUpper_joint/chest_joint/back_socket", "root_joint/pelvis_joint/hip_left_joint", "root_joint/pelvis_joint/hip_left_joint/knee_left_joint", "root_joint/pelvis_joint/hip_left_joint/knee_left_joint/footAnkle_left_joint", "root_joint/pelvis_joint/hip_left_joint/knee_left_joint/footAnkle_left_joint/footBall_left_joint", "root_joint/pelvis_joint/hip_left_joint/knee_left_joint/footAnkle_left_joint/footBall_left_joint/footToe_left_joint", "root_joint/pelvis_joint/hip_left_joint/knee_left_joint/footAnkle_left_joint/footAnkle_partial_left_joint", "root_joint/pelvis_joint/hip_left_joint/knee_left_joint/footAnkle_left_joint/foot_l_socket", "root_joint/pelvis_joint/hip_left_joint/knee_left_joint/knee_partial_left_joint", "root_joint/pelvis_joint/hip_left_joint/knee_left_joint/legLower_twist_01_left_joint", "root_joint/pelvis_joint/hip_left_joint/knee_left_joint/legLower_twist_02_left_joint", "root_joint/pelvis_joint/hip_left_joint/knee_left_joint/legLower_twist_03_left_joint", "root_joint/pelvis_joint/hip_left_joint/legUpper_twist_01_left_joint", "root_joint/pelvis_joint/hip_left_joint/legUpper_twist_02_left_joint", "root_joint/pelvis_joint/hip_left_joint/legUpper_twist_03_left_joint", "root_joint/pelvis_joint/hip_right_joint", "root_joint/pelvis_joint/hip_right_joint/knee_right_joint", "root_joint/pelvis_joint/hip_right_joint/knee_right_joint/footAnkle_right_joint", "root_joint/pelvis_joint/hip_right_joint/knee_right_joint/footAnkle_right_joint/footBall_right_joint", "root_joint/pelvis_joint/hip_right_joint/knee_right_joint/footAnkle_right_joint/footBall_right_joint/footToe_right_joint", "root_joint/pelvis_joint/hip_right_joint/knee_right_joint/footAnkle_right_joint/footAnkle_partial_right_joint", "root_joint/pelvis_joint/hip_right_joint/knee_right_joint/footAnkle_right_joint/foot_r_socket", "root_joint/pelvis_joint/hip_right_joint/knee_right_joint/knee_partial_right_joint", "root_joint/pelvis_joint/hip_right_joint/knee_right_joint/legLower_twist_01_right_joint", "root_joint/pelvis_joint/hip_right_joint/knee_right_joint/legLower_twist_02_right_joint", "root_joint/pelvis_joint/hip_right_joint/knee_right_joint/legLower_twist_03_right_joint", "root_joint/pelvis_joint/hip_right_joint/legUpper_twist_01_right_joint", "root_joint/pelvis_joint/hip_right_joint/legUpper_twist_02_right_joint", "root_joint/pelvis_joint/hip_right_joint/legUpper_twist_03_right_joint", "root_joint/pelvis_joint/hip_l_front_socket", "root_joint/pelvis_joint/hip_l_back_socket", "root_joint/pelvis_joint/hip_r_front_socket", "root_joint/pelvis_joint/hip_r_back_socket"]
        uniform matrix4d[] restTransforms = [( (1, 0, 0.00004494563472690061, 0), (0, 1, 0, 0), (-0.00004494563472690061, 0, 1, 0), (-0.3614256978034973, 0, 1.581166386604309, 1) ), ( (-0.00007581710815429688, 0.9999998807907104, -0.000018596649169921875, 0), (-2.980404190111585e-8, 0.000018715858459472656, 0.9999998807907104, 0), (0.9999998807907104, 0.00007590651512145996, 1.1920928955078125e-7, 0), (-2.9802322387695312e-8, 86.47123718261719, 1.9373458623886108, 1) ), ( (0.9999650120735168, 0.008364632725715637, -0.000029900334993726574, 0), (-0.008364632725715637, 0.9999650120735168, -0.0000012935189488416654, 0), (0.00002988846790685784, 0.0000015435817886100267, 1, 0), (1.7976608276367188, 2.384185791015625e-7, 2.9802322387695312e-8, 1) ), ( (0.9994232058525085, 0.03395961597561836, -0.00005252805567579344, 0), (-0.03395961970090866, 0.9994232654571533, -0.000038824615330668166, 0), (0.000051179300498915836, 0.00004058605190948583, 1, 0), (12.76263427734375, -2.384185791015625e-7, 2.9802322387695312e-8, 1) ), ( (0.999869704246521, 0.016145523637533188, -0.00005608065475826152, 0), (-0.016145534813404083, 0.9998695850372314, -0.00015533645637333393, 0), (0.000053565345297101885, 0.00015622162027284503, 1, 0), (10.714675903320312, -0.0000011324882507324219, -5.960464477539063e-8, 1) ), ( (0.9999995827674866, 0.001000729389488697, -0.000026466470444574952, 0), (-0.0010007242672145367, 0.9999996423721313, -0.00005326252357917838, 0), (0.000026413188606966287, 0.00005328902989276685, 1, 0), (12.472297668457031, 0.0000011920928955078125, 5.960464477539063e-8, 1) ), ( (-0.170509934425354, -0.2597329020500183, 0.9505079388618469, 0), (-0.0348726361989975, 0.9656202793121338, 0.2576068341732025, 0), (-0.9847385883331299, 0.010777785442769527, -0.17370547354221344, 0), (14.284538269042969, 0.890539288520813, 5.60552453994751, 1) ), ( (0.9566007852554321, 0.25720104575157166, -0.13697722554206848, 0), (-0.25564783811569214, 0.9663313031196594, 0.029118716716766357, 0), (0.13985472917556763, 0.007162917405366898, 0.9901463389396667, 0), (22.182527542114258, 0.000002384185791015625, 0.0000152587890625, 1) ), ( (0.9999684691429138, -0.007917224429547787, 5.6521290758837495e-8, 0), (0.007917279377579689, 0.9999687075614929, 1.6031464156185393e-8, 0), (-1.786245107382456e-8, -1.1030579116777517e-8, 0.9999998211860657, 0), (47.043819427490234, 0.0000019073486328125, -0.000030517578125, 1) ), ( (1.000000238418579, -1.5373389672390658e-8, 6.914206096553244e-8, 0), (-1.212576528075715e-8, 0.9999999403953552, -6.22733864474867e-9, 0), (-8.91540210545827e-8, 1.743422473055034e-8, 1.0000001192092896, 0), (0.00000762939453125, 9.5367431640625e-7, 0, 1) ), ( (1.000000238418579, -1.5373389672390658e-8, 6.914206096553244e-8, 0), (-1.212576528075715e-8, 0.9999999403953552, -6.22733864474867e-9, 0), (-8.91540210545827e-8, 1.743422473055034e-8, 1.0000001192092896, 0), (13.0299072265625, -9.5367431640625e-7, 0.0000152587890625, 1) ), ( (1.000000238418579, -1.5373389672390658e-8, 6.914206096553244e-8, 0), (-1.212576528075715e-8, 0.9999999403953552, -6.22733864474867e-9, 0), (-8.91540210545827e-8, 1.743422473055034e-8, 1.0000001192092896, 0), (26.829811096191406, -0.0000019073486328125, 0, 1) ), ( (1.000000238418579, -1.5373389672390658e-8, 6.914206096553244e-8, 0), (-1.212576528075715e-8, 0.9999999403953552, -6.22733864474867e-9, 0), (-8.91540210545827e-8, 1.743422473055034e-8, 1.0000001192092896, 0), (43.92753601074219, -9.5367431640625e-7, 0, 1) ), ( (0.9991081357002258, -0.02366766706109047, -0.03497237712144852, 0), (0.034962549805641174, -0.000827891519293189, 0.9993885159492493, 0), (-0.023682106286287308, -0.9997196197509766, 3.725151032085705e-7, 0), (43.92753601074219, -9.5367431640625e-7, 0, 1) ), ( (0.9791542887687683, 0.11641571670770645, -0.1664460301399231, 0), (-0.11924466490745544, 0.9928395748138428, -0.007070031948387623, 0), (0.1644311249256134, 0.02677045576274395, 0.9860252737998962, 0), (5.181610107421875, 1.18701171875, -2.2014970779418945, 1) ), ( (0.9978152513504028, 0.010307534597814083, 0.06525591760873795, 0), (-0.017412152141332626, 0.9938609600067139, 0.10926029831171036, 0), (-0.06372912228107452, -0.11015787720680237, 0.991868793964386, 0), (12.418060302734375, -0.99908447265625, 0.15168380737304688, 1) ), ( (0.9990975260734558, 0.04065927118062973, 0.012302407063543797, 0), (-0.03996555879712105, 0.9978373050689697, -0.052177805453538895, 0), (-0.01439721416682005, 0.051639046519994736, 0.9985618591308594, 0), (7.304283142089844, -0.0000152587890625, 0.0000095367431640625, 1) ), ( (0.9915488958358765, -0.1171669065952301, 0.055698033422231674, 0), (0.11893469840288162, 0.9924627542495728, -0.02954915538430214, 0), (-0.05181608721613884, 0.035923875868320465, 0.9980105757713318, 0), (5.227943420410156, 0, -0.0000095367431640625, 1.0000001192092896) ), ( (0.9952194690704346, 0.09653501212596893, -0.014802752062678337, 0), (-0.09654590487480164, 0.995328426361084, -0.000021923338863416575, 0), (0.0147314528003335, 0.0014509203610941768, 0.9998903274536133, 0), (5.443183898925781, 0.821502685546875, -0.39444971084594727, 1) ), ( (0.9939330816268921, 0.08923254162073135, 0.06430137157440186, 0), (-0.08612824976444244, 0.9950518012046814, -0.04953734576702118, 0), (-0.06840353459119797, 0.043698690831661224, 0.9967005252838135, 0), (11.982215881347656, -1.127044677734375, 0.24840307235717773, 1) ), ( (0.9969033002853394, 0.07833052426576614, 0.00692745391279459, 0), (-0.0781521201133728, 0.9966740608215332, -0.023085003718733788, 0), (-0.008712721057236195, 0.022472109645605087, 0.9997092485427856, 0), (8.066207885742188, 0.0000457763671875, 0.000002384185791015625, 1) ), ( (0.9871730804443359, -0.15905724465847015, 0.013791684992611408, 0), (0.1596297025680542, 0.984843909740448, -0.06782670319080353, 0), (-0.0027942662127316, 0.06915825605392456, 0.9976019263267517, 0), (5.7226715087890625, 0, 0.00000286102294921875, 1) ), ( (1, 0.000004683743100031279, -0.0000028622584977711085, 0), (-0.000004659856131183915, 0.9999998807907104, -0.000022323656594380736, 0), (0.0000028355184440442827, 0.00002229600795544684, 0.9999998807907104, 0), (-0.12970733642578125, 0.1749267578125, -0.015215873718261719, 1) ), ( (0.9599374532699585, 0.09357524663209915, 0.2641282081604004, 0), (0.0226538497954607, 0.9135923981666565, -0.4059995412826538, 0), (-0.2792971432209015, 0.3957176208496094, 0.8748717308044434, 0), (5.063163757324219, 1.6106414794921875, 3.489778518676758, 1) ), ( (0.942836582660675, 0.02251841127872467, 0.33249345421791077, 0), (-0.07126253843307495, 0.988259494304657, 0.13514527678489685, 0), (-0.3255464434623718, -0.15111427009105682, 0.9333723783493042, 0), (10.005378723144531, 0.00016021728515625, -0.000335693359375, 1) ), ( (0.996401309967041, 0.008880731649696827, 0.08429520577192307, 0), (-0.002395763760432601, 0.9970499277114868, -0.07672315090894699, 0), (-0.08472810685634613, 0.07624506950378418, 0.9934824705123901, 0), (6.205879211425781, 0.0000152587890625, 0.00000762939453125, 1) ), ( (0.9949193000793457, -0.0220992062240839, -0.09822019189596176, 0), (0.02235095202922821, 0.9997490644454956, 0.0014619750436395407, 0), (0.09816329181194305, -0.0036498236004263163, 0.9951639175415039, 0), (4.61956787109375, -0.000030517578125, -0.00000762939453125, 1) ), ( (0.9845123887062073, 0.12775510549545288, 0.12005750834941864, 0), (-0.12940289080142975, 0.9915738105773926, 0.005998111329972744, 0), (-0.11827967315912247, -0.021441029384732246, 0.9927486777305603, 0), (5.3812408447265625, 1.0786590576171875, 1.4476032257080078, 1) ), ( (0.9670994877815247, 0.08561833947896957, 0.2395581752061844, 0), (-0.058678798377513885, 0.9913471341133118, -0.1174212098121643, 0), (-0.24753867089748383, 0.09950100630521774, 0.9637554287910461, 0), (11.08587646484375, -0.9381103515625, 0.24124860763549805, 1) ), ( (0.9956201910972595, 0.09348873049020767, -0.000350094836903736, 0), (-0.09329940378665924, 0.993350088596344, -0.06745702028274536, 0), (-0.0059585850685834885, 0.06719423830509186, 0.9977220892906189, 0), (7.4671630859375, -0.000030517578125, 0, 1) ), ( (0.9979982972145081, -0.024422133341431618, -0.05833939462900162, 0), (0.024059733375906944, 0.9996868371963501, -0.006906227674335241, 0), (0.05848966911435127, 0.005488809663802385, 0.9982729554176331, 0), (5.573921203613281, 0, -0.000019073486328125, 1) ), ( (0.8004496693611145, 0.13152772188186646, -0.5847914218902588, 0), (0.33024370670318604, 0.7174215912818909, 0.6133884191513062, 0), (0.5002195239067078, -0.6841102838516235, 0.5308237671852112, 0), (2.9250335693359375, 1.9339447021484375, -1.610715389251709, 1) ), ( (0.9847151041030884, 0.1706470251083374, -0.03485870733857155, 0), (-0.141401007771492, 0.9001228213310242, 0.4120490252971649, 0), (0.10169245302677155, -0.4008220136165619, 0.910494327545166, 0), (6.835655212402344, 0.000003814697265625, -0.0000152587890625, 1) ), ( (0.9890283346176147, 0.0757700577378273, 0.12681415677070618, 0), (-0.05142813175916672, 0.98134446144104, -0.1852528154850006, 0), (-0.13848519325256348, 0.1766986846923828, 0.9744740724563599, 0), (6.479103088378906, -0.000003814697265625, -0.0000152587890625, 1) ), ( (0.9715347290039062, -0.18255378305912018, -0.15098004043102264, 0), (0.2046390324831009, 0.9677905440330505, 0.1466432809829712, 0), (0.11934679746627808, -0.173365518450737, 0.9775993227958679, 0), (6.674224853515625, -0.0000019073486328125, 0.000030517578125, 1) ), ( (0.9994802474975586, -0.0020131494384258986, -0.03217265382409096, 0), (0.0005441614193841815, -0.9968515038490295, 0.07928634434938431, 0), (-0.03223106265068054, -0.07926243543624878, -0.9963326454162598, 0), (8.73760986328125, 5.335563659667969, -0.5520086288452148, 1) ), ( (0.9999998807907104, 7.121144562916015e-8, 2.1158184537739544e-8, 0), (-8.387808225762683e-10, 1, -5.957657478461442e-9, 0), (-8.304371634793029e-10, 3.824993655143771e-9, 0.9999998807907104, 0), (14.130779266357422, 0, -0.0000152587890625, 1) ), ( (0.9999998807907104, 7.121144562916015e-8, 2.1158184537739544e-8, 0), (-8.387808225762683e-10, 1, -5.957657478461442e-9, 0), (-8.304371634793029e-10, 3.824993655143771e-9, 0.9999998807907104, 0), (30.186607360839844, 9.5367431640625e-7, -0.000030517578125, 1) ), ( (0.9999998807907104, 7.121144562916015e-8, 2.1158184537739544e-8, 0), (-8.387808225762683e-10, 1, -5.957657478461442e-9, 0), (-8.304371634793029e-10, 3.824993655143771e-9, 0.9999998807907104, 0), (47.043819427490234, 0.0000019073486328125, -0.000030517578125, 1) ), ( (0.96712327003479, 0.25430750846862793, 0.000005807868092233548, 0), (-0.25430744886398315, 0.9671233296394348, 5.425384586033033e-8, 0), (-0.000005603169483947568, -0.0000015294772310880944, 1, 0), (18.10430145263672, -3.010082244873047, 0, 1) ), ( (1, -6.360875914879216e-8, -5.4296894091976355e-8, 0), (-8.058967182478227e-8, 1, 2.6280432052772085e-7, 0), (5.429703620052351e-8, -2.628556785566616e-7, 1, 0), (10.438140869140625, -0.00000762939453125, 5.960464477539063e-8, 1) ), ( (1, -6.360875914879216e-8, -5.4296894091976355e-8, 0), (-8.058967182478227e-8, 1, 0.000001820353986659029, 0), (5.4299388096978873e-8, -0.0000018203639911007485, 1, 0), (16.393936157226562, -0.000003814697265625, 2.9802322387695312e-8, 1) ), ( (0.9720259308815002, -0.23487380146980286, 0.000005473480996442959, 0), (0.23487362265586853, 0.9720258712768555, 9.339909752270614e-7, 0), (-0.000005539749054150889, 3.7770450944663025e-7, 1, 0), (16.393936157226562, -0.000003814697265625, 2.9802322387695312e-8, 1) ), ( (-0.0017046976136043668, -0.07132770866155624, 0.9974508285522461, 0), (0.9997135996818542, -0.023904135450720787, -2.6819708409675513e-7, 0), (0.023843906819820404, 0.9971657395362854, 0.07134867459535599, 0), (10.154327392578125, 10.497442245483398, -2.9802322387695312e-8, 1) ), ( (1.116281289625931e-9, 0.0698605477809906, 0.9975570440292358, 0), (0.9997273087501526, -0.023301783949136734, 0.0016315875109285116, 0), (0.023358618840575218, 0.9972848892211914, -0.06984186917543411, 0), (10.154342651367188, 10.497441291809082, -5.732405185699463, 1) ), ( (1, 2.302109836094246e-9, 7.48072626066687e-9, 0), (2.9052291683484555e-9, 1, 3.8618740205720314e-8, 0), (-4.069034886811096e-9, 6.719007572542068e-10, 0.9999998807907104, 0), (4.76837158203125e-7, 0.0000152587890625, -0.000003814697265625, 1) ), ( (-2.401014000952273e-7, -0.06986258924007416, 0.9975565671920776, 0), (0.9997270703315735, -0.023301301524043083, -0.001631587860174477, 0), (0.023358337581157684, 0.9972842335700989, 0.06984353065490723, 0), (10.154327392578125, 10.497442245483398, 5.73224401473999, 1) ), ( (1.0000001192092896, -1.5248695639513699e-9, -1.023416373868713e-8, 0), (9.923845079029547e-11, 1, -3.2217595258288156e-9, 0), (-1.5570870814940463e-8, -2.0856427696003266e-9, 1.000000238418579, 0), (0.000001430511474609375, -0.000030517578125, -0.0000019073486328125, 1) ), ( (-0.00021660415222868323, -8.340386159488844e-8, 1.0000001192092896, 0), (0.9968412518501282, -0.07941846549510956, 0.00021582393674179912, 0), (0.07941846549510956, 0.9968414306640625, 0.000017194688552990556, 0), (12.341888427734375, -0.00000667572021484375, -2.9802322387695312e-8, 1) ), ( (0.17050956189632416, 0.2597329020500183, 0.9505078196525574, 0), (0.03487270697951317, -0.965620219707489, 0.25760677456855774, 0), (0.9847385883331299, -0.010777645744383335, -0.1737051010131836, 0), (14.284172058105469, 0.8905390501022339, -5.605531215667725, 1) ), ( (0.9566009640693665, 0.25720110535621643, -0.1369771808385849, 0), (-0.25564777851104736, 0.9663313031196594, 0.029118727892637253, 0), (0.13985471427440643, 0.007162898313254118, 0.990146279335022, 0), (-22.182449340820312, 0.000010967254638671875, 0.00018310546875, 1) ), ( (0.9999682903289795, -0.007917206734418869, 9.699293812559517e-9, 0), (0.007917231880128384, 0.9999686479568481, 7.983533834021728e-9, 0), (-2.5744673948224772e-8, 3.61675134286088e-11, 0.9999999403953552, 0), (-47.04335021972656, 0.000030517578125, 0.0006256103515625, 1) ), ( (1.0000001192092896, -4.153776345106053e-8, 7.275183122601447e-8, 0), (1.2714803432345434e-8, 1, 1.5457388258255378e-8, 0), (-9.789228272438777e-8, -1.9562314435006556e-8, 0.9999998807907104, 0), (-0.00002288818359375, -0.0000057220458984375, -0.0000152587890625, 1) ), ( (1.0000001192092896, -4.153776345106053e-8, 7.275183122601447e-8, 0), (1.2714803432345434e-8, 1, 1.5457388258255378e-8, 0), (-9.789228272438777e-8, -1.9562314435006556e-8, 0.9999998807907104, 0), (-13.030441284179688, 0.00001430511474609375, -0.000518798828125, 1) ), ( (1.0000001192092896, -4.153776345106053e-8, 7.275183122601447e-8, 0), (1.2714803432345434e-8, 1, 1.5457388258255378e-8, 0), (-9.789228272438777e-8, -1.9562314435006556e-8, 0.9999998807907104, 0), (-26.829681396484375, -0.00001621246337890625, 0.00006103515625, 1) ), ( (1.0000001192092896, -4.153776345106053e-8, 7.275183122601447e-8, 0), (1.2714803432345434e-8, 1, 1.5457388258255378e-8, 0), (-9.789228272438777e-8, -1.9562314435006556e-8, 0.9999998807907104, 0), (-43.92754364013672, -0.000011444091796875, -0.0001220703125, 1) ), ( (0.9991081953048706, -0.023667650297284126, -0.03497236222028732, 0), (0.034962546080350876, -0.0008279089815914631, 0.9993883371353149, 0), (-0.023682110011577606, -0.9997196197509766, 3.759840581096796e-7, 0), (-43.92754364013672, -0.000011444091796875, -0.0001220703125, 1) ), ( (0.9791542887687683, 0.11641574651002884, -0.1664460152387619, 0), (-0.11924467235803604, 0.9928395748138428, -0.00707005662843585, 0), (0.16443109512329102, 0.026770468801259995, 0.9860252737998962, 0), (-5.181884765625, -1.187347412109375, 2.201493740081787, 1) ), ( (0.9978153705596924, 0.010307524353265762, 0.06525590270757675, 0), (-0.017412109300494194, 0.9938610196113586, 0.10926032066345215, 0), (-0.06372911483049393, -0.11015790700912476, 0.9918688535690308, 0), (-12.418052673339844, 0.999053955078125, -0.1516895294189453, 1) ), ( (0.9990973472595215, 0.04065920412540436, 0.012302404269576073, 0), (-0.03996553272008896, 0.9978374242782593, -0.052177753299474716, 0), (-0.014397203922271729, 0.051639098674058914, 0.9985620379447937, 0), (-7.304267883300781, 0.00006103515625, -0.0000057220458984375, 1) ), ( (0.9915490746498108, -0.11716686189174652, 0.05569805949926376, 0), (0.11893466860055923, 0.992462694644928, -0.029549237340688705, 0), (-0.05181612819433212, 0.03592383489012718, 0.9980103373527527, 0), (-5.228034973144531, -0.00006103515625, -0.000003814697265625, 1) ), ( (0.9952195882797241, 0.09653501212596893, -0.014802750200033188, 0), (-0.09654587507247925, 0.995328426361084, -0.000021920795916230418, 0), (0.014731467701494694, 0.0014509602915495634, 0.9998904466629028, 0), (-5.443565368652344, -0.8217620849609375, 0.39443254470825195, 1) ), ( (0.9939327836036682, 0.08923256397247314, 0.06430135667324066, 0), (-0.08612821996212006, 0.9950518608093262, -0.04953737556934357, 0), (-0.06840353459119797, 0.04369865357875824, 0.9967002868652344, 0), (-11.982124328613281, 1.12701416015625, -0.2483987808227539, 0.9999999403953552) ), ( (0.996903657913208, 0.07833060622215271, 0.006927488837391138, 0), (-0.07815217971801758, 0.9966741800308228, -0.023084986954927444, 0), (-0.008712690323591232, 0.022472107782959938, 0.9997093677520752, 0), (-8.06622314453125, -0.0000152587890625, 9.5367431640625e-7, 1) ), ( (0.9871727228164673, -0.1590574085712433, 0.013791690580546856, 0), (0.1596297174692154, 0.984843909740448, -0.06782672554254532, 0), (-0.0027942790184170008, 0.06915823370218277, 0.9976020455360413, 0), (-5.7226715087890625, -0.000030517578125, -0.00000667572021484375, 1) ), ( (1, -2.1162323093903979e-7, -8.113113736385458e-9, 0), (2.3234855461851112e-7, 0.9999998807907104, 0.000022939979317015968, 0), (-3.5425493649654527e-9, -0.000022939884729566984, 1.0000001192092896, 0), (0.12975311279296875, -0.174957275390625, 0.015217781066894531, 1) ), ( (0.959937572479248, 0.09357527643442154, 0.2641282379627228, 0), (0.022653853520751, 0.9135923981666565, -0.4059996008872986, 0), (-0.2792970836162567, 0.39571771025657654, 0.8748717308044434, 0), (-5.0634765625, -1.6109161376953125, -3.489790916442871, 1) ), ( (0.9428367018699646, 0.022518347948789597, 0.33249345421791077, 0), (-0.07126256078481674, 0.9882597923278809, 0.13514524698257446, 0), (-0.3255465030670166, -0.15111438930034637, 0.9333724975585938, 0), (-10.005386352539062, -0.00014495849609375, 0.00034332275390625, 1) ), ( (0.9964011311531067, 0.00888084340840578, 0.08429522067308426, 0), (-0.0023956706281751394, 0.9970495104789734, -0.07672295719385147, 0), (-0.08472791314125061, 0.07624504715204239, 0.9934825897216797, 0), (-6.205909729003906, -0.0000457763671875, -0.000030517578125, 1) ), ( (0.99491947889328, -0.02209940180182457, -0.0982198566198349, 0), (0.0223508533090353, 0.9997493028640747, 0.0014618521090596914, 0), (0.09816299378871918, -0.003649746300652623, 0.9951637983322144, 0), (-4.6195068359375, -0.0000457763671875, -0.00000762939453125, 1) ), ( (0.9845126271247864, 0.12775513529777527, 0.12005754560232162, 0), (-0.12940286099910736, 0.9915739893913269, 0.0059980968944728374, 0), (-0.11827965080738068, -0.021441001445055008, 0.9927488565444946, 0), (-5.3815765380859375, -1.079010009765625, -1.4476165771484375, 1) ), ( (0.967099130153656, 0.08561831712722778, 0.239558145403862, 0), (-0.05867888405919075, 0.9913468360900879, -0.11742118746042252, 0), (-0.24753861129283905, 0.09950094670057297, 0.9637552499771118, 0), (-11.085914611816406, 0.9380645751953125, -0.24124526977539062, 1) ), ( (0.9956204295158386, 0.09348870068788528, -0.0003502058971207589, 0), (-0.09329919517040253, 0.9933505058288574, -0.06745702773332596, 0), (-0.0059586563147604465, 0.06719426810741425, 0.9977222681045532, 0), (-7.467132568359375, 0.0000457763671875, -0.000003814697265625, 1) ), ( (0.9979979991912842, -0.024422086775302887, -0.05833916366100311, 0), (0.024059560149908066, 0.9996864795684814, -0.006906301248818636, 0), (0.058489616960287094, 0.00548884691670537, 0.9982727766036987, 0), (-5.5738372802734375, 0.0000457763671875, 0.000003814697265625, 1.0000001192092896) ), ( (0.800449550151825, 0.13152769207954407, -0.5847914814949036, 0), (0.33024367690086365, 0.7174216508865356, 0.6133885383605957, 0), (0.5002195239067078, -0.6841101050376892, 0.5308237075805664, 0), (-2.925323486328125, -1.9342193603515625, 1.6107001304626465, 1) ), ( (0.9847155213356018, 0.17064714431762695, -0.03485861048102379, 0), (-0.14140093326568604, 0.9001226425170898, 0.41204923391342163, 0), (0.10169237852096558, -0.40082213282585144, 0.9104947447776794, 0), (-6.83575439453125, -0.00009918212890625, 0.000091552734375, 1) ), ( (0.9890281558036804, 0.07576996833086014, 0.12681405246257782, 0), (-0.05142820253968239, 0.9813444018363953, -0.1852530539035797, 0), (-0.13848528265953064, 0.1766987144947052, 0.974473774433136, 0), (-6.4790496826171875, 0.0000057220458984375, 0, 1) ), ( (0.9715344905853271, -0.18255379796028137, -0.1509801298379898, 0), (0.20463907718658447, 0.9677907228469849, 0.14664342999458313, 0), (0.11934693157672882, -0.17336566746234894, 0.9775997400283813, 0), (-6.674247741699219, -0.000041961669921875, -0.0001220703125, 1) ), ( (0.9994608759880066, -0.0025126838590949774, -0.032735854387283325, 0), (-0.00009130574471782893, 0.9968506693840027, -0.07930123060941696, 0), (0.03283200412988663, 0.07926128059625626, 0.9963132739067078, 0), (-8.740036010742188, -5.0073089599609375, 0.5259494781494141, 1) ), ( (0.9999997615814209, 8.74737153822025e-8, -1.5505403183624367e-8, 0), (-4.755785809607005e-8, 1, -1.706828989256337e-8, 0), (-1.0873956846069177e-8, 7.463949458497154e-9, 0.9999999403953552, 0), (-14.130193710327148, 0.000026702880859375, 0.0005340576171875, 1) ), ( (0.9999997615814209, 8.74737153822025e-8, -1.5505403183624367e-8, 0), (-4.755785809607005e-8, 1, -1.706828989256337e-8, 0), (-1.0873956846069177e-8, 7.463949458497154e-9, 0.9999999403953552, 0), (-30.186670303344727, 0.00000476837158203125, 0.000091552734375, 1) ), ( (0.9999997615814209, 8.74737153822025e-8, -1.5505403183624367e-8, 0), (-4.755785809607005e-8, 1, -1.706828989256337e-8, 0), (-1.0873956846069177e-8, 7.463949458497154e-9, 0.9999999403953552, 0), (-47.04335021972656, 0.000030517578125, 0.0006256103515625, 1) ), ( (-0.00022720434935763478, -8.534320272701734e-8, 1.000000238418579, 0), (0.9982327818870544, -0.059424255043268204, 0.0002267083036713302, 0), (0.05942414700984955, 0.9982329607009888, 0.000013495801795215812, 0), (-0.00002288818359375, -30.156112670898438, -2.9802322387695312e-8, 1) ), ( (-0.9987316727638245, 0.05023497715592384, 0.0034862433094531298, 0), (-0.05023466795682907, -0.9987376928329468, 0.0001753527030814439, 0), (0.0034906500950455666, -1.9115828711613325e-12, 0.9999939799308777, 0), (-12.285163879394531, -1.6823325157165527, 16.859004974365234, 1) ), ( (0.9977538585662842, 0.06698527187108994, 1.4856965657727983e-9, 0), (-0.06698526442050934, 0.9977539777755737, -1.8908395682526447e-10, 0), (-1.7319972123175376e-9, 5.783609702270098e-11, 0.9999998807907104, 0), (35.783836364746094, 0, 0.0000019073486328125, 1) ), ( (0.9944276213645935, -0.060711488127708435, 0.08618615567684174, 0), (-0.06830032169818878, -0.9937742948532104, 0.08802122622728348, 0), (0.08030568063259125, -0.09341726452112198, -0.9923832416534424, 0), (28.39466094970703, 0.000002384185791015625, -0.0000057220458984375, 1) ), ( (0.0000020794386728084646, 0.9999998211860657, -0.0000010451445859871455, 0), (0.9999998211860657, -0.0000020216452867316548, -5.6853930452405166e-9, 0), (-1.5162191502327005e-8, -0.0000010438295703352196, -0.9999998807907104, 0), (7.416848182678223, 19.936969757080078, -0.00000762939453125, 1) ), ( (1.0000001192092896, 8.828896724821789e-9, 0.0000010337964795326116, 0), (-7.114358879789506e-9, 0.9999999403953552, -3.0522747351824364e-7, 0), (-0.0000010380522326158825, 2.950146438251977e-7, 1.0000001192092896, 0), (5.268686294555664, -0.000005543231964111328, -0.000003814697265625, 1) ), ( (0.9999971389770508, -0.00234408350661397, 0.0000023836755644879304, 0), (0.002344080712646246, 0.9999972581863403, 4.322193660755147e-7, 0), (-0.0000023663560568820685, -4.158112574259576e-7, 0.9999998807907104, 0), (-0.0000152587890625, 4.76837158203125e-7, -0.0000019073486328125, 1) ), ( (0.08385579288005829, -0.03119587153196335, -0.9959894418716431, 0), (-0.9949911236763, 0.0519486740231514, -0.08539880812168121, 0), (0.05440454185009003, 0.9981622099876404, -0.02668333612382412, 0), (10.367950439453125, 9.620786666870117, 0.5715751647949219, 1) ), ( (0.9999958276748657, -0.00292377732694149, -0.0000012604281209860346, 0), (0.002923764754086733, 0.9999957084655762, 6.379821115842788e-7, 0), (0.0000012586843922690605, -6.41658687072777e-7, 1.0000001192092896, 0), (-0.000797271728515625, 0.000008821487426757812, 0.00000762939453125, 1) ), ( (1.0000001192092896, -2.170041701887726e-9, -0.000001537289335828973, 0), (-4.598600966687627e-8, 0.9995805025100708, -0.02896193228662014, 0), (0.000001537161892883887, 0.02896192856132984, 0.9995805621147156, 0), (12.501523971557617, 0.03831052780151367, 0.04764366149902344, 1) ), ( (1.0000001192092896, -2.170041701887726e-9, -0.000004035096480947686, 0), (-2.368843752265093e-7, 0.9983224272727966, -0.057899560779333115, 0), (0.000004027976956422208, 0.057899557054042816, 0.9983224868774414, 0), (20.448095321655273, 0.038312435150146484, 0.04764747619628906, 1) ), ( (1.0000001192092896, -2.170041701887726e-9, -0.000004817407443624688, 0), (-4.2277989109607006e-7, 0.9961501955986023, -0.08766301721334457, 0), (0.00000479913569506607, 0.08766300976276398, 0.9961502552032471, 0), (28.394657135009766, 0.03831601142883301, 0.04763984680175781, 1) ), ( (0.9999999403953552, -4.244891549376462e-9, -0.0000011499515721880016, 0), (6.973031041468403e-9, 1, 4.265333188868681e-7, 0), (0.0000011499167840156588, -4.2654210119508207e-7, 0.9999998807907104, 0), (5.349639892578125, -0.04239082336425781, 0.09531211853027344, 1) ), ( (0.9999998807907104, -4.244891549376462e-9, -0.0000029997906949574826, 0), (6.973031041468403e-9, 1, 2.1201686239979978e-12, 0), (0.000002999738626385806, -1.3405106885633344e-11, 0.9999998807907104, 0), (17.63885498046875, -0.04239034652709961, 0.09531593322753906, 1) ), ( (0.9999998807907104, -4.244891549376462e-9, -0.000002689893108254182, 0), (6.973031041468403e-9, 1, 0.0000012723052122964873, 0), (0.0000026898271698883036, -0.0000012723165809802595, 0.9999998807907104, 0), (33.35697555541992, -0.021200180053710938, 0.04765129089355469, 1) ), ( (0.9987313151359558, -0.05023497715592384, 0.0034862435422837734, 0), (0.05023467168211937, 0.9987374544143677, 0.00017535271763335913, 0), (-0.00349065032787621, -5.5340823069960354e-12, 0.9999939203262329, 0), (-12.285194396972656, -1.6823326349258423, -16.858999252319336, 1) ), ( (0.9977540373802185, 0.06698527932167053, 1.1663473520329148e-9, 0), (-0.06698528677225113, 0.9977540373802185, -1.2739882759849053e-10, 0), (-1.1005385491813513e-9, 8.488956065866304e-11, 1, 0), (-35.78383255004883, 9.5367431640625e-7, -0.000011444091796875, 1) ), ( (0.994427502155304, -0.06071147322654724, 0.08618616312742233, 0), (-0.06830032914876938, -0.9937742948532104, 0.08802123367786407, 0), (0.08030568063259125, -0.09341725707054138, -0.9923832416534424, 0), (-28.394622802734375, -0.0000035762786865234375, 0.000011444091796875, 1) ), ( (0.00000208108804145013, 0.9999998211860657, -0.0000010280292599418317, 0), (0.9999998807907104, -0.0000020151726403128123, 7.99362798176162e-9, 0), (2.0964474600759786e-10, -0.0000010484117183295893, -0.9999998807907104, 0), (-7.416851043701172, -19.936967849731445, 0.0000095367431640625, 1) ), ( (1.0000001192092896, 9.375140663792081e-9, -2.1127561922185123e-9, 0), (-5.119843216050413e-9, 1.0000001192092896, 3.432542428072338e-7, 0), (4.551201193692123e-9, -3.4690100392253953e-7, 1.0000001192092896, 0), (-5.268621444702148, -0.000027239322662353516, 0.00000762939453125, 1) ), ( (0.9999971389770508, -0.002344070468097925, 0.0000024048481463978533, 0), (0.0023440851364284754, 0.9999971985816956, 4.35968786405283e-7, 0), (-0.000002389165956628858, -4.1121711547020823e-7, 0.9999998807907104, 0), (0.00002193450927734375, -4.76837158203125e-7, 0.000003814697265625, 1) ), ( (0.08370839059352875, -0.031141221523284912, -0.9960033297538757, 0), (0.9950051307678223, -0.05193536356091499, 0.08524841070175171, 0), (-0.05438267067074776, -0.9981647729873657, 0.026638299226760864, 0), (-10.247200012207031, -9.627184867858887, -0.5602092742919922, 1) ), ( (0.9999956488609314, -0.0029237682465463877, -0.0000012608124961843714, 0), (0.002923771971836686, 0.9999956488609314, 6.383685899891134e-7, 0), (0.0000012585560398292728, -6.420452791644493e-7, 1, 0), (0.000804901123046875, -0.0000095367431640625, 0, 1) ), ( (0.9999999403953552, 6.372931515841174e-9, 2.5648472234962583e-9, 0), (2.746043836765466e-9, 0.999580442905426, -0.028961926698684692, 0), (-2.575697211071315e-9, 0.028961926698684692, 0.9995805025100708, 0), (-12.501480102539062, -0.03831219673156738, -0.047641754150390625, 1) ), ( (0.9999999403953552, -1.0766028069042477e-9, 3.3746018132663202e-12, 0), (7.780832866899345e-9, 0.9983223676681519, -0.057899557054042816, 0), (6.130027041528763e-11, 0.057899557054042816, 0.9983224272727966, 0), (-20.44804573059082, -0.03831338882446289, -0.047637939453125, 1) ), ( (0.9999999403953552, -1.0766028069042477e-9, 2.5645117140982165e-9, 0), (8.219226188543871e-9, 0.9961501359939575, -0.08766302466392517, 0), (-1.7245621597439253e-9, 0.08766301721334457, 0.9961501359939575, 0), (-28.39462661743164, -0.038317203521728516, -0.047634124755859375, 1) ), ( (1, -3.985888952229288e-9, -3.6421546334430843e-10, 0), (-1.0910383707596338e-11, 1.0000001192092896, 4.2670239963626955e-7, 0), (3.248098734420779e-10, -4.2669353206292726e-7, 1, 0), (-5.349678039550781, 0.042391300201416016, -0.09531593322753906, 1) ), ( (1, -3.985888952229288e-9, -3.6421546334430843e-10, 0), (-1.0910383707596338e-11, 1.0000001192092896, -3.411791682506049e-12, 0), (3.0175631438034145e-10, 1.2309229156792778e-11, 1, 0), (-17.638877868652344, 0.042391300201416016, -0.09531784057617188, 1) ), ( (1, -3.985888952229288e-9, -3.6421546334430843e-10, 0), (-1.0910383707596338e-11, 1.0000001192092896, 0.0000012723542113235453, 0), (2.1470394906408785e-10, -0.000001272358872483892, 1, 0), (-33.35697937011719, 0.02120065689086914, -0.04766082763671875, 1) ), ( (-0.00007590570021420717, -0.00004506626646616496, 1.0000001192092896, 0), (1.0000001192092896, 0.00001859664735093247, 0.00007581713725812733, 0), (-0.000018719279978540726, 1.0000001192092896, 0.00004497402915148996, 0), (0, 23.82225799560547, 21.97229766845703, 1) ), ( (-0.00007590570021420717, -0.00004506626646616496, 1.0000001192092896, 0), (1.0000001192092896, 0.00001859664735093247, 0.00007581713725812733, 0), (-0.000018719279978540726, 1.0000001192092896, 0.00004497402915148996, 0), (0.00000762939453125, -26.285018920898438, 14.877744674682617, 1) ), ( (-0.00007590570021420717, -0.00004506626646616496, 1.0000001192092896, 0), (1.0000001192092896, 0.00001859664735093247, 0.00007581713725812733, 0), (-0.000018719279978540726, 1.0000001192092896, 0.00004497402915148996, 0), (0.00000762939453125, 23.084423065185547, -21.291765213012695, 1) ), ( (-0.00007590570021420717, -0.00004506626646616496, 1.0000001192092896, 0), (1.0000001192092896, 0.00001859664735093247, 0.00007581713725812733, 0), (-0.000018719279978540726, 1.0000001192092896, 0.00004497402915148996, 0), (-0.0000152587890625, -26.170013427734375, -14.812650680541992, 1) )]
        rel skel:animationSource = </SkelRoot/Skeleton/Animation>

        def SkelAnimation "Animation"
        {
            uniform token[] joints = ["root_joint", "root_joint/pelvis_joint", "root_joint/pelvis_joint/spineLower_joint", "root_joint/pelvis_joint/spineLower_joint/spineMiddle_joint", "root_joint/pelvis_joint/spineLower_joint/spineMiddle_joint/spineUpper_joint", "root_joint/pelvis_joint/spineLower_joint/spineMiddle_joint/spineUpper_joint/chest_joint", "root_joint/pelvis_joint/spineLower_joint/spineMiddle_joint/spineUpper_joint/chest_joint/clavicle_left_joint", "root_joint/pelvis_joint/spineLower_joint/spineMiddle_joint/spineUpper_joint/chest_joint/clavicle_left_joint/shoulder_left_joint", "root_joint/pelvis_joint/spineLower_joint/spineMiddle_joint/spineUpper_joint/chest_joint/clavicle_left_joint/shoulder_left_joint/elbow_left_joint", "root_joint/pelvis_joint/spineLower_joint/spineMiddle_joint/spineUpper_joint/chest_joint/clavicle_left_joint/shoulder_left_joint/elbow_left_joint/elbow_partial_left_joint", "root_joint/pelvis_joint/spineLower_joint/spineMiddle_joint/spineUpper_joint/chest_joint/clavicle_left_joint/shoulder_left_joint/elbow_left_joint/armLower_twist_01_left_joint", "root_joint/pelvis_joint/spineLower_joint/spineMiddle_joint/spineUpper_joint/chest_joint/clavicle_left_joint/shoulder_left_joint/elbow_left_joint/armLower_twist_02_left_joint", "root_joint/pelvis_joint/spineLower_joint/spineMiddle_joint/spineUpper_joint/chest_joint/clavicle_left_joint/shoulder_left_joint/elbow_left_joint/armLower_twist_03_left_joint", "root_joint/pelvis_joint/spineLower_joint/spineMiddle_joint/spineUpper_joint/chest_joint/clavicle_left_joint/shoulder_left_joint/elbow_left_joint/handWrist_left_joint", "root_joint/pelvis_joint/spineLower_joint/spineMiddle_joint/spineUpper_joint/chest_joint/clavicle_left_joint/shoulder_left_joint/elbow_left_joint/handWrist_left_joint/handIndexMeta_left_joint", "root_joint/pelvis_joint/spineLower_joint/spineMiddle_joint/spineUpper_joint/chest_joint/clavicle_left_joint/shoulder_left_joint/elbow_left_joint/handWrist_left_joint/handIndexMeta_left_joint/handIndex_00_left_joint", "root_joint/pelvis_joint/spineLower_joint/spineMiddle_joint/spineUpper_joint/chest_joint/clavicle_left_joint/shoulder_left_joint/elbow_left_joint/handWrist_left_joint/handIndexMeta_left_joint/handIndex_00_left_joint/handIndex_01_left_joint", "root_joint/pelvis_joint/spineLower_joint/spineMiddle_joint/spineUpper_joint/chest_joint/clavicle_left_joint/shoulder_left_joint/elbow_left_joint/handWrist_left_joint/handIndexMeta_left_joint/handIndex_00_left_joint/handIndex_01_left_joint/handIndex_02_left_joint", "root_joint/pelvis_joint/spineLower_joint/spineMiddle_joint/spineUpper_joint/chest_joint/clavicle_left_joint/shoulder_left_joint/elbow_left_joint/handWrist_left_joint/handMiddleMeta_left_joint", "root_joint/pelvis_joint/spineLower_joint/spineMiddle_joint/spineUpper_joint/chest_joint/clavicle_left_joint/shoulder_left_joint/elbow_left_joint/handWrist_left_joint/handMiddleMeta_left_joint/handMiddle_00_left_joint", "root_joint/pelvis_joint/spineLower_joint/spineMiddle_joint/spineUpper_joint/chest_joint/clavicle_left_joint/shoulder_left_joint/elbow_left_joint/handWrist_left_joint/handMiddleMeta_left_joint/handMiddle_00_left_joint/handMiddle_01_left_joint", "root_joint/pelvis_joint/spineLower_joint/spineMiddle_joint/spineUpper_joint/chest_joint/clavicle_left_joint/shoulder_left_joint/elbow_left_joint/handWrist_left_joint/handMiddleMeta_left_joint/handMiddle_00_left_joint/handMiddle_01_left_joint/handMiddle_02_left_joint", "root_joint/pelvis_joint/spineLower_joint/spineMiddle_joint/spineUpper_joint/chest_joint/clavicle_left_joint/shoulder_left_joint/elbow_left_joint/handWrist_left_joint/handWrist_partial_left_joint", "root_joint/pelvis_joint/spineLower_joint/spineMiddle_joint/spineUpper_joint/chest_joint/clavicle_left_joint/shoulder_left_joint/elbow_left_joint/handWrist_left_joint/handPinkyMeta_left_joint", "root_joint/pelvis_joint/spineLower_joint/spineMiddle_joint/spineUpper_joint/chest_joint/clavicle_left_joint/shoulder_left_joint/elbow_left_joint/handWrist_left_joint/handPinkyMeta_left_joint/handPinky_00_left_joint", "root_joint/pelvis_joint/spineLower_joint/spineMiddle_joint/spineUpper_joint/chest_joint/clavicle_left_joint/shoulder_left_joint/elbow_left_joint/handWrist_left_joint/handPinkyMeta_left_joint/handPinky_00_left_joint/handPinky_01_left_joint", "root_joint/pelvis_joint/spineLower_joint/spineMiddle_joint/spineUpper_joint/chest_joint/clavicle_left_joint/shoulder_left_joint/elbow_left_joint/handWrist_left_joint/handPinkyMeta_left_joint/handPinky_00_left_joint/handPinky_01_left_joint/handPinky_02_left_joint", "root_joint/pelvis_joint/spineLower_joint/spineMiddle_joint/spineUpper_joint/chest_joint/clavicle_left_joint/shoulder_left_joint/elbow_left_joint/handWrist_left_joint/handRingMeta_left_joint", "root_joint/pelvis_joint/spineLower_joint/spineMiddle_joint/spineUpper_joint/chest_joint/clavicle_left_joint/shoulder_left_joint/elbow_left_joint/handWrist_left_joint/handRingMeta_left_joint/handRing_00_left_joint", "root_joint/pelvis_joint/spineLower_joint/spineMiddle_joint/spineUpper_joint/chest_joint/clavicle_left_joint/shoulder_left_joint/elbow_left_joint/handWrist_left_joint/handRingMeta_left_joint/handRing_00_left_joint/handRing_01_left_joint", "root_joint/pelvis_joint/spineLower_joint/spineMiddle_joint/spineUpper_joint/chest_joint/clavicle_left_joint/shoulder_left_joint/elbow_left_joint/handWrist_left_joint/handRingMeta_left_joint/handRing_00_left_joint/handRing_01_left_joint/handRing_02_left_joint", "root_joint/pelvis_joint/spineLower_joint/spineMiddle_joint/spineUpper_joint/chest_joint/clavicle_left_joint/shoulder_left_joint/elbow_left_joint/handWrist_left_joint/handThumbMeta_left_joint", "root_joint/pelvis_joint/spineLower_joint/spineMiddle_joint/spineUpper_joint/chest_joint/clavicle_left_joint/shoulder_left_joint/elbow_left_joint/handWrist_left_joint/handThumbMeta_left_joint/handThumb_00_left_joint", "root_joint/pelvis_joint/spineLower_joint/spineMiddle_joint/spineUpper_joint/chest_joint/clavicle_left_joint/shoulder_left_joint/elbow_left_joint/handWrist_left_joint/handThumbMeta_left_joint/handThumb_00_left_joint/handThumb_01_left_joint", "root_joint/pelvis_joint/spineLower_joint/spineMiddle_joint/spineUpper_joint/chest_joint/clavicle_left_joint/shoulder_left_joint/elbow_left_joint/handWrist_left_joint/handThumbMeta_left_joint/handThumb_00_left_joint/handThumb_01_left_joint/handThumb_02_left_joint", "root_joint/pelvis_joint/spineLower_joint/spineMiddle_joint/spineUpper_joint/chest_joint/clavicle_left_joint/shoulder_left_joint/elbow_left_joint/handWrist_left_joint/hand_l_socket", "root_joint/pelvis_joint/spineLower_joint/spineMiddle_joint/spineUpper_joint/chest_joint/clavicle_left_joint/shoulder_left_joint/armUpper_twist_01_left_joint", "root_joint/pelvis_joint/spineLower_joint/spineMiddle_joint/spineUpper_joint/chest_joint/clavicle_left_joint/shoulder_left_joint/armUpper_twist_02_left_joint", "root_joint/pelvis_joint/spineLower_joint/spineMiddle_joint/spineUpper_joint/chest_joint/clavicle_left_joint/shoulder_left_joint/armUpper_twist_03_left_joint", "root_joint/pelvis_joint/spineLower_joint/spineMiddle_joint/spineUpper_joint/chest_joint/neck_joint", "root_joint/pelvis_joint/spineLower_joint/spineMiddle_joint/spineUpper_joint/chest_joint/neck_joint/neck_twist_01_joint", "root_joint/pelvis_joint/spineLower_joint/spineMiddle_joint/spineUpper_joint/chest_joint/neck_joint/neck_twist_02_joint", "root_joint/pelvis_joint/spineLower_joint/spineMiddle_joint/spineUpper_joint/chest_joint/neck_joint/head_joint", "root_joint/pelvis_joint/spineLower_joint/spineMiddle_joint/spineUpper_joint/chest_joint/neck_joint/head_joint/head_tracker_target", "root_joint/pelvis_joint/spineLower_joint/spineMiddle_joint/spineUpper_joint/chest_joint/neck_joint/head_joint/eye_offset_right_joint", "root_joint/pelvis_joint/spineLower_joint/spineMiddle_joint/spineUpper_joint/chest_joint/neck_joint/head_joint/eye_offset_right_joint/eye_right_joint", "root_joint/pelvis_joint/spineLower_joint/spineMiddle_joint/spineUpper_joint/chest_joint/neck_joint/head_joint/eye_offset_left_joint", "root_joint/pelvis_joint/spineLower_joint/spineMiddle_joint/spineUpper_joint/chest_joint/neck_joint/head_joint/eye_offset_left_joint/eye_left_joint", "root_joint/pelvis_joint/spineLower_joint/spineMiddle_joint/spineUpper_joint/chest_joint/neck_joint/head_joint/head_socket", "root_joint/pelvis_joint/spineLower_joint/spineMiddle_joint/spineUpper_joint/chest_joint/clavicle_right_joint", "root_joint/pelvis_joint/spineLower_joint/spineMiddle_joint/spineUpper_joint/chest_joint/clavicle_right_joint/shoulder_right_joint", "root_joint/pelvis_joint/spineLower_joint/spineMiddle_joint/spineUpper_joint/chest_joint/clavicle_right_joint/shoulder_right_joint/elbow_right_joint", "root_joint/pelvis_joint/spineLower_joint/spineMiddle_joint/spineUpper_joint/chest_joint/clavicle_right_joint/shoulder_right_joint/elbow_right_joint/elbow_partial_right_joint", "root_joint/pelvis_joint/spineLower_joint/spineMiddle_joint/spineUpper_joint/chest_joint/clavicle_right_joint/shoulder_right_joint/elbow_right_joint/armLower_twist_01_right_joint", "root_joint/pelvis_joint/spineLower_joint/spineMiddle_joint/spineUpper_joint/chest_joint/clavicle_right_joint/shoulder_right_joint/elbow_right_joint/armLower_twist_02_right_joint", "root_joint/pelvis_joint/spineLower_joint/spineMiddle_joint/spineUpper_joint/chest_joint/clavicle_right_joint/shoulder_right_joint/elbow_right_joint/armLower_twist_03_right_joint", "root_joint/pelvis_joint/spineLower_joint/spineMiddle_joint/spineUpper_joint/chest_joint/clavicle_right_joint/shoulder_right_joint/elbow_right_joint/handWrist_right_joint", "root_joint/pelvis_joint/spineLower_joint/spineMiddle_joint/spineUpper_joint/chest_joint/clavicle_right_joint/shoulder_right_joint/elbow_right_joint/handWrist_right_joint/handIndexMeta_right_joint", "root_joint/pelvis_joint/spineLower_joint/spineMiddle_joint/spineUpper_joint/chest_joint/clavicle_right_joint/shoulder_right_joint/elbow_right_joint/handWrist_right_joint/handIndexMeta_right_joint/handIndex_00_right_joint", "root_joint/pelvis_joint/spineLower_joint/spineMiddle_joint/spineUpper_joint/chest_joint/clavicle_right_joint/shoulder_right_joint/elbow_right_joint/handWrist_right_joint/handIndexMeta_right_joint/handIndex_00_right_joint/handIndex_01_right_joint", "root_joint/pelvis_joint/spineLower_joint/spineMiddle_joint/spineUpper_joint/chest_joint/clavicle_right_joint/shoulder_right_joint/elbow_right_joint/handWrist_right_joint/handIndexMeta_right_joint/handIndex_00_right_joint/handIndex_01_right_joint/handIndex_02_right_joint", "root_joint/pelvis_joint/spineLower_joint/spineMiddle_joint/spineUpper_joint/chest_joint/clavicle_right_joint/shoulder_right_joint/elbow_right_joint/handWrist_right_joint/handMiddleMeta_right_joint", "root_joint/pelvis_joint/spineLower_joint/spineMiddle_joint/spineUpper_joint/chest_joint/clavicle_right_joint/shoulder_right_joint/elbow_right_joint/handWrist_right_joint/handMiddleMeta_right_joint/handMiddle_00_right_joint", "root_joint/pelvis_joint/spineLower_joint/spineMiddle_joint/spineUpper_joint/chest_joint/clavicle_right_joint/shoulder_right_joint/elbow_right_joint/handWrist_right_joint/handMiddleMeta_right_joint/handMiddle_00_right_joint/handMiddle_01_right_joint", "root_joint/pelvis_joint/spineLower_joint/spineMiddle_joint/spineUpper_joint/chest_joint/clavicle_right_joint/shoulder_right_joint/elbow_right_joint/handWrist_right_joint/handMiddleMeta_right_joint/handMiddle_00_right_joint/handMiddle_01_right_joint/handMiddle_02_right_joint", "root_joint/pelvis_joint/spineLower_joint/spineMiddle_joint/spineUpper_joint/chest_joint/clavicle_right_joint/shoulder_right_joint/elbow_right_joint/handWrist_right_joint/handWrist_partial_right_joint", "root_joint/pelvis_joint/spineLower_joint/spineMiddle_joint/spineUpper_joint/chest_joint/clavicle_right_joint/shoulder_right_joint/elbow_right_joint/handWrist_right_joint/handPinkyMeta_right_joint", "root_joint/pelvis_joint/spineLower_joint/spineMiddle_joint/spineUpper_joint/chest_joint/clavicle_right_joint/shoulder_right_joint/elbow_right_joint/handWrist_right_joint/handPinkyMeta_right_joint/handPinky_00_right_joint", "root_joint/pelvis_joint/spineLower_joint/spineMiddle_joint/spineUpper_joint/chest_joint/clavicle_right_joint/shoulder_right_joint/elbow_right_joint/handWrist_right_joint/handPinkyMeta_right_joint/handPinky_00_right_joint/handPinky_01_right_joint", "root_joint/pelvis_joint/spineLower_joint/spineMiddle_joint/spineUpper_joint/chest_joint/clavicle_right_joint/shoulder_right_joint/elbow_right_joint/handWrist_right_joint/handPinkyMeta_right_joint/handPinky_00_right_joint/handPinky_01_right_joint/handPinky_02_right_joint", "root_joint/pelvis_joint/spineLower_joint/spineMiddle_joint/spineUpper_joint/chest_joint/clavicle_right_joint/shoulder_right_joint/elbow_right_joint/handWrist_right_joint/handRingMeta_right_joint", "root_joint/pelvis_joint/spineLower_joint/spineMiddle_joint/spineUpper_joint/chest_joint/clavicle_right_joint/shoulder_right_joint/elbow_right_joint/handWrist_right_joint/handRingMeta_right_joint/handRing_00_right_joint", "root_joint/pelvis_joint/spineLower_joint/spineMiddle_joint/spineUpper_joint/chest_joint/clavicle_right_joint/shoulder_right_joint/elbow_right_joint/handWrist_right_joint/handRingMeta_right_joint/handRing_00_right_joint/handRing_01_right_joint", "root_joint/pelvis_joint/spineLower_joint/spineMiddle_joint/spineUpper_joint/chest_joint/clavicle_right_joint/shoulder_right_joint/elbow_right_joint/handWrist_right_joint/handRingMeta_right_joint/handRing_00_right_joint/handRing_01_right_joint/handRing_02_right_joint", "root_joint/pelvis_joint/spineLower_joint/spineMiddle_joint/spineUpper_joint/chest_joint/clavicle_right_joint/shoulder_right_joint/elbow_right_joint/handWrist_right_joint/handThumbMeta_right_joint", "root_joint/pelvis_joint/spineLower_joint/spineMiddle_joint/spineUpper_joint/chest_joint/clavicle_right_joint/shoulder_right_joint/elbow_right_joint/handWrist_right_joint/handThumbMeta_right_joint/handThumb_00_right_joint", "root_joint/pelvis_joint/spineLower_joint/spineMiddle_joint/spineUpper_joint/chest_joint/clavicle_right_joint/shoulder_right_joint/elbow_right_joint/handWrist_right_joint/handThumbMeta_right_joint/handThumb_00_right_joint/handThumb_01_right_joint", "root_joint/pelvis_joint/spineLower_joint/spineMiddle_joint/spineUpper_joint/chest_joint/clavicle_right_joint/shoulder_right_joint/elbow_right_joint/handWrist_right_joint/handThumbMeta_right_joint/handThumb_00_right_joint/handThumb_01_right_joint/handThumb_02_right_joint", "root_joint/pelvis_joint/spineLower_joint/spineMiddle_joint/spineUpper_joint/chest_joint/clavicle_right_joint/shoulder_right_joint/elbow_right_joint/handWrist_right_joint/hand_r_socket", "root_joint/pelvis_joint/spineLower_joint/spineMiddle_joint/spineUpper_joint/chest_joint/clavicle_right_joint/shoulder_right_joint/armUpper_twist_01_right_joint", "root_joint/pelvis_joint/spineLower_joint/spineMiddle_joint/spineUpper_joint/chest_joint/clavicle_right_joint/shoulder_right_joint/armUpper_twist_02_right_joint", "root_joint/pelvis_joint/spineLower_joint/spineMiddle_joint/spineUpper_joint/chest_joint/clavicle_right_joint/shoulder_right_joint/armUpper_twist_03_right_joint", "root_joint/pelvis_joint/spineLower_joint/spineMiddle_joint/spineUpper_joint/chest_joint/back_socket", "root_joint/pelvis_joint/hip_left_joint", "root_joint/pelvis_joint/hip_left_joint/knee_left_joint", "root_joint/pelvis_joint/hip_left_joint/knee_left_joint/footAnkle_left_joint", "root_joint/pelvis_joint/hip_left_joint/knee_left_joint/footAnkle_left_joint/footBall_left_joint", "root_joint/pelvis_joint/hip_left_joint/knee_left_joint/footAnkle_left_joint/footBall_left_joint/footToe_left_joint", "root_joint/pelvis_joint/hip_left_joint/knee_left_joint/footAnkle_left_joint/footAnkle_partial_left_joint", "root_joint/pelvis_joint/hip_left_joint/knee_left_joint/footAnkle_left_joint/foot_l_socket", "root_joint/pelvis_joint/hip_left_joint/knee_left_joint/knee_partial_left_joint", "root_joint/pelvis_joint/hip_left_joint/knee_left_joint/legLower_twist_01_left_joint", "root_joint/pelvis_joint/hip_left_joint/knee_left_joint/legLower_twist_02_left_joint", "root_joint/pelvis_joint/hip_left_joint/knee_left_joint/legLower_twist_03_left_joint", "root_joint/pelvis_joint/hip_left_joint/legUpper_twist_01_left_joint", "root_joint/pelvis_joint/hip_left_joint/legUpper_twist_02_left_joint", "root_joint/pelvis_joint/hip_left_joint/legUpper_twist_03_left_joint", "root_joint/pelvis_joint/hip_right_joint", "root_joint/pelvis_joint/hip_right_joint/knee_right_joint", "root_joint/pelvis_joint/hip_right_joint/knee_right_joint/footAnkle_right_joint", "root_joint/pelvis_joint/hip_right_joint/knee_right_joint/footAnkle_right_joint/footBall_right_joint", "root_joint/pelvis_joint/hip_right_joint/knee_right_joint/footAnkle_right_joint/footBall_right_joint/footToe_right_joint", "root_joint/pelvis_joint/hip_right_joint/knee_right_joint/footAnkle_right_joint/footAnkle_partial_right_joint", "root_joint/pelvis_joint/hip_right_joint/knee_right_joint/footAnkle_right_joint/foot_r_socket", "root_joint/pelvis_joint/hip_right_joint/knee_right_joint/knee_partial_right_joint", "root_joint/pelvis_joint/hip_right_joint/knee_right_joint/legLower_twist_01_right_joint", "root_joint/pelvis_joint/hip_right_joint/knee_right_joint/legLower_twist_02_right_joint", "root_joint/pelvis_joint/hip_right_joint/knee_right_joint/legLower_twist_03_right_joint", "root_joint/pelvis_joint/hip_right_joint/legUpper_twist_01_right_joint", "root_joint/pelvis_joint/hip_right_joint/legUpper_twist_02_right_joint", "root_joint/pelvis_joint/hip_right_joint/legUpper_twist_03_right_joint", "root_joint/pelvis_joint/hip_l_front_socket", "root_joint/pelvis_joint/hip_l_back_socket", "root_joint/pelvis_joint/hip_r_front_socket", "root_joint/pelvis_joint/hip_r_back_socket"]
            quatf[] rotations.timeSamples = {
                0: [(1, 0.00003532641, 0.00010809579, 0.0000031116256), (0.51149684, 0.4851776, 0.46962202, 0.53144026), (0.99983144, 0.0008961012, -0.0025623657, 0.018158736), (0.9997268, -0.011650268, -0.0057706395, -0.019424662), (0.9998184, -0.011823555, -0.0016061896, -0.014864953), (0.9991627, -0.015662417, 0.00736762, -0.037074238), (0.6805332, 0.02554354, -0.7292729, -0.06620776), (0.885098, 0.10717021, -0.4488181, -0.060656443), (0.97108704, 0.11184874, -0.14845577, 0.14980558), (1.0000004, -9.685755e-8, -4.4703484e-8, -2.2351742e-8), (1.0000004, -9.685755e-8, -4.4703484e-8, -2.2351742e-8), (1.0000004, -9.685755e-8, -4.4703484e-8, -2.2351742e-8), (1.0000004, -9.685755e-8, -4.4703484e-8, -2.2351742e-8), (0.6331861, 0.769204, -0.028021296, -0.081341475), (0.99737835, 0.025442444, 0.06558141, -0.017019942), (0.91338897, -0.026009517, -0.048654985, 0.40333402), (0.9121422, -0.024288964, -0.017399788, 0.40878502), (-0.8901913, -0.007615555, 0.04976187, -0.45279855), (0.9994232, -0.020485668, 0.026979245, -0.0026455522), (0.8753373, -0.04651896, -0.065448895, 0.4768), (0.83798075, 0.019673884, -0.028178133, 0.5446174), (-0.85503936, -0.01802944, 0.04661397, -0.5161499), (1.0000008, -0.000011153519, 0.0000014202669, 0.0000023543835), (0.99560976, 0.013652924, -0.025769208, 0.08894995), (0.9366584, 0.005352282, 0.13903017, 0.32142526), (-0.7126359, -0.0024523512, -0.113941155, -0.6922159), (0.71928024, 0.0363345, 0.16432723, 0.674028), (0.9905891, -0.12642002, -0.025380066, 0.045913473), (0.911471, 0.11747937, 0.02837128, 0.39321154), (-0.7694223, 0.007687538, -0.05614856, -0.6362222), (0.7612262, -0.00078686513, 0.06279914, 0.6454389), (0.82520753, 0.37006384, 0.426709, 0.0025145262), (0.986624, 0.04959458, -0.13311228, 0.07997731), (0.96427286, 0.065462574, -0.011741791, 0.25643003), (0.9611769, -0.008744767, -0.010451287, 0.27559975), (-0.03967361, -0.99908334, 0.0003675744, 0.01611571), (1.0000004, 1.0430813e-7, -1.8626451e-9, -9.313226e-9), (1.0000004, 1.0430813e-7, -1.8626451e-9, -9.313226e-9), (1.0000004, 1.0430813e-7, -1.8626451e-9, -9.313226e-9), (0.99980676, 0.016631108, 0.006487759, 0.008237716), (0.9999999, 0.00009655836, 0.0002686791, 0.000003825873), (0.9999776, 0.00008225028, -0.006180769, -0.0025827885), (0.99751854, 0.060161427, -0.020214396, 0.030477222), (0.5113069, -0.48755798, -0.47603887, -0.5236787), (0.4761452, -0.5227676, -0.51150274, -0.4882264), (1.0000004, 1.1175871e-8, 1.8626451e-9, 0), (0.5115031, -0.48822576, -0.47614482, -0.5227679), (0.9999999, 9.080396e-9, 7.4505815e-9, 0), (0.47968277, -0.5194191, -0.47978666, -0.5195315), (0.088542424, 0.73172253, 0.03609827, 0.67486256), (0.900079, 0.058688343, -0.43175203, -0.0020015389), (0.95706993, 0.16502325, -0.15060255, 0.18467104), (0.9999999, 2.0861629e-7, -4.470349e-8, -4.470349e-8), (0.9999999, 2.0861629e-7, -4.470349e-8, -4.470349e-8), (0.9999999, 2.0861629e-7, -4.470349e-8, -4.470349e-8), (0.9999999, 2.0861629e-7, -4.470349e-8, -4.470349e-8), (0.6645926, 0.7445396, 0.008984957, -0.062422335), (0.99743235, 0.022839256, 0.06571788, -0.016979843), (0.95798224, -0.016042206, -0.054458298, 0.2811536), (0.957086, -0.02526167, -0.016881622, 0.28820774), (0.9432237, 0.028069396, -0.050732456, 0.32705995), (0.99945986, -0.018728215, 0.026864205, -0.002737239), (0.929548, -0.047249682, -0.071299925, 0.3586423), (0.90179276, 0.012525266, -0.025474394, 0.43123537), (-0.91510344, -0.007179787, 0.039016, -0.40126306), (1, 0.0000114664435, -7.450581e-9, -1.0430813e-7), (0.9856177, -0.107292786, -0.07711862, 0.10535103), (0.96413267, 0.13374162, 0.12416359, 0.19273062), (0.8003372, 0.004649505, 0.085622825, 0.59338677), (-0.79689276, -0.031988144, -0.14292225, -0.5860993), (0.991019, -0.12302679, -0.025500942, 0.045776635), (0.9547862, 0.115361705, 0.03325106, 0.2719731), (0.84842634, -0.0067622485, 0.044463225, 0.52739936), (-0.8387139, 0.04178595, -0.07873616, -0.5372277), (0.8256037, 0.36731434, 0.4283101, -0.0030486584), (0.9856149, 0.04835136, -0.12890056, 0.09803229), (0.9711248, 0.065928504, -0.014711283, 0.22880952), (0.96118015, -0.008739799, -0.010467015, 0.27558517), (0.9990777, -0.039677218, 0.016407099, -0.000605911), (1.0000001, -2.9802322e-8, 1.4901161e-8, 2.9802322e-8), (1.0000001, -2.9802322e-8, 1.4901161e-8, 2.9802322e-8), (1.0000001, -2.9802322e-8, 1.4901161e-8, 2.9802322e-8), (0.48486143, -0.51458323, -0.48497158, -0.51470023), (0.09748417, -0.0027165404, -0.0010586977, 0.9952328), (0.9785365, -0.057356335, 0.012433674, 0.19754022), (0.08754633, 0.98951995, -0.11482951, 0.0004107207), (0.00003908575, 0.70708853, 0.707125, 0.000068366535), (0.9999929, -7.067866e-8, 0.0000052750115, 0.0037363234), (0.99999946, 2.4175097e-7, -0.0000011222437, -0.0011720359), (0.52657413, -0.51443917, 0.49869233, 0.45757854), (0.99999905, 3.380701e-7, 5.9977174e-7, -0.0014618556), (0.9998954, -0.014482481, 6.593764e-7, -2.7939677e-9), (0.99958086, -0.028961904, 0.0000019147992, 3.0733645e-8), (0.9990373, -0.043873746, 0.0000023171306, 1.322478e-7), (1.0000002, 2.5960617e-7, 4.991889e-7, 2.2351742e-8), (1.0000002, -1.4551915e-9, 0.0000013820827, 7.450581e-9), (1.0000001, 6.669434e-7, 0.0000012516975, -5.5879354e-9), (0.97205347, 0.00011140948, -0.052959755, -0.22870801), (0.88918847, -0.06494932, 0.03359972, 0.4516597), (0.02040328, 0.9980153, -0.031414695, -0.050618753), (0.00002355874, 0.64517874, 0.7640316, 0.0000070631513), (0.99999326, 0.0000012591482, 0.000018551948, 0.0036553503), (0.9999993, 1.7602001e-7, -0.0000011250379, -0.0011719766), (-0.51439553, -0.52654666, -0.4576346, 0.49871472), (0.99999887, 3.287569e-7, 6.6310173e-7, -0.001461804), (0.999895, -0.014482514, -1.192093e-7, -1.1548401e-7), (0.99958044, -0.028961904, -1.2665988e-7, -7.450581e-8), (0.999037, -0.043873783, -1.639128e-7, -6.705523e-8), (0.9999998, 2.607704e-7, 7.450583e-9, 5.494805e-8), (0.9999998, 3.1664978e-8, 0, 8.381906e-9), (0.9999998, 6.631019e-7, 0, 5.5879372e-9), (0.4999969, -0.4999651, -0.50001246, -0.5000256), (0.4999969, -0.4999651, -0.50001246, -0.5000256), (0.4999969, -0.4999651, -0.50001246, -0.5000256), (0.4999969, -0.4999651, -0.50001246, -0.5000256)],
                1: [(1, 0.000020515556, 0.0000862638, -0.000010072985), (0.50722945, 0.4871508, 0.47184148, 0.5317592), (0.99977165, -0.0041768607, -0.0023779753, 0.02081326), (0.9996832, -0.015093006, -0.007941786, -0.018502297), (0.9997618, -0.0153570995, -0.0016389815, -0.015399869), (0.998873, -0.022435669, 0.0092546, -0.040786088), (0.6797133, 0.019613788, -0.730442, -0.06371339), (0.88570654, 0.098954484, -0.45090136, -0.04918876), (0.97477835, 0.0803017, -0.14192636, 0.15236719), (0.9999999, -1.0803342e-7, -4.33065e-8, -3.7252903e-9), (0.9999999, -1.0803342e-7, -4.33065e-8, -3.7252903e-9), (0.9999999, -1.0803342e-7, -4.33065e-8, -3.7252903e-9), (0.9999999, -1.0803342e-7, -4.33065e-8, -3.7252903e-9), (0.6356271, 0.7675632, -0.020005845, -0.08015566), (0.99729574, 0.030119376, 0.064825565, -0.017082492), (0.913608, -0.026037974, -0.048744276, 0.40282387), (0.9123362, -0.024296168, -0.017399065, 0.4083504), (-0.89053047, -0.007588279, 0.04973922, -0.4521333), (0.999419, -0.020488922, 0.027119823, -0.002599217), (0.8757481, -0.046311688, -0.06534895, 0.47607803), (0.8383411, 0.019642554, -0.028156176, 0.5440643), (-0.8556476, -0.017936135, 0.046549153, -0.51514924), (1.0000004, -0.000011149445, 0.0000014249235, 0.000002346933), (0.995569, 0.013780508, -0.025817312, 0.0893648), (0.93669266, 0.006309276, 0.13903339, 0.32130504), (-0.71274376, -0.0036546555, -0.112745255, -0.69229424), (0.7204025, 0.036314577, 0.164023, 0.67290235), (0.9905874, -0.12635091, -0.025402915, 0.046119083), (0.91161585, 0.11747393, 0.028365023, 0.39287645), (-0.77001244, 0.0076758135, -0.056085706, -0.6355127), (0.7622402, -0.00078142434, 0.062692314, 0.64425075), (0.8251967, 0.3700616, 0.42673093, 0.002477605), (0.98659116, 0.04953972, -0.13340083, 0.0799261), (0.9643374, 0.06540346, -0.011826884, 0.25619543), (0.9612397, -0.008741301, -0.0105218515, 0.27537555), (-0.039673604, -0.9990829, 0.00036760024, 0.01611571), (0.99999994, 8.940697e-8, -1.3038516e-8, -9.313226e-9), (0.99999994, 8.940697e-8, -1.3038516e-8, -9.313226e-9), (0.99999994, 8.940697e-8, -1.3038516e-8, -9.313226e-9), (0.99971956, 0.021526648, 0.008348926, 0.0052185953), (0.99999976, 0.00009232993, 0.00029093775, -0.000026268888), (0.9999774, 0.00007769786, -0.006158463, -0.002612726), (0.9974434, 0.06289266, -0.02160355, 0.026152527), (0.5113067, -0.48755777, -0.4760387, -0.52367854), (0.47614503, -0.5227674, -0.51150256, -0.4882262), (0.9999999, 1.1175871e-8, 2.7939677e-9, 0), (0.511503, -0.48822564, -0.47614464, -0.5227677), (0.9999995, 9.313227e-9, 7.4505815e-9, 0), (0.47968256, -0.51941895, -0.47978643, -0.51953137), (0.091747396, 0.729559, 0.035205726, 0.6768208), (0.90012676, 0.06377952, -0.4304928, -0.01948368), (0.95116323, 0.20201999, -0.14811833, 0.18037945), (0.9999996, 2.0489101e-7, -5.215408e-8, -5.5879365e-8), (0.9999996, 2.0489101e-7, -5.215408e-8, -5.5879365e-8), (0.9999996, 2.0489101e-7, -5.215408e-8, -5.5879365e-8), (0.9999996, 2.0489101e-7, -5.215408e-8, -5.5879365e-8), (0.66432065, 0.74465305, 0.0016047099, -0.06454865), (0.99742436, 0.02282782, 0.06575542, -0.017290989), (0.9581201, -0.016120942, -0.054428764, 0.2806828), (0.9572206, -0.025264602, -0.016877867, 0.28775853), (0.9434656, 0.02804112, -0.050688867, 0.32636797), (0.9994553, -0.018730067, 0.026984083, -0.0031033761), (0.9296441, -0.047244217, -0.07111252, 0.35843024), (0.90181595, 0.012525377, -0.02545973, 0.4311874), (-0.91533357, -0.0071302014, 0.0389818, -0.40074143), (0.99999964, 0.000011470171, 6.519259e-9, -6.705523e-8), (0.98561776, -0.107213736, -0.077249415, 0.105331786), (0.9638625, 0.13346218, 0.124415435, 0.19410673), (0.80030346, 0.0058614174, 0.08448968, 0.59358335), (-0.79696375, -0.032007247, -0.14287165, -0.58601373), (0.9910304, -0.122981474, -0.025553824, 0.045614343), (0.9544929, 0.115133926, 0.03325129, 0.27309522), (0.8480732, -0.006768381, 0.04453839, 0.52796), (-0.83871853, 0.04178617, -0.07873586, -0.53722006), (0.8256058, 0.3673052, 0.42831314, -0.003059872), (0.98562586, 0.048371706, -0.12916525, 0.09755896), (0.9712588, 0.06616743, -0.014691555, 0.22817026), (0.9613608, -0.008718677, -0.010533369, 0.2749506), (0.9990773, -0.039677203, 0.016407099, -0.0006058962), (0.99999976, -3.725291e-8, 3.3993278e-8, 2.9802326e-8), (0.99999976, -3.725291e-8, 3.3993278e-8, 2.9802326e-8), (0.99999976, -3.725291e-8, 3.3993278e-8, 2.9802326e-8), (0.48486125, -0.5145832, -0.48497146, -0.5147001), (0.057181153, -0.007405955, 0.0032756848, 0.9983308), (0.9877375, -0.053576056, 0.011072792, 0.14622368), (0.091113105, 0.9910535, -0.09752304, 0.0007066695), (0.0000397265, 0.7071171, 0.70709616, 0.00007006527), (0.9999927, -0.0000015431674, 0.0000056549925, 0.0037307646), (0.9999992, 2.5109875e-7, -0.000001131586, -0.0011720788), (0.526574, -0.5144391, 0.49869224, 0.45757842), (0.9999988, 4.048925e-7, 5.6251884e-7, -0.0014618854), (0.99989516, -0.014482474, 6.519258e-7, 2.863817e-8), (0.9995806, -0.02896189, 0.0000018943101, -2.188608e-8), (0.9990371, -0.043873742, 0.00000230968, 1.3737008e-7), (1, 2.8056093e-7, 5.120237e-7, 1.0244548e-8), (0.9999999, 3.0500814e-8, 0.0000014031539, 3.1664968e-8), (1, 7.138588e-7, 0.0000012890379, -2.2351744e-8), (0.9692206, -0.005119805, -0.047090616, -0.24159369), (0.91888916, -0.057654705, 0.02610902, 0.38940576), (0.037831612, 0.99795324, 0.015827067, -0.04906795), (0.000046894682, 0.64772844, 0.76187134, 0.000037707938), (0.99999326, -2.2741733e-7, 0.000015169382, 0.0036599254), (0.9999992, 1.8498396e-7, -0.0000011324884, -0.0011720174), (-0.5143956, -0.52654666, -0.45763457, 0.4987147), (0.9999988, 3.4354161e-7, 6.239861e-7, -0.0014617797), (0.99989504, -0.014482512, -1.192093e-7, -1.1734665e-7), (0.9995804, -0.028961921, -1.7136335e-7, -6.519258e-8), (0.99903697, -0.043873824, -1.5832485e-7, -7.450581e-8), (0.9999997, 2.6542696e-7, -1.4901161e-8, 6.938354e-8), (0.9999997, 2.7008358e-8, -4.4703487e-8, 3.0267987e-8), (0.99999976, 6.7893427e-7, 0, 9.778889e-9), (0.49999684, -0.49996504, -0.50001234, -0.50002545), (0.49999684, -0.49996504, -0.50001234, -0.50002545), (0.49999684, -0.49996504, -0.50001234, -0.50002545), (0.49999684, -0.49996504, -0.50001234, -0.50002545)],
                2: [(1, 0.000013322935, 0.00009072646, 0.0000031707018), (0.49488053, 0.49097556, 0.4793695, 0.53314257), (0.9995018, -0.015602062, -0.004738208, 0.0270164), (0.99955094, -0.021493673, -0.013366796, -0.016031064), (0.9996199, -0.021946074, -0.0021089166, -0.016541533), (0.9979552, -0.037707005, 0.014800139, -0.04943881), (0.67897016, 0.0048546195, -0.7320485, -0.05550237), (0.8877023, 0.07819876, -0.45366767, -0.0074021965), (0.977943, -0.008898929, -0.123941034, 0.1678883), (0.9999995, -1.1920929e-7, -2.9802322e-8, 0), (0.9999995, -1.1920929e-7, -2.9802322e-8, 0), (0.9999995, -1.1920929e-7, -2.9802322e-8, 0), (0.9999995, -1.1920929e-7, -2.9802322e-8, 0), (0.6429772, 0.7625962, 0.0018696114, -0.070876986), (0.99690044, 0.04471661, 0.062388435, -0.01724878), (0.9142368, -0.02613189, -0.049001247, 0.40135646), (0.9128897, -0.02431209, -0.017392963, 0.40710983), (-0.8914942, -0.007499242, 0.049672067, -0.45023784), (0.99941874, -0.020537935, 0.027100071, -0.0024272203), (0.8768492, -0.04647566, -0.065503545, 0.47400916), (0.8393696, 0.019556297, -0.028092682, 0.54248214), (-0.8573761, -0.017663747, 0.046358958, -0.5122936), (1, -0.000011153519, 0.0000014156103, 0.0000023543835), (0.9955664, 0.014245957, -0.026094936, 0.08923897), (0.9367577, 0.005850561, 0.13899118, 0.3211419), (-0.7131646, -0.007029608, -0.10934739, -0.69237995), (0.7235964, 0.036245912, 0.1631407, 0.66968626), (0.9906086, -0.12620576, -0.025454864, 0.046030134), (0.9120317, 0.117466964, 0.028352782, 0.39191315), (-0.77169096, 0.007651396, -0.05591011, -0.6334894), (0.7651237, -0.00076816976, 0.062374607, 0.6408549), (0.8252052, 0.37001532, 0.42675436, 0.002434194), (0.9866272, 0.049412385, -0.13329211, 0.079739526), (0.96452194, 0.06530214, -0.011923537, 0.25552046), (0.9614217, -0.008713119, -0.010486677, 0.27474004), (-0.039673597, -0.9990827, 0.00036762748, 0.016115695), (0.99999976, 1.1920929e-7, -1.8626451e-8, 7.450581e-9), (0.99999976, 1.1920929e-7, -1.8626451e-8, 7.450581e-9), (0.99999976, 1.1920929e-7, -1.8626451e-8, 7.450581e-9), (0.99931973, 0.036011502, 0.0075976234, 0.0022077858), (0.9999995, 0.00009250082, 0.00028526038, -0.000054955482), (0.999977, 0.00007764017, -0.00616413, -0.0026413947), (0.9966439, 0.07562151, -0.027263645, 0.015435025), (0.5113066, -0.4875577, -0.47603863, -0.5236785), (0.4761451, -0.5227674, -0.51150256, -0.48822623), (1, 9.313226e-9, 0, 0), (0.5115029, -0.48822564, -0.4761447, -0.52276766), (0.9999995, 9.313226e-9, 9.313226e-9, 0), (0.4796826, -0.5194189, -0.47978646, -0.5195313), (0.099244505, 0.7238448, 0.035210878, 0.68187886), (0.8986805, 0.07756817, -0.42570052, -0.07165848), (0.93014646, 0.29837027, -0.1410638, 0.16094323), (0.9999993, 1.4901161e-7, -3.5390258e-8, -1.4901161e-8), (0.9999993, 1.4901161e-7, -3.5390258e-8, -1.4901161e-8), (0.9999993, 1.4901161e-7, -3.5390258e-8, -1.4901161e-8), (0.9999993, 1.4901161e-7, -3.5390258e-8, -1.4901161e-8), (0.6631576, 0.7448095, -0.021007262, -0.07098183), (0.9974124, 0.022836503, 0.06586683, -0.017532557), (0.95852244, -0.016440898, -0.05411206, 0.27934787), (0.9575969, -0.025272548, -0.016866267, 0.28650287), (0.94414693, 0.027962305, -0.05056341, 0.32441777), (0.9994547, -0.018740088, 0.02693963, -0.0035050511), (0.93017125, -0.04745954, -0.07098373, 0.35705638), (0.9022338, 0.012487739, -0.025405511, 0.43031555), (-0.9163124, -0.006921239, 0.038836934, -0.39851478), (0.99999946, 0.0000114664435, 7.450581e-9, -5.9604645e-8), (0.9857091, -0.10694279, -0.07747761, 0.10457903), (0.96354926, 0.13255014, 0.12501258, 0.19589248), (0.8018587, 0.006881077, 0.08308342, 0.59166837), (-0.79848504, -0.0319197, -0.14236796, -0.5840663), (0.99107516, -0.12284524, -0.025625654, 0.04495719), (0.9542606, 0.11445527, 0.033370722, 0.27417463), (0.8482343, -0.006751526, 0.044541694, 0.5277005), (-0.83992344, 0.041845173, -0.07845877, -0.5353699), (0.8256062, 0.36729145, 0.42832342, -0.0030536354), (0.98572326, 0.04832282, -0.12902261, 0.09678101), (0.9715519, 0.06619139, -0.014705569, 0.2269096), (0.96170676, -0.008669145, -0.010491118, 0.2737401), (0.9990771, -0.039677203, 0.01640709, -0.0006058812), (0.9999996, -2.9802322e-8, 2.9802322e-8, 1.4901161e-8), (0.9999996, -2.9802322e-8, 2.9802322e-8, 1.4901161e-8), (0.9999996, -2.9802322e-8, 2.9802322e-8, 1.4901161e-8), (0.48486125, -0.51458305, -0.48497143, -0.51470006), (-0.03118968, -0.022667782, 0.013747007, 0.9991616), (0.9968833, -0.04621391, 0.007623397, 0.063474946), (0.09644857, 0.9914419, -0.08797096, -0.00095522404), (0.000037521124, 0.702837, 0.7113502, 0.00007906556), (0.9999925, -8.8871457e-7, 0.0000022649765, 0.0037200174), (0.99999905, 2.4680048e-7, -0.0000011622906, -0.0011720434), (0.5265739, -0.51443905, 0.49869215, 0.45757836), (0.99999857, 3.4924597e-7, 5.736947e-7, -0.0014618649), (0.99989486, -0.014482476, 6.631017e-7, -2.514571e-8), (0.9995804, -0.028961899, 0.0000018924475, 2.4214387e-8), (0.99903685, -0.043873727, 0.0000023320317, 1.2293458e-7), (0.99999976, 2.8684735e-7, 4.6938658e-7, 2.6077032e-8), (0.99999976, 2.0489097e-8, 0.0000014305115, 1.8626451e-8), (0.9999997, 6.733462e-7, 0.0000012740493, -2.2351742e-8), (0.9610996, -0.017103346, -0.03569649, -0.27335054), (0.9806243, -0.046347402, 0.008845419, 0.19013016), (0.07860202, 0.99321175, 0.07763327, -0.03640181), (-0.000025421381, 0.64694035, 0.7625404, 0.000018060207), (0.9999929, -0.00000628829, 0.000012218952, 0.003688084), (0.999999, 2.0489097e-7, -0.0000011459924, -0.001172021), (-0.5143955, -0.52654654, -0.4576345, 0.49871463), (0.9999987, 3.6880374e-7, 6.3329935e-7, -0.0014618188), (0.999895, -0.01448252, -1.4156103e-7, -1.3411045e-7), (0.99958026, -0.028961914, -1.5646219e-7, -8.195639e-8), (0.99903685, -0.043873783, -1.6018748e-7, -6.7055225e-8), (0.99999964, 2.6635826e-7, -4.4703484e-8, 2.2351742e-8), (0.9999996, 2.6077032e-8, -2.9802322e-8, 3.7252903e-8), (0.9999995, 6.593764e-7, 1.4901161e-8, -3.7252903e-9), (0.49999678, -0.499965, -0.5000122, -0.5000254), (0.49999678, -0.499965, -0.5000122, -0.5000254), (0.49999678, -0.499965, -0.5000122, -0.5000254), (0.49999678, -0.499965, -0.5000122, -0.5000254)],
                3: [(1, 0.00001986849, 0.000042081687, 0.000012987644), (0.48475063, 0.49031657, 0.48645097, 0.53663015), (0.99931735, -0.018461034, -0.0094238855, 0.030577075), (0.9993786, -0.024866134, -0.019325566, -0.015806034), (0.99951464, -0.025474984, -0.0027494319, -0.017685331), (0.99733526, -0.043966662, 0.018875213, -0.055062428), (0.6790887, 0.00027522445, -0.7320168, -0.054670613), (0.88819987, 0.06661633, -0.45439592, 0.013671108), (0.9776947, -0.044966772, -0.104070924, 0.17680402), (0.9999995, -1.1920929e-7, -1.4901161e-8, 0), (0.9999995, -1.1920929e-7, -1.4901161e-8, 0), (0.9999995, -1.1920929e-7, -1.4901161e-8, 0), (0.9999995, -1.1920929e-7, -1.4901161e-8, 0), (0.648335, 0.75842434, 0.017928384, -0.06428337), (0.9964589, 0.055653974, 0.060706288, -0.016933918), (0.91546696, -0.026363745, -0.04948674, 0.39846686), (0.9139646, -0.024334118, -0.017385483, 0.4046893), (-0.893369, -0.007315837, 0.04954043, -0.4465236), (0.9994172, -0.02051565, 0.027193397, -0.002081275), (0.8790245, -0.0463999, -0.06557761, 0.46995944), (0.8413648, 0.019391917, -0.027965821, 0.5393944), (-0.86072844, -0.017125934, 0.045986652, -0.50669277), (0.9999999, -0.000011146069, 0.0000014305115, 0.0000023245811), (0.99549925, 0.01518476, -0.026670903, 0.089659035), (0.9368877, 0.0065971017, 0.13895553, 0.32076135), (-0.7143217, -0.01355429, -0.102666914, -0.69211155), (0.7298105, 0.036088213, 0.16140224, 0.6633414), (0.9906464, -0.12579879, -0.02564843, 0.046214134), (0.9128417, 0.11744872, 0.028338566, 0.3900284), (-0.77494985, 0.007607922, -0.05557127, -0.6295285), (0.77071774, -0.0007543564, 0.061732635, 0.6341783), (0.82520086, 0.37001172, 0.42676532, 0.0024156272), (0.98663247, 0.049156964, -0.13355634, 0.07938712), (0.9648825, 0.065069936, -0.012186214, 0.2542022), (0.9617757, -0.00866965, -0.010535031, 0.2734971), (-0.039673597, -0.99908245, 0.00036756415, 0.01611571), (0.9999996, 8.940697e-8, 7.450581e-9, 1.4901161e-8), (0.9999996, 8.940697e-8, 7.450581e-9, 1.4901161e-8), (0.9999996, 8.940697e-8, 7.450581e-9, 1.4901161e-8), (0.999133, 0.04075371, 0.0059703626, -0.005984582), (0.9999994, 0.00005860161, 0.0002959296, -0.00006771088), (0.9999771, 0.000043670647, -0.0061536655, -0.0026541054), (0.99644053, 0.07794204, -0.029902257, 0.011669382), (0.51130646, -0.48755762, -0.4760385, -0.52367836), (0.476145, -0.5227673, -0.5115025, -0.48822606), (0.9999999, 1.4901161e-8, 0, 1.8626451e-9), (0.5115029, -0.48822552, -0.4761445, -0.52276754), (0.99999934, 7.450581e-9, 9.313226e-9, 1.8626451e-9), (0.47968248, -0.5194188, -0.4797864, -0.5195312), (0.10367598, 0.72010195, 0.035625845, 0.6851527), (0.8962703, 0.08315283, -0.422897, -0.104604706), (0.91378224, 0.35668147, -0.13001756, 0.14448026), (0.9999992, 1.937151e-7, -6.3329935e-8, -2.9802322e-8), (0.9999992, 1.937151e-7, -6.3329935e-8, -2.9802322e-8), (0.9999992, 1.937151e-7, -6.3329935e-8, -2.9802322e-8), (0.9999992, 1.937151e-7, -6.3329935e-8, -2.9802322e-8), (0.6627948, 0.74467236, -0.02864619, -0.07310417), (0.99738836, 0.02286473, 0.06608109, -0.018053144), (0.95930195, -0.017072462, -0.053496726, 0.2767411), (0.95832705, -0.025287375, -0.016847521, 0.28405106), (0.94546765, 0.027803078, -0.050310716, 0.32060236), (0.9994487, -0.01873777, 0.027035058, -0.004337847), (0.9312066, -0.047718294, -0.07055298, 0.35439807), (0.9030345, 0.012416333, -0.025308043, 0.42864028), (-0.91820085, -0.006521523, 0.038545653, -0.39417934), (0.9999994, 0.000011473894, 7.450581e-9, -5.9604645e-8), (0.9858123, -0.106465295, -0.07799643, 0.10370362), (0.9628893, 0.13081181, 0.12618703, 0.1995196), (0.8048162, 0.00901268, 0.080203824, 0.5880101), (-0.80139184, -0.031762946, -0.14140621, -0.58031505), (0.9911464, -0.122563615, -0.025821924, 0.044034213), (0.9537748, 0.11315019, 0.033599935, 0.27636993), (0.848518, -0.0067196265, 0.044552766, 0.5272432), (-0.84222966, 0.04195281, -0.07792953, -0.53180313), (0.82560384, 0.36728805, 0.42833075, -0.0030632913), (0.9858501, 0.04823061, -0.12922038, 0.0952596), (0.9720986, 0.06656143, -0.014723066, 0.2244464), (0.9623842, -0.008579932, -0.010527074, 0.27135104), (0.9990771, -0.039677195, 0.016407087, -0.0006058812), (0.9999993, -5.9604645e-8, 2.9802322e-8, 5.9604645e-8), (0.9999993, -5.9604645e-8, 2.9802322e-8, 5.9604645e-8), (0.9999993, -5.9604645e-8, 2.9802322e-8, 5.9604645e-8), (0.4848611, -0.51458293, -0.4849713, -0.51469994), (-0.037776906, -0.029837426, 0.016435802, 0.9987054), (0.99156535, -0.05021839, 0.012044989, 0.1188734), (0.08720252, 0.9882865, -0.12504286, -0.0070121586), (0.00004887581, 0.6794331, 0.7337368, 0.00011217594), (0.9999926, 0.000003315974, -0.0000033676624, 0.0036641331), (0.99999917, 2.4214387e-7, -0.0000011101365, -0.0011720732), (0.526574, -0.514439, 0.49869218, 0.4575784), (0.9999988, 3.669411e-7, 5.9604645e-7, -0.0014618989), (0.9998951, -0.014482517, 6.7055225e-7, -3.7252903e-8), (0.99958056, -0.028961908, 0.0000019222498, 7.450581e-9), (0.999037, -0.04387375, 0.0000023245811, 1.0058284e-7), (1.0000001, 2.7287751e-7, 4.5448542e-7, 1.1175871e-8), (1.0000001, 3.8184226e-8, 0.0000014230609, 7.450581e-9), (1, 6.770715e-7, 0.0000012591481, -7.450581e-9), (0.96029496, -0.020351209, -0.039684214, -0.2753988), (0.99643666, -0.039889697, 0.002861634, 0.074258566), (0.08886447, 0.99363256, 0.06705304, -0.017349035), (-0.00005069375, 0.6518756, 0.75832564, 0.000045329332), (0.9999929, -0.000009287149, 0.000007867813, 0.003725457), (0.999999, 1.899898e-7, -0.0000011846423, -0.0011720508), (-0.5143955, -0.52654654, -0.45763448, 0.4987146), (0.9999986, 3.585592e-7, 6.4074993e-7, -0.001461789), (0.99989486, -0.014482527, -1.4901161e-7, -1.0430813e-7), (0.9995802, -0.028961923, -1.3411045e-7, -6.7055225e-8), (0.9990368, -0.043873783, -1.1920929e-7, -7.4505806e-8), (0.9999995, 2.6542693e-7, -2.9802322e-8, 2.9802322e-8), (0.99999946, 2.514571e-8, -4.4703484e-8, 2.2351742e-8), (0.9999995, 6.7055225e-7, 2.9802322e-8, 3.7252903e-9), (0.4999969, -0.49996513, -0.50001234, -0.5000255), (0.4999969, -0.49996513, -0.50001234, -0.5000255), (0.4999969, -0.49996513, -0.50001234, -0.5000255), (0.4999969, -0.49996513, -0.50001234, -0.5000255)],
                4: [(1, 0.000056586367, 0.000034449215, 0.00015375749), (0.47701707, 0.48850664, 0.49258843, 0.53960395), (0.99916995, -0.0178322, -0.014126707, 0.033785168), (0.9992601, -0.026324917, -0.023953494, -0.014552832), (0.9994581, -0.027056959, -0.003295809, -0.018435776), (0.9968999, -0.045710452, 0.02239155, -0.05999197), (0.6788937, -0.00075256824, -0.7320893, -0.056100607), (0.8888475, 0.06149763, -0.45284948, 0.033086263), (0.97569656, -0.07086767, -0.08823489, 0.1876375), (0.9999995, -1.0430813e-7, 0, 0), (0.9999995, -1.0430813e-7, 0, 0), (0.9999995, -1.0430813e-7, 0, 0), (0.9999995, -1.0430813e-7, 0, 0), (0.65358186, 0.7538717, 0.033705354, -0.058067113), (0.99639904, 0.05667019, 0.060983926, -0.016060054), (0.9173305, -0.026834622, -0.050213695, 0.39403337), (0.91563296, -0.024440154, -0.017328475, 0.40089557), (-0.8962102, -0.006984532, 0.04915437, -0.4408412), (0.99940974, -0.020573452, 0.027456671, -0.0016924441), (0.88232267, -0.04644291, -0.0657153, 0.46371478), (0.8444753, 0.019058473, -0.0276566, 0.53454053), (-0.8657806, -0.016418427, 0.045156598, -0.49811172), (1, -0.000011131167, 0.0000014305115, 0.0000022947788), (0.99540645, 0.016541138, -0.027441278, 0.09021586), (0.93712324, 0.007906482, 0.13889177, 0.32007164), (-0.7173047, -0.023049459, -0.09238296, -0.69022256), (0.7391802, 0.03604819, 0.15877576, 0.65353096), (0.9906985, -0.12528157, -0.02582249, 0.046409816), (0.91410744, 0.11737862, 0.02832286, 0.3870752), (-0.77996916, 0.007676825, -0.055266466, -0.6233252), (0.7791599, -0.00052052736, 0.06095335, 0.6238541), (0.82520545, 0.36989436, 0.42685914, 0.0022460222), (0.9866437, 0.04880023, -0.13393757, 0.078821346), (0.96543276, 0.06471933, -0.0125823915, 0.25217474), (0.9623164, -0.008604925, -0.010615684, 0.27158785), (-0.039673563, -0.9990825, 0.0003675986, 0.016115725), (0.9999995, 8.940697e-8, 1.4901161e-8, 1.4901161e-8), (0.9999995, 8.940697e-8, 1.4901161e-8, 1.4901161e-8), (0.9999995, 8.940697e-8, 1.4901161e-8, 1.4901161e-8), (0.99905884, 0.04128699, 0.004043091, -0.012635931), (0.9999995, 0.000005442649, 0.0002979152, -0.00008574873), (0.9999771, -0.000009551179, -0.0061516315, -0.0026718006), (0.9964098, 0.07769421, -0.032148752, 0.009844463), (0.5113066, -0.48755768, -0.4760386, -0.52367836), (0.476145, -0.52276736, -0.5115025, -0.48822615), (0.9999999, 1.4901161e-8, 0, 0), (0.5115029, -0.48822552, -0.4761446, -0.52276766), (0.9999994, 7.450581e-9, 7.450581e-9, 1.8626451e-9), (0.47968248, -0.51941884, -0.4797864, -0.51953125), (0.106680945, 0.716907, 0.038565665, 0.6878774), (0.8938376, 0.08542222, -0.42051578, -0.13008937), (0.89859176, 0.401995, -0.12107212, 0.12756808), (0.9999993, 2.0116568e-7, -5.2154064e-8, -2.9802322e-8), (0.9999993, 2.0116568e-7, -5.2154064e-8, -2.9802322e-8), (0.9999993, 2.0116568e-7, -5.2154064e-8, -2.9802322e-8), (0.9999993, 2.0116568e-7, -5.2154064e-8, -2.9802322e-8), (0.6633613, 0.7441529, -0.02961465, -0.07287079), (0.99735314, 0.022943243, 0.066442244, -0.018575609), (0.9604963, -0.018017843, -0.052404642, 0.2727187), (0.95945585, -0.025224313, -0.01680632, 0.28022394), (0.9474547, 0.027642146, -0.050011277, 0.31474406), (0.9994405, -0.018679023, 0.027204134, -0.005352199), (0.93292737, -0.047979295, -0.069890544, 0.34994072), (0.9044692, 0.012333721, -0.025165692, 0.425616), (-0.9211935, -0.0059306473, 0.03830632, -0.38716808), (0.99999964, 0.000011473894, 0, -5.9604645e-8), (0.9859384, -0.10570745, -0.07874094, 0.1027163), (0.9621353, 0.12800926, 0.1278159, 0.20389229), (0.81002325, 0.011333559, 0.07662202, 0.58126), (-0.8064399, -0.031387184, -0.1395059, -0.5737667), (0.991246, -0.122080915, -0.0261136, 0.042951494), (0.9533365, 0.1110988, 0.033961236, 0.27866173), (0.8495289, -0.006649144, 0.04445322, 0.52562296), (-0.84626853, 0.04214734, -0.076775916, -0.52550715), (0.82556546, 0.36733133, 0.42836815, -0.0030826926), (0.9860151, 0.048018806, -0.12954341, 0.09320013), (0.9728674, 0.0671044, -0.014747776, 0.22092372), (0.9633354, -0.008449111, -0.010577619, 0.2679562), (0.9990773, -0.039677203, 0.016407095, -0.0006058812), (0.99999964, -2.9802322e-8, 2.9802322e-8, 2.9802322e-8), (0.99999964, -2.9802322e-8, 2.9802322e-8, 2.9802322e-8), (0.99999964, -2.9802322e-8, 2.9802322e-8, 2.9802322e-8), (0.48486122, -0.514583, -0.48497137, -0.5147), (-0.043940596, -0.032873534, 0.015533358, 0.9983722), (0.9816272, -0.06235504, 0.017366797, 0.17949367), (0.06769431, 0.98630023, -0.14979519, -0.013807386), (-0.00011819601, 0.6405712, 0.76789844, 0.0004197657), (0.999995, -0.0000010523945, 0.000002861023, 0.0030373158), (0.99999946, 2.4400651e-7, -0.0000011175871, -0.0011720285), (0.5265741, -0.5144391, 0.49869227, 0.45757857), (0.999999, 3.434252e-7, 5.5134296e-7, -0.0014618598), (0.9998952, -0.014482519, 6.109476e-7, 3.7252903e-9), (0.9995807, -0.028961942, 0.0000019222498, 3.7252903e-8), (0.99903715, -0.04387375, 0.0000023394823, 1.1920929e-7), (1, 2.4354085e-7, 4.917383e-7, 2.6077032e-8), (1, 2.4214387e-8, 0.0000014305115, 2.6077032e-8), (0.9999999, 6.9546513e-7, 0.0000012665987, -9.313226e-9), (0.95046437, -0.020600453, -0.046185598, -0.3066916), (0.99737704, -0.039775897, 0.0020805746, 0.060435683), (0.07957258, 0.9968127, -0.00554814, -0.0012591183), (-0.00014272332, 0.6554955, 0.7551987, 0.000024169683), (0.9999926, -0.000002514571, 0.0000021457672, 0.0037718788), (0.99999905, 1.6018748e-7, -0.0000011473894, -0.0011720061), (-0.5143955, -0.52654654, -0.45763448, 0.49871457), (0.9999987, 3.1571835e-7, 5.9604645e-7, -0.0014618188), (0.99989486, -0.014482539, -1.4901161e-7, -1.1920929e-7), (0.9995804, -0.028961916, -1.3411045e-7, -1.0430813e-7), (0.99903685, -0.04387377, -1.0430813e-7, -8.940697e-8), (0.9999995, 2.4586916e-7, -5.9604645e-8, 4.8428774e-8), (0.9999995, 2.0023435e-8, -5.9604645e-8, 1.4901161e-8), (0.9999995, 6.384216e-7, -5.9604645e-8, 4.8428774e-8), (0.49999678, -0.49996507, -0.50001234, -0.5000254), (0.49999678, -0.49996507, -0.50001234, -0.5000254), (0.49999678, -0.49996507, -0.50001234, -0.5000254), (0.49999678, -0.49996507, -0.50001234, -0.5000254)],
                5: [(1, 0.00010949196, 0.000099411285, 0.00020916705), (0.47166103, 0.48920333, 0.4970759, 0.53956616), (0.9990682, -0.01671898, -0.016275302, 0.0363072), (0.9992364, -0.026354585, -0.025722634, -0.013042368), (0.99945176, -0.027137602, -0.0031614974, -0.01869164), (0.9966135, -0.046249226, 0.024749741, -0.0633214), (0.6777362, -0.0005431771, -0.73286843, -0.05980741), (0.8888798, 0.058514416, -0.45144308, 0.051652536), (0.9736925, -0.089713454, -0.07536337, 0.19543561), (0.99999994, -1.1920929e-7, -2.9802322e-8, 0), (0.99999994, -1.1920929e-7, -2.9802322e-8, 0), (0.99999994, -1.1920929e-7, -2.9802322e-8, 0), (0.99999994, -1.1920929e-7, -2.9802322e-8, 0), (0.65835285, 0.7493193, 0.048233494, -0.05259189), (0.99666625, 0.049850285, 0.0629774, -0.014334559), (0.91990674, -0.027660325, -0.051180497, 0.38779777), (0.9179746, -0.024653688, -0.0172556, 0.39549586), (-0.9001563, -0.00639908, 0.048608333, -0.43279904), (0.9994054, -0.020466432, 0.027726144, -0.001214087), (0.886902, -0.046449423, -0.06599563, 0.4548538), (0.8488512, 0.018553048, -0.027227448, 0.527604), (-0.8727527, -0.015317038, 0.04399401, -0.48593447), (1.0000002, -0.000011146069, 0.0000014007092, 0.0000023245811), (0.9952671, 0.01862055, -0.028652728, 0.09097245), (0.93747556, 0.009791091, 0.13878211, 0.31903455), (-0.7233338, -0.03559278, -0.077897966, -0.68516636), (0.7521633, 0.035969675, 0.15502077, 0.63947254), (0.9907929, -0.12438293, -0.026182145, 0.04661435), (0.915888, 0.11727862, 0.028276086, 0.3828778), (-0.78701, 0.0077761263, -0.054724142, -0.6144592), (0.7908187, -0.0002515912, 0.05991727, 0.6091107), (0.8251867, 0.36991405, 0.4268799, 0.0020869374), (0.98665977, 0.04828336, -0.13447797, 0.07801799), (0.96620303, 0.06422667, -0.013140857, 0.24930677), (0.96307373, -0.008513426, -0.0107444, 0.2688889), (-0.03967359, -0.99908286, 0.00036756974, 0.01611571), (1, 8.940697e-8, 7.450581e-9, -2.9802322e-8), (1, 8.940697e-8, 7.450581e-9, -2.9802322e-8), (1, 8.940697e-8, 7.450581e-9, -2.9802322e-8), (0.99898434, 0.040896248, 0.0016440228, -0.018832192), (0.99999976, 0.000081575476, 0.00027841702, -0.00015810877), (0.99997705, 0.0000662026, -0.0061710663, -0.0027446449), (0.9966838, 0.073276274, -0.03409277, 0.009454973), (0.5113067, -0.48755777, -0.47603866, -0.5236785), (0.47614512, -0.52276754, -0.5115026, -0.48822626), (1.0000002, 7.450581e-9, 0, 0), (0.511503, -0.48822573, -0.4761447, -0.5227677), (0.9999996, 1.1175871e-8, 9.313226e-9, 0), (0.47968265, -0.51941895, -0.47978657, -0.51953137), (0.10779612, 0.71497494, 0.03968543, 0.68964875), (0.8918554, 0.08654857, -0.41688073, -0.15268622), (0.88540417, 0.43659824, -0.11253107, 0.11303736), (0.9999994, 1.8626451e-7, -5.9604645e-8, -5.9604645e-8), (0.9999994, 1.8626451e-7, -5.9604645e-8, -5.9604645e-8), (0.9999994, 1.8626451e-7, -5.9604645e-8, -5.9604645e-8), (0.9999994, 1.8626451e-7, -5.9604645e-8, -5.9604645e-8), (0.6685499, 0.7398939, -0.026349768, -0.0700196), (0.9973067, 0.022863865, 0.06703845, -0.019017637), (0.962152, -0.019470975, -0.050701395, 0.26704514), (0.9610293, -0.025184587, -0.016718447, 0.27478772), (0.9501955, 0.027380422, -0.049541682, 0.30647016), (0.9994235, -0.018784761, 0.027513787, -0.006476581), (0.9354719, -0.04833238, -0.06897433, 0.3432171), (0.9066899, 0.012203008, -0.024940312, 0.4208821), (-0.9254958, -0.0050465465, 0.037831128, -0.3768291), (0.9999995, 0.000011458993, 1.4901161e-8, -5.9604645e-8), (0.9860618, -0.104851246, -0.07967578, 0.1016821), (0.96129465, 0.12405391, 0.13000171, 0.20885888), (0.8182044, 0.013107836, 0.07240385, 0.57019883), (-0.8141771, -0.030802865, -0.13674389, -0.5634424), (0.9913491, -0.12157899, -0.02645193, 0.041771233), (0.95303184, 0.108255595, 0.034546018, 0.28074294), (0.85160273, -0.006486982, 0.044163108, 0.5222826), (-0.85250384, 0.042436525, -0.07509495, -0.51555395), (0.82555825, 0.36720794, 0.4284866, -0.0031991303), (0.9862119, 0.047706574, -0.13000448, 0.0906003), (0.97386163, 0.067857124, -0.014831804, 0.21625988), (0.96457136, -0.00828198, -0.010660291, 0.26347607), (0.9990772, -0.039677203, 0.016407087, -0.000605911), (0.99999964, -5.9604645e-8, 1.4901161e-8, 2.9802322e-8), (0.99999964, -5.9604645e-8, 1.4901161e-8, 2.9802322e-8), (0.99999964, -5.9604645e-8, 1.4901161e-8, 2.9802322e-8), (0.4848613, -0.514583, -0.48497146, -0.51470006), (-0.056097977, -0.026100952, 0.014196366, 0.9979832), (0.9697281, -0.078146026, 0.024355292, 0.23006016), (0.04186529, 0.9870425, -0.1534676, -0.021023154), (-0.00042805076, 0.59897023, 0.8007703, 0.0009063184), (0.99999666, -0.0000066366047, 0.0000112354755, 0.0023806663), (0.99999934, 2.6263297e-7, -0.0000011175871, -0.0011720508), (0.5265741, -0.5144391, 0.49869227, 0.45757848), (0.99999905, 3.799796e-7, 5.662441e-7, -0.0014618523), (0.99989533, -0.014482496, 6.556511e-7, 0), (0.9995808, -0.02896189, 0.000001937151, 2.2351742e-8), (0.9990373, -0.043873772, 0.0000023245811, 1.3411045e-7), (1.0000004, 2.4586916e-7, 4.917383e-7, 3.9115548e-8), (1.0000004, 4.0978193e-8, 0.0000014081597, 1.4901161e-8), (1.0000002, 6.733462e-7, 0.0000012814999, 1.8626451e-8), (0.94682956, -0.019624015, -0.047088414, -0.3176656), (0.9979068, -0.048114598, 0.0021283925, 0.043157067), (0.053917214, 0.9981836, -0.024965908, 0.009957075), (-0.000534147, 0.65508616, 0.75555384, 0.00038823485), (0.99999297, -0.0000023767352, 0.000014573336, 0.0036913715), (0.9999992, 2.0116568e-7, -0.0000011324883, -0.0011719912), (-0.51439553, -0.5265467, -0.4576346, 0.49871472), (0.9999987, 3.4831464e-7, 6.4074993e-7, -0.0014618188), (0.999895, -0.014482534, -1.3411045e-7, -1.1175871e-7), (0.9995803, -0.02896191, -1.1920929e-7, -8.195639e-8), (0.9990369, -0.04387384, -1.7881393e-7, -5.2154064e-8), (0.99999964, 2.4330802e-7, -5.9604645e-8, 3.3527613e-8), (0.99999964, 3.3294782e-8, -2.9802322e-8, 0), (0.99999964, 6.305054e-7, -5.9604645e-8, 4.0978193e-8), (0.49999687, -0.49996507, -0.5000124, -0.50002545), (0.49999687, -0.49996507, -0.5000124, -0.50002545), (0.49999687, -0.49996507, -0.5000124, -0.50002545), (0.49999687, -0.49996507, -0.5000124, -0.50002545)],
                6: [(1, 0.00011911892, 0.00014161895, 0.00015246445), (0.4683573, 0.4922559, 0.5009074, 0.5361131), (0.99902165, -0.016328655, -0.016616717, 0.03758528), (0.99933684, -0.024874832, -0.02367489, -0.012088582), (0.99949455, -0.025602829, -0.0023791268, -0.018677108), (0.9966049, -0.045437727, 0.02383536, -0.06438376), (0.6761558, 0.00015673041, -0.7340298, -0.06334764), (0.88851345, 0.053653926, -0.45027876, 0.070097506), (0.97266364, -0.1007424, -0.06590095, 0.19857731), (0.9999995, -1.0430813e-7, 2.9802322e-8, 0), (0.9999995, -1.0430813e-7, 2.9802322e-8, 0), (0.9999995, -1.0430813e-7, 2.9802322e-8, 0), (0.9999995, -1.0430813e-7, 2.9802322e-8, 0), (0.6624494, 0.74509233, 0.0608152, -0.047947377), (0.9970523, 0.037679046, 0.06577307, -0.011839658), (0.9233459, -0.028556228, -0.052529216, 0.37928426), (0.9210483, -0.024813235, -0.017244272, 0.38827282), (-0.90538573, -0.0056931973, 0.048158973, -0.4218102), (0.999405, -0.020224959, 0.027922839, -0.00031083822), (0.89296556, -0.046077028, -0.06640856, 0.44280764), (0.85457706, 0.01801537, -0.02684139, 0.51831675), (-0.88193023, -0.0136424005, 0.042812288, -0.46923217), (0.99999976, -0.000011175871, 0.0000014007092, 0.0000023543835), (0.99504364, 0.02151893, -0.03043136, 0.092185736), (0.9379107, 0.012066022, 0.13864121, 0.31773472), (-0.7341521, -0.051098138, -0.05895191, -0.67448735), (0.7693792, 0.035396755, 0.14983845, 0.6199599), (0.9909204, -0.12304379, -0.02683711, 0.04707259), (0.9182196, 0.11721258, 0.028217793, 0.3772755), (-0.7962866, 0.007675767, -0.053631525, -0.60248786), (0.8061787, -0.00027027726, 0.058116585, 0.5888103), (0.8251531, 0.37004924, 0.42682672, 0.002096653), (0.9866738, 0.04753717, -0.13524488, 0.076962024), (0.96722865, 0.063549206, -0.01390183, 0.24543056), (0.96408534, -0.008386434, -0.010909155, 0.2652347), (-0.03967359, -0.9990823, 0.0003675921, 0.01611571), (0.99999964, 8.940697e-8, -1.4901161e-8, -2.9802322e-8), (0.99999964, 8.940697e-8, -1.4901161e-8, -2.9802322e-8), (0.99999964, 8.940697e-8, -1.4901161e-8, -2.9802322e-8), (0.99894, 0.03958423, -0.00013149902, -0.023482025), (0.99999964, 0.00017771218, 0.00028365478, -0.00015085936), (0.9999769, 0.00016223732, -0.0061655417, -0.0027379468), (0.99724525, 0.0643187, -0.035628848, 0.009742543), (0.5113066, -0.4875577, -0.4760386, -0.5236784), (0.476145, -0.5227674, -0.5115025, -0.48822615), (0.99999994, 7.450581e-9, 0, -3.7252903e-9), (0.5115029, -0.48822552, -0.4761446, -0.5227676), (0.9999993, 7.450581e-9, 9.313226e-9, 0), (0.4796826, -0.51941884, -0.47978643, -0.5195313), (0.10820344, 0.7151866, 0.038986564, 0.68940514), (0.8897129, 0.08919376, -0.41377142, -0.17101972), (0.87659323, 0.45814902, -0.1050915, 0.10314367), (0.9999994, 1.899898e-7, -7.4505806e-8, -5.9604645e-8), (0.9999994, 1.899898e-7, -7.4505806e-8, -5.9604645e-8), (0.9999994, 1.899898e-7, -7.4505806e-8, -5.9604645e-8), (0.9999994, 1.899898e-7, -7.4505806e-8, -5.9604645e-8), (0.67321557, 0.736001, -0.023184046, -0.06741756), (0.99725795, 0.022945985, 0.06769639, -0.019152641), (0.9643145, -0.021697998, -0.048196092, 0.2594291), (0.96306986, -0.025254086, -0.016592145, 0.26755014), (0.95378995, 0.026921317, -0.048725963, 0.295272), (0.99940884, -0.01879637, 0.027765036, -0.007585019), (0.9389849, -0.0489254, -0.06777431, 0.33364698), (0.90979344, 0.011926487, -0.024586797, 0.41416055), (-0.93132645, -0.0038063526, 0.036784098, -0.36230278), (0.9999998, 0.000011488795, 0, -8.940697e-8), (0.98619705, -0.103617966, -0.08111033, 0.10049528), (0.9602939, 0.11879213, 0.13291593, 0.21460897), (0.8302233, 0.013023697, 0.06892422, 0.55299973), (-0.8251625, -0.030050892, -0.13316274, -0.5481523), (0.99148977, -0.12074411, -0.027068987, 0.040444165), (0.9529352, 0.1044451, 0.035438165, 0.28239903), (0.85505617, -0.006285712, 0.0436977, 0.516652), (-0.86146635, 0.042776868, -0.07294986, -0.50072336), (0.8255768, 0.36715406, 0.42849708, -0.003240794), (0.98643005, 0.047268137, -0.13063146, 0.08749814), (0.9750805, 0.06885605, -0.015000291, 0.21035925), (0.96610713, -0.008068051, -0.010770202, 0.25778878), (0.9990775, -0.039677203, 0.016407087, -0.000605911), (0.9999995, -5.9604645e-8, 1.4901161e-8, 2.9802322e-8), (0.9999995, -5.9604645e-8, 1.4901161e-8, 2.9802322e-8), (0.9999995, -5.9604645e-8, 1.4901161e-8, 2.9802322e-8), (0.48486122, -0.514583, -0.4849714, -0.5147), (-0.076998755, -0.012884236, 0.013909906, 0.99685085), (0.95974064, -0.09496389, 0.030376866, 0.2625972), (0.011614095, 0.99120104, -0.1290535, -0.027039707), (-0.0006019771, 0.5592163, 0.829021, 0.0010815859), (0.9999971, -0.0000030118972, 1.7881393e-7, 0.0024250932), (0.99999976, 2.5890768e-7, -0.0000011324883, -0.0011720657), (0.52657425, -0.5144392, 0.49869242, 0.45757866), (0.9999992, 3.799796e-7, 5.662441e-7, -0.0014618635), (0.99989545, -0.014482502, 6.854534e-7, -2.9802322e-8), (0.99958104, -0.02896192, 0.0000019073486, 1.4901161e-8), (0.9990375, -0.043873783, 0.0000023543835, 1.3411045e-7), (1.0000002, 2.644956e-7, 4.7683716e-7, 3.5390258e-8), (1.0000002, 3.1664968e-8, 0.0000013932586, 5.5879354e-9), (1, 6.966293e-7, 0.0000012591481, 1.5832484e-8), (0.94942427, -0.018302599, -0.04517904, -0.31018907), (0.9973012, -0.06118454, 0.0023922622, 0.040508978), (0.026644506, 0.99947727, -0.010309284, 0.015139073), (-0.00025478005, 0.6399944, 0.7683792, 0.0008254349), (0.9999948, -0.00001305528, 0.0000045001507, 0.0032224022), (0.9999993, 2.0302832e-7, -0.0000011771917, -0.0011720285), (-0.5143956, -0.5265467, -0.45763463, 0.49871472), (0.99999887, 3.427267e-7, 5.9604645e-7, -0.0014617965), (0.999895, -0.01448255, -1.0430813e-7, -8.195639e-8), (0.99958044, -0.028961893, -1.1920929e-7, -8.940697e-8), (0.999037, -0.043873806, -1.4901161e-7, -1.0430813e-7), (0.9999996, 2.5937334e-7, -5.9604645e-8, 3.7252903e-8), (0.9999995, 2.0721927e-8, -2.9802322e-8, 3.7252903e-9), (0.9999995, 6.304472e-7, -5.9604645e-8, 2.9802322e-8), (0.49999678, -0.49996504, -0.50001234, -0.50002545), (0.49999678, -0.49996504, -0.50001234, -0.50002545), (0.49999678, -0.49996504, -0.50001234, -0.50002545), (0.49999678, -0.49996504, -0.50001234, -0.50002545)],
                7: [(1, 0.00012470021, 0.00017355669, 0.000062853185), (0.46799028, 0.49776843, 0.503625, 0.52874714), (0.9990474, -0.016514193, -0.01459587, 0.037664067), (0.99953973, -0.022033647, -0.017676983, -0.011066319), (0.99957925, -0.022623073, -0.0009795092, -0.018131945), (0.9968814, -0.04288156, 0.020603674, -0.06296205), (0.6729665, 0.0020795763, -0.736604, -0.067279875), (0.8888839, 0.047956377, -0.44721642, 0.08708215), (0.9726099, -0.10285337, -0.06119305, 0.19926497), (0.99999976, -1.1920929e-7, 0, 0), (0.99999976, -1.1920929e-7, 0, 0), (0.99999976, -1.1920929e-7, 0, 0), (0.99999976, -1.1920929e-7, 0, 0), (0.6655779, 0.74165785, 0.07058433, -0.04436001), (0.99732614, 0.02225992, 0.069059074, -0.008740455), (0.9276248, -0.029564857, -0.054198623, 0.3683762), (0.9248704, -0.024950907, -0.017246254, 0.37907124), (-0.9118452, -0.004869759, 0.04769762, -0.40772504), (0.99940383, -0.01998058, 0.028149068, 0.0009073019), (0.90045524, -0.045347422, -0.066994846, 0.4273595), (0.8616931, 0.01740244, -0.026407532, 0.5064438), (-0.89313847, -0.01148954, 0.041466236, -0.44771907), (1.0000004, -0.000011146069, 0.0000014603138, 0.0000023245811), (0.9947361, 0.025147885, -0.032693177, 0.09380391), (0.9384713, 0.01484406, 0.13844353, 0.31604555), (-0.7524625, -0.06689, -0.03715691, -0.6541754), (0.7905425, 0.034305513, 0.14317945, 0.59444577), (0.99107075, -0.121390775, -0.0276846, 0.047718853), (0.92113054, 0.11715679, 0.028162837, 0.3701356), (-0.80780244, 0.0074255764, -0.052121352, -0.5870979), (0.8249664, -0.00042048097, 0.05555436, 0.56244516), (0.82512856, 0.37016612, 0.42677385, 0.0021307766), (0.9866881, 0.04658956, -0.13622823, 0.07561904), (0.96851194, 0.06269442, -0.014864087, 0.24048597), (0.96535474, -0.008219402, -0.011111632, 0.26057512), (-0.039673615, -0.9990829, 0.00036758743, 0.01611568), (0.99999994, 8.940697e-8, 0, -2.9802322e-8), (0.99999994, 8.940697e-8, 0, -2.9802322e-8), (0.99999994, 8.940697e-8, 0, -2.9802322e-8), (0.9989878, 0.03701523, -0.0024061352, -0.025446363), (0.9999999, 0.0002617184, 0.00026753917, -0.00011916831), (0.99997723, 0.00024659792, -0.0061814487, -0.0027069524), (0.9979485, 0.05117115, -0.036835052, 0.011116207), (0.5113068, -0.48755786, -0.47603884, -0.5236786), (0.47614518, -0.5227676, -0.51150274, -0.48822635), (1.0000004, 1.1175871e-8, 0, 0), (0.51150304, -0.48822576, -0.4761448, -0.52276784), (0.99999976, 1.1175871e-8, 7.450581e-9, 0), (0.47968277, -0.5194191, -0.47978663, -0.5195315), (0.107203856, 0.7164594, 0.03766921, 0.68831253), (0.887183, 0.09356016, -0.4137596, -0.18153587), (0.87500507, 0.46282277, -0.10198669, 0.0987883), (0.9999994, 1.899898e-7, -5.9604645e-8, -4.4703484e-8), (0.9999994, 1.899898e-7, -5.9604645e-8, -4.4703484e-8), (0.9999994, 1.899898e-7, -5.9604645e-8, -4.4703484e-8), (0.9999994, 1.899898e-7, -5.9604645e-8, -4.4703484e-8), (0.6693331, 0.7392607, -0.025616057, -0.06949496), (0.99720395, 0.023345679, 0.06839184, -0.018992603), (0.9669591, -0.024687544, -0.044676036, 0.24976689), (0.96557754, -0.025289685, -0.016399056, 0.258361), (0.9581649, 0.026422843, -0.047655642, 0.2809799), (0.99940014, -0.018530786, 0.027935907, -0.008619487), (0.94348097, -0.049601004, -0.066181734, 0.3209395), (0.9138645, 0.011600912, -0.02411148, 0.40513515), (-0.9385858, -0.0023283064, 0.035446733, -0.3432105), (0.99999934, 0.000011488795, 0, -8.940697e-8), (0.9863416, -0.10183734, -0.08309263, 0.0992662), (0.9592297, 0.11203909, 0.13643913, 0.22070065), (0.8461044, 0.009539291, 0.06767155, 0.52861696), (-0.83943874, -0.028958105, -0.12827197, -0.5273039), (0.9916807, -0.11940189, -0.028014943, 0.039070785), (0.95317113, 0.09955859, 0.03665802, 0.2832097), (0.86009926, -0.005968839, 0.043002993, 0.50827444), (-0.8731723, 0.043122634, -0.0699004, -0.4804407), (0.8255626, 0.3673311, 0.42837247, -0.003160745), (0.98666084, 0.04665129, -0.13143516, 0.08395034), (0.97649825, 0.07010575, -0.015208639, 0.20323324), (0.96791446, -0.007784903, -0.010879785, 0.25092167), (0.99907696, -0.039677173, 0.016407087, -0.000605911), (0.99999964, -5.9604645e-8, 1.4901161e-8, 5.9604645e-8), (0.99999964, -5.9604645e-8, 1.4901161e-8, 5.9604645e-8), (0.99999964, -5.9604645e-8, 1.4901161e-8, 5.9604645e-8), (0.48486134, -0.5145832, -0.48497152, -0.51470023), (-0.104227394, 0.006498169, 0.014582634, 0.9944254), (0.95197636, -0.11165729, 0.03487414, 0.28294447), (-0.018348143, 0.99576485, -0.08432107, -0.03171453), (-0.0004760325, 0.55591166, 0.83124065, 0.0009177327), (0.99999374, -0.000003784895, -0.000011384487, 0.003468947), (0.9999995, 2.2910535e-7, -0.0000011324883, -0.0011720434), (0.5265742, -0.5144392, 0.4986924, 0.4575786), (0.99999905, 3.427267e-7, 6.2584877e-7, -0.0014618412), (0.99989533, -0.0144825205, 6.556511e-7, -2.2351742e-8), (0.99958074, -0.028961934, 0.0000019073486, 0), (0.99903727, -0.043873772, 0.0000022947788, 1.1920929e-7), (1.0000002, 2.4959445e-7, 4.7683716e-7, 1.8626451e-9), (1.0000002, -3.7252903e-9, 0.0000014305115, 2.0489097e-8), (1.0000001, 6.556511e-7, 0.000001296401, 1.8626451e-9), (0.95457375, -0.016770527, -0.04197456, -0.29452634), (0.9948362, -0.07326738, 0.0042714477, 0.070100985), (0.012474053, 0.9987067, 0.0447007, 0.02075532), (-0.00024008751, 0.6031521, 0.7976253, 0.0010963678), (0.99999666, -6.016344e-7, 0.0000042915344, 0.0025307424), (0.99999905, 2.104789e-7, -0.0000011771917, -0.0011720508), (-0.5143955, -0.5265466, -0.45763454, 0.49871463), (0.99999857, 3.3527613e-7, 5.811453e-7, -0.0014618188), (0.9998948, -0.014482515, -1.3411045e-7, -1.1920929e-7), (0.9995802, -0.028961886, -1.3411045e-7, -7.4505806e-8), (0.9990367, -0.043873787, -1.0430813e-7, -1.0430813e-7), (0.9999996, 2.4749897e-7, -5.9604645e-8, 3.9115548e-8), (0.9999995, 3.981404e-8, -2.9802322e-8, 2.0489097e-8), (0.9999995, 6.4913183e-7, 0, 2.7939677e-8), (0.49999693, -0.49996513, -0.50001234, -0.50002545), (0.49999693, -0.49996513, -0.50001234, -0.50002545), (0.49999693, -0.49996513, -0.50001234, -0.50002545), (0.49999693, -0.49996513, -0.50001234, -0.50002545)],
                8: [(1, 0.00011314248, 0.00019243729, 0.000039765342), (0.46903834, 0.5039209, 0.5063882, 0.5192666), (0.9991408, -0.017098553, -0.0117139295, 0.035886027), (0.9997008, -0.018230932, -0.011324417, -0.01172397), (0.99967825, -0.018640328, 0.0002512522, -0.01719665), (0.997478, -0.03868125, 0.016956875, -0.057041753), (0.6700315, 0.0049039423, -0.73893106, -0.070812255), (0.88946366, 0.041823864, -0.4441911, 0.09899199), (0.9735652, -0.09507875, -0.062387213, 0.198087), (0.9999998, -1.1920929e-7, 0, 0), (0.9999998, -1.1920929e-7, 0, 0), (0.9999998, -1.1920929e-7, 0, 0), (0.9999998, -1.1920929e-7, 0, 0), (0.66747993, 0.7394765, 0.076627344, -0.042110085), (0.99734557, 0.005733162, 0.07239658, -0.005269915), (0.93236536, -0.030572832, -0.056022912, 0.3558394), (0.9291043, -0.024998143, -0.017279506, 0.36856702), (-0.91895014, -0.0040288568, 0.04731857, -0.39150447), (0.99939895, -0.019753128, 0.028391004, 0.002375126), (0.9086784, -0.044161007, -0.06776965, 0.4095862), (0.8695745, 0.016797408, -0.02600488, 0.49283084), (-0.90529275, -0.009003922, 0.040125176, -0.42279372), (1.0000001, -0.000011175871, 0.0000014007092, 0.0000023245811), (0.9943533, 0.02923143, -0.035253197, 0.09572938), (0.9390849, 0.017861724, 0.13820934, 0.31416234), (-0.7784683, -0.078241244, -0.01737034, -0.6225456), (0.81363124, 0.03249365, 0.13560641, 0.5644101), (0.9912286, -0.11954309, -0.02865392, 0.048520505), (0.9243665, 0.117136225, 0.028108358, 0.3619888), (-0.82054204, 0.0070008636, -0.050224625, -0.56933266), (0.8453677, -0.0007170737, 0.05226989, 0.53162146), (0.82511294, 0.37026054, 0.42672122, 0.00218907), (0.9866966, 0.045514964, -0.13735941, 0.0740975), (0.9699415, 0.061722297, -0.015958905, 0.23483817), (0.9667753, -0.008025572, -0.011334002, 0.25525028), (-0.039673604, -0.9990827, 0.00036756694, 0.01611571), (0.99999994, 8.940697e-8, 1.4901161e-8, -1.4901161e-8), (0.99999994, 8.940697e-8, 1.4901161e-8, -1.4901161e-8), (0.99999994, 8.940697e-8, 1.4901161e-8, -1.4901161e-8), (0.99912834, 0.033219714, -0.0044447184, -0.024878766), (0.99999976, 0.00029771216, 0.00024570897, -0.00009761006), (0.9999769, 0.00028266292, -0.006203223, -0.00268564), (0.9985776, 0.035935875, -0.036812775, 0.013994129), (0.51130664, -0.48755774, -0.47603866, -0.5236784), (0.4761451, -0.5227674, -0.5115026, -0.48822623), (1.0000001, 7.450581e-9, -3.7252903e-9, 0), (0.5115029, -0.48822564, -0.47614467, -0.52276766), (0.99999946, 7.450581e-9, 7.450581e-9, 3.7252903e-9), (0.47968262, -0.51941895, -0.47978646, -0.51953137), (0.103789456, 0.7193277, 0.035452247, 0.6859579), (0.8847988, 0.098945916, -0.41586724, -0.18545832), (0.881495, 0.4500704, -0.10279053, 0.09918004), (0.9999995, 2.0489097e-7, -4.4703484e-8, -4.4703484e-8), (0.9999995, 2.0489097e-7, -4.4703484e-8, -4.4703484e-8), (0.9999995, 2.0489097e-7, -4.4703484e-8, -4.4703484e-8), (0.9999995, 2.0489097e-7, -4.4703484e-8, -4.4703484e-8), (0.6563299, 0.7497835, -0.03388469, -0.076857), (0.9971472, 0.023855418, 0.06916192, -0.01856491), (0.96982723, -0.028292716, -0.04043293, 0.23874563), (0.96831834, -0.025339782, -0.016225398, 0.24789852), (0.96289235, 0.025808051, -0.04643929, 0.26460364), (0.99939346, -0.018192261, 0.02810064, -0.009560227), (0.9484789, -0.05037187, -0.064388916, 0.30611035), (0.9184776, 0.011180013, -0.023587853, 0.3946091), (-0.9464734, -0.0005427897, 0.033846885, -0.3210002), (0.99999976, 0.000011473894, 0, -5.9604645e-8), (0.9864768, -0.09977588, -0.08537027, 0.09807849), (0.95804155, 0.104344666, 0.14035654, 0.22708464), (0.8637394, 0.0017107204, 0.06993516, 0.49905825), (-0.85540134, -0.027475007, -0.12258321, -0.5024994), (0.9918914, -0.11781411, -0.029123664, 0.037718028), (0.9536036, 0.093935296, 0.038124666, 0.2834818), (0.8660892, -0.005626142, 0.0421471, 0.4980765), (-0.8862718, 0.04356344, -0.06631708, -0.4563171), (0.8255435, 0.367563, 0.42821205, -0.0030438304), (0.98689055, 0.04592894, -0.13236652, 0.08010101), (0.9780073, 0.0715437, -0.015493304, 0.19530171), (0.96986544, -0.0074537247, -0.011030346, 0.24327686), (0.99907744, -0.039677203, 0.016407087, -0.000605911), (0.9999997, -2.9802322e-8, 1.4901161e-8, 2.9802322e-8), (0.9999997, -2.9802322e-8, 1.4901161e-8, 2.9802322e-8), (0.9999997, -2.9802322e-8, 1.4901161e-8, 2.9802322e-8), (0.48486128, -0.5145831, -0.48497146, -0.5147001), (-0.11945695, 0.032907102, 0.015554398, 0.99217176), (0.9362565, -0.12463503, 0.04277727, 0.32566768), (-0.04648503, 0.99738663, -0.043441184, -0.034225583), (0.00005736947, 0.6137893, 0.7894688, 0.00096929073), (0.9999852, -0.000012762845, -0.000009506941, 0.0053384714), (0.9999992, 2.1979213e-7, -0.0000011026859, -0.0011720508), (0.526574, -0.5144391, 0.4986922, 0.45757848), (0.9999988, 3.7252903e-7, 5.662441e-7, -0.0014618784), (0.9998951, -0.014482498, 6.2584877e-7, -2.9802322e-8), (0.9995806, -0.02896192, 0.0000019073486, 4.4703484e-8), (0.999037, -0.043873735, 0.0000023245811, 1.6391277e-7), (0.99999976, 2.719462e-7, 4.61936e-7, 2.8871e-8), (0.99999976, 1.4901161e-8, 0.0000014305115, 9.778887e-9), (0.99999964, 6.7800283e-7, 0.0000012814999, -1.44355e-8), (0.94864714, -0.015796237, -0.045236073, -0.3126861), (0.97720945, -0.082574025, 0.013537645, 0.19508886), (0.013421373, 0.998512, 0.045042872, 0.027650028), (-0.00022813678, 0.6040213, 0.7969681, 5.066395e-7), (0.99999344, 0.000027946662, -0.00002488494, 0.0036144592), (0.9999991, 1.7276034e-7, -0.0000011399388, -0.001172021), (-0.51439553, -0.5265466, -0.4576345, 0.49871466), (0.9999986, 3.6880374e-7, 6.4074993e-7, -0.0014618412), (0.99989474, -0.014482528, -1.4901161e-7, -1.0430813e-7), (0.9995802, -0.028961904, -1.5646219e-7, -7.4505806e-8), (0.99903667, -0.043873813, -1.4901161e-7, -6.7055225e-8), (0.9999995, 2.4680048e-7, -2.9802322e-8, 6.565824e-8), (0.9999995, 3.8184226e-8, -2.9802322e-8, 1.3969839e-8), (0.9999995, 6.482005e-7, -2.9802322e-8, 4.33065e-8), (0.49999678, -0.499965, -0.50001234, -0.5000254), (0.49999678, -0.499965, -0.50001234, -0.5000254), (0.49999678, -0.499965, -0.50001234, -0.5000254), (0.49999678, -0.499965, -0.50001234, -0.5000254)],
                9: [(0.99999994, 0.000117153184, 0.00032578132, 0.000049048012), (0.4672006, 0.51320994, 0.51083964, 0.50732803), (0.99932474, -0.01813179, -0.007832922, 0.030971754), (0.9997618, -0.015280249, -0.006262634, -0.014248725), (0.9997426, -0.015544864, 0.0010336544, -0.016478073), (0.99806046, -0.034606006, 0.013492248, -0.049949516), (0.6679085, 0.009320021, -0.74054396, -0.073520765), (0.8903422, 0.03639421, -0.44226843, 0.101805136), (0.97595215, -0.07496053, -0.07075496, 0.1920713), (0.9999994, -1.1920929e-7, 0, -7.450581e-9), (0.9999994, -1.1920929e-7, 0, -7.450581e-9), (0.9999994, -1.1920929e-7, 0, -7.450581e-9), (0.9999994, -1.1920929e-7, 0, -7.450581e-9), (0.66789246, 0.739, 0.077944264, -0.04150492), (0.99710447, -0.009762019, 0.075392276, -0.0017239153), (0.9371648, -0.03146729, -0.0578427, 0.3426159), (0.933397, -0.02492991, -0.017351806, 0.3575566), (-0.9260816, -0.0032575428, 0.047104117, -0.37435633), (0.99939084, -0.019554436, 0.028621405, 0.0039838254), (0.9169134, -0.04250905, -0.06872442, 0.39081845), (0.87756735, 0.01626052, -0.025686398, 0.4784881), (-0.917288, -0.0063773245, 0.03896305, -0.39626187), (0.99999994, -0.000011146069, 0.0000014305115, 0.0000022947788), (0.99391675, 0.033464253, -0.03791496, 0.09783381), (0.93967974, 0.02090162, 0.13792923, 0.31231287), (-0.80974585, -0.0809346, -0.004549399, -0.5811534), (0.8365487, 0.02994895, 0.12759346, 0.53198504), (0.9913821, -0.11763246, -0.029678106, 0.049425393), (0.92766356, 0.11716074, 0.028050214, 0.35344946), (-0.8334308, 0.0064039826, -0.048017412, -0.5504964), (0.8655249, -0.0011302531, 0.04840958, 0.49851966), (0.82510394, 0.3703396, 0.4266692, 0.0022781193), (0.986698, 0.044396825, -0.1385575, 0.07250893), (0.9713993, 0.060714357, -0.017107904, 0.22891901), (0.9682306, -0.007816103, -0.011564046, 0.24966896), (-0.039673574, -0.9990825, 0.00036759116, 0.016115695), (0.9999996, 8.940697e-8, 1.4901161e-8, 1.4901161e-8), (0.9999996, 8.940697e-8, 1.4901161e-8, 1.4901161e-8), (0.9999996, 8.940697e-8, 1.4901161e-8, 1.4901161e-8), (0.9993666, 0.028146328, -0.0060668513, -0.020899836), (0.99999976, 0.00032564066, 0.00020512193, -0.00010016002), (0.99997663, 0.0003108047, -0.00624365, -0.0026882961), (0.999017, 0.018941691, -0.03454227, 0.020318061), (0.51130664, -0.4875578, -0.47603872, -0.5236785), (0.47614515, -0.5227676, -0.51150274, -0.48822635), (1.0000004, 1.1175871e-8, 0, 1.8626451e-9), (0.511503, -0.4882257, -0.47614476, -0.5227677), (0.99999964, 7.450581e-9, 7.450581e-9, 0), (0.47968274, -0.5194191, -0.4797866, -0.5195314), (0.09835762, 0.72310793, 0.033663988, 0.68286645), (0.8825076, 0.105463445, -0.41952953, -0.18453102), (0.89432365, 0.42168808, -0.107322805, 0.104139835), (0.9999993, 2.0489097e-7, -5.9604645e-8, -2.9802322e-8), (0.9999993, 2.0489097e-7, -5.9604645e-8, -2.9802322e-8), (0.9999993, 2.0489097e-7, -5.9604645e-8, -2.9802322e-8), (0.9999993, 2.0489097e-7, -5.9604645e-8, -2.9802322e-8), (0.6402726, 0.76203877, -0.043597355, -0.08628997), (0.9970845, 0.024224699, 0.07006633, -0.018036366), (0.9726485, -0.032363072, -0.035883963, 0.22719768), (0.97105265, -0.02551426, -0.01612109, 0.23694819), (0.96754605, 0.024925902, -0.045134276, 0.24737583), (0.99938023, -0.018024057, 0.028358638, -0.01042968), (0.9534693, -0.051347136, -0.06263603, 0.2904053), (0.9231824, 0.010588139, -0.023072898, 0.38352147), (-0.95419455, 0.0016528666, 0.03192745, -0.2974721), (0.99999946, 0.000011473894, 0, -8.940697e-8), (0.98658764, -0.09776117, -0.08765221, 0.096972436), (0.9566719, 0.09642057, 0.14437705, 0.23374408), (0.880714, -0.010495149, 0.07599357, 0.46739367), (-0.8713944, -0.02563364, -0.11686034, -0.47577056), (0.992085, -0.116310105, -0.030196726, 0.036423206), (0.9540553, 0.08800419, 0.039680317, 0.28365135), (0.87231344, -0.005406946, 0.041239142, 0.48717356), (-0.8993605, 0.044188634, -0.06282242, -0.43040717), (0.8255521, 0.3676386, 0.42813027, -0.002991423), (0.9871079, 0.045161992, -0.13335383, 0.0761197), (0.97950363, 0.073032945, -0.015888765, 0.18704394), (0.97182727, -0.0071389675, -0.011242688, 0.2353166), (0.9990771, -0.039677173, 0.016407087, -0.000605911), (0.9999994, -5.9604645e-8, 1.4901161e-8, 1.4901161e-8), (0.9999994, -5.9604645e-8, 1.4901161e-8, 1.4901161e-8), (0.9999994, -5.9604645e-8, 1.4901161e-8, 1.4901161e-8), (0.48486117, -0.51458293, -0.4849714, -0.51469994), (-0.09628053, 0.066718385, 0.016030401, 0.9929861), (0.8989236, -0.12407372, 0.05771804, 0.41618547), (-0.06898351, 0.99666065, -0.032354675, -0.02935198), (-0.00014486909, 0.68918526, 0.72458375, 0.0010380745), (0.99997985, 0.000007353723, 0.000006109476, 0.006256938), (0.99999917, 2.3469329e-7, -0.0000011622906, -0.0011720434), (0.52657396, -0.514439, 0.4986921, 0.45757833), (0.9999988, 3.5762787e-7, 5.364418e-7, -0.0014618784), (0.99989516, -0.014482498, 6.556511e-7, 1.4901161e-8), (0.9995806, -0.02896192, 0.0000019073486, 0), (0.999037, -0.043873757, 0.0000023543835, 1.3411045e-7), (1, 2.8312206e-7, 4.991889e-7, -1.8626451e-9), (0.99999994, 3.7252903e-8, 0.0000014156103, 3.7252903e-8), (0.9999999, 7.003546e-7, 0.0000012591481, 3.7252903e-9), (0.94642663, -0.016024953, -0.048969336, -0.31878096), (0.9521277, -0.08897614, 0.024226293, 0.29145998), (0.021824716, 0.9993553, 0.006231959, 0.027810097), (0.00014707446, 0.6731341, 0.7395196, -0.0007262826), (0.9999825, 0.000004861271, -0.00002270937, 0.005829963), (0.9999989, 2.0646257e-7, -0.0000011220691, -0.001172021), (-0.51439536, -0.5265465, -0.4576344, 0.4987145), (0.99999875, 3.5762787e-7, 5.8021396e-7, -0.0014618337), (0.99989486, -0.014482494, -1.0430813e-7, -8.940697e-8), (0.9995803, -0.028961914, -1.611188e-7, -9.685755e-8), (0.9990368, -0.043873798, -1.7788261e-7, -8.940697e-8), (0.9999995, 2.477318e-7, -2.9802322e-8, 6.053597e-8), (0.9999994, 2.4214387e-8, -2.9802322e-8, 2.8871e-8), (0.9999994, 6.5006316e-7, 0, 3.632158e-8), (0.49999672, -0.49996498, -0.5000123, -0.50002533), (0.49999672, -0.49996498, -0.5000123, -0.50002533), (0.49999672, -0.49996498, -0.5000123, -0.50002533), (0.49999672, -0.49996498, -0.5000123, -0.50002533)],
                10: [(0.99999994, 0.00009370564, 0.00026282153, 0.00007177591), (0.46601918, 0.52102596, 0.51360446, 0.49756247), (0.9994894, -0.01979195, -0.004557213, 0.024660088), (0.9997877, -0.0107001485, -0.0024111718, -0.017441675), (0.99981576, -0.010762134, 0.0014853459, -0.015820669), (0.99863154, -0.028253525, 0.009779473, -0.042906784), (0.66763604, 0.014778137, -0.7403977, -0.076517254), (0.89149904, 0.03257948, -0.44128627, 0.09713094), (0.97891164, -0.043769225, -0.08571416, 0.18019232), (0.9999997, -1.1920929e-7, 0, -7.450581e-9), (0.9999997, -1.1920929e-7, 0, -7.450581e-9), (0.9999997, -1.1920929e-7, 0, -7.450581e-9), (0.9999997, -1.1920929e-7, 0, -7.450581e-9), (0.6675123, 0.73981273, 0.0725342, -0.042930126), (0.9967296, -0.022053063, 0.07772249, 0.0017620921), (0.941682, -0.032261103, -0.059536517, 0.32962093), (0.9374521, -0.024802804, -0.017418891, 0.34679264), (-0.93274, -0.0026095659, 0.046953943, -0.35746992), (0.99938035, -0.019422948, 0.028802812, 0.0056340992), (0.9245766, -0.04061301, -0.069793984, 0.3723401), (0.8851202, 0.01577355, -0.025391743, 0.4644007), (-0.9282671, -0.0038803518, 0.037896857, -0.36995676), (1, -0.000011146069, 0.0000014305115, 0.0000023543835), (0.9934559, 0.037533447, -0.040517986, 0.099972904), (0.9402032, 0.02380994, 0.13759096, 0.31067553), (-0.8419877, -0.07294531, -0.0018266141, -0.53453904), (0.85761803, 0.027154386, 0.119681835, 0.4994298), (0.99151695, -0.11581573, -0.03071031, 0.05037397), (0.93080056, 0.11717698, 0.02799213, 0.34510323), (-0.8455709, 0.0057403743, -0.045771956, -0.5318663), (0.88397974, -0.0014548898, 0.044408023, 0.46540922), (0.8251251, 0.37036577, 0.42660528, 0.002403468), (0.98669297, 0.043302245, -0.13973358, 0.07096655), (0.9727838, 0.059724335, -0.018225938, 0.22314218), (0.9696183, -0.007611867, -0.011785507, 0.24421999), (-0.039673604, -0.9990826, 0.00036759023, 0.01611568), (1, 8.940697e-8, 0, 7.450581e-9), (1, 8.940697e-8, 0, 7.450581e-9), (1, 8.940697e-8, 0, 7.450581e-9), (0.99963254, 0.022297354, -0.0073189437, -0.013563883), (0.99999994, 0.0003099125, 0.00015775114, -0.0000971416), (0.99997646, 0.00029520737, -0.006291032, -0.0026852563), (0.9991001, 0.002389568, -0.02996469, 0.029923722), (0.51130676, -0.48755783, -0.47603878, -0.5236786), (0.4761452, -0.52276754, -0.51150274, -0.48822635), (1.0000005, 1.1175871e-8, 3.7252903e-9, 0), (0.5115031, -0.48822573, -0.47614476, -0.52276784), (0.99999976, 9.313226e-9, 7.450581e-9, 0), (0.4796827, -0.519419, -0.47978663, -0.5195314), (0.09139171, 0.7273169, 0.032151014, 0.679429), (0.8801289, 0.11319122, -0.42521563, -0.17819202), (0.9110508, 0.37840313, -0.116192326, 0.115311414), (0.99999976, 1.8626451e-7, -4.4703484e-8, -5.9604645e-8), (0.99999976, 1.8626451e-7, -4.4703484e-8, -5.9604645e-8), (0.99999976, 1.8626451e-7, -4.4703484e-8, -5.9604645e-8), (0.99999976, 1.8626451e-7, -4.4703484e-8, -5.9604645e-8), (0.62824786, 0.77073056, -0.05025384, -0.09355953), (0.9970187, 0.024376944, 0.07107863, -0.017523766), (0.97521645, -0.03661394, -0.03137879, 0.21593326), (0.97359335, -0.025788233, -0.016085714, 0.22625509), (0.97179717, 0.023842245, -0.043848813, 0.23047383), (0.9993601, -0.018083885, 0.02873446, -0.011249274), (0.9580579, -0.052473664, -0.061022922, 0.2750411), (0.92760366, 0.00989458, -0.02260819, 0.37274945), (-0.9611518, 0.0041134953, 0.029885858, -0.27436623), (0.99999994, 0.000011473894, 0, -5.9604645e-8), (0.9866759, -0.09596692, -0.08974743, 0.095948815), (0.9551228, 0.088904396, 0.14819625, 0.24057028), (0.89525723, -0.025453016, 0.08466324, 0.43669087), (-0.88611156, -0.023636334, -0.11144659, -0.4492522), (0.99224883, -0.11504069, -0.031123072, 0.03520018), (0.95439374, 0.082197025, 0.041173488, 0.28404373), (0.87816286, -0.005311683, 0.040372282, 0.47662538), (-0.911341, 0.044950247, -0.059672564, -0.40481585), (0.8255899, 0.3675037, 0.4281742, -0.0030206442), (0.98730695, 0.04441172, -0.13431686, 0.072190054), (0.9809034, 0.074459106, -0.016351514, 0.17893241), (0.9736875, -0.006864831, -0.011490345, 0.22749385), (0.99907756, -0.039677203, 0.016407117, -0.0006058812), (0.9999999, -5.9604645e-8, 2.9802322e-8, 1.4901161e-8), (0.9999999, -5.9604645e-8, 2.9802322e-8, 1.4901161e-8), (0.9999999, -5.9604645e-8, 2.9802322e-8, 1.4901161e-8), (0.48486134, -0.5145832, -0.48497152, -0.5147002), (-0.05674512, 0.08561598, 0.018374443, 0.99454117), (0.85941684, -0.116473556, 0.06692994, 0.49331245), (-0.074233875, 0.9951972, -0.05997704, -0.021793246), (-0.00025975704, 0.7034436, 0.7107511, 0.000106334686), (0.9999905, 0.00002015382, -0.000013902783, 0.004329607), (0.99999964, 2.30968e-7, -0.0000011324883, -0.0011720583), (0.5265742, -0.5144392, 0.49869242, 0.45757857), (0.99999917, 3.6507845e-7, 5.364418e-7, -0.0014618933), (0.99989545, -0.014482506, 6.556511e-7, -1.4901161e-8), (0.9995809, -0.028961912, 0.0000018775463, 1.4901161e-8), (0.9990374, -0.043873772, 0.0000023543835, 1.3411045e-7), (1.0000001, 2.6077032e-7, 4.917383e-7, 3.7252903e-9), (1.0000001, 7.450581e-9, 0.0000014528632, 7.450581e-9), (0.99999994, 7.0780516e-7, 0.000001296401, 2.9802322e-8), (0.952265, -0.01764, -0.044766486, -0.3014563), (0.9381579, -0.08633397, 0.029923514, 0.33393228), (0.03231797, 0.9978994, -0.05189586, 0.021431834), (0.00029945374, 0.7044793, 0.70972466, -0.00014778972), (0.99998826, -0.000020650215, 0.0000063478947, 0.0048649264), (0.9999993, 1.823355e-7, -0.0000011345837, -0.0011720434), (-0.51439565, -0.5265468, -0.4576346, 0.49871477), (0.9999989, 3.4458935e-7, 6.221235e-7, -0.0014618263), (0.9998951, -0.01448251, -1.15484e-7, -9.685755e-8), (0.9995805, -0.028961893, -1.6391277e-7, -8.195639e-8), (0.99903697, -0.043873798, -1.6391277e-7, -7.4505806e-8), (0.99999964, 2.514571e-7, -2.9802322e-8, 6.519258e-8), (0.9999995, 2.7939677e-8, 0, 3.1664968e-8), (0.9999995, 6.5378845e-7, -2.9802322e-8, 4.4703484e-8), (0.4999968, -0.4999651, -0.5000124, -0.50002545), (0.4999968, -0.4999651, -0.5000124, -0.50002545), (0.4999968, -0.4999651, -0.5000124, -0.50002545), (0.4999968, -0.4999651, -0.5000124, -0.50002545)],
                11: [(1, 0.000008828601, 0.00012874635, 0.00009572916), (0.46723187, 0.5255245, 0.51421, 0.49102584), (0.9995795, -0.020855777, -0.0020593107, 0.020028684), (0.9997946, -0.004235709, 0.0006865598, -0.019791655), (0.9998728, -0.004118342, 0.0017486466, -0.015276663), (0.99908686, -0.019228645, 0.0063301474, -0.037609126), (0.669076, 0.020967066, -0.73865575, -0.07927212), (0.8926784, 0.030941218, -0.44114023, 0.08696087), (0.98074436, -0.0025199652, -0.1042598, 0.16511548), (0.9999994, -1.0430813e-7, 0, 7.450581e-9), (0.9999994, -1.0430813e-7, 0, 7.450581e-9), (0.9999994, -1.0430813e-7, 0, 7.450581e-9), (0.9999994, -1.0430813e-7, 0, 7.450581e-9), (0.6667404, 0.74134684, 0.061054118, -0.046193063), (0.99642575, -0.028901085, 0.07921222, 0.005041659), (0.94562995, -0.03301008, -0.060970217, 0.3177679), (0.9410075, -0.024691775, -0.017403394, 0.33703366), (-0.9385167, -0.0021398515, 0.046691492, -0.34205416), (0.9993666, -0.019372612, 0.028963894, 0.0071857274), (0.93120027, -0.038813964, -0.07083331, 0.35544574), (0.891745, 0.01530306, -0.02502124, 0.45158598), (-0.9375838, -0.0017917007, 0.036735497, -0.34580833), (0.9999999, -0.00001116097, 0.0000014007092, 0.0000023245811), (0.9930153, 0.041148633, -0.04286176, 0.10192934), (0.9406198, 0.026452914, 0.13721108, 0.30936483), (-0.87032735, -0.055675983, -0.009210456, -0.48922834), (0.8755336, 0.024829239, 0.11254367, 0.46920928), (0.99162567, -0.11422992, -0.031642377, 0.051264912), (0.9335791, 0.11711857, 0.027959824, 0.33753633), (-0.85618585, 0.005126074, -0.04385663, -0.5147772), (0.8996253, -0.0014482439, 0.040853634, 0.4347444), (0.8251679, 0.37032655, 0.42655516, 0.0025065243), (0.9866849, 0.042297587, -0.14078909, 0.06957979), (0.97400653, 0.05880781, -0.019208103, 0.21790566), (0.9708476, -0.0074207224, -0.011966497, 0.23928194), (-0.039673585, -0.99908245, 0.00036759768, 0.01611571), (0.99999946, 8.940697e-8, 0, 5.5879354e-9), (0.99999946, 8.940697e-8, 0, 5.5879354e-9), (0.99999946, 8.940697e-8, 0, 5.5879354e-9), (0.99983245, 0.015563695, -0.008507695, -0.0043993304), (0.99999946, 0.00027554063, 0.00010488182, -0.00009789271), (0.9999757, 0.0002609538, -0.006344009, -0.0026856894), (0.9987713, -0.013487905, -0.023241507, 0.04162772), (0.5113065, -0.48755762, -0.47603858, -0.52367836), (0.47614497, -0.52276736, -0.5115025, -0.48822615), (0.9999999, 1.1175871e-8, 0, 0), (0.5115029, -0.48822552, -0.4761446, -0.5227676), (0.9999994, 8.381903e-9, 7.450581e-9, 0), (0.4796825, -0.5194189, -0.4797864, -0.51953125), (0.08357119, 0.73108304, 0.030819744, 0.67644805), (0.87842023, 0.12106815, -0.43183878, -0.16502675), (0.9282669, 0.32140818, -0.12948349, 0.1350897), (0.9999988, 1.6391277e-7, -2.9802322e-8, -4.4703484e-8), (0.9999988, 1.6391277e-7, -2.9802322e-8, -4.4703484e-8), (0.9999988, 1.6391277e-7, -2.9802322e-8, -4.4703484e-8), (0.9999988, 1.6391277e-7, -2.9802322e-8, -4.4703484e-8), (0.6259279, 0.7724344, -0.05072979, -0.09478244), (0.9969517, 0.024315655, 0.07211404, -0.01714024), (0.9773795, -0.040648133, -0.02726829, 0.20574683), (0.9757848, -0.026078835, -0.016099542, 0.2165711), (0.975396, 0.022736922, -0.042698503, 0.2150831), (0.99933183, -0.01834862, 0.029195651, -0.0120431185), (0.9619365, -0.053613707, -0.059589803, 0.26124844), (0.9314046, 0.009232387, -0.022224396, 0.36318627), (-0.9669187, 0.0065365434, 0.027995199, -0.25345594), (0.99999905, 0.000011488795, 0, -8.940697e-8), (0.9867474, -0.09449606, -0.091524795, 0.09498033), (0.9534339, 0.08240831, 0.15154013, 0.24739924), (0.90659153, -0.04003214, 0.093368635, 0.40959695), (-0.8985076, -0.021857359, -0.10655565, -0.42526507), (0.99237597, -0.11408363, -0.031841025, 0.03404519), (0.9544821, 0.076975256, 0.042460606, 0.2850152), (0.88307613, -0.0052589327, 0.03963232, 0.46752086), (-0.9213611, 0.04570605, -0.05698076, -0.3817795), (0.8256469, 0.36717454, 0.42834383, -0.0031087995), (0.9874815, 0.04375495, -0.13517468, 0.06849592), (0.98213375, 0.07574206, -0.01680237, 0.17144145), (0.97534657, -0.0066230223, -0.011731178, 0.22026235), (0.9990767, -0.039677158, 0.016407073, -0.000605911), (0.9999989, -2.9802322e-8, 2.9802322e-8, 1.4901161e-8), (0.9999989, -2.9802322e-8, 2.9802322e-8, 1.4901161e-8), (0.9999989, -2.9802322e-8, 2.9802322e-8, 1.4901161e-8), (0.48486102, -0.5145828, -0.48497123, -0.5146999), (0.005295476, 0.09102455, 0.020392358, 0.9956256), (0.83254135, -0.10997198, 0.071147695, 0.53825545), (-0.06648801, 0.99484783, -0.07375587, -0.020416409), (0.00023046136, 0.6907176, 0.7231239, -0.000119417906), (0.99999374, -0.0000057984143, -0.0000154078, 0.0033376813), (0.99999917, 2.2538006e-7, -0.0000011622906, -0.0011720285), (0.52657396, -0.51443905, 0.4986922, 0.45757836), (0.9999989, 3.7252903e-7, 5.364418e-7, -0.0014618635), (0.99989533, -0.014482491, 6.556511e-7, 0), (0.9995806, -0.028961912, 0.0000019073486, 0), (0.99903715, -0.043873765, 0.0000023245811, 1.1920929e-7), (1, 2.8312206e-7, 5.438924e-7, 2.7939677e-8), (1.0000001, -7.450581e-9, 0.0000013876706, 1.8626451e-8), (1, 6.854534e-7, 0.0000012759119, -4.4703484e-8), (0.96300936, -0.019578123, -0.03253761, -0.2667784), (0.93847007, -0.0766896, 0.02777493, 0.33559057), (0.045877613, 0.9948156, -0.08946473, 0.01527071), (0.00040096045, 0.706302, 0.7079103, -0.00009945035), (0.9999924, -0.000005157257, 0.0000014305115, 0.003849301), (0.99999905, 1.9575236e-7, -0.0000011265511, -0.001172021), (-0.5143955, -0.5265466, -0.4576345, 0.49871466), (0.9999987, 3.3900142e-7, 6.183982e-7, -0.0014618039), (0.9998949, -0.014482516, -1.3411045e-7, -6.3329935e-8), (0.99958026, -0.028961891, -1.2665987e-7, -6.7055225e-8), (0.9990367, -0.04387376, -1.7136335e-7, -8.195639e-8), (0.9999996, 2.5331974e-7, -4.4703484e-8, 4.284084e-8), (0.9999996, 3.5390258e-8, -2.9802322e-8, 2.0489097e-8), (0.9999995, 6.593764e-7, -4.4703484e-8, 4.4703484e-8), (0.49999684, -0.49996504, -0.5000124, -0.50002545), (0.49999684, -0.49996504, -0.5000124, -0.50002545), (0.49999684, -0.49996504, -0.5000124, -0.50002545), (0.49999684, -0.49996504, -0.5000124, -0.50002545)],
                12: [(1, 0.000008919563, -0.000055711203, 0.000030278952), (0.46707594, 0.52967924, 0.515401, 0.48542917), (0.9997132, -0.017414797, 0.00091408193, 0.016396802), (0.99977386, 0.00091481674, 0.0032311007, -0.0209891), (0.99988246, 0.00096404785, 0.0017604493, -0.015193531), (0.9993198, -0.0072038146, 0.0027636848, -0.036056176), (0.67129505, 0.028836846, -0.73647904, -0.07829093), (0.89529115, 0.03705603, -0.43869758, 0.06800431), (0.97916687, 0.04908271, -0.12126068, 0.15530077), (0.9999994, -1.1920929e-7, 0, -7.450581e-9), (0.9999994, -1.1920929e-7, 0, -7.450581e-9), (0.9999994, -1.1920929e-7, 0, -7.450581e-9), (0.9999994, -1.1920929e-7, 0, -7.450581e-9), (0.6664236, 0.7424242, 0.045789637, -0.05087799), (0.99632597, -0.029097334, 0.08013825, 0.0080779195), (0.9488289, -0.034395248, -0.06210451, 0.30770618), (0.9437823, -0.024960488, -0.01704716, 0.32918137), (-0.94325197, -0.001624018, 0.045256745, -0.3289743), (0.99933887, -0.019482464, 0.029379562, 0.008861303), (0.9365604, -0.038200766, -0.07172008, 0.34095594), (0.8968833, 0.0143907145, -0.024121366, 0.44137388), (-0.9450318, -0.00025817752, 0.033879735, -0.32521755), (0.99999994, -0.00001116097, 0.0000014305115, 0.0000022947788), (0.9926548, 0.044084653, -0.04462777, 0.103444576), (0.9407116, 0.029428408, 0.13680524, 0.30899727), (-0.89132917, -0.031271815, -0.025901297, -0.45153376), (0.88961875, 0.02466996, 0.10749227, 0.44318652), (0.991706, -0.11298385, -0.032160774, 0.052144617), (0.9358388, 0.11657075, 0.027996138, 0.33141008), (-0.86459416, 0.005324781, -0.043496765, -0.5005558), (0.9120639, -0.0004941225, 0.039715447, 0.40811962), (0.8251863, 0.37009376, 0.4267224, 0.0024398565), (0.98668313, 0.04145422, -0.14156461, 0.06853655), (0.975021, 0.057943814, -0.019930184, 0.21349254), (0.9718673, -0.0072301687, -0.012047991, 0.23510903), (-0.03967358, -0.99908245, 0.00036760513, 0.016115695), (0.99999964, 8.940697e-8, -1.1175871e-8, 3.7252903e-9), (0.99999964, 8.940697e-8, -1.1175871e-8, 3.7252903e-9), (0.99999964, 8.940697e-8, -1.1175871e-8, 3.7252903e-9), (0.99991393, 0.004420228, -0.010755189, 0.0060157683), (0.9999996, -0.00003469944, 0.00023733824, 0.000037105754), (0.9999771, -0.00004873681, -0.0062124655, -0.002548745), (0.99847025, -0.029438682, -0.014979031, 0.04433378), (0.51130664, -0.4875577, -0.47603866, -0.5236785), (0.47614512, -0.5227674, -0.5115026, -0.4882262), (1.0000001, 1.094304e-8, 0, 9.313226e-10), (0.51150304, -0.48822564, -0.47614467, -0.5227677), (0.9999996, 9.313226e-9, 1.1175871e-8, -9.313226e-10), (0.47968262, -0.51941895, -0.47978652, -0.51953137), (0.07855077, 0.7340014, 0.031517446, 0.673853), (0.88074654, 0.12601432, -0.4335236, -0.14304823), (0.9443686, 0.25070345, -0.14097573, 0.15950191), (0.9999994, 1.7881393e-7, -6.3329935e-8, -4.4703484e-8), (0.9999994, 1.7881393e-7, -6.3329935e-8, -4.4703484e-8), (0.9999994, 1.7881393e-7, -6.3329935e-8, -4.4703484e-8), (0.9999994, 1.7881393e-7, -6.3329935e-8, -4.4703484e-8), (0.62619454, 0.7728169, -0.047126625, -0.09172049), (0.99689776, 0.024622336, 0.072809845, -0.016930908), (0.9791398, -0.043792233, -0.023665845, 0.19699547), (0.9775053, -0.025633655, -0.016277105, 0.2087129), (0.9782498, 0.022655755, -0.042128205, 0.20183878), (0.9993156, -0.018259883, 0.029500738, -0.012786925), (0.96501964, -0.05389543, -0.058067665, 0.24991873), (0.9342074, 0.009221375, -0.022150517, 0.3559208), (-0.9714038, 0.0076544136, 0.027621925, -0.2356948), (0.9999996, 0.000011458993, 7.450581e-9, -1.1920929e-7), (0.98687935, -0.0928365, -0.09321493, 0.09359807), (0.9514828, 0.07731938, 0.15446435, 0.25464106), (0.91575056, -0.049664967, 0.09781117, 0.3864798), (-0.90801, -0.021273188, -0.10011683, -0.40625316), (0.99254274, -0.11284728, -0.03249097, 0.032678485), (0.9542593, 0.07248616, 0.04340586, 0.28679267), (0.88651127, -0.004725255, 0.038911283, 0.46104315), (-0.92910904, 0.046034068, -0.053031974, -0.36307627), (0.8256091, 0.36726704, 0.42833897, -0.0030498356), (0.9876222, 0.043250203, -0.13595966, 0.06516105), (0.9831648, 0.076864205, -0.017024321, 0.16488896), (0.97677654, -0.0063600764, -0.011851639, 0.21383676), (0.9990773, -0.039677218, 0.016407102, -0.000605911), (0.99999976, -4.4703484e-8, 1.4901161e-8, 2.2351742e-8), (0.99999976, -4.4703484e-8, 1.4901161e-8, 2.2351742e-8), (0.99999976, -4.4703484e-8, 1.4901161e-8, 2.2351742e-8), (0.48486122, -0.514583, -0.48497143, -0.5147), (0.08520325, 0.084520176, 0.017813772, 0.9926121), (0.8282867, -0.10297882, 0.06798212, 0.54654765), (-0.049036898, 0.9959975, -0.07158795, -0.021420151), (0.000022411346, 0.67108417, 0.74138045, 0.00008434057), (0.99999285, 0.0000011790544, 0.000018805265, 0.003646493), (0.9999991, 2.7567148e-7, -0.0000010728836, -0.0011720359), (0.52657396, -0.5144389, 0.49869218, 0.4575783), (0.9999987, 3.5762787e-7, 5.9604645e-7, -0.0014618635), (0.999895, -0.014482491, 6.2584877e-7, 0), (0.9995805, -0.02896189, 0.0000018775463, 1.4901161e-8), (0.9990368, -0.043873757, 0.0000023245811, 1.0430813e-7), (0.9999999, 2.682209e-7, 5.029142e-7, 1.8626451e-9), (0.9999999, 1.4901161e-8, 0.0000013932586, 1.8626451e-8), (0.99999976, 6.7800283e-7, 0.0000012665987, -5.5879354e-9), (0.97546154, -0.016266603, -0.019332536, -0.218714), (0.9482188, -0.07019147, 0.022948917, 0.3089125), (0.061753668, 0.99184537, -0.111068025, 0.009628624), (0.000054061413, 0.70703775, 0.70717543, 0.000060498714), (0.9999926, 0.0000015165351, 0.000010848045, 0.0037496348), (0.9999989, 1.9980507e-7, -0.0000011047814, -0.0011719763), (-0.51439536, -0.5265465, -0.45763445, 0.49871457), (0.99999857, 3.9115548e-7, 6.183982e-7, -0.0014618076), (0.9998947, -0.014482515, -9.685755e-8, -1.4528632e-7), (0.9995801, -0.028961899, -1.4156103e-7, -8.568168e-8), (0.99903667, -0.0438738, -1.1175871e-7, -5.9604645e-8), (0.99999934, 2.5704503e-7, -1.4901161e-8, 1.3038516e-8), (0.9999993, 2.7008355e-8, -2.9802322e-8, 3.1664968e-8), (0.9999993, 6.770715e-7, -1.4901161e-8, 2.9802322e-8), (0.49999675, -0.49996498, -0.5000123, -0.50002533), (0.49999675, -0.49996498, -0.5000123, -0.50002533), (0.49999675, -0.49996498, -0.5000123, -0.50002533), (0.49999675, -0.49996498, -0.5000123, -0.50002533)],
                13: [(1, 0.000024920893, -0.00010101382, 0.000041422136), (0.46648932, 0.53145736, 0.5165443, 0.48282784), (0.99978924, -0.012911934, 0.0019889604, 0.015831057), (0.9997468, 0.0061907214, 0.0046955254, -0.021114366), (0.99986565, 0.0063136723, 0.0017987292, -0.015022401), (0.9993773, 0.0034659295, -0.0012902003, -0.03508943), (0.6748704, 0.0343194, -0.73268163, -0.08093068), (0.8968222, 0.044169456, -0.43781257, 0.045601405), (0.97445107, 0.10647233, -0.13509975, 0.14442027), (0.99999994, -1.1920929e-7, -1.4901161e-8, 0), (0.99999994, -1.1920929e-7, -1.4901161e-8, 0), (0.99999994, -1.1920929e-7, -1.4901161e-8, 0), (0.99999994, -1.1920929e-7, -1.4901161e-8, 0), (0.665521, 0.7437526, 0.027733669, -0.056081623), (0.9964097, -0.02593939, 0.080024466, 0.009558588), (0.9508802, -0.0350333, -0.06285083, 0.30108055), (0.94567007, -0.024996802, -0.017023392, 0.32371762), (-0.9462317, -0.0012187585, 0.0449098, -0.32035398), (0.9993287, -0.019407913, 0.02953662, 0.009680241), (0.9399525, -0.037210926, -0.07243589, 0.3314487), (0.900406, 0.014042448, -0.02386782, 0.43416923), (-0.9496208, 0.00094540045, 0.03293562, -0.31166577), (1.0000004, -0.000011146069, 0.0000014454126, 0.0000023245811), (0.9923974, 0.04609714, -0.045889363, 0.104484975), (0.9409504, 0.031100638, 0.13657618, 0.30820823), (-0.90331733, -0.0129983425, -0.03920425, -0.4269802), (0.8985122, 0.023450047, 0.10366337, 0.4258874), (0.99177015, -0.112075314, -0.032621823, 0.0526042), (0.9373395, 0.116487935, 0.027975805, 0.32717353), (-0.8701856, 0.005088657, -0.04251591, -0.4908598), (0.91975033, -0.0004620105, 0.038039207, 0.39065558), (0.8251899, 0.37007964, 0.42672846, 0.0024619997), (0.98667866, 0.040911093, -0.14212811, 0.06775996), (0.9756762, 0.05743453, -0.020458639, 0.21056762), (0.97252893, -0.0071193874, -0.012157541, 0.23235472), (-0.03967362, -0.9990829, 0.000367566, 0.016115688), (1.0000001, 8.940697e-8, -6.0535967e-9, 0), (1.0000001, 8.940697e-8, -6.0535967e-9, 0), (1.0000001, 8.940697e-8, -6.0535967e-9, 0), (0.9998427, -0.0053528743, -0.012398601, 0.011480909), (0.99999976, -0.00007295003, 0.0002731476, 0.00003239885), (0.9999774, -0.00008729147, -0.006176742, -0.0025533065), (0.9982585, -0.044316232, -0.007692066, 0.03816864), (0.5113068, -0.48755795, -0.47603884, -0.52367866), (0.47614524, -0.52276766, -0.51150274, -0.48822644), (1.0000004, 1.094304e-8, 0, 0), (0.51150316, -0.48822582, -0.47614482, -0.5227679), (0.9999998, 9.19681e-9, 7.450581e-9, 0), (0.47968283, -0.51941913, -0.4797867, -0.51953155), (0.07082054, 0.73613733, 0.02784419, 0.67254055), (0.884123, 0.12406874, -0.43522152, -0.11625548), (0.9555875, 0.17616597, -0.15072206, 0.18193533), (0.99999976, 1.8626451e-7, -6.3329935e-8, -2.9802322e-8), (0.99999976, 1.8626451e-7, -6.3329935e-8, -2.9802322e-8), (0.99999976, 1.8626451e-7, -6.3329935e-8, -2.9802322e-8), (0.99999976, 1.8626451e-7, -6.3329935e-8, -2.9802322e-8), (0.6291286, 0.77164614, -0.03927832, -0.08494958), (0.99685514, 0.024712894, 0.073241085, -0.017453402), (0.9802223, -0.045901425, -0.021429088, 0.19130567), (0.97865117, -0.02565172, -0.016237989, 0.20327353), (0.98002875, 0.022282101, -0.04151696, 0.19319305), (0.99929583, -0.018249027, 0.029648725, -0.01399225), (0.96681273, -0.054499228, -0.057017595, 0.2430059), (0.93599087, 0.009005882, -0.021924093, 0.3512255), (-0.9739881, 0.008586317, 0.026877716, -0.22483568), (0.99999994, 0.000011473894, 1.4901161e-8, -8.940697e-8), (0.9869872, -0.09180747, -0.09440398, 0.092280895), (0.9498108, 0.07399828, 0.156066, 0.26082098), (0.92144495, -0.050325517, 0.09554255, 0.37320092), (-0.91348606, -0.020674925, -0.09719792, -0.3945498), (0.99264765, -0.112176314, -0.03300511, 0.031264782), (0.9535879, 0.069717, 0.04381507, 0.28963634), (0.88801223, -0.0046269074, 0.038716644, 0.45816278), (-0.93345827, 0.046236176, -0.051371865, -0.35196337), (0.8256254, 0.36725986, 0.42831475, -0.003045097), (0.9877538, 0.042979658, -0.13638186, 0.062412634), (0.9839077, 0.07762739, -0.0171493, 0.16001788), (0.97780037, -0.0061700344, -0.011941887, 0.20910752), (0.9990776, -0.039677218, 0.016407087, -0.0006059408), (0.99999976, -2.9802322e-8, 1.4901161e-8, 2.6077032e-8), (0.99999976, -2.9802322e-8, 1.4901161e-8, 2.6077032e-8), (0.99999976, -2.9802322e-8, 1.4901161e-8, 2.6077032e-8), (0.48486137, -0.5145831, -0.48497152, -0.5147001), (0.15734026, 0.07450202, 0.012372524, 0.9846524), (0.84853077, -0.09637624, 0.06219706, 0.516564), (-0.02885991, 0.99808055, -0.047905214, -0.026586056), (0.00004258752, 0.6534833, 0.75694025, 0.00008010864), (0.9999928, 0.0000023633474, 0.000018775463, 0.0036323369), (0.99999905, 2.2770837e-7, -0.0000011324883, -0.0011720285), (0.52657396, -0.514439, 0.4986921, 0.45757836), (0.9999988, 3.7252903e-7, 5.662441e-7, -0.0014618933), (0.9998951, -0.014482502, 6.2584877e-7, -2.9802322e-8), (0.99958056, -0.028961927, 0.0000019073486, 2.9802322e-8), (0.999037, -0.04387377, 0.0000023543835, 1.6391277e-7), (1.0000001, 2.682209e-7, 4.917383e-7, 9.313226e-9), (1.0000001, 2.9802322e-8, 0.0000014156103, 1.6763806e-8), (1, 6.854534e-7, 0.0000012814999, -3.7252903e-9), (0.98667705, -0.012606408, -0.0116775, -0.16177993), (0.9631855, -0.0626649, 0.020596098, 0.26061904), (0.07572021, 0.9901167, -0.11793131, 0.005246699), (0.000053167343, 0.7070687, 0.70714504, 0.00006735325), (0.9999931, 2.6242378e-7, 0.00000885129, 0.0037409305), (0.9999993, 1.9796425e-7, -0.0000011248048, -0.0011719987), (-0.51439553, -0.5265467, -0.45763457, 0.49871472), (0.9999987, 3.5390258e-7, 6.4074993e-7, -0.0014618393), (0.99989486, -0.014482523, -1.0430813e-7, -1.359731e-7), (0.99958026, -0.028961921, -1.2665987e-7, -5.9604645e-8), (0.9990368, -0.043873765, -1.2665987e-7, -7.4505806e-8), (0.9999994, 2.514571e-7, -2.9802322e-8, 2.9802322e-8), (0.99999934, 2.4214387e-8, -1.4901161e-8, 4.4703484e-8), (0.9999994, 6.3795596e-7, -2.9802322e-8, 1.4901161e-8), (0.49999687, -0.4999651, -0.5000123, -0.5000255), (0.49999687, -0.4999651, -0.5000123, -0.5000255), (0.49999687, -0.4999651, -0.5000123, -0.5000255), (0.49999687, -0.4999651, -0.5000123, -0.5000255)],
                14: [(1, 0.000034596527, -0.00018342806, 0.000021025959), (0.4684125, 0.53129023, 0.5128818, 0.485049), (0.9998385, -0.003039455, 0.0021321662, 0.01757295), (0.99971664, 0.011454876, 0.006403582, -0.019847538), (0.99981934, 0.011604531, 0.0017703883, -0.014934219), (0.99920803, 0.014874819, -0.0047960225, -0.03658683), (0.6784213, 0.037198484, -0.72880465, -0.084878996), (0.8978894, 0.053332597, -0.43654475, 0.019467533), (0.96615803, 0.1682008, -0.14121245, 0.1353002), (0.99999976, -1.1920929e-7, -5.2154064e-8, -7.450581e-9), (0.99999976, -1.1920929e-7, -5.2154064e-8, -7.450581e-9), (0.99999976, -1.1920929e-7, -5.2154064e-8, -7.450581e-9), (0.99999976, -1.1920929e-7, -5.2154064e-8, -7.450581e-9), (0.66462165, 0.7445928, 0.009358093, -0.06141928), (0.9965779, -0.020698402, 0.07940363, 0.00999248), (0.9516747, -0.03529068, -0.063141815, 0.2984684), (0.94640076, -0.0250103, -0.017016746, 0.32157508), (-0.9473825, -0.0010568267, 0.044762902, -0.31695676), (0.9993241, -0.019376617, 0.029597566, 0.010020256), (0.9412594, -0.03681309, -0.072728775, 0.3276985), (0.901768, 0.013905538, -0.023772944, 0.43134218), (-0.951372, 0.0014175922, 0.032546557, -0.3063177), (1.0000005, -0.000011164695, 0.0000014081597, 0.0000023543835), (0.9922937, 0.04688061, -0.046390187, 0.10490024), (0.94104093, 0.031794615, 0.13647813, 0.30790484), (-0.9075021, -0.005085528, -0.0452964, -0.41756767), (0.90191436, 0.022957936, 0.10214631, 0.41903457), (0.9917943, -0.111717016, -0.032806154, 0.052797675), (0.9379237, 0.1164545, 0.027966496, 0.32550845), (-0.8723477, 0.004994355, -0.042128272, -0.48704255), (0.9226804, -0.00044771284, 0.037394717, 0.38374904), (0.8251935, 0.37006652, 0.4267328, 0.0024810731), (0.98667645, 0.04069771, -0.14234911, 0.06745685), (0.9759313, 0.057232853, -0.020664588, 0.20941794), (0.97278714, -0.0070755575, -0.012201052, 0.23127198), (-0.039673604, -0.99908304, 0.00036757952, 0.01611571), (0.9999999, 8.940697e-8, 0, -7.450581e-9), (0.9999999, 8.940697e-8, 0, -7.450581e-9), (0.9999999, 8.940697e-8, 0, -7.450581e-9), (0.99971527, -0.015777742, -0.013241518, 0.012023039), (0.9999995, -0.00008327793, 0.0002843719, 0.0000042021275), (0.9999773, -0.00009778049, -0.0061654877, -0.0025813282), (0.9978707, -0.05872424, -0.0009614574, 0.028351177), (0.5113066, -0.4875577, -0.47603863, -0.52367836), (0.47614506, -0.5227674, -0.51150256, -0.48822612), (1, 1.1175871e-8, 0, 0), (0.5115029, -0.48822564, -0.47614464, -0.52276766), (0.9999995, 8.381903e-9, 7.450581e-9, 4.656613e-10), (0.4796826, -0.5194189, -0.47978646, -0.51953137), (0.0642475, 0.73740304, 0.020152241, 0.6720881), (0.8878822, 0.11414054, -0.4374987, -0.0850386), (0.96243787, 0.101394676, -0.15425842, 0.19908847), (0.9999995, 1.7881393e-7, -6.7055225e-8, -2.9802322e-8), (0.9999995, 1.7881393e-7, -6.7055225e-8, -2.9802322e-8), (0.9999995, 1.7881393e-7, -6.7055225e-8, -2.9802322e-8), (0.9999995, 1.7881393e-7, -6.7055225e-8, -2.9802322e-8), (0.63296366, 0.7694597, -0.028938044, -0.080316424), (0.9968238, 0.024706423, 0.07337928, -0.018618822), (0.98064363, -0.046537302, -0.02096844, 0.1890291), (0.97909963, -0.025656074, -0.016224857, 0.20110089), (0.9807152, 0.022141106, -0.0412741, 0.18974483), (0.9992724, -0.018263262, 0.029708095, -0.015425682), (0.9671356, -0.054905213, -0.056487367, 0.24174905), (0.9361074, 0.008990355, -0.021856427, 0.35091823), (-0.97467124, 0.008828476, 0.026683882, -0.22186762), (0.99999976, 0.0000114664435, -3.7252903e-9, -8.940697e-8), (0.9871143, -0.09130812, -0.09497899, 0.09081018), (0.94821966, 0.07310519, 0.15654024, 0.26651353), (0.9235637, -0.0387837, 0.08344303, 0.37224025), (-0.9137939, -0.020906113, -0.096716665, -0.39394057), (0.9927131, -0.11194656, -0.033215202, 0.029747993), (0.9523414, 0.06882075, 0.04357617, 0.29395583), (0.88706696, -0.0046516005, 0.039002687, 0.45996574), (-0.9335932, 0.046238236, -0.051288098, -0.35161644), (0.8256289, 0.3672654, 0.42830274, -0.0030569732), (0.9878672, 0.04299335, -0.13646254, 0.060395945), (0.98434615, 0.07793605, -0.017113432, 0.15714805), (0.978395, -0.006058581, -0.011966342, 0.20630893), (0.9990774, -0.039677203, 0.016407091, -0.0006059408), (0.9999998, -8.940697e-8, 2.9802322e-8, 2.9336661e-8), (0.9999998, -8.940697e-8, 2.9802322e-8, 2.9336661e-8), (0.9999998, -8.940697e-8, 2.9802322e-8, 2.9336661e-8), (0.48486128, -0.5145831, -0.48497152, -0.5147001), (0.22171678, 0.06358876, 0.0008895993, 0.973035), (0.8853776, -0.087752715, 0.0514704, 0.453604), (-0.0026262403, 0.9993491, -0.011919351, -0.033941418), (0.000049620867, 0.64525545, 0.7639665, 0.000054061413), (0.999993, 0.0000021727756, 0.000015944242, 0.0036530718), (0.9999993, 2.6635826e-7, -0.0000011324883, -0.0011720359), (0.5265741, -0.51443905, 0.4986922, 0.45757848), (0.99999887, 3.585592e-7, 5.5134296e-7, -0.0014618635), (0.9998952, -0.01448248, 6.854534e-7, -1.4901161e-8), (0.9995806, -0.028961882, 0.0000018775463, 1.4901161e-8), (0.99903715, -0.04387378, 0.00000230968, 1.3411045e-7), (1.0000001, 2.6077032e-7, 5.066395e-7, 1.6763806e-8), (1.0000001, 3.7252903e-9, 0.0000013709068, 3.3527613e-8), (1, 6.92904e-7, 0.0000012665987, 0), (0.9954098, -0.003681264, -0.0033463351, -0.09557215), (0.9797652, -0.055663675, 0.018437855, 0.19136609), (0.087393284, 0.99000823, -0.110626414, 0.0026383996), (0.000046044588, 0.707097, 0.70711577, 0.00006392598), (0.99999243, -6.397313e-7, 0.0000070929527, 0.0037345095), (0.9999987, 1.8436003e-7, -0.0000011292286, -0.0011720061), (-0.51439524, -0.5265464, -0.45763433, 0.4987144), (0.99999833, 3.427267e-7, 6.03497e-7, -0.0014618393), (0.9998946, -0.014482516, -1.3411045e-7, -1.13621354e-7), (0.9995799, -0.02896193, -1.1175871e-7, -6.7055225e-8), (0.99903643, -0.043873757, -1.4156103e-7, -5.9604645e-8), (0.9999993, 2.3189932e-7, -1.4901161e-8, 1.8626451e-8), (0.9999993, -6.0535967e-9, -5.2154064e-8, 1.4901161e-8), (0.99999934, 6.787013e-7, 0, -1.1175871e-8), (0.49999678, -0.49996498, -0.5000123, -0.5000254), (0.49999678, -0.49996498, -0.5000123, -0.5000254), (0.49999678, -0.49996498, -0.5000123, -0.5000254), (0.49999678, -0.49996498, -0.5000123, -0.5000254)],
                15: [(1, 0.000027263028, -0.00015568307, 0.000018355802), (0.47269344, 0.5319051, 0.5055211, 0.48794067), (0.9997333, 0.007082825, 0.0028109476, 0.021784175), (0.99966407, 0.01642807, 0.009441057, -0.017665986), (0.9997393, 0.016738005, 0.0018177927, -0.015407391), (0.99874794, 0.026319627, -0.008561698, -0.041665494), (0.6818595, 0.037713915, -0.72492415, -0.0901649), (0.8987514, 0.063509524, -0.43361664, -0.013737589), (0.9540118, 0.23452342, -0.13779926, 0.1259817), (0.99999964, -1.0430813e-7, -2.2351742e-8, -2.2351742e-8), (0.99999964, -1.0430813e-7, -2.2351742e-8, -2.2351742e-8), (0.99999964, -1.0430813e-7, -2.2351742e-8, -2.2351742e-8), (0.99999964, -1.0430813e-7, -2.2351742e-8, -2.2351742e-8), (0.6638045, 0.7449191, -0.007433234, -0.06636089), (0.9967878, -0.013995919, 0.078314856, 0.0092282295), (0.95100975, -0.035087362, -0.062909044, 0.3006528), (0.94577706, -0.024993915, -0.017033018, 0.32340565), (-0.94641787, -0.0011861473, 0.04485918, -0.31981212), (0.9993272, -0.019394493, 0.029548425, 0.009793311), (0.94016457, -0.03716854, -0.07248555, 0.33084), (0.90060055, 0.014025025, -0.023870252, 0.4337652), (-0.9499046, 0.0010165945, 0.032825008, -0.31080988), (1.0000002, -0.000011157244, 0.0000014157267, 0.0000023245811), (0.99237967, 0.046195976, -0.045985084, 0.10456538), (0.9409547, 0.031336233, 0.1365473, 0.3081838), (-0.90397066, -0.0116948895, -0.040259242, -0.4255343), (0.8990636, 0.023365825, 0.103382125, 0.4247951), (0.99177194, -0.112013, -0.03265631, 0.05267808), (0.93743014, 0.116483234, 0.027970305, 0.32691562), (-0.8705102, 0.005073564, -0.042457372, -0.4902891), (0.9202206, -0.00045284536, 0.03799338, 0.38955128), (0.82519484, 0.3700543, 0.4267402, 0.0024980307), (0.9866779, 0.040877745, -0.14216214, 0.06771814), (0.97571695, 0.057399664, -0.020490713, 0.2103858), (0.9725698, -0.0071101845, -0.012165442, 0.23218426), (-0.0396736, -0.9990827, 0.0003676057, 0.016115695), (0.99999976, 8.940697e-8, -1.4901161e-8, 0), (0.99999976, 8.940697e-8, -1.4901161e-8, 0), (0.99999976, 8.940697e-8, -1.4901161e-8, 0), (0.9995474, -0.026080027, -0.012189366, 0.008689977), (0.99999946, -0.00008014124, 0.00028789602, -0.000035062432), (0.99997705, -0.0000949651, -0.0061620753, -0.0026205927), (0.9972149, -0.07155359, 0.0051704925, 0.0203636), (0.51130646, -0.48755756, -0.47603852, -0.5236783), (0.47614488, -0.52276725, -0.51150244, -0.48822612), (0.99999976, 1.1175871e-8, 0, 0), (0.51150274, -0.48822543, -0.4761444, -0.5227675), (0.999999, 9.313226e-9, 7.450581e-9, 1.4551915e-11), (0.4796824, -0.5194187, -0.4797863, -0.5195311), (0.059757046, 0.7378435, 0.010940164, 0.67223185), (0.8895347, 0.09895149, -0.44269693, -0.054360382), (0.9658918, 0.036012948, -0.14706051, 0.21006744), (0.9999992, 2.3841858e-7, -5.9604645e-8, -2.9802322e-8), (0.9999992, 2.3841858e-7, -5.9604645e-8, -2.9802322e-8), (0.9999992, 2.3841858e-7, -5.9604645e-8, -2.9802322e-8), (0.9999992, 2.3841858e-7, -5.9604645e-8, -2.9802322e-8), (0.6375513, 0.76635057, -0.014321882, -0.07764685), (0.99680376, 0.024571776, 0.07318999, -0.020522714), (0.98031366, -0.04543057, -0.022502363, 0.1908268), (0.9787407, -0.025646463, -0.016243463, 0.20284241), (0.980163, 0.022278313, -0.041472934, 0.19252083), (0.9992447, -0.018315222, 0.029688872, -0.017102242), (0.96590906, -0.055089496, -0.056551367, 0.24654832), (0.934608, 0.0091546895, -0.021946374, 0.35488263), (-0.9732522, 0.00827913, 0.02712223, -0.2279808), (0.9999997, 0.000011473894, -7.450581e-9, -1.1920929e-7), (0.98726916, -0.091462545, -0.094760545, 0.08918491), (0.94675905, 0.07503011, 0.1557682, 0.27157584), (0.9205443, -0.013755381, 0.060499676, 0.38567895), (-0.9091499, -0.021941409, -0.09858353, -0.40403736), (0.99273133, -0.11225365, -0.033032596, 0.028140575), (0.95040274, 0.070110366, 0.04263784, 0.3000009), (0.8831201, -0.0048385337, 0.039839078, 0.4674266), (-0.929671, 0.046052292, -0.05274397, -0.36167467), (0.82561445, 0.36726874, 0.42832714, -0.003084302), (0.9879592, 0.043343946, -0.13617937, 0.05926452), (0.9844329, 0.07777558, -0.016870841, 0.15670767), (0.97849643, -0.006040793, -0.011916053, 0.20582847), (0.9990773, -0.039677203, 0.016407102, -0.000605911), (0.9999995, -5.9604645e-8, 4.5634806e-8, 3.3527613e-8), (0.9999995, -5.9604645e-8, 4.5634806e-8, 3.3527613e-8), (0.9999995, -5.9604645e-8, 4.5634806e-8, 3.3527613e-8), (0.48486125, -0.51458305, -0.48497143, -0.51470006), (0.26732767, 0.04975424, -0.008957654, 0.9622785), (0.93175477, -0.08085886, 0.032794517, 0.3524472), (0.027047716, 0.9984181, 0.03298693, -0.036620617), (0.00003144145, 0.6454042, 0.76384073, 0.00004094839), (0.9999929, 5.5506825e-7, 0.0000132620335, 0.0036785752), (0.99999917, 2.104789e-7, -0.0000011622906, -0.0011720508), (0.52657396, -0.51443905, 0.49869218, 0.45757842), (0.9999988, 3.357418e-7, 5.5879354e-7, -0.0014618635), (0.9998951, -0.01448249, 6.7055225e-7, 0), (0.9995805, -0.02896192, 0.0000019520521, 1.4901161e-8), (0.999037, -0.043873765, 0.00000230968, 1.0430813e-7), (0.99999994, 2.4586916e-7, 4.917383e-7, 7.450581e-9), (1, 1.8626451e-8, 0.0000013709068, 4.4703484e-8), (0.9999999, 6.891787e-7, 0.0000012516975, 1.1175871e-8), (0.99956644, 0.00599766, 0.01213468, -0.026143048), (0.99206424, -0.05072009, 0.010780383, 0.11454126), (0.094937846, 0.9910179, -0.094169796, 0.0014821887), (0.000039100647, 0.7071212, 0.70709205, 0.000071167946), (0.9999928, -0.0000016557169, 0.0000049471855, 0.003730367), (0.9999989, 2.0948937e-7, -0.0000011064112, -0.0011720136), (-0.5143955, -0.52654654, -0.45763445, 0.49871457), (0.9999988, 3.4831464e-7, 6.631017e-7, -0.0014618177), (0.999895, -0.014482524, -1.1175871e-7, -1.2200326e-7), (0.9995804, -0.028961886, -1.4156103e-7, -5.029142e-8), (0.9990369, -0.043873787, -1.2665987e-7, -5.401671e-8), (0.9999996, 2.7287751e-7, -6.3329935e-8, 4.4703484e-8), (0.9999996, 6.519258e-8, -3.5390258e-8, 3.3527613e-8), (0.9999996, 6.603077e-7, -1.9557774e-8, -2.6077032e-8), (0.4999968, -0.49996507, -0.50001234, -0.5000254), (0.4999968, -0.49996507, -0.50001234, -0.5000254), (0.4999968, -0.49996507, -0.50001234, -0.5000254), (0.4999968, -0.49996507, -0.50001234, -0.5000254)],
                16: [(1, 0.000027047241, -0.00013247719, 0.000025948215), (0.47919235, 0.535059, 0.49547783, 0.48845497), (0.99953467, 0.013396609, 0.006424021, 0.026636122), (0.99953634, 0.021042012, 0.014855232, -0.01622552), (0.9996286, 0.021533066, 0.0023008212, -0.016523018), (0.99808073, 0.03606706, -0.012983528, -0.04862757), (0.68450624, 0.037299186, -0.7216774, -0.09612931), (0.8986223, 0.072134376, -0.43004158, -0.048354283), (0.9386345, 0.29930565, -0.12815784, 0.11382546), (0.9999994, -1.1920929e-7, -1.3969839e-8, -7.450581e-9), (0.9999994, -1.1920929e-7, -1.3969839e-8, -7.450581e-9), (0.9999994, -1.1920929e-7, -1.3969839e-8, -7.450581e-9), (0.9999994, -1.1920929e-7, -1.3969839e-8, -7.450581e-9), (0.66315377, 0.7448867, -0.020784609, -0.070272654), (0.99699557, -0.006407544, 0.07683706, 0.0073898435), (0.9489875, -0.034467142, -0.062185086, 0.30719346), (0.94390225, -0.024950534, -0.017066091, 0.32883823), (-0.94347805, -0.0015830845, 0.045178726, -0.3283374), (0.9993371, -0.019460067, 0.029397923, 0.009044766), (0.9368209, -0.038171105, -0.071778305, 0.34022984), (0.8970975, 0.014377505, -0.024141401, 0.44093657), (-0.9453838, -0.00018130243, 0.03371489, -0.32420856), (1, -0.00001116097, 0.0000014230609, 0.0000023245811), (0.99263406, 0.0441809, -0.04475019, 0.10355082), (0.9407016, 0.029799864, 0.13676912, 0.30900824), (-0.89222115, -0.02986928, -0.027007148, -0.44979924), (0.8902915, 0.024554178, 0.107139885, 0.44192618), (0.99170697, -0.11290608, -0.032203384, 0.05226952), (0.9359463, 0.11656572, 0.027987786, 0.3311094), (-0.8649677, 0.005306687, -0.043428175, -0.4999166), (0.9126441, -0.0004745908, 0.03969822, 0.4068227), (0.82519394, 0.3700468, 0.42674774, 0.0025116205), (0.9866822, 0.04141517, -0.14160395, 0.06849089), (0.9750693, 0.05790123, -0.01996812, 0.21327968), (0.97191554, -0.007217702, -0.012057066, 0.23490943), (-0.03967358, -0.9990825, 0.0003675709, 0.016115703), (0.9999995, 8.940697e-8, -1.4901161e-8, 0), (0.9999995, 8.940697e-8, -1.4901161e-8, 0), (0.9999995, 8.940697e-8, -1.4901161e-8, 0), (0.99934965, -0.03436706, -0.010627639, 0.002299942), (0.9999995, -0.000060330145, 0.00026250072, -0.00006967783), (0.9999769, -0.000075237826, -0.0061873216, -0.0026554093), (0.99642503, -0.08247058, 0.010530958, 0.014970269), (0.5113066, -0.48755774, -0.47603863, -0.5236784), (0.4761451, -0.5227674, -0.51150256, -0.48822623), (1.0000001, 1.1175871e-8, 0, 0), (0.5115029, -0.48822555, -0.4761446, -0.52276766), (0.99999946, 1.1175871e-8, 7.450581e-9, 4.656613e-10), (0.4796826, -0.5194189, -0.4797865, -0.5195313), (0.05739939, 0.7373793, 0.003071785, 0.673028), (0.89050406, 0.084127545, -0.44625938, -0.027872216), (0.9669697, -0.015411586, -0.1299656, 0.21872434), (0.99999946, 2.0861626e-7, -8.940697e-8, -2.9802322e-8), (0.99999946, 2.0861626e-7, -8.940697e-8, -2.9802322e-8), (0.99999946, 2.0861626e-7, -8.940697e-8, -2.9802322e-8), (0.99999946, 2.0861626e-7, -8.940697e-8, -2.9802322e-8), (0.64267755, 0.76271826, 0.0018025637, -0.072267264), (0.9967946, 0.024321899, 0.07268275, -0.022927433), (0.9792602, -0.042749792, -0.025886387, 0.19634429), (0.97762877, -0.025626734, -0.016293041, 0.20813197), (0.9784354, 0.02265954, -0.042071898, 0.20094725), (0.9992157, -0.01840175, 0.02956669, -0.018829525), (0.96311665, -0.055028886, -0.057206146, 0.2571084), (0.9314534, 0.009509698, -0.0221976, 0.3630569), (-0.96971774, 0.007005185, 0.02814231, -0.24249795), (0.99999964, 0.000011481345, 1.4901161e-8, -5.9604645e-8), (0.9874289, -0.09221094, -0.09386166, 0.08758196), (0.945493, 0.07942737, 0.15390484, 0.2757669), (0.9089554, 0.019276455, 0.03312307, 0.4151283), (-0.8992118, -0.023645714, -0.10289119, -0.4245853), (0.99270034, -0.11304536, -0.032519966, 0.026617557), (0.9478911, 0.07334097, 0.041118696, 0.30729723), (0.87649035, -0.0051526874, 0.041125, 0.47963053), (-0.9213935, 0.045674607, -0.055704005, -0.38189486), (0.82559633, 0.36723673, 0.42838997, -0.0030491352), (0.9880303, 0.04398696, -0.13555712, 0.059033476), (0.9841844, 0.07714921, -0.016456127, 0.15861303), (0.97812223, -0.0061151534, -0.011797197, 0.20760581), (0.99907726, -0.039677203, 0.016407087, -0.0006059408), (0.99999964, -8.940697e-8, 1.1175871e-8, 2.2351742e-8), (0.99999964, -8.940697e-8, 1.1175871e-8, 2.2351742e-8), (0.99999964, -8.940697e-8, 1.1175871e-8, 2.2351742e-8), (0.48486117, -0.51458293, -0.48497134, -0.51469994), (0.28262246, 0.043191098, -0.014951587, 0.9581417), (0.9732269, -0.074131265, 0.01619576, 0.21695986), (0.050636098, 0.99595904, 0.068252474, -0.02903691), (-0.000009983778, 0.64671254, 0.7627337, 0.000039428473), (0.99999297, -0.0000037699938, 0.0000114142895, 0.0036886875), (0.9999995, 2.2351742e-7, -0.0000011054799, -0.001172021), (0.52657413, -0.5144392, 0.49869233, 0.4575785), (0.9999989, 3.920868e-7, 6.221235e-7, -0.0014618337), (0.9998953, -0.014482481, 6.482005e-7, -1.4901161e-8), (0.99958074, -0.02896191, 0.0000018961728, 0), (0.9990372, -0.043873727, 0.000002361834, 1.6391277e-7), (1.0000002, 2.4214387e-7, 4.917383e-7, 2.9802322e-8), (1.0000002, 5.5879354e-9, 0.0000013411045, 4.0978193e-8), (1.0000001, 6.9104135e-7, 0.0000012665987, 0), (0.9994706, 0.011720991, 0.025309045, 0.016744208), (0.99493134, -0.04631886, 0.008814469, 0.08881524), (0.09716655, 0.99023545, -0.09995978, -0.00024080276), (0.00004452467, 0.70349383, 0.710701, 0.00007894635), (0.9999927, -2.188608e-7, 0.0000029206276, 0.0037261685), (0.99999905, 1.6577542e-7, -0.00000115484, -0.0011720657), (-0.5143955, -0.52654654, -0.45763448, 0.49871463), (0.99999857, 3.0640513e-7, 5.9604645e-7, -0.0014618144), (0.99989474, -0.014482502, -1.3411045e-7, -1.4156103e-7), (0.99958014, -0.028961916, -1.6391277e-7, -4.4703484e-8), (0.9990366, -0.04387378, -1.4901161e-7, -7.264316e-8), (0.9999996, 2.5238842e-7, 3.7252903e-9, 1.8626451e-8), (0.9999996, 1.4901161e-8, 7.450581e-9, 7.450581e-9), (0.9999995, 6.3795596e-7, -3.3527613e-8, 0), (0.49999684, -0.49996513, -0.5000124, -0.50002545), (0.49999684, -0.49996513, -0.5000124, -0.50002545), (0.49999684, -0.49996513, -0.5000124, -0.50002545), (0.49999684, -0.49996513, -0.5000124, -0.50002545)],
                17: [(1, 0.000023598941, -0.00010471123, 7.039203e-7), (0.48818493, 0.53982633, 0.48265427, 0.4871424), (0.99927914, 0.017701361, 0.012886494, 0.031011133), (0.99931324, 0.024802927, 0.022711866, -0.015550636), (0.9995137, 0.025474168, 0.0031349547, -0.01770015), (0.99737704, 0.04303645, -0.019262953, -0.054915003), (0.686861, 0.036720335, -0.71875155, -0.101340555), (0.897731, 0.078214586, -0.4259094, -0.081012994), (0.9216169, 0.35703608, -0.11538368, 0.099169716), (1.0000001, -1.0430813e-7, -1.4901161e-8, -1.4901161e-8), (1.0000001, -1.0430813e-7, -1.4901161e-8, -1.4901161e-8), (1.0000001, -1.0430813e-7, -1.4901161e-8, -1.4901161e-8), (1.0000001, -1.0430813e-7, -1.4901161e-8, -1.4901161e-8), (0.6627624, 0.744747, -0.028724834, -0.07261926), (0.99716496, 0.0015012324, 0.0750885, 0.0047467947), (0.9458581, -0.033538796, -0.061050773, 0.31701922), (0.9410234, -0.024887204, -0.017110705, 0.3369916), (-0.938903, -0.0021877885, 0.0456665, -0.3411329), (0.99935234, -0.019563064, 0.029171601, 0.007888705), (0.9316018, -0.03956905, -0.0707753, 0.35432222), (0.8917225, 0.014906615, -0.024542004, 0.45167187), (-0.9382132, -0.0019879937, 0.035067648, -0.34427232), (1.0000006, -0.000011131167, 0.0000014156103, 0.0000023543835), (0.99300563, 0.04115002, -0.04287386, 0.10202554), (0.9403131, 0.027405351, 0.13710439, 0.31026325), (-0.8716596, -0.052291572, -0.012580067, -0.48715279), (0.8764137, 0.026274148, 0.11285171, 0.46741253), (0.99160826, -0.11425554, -0.03151588, 0.05163601), (0.93367654, 0.11668396, 0.028017893, 0.33741465), (-0.8564224, 0.0056385323, -0.044863343, -0.5142924), (0.90061074, -0.0005084276, 0.04221099, 0.43257236), (0.8251905, 0.37004727, 0.4267556, 0.002515912), (0.9866875, 0.042225294, -0.14076298, 0.069652215), (0.97407776, 0.058659256, -0.019174982, 0.21763434), (0.9709159, -0.007377447, -0.0118946135, 0.23901293), (-0.039673626, -0.99908316, 0.00036762247, 0.01611571), (1.0000001, 8.940697e-8, -1.4901161e-8, 0), (1.0000001, 8.940697e-8, -1.4901161e-8, 0), (1.0000001, 8.940697e-8, -1.4901161e-8, 0), (0.9991572, -0.039777685, -0.008031784, -0.006178923), (1.0000001, -0.000045092776, 0.00027367845, -0.000078864396), (0.99997747, -0.00006004423, -0.0061761253, -0.002664663), (0.9960003, -0.08725716, 0.0150710195, 0.011945702), (0.5113069, -0.48755795, -0.47603884, -0.5236787), (0.4761453, -0.5227677, -0.51150286, -0.48822647), (1.0000006, 1.1175871e-8, 0, 0), (0.5115032, -0.48822582, -0.47614494, -0.522768), (1, 7.450581e-9, 7.450581e-9, 0), (0.47968286, -0.5194192, -0.4797867, -0.5195316), (0.05707673, 0.7356961, -0.0013623238, 0.6749012), (0.88984746, 0.071362495, -0.45062727, -0.003748089), (0.9666257, -0.053113267, -0.10842895, 0.22595719), (0.9999995, 1.7881393e-7, -8.940697e-8, -5.9604645e-8), (0.9999995, 1.7881393e-7, -8.940697e-8, -5.9604645e-8), (0.9999995, 1.7881393e-7, -8.940697e-8, -5.9604645e-8), (0.9999995, 1.7881393e-7, -8.940697e-8, -5.9604645e-8), (0.6479683, 0.758612, 0.017905742, -0.06575471), (0.99679154, 0.024014682, 0.07188925, -0.025719136), (0.9775673, -0.038997054, -0.030512333, 0.20472026), (0.9758946, -0.025596961, -0.016363323, 0.2161175), (0.97568727, 0.023222417, -0.04296913, 0.2136554), (0.99918604, -0.018491834, 0.029326126, -0.020604461), (0.9590406, -0.054752722, -0.058307648, 0.2717401), (0.9270452, 0.010000676, -0.02256903, 0.37413496), (-0.96430945, 0.0052050054, 0.029574856, -0.26306796), (0.9999997, 0.000011473894, 0, -8.940697e-8), (0.98758507, -0.0934394, -0.09246595, 0.08598912), (0.9444493, 0.08562809, 0.15127538, 0.27892387), (0.88791996, 0.05150692, 0.009769324, 0.45700032), (-0.8849101, -0.025711894, -0.108977884, -0.4521023), (0.9926304, -0.114197165, -0.03179401, 0.025147527), (0.94504243, 0.07796462, 0.039294347, 0.31507415), (0.86788285, -0.005535066, 0.04267609, 0.4949011), (-0.9094836, 0.04513137, -0.059692442, -0.408949), (0.8255925, 0.36724663, 0.4283887, -0.00306952), (0.9880754, 0.044844225, -0.1346918, 0.05960951), (0.98365474, 0.07617685, -0.015935183, 0.1623745), (0.9773587, -0.0062617194, -0.011626944, 0.21117428), (0.9990773, -0.039677218, 0.016407087, -0.0006058812), (1, -5.9604645e-8, 2.9802322e-8, 2.2351742e-8), (1, -5.9604645e-8, 2.9802322e-8, 2.2351742e-8), (1, -5.9604645e-8, 2.9802322e-8, 2.2351742e-8), (0.48486134, -0.5145832, -0.48497155, -0.5147002), (0.28680217, 0.04782497, -0.020008981, 0.9565861), (0.992442, -0.065672636, 0.00675115, 0.10344472), (0.060823962, 0.99633753, 0.05840759, -0.014178455), (-0.000042319298, 0.65146315, 0.75868046, 0.000058442354), (0.9999931, -0.00000783056, 0.0000076293945, 0.0037234547), (0.99999964, 2.5331974e-7, -0.0000010803342, -0.001172021), (0.52657425, -0.5144393, 0.49869245, 0.45757872), (0.9999993, 3.9488077e-7, 5.662441e-7, -0.0014618933), (0.9998956, -0.014482495, 6.556511e-7, -2.2351742e-8), (0.999581, -0.028961917, 0.000001937151, -1.4901161e-8), (0.99903744, -0.04387376, 0.0000022798777, 1.1920929e-7), (1.0000002, 2.6077032e-7, 5.5134296e-7, 4.8428774e-8), (1.0000004, -9.313226e-10, 0.000001385808, 2.9802322e-8), (1.0000002, 6.798655e-7, 0.0000012516975, -2.6077032e-8), (0.9987753, 0.015830513, 0.0354788, 0.030631935), (0.9904989, -0.049091868, 0.0135091245, 0.1277468), (0.08885685, 0.9875568, -0.12964442, -0.005319059), (0.000044494867, 0.6816042, 0.73172104, 0.00010854006), (0.9999932, 0.0000027664937, -0.0000029802322, 0.003666942), (0.9999993, 1.8067658e-7, -0.0000011101365, -0.0011719838), (-0.5143956, -0.5265467, -0.4576346, 0.49871472), (0.99999857, 3.3620745e-7, 6.556511e-7, -0.0014618114), (0.99989474, -0.014482509, -1.1920929e-7, -1.09896064e-7), (0.9995802, -0.028961897, -1.7881393e-7, -6.519258e-8), (0.9990367, -0.043873776, -1.4901161e-7, -5.2154064e-8), (0.9999996, 2.5425106e-7, -1.4901161e-8, 4.8428774e-8), (0.9999996, 1.7695129e-8, 7.450581e-9, 1.1175871e-8), (0.9999996, 6.4074993e-7, 3.7252903e-9, 0), (0.49999684, -0.49996504, -0.50001234, -0.50002545), (0.49999684, -0.49996504, -0.50001234, -0.50002545), (0.49999684, -0.49996504, -0.50001234, -0.50002545), (0.49999684, -0.49996504, -0.50001234, -0.50002545)],
                18: [(1, 0.00004483404, -0.00008665318, 3.661561e-7), (0.49329868, 0.54029804, 0.47694418, 0.48709196), (0.9990983, 0.017879032, 0.015206467, 0.035374038), (0.999276, 0.026245452, 0.024151493, -0.013232019), (0.9994589, 0.02700508, 0.003106989, -0.01850596), (0.99686056, 0.04505373, -0.02185237, -0.061327048), (0.68832767, 0.03881085, -0.7167556, -0.1046876), (0.89723164, 0.08103511, -0.4204379, -0.10788946), (0.9053619, 0.40269014, -0.105449654, 0.08390628), (0.9999994, -1.3411045e-7, -1.4901161e-8, 0), (0.9999994, -1.3411045e-7, -1.4901161e-8, 0), (0.9999994, -1.3411045e-7, -1.4901161e-8, 0), (0.9999994, -1.3411045e-7, -1.4901161e-8, 0), (0.6630783, 0.74440867, -0.029922538, -0.072711736), (0.99726284, 0.009149715, 0.0733431, 0.0019237399), (0.94190913, -0.032712772, -0.05978422, 0.3288809), (0.9373683, -0.025108412, -0.017110616, 0.3470115), (-0.9331494, -0.0027362108, 0.045936286, -0.3565305), (0.99936545, -0.019702286, 0.02889596, 0.006718725), (0.92497396, -0.04148978, -0.06983498, 0.37124753), (0.88489586, 0.015226245, -0.024809092, 0.46487835), (-0.9289981, -0.0041832775, 0.03609536, -0.36829638), (1, -0.00001116097, 0.0000014305115, 0.0000023543835), (0.9934258, 0.037502766, -0.040575296, 0.10025963), (0.93969405, 0.024562702, 0.13749512, 0.3121954), (-0.84355015, -0.07066277, -0.00580211, -0.53234905), (0.8586078, 0.027783167, 0.12039642, 0.49751857), (0.99148154, -0.11585979, -0.030685127, 0.050982416), (0.9308459, 0.11655919, 0.028022915, 0.34518778), (-0.8456156, 0.006352827, -0.046850935, -0.53169405), (0.8851443, -0.00050254166, 0.045978207, 0.46303898), (0.82515144, 0.37009597, 0.4267872, 0.0025651753), (0.98669004, 0.043133035, -0.13973145, 0.07111542), (0.9728465, 0.059541956, -0.01820518, 0.2229193), (0.96968085, -0.007563715, -0.0117381215, 0.24397558), (-0.039673585, -0.99908257, 0.00036762236, 0.01611568), (0.9999997, 8.940697e-8, -1.4901161e-8, 0), (0.9999997, 8.940697e-8, -1.4901161e-8, 0), (0.9999997, 8.940697e-8, -1.4901161e-8, 0), (0.9990747, -0.040710896, -0.0048562847, -0.012974896), (0.9999997, -4.088506e-7, 0.00027778745, -0.00009337813), (0.9999771, -0.000015437603, -0.006171897, -0.0026792884), (0.99595666, -0.08727577, 0.018496852, 0.010515094), (0.5113066, -0.48755774, -0.47603863, -0.5236785), (0.47614503, -0.5227674, -0.51150256, -0.4882262), (1, 1.4901161e-8, 0, 0), (0.511503, -0.4882256, -0.47614464, -0.5227677), (0.9999995, 7.450581e-9, 7.450581e-9, 1.8626451e-9), (0.47968256, -0.5194189, -0.47978646, -0.5195313), (0.058163177, 0.7336964, -0.0020364523, 0.6769799), (0.88833916, 0.066233784, -0.4540623, 0.01712852), (0.9642464, -0.080262974, -0.08989826, 0.2360179), (0.99999946, 1.4901161e-7, -2.9802322e-8, -4.4703484e-8), (0.99999946, 1.4901161e-7, -2.9802322e-8, -4.4703484e-8), (0.99999946, 1.4901161e-7, -2.9802322e-8, -4.4703484e-8), (0.99999946, 1.4901161e-7, -2.9802322e-8, -4.4703484e-8), (0.6532069, 0.75406957, 0.033882454, -0.059591025), (0.99679774, 0.02359347, 0.07100332, -0.028198719), (0.9753759, -0.034677267, -0.03557831, 0.21487743), (0.973663, -0.025316164, -0.016557723, 0.22597346), (0.9721235, 0.024193883, -0.04420311, 0.22898664), (0.99916196, -0.018700108, 0.029136688, -0.021813184), (0.95413536, -0.053857937, -0.05959104, 0.28839737), (0.92180073, 0.010941207, -0.023202762, 0.38681322), (-0.95748556, 0.0027848184, 0.031645887, -0.28672507), (0.9999996, 0.000011488795, 0, -8.940697e-8), (0.98770887, -0.094973356, -0.090538666, 0.08493021), (0.94397974, 0.09307961, 0.14815514, 0.2797996), (0.8611975, 0.074762434, -0.0029243603, 0.5027328), (-0.86772853, -0.02678749, -0.11493911, -0.4828227), (0.99252397, -0.11558545, -0.03076157, 0.024271488), (0.94234467, 0.08347295, 0.037495583, 0.3218883), (0.8583748, -0.00553295, 0.043879677, 0.5111124), (-0.89522797, 0.044804722, -0.06328721, -0.43880907), (0.8255838, 0.36714408, 0.42849267, -0.003149867), (0.9880674, 0.04583533, -0.13372993, 0.061137088), (0.9828607, 0.0749884, -0.0153794885, 0.16770372), (0.97624856, -0.0064926147, -0.01140435, 0.21625489), (0.99907726, -0.039677203, 0.016407102, -0.0006058812), (0.99999976, -5.9604645e-8, 2.2351742e-8, 2.9802322e-8), (0.99999976, -5.9604645e-8, 2.2351742e-8, 2.9802322e-8), (0.99999976, -5.9604645e-8, 2.2351742e-8, 2.9802322e-8), (0.48486122, -0.51458305, -0.48497143, -0.51470006), (0.31416512, 0.051327653, -0.02015239, 0.9477657), (0.9946461, -0.06286968, 0.0049174726, 0.08187085), (0.055591717, 0.9983372, -0.015178154, -0.0016036332), (-0.00010421872, 0.6553432, 0.7553314, 0.0000026524067), (0.99999297, -0.000002104789, 0.000002026558, 0.0037761927), (0.99999964, 2.1606684e-7, -0.0000010877848, -0.0011720657), (0.5265742, -0.5144393, 0.49869242, 0.45757866), (0.9999994, 3.2782555e-7, 5.364418e-7, -0.001461871), (0.9998957, -0.014482506, 6.2584877e-7, -7.450581e-9), (0.9995811, -0.02896193, 0.0000019222498, 2.9802322e-8), (0.9990375, -0.043873787, 0.0000023543835, 1.4901161e-7), (1.0000002, 2.7008355e-7, 5.066395e-7, 2.6077032e-8), (1.0000002, 7.450581e-9, 0.0000014305115, 4.4703484e-8), (1.0000001, 7.012859e-7, 0.0000012814999, 7.450581e-9), (0.9986968, 0.015822407, 0.03508258, 0.03351417), (0.97814476, -0.061536577, 0.019055694, 0.19769298), (0.06978536, 0.98448503, -0.16053286, -0.01215899), (-0.00009801984, 0.6430456, 0.76582706, 0.00041359663), (0.99999464, -0.0000011697412, 0.000002861023, 0.003043076), (0.9999988, 1.8812716e-7, -0.0000011399388, -0.0011720136), (-0.51439536, -0.52654654, -0.45763445, 0.49871454), (0.99999857, 3.6711572e-7, 5.364418e-7, -0.0014618132), (0.99989474, -0.014482485, -1.7881393e-7, -7.4505806e-8), (0.99958014, -0.028961912, -1.1920929e-7, -8.195639e-8), (0.99903667, -0.04387377, -1.4901161e-7, -7.0780516e-8), (0.9999994, 2.5657937e-7, -7.450581e-9, 6.3329935e-8), (0.9999994, 1.6996637e-8, 7.450581e-9, 4.0978193e-8), (0.9999994, 6.284099e-7, -1.4901161e-8, 4.4703484e-8), (0.49999684, -0.4999651, -0.50001234, -0.5000254), (0.49999684, -0.4999651, -0.50001234, -0.5000254), (0.49999684, -0.4999651, -0.50001234, -0.5000254), (0.49999684, -0.4999651, -0.50001234, -0.5000254)],
                19: [(1, 0.000083900944, -0.00013298364, 0.00007426492), (0.4965977, 0.5384822, 0.47388953, 0.48872933), (0.99900687, 0.01719815, 0.0153900385, 0.038113702), (0.99933803, 0.025445819, 0.023224995, -0.011680961), (0.99947596, 0.02619325, 0.002459284, -0.018847879), (0.99660265, 0.04486205, -0.023205094, -0.06504916), (0.68867695, 0.039442122, -0.71619976, -0.10595073), (0.8969595, 0.08259833, -0.4134879, -0.13292237), (0.89152, 0.436981, -0.096066274, 0.07078358), (0.99999946, -1.2665987e-7, -4.4703484e-8, 0), (0.99999946, -1.2665987e-7, -4.4703484e-8, 0), (0.99999946, -1.2665987e-7, -4.4703484e-8, 0), (0.99999946, -1.2665987e-7, -4.4703484e-8, 0), (0.66813374, 0.74026036, -0.026578486, -0.07003552), (0.99730456, 0.01586552, 0.07162486, -0.0011630654), (0.9374125, -0.03172165, -0.058259726, 0.3418436), (0.93321013, -0.02517718, -0.017161906, 0.35803625), (-0.9265311, -0.003445685, 0.04633975, -0.37333685), (0.9993733, -0.019987509, 0.02868618, 0.0055012703), (0.9173283, -0.04317178, -0.068856046, 0.3897482), (0.87712777, 0.015805185, -0.025226504, 0.47933328), (-0.91816443, -0.006741941, 0.03744656, -0.39436793), (1, -0.000011146069, 0.0000014156103, 0.0000023543835), (0.99386585, 0.033324614, -0.037930697, 0.09839249), (0.9389782, 0.021257237, 0.13783391, 0.31443492), (-0.8115898, -0.08037871, -0.007893935, -0.5786177), (0.8377982, 0.029535662, 0.12837431, 0.5298505), (0.99132216, -0.11775042, -0.02966769, 0.05034548), (0.9276353, 0.1165504, 0.028067991, 0.35372368), (-0.833284, 0.006902203, -0.0488445, -0.5506397), (0.86694413, -0.00048561394, 0.049593233, 0.49593124), (0.82513297, 0.37000164, 0.42690444, 0.0025656223), (0.9866869, 0.044171937, -0.13859606, 0.072721794), (0.97145534, 0.060537748, -0.017132558, 0.22872621), (0.96829116, -0.0077567175, -0.011557281, 0.24943551), (-0.03967358, -0.99908257, 0.00036758813, 0.01611571), (0.99999964, 8.940697e-8, -1.4901161e-8, 0), (0.99999964, 8.940697e-8, -1.4901161e-8, 0), (0.99999964, 8.940697e-8, -1.4901161e-8, 0), (0.99899375, -0.04073346, -0.0012095161, -0.018708624), (0.9999995, -2.0489097e-8, 0.00033448637, -0.00014302135), (0.99997723, -0.000015669502, -0.0061152093, -0.0027290508), (0.9960021, -0.086458445, 0.020068485, 0.010063138), (0.51130646, -0.4875576, -0.47603855, -0.52367836), (0.47614503, -0.5227674, -0.51150256, -0.48822618), (1, 7.450581e-9, 3.7252903e-9, -1.8626451e-9), (0.5115029, -0.48822555, -0.47614455, -0.5227676), (0.9999993, 7.450581e-9, 7.450581e-9, 0), (0.4796825, -0.51941884, -0.47978643, -0.51953125), (0.061799143, 0.73232377, -0.0012706816, 0.67814475), (0.8863906, 0.0638167, -0.45704728, 0.036686935), (0.9618796, -0.09839955, -0.07554476, 0.24371487), (0.99999917, 1.6391277e-7, -2.9802322e-8, -4.4703484e-8), (0.99999917, 1.6391277e-7, -2.9802322e-8, -4.4703484e-8), (0.99999917, 1.6391277e-7, -2.9802322e-8, -4.4703484e-8), (0.99999917, 1.6391277e-7, -2.9802322e-8, -4.4703484e-8), (0.6578783, 0.74960285, 0.0485816, -0.05412954), (0.9968251, 0.023264319, 0.07004878, -0.029833347), (0.97277206, -0.030362487, -0.040493906, 0.22616655), (0.9710721, -0.025080353, -0.016742393, 0.23687142), (0.9679185, 0.025194198, -0.045475572, 0.24582377), (0.99916327, -0.018845648, 0.028893143, -0.021942824), (0.948853, -0.052868277, -0.061135978, 0.30519474), (0.9164208, 0.011727467, -0.023817852, 0.3993329), (-0.94977546, 0.00033956766, 0.03363972, -0.31111693), (0.9999993, 0.000011503696, 0, -1.1920929e-7), (0.987744, -0.09677678, -0.08838132, 0.08475429), (0.94425243, 0.100406215, 0.14475784, 0.2781179), (0.83551645, 0.08314833, -0.0019783303, 0.5431325), (-0.8496693, -0.028097242, -0.121622905, -0.51232684), (0.992388, -0.11702202, -0.029643923, 0.02432397), (0.94055474, 0.08909276, 0.035942048, 0.32576972), (0.8497349, -0.005677998, 0.045029245, 0.52525157), (-0.88034093, 0.04444933, -0.06698395, -0.46747813), (0.8255855, 0.36709756, 0.42852765, -0.003240168), (0.98797804, 0.04676661, -0.13274866, 0.063941), (0.98175156, 0.07360193, -0.01488927, 0.17470953), (0.974741, -0.006806366, -0.01115641, 0.22295241), (0.99907684, -0.039677203, 0.016407102, -0.0006058812), (0.9999995, -5.9604645e-8, 2.2351742e-8, 2.9802322e-8), (0.9999995, -5.9604645e-8, 2.2351742e-8, 2.9802322e-8), (0.9999995, -5.9604645e-8, 2.2351742e-8, 2.9802322e-8), (0.4848612, -0.514583, -0.48497134, -0.5147), (0.3307787, 0.049747266, -0.01919341, 0.9422008), (0.9953295, -0.06677398, 0.0047590733, 0.06955482), (0.03716391, 0.9986536, -0.035284325, 0.008053571), (-0.00041240454, 0.65538216, 0.75529706, 0.00027504563), (0.99999297, -0.0000019855797, 0.000011503696, 0.0037059784), (0.9999995, 2.4214387e-7, -0.0000011324883, -0.0011719912), (0.52657413, -0.51443917, 0.49869236, 0.45757854), (0.99999905, 3.6135316e-7, 5.811453e-7, -0.0014618486), (0.99989533, -0.01448248, 6.109476e-7, 2.2351742e-8), (0.99958074, -0.028961929, 0.0000019222498, -7.450581e-9), (0.99903727, -0.043873772, 0.00000230968, 1.3411045e-7), (1.0000001, 2.6682392e-7, 5.066395e-7, 1.8626451e-8), (1.0000001, 1.816079e-8, 0.0000013411045, 4.8428774e-8), (1, 6.761402e-7, 0.0000013113022, 3.7252903e-9), (0.99864346, 0.015035471, 0.024858356, 0.04320917), (0.9628495, -0.07817581, 0.026889473, 0.25707212), (0.04420019, 0.9841038, -0.17090723, -0.01939857), (-0.0003863871, 0.6014225, 0.79893, 0.00089502335), (0.99999654, -0.0000068098307, 0.000010937452, 0.0023786072), (0.9999989, 1.9185245e-7, -0.0000011622906, -0.0011720434), (-0.5143954, -0.52654654, -0.45763445, 0.4987145), (0.9999987, 3.3341348e-7, 6.2584877e-7, -0.0014618486), (0.99989486, -0.014482485, -1.1920929e-7, -8.568168e-8), (0.99958026, -0.028961914, -1.7881393e-7, -8.195639e-8), (0.9990368, -0.043873787, -1.4901161e-7, -9.685755e-8), (0.9999995, 2.5890768e-7, -2.2351742e-8, 3.3527613e-8), (0.9999994, 2.7939677e-9, 7.450581e-9, 4.0978193e-8), (0.9999995, 6.64033e-7, -7.450581e-9, 5.9604645e-8), (0.49999693, -0.4999651, -0.5000124, -0.5000255), (0.49999693, -0.4999651, -0.5000124, -0.5000255), (0.49999693, -0.4999651, -0.5000124, -0.5000255), (0.49999693, -0.4999651, -0.5000124, -0.5000255)],
                20: [(1, 0.000116880175, -0.00026484657, 0.000020282854), (0.5026602, 0.53409696, 0.46828258, 0.4927317), (0.9989661, 0.016799036, 0.016323183, 0.038958542), (0.99941754, 0.024046086, 0.021431886, -0.011257462), (0.9995123, 0.024742719, 0.0019149594, -0.018942613), (0.9966005, 0.04394152, -0.02295151, -0.06579742), (0.687646, 0.03870082, -0.71708584, -0.10692343), (0.8955227, 0.08560139, -0.40854025, -0.15429108), (0.88281727, 0.45743516, -0.08723139, 0.06145665), (0.9999995, -1.0058284e-7, -1.4901161e-8, -2.9802322e-8), (0.9999995, -1.0058284e-7, -1.4901161e-8, -2.9802322e-8), (0.9999995, -1.0058284e-7, -1.4901161e-8, -2.9802322e-8), (0.9999995, -1.0058284e-7, -1.4901161e-8, -2.9802322e-8), (0.67311543, 0.736096, -0.023192897, -0.067379594), (0.9973191, 0.021350533, 0.069840506, -0.0045846403), (0.9326341, -0.030428559, -0.05644627, 0.355079), (0.92889977, -0.024958268, -0.017287374, 0.36908376), (-0.91938484, -0.0043326914, 0.04710789, -0.39050364), (0.99938685, -0.020133868, 0.028369486, 0.003955722), (0.9090947, -0.044253215, -0.067896426, 0.4086303), (0.86909044, 0.01666516, -0.025933415, 0.4936921), (-0.9061828, -0.009219378, 0.03945436, -0.4209409), (1.0000001, -0.000011146069, 0.0000014305115, 0.0000023543835), (0.99428856, 0.029112667, -0.03531602, 0.096413344), (0.9384127, 0.017627895, 0.13812259, 0.31621638), (-0.7798907, -0.07912298, -0.018225983, -0.62062675), (0.81497836, 0.03170418, 0.13602784, 0.56240666), (0.9911695, -0.11960626, -0.028715536, 0.049525797), (0.92429817, 0.11679755, 0.028107703, 0.3622724), (-0.82034516, 0.00713484, -0.050473973, -0.5695925), (0.84682035, -0.0006823987, 0.052495107, 0.5292819), (0.82513744, 0.3699751, 0.42691904, 0.0025870502), (0.9866785, 0.045320876, -0.13743748, 0.07431334), (0.96999013, 0.061598983, -0.016033396, 0.23466414), (0.9668318, -0.007968031, -0.011344045, 0.25503662), (-0.03967358, -0.9990827, 0.0003675609, 0.016115695), (0.9999997, 8.940697e-8, -1.4901161e-8, 0), (0.9999997, 8.940697e-8, -1.4901161e-8, 0), (0.9999997, 8.940697e-8, -1.4901161e-8, 0), (0.9989469, -0.03957901, 0.0018480271, -0.023121417), (0.99999964, -0.00015860703, 0.00035303086, -0.00013829023), (0.9999774, -0.00017414801, -0.0060970522, -0.0027233362), (0.99669975, -0.0779029, 0.020396128, 0.010206278), (0.51130664, -0.48755777, -0.47603866, -0.5236785), (0.4761451, -0.5227675, -0.5115026, -0.48822615), (1.0000001, 1.1175871e-8, 0, 0), (0.511503, -0.4882256, -0.4761447, -0.5227677), (0.9999995, 7.450581e-9, 5.5879354e-9, 0), (0.47968262, -0.51941895, -0.4797865, -0.5195314), (0.06553689, 0.7319963, -0.00013539195, 0.6781488), (0.8847058, 0.059568644, -0.45879057, 0.05707952), (0.96061146, -0.108025044, -0.066214815, 0.24732764), (0.9999992, 1.6391277e-7, -2.9802322e-8, -2.9802322e-8), (0.9999992, 1.6391277e-7, -2.9802322e-8, -2.9802322e-8), (0.9999992, 1.6391277e-7, -2.9802322e-8, -2.9802322e-8), (0.9999992, 1.6391277e-7, -2.9802322e-8, -2.9802322e-8), (0.6619296, 0.7454204, 0.061294556, -0.04939565), (0.9968793, 0.023063838, 0.06905541, -0.03051275), (0.969893, -0.026410043, -0.045018733, 0.23787281), (0.9683225, -0.025107473, -0.016804576, 0.24786806), (0.9632819, 0.025884882, -0.046608508, 0.26314503), (0.9991875, -0.018865973, 0.028518468, -0.021326542), (0.94356024, -0.052107364, -0.062993795, 0.3209522), (0.91148746, 0.012068436, -0.024232835, 0.4104357), (-0.9416532, -0.0016789436, 0.03509508, -0.33474576), (0.9999999, 0.000011473894, -2.9802322e-8, -1.1920929e-7), (0.9876706, -0.098793134, -0.086260766, 0.08547166), (0.94583964, 0.107475355, 0.14129493, 0.27179304), (0.8151904, 0.07922834, 0.008825958, 0.57368004), (-0.83236325, -0.030175626, -0.12865694, -0.5382446), (0.9922235, -0.11844836, -0.028659165, 0.025314718), (0.9400501, 0.094638035, 0.03469804, 0.32579917), (0.8429571, -0.006141782, 0.04615636, 0.53596157), (-0.8660181, 0.04367909, -0.0710935, -0.49300122), (0.8255923, 0.367163, 0.42845988, -0.0032491982), (0.98781276, 0.047536895, -0.1317591, 0.06786382), (0.98035645, 0.07212977, -0.014509648, 0.18299675), (0.9728856, -0.007122132, -0.010944545, 0.23091769), (0.9990775, -0.039677233, 0.016407102, -0.000605911), (0.99999976, -2.9802322e-8, 0, 1.4901161e-8), (0.99999976, -2.9802322e-8, 0, 1.4901161e-8), (0.99999976, -2.9802322e-8, 0, 1.4901161e-8), (0.48486122, -0.51458305, -0.48497143, -0.51470006), (0.3325014, 0.05240873, -0.017804116, 0.94147706), (0.99343705, -0.07629763, 0.006195247, 0.0849904), (0.015948487, 0.9992558, -0.032259922, 0.013894409), (-0.00015559793, 0.6412825, 0.7673043, 0.00069341063), (0.9999944, -0.00001251325, 0.000004261732, 0.0032543465), (0.9999994, 2.5704503e-7, -0.0000011473894, -0.0011720434), (0.5265742, -0.5144391, 0.49869233, 0.45757854), (0.99999917, 3.837049e-7, 6.109476e-7, -0.0014618635), (0.9998956, -0.014482506, 6.556511e-7, -6.7055225e-8), (0.999581, -0.028961938, 0.0000018626451, 0), (0.9990374, -0.043873765, 0.0000023394823, 1.3411045e-7), (1.0000002, 2.5238842e-7, 4.7683716e-7, 1.8626451e-8), (1.0000002, 6.9849193e-9, 0.0000014007092, 2.9802322e-8), (1.0000001, 6.975606e-7, 0.0000012814999, 5.5879354e-9), (0.9978355, 0.014750617, 0.012221575, 0.06290402), (0.9512824, -0.09110027, 0.032593176, 0.29274547), (0.014043927, 0.9882679, -0.1499039, -0.025648266), (-0.00055760145, 0.5606095, 0.82807916, 0.0010830164), (0.99999684, -0.0000030510128, 8.6426735e-7, 0.0023933686), (0.99999905, 1.937151e-7, -0.0000011175871, -0.0011719987), (-0.5143955, -0.5265466, -0.45763448, 0.4987146), (0.9999987, 3.6135316e-7, 5.662441e-7, -0.0014618114), (0.99989486, -0.014482517, -8.940697e-8, -1.0430813e-7), (0.99958026, -0.028961916, -2.0861626e-7, -8.195639e-8), (0.9990367, -0.043873813, -1.4901161e-7, -8.195639e-8), (0.99999946, 2.9429793e-7, -7.450581e-9, 2.0489097e-8), (0.9999995, 3.7252903e-9, 0, 4.1909516e-8), (0.9999995, 6.686896e-7, -7.450581e-9, 3.7252903e-9), (0.4999968, -0.49996504, -0.5000123, -0.5000254), (0.4999968, -0.49996504, -0.5000123, -0.5000254), (0.4999968, -0.49996504, -0.5000123, -0.5000254), (0.4999968, -0.49996504, -0.5000123, -0.5000254)],
                21: [(1, 0.00012473481, -0.00024225221, 0.00004571606), (0.50723076, 0.528193, 0.46548185, 0.49704707), (0.99898577, 0.017204177, 0.016575292, 0.03816666), (0.9995821, 0.020196063, 0.01744968, -0.011108321), (0.9996159, 0.020714477, 0.0007775277, -0.01839678), (0.9969442, 0.040244896, -0.02122002, -0.06350185), (0.6861035, 0.0376423, -0.7186661, -0.106603384), (0.89318043, 0.09030813, -0.4074744, -0.16744606), (0.8817985, 0.46065268, -0.08359754, 0.056942508), (1.0000001, -1.0058284e-7, -2.9802322e-8, -2.9802322e-8), (1.0000001, -1.0058284e-7, -2.9802322e-8, -2.9802322e-8), (1.0000001, -1.0058284e-7, -2.9802322e-8, -2.9802322e-8), (1.0000001, -1.0058284e-7, -2.9802322e-8, -2.9802322e-8), (0.66994464, 0.7387607, -0.025197074, -0.06908333), (0.99731934, 0.025175601, 0.06827019, -0.007767737), (0.92800546, -0.029289156, -0.054723933, 0.36736092), (0.9247888, -0.024843603, -0.017407984, 0.37927023), (-0.9124299, -0.005073279, 0.047785386, -0.40640223), (0.99940693, -0.020014197, 0.027935565, 0.002399981), (0.9010596, -0.045109287, -0.06724107, 0.4260708), (0.8614382, 0.017313987, -0.026579797, 0.5068716), (-0.8942812, -0.01134637, 0.04117471, -0.4454634), (1.0000006, -0.000011205673, 0.0000014305115, 0.0000023245811), (0.99464583, 0.025427341, -0.033023953, 0.09457022), (0.93794954, 0.014271304, 0.13836904, 0.31765094), (-0.7537383, -0.06831487, -0.035782367, -0.65263504), (0.7924861, 0.03355039, 0.14335933, 0.59185255), (0.99105144, -0.12110208, -0.02798228, 0.048675), (0.921138, 0.11696626, 0.02808109, 0.37018362), (-0.80794454, 0.0074701756, -0.05193968, -0.5869182), (0.82685643, -0.00096170604, 0.05541729, 0.559676), (0.8251089, 0.37018842, 0.4267896, 0.0027023554), (0.9866626, 0.04638488, -0.13638316, 0.07579835), (0.9685905, 0.06257534, -0.015025035, 0.2401905), (0.9654441, -0.00818152, -0.011172265, 0.26024306), (-0.03967359, -0.9990831, 0.00036756275, 0.016115695), (1.0000002, 8.940697e-8, 0, -2.9802322e-8), (1.0000002, 8.940697e-8, 0, -2.9802322e-8), (1.0000002, 8.940697e-8, 0, -2.9802322e-8), (0.9989664, -0.037557717, 0.0044393726, -0.025219027), (0.9999999, -0.00024534296, 0.00038599223, -0.00010243058), (0.99997795, -0.00026064366, -0.0060643703, -0.0026867762), (0.99761516, -0.0654995, 0.01885708, 0.010877019), (0.51130676, -0.4875579, -0.4760388, -0.52367854), (0.4761452, -0.52276766, -0.5115028, -0.48822638), (1.0000005, 1.1175871e-8, 0, -9.313226e-10), (0.51150316, -0.4882258, -0.47614485, -0.5227679), (0.99999994, 7.450581e-9, 5.5879354e-9, 0), (0.47968274, -0.51941913, -0.4797867, -0.5195315), (0.069697395, 0.73356587, 0.002147019, 0.67603165), (0.8842939, 0.05384198, -0.45743993, 0.07664161), (0.96056765, -0.10837267, -0.06278978, 0.24823865), (0.9999996, 1.4901161e-7, 0, -1.4901161e-8), (0.9999996, 1.4901161e-7, 0, -1.4901161e-8), (0.9999996, 1.4901161e-7, 0, -1.4901161e-8), (0.9999996, 1.4901161e-7, 0, -1.4901161e-8), (0.66506815, 0.74197423, 0.07121125, -0.045685142), (0.99695444, 0.022924185, 0.06814185, -0.030209184), (0.9670483, -0.023112684, -0.048739165, 0.2488122), (0.96565115, -0.025182635, -0.016843498, 0.25806856), (0.9586675, 0.026424527, -0.04761909, 0.27926767), (0.99923074, -0.018846422, 0.028154522, -0.019743532), (0.93882406, -0.051338226, -0.06484112, 0.33431867), (0.9073638, 0.012293816, -0.024588719, 0.4194457), (-0.93400645, -0.0033750832, 0.036241375, -0.35539687), (0.9999998, 0.000011473894, -2.9802322e-8, -1.4901161e-7), (0.9874973, -0.10074404, -0.08421427, 0.08721906), (0.9481739, 0.11422102, 0.13792726, 0.26247972), (0.80185467, 0.068970144, 0.02324067, 0.59306985), (-0.81757385, -0.031685323, -0.13449118, -0.559), (0.9920422, -0.11973527, -0.027786076, 0.027260303), (0.9406351, 0.09984529, 0.033806533, 0.3226342), (0.8384992, -0.0065385997, 0.04683304, 0.5428463), (-0.8538308, 0.04291123, -0.07455282, -0.51339316), (0.8255976, 0.36725044, 0.42837462, -0.0032568574), (0.9875683, 0.04811869, -0.13090816, 0.07250119), (0.9788001, 0.0707288, -0.014280349, 0.19168714), (0.97085714, -0.0074428758, -0.0107809305, 0.2393013), (0.99907744, -0.039677203, 0.016407073, -0.000605911), (0.99999994, -2.9802322e-8, 2.9802322e-8, 1.4901161e-8), (0.99999994, -2.9802322e-8, 2.9802322e-8, 1.4901161e-8), (0.99999994, -2.9802322e-8, 2.9802322e-8, 1.4901161e-8), (0.4848614, -0.51458323, -0.48497158, -0.5147002), (0.326441, 0.0537648, -0.01654774, 0.9435421), (0.98778486, -0.08285163, 0.010094047, 0.13158545), (0.0061426694, 0.99969316, 0.011745637, 0.020918906), (-0.000107973814, 0.6036315, 0.79726243, 0.0010160506), (0.9999964, -0.0000021550804, 0.0000047683716, 0.0025075637), (0.9999994, 2.6635826e-7, -0.0000011175871, -0.0011720136), (0.5265741, -0.5144391, 0.4986923, 0.45757854), (0.9999989, 3.3900142e-7, 5.662441e-7, -0.0014618933), (0.9998952, -0.014482476, 6.854534e-7, 2.2351742e-8), (0.9995806, -0.028961912, 0.0000019222498, 4.4703484e-8), (0.9990371, -0.043873765, 0.0000023245811, 1.7136335e-7), (1.0000001, 2.7380884e-7, 5.066395e-7, 3.0733645e-8), (1.0000002, 1.4901161e-8, 0.0000013411045, 3.7252903e-8), (1.0000001, 6.9011e-7, 0.0000013113022, 1.3038516e-8), (0.99577093, 0.015631232, -0.0048526227, 0.0904022), (0.9437803, -0.10616894, 0.036732405, 0.3108992), (-0.01582383, 0.9939332, -0.10442882, -0.030693829), (-0.0004683137, 0.55600303, 0.83118033, 0.00093343854), (0.99999475, -0.0000031795353, -0.000011086464, 0.003430774), (0.99999976, 1.5832484e-7, -0.0000011622906, -0.0011720434), (-0.51439583, -0.526547, -0.45763484, 0.498715), (0.9999993, 3.1664968e-7, 6.2584877e-7, -0.0014618188), (0.99989533, -0.014482535, -1.4901161e-7, -1.1920929e-7), (0.99958074, -0.028961916, -1.4901161e-7, -5.9604645e-8), (0.9990373, -0.043873835, -2.0861626e-7, -8.940697e-8), (0.9999999, 2.8312206e-7, 1.4901161e-8, 5.47152e-8), (0.9999999, 7.450581e-9, -7.450581e-9, 4.377216e-8), (0.9999999, 6.482005e-7, -5.2154064e-8, 2.3748726e-8), (0.49999684, -0.4999651, -0.5000124, -0.5000255), (0.49999684, -0.4999651, -0.5000124, -0.5000255), (0.49999684, -0.4999651, -0.5000124, -0.5000255), (0.49999684, -0.4999651, -0.5000124, -0.5000255)],
                22: [(1, 0.00011523123, -0.00015024884, 0.00012875914), (0.5080618, 0.5213801, 0.46765527, 0.50133276), (0.99914604, 0.01779494, 0.01479483, 0.034226686), (0.9997598, 0.01366742, 0.0113221, -0.012850041), (0.9997496, 0.013980685, -0.0006430894, -0.017447188), (0.9976758, 0.03342705, -0.017922092, -0.056602817), (0.6837973, 0.036699772, -0.7211992, -0.104621165), (0.89095354, 0.095983, -0.40826428, -0.17409514), (0.88806975, 0.4481991, -0.08503846, 0.05672672), (0.99999976, -9.685755e-8, -2.9802322e-8, -2.9802322e-8), (0.99999976, -9.685755e-8, -2.9802322e-8, -2.9802322e-8), (0.99999976, -9.685755e-8, -2.9802322e-8, -2.9802322e-8), (0.99999976, -9.685755e-8, -2.9802322e-8, -2.9802322e-8), (0.65732944, 0.7490055, -0.03330505, -0.076155245), (0.9973319, 0.026627764, 0.06716938, -0.010424733), (0.9239681, -0.02837278, -0.05313149, 0.3776975), (0.92124414, -0.024729311, -0.017445713, 0.387806), (-0.90632594, -0.0057601333, 0.048335686, -0.41976643), (0.9994236, -0.019776523, 0.027575195, 0.0009992421), (0.8940177, -0.045546025, -0.06662059, 0.44070357), (0.8548487, 0.017896444, -0.027068585, 0.5178616), (-0.8836699, -0.013201147, 0.04262352, -0.465979), (1.0000002, -0.000011146069, 0.0000014156103, 0.0000023841858), (0.9949033, 0.02240619, -0.031147093, 0.09324947), (0.93759334, 0.012202859, 0.13859531, 0.31868637), (-0.7357085, -0.05376801, -0.05551213, -0.6728746), (0.77257925, 0.03488744, 0.14958544, 0.6160592), (0.99095684, -0.1222499, -0.027452976, 0.048022956), (0.91842276, 0.11708984, 0.028092384, 0.37682995), (-0.79720604, 0.007668689, -0.053190485, -0.6013111), (0.80907375, -0.0010168701, 0.05782658, 0.58485526), (0.8250746, 0.37048215, 0.42660004, 0.002832204), (0.98662055, 0.04728309, -0.1356811, 0.07704213), (0.96738327, 0.06336702, -0.014175653, 0.24485412), (0.9642495, -0.008373268, -0.011050403, 0.2646332), (-0.03967359, -0.99908286, 0.0003675623, 0.016115725), (0.99999976, 8.940697e-8, 0, -2.9802322e-8), (0.99999976, 8.940697e-8, 0, -2.9802322e-8), (0.99999976, 8.940697e-8, 0, -2.9802322e-8), (0.99908257, -0.034441706, 0.005916886, -0.02473852), (0.99999946, -0.00028631557, 0.0004213676, -0.000090193), (0.9999777, -0.0003016293, -0.006029088, -0.002674412), (0.9985079, -0.050814934, 0.014674768, 0.013546892), (0.5113065, -0.48755762, -0.4760385, -0.5236783), (0.47614497, -0.5227673, -0.51150244, -0.48822606), (0.99999976, 1.1175871e-8, 0, 0), (0.5115028, -0.4882255, -0.47614452, -0.5227676), (0.9999992, 1.1175871e-8, 7.450581e-9, 0), (0.4796825, -0.5194188, -0.47978637, -0.5195312), (0.07344355, 0.73586684, 0.0055600405, 0.673108), (0.88502216, 0.046730667, -0.45431146, 0.0902898), (0.961833, -0.09728059, -0.06655024, 0.24694896), (0.99999917, 1.7881393e-7, 0, -3.7252903e-8), (0.99999917, 1.7881393e-7, 0, -3.7252903e-8), (0.99999917, 1.7881393e-7, 0, -3.7252903e-8), (0.99999917, 1.7881393e-7, 0, -3.7252903e-8), (0.6670103, 0.7397492, 0.07742059, -0.043281406), (0.99704593, 0.022850871, 0.067379594, -0.028916836), (0.964535, -0.020657301, -0.05139059, 0.25807723), (0.9633094, -0.025279373, -0.016847253, 0.26666728), (0.95454216, 0.026827246, -0.04841946, 0.29289013), (0.99928224, -0.018805504, 0.02788809, -0.017395198), (0.9351504, -0.05053252, -0.06642118, 0.34427756), (0.90442556, 0.012416422, -0.024846375, 0.42572463), (-0.9276892, -0.0046880543, 0.03705688, -0.37147868), (0.9999995, 0.000011473894, -2.9802322e-8, -1.1920929e-7), (0.9872113, -0.10251489, -0.08245742, 0.09002277), (0.95098746, 0.12005609, 0.13484982, 0.25104493), (0.7951899, 0.05698344, 0.037326828, 0.60252064), (-0.80682415, -0.032577544, -0.13868885, -0.5733565), (0.99185115, -0.12078363, -0.027120113, 0.030102104), (0.9422734, 0.10431939, 0.03328067, 0.31643248), (0.8367753, -0.0068010986, 0.047028244, 0.5454794), (-0.8451169, 0.042268455, -0.07701957, -0.5273114), (0.8256006, 0.36734915, 0.4282832, -0.0032501519), (0.98723817, 0.048476532, -0.13042727, 0.077450424), (0.97720635, 0.069627605, -0.0141917765, 0.20004314), (0.96882755, -0.0077398825, -0.01071018, 0.2473818), (0.9990772, -0.039677203, 0.016407073, -0.000605911), (0.9999995, -2.9802322e-8, 0, 2.2351742e-8), (0.9999995, -2.9802322e-8, 0, 2.2351742e-8), (0.9999995, -2.9802322e-8, 0, 2.2351742e-8), (0.48486125, -0.514583, -0.48497143, -0.5147), (0.32802644, 0.051950432, -0.015778154, 0.94310695), (0.9720591, -0.08342915, 0.017701805, 0.21869418), (0.009499319, 0.9990326, 0.032166332, 0.028434724), (-0.00021353364, 0.60292035, 0.79780096, 0.0000064373016), (0.9999932, 0.000028737355, -0.000020831823, 0.0035657827), (0.9999992, 2.4586916e-7, -0.0000011175871, -0.0011720359), (0.526574, -0.51443905, 0.49869224, 0.45757842), (0.9999988, 3.3155084e-7, 5.364418e-7, -0.0014618635), (0.9998951, -0.014482472, 6.3329935e-7, -3.7252903e-8), (0.9995806, -0.028961925, 0.0000019297004, 0), (0.999037, -0.04387378, 0.0000023543835, 1.4156103e-7), (1, 2.7474016e-7, 5.066395e-7, 2.9802322e-8), (1, 2.7939677e-9, 0.0000014007092, 3.3527613e-8), (1, 6.919727e-7, 0.0000013113022, -3.7252903e-9), (0.9929235, 0.01711509, -0.02905041, 0.113868035), (0.93156064, -0.12273627, 0.04381305, 0.33942714), (-0.0440961, 0.9967357, -0.05818045, -0.034472227), (0.000044107437, 0.6093676, 0.7928871, 0.0009638965), (0.9999863, -0.000012118369, -0.00001001358, 0.0051982924), (0.9999991, 1.9744039e-7, -0.0000011622906, -0.0011720285), (-0.5143955, -0.5265466, -0.45763457, 0.49871463), (0.99999875, 3.2037497e-7, 6.556511e-7, -0.0014618188), (0.99989486, -0.0144825205, -1.4901161e-7, -1.1920929e-7), (0.99958026, -0.028961912, -1.4901161e-7, -5.9604645e-8), (0.9990368, -0.043873794, -1.4901161e-7, -7.4505806e-8), (0.9999995, 2.9057264e-7, -2.9802322e-8, 4.0745363e-8), (0.9999995, 1.1175871e-8, -2.9802322e-8, 2.9336661e-8), (0.9999995, 6.7427754e-7, -4.4703484e-8, 2.6542693e-8), (0.49999687, -0.49996513, -0.50001234, -0.5000255), (0.49999687, -0.49996513, -0.50001234, -0.5000255), (0.49999687, -0.49996513, -0.50001234, -0.5000255), (0.49999687, -0.49996513, -0.50001234, -0.5000255)],
                23: [(0.99999994, 0.00009886863, -0.00027027662, 0.00014430666), (0.51051366, 0.5113062, 0.46822035, 0.5086366), (0.9993414, 0.018246306, 0.0110483095, 0.029347051), (0.9998299, 0.0082482835, 0.006042417, -0.015333256), (0.9998245, 0.008435993, -0.0015050266, -0.01663312), (0.99830383, 0.027155338, -0.014394902, -0.049437895), (0.68188065, 0.0368551, -0.7235099, -0.101061635), (0.88812757, 0.10263014, -0.4128678, -0.1738863), (0.9007623, 0.42041412, -0.09072014, 0.060407095), (0.9999998, -8.195639e-8, -1.4901161e-8, -2.9802322e-8), (0.9999998, -8.195639e-8, -1.4901161e-8, -2.9802322e-8), (0.9999998, -8.195639e-8, -1.4901161e-8, -2.9802322e-8), (0.9999998, -8.195639e-8, -1.4901161e-8, -2.9802322e-8), (0.6412906, 0.7613137, -0.04303913, -0.08541438), (0.99735415, 0.026546627, 0.066505104, -0.012541413), (0.9206257, -0.027560577, -0.0517191, 0.3860231), (0.91832554, -0.024540752, -0.017472893, 0.3946771), (-0.901237, -0.006388217, 0.048858523, -0.43051517), (0.9994304, -0.01971224, 0.027396888, -0.00015673041), (0.88816464, -0.0455233, -0.065981686, 0.4524799), (0.8494271, 0.018508285, -0.027502418, 0.52666414), (-0.87472665, -0.014745295, 0.04399352, -0.48239112), (1.0000002, -0.000011146069, 0.0000014454126, 0.0000023543835), (0.99508154, 0.019797146, -0.029550195, 0.09245455), (0.9373051, 0.011294693, 0.13877676, 0.31948817), (-0.72438383, -0.039309084, -0.07364054, -0.6843245), (0.75588936, 0.035550237, 0.15435138, 0.6352508), (0.9908576, -0.12330434, -0.02698259, 0.047639996), (0.9161854, 0.11724965, 0.028165907, 0.38218334), (-0.788334, 0.0076560676, -0.05412066, -0.612815), (0.79409814, -0.0010617673, 0.059398755, 0.6048794), (0.8250769, 0.37060103, 0.42649144, 0.0028717518), (0.98655987, 0.04802672, -0.13529317, 0.07803224), (0.96639, 0.06401127, -0.013480157, 0.24861923), (0.9632665, -0.008509759, -0.010966659, 0.268189), (-0.03967361, -0.9990828, 0.00036757905, 0.01611571), (0.9999998, 8.940697e-8, -1.4901161e-8, -1.4901161e-8), (0.9999998, 8.940697e-8, -1.4901161e-8, -1.4901161e-8), (0.9999998, 8.940697e-8, -1.4901161e-8, -1.4901161e-8), (0.9993082, -0.030084416, 0.006889958, -0.02073702), (0.9999997, -0.00029497035, 0.00043200701, -0.000046748668), (0.9999782, -0.00031006988, -0.006018415, -0.002630788), (0.99918514, -0.034832917, 0.009565562, 0.017992646), (0.51130664, -0.4875577, -0.47603866, -0.5236785), (0.4761451, -0.5227675, -0.5115026, -0.48822623), (1.0000001, 1.1175871e-8, -3.7252903e-9, -2.910383e-11), (0.511503, -0.48822564, -0.4761446, -0.52276766), (0.99999946, 3.7252903e-9, 6.519258e-9, -1.1641532e-10), (0.4796826, -0.5194189, -0.4797865, -0.5195314), (0.07658168, 0.7380903, 0.010631323, 0.6702569), (0.8865805, 0.04004973, -0.45096773, 0.094860375), (0.9644306, -0.07419565, -0.07761192, 0.2415458), (0.9999994, 1.6391277e-7, -2.9802322e-8, -5.2154064e-8), (0.9999994, 1.6391277e-7, -2.9802322e-8, -5.2154064e-8), (0.9999994, 1.6391277e-7, -2.9802322e-8, -5.2154064e-8), (0.9999994, 1.6391277e-7, -2.9802322e-8, -5.2154064e-8), (0.6675338, 0.7391541, 0.07901719, -0.04248777), (0.9971459, 0.022832304, 0.066752106, -0.026877522), (0.96243656, -0.018942177, -0.05309379, 0.2655895), (0.9613514, -0.0253779, -0.016822815, 0.2736355), (0.9510477, 0.027136862, -0.049006782, 0.30392462), (0.9993346, -0.01875627, 0.027699977, -0.014501631), (0.93255424, -0.049691945, -0.06769431, 0.35112676), (0.9025783, 0.012479186, -0.025027037, 0.4296154), (-0.9228583, -0.005679965, 0.037632585, -0.38325298), (0.99999964, 0.000011473894, -2.9802322e-8, -1.1920929e-7), (0.98684007, -0.104053944, -0.08102879, 0.093556374), (0.95399183, 0.12489748, 0.13203311, 0.23846662), (0.79320586, 0.044920564, 0.049646944, 0.60526067), (-0.7999738, -0.032953203, -0.14139026, -0.5822057), (0.9916542, -0.12159109, -0.026662141, 0.03355527), (0.94461095, 0.10807672, 0.033021778, 0.30812085), (0.83723515, -0.0069063306, 0.0467968, 0.54479283), (-0.8397569, 0.041857988, -0.07850674, -0.53562385), (0.8255962, 0.3674598, 0.4281974, -0.0032021701), (0.9868492, 0.04863143, -0.13026866, 0.082418464), (0.9756577, 0.068793975, -0.01419571, 0.20774263), (0.9668883, -0.00800783, -0.01070556, 0.2548482), (0.99907726, -0.039677173, 0.016407102, -0.000605911), (0.99999976, -5.9604645e-8, 1.4901161e-8, 7.450581e-9), (0.99999976, -5.9604645e-8, 1.4901161e-8, 7.450581e-9), (0.99999976, -5.9604645e-8, 1.4901161e-8, 7.450581e-9), (0.48486122, -0.514583, -0.48497137, -0.5147), (0.32761765, 0.051319495, -0.015836567, 0.9432825), (0.9494282, -0.08516191, 0.025305152, 0.30115205), (0.019287389, 0.9993783, 0.0045286063, 0.02915299), (0.00030103326, 0.6694902, 0.7428198, -0.00071159005), (0.99998283, 0.0000030227966, -0.000025242567, 0.005739764), (0.99999917, 2.4447218e-7, -0.0000011390075, -0.0011720285), (0.5265741, -0.51443905, 0.4986922, 0.45757842), (0.9999987, 3.799796e-7, 5.5041164e-7, -0.0014619008), (0.999895, -0.014482483, 6.817281e-7, 2.9802322e-8), (0.9995805, -0.028961932, 0.0000019222498, 2.9802322e-8), (0.9990369, -0.04387373, 0.0000023571774, 1.2665987e-7), (0.9999999, 2.6077032e-7, 5.364418e-7, 2.7474016e-8), (0.9999999, 1.3038516e-8, 0.0000014007092, 2.9802322e-8), (0.9999999, 7.171184e-7, 0.0000012814999, -6.0535967e-9), (0.99280536, 0.01740482, -0.06187589, 0.101021335), (0.899003, -0.12645859, 0.05797431, 0.415259), (-0.06791493, 0.99644613, -0.038391083, -0.03175348), (-0.00010365248, 0.68666685, 0.726971, 0.0011705458), (0.9999799, 0.0000037029386, 0.0000070631504, 0.0062949955), (0.9999989, 1.7508864e-7, -0.0000011622906, -0.0011720285), (-0.5143954, -0.52654654, -0.4576345, 0.4987146), (0.9999984, 3.501773e-7, 6.556511e-7, -0.0014618039), (0.9998946, -0.014482513, -1.1920929e-7, -1.1920929e-7), (0.99958, -0.028961904, -1.7881393e-7, -8.940697e-8), (0.9990365, -0.0438738, -1.4901161e-7, -8.940697e-8), (0.9999992, 2.6077032e-7, -3.7252903e-8, 5.7742e-8), (0.9999993, 7.450581e-9, 0, 3.7252903e-8), (0.9999993, 6.482005e-7, 1.4901161e-8, 3.4458935e-8), (0.49999678, -0.499965, -0.5000123, -0.5000254), (0.49999678, -0.499965, -0.5000123, -0.5000254), (0.49999678, -0.499965, -0.5000123, -0.5000254), (0.49999678, -0.499965, -0.5000123, -0.5000254)],
                24: [(0.99999994, 0.000090158705, -0.0002803497, 0.0001206741), (0.5127815, 0.50208145, 0.4677342, 0.51593983), (0.99951637, 0.018851014, 0.0073785465, 0.023599979), (0.9998276, 0.0027365275, 0.0022911504, -0.018212384), (0.9998679, 0.0027817162, -0.0017089918, -0.015907917), (0.99884546, 0.020252148, -0.009773911, -0.04244575), (0.6800112, 0.037299693, -0.72595125, -0.095853895), (0.88465244, 0.10996407, -0.4211465, -0.1671324), (0.91738176, 0.37857953, -0.10119964, 0.06961836), (0.99999964, -8.568168e-8, 0, -2.9802322e-8), (0.99999964, -8.568168e-8, 0, -2.9802322e-8), (0.99999964, -8.568168e-8, 0, -2.9802322e-8), (0.99999964, -8.568168e-8, 0, -2.9802322e-8), (0.6287597, 0.77039444, -0.0501827, -0.092926264), (0.9973691, 0.02622217, 0.066079795, -0.0141708255), (0.9179673, -0.026868671, -0.0505639, 0.39250156), (0.91601443, -0.02434212, -0.01750794, 0.4000229), (-0.89717007, -0.006891012, 0.049303472, -0.4388706), (0.9994265, -0.019888759, 0.027389258, -0.0010340512), (0.8834966, -0.045282558, -0.0654265, 0.46163046), (0.8451374, 0.019053727, -0.027881503, 0.5334811), (-0.8675217, -0.015935048, 0.04515883, -0.4950883), (1.0000001, -0.000011146069, 0.0000014156103, 0.0000023245811), (0.99520415, 0.017519832, -0.028172582, 0.09202263), (0.9370755, 0.011031374, 0.13891388, 0.3201106), (-0.71780026, -0.02650994, -0.0886063, -0.690079), (0.742498, 0.03574322, 0.15791604, 0.64998615), (0.9907485, -0.12434062, -0.026512831, 0.047475338), (0.9144131, 0.117418066, 0.02825582, 0.38634604), (-0.7812924, 0.007578939, -0.05479522, -0.62170917), (0.7820519, -0.0011779964, 0.06041798, 0.6202765), (0.8251218, 0.37047872, 0.4265111, 0.0028156936), (0.98649824, 0.04862219, -0.13508855, 0.07879409), (0.96560407, 0.06452635, -0.012934729, 0.25155178), (0.962489, -0.0086023845, -0.010914147, 0.27096575), (-0.03967359, -0.9990827, 0.0003676, 0.016115695), (0.99999976, 1.1920929e-7, -1.4901161e-8, 0), (0.99999976, 1.1920929e-7, -1.4901161e-8, 0), (0.99999976, 1.1920929e-7, -1.4901161e-8, 0), (0.999573, -0.024708651, 0.00788812, -0.013447773), (0.99999964, -0.00033783168, 0.00044775382, -0.000025049783), (0.9999784, -0.00035287626, -0.006002944, -0.0026088739), (0.99954784, -0.016174925, 0.003755983, 0.025064968), (0.51130676, -0.48755786, -0.47603878, -0.5236786), (0.4761452, -0.5227676, -0.51150274, -0.48822635), (1.0000004, 1.1175871e-8, 0, 0), (0.5115031, -0.48822573, -0.47614476, -0.52276784), (0.99999976, 7.450581e-9, 8.381903e-9, 0), (0.47968274, -0.5194191, -0.47978663, -0.5195315), (0.07972154, 0.7388557, 0.016125321, 0.66893667), (0.8890123, 0.03498727, -0.44740126, 0.09091145), (0.9676163, -0.040872917, -0.09474698, 0.23037146), (0.9999997, 1.3411045e-7, 0, -3.7252903e-8), (0.9999997, 1.3411045e-7, 0, -3.7252903e-8), (0.9999997, 1.3411045e-7, 0, -3.7252903e-8), (0.9999997, 1.3411045e-7, 0, -3.7252903e-8), (0.66725934, 0.73985326, 0.07396801, -0.043712914), (0.99724567, 0.022834152, 0.066219926, -0.02438572), (0.960766, -0.017780542, -0.054057747, 0.27145973), (0.959779, -0.025439113, -0.016792133, 0.27909744), (0.9482136, 0.02740641, -0.049459018, 0.31256104), (0.99938196, -0.01872006, 0.027511805, -0.011341363), (0.93088984, -0.048835874, -0.06870866, 0.35544115), (0.9016044, 0.012514859, -0.025175646, 0.43164748), (-0.919407, -0.0063865036, 0.03809411, -0.3914072), (1, 0.000011473894, 0, -8.940697e-8), (0.98642486, -0.10534474, -0.07992515, 0.09736773), (0.95692754, 0.1287268, 0.12951463, 0.2257098), (0.793909, 0.033607572, 0.060173437, 0.6041175), (-0.7963099, -0.03293529, -0.14284782, -0.5868564), (0.9914558, -0.12219517, -0.026400477, 0.037243396), (0.94727314, 0.11112434, 0.032931834, 0.2987322), (0.83925265, -0.0068789423, 0.046241924, 0.5417285), (-0.8371059, 0.041695833, -0.07916139, -0.5396751), (0.82560456, 0.36754626, 0.42810908, -0.003093183), (0.9864434, 0.04863473, -0.13028038, 0.08712821), (0.9742241, 0.06818225, -0.014245689, 0.21455936), (0.9651146, -0.008233761, -0.010732278, 0.261479), (0.9990778, -0.039677203, 0.016407073, -0.000605911), (0.99999994, -5.9604645e-8, 1.4901161e-8, 3.7252903e-9), (0.99999994, -5.9604645e-8, 1.4901161e-8, 3.7252903e-9), (0.99999994, -5.9604645e-8, 1.4901161e-8, 3.7252903e-9), (0.4848613, -0.51458305, -0.48497146, -0.5147001), (0.30813804, 0.046154656, -0.016815007, 0.9500725), (0.93631417, -0.08208582, 0.029254682, 0.3401792), (0.030578943, 0.9979814, -0.05092606, 0.02246654), (0.00036087632, 0.7043425, 0.7098604, -0.00014466047), (0.9999876, -0.000017610408, 0.000008761883, 0.0049742456), (0.99999964, 2.4051405e-7, -0.000001143897, -0.0011720657), (0.52657425, -0.5144393, 0.49869245, 0.4575786), (0.99999905, 3.7252903e-7, 5.811453e-7, -0.0014618933), (0.9998954, -0.014482526, 6.482005e-7, -2.2351742e-8), (0.9995808, -0.02896192, 0.0000018887222, 1.4901161e-8), (0.99903727, -0.043873787, 0.000002335757, 1.2665987e-7), (1.0000002, 2.8125942e-7, 5.066395e-7, 1.9557774e-8), (1.0000002, 1.4901161e-8, 0.0000013709068, 2.8871e-8), (1, 6.798655e-7, 0.0000013113022, -2.9802322e-8), (0.9940971, 0.018491212, -0.08256808, 0.06790595), (0.86325395, -0.119885646, 0.067362785, 0.48567685), (-0.07539236, 0.99498653, -0.06042712, -0.025805801), (-0.00027653575, 0.70392716, 0.71027154, 0.00023186207), (0.9999896, 0.000022955239, -0.000014573336, 0.004433118), (0.9999988, 1.7508864e-7, -0.0000011622906, -0.0011720136), (-0.5143954, -0.5265465, -0.4576344, 0.4987145), (0.9999986, 3.427267e-7, 6.556511e-7, -0.0014618039), (0.99989474, -0.014482513, -1.4901161e-7, -1.1920929e-7), (0.99958014, -0.028961904, -1.7881393e-7, -7.4505806e-8), (0.99903667, -0.043873794, -1.4901161e-7, -7.4505806e-8), (0.9999995, 2.9802322e-7, -3.7252903e-8, 5.7742e-8), (0.9999995, -7.450581e-9, -7.450581e-9, 1.4901161e-8), (0.9999995, 6.556511e-7, -7.4505806e-8, 1.1175871e-8), (0.49999684, -0.4999651, -0.50001234, -0.5000255), (0.49999684, -0.4999651, -0.50001234, -0.5000255), (0.49999684, -0.4999651, -0.50001234, -0.5000255), (0.49999684, -0.4999651, -0.50001234, -0.5000255)],
                25: [(1, 0.00002397817, -0.00026510915, 0.00010951293), (0.5150566, 0.49353993, 0.46721613, 0.5223447), (0.9996362, 0.018664232, 0.004017461, 0.019046595), (0.9997796, -0.0023697028, -0.0003280081, -0.020855265), (0.99987733, -0.0024262369, -0.0015613167, -0.015394982), (0.9992236, 0.013026791, -0.005142648, -0.036822006), (0.6794351, 0.037510842, -0.72732687, -0.089197755), (0.8810625, 0.11712763, -0.43189132, -0.15323061), (0.9346782, 0.32476604, -0.11593412, 0.08638902), (0.99999994, -1.2665987e-7, -2.2351742e-8, 0), (0.99999994, -1.2665987e-7, -2.2351742e-8, 0), (0.99999994, -1.2665987e-7, -2.2351742e-8, 0), (0.99999994, -1.2665987e-7, -2.2351742e-8, 0), (0.62584937, 0.7725042, -0.05125615, -0.09446117), (0.9973768, 0.025730073, 0.065898634, -0.015337139), (0.91596156, -0.026338086, -0.049676895, 0.39730746), (0.91428185, -0.02416721, -0.017546594, 0.40397617), (-0.8940952, -0.0072538257, 0.04962504, -0.44506013), (0.9994148, -0.02026704, 0.02751556, -0.0016305149), (0.8799654, -0.04504648, -0.0650315, 0.46840477), (0.8419242, 0.019478768, -0.028189063, 0.5385071), (-0.86203945, -0.016797096, 0.046026494, -0.5044676), (1.0000002, -0.00001116097, 0.0000014305115, 0.0000023245811), (0.9952928, 0.015593857, -0.026988968, 0.09176606), (0.93689823, 0.010892972, 0.13902095, 0.32058764), (-0.714311, -0.016216341, -0.09998377, -0.6924595), (0.73233527, 0.035699993, 0.16050407, 0.6607945), (0.99063706, -0.12534258, -0.026019841, 0.047441304), (0.9130851, 0.11757265, 0.028333709, 0.38942215), (-0.77599883, 0.007525265, -0.055289418, -0.6282614), (0.7729001, -0.0013343245, 0.06110713, 0.63157713), (0.8251905, 0.37014037, 0.42667317, 0.0026884824), (0.9864532, 0.0490862, -0.13492404, 0.07935182), (0.96501553, 0.064919144, -0.012522817, 0.25372088), (0.9619063, -0.00866713, -0.010869682, 0.27302673), (-0.03967359, -0.99908286, 0.0003675255, 0.016115725), (0.9999999, 8.940697e-8, -1.4901161e-8, -1.4901161e-8), (0.9999999, 8.940697e-8, -1.4901161e-8, -1.4901161e-8), (0.9999999, 8.940697e-8, -1.4901161e-8, -1.4901161e-8), (0.9997877, -0.018220324, 0.008569468, -0.0043302886), (0.9999995, -0.0003249289, 0.00044215843, -0.000032301992), (0.9999783, -0.0003400026, -0.0060085095, -0.0026162341), (0.9993961, 0.0028274783, -0.0020424407, 0.034564942), (0.5113065, -0.48755765, -0.47603863, -0.52367836), (0.476145, -0.52276736, -0.51150256, -0.48822618), (1, 1.1175871e-8, 0, 0), (0.51150286, -0.48822558, -0.47614464, -0.52276766), (0.9999994, 9.313226e-9, 7.450581e-9, 4.656613e-10), (0.47968253, -0.5194189, -0.47978643, -0.5195313), (0.08264759, 0.73846436, 0.022002816, 0.6688462), (0.8919668, 0.0325374, -0.44389683, 0.079321235), (0.9696206, 0.0021335334, -0.11496113, 0.21590504), (0.9999995, 1.6391277e-7, -2.9802322e-8, -2.2351742e-8), (0.9999995, 1.6391277e-7, -2.9802322e-8, -2.2351742e-8), (0.9999995, 1.6391277e-7, -2.9802322e-8, -2.2351742e-8), (0.9999995, 1.6391277e-7, -2.9802322e-8, -2.2351742e-8), (0.6666209, 0.7412778, 0.062726915, -0.04678136), (0.9973321, 0.022849947, 0.065810084, -0.021798134), (0.95951426, -0.017005265, -0.05450055, 0.2758128), (0.95858395, -0.025444388, -0.016789228, 0.28317323), (0.94603896, 0.027638778, -0.049857207, 0.31899846), (0.9994174, -0.018689394, 0.02732858, -0.008253276), (0.9299718, -0.048034146, -0.06953028, 0.3577849), (0.90128595, 0.012536854, -0.025307044, 0.43230224), (-0.91714704, -0.006825164, 0.03849853, -0.39662582), (0.99999976, 0.000011444092, -2.9802322e-8, -1.1920929e-7), (0.986025, -0.106338635, -0.07907431, 0.10096192), (0.9595809, 0.13148096, 0.12739788, 0.2137427), (0.7958655, 0.023291945, 0.06926605, 0.60104656), (-0.7951455, -0.032645762, -0.14335066, -0.5883262), (0.991271, -0.1226058, -0.026251048, 0.04074061), (0.9499179, 0.11339037, 0.032966137, 0.28932834), (0.842072, -0.0067813993, 0.045553476, 0.5373943), (-0.8365514, 0.04172349, -0.07918497, -0.5405271), (0.82561815, 0.367595, 0.42804116, -0.0029752254), (0.9860612, 0.048550695, -0.13033825, 0.09130995), (0.97297806, 0.06769691, -0.014347196, 0.2202828), (0.9635801, -0.008422256, -0.010774732, 0.26706943), (0.9990774, -0.039677188, 0.016407073, -0.000605911), (0.9999999, -2.9802322e-8, 1.4901161e-8, 1.9732397e-8), (0.9999999, -2.9802322e-8, 1.4901161e-8, 1.9732397e-8), (0.9999999, -2.9802322e-8, 1.4901161e-8, 1.9732397e-8), (0.48486125, -0.51458305, -0.4849715, -0.51470006), (0.26988465, 0.03531437, -0.017639995, 0.9620831), (0.93761635, -0.07417278, 0.027110644, 0.33858335), (0.047037557, 0.9948602, -0.08848065, 0.014542371), (0.00048077106, 0.7062898, 0.707922, -0.00012648106), (0.99999195, -0.000004757894, 6.854534e-7, 0.0038592585), (0.9999992, 2.4223118e-7, -0.0000011443626, -0.0011720508), (0.526574, -0.51443905, 0.49869224, 0.4575784), (0.9999988, 3.7252903e-7, 5.438924e-7, -0.0014618672), (0.9998951, -0.014482481, 6.556511e-7, -1.1175871e-8), (0.99958056, -0.028961897, 0.000001937151, 2.2351742e-8), (0.999037, -0.04387377, 0.0000023320317, 8.195639e-8), (1.0000001, 2.7380884e-7, 5.2154064e-7, 3.7252903e-8), (1, 2.2351742e-8, 0.0000013560057, 3.9115548e-8), (1, 6.5751374e-7, 0.0000012814999, -2.2351742e-8), (0.99570715, 0.018801942, -0.09060162, -0.0022036843), (0.8330374, -0.106293105, 0.06894706, 0.5385134), (-0.06636762, 0.99488163, -0.071794026, -0.02552548), (0.00026246905, 0.69180703, 0.7220822, -0.00011268258), (0.99999416, -0.000004561618, -0.000018924475, 0.0033606216), (0.99999917, 1.7881393e-7, -0.0000011622906, -0.001172021), (-0.51439553, -0.52654666, -0.45763463, 0.4987147), (0.9999988, 3.5762787e-7, 5.9604645e-7, -0.0014618188), (0.999895, -0.0144825205, -1.1920929e-7, -1.1920929e-7), (0.9995804, -0.02896192, -1.1920929e-7, -5.9604645e-8), (0.9990369, -0.04387381, -1.4901161e-7, -7.4505806e-8), (0.9999996, 2.7567148e-7, -2.7939677e-8, 6.7055225e-8), (0.9999995, 3.7252903e-8, 3.7252903e-9, 2.7939677e-8), (0.9999996, 6.631017e-7, -4.4703484e-8, -2.4214387e-8), (0.49999687, -0.4999651, -0.50001234, -0.5000254), (0.49999687, -0.4999651, -0.50001234, -0.5000254), (0.49999687, -0.4999651, -0.50001234, -0.5000254), (0.49999687, -0.4999651, -0.50001234, -0.5000254)],
                26: [(1, 0.000014449383, 0.000026361651, 0.0000057194966), (0.51479083, 0.4881633, 0.46809688, 0.5268511), (0.9997803, 0.014079083, 0.0004929751, 0.015503056), (0.9997211, -0.0068101897, -0.0024572443, -0.022465995), (0.9998559, -0.006845672, -0.0013870498, -0.015447883), (0.9993509, 0.0019165012, -0.00059647486, -0.035958983), (0.67887735, 0.03889191, -0.7284414, -0.083580315), (0.8810475, 0.12044138, -0.43836868, -0.13069844), (0.9507593, 0.25934392, -0.13049439, 0.108484894), (0.99999994, -9.685755e-8, -2.6077032e-8, 1.4901161e-8), (0.99999994, -9.685755e-8, -2.6077032e-8, 1.4901161e-8), (0.99999994, -9.685755e-8, -2.6077032e-8, 1.4901161e-8), (0.99999994, -9.685755e-8, -2.6077032e-8, 1.4901161e-8), (0.62595373, 0.7728211, -0.048016712, -0.09286648), (0.9973757, 0.025550291, 0.06574158, -0.016351163), (0.9145018, -0.026211321, -0.049085498, 0.40073735), (0.91310453, -0.024308324, -0.017392576, 0.40662876), (-0.8918869, -0.007454306, 0.049649954, -0.4494635), (0.99941087, -0.020385459, 0.027523674, -0.0022809505), (0.8774017, -0.045398816, -0.064894065, 0.47317448), (0.83976555, 0.019527733, -0.0280613, 0.5418717), (-0.858077, -0.017543554, 0.046290584, -0.51112944), (1.0000004, -0.00001116097, 0.0000014305115, 0.0000023543835), (0.99538267, 0.014362022, -0.026236773, 0.0912087), (0.9367895, 0.010477588, 0.13909581, 0.32088658), (-0.71331155, -0.008399857, -0.10799056, -0.6924263), (0.72492135, 0.036191717, 0.16276638, 0.6683461), (0.9905834, -0.12595741, -0.025702387, 0.047104448), (0.9122, 0.11745351, 0.028358042, 0.3915253), (-0.7723516, 0.0076510906, -0.055847228, -0.6326896), (0.76629245, -0.0007908493, 0.062209666, 0.6394731), (0.8251895, 0.37009394, 0.42671603, 0.0025611967), (0.9864492, 0.04934167, -0.13464797, 0.07970772), (0.9645989, 0.06515947, -0.012177788, 0.25525397), (0.96149206, -0.008730266, -0.01082316, 0.2744804), (-0.039673597, -0.9990828, 0.0003675754, 0.01611571), (1, 8.940697e-8, 0, -2.2351742e-8), (1, 8.940697e-8, 0, -2.2351742e-8), (1, 8.940697e-8, 0, -2.2351742e-8), (0.9999107, -0.007066455, 0.009350996, 0.0063714385), (0.99999964, 0.000030253548, 0.0003277026, 0.00002263859), (0.9999777, 0.000015757047, -0.0061219223, -0.0025635026), (0.99880695, 0.022495475, -0.008670572, 0.042463906), (0.5113067, -0.48755777, -0.47603872, -0.5236785), (0.47614512, -0.52276754, -0.5115026, -0.4882263), (1.0000001, 1.1641532e-8, 0, 9.313226e-10), (0.511503, -0.4882257, -0.47614476, -0.5227678), (0.9999996, 8.8475645e-9, 7.450581e-9, 0), (0.47968268, -0.51941895, -0.47978655, -0.51953137), (0.082430735, 0.73701715, 0.02915904, 0.67019403), (0.8960675, 0.03952211, -0.43855754, 0.056281924), (0.9678221, 0.054167897, -0.13211092, 0.2072005), (0.99999917, 1.937151e-7, -8.940697e-8, -2.9802322e-8), (0.99999917, 1.937151e-7, -8.940697e-8, -2.9802322e-8), (0.99999917, 1.937151e-7, -8.940697e-8, -2.9802322e-8), (0.99999917, 1.937151e-7, -8.940697e-8, -2.9802322e-8), (0.66637725, 0.7423039, 0.047728702, -0.051449656), (0.9973794, 0.022784665, 0.06584939, -0.01944536), (0.9586574, -0.016298592, -0.054615304, 0.27879545), (0.95776445, -0.02527231, -0.01687032, 0.28594273), (0.9444462, 0.027919635, -0.050491232, 0.32356086), (0.99943185, -0.018721849, 0.027467877, -0.005477369), (0.9295958, -0.047335804, -0.07024416, 0.358714), (0.9014027, 0.012577951, -0.025428023, 0.43205047), (-0.915796, -0.0070420653, 0.03889429, -0.39969313), (0.9999995, 0.000011458993, -1.4901161e-8, -1.1920929e-7), (0.98570395, -0.10687108, -0.077924386, 0.10436952), (0.9620265, 0.13261004, 0.12563635, 0.20281553), (0.7976718, 0.014078006, 0.07744975, 0.59793156), (-0.795316, -0.032315344, -0.14323431, -0.5881422), (0.9911134, -0.12284872, -0.025798216, 0.044000387), (0.95241916, 0.11431527, 0.03309676, 0.2805949), (0.84501296, -0.0068374425, 0.04512696, 0.5327936), (-0.83705467, 0.041703448, -0.07912234, -0.53975827), (0.825606, 0.36732602, 0.42829415, -0.0031096041), (0.985747, 0.04853601, -0.1302244, 0.09480636), (0.97198, 0.067234464, -0.014528632, 0.22477312), (0.96231973, -0.008610809, -0.01081121, 0.27156827), (0.99907726, -0.039677188, 0.016407102, -0.000605911), (0.99999964, -2.9802322e-8, 1.1175871e-8, 1.8626451e-8), (0.99999964, -2.9802322e-8, 1.1175871e-8, 1.8626451e-8), (0.99999964, -2.9802322e-8, 1.1175871e-8, 1.8626451e-8), (0.48486125, -0.514583, -0.48497146, -0.51470006), (0.22113892, 0.02029502, -0.013500094, 0.97493744), (0.94819796, -0.06448352, 0.021234255, 0.31034043), (0.06606062, 0.9917505, -0.10957773, 0.0076827705), (0.00006341934, 0.70703846, 0.7071745, 0.000054329634), (0.99999243, 0.0000020363077, 0.000012367964, 0.0037495345), (0.9999991, 2.146262e-7, -0.000001129054, -0.0011720434), (0.52657396, -0.514439, 0.49869215, 0.45757836), (0.99999875, 4.1536987e-7, 5.289912e-7, -0.0014618821), (0.99989516, -0.014482492, 6.556511e-7, 2.2351742e-8), (0.9995805, -0.028961878, 0.000001899898, -7.450581e-9), (0.999037, -0.04387375, 0.0000023320317, 1.4901161e-7), (0.99999994, 2.6542693e-7, 5.066395e-7, 3.5390258e-8), (0.99999994, 7.450581e-9, 0.0000014305115, 2.6077032e-8), (0.99999976, 6.938353e-7, 0.0000013262033, -1.6763806e-8), (0.9932902, 0.015119653, -0.079801515, -0.08232413), (0.83028656, -0.0883258, 0.05808334, 0.54721904), (-0.038139734, 0.99614894, -0.07045244, -0.035617918), (0.00006264448, 0.67228687, 0.7402903, 0.00006082654), (0.99999285, 0.0000053346157, 0.000023275614, 0.0036490113), (0.9999989, 1.8253922e-7, -0.0000011324883, -0.001172021), (-0.5143955, -0.52654654, -0.45763448, 0.49871454), (0.99999857, 3.427267e-7, 5.9604645e-7, -0.0014618188), (0.99989474, -0.0144825205, -1.1920929e-7, -1.1920929e-7), (0.99958014, -0.028961912, -8.940697e-8, -4.4703484e-8), (0.99903667, -0.043873772, -1.7881393e-7, -5.9604645e-8), (0.9999994, 2.682209e-7, 1.4901161e-8, 4.656613e-8), (0.9999994, 2.9802322e-8, -1.8626451e-8, 1.4901161e-8), (0.9999994, 6.92904e-7, -5.2154064e-8, -3.7252903e-9), (0.4999968, -0.499965, -0.5000123, -0.50002533), (0.4999968, -0.499965, -0.5000123, -0.50002533), (0.4999968, -0.499965, -0.5000123, -0.50002533), (0.4999968, -0.499965, -0.5000123, -0.50002533)],
                27: [(1, 0.000016024178, 0.00004549556, -0.000014112017), (0.5137146, 0.4848256, 0.46826583, 0.53081864), (0.999831, 0.005719449, -0.0017137091, 0.01738031), (0.999706, -0.011013215, -0.0048847143, -0.021038307), (0.9998176, -0.011169334, -0.0014304173, -0.015425326), (0.9992275, -0.010471061, 0.005023333, -0.03754317), (0.6796106, 0.030797884, -0.7293183, -0.07263423), (0.8836752, 0.11343829, -0.4453677, -0.088868685), (0.9668488, 0.16233893, -0.14324565, 0.13539016), (1.0000001, -8.288771e-8, -4.0163286e-8, -1.21071935e-8), (1.0000001, -8.288771e-8, -4.0163286e-8, -1.21071935e-8), (1.0000001, -8.288771e-8, -4.0163286e-8, -1.21071935e-8), (1.0000001, -8.288771e-8, -4.0163286e-8, -1.21071935e-8), (0.63050836, 0.7706398, -0.035171565, -0.085656285), (0.99735737, 0.026635367, 0.06545525, -0.01687221), (0.9136708, -0.026056534, -0.04876345, 0.40267783), (0.91238654, -0.024294019, -0.017398847, 0.40823787), (-0.890623, -0.0075771613, 0.049732998, -0.4519518), (0.99941427, -0.020449288, 0.027328463, -0.002527954), (0.8758956, -0.045862757, -0.06508908, 0.4758855), (0.8384341, 0.019637128, -0.0281487, 0.5439215), (-0.8558133, -0.017907713, 0.04653251, -0.51487637), (1.0000005, -0.0000111580885, 0.0000014123507, 0.000002330169), (0.99549377, 0.013770648, -0.02582195, 0.09019988), (0.93669957, 0.008240952, 0.13908252, 0.32121992), (-0.712765, -0.0039765467, -0.11243292, -0.6923219), (0.72071695, 0.036299415, 0.16393311, 0.672589), (0.99057204, -0.12628376, -0.025468934, 0.046593595), (0.91165525, 0.11747037, 0.0283659, 0.39278615), (-0.77016777, 0.007676639, -0.056071088, -0.63532585), (0.7625169, -0.0007881131, 0.062651105, 0.64392745), (0.82518536, 0.37006432, 0.42675042, 0.0025296146), (0.9865164, 0.049520515, -0.1339607, 0.0799268), (0.96435636, 0.065352395, -0.0119229825, 0.25613362), (0.9612558, -0.0087504955, -0.010662718, 0.27531397), (-0.039673593, -0.9990829, 0.00036762276, 0.01611571), (1.0000001, 8.940697e-8, -8.8475645e-9, -1.3504177e-8), (1.0000001, 8.940697e-8, -8.8475645e-9, -1.3504177e-8), (1.0000001, 8.940697e-8, -8.8475645e-9, -1.3504177e-8), (0.999888, 0.007994771, 0.010091376, 0.007643365), (0.99999994, 0.00006512122, 0.00031293184, 0.0000063576726), (0.9999778, 0.00005059065, -0.006136534, -0.0025799547), (0.9981457, 0.046814524, -0.015932877, 0.035491034), (0.5113068, -0.48755786, -0.47603878, -0.52367866), (0.47614512, -0.52276754, -0.5115027, -0.4882263), (1.0000002, 1.1175871e-8, 6.9849193e-10, 0), (0.5115031, -0.48822576, -0.47614482, -0.52276784), (0.9999999, 9.313227e-9, 7.4505815e-9, 0), (0.47968274, -0.51941913, -0.47978657, -0.51953155), (0.086831555, 0.7334946, 0.03350938, 0.6732927), (0.8992538, 0.051718768, -0.43398014, 0.018135002), (0.96139145, 0.13129884, -0.14618114, 0.19266011), (0.99999964, 1.9650912e-7, -6.8917885e-8, -4.7497466e-8), (0.99999964, 1.9650912e-7, -6.8917885e-8, -4.7497466e-8), (0.99999964, 1.9650912e-7, -6.8917885e-8, -4.7497466e-8), (0.99999964, 1.9650912e-7, -6.8917885e-8, -4.7497466e-8), (0.66529965, 0.743932, 0.022759698, -0.058507353), (0.99741864, 0.022821229, 0.06575416, -0.017643182), (0.958153, -0.01610495, -0.05451436, 0.28055504), (0.95725876, -0.025264328, -0.016878527, 0.28763136), (0.94353503, 0.02803138, -0.05067169, 0.32617125), (0.99944854, -0.01871654, 0.027201109, -0.003468827), (0.92957366, -0.047108456, -0.07085886, 0.35868162), (0.90168005, 0.012541183, -0.025463795, 0.43147126), (-0.9152659, -0.0071476507, 0.03898603, -0.40089574), (0.9999997, 0.000011461789, 1.2805687e-8, -8.3819046e-8), (0.9855647, -0.10722688, -0.07737846, 0.105720185), (0.9635866, 0.13345893, 0.12454739, 0.19538964), (0.7996536, 0.0071687754, 0.08343039, 0.5945938), (-0.79644203, -0.03207796, -0.14301701, -0.5866832), (0.99102545, -0.12296798, -0.025624994, 0.045721717), (0.954166, 0.115099, 0.033208005, 0.2742563), (0.84751433, -0.0067821927, 0.044640515, 0.5288483), (-0.83824277, 0.041762743, -0.078847006, -0.537948), (0.8256053, 0.36731765, 0.42830357, -0.003076049), (0.9855874, 0.048409674, -0.12970862, 0.09720702), (0.97132355, 0.06657552, -0.014656314, 0.22777839), (0.9614771, -0.008714173, -0.010671008, 0.27453923), (0.9990775, -0.039677206, 0.016407093, -0.0006059297), (0.9999999, -5.4016716e-8, 2.6659112e-8, 2.9802326e-8), (0.9999999, -5.4016716e-8, 2.6659112e-8, 2.9802326e-8), (0.9999999, -5.4016716e-8, 2.6659112e-8, 2.9802326e-8), (0.48486134, -0.5145832, -0.48497152, -0.5147002), (0.13886099, 0.007332924, -0.006055429, 0.9902662), (0.97001755, -0.05813596, 0.01726778, 0.2353464), (0.08299857, 0.9901473, -0.112754986, 0.0024180238), (0.000051930554, 0.7070782, 0.7071351, 0.00006677956), (0.9999926, 5.7291847e-9, 0.000008253382, 0.0037388434), (0.9999992, 2.539596e-7, -0.0000011253652, -0.0011720579), (0.526574, -0.5144391, 0.49869224, 0.45757845), (0.99999887, 4.0436862e-7, 5.5413693e-7, -0.0014618718), (0.9998952, -0.014482502, 6.603077e-7, 3.6496203e-8), (0.9995807, -0.028961895, 0.0000018817373, 1.6880222e-8), (0.99903715, -0.043873746, 0.0000022929162, 1.488952e-7), (1.0000002, 2.894667e-7, 5.191614e-7, 1.6530976e-8), (1.0000001, 3.207242e-8, 0.0000014013203, 2.7474016e-8), (1, 7.1700197e-7, 0.0000013057361, -1.3969839e-8), (0.9820755, 0.005523939, -0.060809813, -0.17832361), (0.86891884, -0.06588591, 0.040362347, 0.48888654), (0.004025323, 0.998367, -0.031339444, -0.047593508), (0.00007596309, 0.65278417, 0.75754404, 0.000051806244), (0.99999344, 0.0000037452119, 0.000021539629, 0.0036401504), (0.9999993, 1.9886647e-7, -0.0000011324883, -0.0011720089), (-0.5143956, -0.5265467, -0.4576346, 0.49871475), (0.99999887, 3.4851837e-7, 6.0303137e-7, -0.001461809), (0.9998951, -0.01448251, -1.1920929e-7, -1.1315569e-7), (0.9995805, -0.02896193, -1.5459955e-7, -6.100163e-8), (0.999037, -0.04387381, -1.960434e-7, -7.4505806e-8), (0.9999999, 2.6752244e-7, 1.8626451e-8, 4.9476522e-8), (0.9999999, 2.9103834e-8, -1.11758744e-8, 2.2933824e-8), (0.9999998, 6.7264784e-7, 0, 2.3399483e-8), (0.49999687, -0.49996507, -0.50001234, -0.5000255), (0.49999687, -0.49996507, -0.50001234, -0.5000255), (0.49999687, -0.49996507, -0.50001234, -0.5000255), (0.49999687, -0.49996507, -0.50001234, -0.5000255)],
                28: [(1, 0.00003536183, 0.00010822913, 0.0000031454479), (0.5115, 0.4851733, 0.46961975, 0.5314431), (0.9998314, 0.00090235495, -0.0025635404, 0.01815889), (0.9997268, -0.011650445, -0.005770819, -0.01942464), (0.99981844, -0.011823879, -0.0016060332, -0.014865178), (0.9991627, -0.015662963, 0.007371163, -0.037075616), (0.68052995, 0.025549024, -0.7292756, -0.066211045), (0.885097, 0.10718226, -0.4488166, -0.060661756), (0.9710858, 0.11184699, -0.14845352, 0.14981788), (1.0000005, -9.685755e-8, -4.4703484e-8, -1.8626451e-8), (1.0000005, -9.685755e-8, -4.4703484e-8, -1.8626451e-8), (1.0000005, -9.685755e-8, -4.4703484e-8, -1.8626451e-8), (1.0000005, -9.685755e-8, -4.4703484e-8, -1.8626451e-8), (0.63318634, 0.7692039, -0.028021105, -0.081341326), (0.9973784, 0.02544241, 0.065581374, -0.01701995), (0.913389, -0.026009507, -0.048655007, 0.40333402), (0.9121423, -0.024288949, -0.017399788, 0.40878505), (-0.8901913, -0.0076155383, 0.049761865, -0.45279855), (0.99942327, -0.020485707, 0.026979204, -0.002645582), (0.87533736, -0.04651895, -0.065448895, 0.47680002), (0.83798075, 0.019673895, -0.028178137, 0.5446174), (-0.85503936, -0.018029429, 0.046613958, -0.5161499), (1.000001, -0.000011153519, 0.0000014207326, 0.0000023543835), (0.9956098, 0.013652874, -0.025769267, 0.08894992), (0.9366584, 0.0053523523, 0.13903019, 0.32142532), (-0.7126359, -0.002452314, -0.11394119, -0.6922159), (0.71928024, 0.03633447, 0.16432722, 0.67402804), (0.99058914, -0.12642005, -0.025380097, 0.045913465), (0.91147107, 0.1174794, 0.02837126, 0.39321154), (-0.7694224, 0.007687557, -0.05614859, -0.63622224), (0.7612263, -0.0007868819, 0.06279912, 0.645439), (0.8252076, 0.37006384, 0.426709, 0.0025145113), (0.986624, 0.049594626, -0.13311227, 0.07997733), (0.96427286, 0.06546259, -0.011741776, 0.25643003), (0.9611769, -0.008744772, -0.010451287, 0.27559978), (-0.03967362, -0.9990834, 0.00036758138, 0.01611571), (1.0000005, 9.685755e-8, -6.519258e-9, -9.313226e-9), (1.0000005, 9.685755e-8, -6.519258e-9, -9.313226e-9), (1.0000005, 9.685755e-8, -6.519258e-9, -9.313226e-9), (0.9998068, 0.01663183, 0.006484391, 0.008240195), (0.99999994, 0.00009676197, 0.0002685506, 0.0000039171427), (0.99997765, 0.00008247336, -0.0061808936, -0.0025826916), (0.99751854, 0.06016162, -0.020214505, 0.030477341), (0.5113069, -0.48755795, -0.47603887, -0.5236787), (0.4761452, -0.5227676, -0.51150274, -0.4882264), (1.0000004, 1.1175871e-8, 9.313226e-10, 0), (0.5115031, -0.48822576, -0.47614485, -0.5227679), (0.99999994, 9.196812e-9, 7.450582e-9, 0), (0.4796828, -0.5194191, -0.4797867, -0.51953155), (0.08853711, 0.7317209, 0.036097974, 0.6748651), (0.90007937, 0.058680475, -0.43175262, -0.0019986555), (0.9570708, 0.16502482, -0.15060413, 0.18466401), (1, 2.086163e-7, -4.4703494e-8, -4.4703494e-8), (1, 2.086163e-7, -4.4703494e-8, -4.4703494e-8), (1, 2.086163e-7, -4.4703494e-8, -4.4703494e-8), (1, 2.086163e-7, -4.4703494e-8, -4.4703494e-8), (0.6645926, 0.74453974, 0.008985234, -0.06242247), (0.9974324, 0.02283927, 0.06571783, -0.016979814), (0.9579823, -0.016042208, -0.05445829, 0.28115362), (0.9570861, -0.025261667, -0.016881622, 0.28820777), (0.9432238, 0.028069396, -0.050732456, 0.32705998), (0.99946, -0.018728213, 0.026864147, -0.0027372167), (0.9295481, -0.047249682, -0.07129991, 0.35864234), (0.90179276, 0.012525249, -0.025474377, 0.43123537), (-0.91510344, -0.0071797865, 0.039016046, -0.40126306), (1.0000001, 0.0000114664435, -7.450581e-9, -1.1175871e-7), (0.98561776, -0.10729281, -0.077118695, 0.105351046), (0.96413267, 0.13374165, 0.12416364, 0.19273067), (0.80033726, 0.0046494827, 0.08562282, 0.59338677), (-0.79689276, -0.031988144, -0.14292224, -0.5860994), (0.99101907, -0.1230268, -0.025501007, 0.04577665), (0.95478624, 0.115361735, 0.033251084, 0.27197313), (0.84842634, -0.0067622648, 0.044463247, 0.52739936), (-0.8387139, 0.041785963, -0.07873614, -0.53722775), (0.8256037, 0.3673144, 0.4283101, -0.0030486286), (0.98561496, 0.048351333, -0.12890059, 0.09803228), (0.9711249, 0.06592853, -0.014711287, 0.22880954), (0.9611802, -0.008739799, -0.010467019, 0.27558517), (0.9990778, -0.039677218, 0.016407097, -0.000605911), (1.0000002, -2.9802322e-8, 1.8626451e-8, 2.9802322e-8), (1.0000002, -2.9802322e-8, 1.8626451e-8, 2.9802322e-8), (1.0000002, -2.9802322e-8, 1.8626451e-8, 2.9802322e-8), (0.48486143, -0.5145833, -0.48497164, -0.5147003), (0.097484566, -0.002721016, -0.001064837, 0.9952328), (0.9785363, -0.057356935, 0.012430275, 0.19754137), (0.08754648, 0.98951995, -0.11482997, 0.0004111752), (0.000039078295, 0.7070886, 0.70712495, 0.000068336725), (0.999993, -6.7710076e-8, 0.000005275012, 0.003736325), (0.9999995, 2.4534165e-7, -0.0000011222437, -0.0011720322), (0.52657413, -0.5144392, 0.4986924, 0.45757854), (0.9999991, 3.3853576e-7, 6.016344e-7, -0.0014618554), (0.99989545, -0.014482473, 6.649643e-7, -7.916242e-9), (0.9995809, -0.028961906, 0.0000019147992, 3.8649887e-8), (0.9990374, -0.04387375, 0.0000023208559, 1.3131648e-7), (1.0000002, 2.5960617e-7, 4.991889e-7, 2.2351742e-8), (1.0000002, 2.240995e-9, 0.0000013839453, 1.1175871e-8), (1.0000002, 6.7066867e-7, 0.0000012516975, -4.656613e-9), (0.972054, 0.00011849171, -0.052956685, -0.22870648), (0.8891887, -0.06495084, 0.03359786, 0.45165926), (0.020403355, 0.99801534, -0.03141531, -0.050618574), (0.00002353639, 0.6451789, 0.76403147, 0.0000068545355), (0.99999326, 0.0000012656676, 0.000018574301, 0.0036552844), (0.9999992, 1.7927964e-7, -0.0000011287632, -0.0011719691), (-0.51439553, -0.52654666, -0.4576346, 0.49871472), (0.9999989, 3.292226e-7, 6.519259e-7, -0.0014618041), (0.99989504, -0.0144825075, -1.1175873e-7, -1.06170795e-7), (0.99958044, -0.028961899, -1.2293461e-7, -7.450582e-8), (0.9990371, -0.04387378, -1.5646222e-7, -6.332995e-8), (0.99999976, 2.5704512e-7, 1.1175874e-8, 5.5413707e-8), (0.99999976, 3.25963e-8, 0, 8.847567e-9), (0.99999976, 6.6310184e-7, 0, 5.5879372e-9), (0.4999969, -0.49996507, -0.5000124, -0.5000255), (0.4999969, -0.49996507, -0.5000124, -0.5000255), (0.4999969, -0.49996507, -0.5000124, -0.5000255), (0.4999969, -0.49996507, -0.5000124, -0.5000255)],
            }
            half3[] scales.timeSamples = {
                0: [(1, 1, 1), (1, 1, 1), (1, 1, 1), (1, 1, 1), (1, 1, 1), (1, 1, 1), (1, 1, 1), (1, 1, 1), (1, 1, 1), (1, 1, 1), (1, 1, 1), (1, 1, 1), (1, 1, 1), (1, 1, 1), (1, 1, 1), (1, 1, 1), (1, 1, 1), (1, 1, 1), (1, 1, 1), (1, 1, 1), (1, 1, 1), (1, 1, 1), (1, 1, 1), (1, 1, 1), (1, 1, 1), (1, 1, 1), (1, 1, 1), (1, 1, 1), (1, 1, 1), (1, 1, 1), (1, 1, 1), (1, 1, 1), (1, 1, 1), (1, 1, 1), (1, 1, 1), (1, 1, 1), (1, 1, 1), (1, 1, 1), (1, 1, 1), (1, 1, 1), (1, 1, 1), (1, 1, 1), (1, 1, 1), (1, 1, 1), (1, 1, 1), (1, 1, 1), (1, 1, 1), (1, 1, 1), (1, 1, 1), (1, 1, 1), (1, 1, 1), (1, 1, 1), (1, 1, 1), (1, 1, 1), (1, 1, 1), (1, 1, 1), (1, 1, 1), (1, 1, 1), (1, 1, 1), (1, 1, 1), (1, 1, 1), (1, 1, 1), (1, 1, 1), (1, 1, 1), (1, 1, 1), (1, 1, 1), (1, 1, 1), (1, 1, 1), (1, 1, 1), (1, 1, 1), (1, 1, 1), (1, 1, 1), (1, 1, 1), (1, 1, 1), (1, 1, 1), (1, 1, 1), (1, 1, 1), (1, 1, 1), (1, 1, 1), (1, 1, 1), (1, 1, 1), (1, 1, 1), (1, 1, 1), (1, 1, 1), (1, 1, 1), (1, 1, 1), (1, 1, 1), (1, 1, 1), (1, 1, 1), (1, 1, 1), (1, 1, 1), (1, 1, 1), (1, 1, 1), (1, 1, 1), (1, 1, 1), (1, 1, 1), (1, 1, 1), (1, 1, 1), (1, 1, 1), (1, 1, 1), (1, 1, 1), (1, 1, 1), (1, 1, 1), (1, 1, 1), (1, 1, 1), (1, 1, 1), (1, 1, 1), (1, 1, 1), (1, 1, 1), (1, 1, 1), (1, 1, 1), (1, 1, 1), (1, 1, 1), (1, 1, 1), (1, 1, 1)],
                1: [(1, 1, 1), (1, 1, 1), (1, 1, 1), (1, 1, 1), (1, 1, 1), (1, 1, 1), (1, 1, 1), (1, 1, 1), (1, 1, 1), (1, 1, 1), (1, 1, 1), (1, 1, 1), (1, 1, 1), (1, 1, 1), (1, 1, 1), (1, 1, 1), (1, 1, 1), (1, 1, 1), (1, 1, 1), (1, 1, 1), (1, 1, 1), (1, 1, 1), (1, 1, 1), (1, 1, 1), (1, 1, 1), (1, 1, 1), (1, 1, 1), (1, 1, 1), (1, 1, 1), (1, 1, 1), (1, 1, 1), (1, 1, 1), (1, 1, 1), (1, 1, 1), (1, 1, 1), (1, 1, 1), (1, 1, 1), (1, 1, 1), (1, 1, 1), (1, 1, 1), (1, 1, 1), (1, 1, 1), (1, 1, 1), (1, 1, 1), (1, 1, 1), (1, 1, 1), (1, 1, 1), (1, 1, 1), (1, 1, 1), (1, 1, 1), (1, 1, 1), (1, 1, 1), (1, 1, 1), (1, 1, 1), (1, 1, 1), (1, 1, 1), (1, 1, 1), (1, 1, 1), (1, 1, 1), (1, 1, 1), (1, 1, 1), (1, 1, 1), (1, 1, 1), (1, 1, 1), (1, 1, 1), (1, 1, 1), (1, 1, 1), (1, 1, 1), (1, 1, 1), (1, 1, 1), (1, 1, 1), (1, 1, 1), (1, 1, 1), (1, 1, 1), (1, 1, 1), (1, 1, 1), (1, 1, 1), (1, 1, 1), (1, 1, 1), (1, 1, 1), (1, 1, 1), (1, 1, 1), (1, 1, 1), (1, 1, 1), (1, 1, 1), (1, 1, 1), (1, 1, 1), (1, 1, 1), (1, 1, 1), (1, 1, 1), (1, 1, 1), (1, 1, 1), (1, 1, 1), (1, 1, 1), (1, 1, 1), (1, 1, 1), (1, 1, 1), (1, 1, 1), (1, 1, 1), (1, 1, 1), (1, 1, 1), (1, 1, 1), (1, 1, 1), (1, 1, 1), (1, 1, 1), (1, 1, 1), (1, 1, 1), (1, 1, 1), (1, 1, 1), (1, 1, 1), (1, 1, 1), (1, 1, 1), (1, 1, 1), (1, 1, 1), (1, 1, 1)],
                2: [(1, 1, 1), (1, 1, 1), (1, 1, 1), (1, 1, 1), (1, 1, 1), (1, 1, 1), (1, 1, 1), (1, 1, 1), (1, 1, 1), (1, 1, 1), (1, 1, 1), (1, 1, 1), (1, 1, 1), (1, 1, 1), (1, 1, 1), (1, 1, 1), (1, 1, 1), (1, 1, 1), (1, 1, 1), (1, 1, 1), (1, 1, 1), (1, 1, 1), (1, 1, 1), (1, 1, 1), (1, 1, 1), (1, 1, 1), (1, 1, 1), (1, 1, 1), (1, 1, 1), (1, 1, 1), (1, 1, 1), (1, 1, 1), (1, 1, 1), (1, 1, 1), (1, 1, 1), (1, 1, 1), (1, 1, 1), (1, 1, 1), (1, 1, 1), (1, 1, 1), (1, 1, 1), (1, 1, 1), (1, 1, 1), (1, 1, 1), (1, 1, 1), (1, 1, 1), (1, 1, 1), (1, 1, 1), (1, 1, 1), (1, 1, 1), (1, 1, 1), (1, 1, 1), (1, 1, 1), (1, 1, 1), (1, 1, 1), (1, 1, 1), (1, 1, 1), (1, 1, 1), (1, 1, 1), (1, 1, 1), (1, 1, 1), (1, 1, 1), (1, 1, 1), (1, 1, 1), (1, 1, 1), (1, 1, 1), (1, 1, 1), (1, 1, 1), (1, 1, 1), (1, 1, 1), (1, 1, 1), (1, 1, 1), (1, 1, 1), (1, 1, 1), (1, 1, 1), (1, 1, 1), (1, 1, 1), (1, 1, 1), (1, 1, 1), (1, 1, 1), (1, 1, 1), (1, 1, 1), (1, 1, 1), (1, 1, 1), (1, 1, 1), (1, 1, 1), (1, 1, 1), (1, 1, 1), (1, 1, 1), (1, 1, 1), (1, 1, 1), (1, 1, 1), (1, 1, 1), (1, 1, 1), (1, 1, 1), (1, 1, 1), (1, 1, 1), (1, 1, 1), (1, 1, 1), (1, 1, 1), (1, 1, 1), (1, 1, 1), (1, 1, 1), (1, 1, 1), (1, 1, 1), (1, 1, 1), (1, 1, 1), (1, 1, 1), (1, 1, 1), (1, 1, 1), (1, 1, 1), (1, 1, 1), (1, 1, 1), (1, 1, 1), (1, 1, 1)],
                3: [(1, 1, 1), (1, 1, 1), (1, 1, 1), (1, 1, 1), (1, 1, 1), (1, 1, 1), (1, 1, 1), (1, 1, 1), (1, 1, 1), (1, 1, 1), (1, 1, 1), (1, 1, 1), (1, 1, 1), (1, 1, 1), (1, 1, 1), (1, 1, 1), (1, 1, 1), (1, 1, 1), (1, 1, 1), (1, 1, 1), (1, 1, 1), (1, 1, 1), (1, 1, 1), (1, 1, 1), (1, 1, 1), (1, 1, 1), (1, 1, 1), (1, 1, 1), (1, 1, 1), (1, 1, 1), (1, 1, 1), (1, 1, 1), (1, 1, 1), (1, 1, 1), (1, 1, 1), (1, 1, 1), (1, 1, 1), (1, 1, 1), (1, 1, 1), (1, 1, 1), (1, 1, 1), (1, 1, 1), (1, 1, 1), (1, 1, 1), (1, 1, 1), (1, 1, 1), (1, 1, 1), (1, 1, 1), (1, 1, 1), (1, 1, 1), (1, 1, 1), (1, 1, 1), (1, 1, 1), (1, 1, 1), (1, 1, 1), (1, 1, 1), (1, 1, 1), (1, 1, 1), (1, 1, 1), (1, 1, 1), (1, 1, 1), (1, 1, 1), (1, 1, 1), (1, 1, 1), (1, 1, 1), (1, 1, 1), (1, 1, 1), (1, 1, 1), (1, 1, 1), (1, 1, 1), (1, 1, 1), (1, 1, 1), (1, 1, 1), (1, 1, 1), (1, 1, 1), (1, 1, 1), (1, 1, 1), (1, 1, 1), (1, 1, 1), (1, 1, 1), (1, 1, 1), (1, 1, 1), (1, 1, 1), (1, 1, 1), (1, 1, 1), (1, 1, 1), (1, 1, 1), (1, 1, 1), (1, 1, 1), (1, 1, 1), (1, 1, 1), (1, 1, 1), (1, 1, 1), (1, 1, 1), (1, 1, 1), (1, 1, 1), (1, 1, 1), (1, 1, 1), (1, 1, 1), (1, 1, 1), (1, 1, 1), (1, 1, 1), (1, 1, 1), (1, 1, 1), (1, 1, 1), (1, 1, 1), (1, 1, 1), (1, 1, 1), (1, 1, 1), (1, 1, 1), (1, 1, 1), (1, 1, 1), (1, 1, 1), (1, 1, 1), (1, 1, 1)],
                4: [(1, 1, 1), (1, 1, 1), (1, 1, 1), (1, 1, 1), (1, 1, 1), (1, 1, 1), (1, 1, 1), (1, 1, 1), (1, 1, 1), (1, 1, 1), (1, 1, 1), (1, 1, 1), (1, 1, 1), (1, 1, 1), (1, 1, 1), (1, 1, 1), (1, 1, 1), (1, 1, 1), (1, 1, 1), (1, 1, 1), (1, 1, 1), (1, 1, 1), (1, 1, 1), (1, 1, 1), (1, 1, 1), (1, 1, 1), (1, 1, 1), (1, 1, 1), (1, 1, 1), (1, 1, 1), (1, 1, 1), (1, 1, 1), (1, 1, 1), (1, 1, 1), (1, 1, 1), (1, 1, 1), (1, 1, 1), (1, 1, 1), (1, 1, 1), (1, 1, 1), (1, 1, 1), (1, 1, 1), (1, 1, 1), (1, 1, 1), (1, 1, 1), (1, 1, 1), (1, 1, 1), (1, 1, 1), (1, 1, 1), (1, 1, 1), (1, 1, 1), (1, 1, 1), (1, 1, 1), (1, 1, 1), (1, 1, 1), (1, 1, 1), (1, 1, 1), (1, 1, 1), (1, 1, 1), (1, 1, 1), (1, 1, 1), (1, 1, 1), (1, 1, 1), (1, 1, 1), (1, 1, 1), (1, 1, 1), (1, 1, 1), (1, 1, 1), (1, 1, 1), (1, 1, 1), (1, 1, 1), (1, 1, 1), (1, 1, 1), (1, 1, 1), (1, 1, 1), (1, 1, 1), (1, 1, 1), (1, 1, 1), (1, 1, 1), (1, 1, 1), (1, 1, 1), (1, 1, 1), (1, 1, 1), (1, 1, 1), (1, 1, 1), (1, 1, 1), (1, 1, 1), (1, 1, 1), (1, 1, 1), (1, 1, 1), (1, 1, 1), (1, 1, 1), (1, 1, 1), (1, 1, 1), (1, 1, 1), (1, 1, 1), (1, 1, 1), (1, 1, 1), (1, 1, 1), (1, 1, 1), (1, 1, 1), (1, 1, 1), (1, 1, 1), (1, 1, 1), (1, 1, 1), (1, 1, 1), (1, 1, 1), (1, 1, 1), (1, 1, 1), (1, 1, 1), (1, 1, 1), (1, 1, 1), (1, 1, 1), (1, 1, 1), (1, 1, 1)],
                5: [(1, 1, 1), (1, 1, 1), (1, 1, 1), (1, 1, 1), (1, 1, 1), (1, 1, 1), (1, 1, 1), (1, 1, 1), (1, 1, 1), (1, 1, 1), (1, 1, 1), (1, 1, 1), (1, 1, 1), (1, 1, 1), (1, 1, 1), (1, 1, 1), (1, 1, 1), (1, 1, 1), (1, 1, 1), (1, 1, 1), (1, 1, 1), (1, 1, 1), (1, 1, 1), (1, 1, 1), (1, 1, 1), (1, 1, 1), (1, 1, 1), (1, 1, 1), (1, 1, 1), (1, 1, 1), (1, 1, 1), (1, 1, 1), (1, 1, 1), (1, 1, 1), (1, 1, 1), (1, 1, 1), (1, 1, 1), (1, 1, 1), (1, 1, 1), (1, 1, 1), (1, 1, 1), (1, 1, 1), (1, 1, 1), (1, 1, 1), (1, 1, 1), (1, 1, 1), (1, 1, 1), (1, 1, 1), (1, 1, 1), (1, 1, 1), (1, 1, 1), (1, 1, 1), (1, 1, 1), (1, 1, 1), (1, 1, 1), (1, 1, 1), (1, 1, 1), (1, 1, 1), (1, 1, 1), (1, 1, 1), (1, 1, 1), (1, 1, 1), (1, 1, 1), (1, 1, 1), (1, 1, 1), (1, 1, 1), (1, 1, 1), (1, 1, 1), (1, 1, 1), (1, 1, 1), (1, 1, 1), (1, 1, 1), (1, 1, 1), (1, 1, 1), (1, 1, 1), (1, 1, 1), (1, 1, 1), (1, 1, 1), (1, 1, 1), (1, 1, 1), (1, 1, 1), (1, 1, 1), (1, 1, 1), (1, 1, 1), (1, 1, 1), (1, 1, 1), (1, 1, 1), (1, 1, 1), (1, 1, 1), (1, 1, 1), (1, 1, 1), (1, 1, 1), (1, 1, 1), (1, 1, 1), (1, 1, 1), (1, 1, 1), (1, 1, 1), (1, 1, 1), (1, 1, 1), (1, 1, 1), (1, 1, 1), (1, 1, 1), (1, 1, 1), (1, 1, 1), (1, 1, 1), (1, 1, 1), (1, 1, 1), (1, 1, 1), (1, 1, 1), (1, 1, 1), (1, 1, 1), (1, 1, 1), (1, 1, 1), (1, 1, 1), (1, 1, 1)],
                6: [(1, 1, 1), (1, 1, 1), (1, 1, 1), (1, 1, 1), (1, 1, 1), (1, 1, 1), (1, 1, 1), (1, 1, 1), (1, 1, 1), (1, 1, 1), (1, 1, 1), (1, 1, 1), (1, 1, 1), (1, 1, 1), (1, 1, 1), (1, 1, 1), (1, 1, 1), (1, 1, 1), (1, 1, 1), (1, 1, 1), (1, 1, 1), (1, 1, 1), (1, 1, 1), (1, 1, 1), (1, 1, 1), (1, 1, 1), (1, 1, 1), (1, 1, 1), (1, 1, 1), (1, 1, 1), (1, 1, 1), (1, 1, 1), (1, 1, 1), (1, 1, 1), (1, 1, 1), (1, 1, 1), (1, 1, 1), (1, 1, 1), (1, 1, 1), (1, 1, 1), (1, 1, 1), (1, 1, 1), (1, 1, 1), (1, 1, 1), (1, 1, 1), (1, 1, 1), (1, 1, 1), (1, 1, 1), (1, 1, 1), (1, 1, 1), (1, 1, 1), (1, 1, 1), (1, 1, 1), (1, 1, 1), (1, 1, 1), (1, 1, 1), (1, 1, 1), (1, 1, 1), (1, 1, 1), (1, 1, 1), (1, 1, 1), (1, 1, 1), (1, 1, 1), (1, 1, 1), (1, 1, 1), (1, 1, 1), (1, 1, 1), (1, 1, 1), (1, 1, 1), (1, 1, 1), (1, 1, 1), (1, 1, 1), (1, 1, 1), (1, 1, 1), (1, 1, 1), (1, 1, 1), (1, 1, 1), (1, 1, 1), (1, 1, 1), (1, 1, 1), (1, 1, 1), (1, 1, 1), (1, 1, 1), (1, 1, 1), (1, 1, 1), (1, 1, 1), (1, 1, 1), (1, 1, 1), (1, 1, 1), (1, 1, 1), (1, 1, 1), (1, 1, 1), (1, 1, 1), (1, 1, 1), (1, 1, 1), (1, 1, 1), (1, 1, 1), (1, 1, 1), (1, 1, 1), (1, 1, 1), (1, 1, 1), (1, 1, 1), (1, 1, 1), (1, 1, 1), (1, 1, 1), (1, 1, 1), (1, 1, 1), (1, 1, 1), (1, 1, 1), (1, 1, 1), (1, 1, 1), (1, 1, 1), (1, 1, 1), (1, 1, 1), (1, 1, 1)],
                7: [(1, 1, 1), (1, 1, 1), (1, 1, 1), (1, 1, 1), (1, 1, 1), (1, 1, 1), (1, 1, 1), (1, 1, 1), (1, 1, 1), (1, 1, 1), (1, 1, 1), (1, 1, 1), (1, 1, 1), (1, 1, 1), (1, 1, 1), (1, 1, 1), (1, 1, 1), (1, 1, 1), (1, 1, 1), (1, 1, 1), (1, 1, 1), (1, 1, 1), (1, 1, 1), (1, 1, 1), (1, 1, 1), (1, 1, 1), (1, 1, 1), (1, 1, 1), (1, 1, 1), (1, 1, 1), (1, 1, 1), (1, 1, 1), (1, 1, 1), (1, 1, 1), (1, 1, 1), (1, 1, 1), (1, 1, 1), (1, 1, 1), (1, 1, 1), (1, 1, 1), (1, 1, 1), (1, 1, 1), (1, 1, 1), (1, 1, 1), (1, 1, 1), (1, 1, 1), (1, 1, 1), (1, 1, 1), (1, 1, 1), (1, 1, 1), (1, 1, 1), (1, 1, 1), (1, 1, 1), (1, 1, 1), (1, 1, 1), (1, 1, 1), (1, 1, 1), (1, 1, 1), (1, 1, 1), (1, 1, 1), (1, 1, 1), (1, 1, 1), (1, 1, 1), (1, 1, 1), (1, 1, 1), (1, 1, 1), (1, 1, 1), (1, 1, 1), (1, 1, 1), (1, 1, 1), (1, 1, 1), (1, 1, 1), (1, 1, 1), (1, 1, 1), (1, 1, 1), (1, 1, 1), (1, 1, 1), (1, 1, 1), (1, 1, 1), (1, 1, 1), (1, 1, 1), (1, 1, 1), (1, 1, 1), (1, 1, 1), (1, 1, 1), (1, 1, 1), (1, 1, 1), (1, 1, 1), (1, 1, 1), (1, 1, 1), (1, 1, 1), (1, 1, 1), (1, 1, 1), (1, 1, 1), (1, 1, 1), (1, 1, 1), (1, 1, 1), (1, 1, 1), (1, 1, 1), (1, 1, 1), (1, 1, 1), (1, 1, 1), (1, 1, 1), (1, 1, 1), (1, 1, 1), (1, 1, 1), (1, 1, 1), (1, 1, 1), (1, 1, 1), (1, 1, 1), (1, 1, 1), (1, 1, 1), (1, 1, 1), (1, 1, 1), (1, 1, 1)],
                8: [(1, 1, 1), (1, 1, 1), (1, 1, 1), (1, 1, 1), (1, 1, 1), (1, 1, 1), (1, 1, 1), (1, 1, 1), (1, 1, 1), (1, 1, 1), (1, 1, 1), (1, 1, 1), (1, 1, 1), (1, 1, 1), (1, 1, 1), (1, 1, 1), (1, 1, 1), (1, 1, 1), (1, 1, 1), (1, 1, 1), (1, 1, 1), (1, 1, 1), (1, 1, 1), (1, 1, 1), (1, 1, 1), (1, 1, 1), (1, 1, 1), (1, 1, 1), (1, 1, 1), (1, 1, 1), (1, 1, 1), (1, 1, 1), (1, 1, 1), (1, 1, 1), (1, 1, 1), (1, 1, 1), (1, 1, 1), (1, 1, 1), (1, 1, 1), (1, 1, 1), (1, 1, 1), (1, 1, 1), (1, 1, 1), (1, 1, 1), (1, 1, 1), (1, 1, 1), (1, 1, 1), (1, 1, 1), (1, 1, 1), (1, 1, 1), (1, 1, 1), (1, 1, 1), (1, 1, 1), (1, 1, 1), (1, 1, 1), (1, 1, 1), (1, 1, 1), (1, 1, 1), (1, 1, 1), (1, 1, 1), (1, 1, 1), (1, 1, 1), (1, 1, 1), (1, 1, 1), (1, 1, 1), (1, 1, 1), (1, 1, 1), (1, 1, 1), (1, 1, 1), (1, 1, 1), (1, 1, 1), (1, 1, 1), (1, 1, 1), (1, 1, 1), (1, 1, 1), (1, 1, 1), (1, 1, 1), (1, 1, 1), (1, 1, 1), (1, 1, 1), (1, 1, 1), (1, 1, 1), (1, 1, 1), (1, 1, 1), (1, 1, 1), (1, 1, 1), (1, 1, 1), (1, 1, 1), (1, 1, 1), (1, 1, 1), (1, 1, 1), (1, 1, 1), (1, 1, 1), (1, 1, 1), (1, 1, 1), (1, 1, 1), (1, 1, 1), (1, 1, 1), (1, 1, 1), (1, 1, 1), (1, 1, 1), (1, 1, 1), (1, 1, 1), (1, 1, 1), (1, 1, 1), (1, 1, 1), (1, 1, 1), (1, 1, 1), (1, 1, 1), (1, 1, 1), (1, 1, 1), (1, 1, 1), (1, 1, 1), (1, 1, 1), (1, 1, 1)],
                9: [(1, 1, 1), (1, 1, 1), (1, 1, 1), (1, 1, 1), (1, 1, 1), (1, 1, 1), (1, 1, 1), (1, 1, 1), (1, 1, 1), (1, 1, 1), (1, 1, 1), (1, 1, 1), (1, 1, 1), (1, 1, 1), (1, 1, 1), (1, 1, 1), (1, 1, 1), (1, 1, 1), (1, 1, 1), (1, 1, 1), (1, 1, 1), (1, 1, 1), (1, 1, 1), (1, 1, 1), (1, 1, 1), (1, 1, 1), (1, 1, 1), (1, 1, 1), (1, 1, 1), (1, 1, 1), (1, 1, 1), (1, 1, 1), (1, 1, 1), (1, 1, 1), (1, 1, 1), (1, 1, 1), (1, 1, 1), (1, 1, 1), (1, 1, 1), (1, 1, 1), (1, 1, 1), (1, 1, 1), (1, 1, 1), (1, 1, 1), (1, 1, 1), (1, 1, 1), (1, 1, 1), (1, 1, 1), (1, 1, 1), (1, 1, 1), (1, 1, 1), (1, 1, 1), (1, 1, 1), (1, 1, 1), (1, 1, 1), (1, 1, 1), (1, 1, 1), (1, 1, 1), (1, 1, 1), (1, 1, 1), (1, 1, 1), (1, 1, 1), (1, 1, 1), (1, 1, 1), (1, 1, 1), (1, 1, 1), (1, 1, 1), (1, 1, 1), (1, 1, 1), (1, 1, 1), (1, 1, 1), (1, 1, 1), (1, 1, 1), (1, 1, 1), (1, 1, 1), (1, 1, 1), (1, 1, 1), (1, 1, 1), (1, 1, 1), (1, 1, 1), (1, 1, 1), (1, 1, 1), (1, 1, 1), (1, 1, 1), (1, 1, 1), (1, 1, 1), (1, 1, 1), (1, 1, 1), (1, 1, 1), (1, 1, 1), (1, 1, 1), (1, 1, 1), (1, 1, 1), (1, 1, 1), (1, 1, 1), (1, 1, 1), (1, 1, 1), (1, 1, 1), (1, 1, 1), (1, 1, 1), (1, 1, 1), (1, 1, 1), (1, 1, 1), (1, 1, 1), (1, 1, 1), (1, 1, 1), (1, 1, 1), (1, 1, 1), (1, 1, 1), (1, 1, 1), (1, 1, 1), (1, 1, 1), (1, 1, 1), (1, 1, 1), (1, 1, 1)],
                10: [(1, 1, 1), (1, 1, 1), (1, 1, 1), (1, 1, 1), (1, 1, 1), (1, 1, 1), (1, 1, 1), (1, 1, 1), (1, 1, 1), (1, 1, 1), (1, 1, 1), (1, 1, 1), (1, 1, 1), (1, 1, 1), (1, 1, 1), (1, 1, 1), (1, 1, 1), (1, 1, 1), (1, 1, 1), (1, 1, 1), (1, 1, 1), (1, 1, 1), (1, 1, 1), (1, 1, 1), (1, 1, 1), (1, 1, 1), (1, 1, 1), (1, 1, 1), (1, 1, 1), (1, 1, 1), (1, 1, 1), (1, 1, 1), (1, 1, 1), (1, 1, 1), (1, 1, 1), (1, 1, 1), (1, 1, 1), (1, 1, 1), (1, 1, 1), (1, 1, 1), (1, 1, 1), (1, 1, 1), (1, 1, 1), (1, 1, 1), (1, 1, 1), (1, 1, 1), (1, 1, 1), (1, 1, 1), (1, 1, 1), (1, 1, 1), (1, 1, 1), (1, 1, 1), (1, 1, 1), (1, 1, 1), (1, 1, 1), (1, 1, 1), (1, 1, 1), (1, 1, 1), (1, 1, 1), (1, 1, 1), (1, 1, 1), (1, 1, 1), (1, 1, 1), (1, 1, 1), (1, 1, 1), (1, 1, 1), (1, 1, 1), (1, 1, 1), (1, 1, 1), (1, 1, 1), (1, 1, 1), (1, 1, 1), (1, 1, 1), (1, 1, 1), (1, 1, 1), (1, 1, 1), (1, 1, 1), (1, 1, 1), (1, 1, 1), (1, 1, 1), (1, 1, 1), (1, 1, 1), (1, 1, 1), (1, 1, 1), (1, 1, 1), (1, 1, 1), (1, 1, 1), (1, 1, 1), (1, 1, 1), (1, 1, 1), (1, 1, 1), (1, 1, 1), (1, 1, 1), (1, 1, 1), (1, 1, 1), (1, 1, 1), (1, 1, 1), (1, 1, 1), (1, 1, 1), (1, 1, 1), (1, 1, 1), (1, 1, 1), (1, 1, 1), (1, 1, 1), (1, 1, 1), (1, 1, 1), (1, 1, 1), (1, 1, 1), (1, 1, 1), (1, 1, 1), (1, 1, 1), (1, 1, 1), (1, 1, 1), (1, 1, 1), (1, 1, 1)],
                11: [(1, 1, 1), (1, 1, 1), (1, 1, 1), (1, 1, 1), (1, 1, 1), (1, 1, 1), (1, 1, 1), (1, 1, 1), (1, 1, 1), (1, 1, 1), (1, 1, 1), (1, 1, 1), (1, 1, 1), (1, 1, 1), (1, 1, 1), (1, 1, 1), (1, 1, 1), (1, 1, 1), (1, 1, 1), (1, 1, 1), (1, 1, 1), (1, 1, 1), (1, 1, 1), (1, 1, 1), (1, 1, 1), (1, 1, 1), (1, 1, 1), (1, 1, 1), (1, 1, 1), (1, 1, 1), (1, 1, 1), (1, 1, 1), (1, 1, 1), (1, 1, 1), (1, 1, 1), (1, 1, 1), (1, 1, 1), (1, 1, 1), (1, 1, 1), (1, 1, 1), (1, 1, 1), (1, 1, 1), (1, 1, 1), (1, 1, 1), (1, 1, 1), (1, 1, 1), (1, 1, 1), (1, 1, 1), (1, 1, 1), (1, 1, 1), (1, 1, 1), (1, 1, 1), (1, 1, 1), (1, 1, 1), (1, 1, 1), (1, 1, 1), (1, 1, 1), (1, 1, 1), (1, 1, 1), (1, 1, 1), (1, 1, 1), (1, 1, 1), (1, 1, 1), (1, 1, 1), (1, 1, 1), (1, 1, 1), (1, 1, 1), (1, 1, 1), (1, 1, 1), (1, 1, 1), (1, 1, 1), (1, 1, 1), (1, 1, 1), (1, 1, 1), (1, 1, 1), (1, 1, 1), (1, 1, 1), (1, 1, 1), (1, 1, 1), (1, 1, 1), (1, 1, 1), (1, 1, 1), (1, 1, 1), (1, 1, 1), (1, 1, 1), (1, 1, 1), (1, 1, 1), (1, 1, 1), (1, 1, 1), (1, 1, 1), (1, 1, 1), (1, 1, 1), (1, 1, 1), (1, 1, 1), (1, 1, 1), (1, 1, 1), (1, 1, 1), (1, 1, 1), (1, 1, 1), (1, 1, 1), (1, 1, 1), (1, 1, 1), (1, 1, 1), (1, 1, 1), (1, 1, 1), (1, 1, 1), (1, 1, 1), (1, 1, 1), (1, 1, 1), (1, 1, 1), (1, 1, 1), (1, 1, 1), (1, 1, 1), (1, 1, 1), (1, 1, 1)],
                12: [(1, 1, 1), (1, 1, 1), (1, 1, 1), (1, 1, 1), (1, 1, 1), (1, 1, 1), (1, 1, 1), (1, 1, 1), (1, 1, 1), (1, 1, 1), (1, 1, 1), (1, 1, 1), (1, 1, 1), (1, 1, 1), (1, 1, 1), (1, 1, 1), (1, 1, 1), (1, 1, 1), (1, 1, 1), (1, 1, 1), (1, 1, 1), (1, 1, 1), (1, 1, 1), (1, 1, 1), (1, 1, 1), (1, 1, 1), (1, 1, 1), (1, 1, 1), (1, 1, 1), (1, 1, 1), (1, 1, 1), (1, 1, 1), (1, 1, 1), (1, 1, 1), (1, 1, 1), (1, 1, 1), (1, 1, 1), (1, 1, 1), (1, 1, 1), (1, 1, 1), (1, 1, 1), (1, 1, 1), (1, 1, 1), (1, 1, 1), (1, 1, 1), (1, 1, 1), (1, 1, 1), (1, 1, 1), (1, 1, 1), (1, 1, 1), (1, 1, 1), (1, 1, 1), (1, 1, 1), (1, 1, 1), (1, 1, 1), (1, 1, 1), (1, 1, 1), (1, 1, 1), (1, 1, 1), (1, 1, 1), (1, 1, 1), (1, 1, 1), (1, 1, 1), (1, 1, 1), (1, 1, 1), (1, 1, 1), (1, 1, 1), (1, 1, 1), (1, 1, 1), (1, 1, 1), (1, 1, 1), (1, 1, 1), (1, 1, 1), (1, 1, 1), (1, 1, 1), (1, 1, 1), (1, 1, 1), (1, 1, 1), (1, 1, 1), (1, 1, 1), (1, 1, 1), (1, 1, 1), (1, 1, 1), (1, 1, 1), (1, 1, 1), (1, 1, 1), (1, 1, 1), (1, 1, 1), (1, 1, 1), (1, 1, 1), (1, 1, 1), (1, 1, 1), (1, 1, 1), (1, 1, 1), (1, 1, 1), (1, 1, 1), (1, 1, 1), (1, 1, 1), (1, 1, 1), (1, 1, 1), (1, 1, 1), (1, 1, 1), (1, 1, 1), (1, 1, 1), (1, 1, 1), (1, 1, 1), (1, 1, 1), (1, 1, 1), (1, 1, 1), (1, 1, 1), (1, 1, 1), (1, 1, 1), (1, 1, 1), (1, 1, 1), (1, 1, 1)],
                13: [(1, 1, 1), (1, 1, 1), (1, 1, 1), (1, 1, 1), (1, 1, 1), (1, 1, 1), (1, 1, 1), (1, 1, 1), (1, 1, 1), (1, 1, 1), (1, 1, 1), (1, 1, 1), (1, 1, 1), (1, 1, 1), (1, 1, 1), (1, 1, 1), (1, 1, 1), (1, 1, 1), (1, 1, 1), (1, 1, 1), (1, 1, 1), (1, 1, 1), (1, 1, 1), (1, 1, 1), (1, 1, 1), (1, 1, 1), (1, 1, 1), (1, 1, 1), (1, 1, 1), (1, 1, 1), (1, 1, 1), (1, 1, 1), (1, 1, 1), (1, 1, 1), (1, 1, 1), (1, 1, 1), (1, 1, 1), (1, 1, 1), (1, 1, 1), (1, 1, 1), (1, 1, 1), (1, 1, 1), (1, 1, 1), (1, 1, 1), (1, 1, 1), (1, 1, 1), (1, 1, 1), (1, 1, 1), (1, 1, 1), (1, 1, 1), (1, 1, 1), (1, 1, 1), (1, 1, 1), (1, 1, 1), (1, 1, 1), (1, 1, 1), (1, 1, 1), (1, 1, 1), (1, 1, 1), (1, 1, 1), (1, 1, 1), (1, 1, 1), (1, 1, 1), (1, 1, 1), (1, 1, 1), (1, 1, 1), (1, 1, 1), (1, 1, 1), (1, 1, 1), (1, 1, 1), (1, 1, 1), (1, 1, 1), (1, 1, 1), (1, 1, 1), (1, 1, 1), (1, 1, 1), (1, 1, 1), (1, 1, 1), (1, 1, 1), (1, 1, 1), (1, 1, 1), (1, 1, 1), (1, 1, 1), (1, 1, 1), (1, 1, 1), (1, 1, 1), (1, 1, 1), (1, 1, 1), (1, 1, 1), (1, 1, 1), (1, 1, 1), (1, 1, 1), (1, 1, 1), (1, 1, 1), (1, 1, 1), (1, 1, 1), (1, 1, 1), (1, 1, 1), (1, 1, 1), (1, 1, 1), (1, 1, 1), (1, 1, 1), (1, 1, 1), (1, 1, 1), (1, 1, 1), (1, 1, 1), (1, 1, 1), (1, 1, 1), (1, 1, 1), (1, 1, 1), (1, 1, 1), (1, 1, 1), (1, 1, 1), (1, 1, 1), (1, 1, 1)],
                14: [(1, 1, 1), (1, 1, 1), (1, 1, 1), (1, 1, 1), (1, 1, 1), (1, 1, 1), (1, 1, 1), (1, 1, 1), (1, 1, 1), (1, 1, 1), (1, 1, 1), (1, 1, 1), (1, 1, 1), (1, 1, 1), (1, 1, 1), (1, 1, 1), (1, 1, 1), (1, 1, 1), (1, 1, 1), (1, 1, 1), (1, 1, 1), (1, 1, 1), (1, 1, 1), (1, 1, 1), (1, 1, 1), (1, 1, 1), (1, 1, 1), (1, 1, 1), (1, 1, 1), (1, 1, 1), (1, 1, 1), (1, 1, 1), (1, 1, 1), (1, 1, 1), (1, 1, 1), (1, 1, 1), (1, 1, 1), (1, 1, 1), (1, 1, 1), (1, 1, 1), (1, 1, 1), (1, 1, 1), (1, 1, 1), (1, 1, 1), (1, 1, 1), (1, 1, 1), (1, 1, 1), (1, 1, 1), (1, 1, 1), (1, 1, 1), (1, 1, 1), (1, 1, 1), (1, 1, 1), (1, 1, 1), (1, 1, 1), (1, 1, 1), (1, 1, 1), (1, 1, 1), (1, 1, 1), (1, 1, 1), (1, 1, 1), (1, 1, 1), (1, 1, 1), (1, 1, 1), (1, 1, 1), (1, 1, 1), (1, 1, 1), (1, 1, 1), (1, 1, 1), (1, 1, 1), (1, 1, 1), (1, 1, 1), (1, 1, 1), (1, 1, 1), (1, 1, 1), (1, 1, 1), (1, 1, 1), (1, 1, 1), (1, 1, 1), (1, 1, 1), (1, 1, 1), (1, 1, 1), (1, 1, 1), (1, 1, 1), (1, 1, 1), (1, 1, 1), (1, 1, 1), (1, 1, 1), (1, 1, 1), (1, 1, 1), (1, 1, 1), (1, 1, 1), (1, 1, 1), (1, 1, 1), (1, 1, 1), (1, 1, 1), (1, 1, 1), (1, 1, 1), (1, 1, 1), (1, 1, 1), (1, 1, 1), (1, 1, 1), (1, 1, 1), (1, 1, 1), (1, 1, 1), (1, 1, 1), (1, 1, 1), (1, 1, 1), (1, 1, 1), (1, 1, 1), (1, 1, 1), (1, 1, 1), (1, 1, 1), (1, 1, 1), (1, 1, 1)],
                15: [(1, 1, 1), (1, 1, 1), (1, 1, 1), (1, 1, 1), (1, 1, 1), (1, 1, 1), (1, 1, 1), (1, 1, 1), (1, 1, 1), (1, 1, 1), (1, 1, 1), (1, 1, 1), (1, 1, 1), (1, 1, 1), (1, 1, 1), (1, 1, 1), (1, 1, 1), (1, 1, 1), (1, 1, 1), (1, 1, 1), (1, 1, 1), (1, 1, 1), (1, 1, 1), (1, 1, 1), (1, 1, 1), (1, 1, 1), (1, 1, 1), (1, 1, 1), (1, 1, 1), (1, 1, 1), (1, 1, 1), (1, 1, 1), (1, 1, 1), (1, 1, 1), (1, 1, 1), (1, 1, 1), (1, 1, 1), (1, 1, 1), (1, 1, 1), (1, 1, 1), (1, 1, 1), (1, 1, 1), (1, 1, 1), (1, 1, 1), (1, 1, 1), (1, 1, 1), (1, 1, 1), (1, 1, 1), (1, 1, 1), (1, 1, 1), (1, 1, 1), (1, 1, 1), (1, 1, 1), (1, 1, 1), (1, 1, 1), (1, 1, 1), (1, 1, 1), (1, 1, 1), (1, 1, 1), (1, 1, 1), (1, 1, 1), (1, 1, 1), (1, 1, 1), (1, 1, 1), (1, 1, 1), (1, 1, 1), (1, 1, 1), (1, 1, 1), (1, 1, 1), (1, 1, 1), (1, 1, 1), (1, 1, 1), (1, 1, 1), (1, 1, 1), (1, 1, 1), (1, 1, 1), (1, 1, 1), (1, 1, 1), (1, 1, 1), (1, 1, 1), (1, 1, 1), (1, 1, 1), (1, 1, 1), (1, 1, 1), (1, 1, 1), (1, 1, 1), (1, 1, 1), (1, 1, 1), (1, 1, 1), (1, 1, 1), (1, 1, 1), (1, 1, 1), (1, 1, 1), (1, 1, 1), (1, 1, 1), (1, 1, 1), (1, 1, 1), (1, 1, 1), (1, 1, 1), (1, 1, 1), (1, 1, 1), (1, 1, 1), (1, 1, 1), (1, 1, 1), (1, 1, 1), (1, 1, 1), (1, 1, 1), (1, 1, 1), (1, 1, 1), (1, 1, 1), (1, 1, 1), (1, 1, 1), (1, 1, 1), (1, 1, 1), (1, 1, 1)],
                16: [(1, 1, 1), (1, 1, 1), (1, 1, 1), (1, 1, 1), (1, 1, 1), (1, 1, 1), (1, 1, 1), (1, 1, 1), (1, 1, 1), (1, 1, 1), (1, 1, 1), (1, 1, 1), (1, 1, 1), (1, 1, 1), (1, 1, 1), (1, 1, 1), (1, 1, 1), (1, 1, 1), (1, 1, 1), (1, 1, 1), (1, 1, 1), (1, 1, 1), (1, 1, 1), (1, 1, 1), (1, 1, 1), (1, 1, 1), (1, 1, 1), (1, 1, 1), (1, 1, 1), (1, 1, 1), (1, 1, 1), (1, 1, 1), (1, 1, 1), (1, 1, 1), (1, 1, 1), (1, 1, 1), (1, 1, 1), (1, 1, 1), (1, 1, 1), (1, 1, 1), (1, 1, 1), (1, 1, 1), (1, 1, 1), (1, 1, 1), (1, 1, 1), (1, 1, 1), (1, 1, 1), (1, 1, 1), (1, 1, 1), (1, 1, 1), (1, 1, 1), (1, 1, 1), (1, 1, 1), (1, 1, 1), (1, 1, 1), (1, 1, 1), (1, 1, 1), (1, 1, 1), (1, 1, 1), (1, 1, 1), (1, 1, 1), (1, 1, 1), (1, 1, 1), (1, 1, 1), (1, 1, 1), (1, 1, 1), (1, 1, 1), (1, 1, 1), (1, 1, 1), (1, 1, 1), (1, 1, 1), (1, 1, 1), (1, 1, 1), (1, 1, 1), (1, 1, 1), (1, 1, 1), (1, 1, 1), (1, 1, 1), (1, 1, 1), (1, 1, 1), (1, 1, 1), (1, 1, 1), (1, 1, 1), (1, 1, 1), (1, 1, 1), (1, 1, 1), (1, 1, 1), (1, 1, 1), (1, 1, 1), (1, 1, 1), (1, 1, 1), (1, 1, 1), (1, 1, 1), (1, 1, 1), (1, 1, 1), (1, 1, 1), (1, 1, 1), (1, 1, 1), (1, 1, 1), (1, 1, 1), (1, 1, 1), (1, 1, 1), (1, 1, 1), (1, 1, 1), (1, 1, 1), (1, 1, 1), (1, 1, 1), (1, 1, 1), (1, 1, 1), (1, 1, 1), (1, 1, 1), (1, 1, 1), (1, 1, 1), (1, 1, 1), (1, 1, 1)],
                17: [(1, 1, 1), (1, 1, 1), (1, 1, 1), (1, 1, 1), (1, 1, 1), (1, 1, 1), (1, 1, 1), (1, 1, 1), (1, 1, 1), (1, 1, 1), (1, 1, 1), (1, 1, 1), (1, 1, 1), (1, 1, 1), (1, 1, 1), (1, 1, 1), (1, 1, 1), (1, 1, 1), (1, 1, 1), (1, 1, 1), (1, 1, 1), (1, 1, 1), (1, 1, 1), (1, 1, 1), (1, 1, 1), (1, 1, 1), (1, 1, 1), (1, 1, 1), (1, 1, 1), (1, 1, 1), (1, 1, 1), (1, 1, 1), (1, 1, 1), (1, 1, 1), (1, 1, 1), (1, 1, 1), (1, 1, 1), (1, 1, 1), (1, 1, 1), (1, 1, 1), (1, 1, 1), (1, 1, 1), (1, 1, 1), (1, 1, 1), (1, 1, 1), (1, 1, 1), (1, 1, 1), (1, 1, 1), (1, 1, 1), (1, 1, 1), (1, 1, 1), (1, 1, 1), (1, 1, 1), (1, 1, 1), (1, 1, 1), (1, 1, 1), (1, 1, 1), (1, 1, 1), (1, 1, 1), (1, 1, 1), (1, 1, 1), (1, 1, 1), (1, 1, 1), (1, 1, 1), (1, 1, 1), (1, 1, 1), (1, 1, 1), (1, 1, 1), (1, 1, 1), (1, 1, 1), (1, 1, 1), (1, 1, 1), (1, 1, 1), (1, 1, 1), (1, 1, 1), (1, 1, 1), (1, 1, 1), (1, 1, 1), (1, 1, 1), (1, 1, 1), (1, 1, 1), (1, 1, 1), (1, 1, 1), (1, 1, 1), (1, 1, 1), (1, 1, 1), (1, 1, 1), (1, 1, 1), (1, 1, 1), (1, 1, 1), (1, 1, 1), (1, 1, 1), (1, 1, 1), (1, 1, 1), (1, 1, 1), (1, 1, 1), (1, 1, 1), (1, 1, 1), (1, 1, 1), (1, 1, 1), (1, 1, 1), (1, 1, 1), (1, 1, 1), (1, 1, 1), (1, 1, 1), (1, 1, 1), (1, 1, 1), (1, 1, 1), (1, 1, 1), (1, 1, 1), (1, 1, 1), (1, 1, 1), (1, 1, 1), (1, 1, 1), (1, 1, 1)],
                18: [(1, 1, 1), (1, 1, 1), (1, 1, 1), (1, 1, 1), (1, 1, 1), (1, 1, 1), (1, 1, 1), (1, 1, 1), (1, 1, 1), (1, 1, 1), (1, 1, 1), (1, 1, 1), (1, 1, 1), (1, 1, 1), (1, 1, 1), (1, 1, 1), (1, 1, 1), (1, 1, 1), (1, 1, 1), (1, 1, 1), (1, 1, 1), (1, 1, 1), (1, 1, 1), (1, 1, 1), (1, 1, 1), (1, 1, 1), (1, 1, 1), (1, 1, 1), (1, 1, 1), (1, 1, 1), (1, 1, 1), (1, 1, 1), (1, 1, 1), (1, 1, 1), (1, 1, 1), (1, 1, 1), (1, 1, 1), (1, 1, 1), (1, 1, 1), (1, 1, 1), (1, 1, 1), (1, 1, 1), (1, 1, 1), (1, 1, 1), (1, 1, 1), (1, 1, 1), (1, 1, 1), (1, 1, 1), (1, 1, 1), (1, 1, 1), (1, 1, 1), (1, 1, 1), (1, 1, 1), (1, 1, 1), (1, 1, 1), (1, 1, 1), (1, 1, 1), (1, 1, 1), (1, 1, 1), (1, 1, 1), (1, 1, 1), (1, 1, 1), (1, 1, 1), (1, 1, 1), (1, 1, 1), (1, 1, 1), (1, 1, 1), (1, 1, 1), (1, 1, 1), (1, 1, 1), (1, 1, 1), (1, 1, 1), (1, 1, 1), (1, 1, 1), (1, 1, 1), (1, 1, 1), (1, 1, 1), (1, 1, 1), (1, 1, 1), (1, 1, 1), (1, 1, 1), (1, 1, 1), (1, 1, 1), (1, 1, 1), (1, 1, 1), (1, 1, 1), (1, 1, 1), (1, 1, 1), (1, 1, 1), (1, 1, 1), (1, 1, 1), (1, 1, 1), (1, 1, 1), (1, 1, 1), (1, 1, 1), (1, 1, 1), (1, 1, 1), (1, 1, 1), (1, 1, 1), (1, 1, 1), (1, 1, 1), (1, 1, 1), (1, 1, 1), (1, 1, 1), (1, 1, 1), (1, 1, 1), (1, 1, 1), (1, 1, 1), (1, 1, 1), (1, 1, 1), (1, 1, 1), (1, 1, 1), (1, 1, 1), (1, 1, 1), (1, 1, 1)],
                19: [(1, 1, 1), (1, 1, 1), (1, 1, 1), (1, 1, 1), (1, 1, 1), (1, 1, 1), (1, 1, 1), (1, 1, 1), (1, 1, 1), (1, 1, 1), (1, 1, 1), (1, 1, 1), (1, 1, 1), (1, 1, 1), (1, 1, 1), (1, 1, 1), (1, 1, 1), (1, 1, 1), (1, 1, 1), (1, 1, 1), (1, 1, 1), (1, 1, 1), (1, 1, 1), (1, 1, 1), (1, 1, 1), (1, 1, 1), (1, 1, 1), (1, 1, 1), (1, 1, 1), (1, 1, 1), (1, 1, 1), (1, 1, 1), (1, 1, 1), (1, 1, 1), (1, 1, 1), (1, 1, 1), (1, 1, 1), (1, 1, 1), (1, 1, 1), (1, 1, 1), (1, 1, 1), (1, 1, 1), (1, 1, 1), (1, 1, 1), (1, 1, 1), (1, 1, 1), (1, 1, 1), (1, 1, 1), (1, 1, 1), (1, 1, 1), (1, 1, 1), (1, 1, 1), (1, 1, 1), (1, 1, 1), (1, 1, 1), (1, 1, 1), (1, 1, 1), (1, 1, 1), (1, 1, 1), (1, 1, 1), (1, 1, 1), (1, 1, 1), (1, 1, 1), (1, 1, 1), (1, 1, 1), (1, 1, 1), (1, 1, 1), (1, 1, 1), (1, 1, 1), (1, 1, 1), (1, 1, 1), (1, 1, 1), (1, 1, 1), (1, 1, 1), (1, 1, 1), (1, 1, 1), (1, 1, 1), (1, 1, 1), (1, 1, 1), (1, 1, 1), (1, 1, 1), (1, 1, 1), (1, 1, 1), (1, 1, 1), (1, 1, 1), (1, 1, 1), (1, 1, 1), (1, 1, 1), (1, 1, 1), (1, 1, 1), (1, 1, 1), (1, 1, 1), (1, 1, 1), (1, 1, 1), (1, 1, 1), (1, 1, 1), (1, 1, 1), (1, 1, 1), (1, 1, 1), (1, 1, 1), (1, 1, 1), (1, 1, 1), (1, 1, 1), (1, 1, 1), (1, 1, 1), (1, 1, 1), (1, 1, 1), (1, 1, 1), (1, 1, 1), (1, 1, 1), (1, 1, 1), (1, 1, 1), (1, 1, 1), (1, 1, 1), (1, 1, 1)],
                20: [(1, 1, 1), (1, 1, 1), (1, 1, 1), (1, 1, 1), (1, 1, 1), (1, 1, 1), (1, 1, 1), (1, 1, 1), (1, 1, 1), (1, 1, 1), (1, 1, 1), (1, 1, 1), (1, 1, 1), (1, 1, 1), (1, 1, 1), (1, 1, 1), (1, 1, 1), (1, 1, 1), (1, 1, 1), (1, 1, 1), (1, 1, 1), (1, 1, 1), (1, 1, 1), (1, 1, 1), (1, 1, 1), (1, 1, 1), (1, 1, 1), (1, 1, 1), (1, 1, 1), (1, 1, 1), (1, 1, 1), (1, 1, 1), (1, 1, 1), (1, 1, 1), (1, 1, 1), (1, 1, 1), (1, 1, 1), (1, 1, 1), (1, 1, 1), (1, 1, 1), (1, 1, 1), (1, 1, 1), (1, 1, 1), (1, 1, 1), (1, 1, 1), (1, 1, 1), (1, 1, 1), (1, 1, 1), (1, 1, 1), (1, 1, 1), (1, 1, 1), (1, 1, 1), (1, 1, 1), (1, 1, 1), (1, 1, 1), (1, 1, 1), (1, 1, 1), (1, 1, 1), (1, 1, 1), (1, 1, 1), (1, 1, 1), (1, 1, 1), (1, 1, 1), (1, 1, 1), (1, 1, 1), (1, 1, 1), (1, 1, 1), (1, 1, 1), (1, 1, 1), (1, 1, 1), (1, 1, 1), (1, 1, 1), (1, 1, 1), (1, 1, 1), (1, 1, 1), (1, 1, 1), (1, 1, 1), (1, 1, 1), (1, 1, 1), (1, 1, 1), (1, 1, 1), (1, 1, 1), (1, 1, 1), (1, 1, 1), (1, 1, 1), (1, 1, 1), (1, 1, 1), (1, 1, 1), (1, 1, 1), (1, 1, 1), (1, 1, 1), (1, 1, 1), (1, 1, 1), (1, 1, 1), (1, 1, 1), (1, 1, 1), (1, 1, 1), (1, 1, 1), (1, 1, 1), (1, 1, 1), (1, 1, 1), (1, 1, 1), (1, 1, 1), (1, 1, 1), (1, 1, 1), (1, 1, 1), (1, 1, 1), (1, 1, 1), (1, 1, 1), (1, 1, 1), (1, 1, 1), (1, 1, 1), (1, 1, 1), (1, 1, 1), (1, 1, 1)],
                21: [(1, 1, 1), (1, 1, 1), (1, 1, 1), (1, 1, 1), (1, 1, 1), (1, 1, 1), (1, 1, 1), (1, 1, 1), (1, 1, 1), (1, 1, 1), (1, 1, 1), (1, 1, 1), (1, 1, 1), (1, 1, 1), (1, 1, 1), (1, 1, 1), (1, 1, 1), (1, 1, 1), (1, 1, 1), (1, 1, 1), (1, 1, 1), (1, 1, 1), (1, 1, 1), (1, 1, 1), (1, 1, 1), (1, 1, 1), (1, 1, 1), (1, 1, 1), (1, 1, 1), (1, 1, 1), (1, 1, 1), (1, 1, 1), (1, 1, 1), (1, 1, 1), (1, 1, 1), (1, 1, 1), (1, 1, 1), (1, 1, 1), (1, 1, 1), (1, 1, 1), (1, 1, 1), (1, 1, 1), (1, 1, 1), (1, 1, 1), (1, 1, 1), (1, 1, 1), (1, 1, 1), (1, 1, 1), (1, 1, 1), (1, 1, 1), (1, 1, 1), (1, 1, 1), (1, 1, 1), (1, 1, 1), (1, 1, 1), (1, 1, 1), (1, 1, 1), (1, 1, 1), (1, 1, 1), (1, 1, 1), (1, 1, 1), (1, 1, 1), (1, 1, 1), (1, 1, 1), (1, 1, 1), (1, 1, 1), (1, 1, 1), (1, 1, 1), (1, 1, 1), (1, 1, 1), (1, 1, 1), (1, 1, 1), (1, 1, 1), (1, 1, 1), (1, 1, 1), (1, 1, 1), (1, 1, 1), (1, 1, 1), (1, 1, 1), (1, 1, 1), (1, 1, 1), (1, 1, 1), (1, 1, 1), (1, 1, 1), (1, 1, 1), (1, 1, 1), (1, 1, 1), (1, 1, 1), (1, 1, 1), (1, 1, 1), (1, 1, 1), (1, 1, 1), (1, 1, 1), (1, 1, 1), (1, 1, 1), (1, 1, 1), (1, 1, 1), (1, 1, 1), (1, 1, 1), (1, 1, 1), (1, 1, 1), (1, 1, 1), (1, 1, 1), (1, 1, 1), (1, 1, 1), (1, 1, 1), (1, 1, 1), (1, 1, 1), (1, 1, 1), (1, 1, 1), (1, 1, 1), (1, 1, 1), (1, 1, 1), (1, 1, 1), (1, 1, 1)],
                22: [(1, 1, 1), (1, 1, 1), (1, 1, 1), (1, 1, 1), (1, 1, 1), (1, 1, 1), (1, 1, 1), (1, 1, 1), (1, 1, 1), (1, 1, 1), (1, 1, 1), (1, 1, 1), (1, 1, 1), (1, 1, 1), (1, 1, 1), (1, 1, 1), (1, 1, 1), (1, 1, 1), (1, 1, 1), (1, 1, 1), (1, 1, 1), (1, 1, 1), (1, 1, 1), (1, 1, 1), (1, 1, 1), (1, 1, 1), (1, 1, 1), (1, 1, 1), (1, 1, 1), (1, 1, 1), (1, 1, 1), (1, 1, 1), (1, 1, 1), (1, 1, 1), (1, 1, 1), (1, 1, 1), (1, 1, 1), (1, 1, 1), (1, 1, 1), (1, 1, 1), (1, 1, 1), (1, 1, 1), (1, 1, 1), (1, 1, 1), (1, 1, 1), (1, 1, 1), (1, 1, 1), (1, 1, 1), (1, 1, 1), (1, 1, 1), (1, 1, 1), (1, 1, 1), (1, 1, 1), (1, 1, 1), (1, 1, 1), (1, 1, 1), (1, 1, 1), (1, 1, 1), (1, 1, 1), (1, 1, 1), (1, 1, 1), (1, 1, 1), (1, 1, 1), (1, 1, 1), (1, 1, 1), (1, 1, 1), (1, 1, 1), (1, 1, 1), (1, 1, 1), (1, 1, 1), (1, 1, 1), (1, 1, 1), (1, 1, 1), (1, 1, 1), (1, 1, 1), (1, 1, 1), (1, 1, 1), (1, 1, 1), (1, 1, 1), (1, 1, 1), (1, 1, 1), (1, 1, 1), (1, 1, 1), (1, 1, 1), (1, 1, 1), (1, 1, 1), (1, 1, 1), (1, 1, 1), (1, 1, 1), (1, 1, 1), (1, 1, 1), (1, 1, 1), (1, 1, 1), (1, 1, 1), (1, 1, 1), (1, 1, 1), (1, 1, 1), (1, 1, 1), (1, 1, 1), (1, 1, 1), (1, 1, 1), (1, 1, 1), (1, 1, 1), (1, 1, 1), (1, 1, 1), (1, 1, 1), (1, 1, 1), (1, 1, 1), (1, 1, 1), (1, 1, 1), (1, 1, 1), (1, 1, 1), (1, 1, 1), (1, 1, 1), (1, 1, 1)],
                23: [(1, 1, 1), (1, 1, 1), (1, 1, 1), (1, 1, 1), (1, 1, 1), (1, 1, 1), (1, 1, 1), (1, 1, 1), (1, 1, 1), (1, 1, 1), (1, 1, 1), (1, 1, 1), (1, 1, 1), (1, 1, 1), (1, 1, 1), (1, 1, 1), (1, 1, 1), (1, 1, 1), (1, 1, 1), (1, 1, 1), (1, 1, 1), (1, 1, 1), (1, 1, 1), (1, 1, 1), (1, 1, 1), (1, 1, 1), (1, 1, 1), (1, 1, 1), (1, 1, 1), (1, 1, 1), (1, 1, 1), (1, 1, 1), (1, 1, 1), (1, 1, 1), (1, 1, 1), (1, 1, 1), (1, 1, 1), (1, 1, 1), (1, 1, 1), (1, 1, 1), (1, 1, 1), (1, 1, 1), (1, 1, 1), (1, 1, 1), (1, 1, 1), (1, 1, 1), (1, 1, 1), (1, 1, 1), (1, 1, 1), (1, 1, 1), (1, 1, 1), (1, 1, 1), (1, 1, 1), (1, 1, 1), (1, 1, 1), (1, 1, 1), (1, 1, 1), (1, 1, 1), (1, 1, 1), (1, 1, 1), (1, 1, 1), (1, 1, 1), (1, 1, 1), (1, 1, 1), (1, 1, 1), (1, 1, 1), (1, 1, 1), (1, 1, 1), (1, 1, 1), (1, 1, 1), (1, 1, 1), (1, 1, 1), (1, 1, 1), (1, 1, 1), (1, 1, 1), (1, 1, 1), (1, 1, 1), (1, 1, 1), (1, 1, 1), (1, 1, 1), (1, 1, 1), (1, 1, 1), (1, 1, 1), (1, 1, 1), (1, 1, 1), (1, 1, 1), (1, 1, 1), (1, 1, 1), (1, 1, 1), (1, 1, 1), (1, 1, 1), (1, 1, 1), (1, 1, 1), (1, 1, 1), (1, 1, 1), (1, 1, 1), (1, 1, 1), (1, 1, 1), (1, 1, 1), (1, 1, 1), (1, 1, 1), (1, 1, 1), (1, 1, 1), (1, 1, 1), (1, 1, 1), (1, 1, 1), (1, 1, 1), (1, 1, 1), (1, 1, 1), (1, 1, 1), (1, 1, 1), (1, 1, 1), (1, 1, 1), (1, 1, 1), (1, 1, 1)],
                24: [(1, 1, 1), (1, 1, 1), (1, 1, 1), (1, 1, 1), (1, 1, 1), (1, 1, 1), (1, 1, 1), (1, 1, 1), (1, 1, 1), (1, 1, 1), (1, 1, 1), (1, 1, 1), (1, 1, 1), (1, 1, 1), (1, 1, 1), (1, 1, 1), (1, 1, 1), (1, 1, 1), (1, 1, 1), (1, 1, 1), (1, 1, 1), (1, 1, 1), (1, 1, 1), (1, 1, 1), (1, 1, 1), (1, 1, 1), (1, 1, 1), (1, 1, 1), (1, 1, 1), (1, 1, 1), (1, 1, 1), (1, 1, 1), (1, 1, 1), (1, 1, 1), (1, 1, 1), (1, 1, 1), (1, 1, 1), (1, 1, 1), (1, 1, 1), (1, 1, 1), (1, 1, 1), (1, 1, 1), (1, 1, 1), (1, 1, 1), (1, 1, 1), (1, 1, 1), (1, 1, 1), (1, 1, 1), (1, 1, 1), (1, 1, 1), (1, 1, 1), (1, 1, 1), (1, 1, 1), (1, 1, 1), (1, 1, 1), (1, 1, 1), (1, 1, 1), (1, 1, 1), (1, 1, 1), (1, 1, 1), (1, 1, 1), (1, 1, 1), (1, 1, 1), (1, 1, 1), (1, 1, 1), (1, 1, 1), (1, 1, 1), (1, 1, 1), (1, 1, 1), (1, 1, 1), (1, 1, 1), (1, 1, 1), (1, 1, 1), (1, 1, 1), (1, 1, 1), (1, 1, 1), (1, 1, 1), (1, 1, 1), (1, 1, 1), (1, 1, 1), (1, 1, 1), (1, 1, 1), (1, 1, 1), (1, 1, 1), (1, 1, 1), (1, 1, 1), (1, 1, 1), (1, 1, 1), (1, 1, 1), (1, 1, 1), (1, 1, 1), (1, 1, 1), (1, 1, 1), (1, 1, 1), (1, 1, 1), (1, 1, 1), (1, 1, 1), (1, 1, 1), (1, 1, 1), (1, 1, 1), (1, 1, 1), (1, 1, 1), (1, 1, 1), (1, 1, 1), (1, 1, 1), (1, 1, 1), (1, 1, 1), (1, 1, 1), (1, 1, 1), (1, 1, 1), (1, 1, 1), (1, 1, 1), (1, 1, 1), (1, 1, 1), (1, 1, 1)],
                25: [(1, 1, 1), (1, 1, 1), (1, 1, 1), (1, 1, 1), (1, 1, 1), (1, 1, 1), (1, 1, 1), (1, 1, 1), (1, 1, 1), (1, 1, 1), (1, 1, 1), (1, 1, 1), (1, 1, 1), (1, 1, 1), (1, 1, 1), (1, 1, 1), (1, 1, 1), (1, 1, 1), (1, 1, 1), (1, 1, 1), (1, 1, 1), (1, 1, 1), (1, 1, 1), (1, 1, 1), (1, 1, 1), (1, 1, 1), (1, 1, 1), (1, 1, 1), (1, 1, 1), (1, 1, 1), (1, 1, 1), (1, 1, 1), (1, 1, 1), (1, 1, 1), (1, 1, 1), (1, 1, 1), (1, 1, 1), (1, 1, 1), (1, 1, 1), (1, 1, 1), (1, 1, 1), (1, 1, 1), (1, 1, 1), (1, 1, 1), (1, 1, 1), (1, 1, 1), (1, 1, 1), (1, 1, 1), (1, 1, 1), (1, 1, 1), (1, 1, 1), (1, 1, 1), (1, 1, 1), (1, 1, 1), (1, 1, 1), (1, 1, 1), (1, 1, 1), (1, 1, 1), (1, 1, 1), (1, 1, 1), (1, 1, 1), (1, 1, 1), (1, 1, 1), (1, 1, 1), (1, 1, 1), (1, 1, 1), (1, 1, 1), (1, 1, 1), (1, 1, 1), (1, 1, 1), (1, 1, 1), (1, 1, 1), (1, 1, 1), (1, 1, 1), (1, 1, 1), (1, 1, 1), (1, 1, 1), (1, 1, 1), (1, 1, 1), (1, 1, 1), (1, 1, 1), (1, 1, 1), (1, 1, 1), (1, 1, 1), (1, 1, 1), (1, 1, 1), (1, 1, 1), (1, 1, 1), (1, 1, 1), (1, 1, 1), (1, 1, 1), (1, 1, 1), (1, 1, 1), (1, 1, 1), (1, 1, 1), (1, 1, 1), (1, 1, 1), (1, 1, 1), (1, 1, 1), (1, 1, 1), (1, 1, 1), (1, 1, 1), (1, 1, 1), (1, 1, 1), (1, 1, 1), (1, 1, 1), (1, 1, 1), (1, 1, 1), (1, 1, 1), (1, 1, 1), (1, 1, 1), (1, 1, 1), (1, 1, 1), (1, 1, 1), (1, 1, 1)],
                26: [(1, 1, 1), (1, 1, 1), (1, 1, 1), (1, 1, 1), (1, 1, 1), (1, 1, 1), (1, 1, 1), (1, 1, 1), (1, 1, 1), (1, 1, 1), (1, 1, 1), (1, 1, 1), (1, 1, 1), (1, 1, 1), (1, 1, 1), (1, 1, 1), (1, 1, 1), (1, 1, 1), (1, 1, 1), (1, 1, 1), (1, 1, 1), (1, 1, 1), (1, 1, 1), (1, 1, 1), (1, 1, 1), (1, 1, 1), (1, 1, 1), (1, 1, 1), (1, 1, 1), (1, 1, 1), (1, 1, 1), (1, 1, 1), (1, 1, 1), (1, 1, 1), (1, 1, 1), (1, 1, 1), (1, 1, 1), (1, 1, 1), (1, 1, 1), (1, 1, 1), (1, 1, 1), (1, 1, 1), (1, 1, 1), (1, 1, 1), (1, 1, 1), (1, 1, 1), (1, 1, 1), (1, 1, 1), (1, 1, 1), (1, 1, 1), (1, 1, 1), (1, 1, 1), (1, 1, 1), (1, 1, 1), (1, 1, 1), (1, 1, 1), (1, 1, 1), (1, 1, 1), (1, 1, 1), (1, 1, 1), (1, 1, 1), (1, 1, 1), (1, 1, 1), (1, 1, 1), (1, 1, 1), (1, 1, 1), (1, 1, 1), (1, 1, 1), (1, 1, 1), (1, 1, 1), (1, 1, 1), (1, 1, 1), (1, 1, 1), (1, 1, 1), (1, 1, 1), (1, 1, 1), (1, 1, 1), (1, 1, 1), (1, 1, 1), (1, 1, 1), (1, 1, 1), (1, 1, 1), (1, 1, 1), (1, 1, 1), (1, 1, 1), (1, 1, 1), (1, 1, 1), (1, 1, 1), (1, 1, 1), (1, 1, 1), (1, 1, 1), (1, 1, 1), (1, 1, 1), (1, 1, 1), (1, 1, 1), (1, 1, 1), (1, 1, 1), (1, 1, 1), (1, 1, 1), (1, 1, 1), (1, 1, 1), (1, 1, 1), (1, 1, 1), (1, 1, 1), (1, 1, 1), (1, 1, 1), (1, 1, 1), (1, 1, 1), (1, 1, 1), (1, 1, 1), (1, 1, 1), (1, 1, 1), (1, 1, 1), (1, 1, 1), (1, 1, 1)],
                27: [(1, 1, 1), (1, 1, 1), (1, 1, 1), (1, 1, 1), (1, 1, 1), (1, 1, 1), (1, 1, 1), (1, 1, 1), (1, 1, 1), (1, 1, 1), (1, 1, 1), (1, 1, 1), (1, 1, 1), (1, 1, 1), (1, 1, 1), (1, 1, 1), (1, 1, 1), (1, 1, 1), (1, 1, 1), (1, 1, 1), (1, 1, 1), (1, 1, 1), (1, 1, 1), (1, 1, 1), (1, 1, 1), (1, 1, 1), (1, 1, 1), (1, 1, 1), (1, 1, 1), (1, 1, 1), (1, 1, 1), (1, 1, 1), (1, 1, 1), (1, 1, 1), (1, 1, 1), (1, 1, 1), (1, 1, 1), (1, 1, 1), (1, 1, 1), (1, 1, 1), (1, 1, 1), (1, 1, 1), (1, 1, 1), (1, 1, 1), (1, 1, 1), (1, 1, 1), (1, 1, 1), (1, 1, 1), (1, 1, 1), (1, 1, 1), (1, 1, 1), (1, 1, 1), (1, 1, 1), (1, 1, 1), (1, 1, 1), (1, 1, 1), (1, 1, 1), (1, 1, 1), (1, 1, 1), (1, 1, 1), (1, 1, 1), (1, 1, 1), (1, 1, 1), (1, 1, 1), (1, 1, 1), (1, 1, 1), (1, 1, 1), (1, 1, 1), (1, 1, 1), (1, 1, 1), (1, 1, 1), (1, 1, 1), (1, 1, 1), (1, 1, 1), (1, 1, 1), (1, 1, 1), (1, 1, 1), (1, 1, 1), (1, 1, 1), (1, 1, 1), (1, 1, 1), (1, 1, 1), (1, 1, 1), (1, 1, 1), (1, 1, 1), (1, 1, 1), (1, 1, 1), (1, 1, 1), (1, 1, 1), (1, 1, 1), (1, 1, 1), (1, 1, 1), (1, 1, 1), (1, 1, 1), (1, 1, 1), (1, 1, 1), (1, 1, 1), (1, 1, 1), (1, 1, 1), (1, 1, 1), (1, 1, 1), (1, 1, 1), (1, 1, 1), (1, 1, 1), (1, 1, 1), (1, 1, 1), (1, 1, 1), (1, 1, 1), (1, 1, 1), (1, 1, 1), (1, 1, 1), (1, 1, 1), (1, 1, 1), (1, 1, 1), (1, 1, 1)],
                28: [(1, 1, 1), (1, 1, 1), (1, 1, 1), (1, 1, 1), (1, 1, 1), (1, 1, 1), (1, 1, 1), (1, 1, 1), (1, 1, 1), (1, 1, 1), (1, 1, 1), (1, 1, 1), (1, 1, 1), (1, 1, 1), (1, 1, 1), (1, 1, 1), (1, 1, 1), (1, 1, 1), (1, 1, 1), (1, 1, 1), (1, 1, 1), (1, 1, 1), (1, 1, 1), (1, 1, 1), (1, 1, 1), (1, 1, 1), (1, 1, 1), (1, 1, 1), (1, 1, 1), (1, 1, 1), (1, 1, 1), (1, 1, 1), (1, 1, 1), (1, 1, 1), (1, 1, 1), (1, 1, 1), (1, 1, 1), (1, 1, 1), (1, 1, 1), (1, 1, 1), (1, 1, 1), (1, 1, 1), (1, 1, 1), (1, 1, 1), (1, 1, 1), (1, 1, 1), (1, 1, 1), (1, 1, 1), (1, 1, 1), (1, 1, 1), (1, 1, 1), (1, 1, 1), (1, 1, 1), (1, 1, 1), (1, 1, 1), (1, 1, 1), (1, 1, 1), (1, 1, 1), (1, 1, 1), (1, 1, 1), (1, 1, 1), (1, 1, 1), (1, 1, 1), (1, 1, 1), (1, 1, 1), (1, 1, 1), (1, 1, 1), (1, 1, 1), (1, 1, 1), (1, 1, 1), (1, 1, 1), (1, 1, 1), (1, 1, 1), (1, 1, 1), (1, 1, 1), (1, 1, 1), (1, 1, 1), (1, 1, 1), (1, 1, 1), (1, 1, 1), (1, 1, 1), (1, 1, 1), (1, 1, 1), (1, 1, 1), (1, 1, 1), (1, 1, 1), (1, 1, 1), (1, 1, 1), (1, 1, 1), (1, 1, 1), (1, 1, 1), (1, 1, 1), (1, 1, 1), (1, 1, 1), (1, 1, 1), (1, 1, 1), (1, 1, 1), (1, 1, 1), (1, 1, 1), (1, 1, 1), (1, 1, 1), (1, 1, 1), (1, 1, 1), (1, 1, 1), (1, 1, 1), (1, 1, 1), (1, 1, 1), (1, 1, 1), (1, 1, 1), (1, 1, 1), (1, 1, 1), (1, 1, 1), (1, 1, 1), (1, 1, 1), (1, 1, 1)],
            }
            float3[] translations.timeSamples = {
                0: [(0, 0, 0), (2.9080737, 92.73779, -1.3609284), (1.7976621, 3.7252903e-7, 1.3969839e-7), (12.762627, 0.0000014901161, 0.0000018626451), (10.714679, -0.0000022351742, -1.8626451e-7), (12.472298, 7.4505806e-7, -0.0000011175871), (14.284534, 0.89053774, 5.605524), (22.182528, 0.0000030500814, 0.00001504086), (47.043842, 0.000020861626, -0.000009685755), (0.0000076293945, 9.536743e-7, 0), (13.029909, 0.000008940697, -0.0000040978193), (26.829819, 0.000016391277, -0.000011175871), (43.927567, 0.000029802322, 0.0000029802322), (43.92757, 0.00003129244, 0.000017881393), (5.181617, 1.1870178, -2.201503), (12.418072, -0.9990707, 0.15167753), (7.3042974, -0.000008009374, 0.000009685755), (5.227953, 0.0000013038516, -0.000008754432), (5.4431877, 0.8215077, -0.3944512), (11.982224, -1.1270318, 0.24839866), (8.066222, 0.000054575503, 0.0000022351742), (5.7226806, -0.0000024214387, 0.0000018626451), (-0.12970734, 0.17492676, -0.015215874), (5.0631685, 1.61065, 3.4897864), (10.005389, 0.00017434359, -0.00033974648), (6.2058887, 0.000020675361, 0.000006519258), (4.6195803, -0.00003306195, -0.000007729977), (5.381246, 1.0786685, 1.4476045), (11.085882, -0.93810225, 0.24124774), (7.467176, -0.000022165477, -0.0000020489097), (5.573932, -0.000002514571, -0.000019185245), (2.9250426, 1.93395, -1.6107191), (6.8356752, 0.0000115484, -0.000024354085), (6.479115, 0.0000011175871, -0.000021769665), (6.6742377, 0.0000026077032, 0.000024959445), (8.73761, 5.3355637, -0.5520086), (14.130778, 0.0000040978193, -0.000023469329), (30.186617, 0.000009685755, -0.00002682209), (47.043846, 0.000020861626, 0.0000029802322), (18.104305, -3.0100844, -0.0000014901161), (10.438135, -0.0000074505806, 5.5879354e-7), (16.393932, -0.0000029802322, 7.4505806e-7), (16.393932, -0.0000029802322, 7.4505806e-7), (10.154327, 10.497442, -2.9802322e-8), (10.154343, 10.497441, -5.732405), (4.7683716e-7, 0.000015258789, -0.0000038146973), (10.154327, 10.497442, 5.732244), (0.0000014305115, -0.000030517578, -0.0000019073486), (12.341888, -0.00000667572, -2.9802322e-8), (14.28417, 0.8905374, -5.605532), (-22.182447, 0.000011362135, 0.0001847744), (-47.043354, 0.000037252903, 0.00062584877), (-0.000022888184, -0.000005722046, -0.000015258789), (-13.030452, 0.000013038516, -0.0005332753), (-26.829678, -0.000014901161, 0.00006109476), (-43.92753, -0.000010430813, -0.000121444464), (-43.92754, -0.000013411045, -0.00011585653), (-5.181886, -1.1873497, 2.2014937), (-12.418053, 0.99905676, -0.15168963), (-7.304272, 0.00006146729, -0.0000052619725), (-5.2280374, -0.000060722232, -0.0000036685378), (-5.443564, -0.8217601, 0.39443243), (-11.982125, 1.1270142, -0.24839868), (-8.066223, -0.000017508864, 0.0000011874363), (-5.7226715, -0.000031478703, -0.000006565824), (0.12975311, -0.17495728, 0.01521778), (-5.063475, -1.6109136, -3.489791), (-10.005387, -0.00014342368, 0.00034329714), (-6.205912, -0.00004582107, -0.000030733645), (-4.6195107, -0.000046333298, -0.0000070082024), (-5.3815794, -1.0790107, -1.4476169), (-11.085915, 0.9380652, -0.24124533), (-7.4671297, 0.000045076013, -0.000003632158), (-5.5738354, 0.00004498288, 0.0000038999133), (-2.9253237, -1.9342225, 1.6107004), (-6.835756, -0.000098347664, 0.00009164214), (-6.47905, 0.0000063329935, -0.0000018626451), (-6.6742463, -0.000041350722, -0.00012163073), (-8.740035, -5.007309, 0.5259495), (-14.1302, 0.00003091991, 0.00053830445), (-30.186676, 0.000014901161, 0.00008866191), (-47.043346, 0.000044703484, 0.0006183982), (-0.000022888184, -30.156113, -2.9802322e-8), (-12.285161, -1.6823322, 16.859001), (35.78385, 0.0000044703484, -0.0000055879354), (28.394663, 0.0000044703484, -0.0000059604645), (7.4168496, 19.93697, -0.0000074505806), (5.2686844, -0.0000049942173, -0.0000020489097), (-0.000015258789, 4.7683716e-7, -0.0000019073486), (10.36795, 9.620787, 0.57157516), (-0.00079727167, 0.000008821487, 0.0000076293945), (12.501532, 0.038316473, 0.047639012), (20.448103, 0.038322806, 0.047646463), (28.394678, 0.038331747, 0.047637522), (5.349639, -0.04239045, 0.0953137), (17.638868, -0.04238859, 0.09531118), (33.356995, -0.021198392, 0.0476446), (-12.285191, -1.6823348, -16.858997), (-35.78382, -0.0000029802322, -0.000016391277), (-28.394615, -0.0000044703484, 0.0000086613), (-7.416852, -19.936966, 0.000012665987), (-5.2686205, -0.000027217902, 0.000008009374), (0.000021934507, -4.7683716e-7, 0.0000038146973), (-10.2472, -9.627185, -0.5602093), (0.00080490106, -0.000009536742, 0), (-12.501484, -0.038313866, -0.0476446), (-20.448048, -0.0383161, -0.04763934), (-28.394625, -0.038318336, -0.047635566), (-5.3496704, 0.042387843, -0.095312856), (-17.638859, 0.042377412, -0.09531528), (-33.356953, 0.02117604, -0.047658384), (0, 23.822256, 21.972298), (0.0000076293945, -26.285019, 14.877744), (0.0000076293945, 23.084423, -21.291763), (-0.000015258789, -26.170012, -14.81265)],
                1: [(0, 0, 0), (2.8895457, 93.13604, -1.385347), (1.7976619, 5.122274e-7, 4.656613e-7), (12.762629, 0.0000029802322, 0.0000037252903), (10.714672, 0.0000020489097, 0.000003911555), (12.472294, 0.0000035390258, 0.0000035390258), (14.284527, 0.89054275, 5.6055264), (22.182526, 0.0000016880222, 0.000017485581), (47.04382, 0, -0.000032037497), (0.0000076293945, 9.536743e-7, 0), (13.0299015, -7.4505806e-7, -0.000009406358), (26.829798, 0.0000014901161, -0.000022910535), (43.92754, 0.0000044703484, -0.0000070780516), (43.92754, 0.0000022351742, 7.4505806e-7), (5.181613, 1.1870122, -2.2014987), (12.418064, -0.9990802, 0.15168107), (7.3042884, -0.000012014061, 0.00000949949), (5.2279463, 8.440111e-8, -0.000010244548), (5.443185, 0.8215053, -0.39445072), (11.982218, -1.1270415, 0.24840198), (8.066213, 0.00004861504, 0.0000024214387), (5.7226725, 1.1641532e-7, 0.000002142042), (-0.12970734, 0.17492676, -0.015215874), (5.0631685, 1.6106441, 3.4897819), (10.005383, 0.0001648441, -0.00033783726), (6.2058816, 0.000016205013, 0.0000066123903), (4.619568, -0.00002994202, -0.000007869676), (5.3812423, 1.0786631, 1.4476033), (11.085876, -0.9381127, 0.24124971), (7.467165, -0.000028312206, -1.8626451e-7), (5.573922, 0.0000013504177, -0.000018719584), (2.9250352, 1.9339479, -1.6107174), (6.835661, 0.0000059604645, -0.000017673301), (6.479102, -0.0000048428774, -0.000013317913), (6.674229, -8.381903e-7, 0.000028312206), (8.73761, 5.3355637, -0.5520086), (14.130775, -0.0000016763806, -0.000028125942), (30.186611, -0.0000011175871, -0.00003967434), (47.043816, -0.0000014901161, -0.0000230968), (18.104296, -3.0100768, 0.0000018626451), (10.438132, -0.0000055879354, 0.0000024214387), (16.393927, -0.0000011175871, 0.0000029802322), (16.393927, -0.0000011175871, 0.0000029802322), (10.154327, 10.497442, -2.9802322e-8), (10.154343, 10.497441, -5.732405), (4.7683716e-7, 0.000015258789, -0.0000038146973), (10.154327, 10.497442, 5.732244), (0.0000014305115, -0.000030517578, -0.0000019073486), (12.341888, -0.00000667572, -2.9802322e-8), (14.2841625, 0.8905407, -5.605525), (-22.182447, 0.000007264316, 0.00018021092), (-47.043335, 0.000017136335, 0.00063739717), (-0.000022888184, -0.000005722046, -0.000015258789), (-13.030442, 0.000008195639, -0.0005276175), (-26.829666, -0.0000230968, 0.00007157214), (-43.927505, -0.000026077032, -0.00010225922), (-43.92751, -0.000027567148, -0.00009769574), (-5.181882, -1.1873451, 2.2014925), (-12.418043, 0.99905235, -0.15168917), (-7.3042603, 0.00006016344, -0.000006973278), (-5.2280235, -0.000059977174, -0.000005494803), (-5.443562, -0.82176083, 0.39443174), (-11.982116, 1.1270124, -0.24839887), (-8.066216, -0.000014528632, 2.2118911e-7), (-5.7226644, -0.000028964132, -0.0000075728167), (0.12975311, -0.17495728, 0.01521778), (-5.0634747, -1.6109176, -3.489791), (-10.00538, -0.00014659017, 0.00034347177), (-6.205906, -0.000046938658, -0.0000302447), (-4.619503, -0.000045343768, -0.0000084983185), (-5.381573, -1.0790095, -1.4476169), (-11.08591, 0.9380629, -0.241245), (-7.4671226, 0.000044703484, -0.0000041676685), (-5.5738277, 0.000045774505, 0.0000030187948), (-2.9253232, -1.9342198, 1.6107), (-6.835751, -0.00010030344, 0.00008996576), (-6.4790463, 0.000003632158, -0.0000017695129), (-6.674242, -0.000044051558, -0.00012693927), (-8.740035, -5.007309, 0.5259495), (-14.13019, 0.000024959445, 0.0005462207), (-30.18667, -0.0000018626451, 0.00009536743), (-47.043327, 0.000021606684, 0.0006362796), (-0.000022888184, -30.156113, -2.9802322e-8), (-12.285154, -1.6823295, 16.858994), (35.78383, -0.0000067055225, 0.0000057742), (28.394651, -0.0000018626451, -0.0000033527613), (7.4168406, 19.936956, -0.0000044703484), (5.268682, -0.00000505688, 0.0000012107193), (-0.000015258789, 4.7683716e-7, -0.0000019073486), (10.36795, 9.620787, 0.57157516), (-0.00079727167, 0.000008821487, 0.0000076293945), (12.501526, 0.038312003, 0.047642738), (20.448093, 0.0383161, 0.047649816), (28.394663, 0.03832355, 0.047642738), (5.3496337, -0.042392127, 0.09531521), (17.638857, -0.04239306, 0.09531607), (33.35697, -0.021203607, 0.04765708), (-12.285195, -1.6823381, -16.858995), (-35.783825, -7.4505806e-7, -0.000011920929), (-28.394625, -0.0000052154064, 0.000012665987), (-7.416852, -19.936966, 0.000008381903), (-5.2686205, -0.000027165515, 0.0000070780516), (0.000021934507, -4.7683716e-7, 0.0000038146973), (-10.2472, -9.627185, -0.5602093), (0.00080490106, -0.000009536742, 0), (-12.501487, -0.038312003, -0.047642738), (-20.448051, -0.03831573, -0.047637895), (-28.39463, -0.038318336, -0.04763417), (-5.349671, 0.04238803, -0.09531267), (-17.638863, 0.04238058, -0.0953136), (-33.356956, 0.021177903, -0.047655404), (0, 23.822256, 21.972298), (0.0000076293945, -26.285019, 14.877744), (0.0000076293945, 23.084423, -21.291763), (-0.000015258789, -26.170012, -14.81265)],
                2: [(0, 0, 0), (2.804715, 93.72807, -1.7258915), (1.7976615, 3.7252903e-7, 4.656613e-7), (12.762636, 0, 7.4505806e-7), (10.714669, 0.0000014901161, 0.0000029802322), (12.472287, 0.0000029802322, 0.0000022351742), (14.284527, 0.89054257, 5.6055264), (22.18253, 0, 0.000020489097), (47.04381, -0.0000059604645, -0.000035762787), (0.0000076293945, 9.536743e-7, 0), (13.029893, -0.0000059604645, -0.000014901161), (26.829779, -0.000010430813, -0.000028312206), (43.927513, -0.000011920929, -0.000011920929), (43.927513, -0.000017881393, -0.000011920929), (5.181608, 1.1870109, -2.2014976), (12.418061, -0.9990834, 0.15168339), (7.3042793, -0.000017881393, 0.000010058284), (5.2279377, -0.0000022351742, -0.000009685755), (5.4431863, 0.8215014, -0.3944493), (11.982211, -1.1270463, 0.24840198), (8.066207, 0.000047683716, 0.0000031664968), (5.7226686, -8.8475645e-7, 0.0000033527613), (-0.12970734, 0.17492676, -0.015215874), (5.063165, 1.6106408, 3.4897783), (10.005377, 0.00015869737, -0.0003350433), (6.205877, 0.000011175871, 0.000008405186), (4.6195707, -0.00003101304, -0.000010058284), (5.3812413, 1.0786579, 1.4476022), (11.085879, -0.93811005, 0.24124868), (7.467167, -0.000029802322, -2.7939677e-7), (5.5739245, -8.381903e-7, -0.000018626451), (2.9250345, 1.9339446, -1.6107138), (6.835658, 0.0000070780516, -0.000017136335), (6.479102, -0.0000052154064, -0.000015087426), (6.6742225, -0.0000022351742, 0.00003296882), (8.73761, 5.3355637, -0.5520086), (14.130773, -0.0000037252903, -0.00003054738), (30.186605, -0.0000074505806, -0.000043213367), (47.04381, -0.000008940697, -0.000029802322), (18.1043, -3.0100777, 0.0000014901161), (10.438132, -0.0000037252903, 0.0000040978193), (16.39392, 0.0000014901161, 0.0000074505806), (16.39392, 0.0000014901161, 0.0000074505806), (10.154327, 10.497442, -2.9802322e-8), (10.154343, 10.497441, -5.732405), (4.7683716e-7, 0.000015258789, -0.0000038146973), (10.154327, 10.497442, 5.732244), (0.0000014305115, -0.000030517578, -0.0000019073486), (12.341888, -0.00000667572, -2.9802322e-8), (14.284166, 0.8905411, -5.6055245), (-22.182447, 0.0000074505806, 0.00018328428), (-47.043327, 0.000008940697, 0.0006377697), (-0.000022888184, -0.000005722046, -0.000015258789), (-13.030441, 0.000008940697, -0.00052526593), (-26.82966, -0.000025331974, 0.00007301569), (-43.927498, -0.00002682209, -0.00010281801), (-43.9275, -0.00002682209, -0.0000923872), (-5.181881, -1.1873454, 2.2014918), (-12.418044, 0.9990536, -0.1516914), (-7.3042603, 0.00006258488, -0.000008384814), (-5.228024, -0.000060722232, -0.000006798655), (-5.443562, -0.8217633, 0.3944321), (-11.982115, 1.1270132, -0.2484004), (-8.06621, -0.000014901161, -0.0000015832484), (-5.722653, -0.000027939677, -0.000008754432), (0.12975311, -0.17495728, 0.01521778), (-5.063471, -1.6109155, -3.489791), (-10.005374, -0.00014156103, 0.00034142286), (-6.2059007, -0.000044703484, -0.000032316893), (-4.6195006, -0.000044400804, -0.000007729977), (-5.3815746, -1.0790095, -1.4476173), (-11.085905, 0.9380646, -0.24124691), (-7.4671187, 0.00004544854, -0.000006405753), (-5.5738287, 0.00004414469, 0.000003911555), (-2.9253223, -1.9342198, 1.6107004), (-6.8357477, -0.000101700425, 0.000090524554), (-6.4790397, 0.0000033527613, -0.0000029802322), (-6.6742363, -0.0000461936, -0.00012554228), (-8.740035, -5.007309, 0.5259495), (-14.130196, 0.000020861626, 0.00054091215), (-30.186663, -0.0000059604645, 0.00009685755), (-47.043324, 0.000011920929, 0.00063478947), (-0.000022888184, -30.156113, -2.9802322e-8), (-12.285157, -1.6823306, 16.858995), (35.783813, -0.000008940697, 0.000010430813), (28.394634, -0.000008940697, 0.0000029802322), (7.416835, 19.93695, -0.0000014901161), (5.268682, -0.000005867332, 0.0000022351742), (-0.000015258789, 4.7683716e-7, -0.0000019073486), (10.36795, 9.620787, 0.57157516), (-0.00079727167, 0.000008821487, 0.0000076293945), (12.501521, 0.038309395, 0.047644228), (20.448082, 0.038312376, 0.047655404), (28.394648, 0.038315356, 0.047646463), (5.349637, -0.04239306, 0.095314905), (17.638853, -0.042395294, 0.095319), (33.356964, -0.021213293, 0.047658384), (-12.285196, -1.6823381, -16.858997), (-35.78382, 0.0000029802322, -0.000011920929), (-28.394615, -0.0000059604645, 0.000008940697), (-7.4168534, -19.936962, 0.000013411045), (-5.2686186, -0.000027366696, 0.0000074505806), (0.000021934507, -4.7683716e-7, 0.0000038146973), (-10.2472, -9.627185, -0.5602093), (0.00080490106, -0.000009536742, 0), (-12.501483, -0.038313866, -0.047644973), (-20.448048, -0.038315356, -0.047639757), (-28.394627, -0.038316846, -0.047637522), (-5.349671, 0.042387843, -0.09531267), (-17.638863, 0.042377412, -0.09531379), (-33.356953, 0.02117902, -0.047659874), (0, 23.822256, 21.972298), (0.0000076293945, -26.285019, 14.877744), (0.0000076293945, 23.084423, -21.291763), (-0.000015258789, -26.170012, -14.81265)],
                3: [(0, 0, 0), (2.6125317, 92.26859, -1.4200503), (1.7976601, 1.8626451e-7, -9.313226e-8), (12.762626, 0.0000044703484, 0.0000018626451), (10.714672, 0.0000037252903, 0.0000059604645), (12.47228, 0.0000074505806, 0.000009313226), (14.284532, 0.8905463, 5.605528), (22.182526, -1.8626451e-7, 0.000020861626), (47.043804, -0.000014901161, -0.00004172325), (0.0000076293945, 9.536743e-7, 0), (13.029888, -0.0000044703484, -0.000010430813), (26.829779, -0.000010430813, -0.000029802322), (43.92751, -0.000020861626, -0.000011920929), (43.927513, -0.000022351742, -0.0000059604645), (5.1816077, 1.18701, -2.2014935), (12.418056, -0.9990871, 0.15168414), (7.304276, -0.000020116568, 0.000010617077), (5.2279344, -0.0000018626451, -0.0000074505806), (5.4431806, 0.82150173, -0.39444956), (11.982209, -1.1270523, 0.24840683), (8.066202, 0.000040233135, 0.0000034458935), (5.722661, -8.4983185e-7, 0.0000022351742), (-0.12970734, 0.17492676, -0.015215874), (5.0631614, 1.6106386, 3.4897764), (10.00537, 0.00015124679, -0.0003317371), (6.205863, 0.0000074505806, 0.000010617077), (4.6195517, -0.000029616058, -0.000009685755), (5.381241, 1.0786582, 1.4476047), (11.08587, -0.9381182, 0.24125315), (7.4671564, -0.000032782555, 0.0000014086254), (5.5739174, 0.0000015832484, -0.00001937151), (2.9250312, 1.9339445, -1.6107136), (6.8356514, 0.0000022351742, -0.000014156103), (6.4791, -0.0000067055225, -0.000013411045), (6.674221, -0.0000037252903, 0.0000346452), (8.73761, 5.3355637, -0.5520086), (14.130773, -0.0000059604645, -0.00002682209), (30.186602, -0.000014901161, -0.0000461936), (47.043808, -0.000014901161, -0.000029802322), (18.104279, -3.0100732, 0.0000067055225), (10.438126, -0.0000044703484, 0.0000044703484), (16.393917, 0.0000014901161, 0.000008195639), (16.393917, 0.0000014901161, 0.000008195639), (10.154327, 10.497442, -2.9802322e-8), (10.154343, 10.497441, -5.732405), (4.7683716e-7, 0.000015258789, -0.0000038146973), (10.154327, 10.497442, 5.732244), (0.0000014305115, -0.000030517578, -0.0000019073486), (12.341888, -0.00000667572, -2.9802322e-8), (14.284152, 0.8905411, -5.6055207), (-22.182447, 0.0000040978193, 0.00018328428), (-47.043324, -0.000011920929, 0.00063478947), (-0.000022888184, -0.000005722046, -0.000015258789), (-13.0304365, 0.000008195639, -0.00052824616), (-26.82966, -0.00002682209, 0.000071525574), (-43.927494, -0.000029802322, -0.00009536743), (-43.927498, -0.000029802322, -0.000093877316), (-5.1818776, -1.1873477, 2.2014928), (-12.418045, 0.9990506, -0.15168935), (-7.3042617, 0.00006183982, -0.0000073574483), (-5.228025, -0.000060349703, -0.000005401671), (-5.443562, -0.82176065, 0.3944301), (-11.982114, 1.1270158, -0.24840152), (-8.066207, -0.000011920929, -0.0000027939677), (-5.7226524, -0.000029243529, -0.000008195639), (0.12975311, -0.17495728, 0.01521778), (-5.063472, -1.6109154, -3.4897938), (-10.005374, -0.00014528632, 0.00033974648), (-6.2059016, -0.00004544854, -0.000032351818), (-4.6194954, -0.00004550966, -0.0000074505806), (-5.3815703, -1.0790061, -1.4476194), (-11.085906, 0.9380616, -0.24124849), (-7.467118, 0.000043958426, -0.000006519258), (-5.57382, 0.000044796616, 0.0000030733645), (-2.92532, -1.9342178, 1.6106976), (-6.8357453, -0.000101327896, 0.00008903444), (-6.4790397, 0.0000044703484, -0.0000048428774), (-6.6742406, -0.000044703484, -0.00012610108), (-8.740035, -5.007309, 0.5259495), (-14.130182, 0.000018626451, 0.0005468726), (-30.186659, -0.000014901161, 0.000093877316), (-47.0433, -0.0000059604645, 0.0006467104), (-0.000022888184, -30.156113, -2.9802322e-8), (-12.285164, -1.6823322, 16.859003), (35.783836, -0.0000029802322, 0), (28.394648, -0.0000044703484, 0), (7.41684, 19.936953, -0.0000044703484), (5.268681, -0.000005820766, 0.0000022351742), (-0.000015258789, 4.7683716e-7, -0.0000019073486), (10.36795, 9.620787, 0.57157516), (-0.00079727167, 0.000008821487, 0.0000076293945), (12.501526, 0.038312376, 0.047641993), (20.448095, 0.038318336, 0.047649443), (28.394663, 0.038322806, 0.047641993), (5.349639, -0.042391196, 0.09531453), (17.638863, -0.042392313, 0.09531453), (33.356983, -0.021204352, 0.047650933), (-12.285193, -1.6823341, -16.858997), (-35.78382, -0.0000014901161, -0.000014901161), (-28.394613, -0.0000074505806, 0.0000059604645), (-7.4168534, -19.936964, 0.000013411045), (-5.2686205, -0.000026868656, 0.000008195639), (0.000021934507, -4.7683716e-7, 0.0000038146973), (-10.2472, -9.627185, -0.5602093), (0.00080490106, -0.000009536742, 0), (-12.501483, -0.03831461, -0.047647208), (-20.448044, -0.038315356, -0.047639012), (-28.394619, -0.038318336, -0.047640502), (-5.349669, 0.04238896, -0.09531304), (-17.638859, 0.042378157, -0.09531379), (-33.35695, 0.02117753, -0.047653913), (0, 23.822256, 21.972298), (0.0000076293945, -26.285019, 14.877744), (0.0000076293945, 23.084423, -21.291763), (-0.000015258789, -26.170012, -14.81265)],
                4: [(0, 0, 0), (2.2895577, 90.54196, -0.92190623), (1.7976619, 3.7252903e-7, 2.7939677e-7), (12.762634, 0.0000014901161, 0.0000040978193), (10.714669, 0.0000022351742, 0.0000037252903), (12.472287, 0.0000044703484, 0.0000048428774), (14.284532, 0.89054555, 5.6055264), (22.182526, -1.8626451e-7, 0.000020861626), (47.043804, -0.000017881393, -0.00004172325), (0.0000076293945, 9.536743e-7, 0), (13.029891, -0.0000048428774, -0.000012665987), (26.829782, -0.000008940697, -0.00003129244), (43.927513, -0.000016391277, -0.000011920929), (43.927513, -0.000017881393, -0.0000059604645), (5.181608, 1.1870112, -2.2014947), (12.418054, -0.9990886, 0.1516901), (7.3042707, -0.000025331974, 0.000012530654), (5.2279296, -0.000004284084, -0.0000115484), (5.4431796, 0.82150066, -0.39444828), (11.982214, -1.1270449, 0.24840459), (8.06621, 0.000044703484, 0.0000014260877), (5.7226734, 0.0000013969839, 0.0000033527613), (-0.12970734, 0.17492676, -0.015215874), (5.063163, 1.6106381, 3.489779), (10.005374, 0.00015646219, -0.000333786), (6.2058716, 0.0000115484, 0.000010430813), (4.619563, -0.000031571835, -0.000008568168), (5.38124, 1.0786548, 1.4476037), (11.085873, -0.9381175, 0.24125166), (7.467156, -0.00003427267, 0.0000024214387), (5.573914, 0.000001618173, -0.000018626451), (2.9250317, 1.9339439, -1.6107132), (6.83565, -3.7252903e-7, -0.000011920929), (6.4790974, -0.0000026077032, -0.00000782311), (6.6742196, -0.0000022351742, 0.000030710362), (8.73761, 5.3355637, -0.5520086), (14.130765, -0.0000067055225, -0.000032782555), (30.1866, -0.000017881393, -0.000044703484), (47.043808, -0.000017881393, -0.00002682209), (18.10429, -3.0100749, 0.0000059604645), (10.43813, -0.0000044703484, 0.0000037252903), (16.393925, 0.0000029802322, 0.0000067055225), (16.393925, 0.0000029802322, 0.0000067055225), (10.154327, 10.497442, -2.9802322e-8), (10.154343, 10.497441, -5.732405), (4.7683716e-7, 0.000015258789, -0.0000038146973), (10.154327, 10.497442, 5.732244), (0.0000014305115, -0.000030517578, -0.0000019073486), (12.341888, -0.00000667572, -2.9802322e-8), (14.28416, 0.8905396, -5.6055226), (-22.182444, 0.0000059604645, 0.00017732382), (-47.04334, 0.000010430813, 0.00062584877), (-0.000022888184, -0.000005722046, -0.000015258789), (-13.030441, 0.0000067055225, -0.00052824616), (-26.829662, -0.000023841858, 0.000067055225), (-43.927494, -0.00002682209, -0.00010430813), (-43.9275, -0.000029802322, -0.00010281801), (-5.1818824, -1.187345, 2.2014928), (-12.418049, 0.9990558, -0.15169176), (-7.3042655, 0.000063329935, -0.0000069849193), (-5.2280283, -0.000060349703, -0.0000052154064), (-5.443566, -0.82176065, 0.394431), (-11.98211, 1.1270106, -0.24840218), (-8.066209, -0.00001564622, -0.0000018626451), (-5.7226634, -0.00003259629, -0.000007636845), (0.12975311, -0.17495728, 0.01521778), (-5.063476, -1.6109176, -3.4897897), (-10.005381, -0.00014677644, 0.00034309924), (-6.2059097, -0.000047683716, -0.00002910383), (-4.61951, -0.00004512258, -0.000007636845), (-5.3815737, -1.079009, -1.4476191), (-11.085905, 0.93806314, -0.24124579), (-7.467121, 0.00004544854, -0.0000063329935), (-5.5738287, 0.00004656613, 0.0000041909516), (-2.9253187, -1.9342207, 1.6106977), (-6.835749, -0.00009909272, 0.00009126961), (-6.479042, 0.0000037252903, -0.0000044703484), (-6.6742377, -0.00004544854, -0.0001274515), (-8.740035, -5.007309, 0.5259495), (-14.130193, 0.0000230968, 0.0005416572), (-30.18667, -0.0000014901161, 0.00008791685), (-47.04333, 0.000017881393, 0.000628829), (-0.000022888184, -30.156113, -2.9802322e-8), (-12.285156, -1.6823292, 16.858995), (35.78383, -0.0000029802322, 0), (28.394657, 0, -0.0000029802322), (7.416848, 19.936966, -0.000008940697), (5.2686834, -0.000005750917, 0), (-0.000015258789, 4.7683716e-7, -0.0000019073486), (10.36795, 9.620787, 0.57157516), (-0.00079727167, 0.000008821487, 0.0000076293945), (12.501529, 0.03831461, 0.047641248), (20.448101, 0.038318336, 0.047649443), (28.394669, 0.038325787, 0.047641993), (5.3496346, -0.042391196, 0.09531416), (17.638863, -0.042392313, 0.09531677), (33.356976, -0.021204352, 0.047652423), (-12.285188, -1.6823378, -16.858997), (-35.783817, 0, -0.000014901161), (-28.394619, -0.0000044703484, 0.000011920929), (-7.4168563, -19.936958, 0.000013411045), (-5.26862, -0.000027939677, 0.0000074505806), (0.000021934507, -4.7683716e-7, 0.0000038146973), (-10.2472, -9.627185, -0.5602093), (0.00080490106, -0.000009536742, 0), (-12.501481, -0.03831312, -0.047644973), (-20.448048, -0.038315356, -0.047639012), (-28.394625, -0.038319826, -0.047636032), (-5.349673, 0.042387284, -0.09531267), (-17.638863, 0.042378157, -0.09531528), (-33.35695, 0.02117902, -0.047656894), (0, 23.822256, 21.972298), (0.0000076293945, -26.285019, 14.877744), (0.0000076293945, 23.084423, -21.291763), (-0.000015258789, -26.170012, -14.81265)],
                5: [(0, 0, 0), (1.7456764, 88.8138, -0.35245007), (1.797658, 3.7252903e-7, -3.7252903e-7), (12.76263, 0.0000014901161, 0.0000029802322), (10.714669, 7.4505806e-7, 0.0000018626451), (12.472298, 0.0000029802322, 0.0000029802322), (14.284532, 0.89054257, 5.605527), (22.182526, 0.0000015832484, 0.000018440187), (47.04382, 0.000010430813, -0.000029802322), (0.0000076293945, 9.536743e-7, 0), (13.029904, -3.7252903e-7, -0.000011920929), (26.829798, 0.0000052154064, -0.00001937151), (43.92754, 0.0000059604645, -0.0000029802322), (43.927544, 0.0000029802322, 0.0000029802322), (5.1816106, 1.1870109, -2.2014987), (12.41806, -0.9990826, 0.15168041), (7.304281, -0.00001564622, 0.000010617077), (5.2279406, 0.0000011175871, -0.000008568168), (5.4431863, 0.821507, -0.39444977), (11.982218, -1.1270437, 0.24840161), (8.06621, 0.00004544854, 7.4505806e-7), (5.722667, -4.656613e-7, 0.0000044703484), (-0.12970734, 0.17492676, -0.015215874), (5.063164, 1.6106453, 3.4897785), (10.0053835, 0.00016465783, -0.0003363937), (6.2058725, 0.000011175871, 0.0000070780516), (4.6195664, -0.000028917566, -0.000008195639), (5.3812437, 1.0786638, 1.4476025), (11.085876, -0.93811005, 0.24125054), (7.4671626, -0.000032782555, 1.8626451e-7), (5.573919, -4.4237822e-7, -0.000020489097), (2.925036, 1.9339474, -1.6107142), (6.8356557, 0.000005401671, -0.000016763806), (6.479102, -0.0000026077032, -0.00001564622), (6.6742287, -0.0000022351742, 0.000027008355), (8.73761, 5.3355637, -0.5520086), (14.130775, 0, -0.000028312206), (30.186611, 0.0000029802322, -0.000040233135), (47.04383, 0.0000059604645, -0.000020861626), (18.104294, -3.0100777, 0.0000052154064), (10.438137, -0.0000059604645, 0.0000022351742), (16.393934, 0, 0.0000022351742), (16.393934, 0, 0.0000022351742), (10.154327, 10.497442, -2.9802322e-8), (10.154343, 10.497441, -5.732405), (4.7683716e-7, 0.000015258789, -0.0000038146973), (10.154327, 10.497442, 5.732244), (0.0000014305115, -0.000030517578, -0.0000019073486), (12.341888, -0.00000667572, -2.9802322e-8), (14.28417, 0.8905411, -5.605526), (-22.182447, 0.0000067055225, 0.0001847744), (-47.043335, 0.000010430813, 0.00062584877), (-0.000022888184, -0.000005722046, -0.000015258789), (-13.030441, 0.000008940697, -0.00053048134), (-26.829662, -0.00001937151, 0.00006854534), (-43.9275, -0.000020861626, -0.00011026859), (-43.92751, -0.000023841858, -0.00011026859), (-5.181879, -1.1873447, 2.2014906), (-12.418045, 0.99905205, -0.1516901), (-7.304263, 0.00006109476, -0.0000063329935), (-5.2280307, -0.00006258488, -0.000006146729), (-5.4435616, -0.82176256, 0.39443326), (-11.982116, 1.1270113, -0.24840198), (-8.066215, -0.000014901161, 0), (-5.722665, -0.00003129244, -0.00000782311), (0.12975311, -0.17495728, 0.01521778), (-5.0634723, -1.6109123, -3.4897928), (-10.005384, -0.00014230609, 0.00034160912), (-6.2059035, -0.000047683716, -0.000033713877), (-4.6194997, -0.000045611523, -0.000009406358), (-5.3815746, -1.0790083, -1.4476191), (-11.085908, 0.9380661, -0.24124607), (-7.467119, 0.000047683716, -0.0000070780516), (-5.5738235, 0.000045308843, -3.7252903e-7), (-2.9253225, -1.934218, 1.6106982), (-6.8357453, -0.00010058284, 0.00008940697), (-6.479046, 0.0000052154064, -0.0000011175871), (-6.674243, -0.00004246831, -0.00012594392), (-8.740035, -5.007309, 0.5259495), (-14.130193, 0.000022351742, 0.0005431473), (-30.186668, -0.0000029802322, 0.00008791685), (-47.043324, 0.000016391277, 0.000628829), (-0.000022888184, -30.156113, -2.9802322e-8), (-12.285166, -1.6823306, 16.859005), (35.78385, 0.0000059604645, -0.0000059604645), (28.39466, 0.0000044703484, -0.0000059604645), (7.416842, 19.93696, -0.0000044703484), (5.2686825, -0.000005494803, 0.0000011175871), (-0.000015258789, 4.7683716e-7, -0.0000019073486), (10.36795, 9.620787, 0.57157516), (-0.00079727167, 0.000008821487, 0.0000076293945), (12.501532, 0.038316846, 0.047640502), (20.448105, 0.03832206, 0.047644973), (28.394676, 0.038330257, 0.047636032), (5.3496385, -0.042389333, 0.095313415), (17.63887, -0.042387843, 0.09531081), (33.357002, -0.021195412, 0.047641993), (-12.285194, -1.6823322, -16.858997), (-35.78383, 0.0000029802322, -0.000011920929), (-28.394615, -0.0000059604645, 0.0000074505806), (-7.4168525, -19.93697, 0.0000074505806), (-5.26862, -0.000026728958, 0.0000067055225), (0.000021934507, -4.7683716e-7, 0.0000038146973), (-10.2472, -9.627185, -0.5602093), (0.00080490106, -0.000009536742, 0), (-12.501484, -0.03831312, -0.047642738), (-20.44805, -0.038312376, -0.047639012), (-28.394625, -0.038318336, -0.047634542), (-5.3496723, 0.042388774, -0.09531155), (-17.638865, 0.042379647, -0.09531379), (-33.35696, 0.02118349, -0.047650933), (0, 23.822256, 21.972298), (0.0000076293945, -26.285019, 14.877744), (0.0000076293945, 23.084423, -21.291763), (-0.000015258789, -26.170012, -14.81265)],
                6: [(0, 0, 0), (0.99023217, 87.439766, 0.34064928), (1.7976605, 5.5879354e-7, 1.8626451e-7), (12.762621, 0.0000044703484, 0.0000029802322), (10.714672, 0.0000014901161, 0.0000018626451), (12.472287, 0.0000074505806, 0.0000044703484), (14.284527, 0.89054334, 5.6055255), (22.18253, 4.656613e-7, 0.000013783574), (47.043808, -0.000013411045, -0.000035762787), (0.0000076293945, 9.536743e-7, 0), (13.029894, -0.0000067055225, -0.000012665987), (26.829782, -0.000011175871, -0.00002682209), (43.927513, -0.000016391277, -0.000017881393), (43.927513, -0.000014901161, -0.000008940697), (5.181606, 1.1870084, -2.2014897), (12.418056, -0.9990938, 0.1516886), (7.304272, -0.000022351742, 0.000015087426), (5.227931, -0.0000044703484, -0.000008009374), (5.443178, 0.8214995, -0.3944468), (11.98221, -1.12705, 0.24840385), (8.066199, 0.000043213367, 0.000004656613), (5.7226615, -0.0000013969839, 0.0000037252903), (-0.12970734, 0.17492676, -0.015215874), (5.0631595, 1.6106353, 3.4897745), (10.005373, 0.0001527369, -0.00032894313), (6.2058654, 0.000011175871, 0.0000115484), (4.6195574, -0.00003138557, -0.0000070780516), (5.3812385, 1.078656, 1.4475998), (11.085871, -0.9381182, 0.2412498), (7.467152, -0.000037625432, 0.0000055879354), (5.573917, 7.916242e-7, -0.000018253922), (2.925032, 1.9339435, -1.6107119), (6.83565, 0.0000022351742, -0.000016391277), (6.4790974, -0.00000782311, -0.000012665987), (6.674219, -0.0000044703484, 0.00003259629), (8.73761, 5.3355637, -0.5520086), (14.1307745, -0.0000067055225, -0.000029057264), (30.1866, -0.000011920929, -0.000044703484), (47.0438, -0.000013411045, -0.000032782555), (18.10429, -3.0100749, 0.0000014901161), (10.438139, -0.0000044703484, 0.0000026077032), (16.393925, 0, 0.0000029802322), (16.393925, 0, 0.0000029802322), (10.154327, 10.497442, -2.9802322e-8), (10.154343, 10.497441, -5.732405), (4.7683716e-7, 0.000015258789, -0.0000038146973), (10.154327, 10.497442, 5.732244), (0.0000014305115, -0.000030517578, -0.0000019073486), (12.341888, -0.00000667572, -2.9802322e-8), (14.284155, 0.8905396, -5.6055245), (-22.182447, 0.0000063329935, 0.00017806888), (-47.04333, 0.0000014901161, 0.00062584877), (-0.000022888184, -0.000005722046, -0.000015258789), (-13.030441, 0.000010430813, -0.00053048134), (-26.82966, -0.00001937151, 0.00006854534), (-43.9275, -0.000023841858, -0.00011026859), (-43.927505, -0.00002682209, -0.00011026859), (-5.181882, -1.1873469, 2.201491), (-12.418048, 0.99905133, -0.15168972), (-7.304266, 0.000058859587, -0.0000067055225), (-5.2280326, -0.000059232116, -0.0000059604645), (-5.443564, -0.821761, 0.39443132), (-11.982124, 1.1270158, -0.24839929), (-8.06622, -0.00001564622, 0.0000022351742), (-5.7226706, -0.000029988587, -0.00000949949), (0.12975311, -0.17495728, 0.01521778), (-5.063473, -1.6109176, -3.4897904), (-10.00538, -0.00014528632, 0.00034049153), (-6.205907, -0.000048428774, -0.000033341348), (-4.6194987, -0.000045378692, -0.000008568168), (-5.3815765, -1.0790073, -1.4476177), (-11.085912, 0.93806237, -0.24124408), (-7.467124, 0.0000461936, -0.0000057742), (-5.573834, 0.00004665926, 0.000004284084), (-2.925321, -1.9342165, 1.6106963), (-6.8357453, -0.00009983778, 0.00009089708), (-6.479043, 0.0000037252903, -0.000004284084), (-6.674239, -0.00004544854, -0.00012828968), (-8.740035, -5.007309, 0.5259495), (-14.130192, 0.000021606684, 0.00054091215), (-30.186663, -0.0000074505806, 0.00009089708), (-47.04331, 0.0000029802322, 0.00063478947), (-0.000022888184, -30.156113, -2.9802322e-8), (-12.285155, -1.6823306, 16.858995), (35.783844, 0.0000029802322, -0.0000029802322), (28.394676, 0.0000074505806, -0.0000029802322), (7.416852, 19.936981, -0.000008940697), (5.2686863, -0.000005401671, -0.0000040978193), (-0.000015258789, 4.7683716e-7, -0.0000019073486), (10.36795, 9.620787, 0.57157516), (-0.00079727167, 0.000008821487, 0.0000076293945), (12.501536, 0.038316846, 0.047640502), (20.448112, 0.038324296, 0.047646463), (28.394684, 0.038334727, 0.047641993), (5.3496394, -0.042390823, 0.09531416), (17.638865, -0.042389333, 0.0953123), (33.356987, -0.021198392, 0.047647953), (-12.285197, -1.6823362, -16.858997), (-35.783825, 0, -0.000014901161), (-28.394627, -0.0000044703484, 0.000008940697), (-7.41685, -19.936975, 0.0000059604645), (-5.2686234, -0.00002766028, 0.000008940697), (0.000021934507, -4.7683716e-7, 0.0000038146973), (-10.2472, -9.627185, -0.5602093), (0.00080490106, -0.000009536742, 0), (-12.501489, -0.03831163, -0.047641993), (-20.448053, -0.038313866, -0.047639012), (-28.39463, -0.038313866, -0.047636032), (-5.349669, 0.042389892, -0.09531267), (-17.638865, 0.042378157, -0.09531528), (-33.35695, 0.02117902, -0.047653913), (0, 23.822256, 21.972298), (0.0000076293945, -26.285019, 14.877744), (0.0000076293945, 23.084423, -21.291763), (-0.000015258789, -26.170012, -14.81265)],
                7: [(0, 0, 0), (0.13212194, 86.70655, 1.214622), (1.7976602, 1.8626451e-7, -9.313226e-8), (12.762633, 0, 0), (10.714682, -0.0000022351742, -0.0000018626451), (12.472301, 0, 0), (14.284541, 0.8905381, 5.6055236), (22.182528, 0.000003632158, 0.000010430813), (47.043827, 0.0000029802322, -0.000023841858), (0.0000076293945, 9.536743e-7, 0), (13.029899, -0.0000037252903, -0.000011920929), (26.829794, -0.0000022351742, -0.000023841858), (43.92753, -0.0000014901161, -0.000014901161), (43.927532, -0.0000044703484, -0.0000029802322), (5.1816087, 1.187014, -2.2014995), (12.418063, -0.999083, 0.15167743), (7.304288, -0.000010058284, 0.000009313226), (5.2279415, -0.0000014901161, -0.000010337681), (5.443185, 0.821506, -0.39445013), (11.982218, -1.1270423, 0.24840012), (8.066214, 0.000049173832, 0.0000037252903), (5.722672, -0.0000020489097, 0.0000013038516), (-0.12970734, 0.17492676, -0.015215874), (5.063162, 1.6106441, 3.4897797), (10.005384, 0.00016093254, -0.00033602118), (6.2058806, 0.000012665987, 0.0000067055225), (4.619572, -0.000033248216, -0.000008195639), (5.3812437, 1.078663, 1.4476064), (11.085878, -0.9381093, 0.24124533), (7.4671702, -0.000028684735, -0.0000044703484), (5.573924, 0.0000019557774, -0.000020675361), (2.9250357, 1.9339463, -1.6107161), (6.8356605, 0.000006798655, -0.000020861626), (6.4791045, -0.0000063329935, -0.000018626451), (6.6742277, -0.0000014901161, 0.000031106174), (8.73761, 5.3355637, -0.5520086), (14.130772, 0, -0.000029802322), (30.18661, 0.0000014901161, -0.000043213367), (47.043827, 0.0000029802322, -0.000023841858), (18.104303, -3.0100822, -7.4505806e-7), (10.438137, -0.000008940697, -3.7252903e-7), (16.393934, -0.0000044703484, 0), (16.393934, -0.0000044703484, 0), (10.154327, 10.497442, -2.9802322e-8), (10.154343, 10.497441, -5.732405), (4.7683716e-7, 0.000015258789, -0.0000038146973), (10.154327, 10.497442, 5.732244), (0.0000014305115, -0.000030517578, -0.0000019073486), (12.341888, -0.00000667572, -2.9802322e-8), (14.284174, 0.8905411, -5.605532), (-22.182447, 0.000008568168, 0.00017620623), (-47.04333, 0.0000074505806, 0.00062584877), (-0.000022888184, -0.000005722046, -0.000015258789), (-13.030439, 0.000008940697, -0.0005275011), (-26.829662, -0.000020861626, 0.000067055225), (-43.927498, -0.000017881393, -0.00010728836), (-43.92751, -0.00002682209, -0.00010728836), (-5.181878, -1.1873473, 2.2014894), (-12.418042, 0.99905205, -0.15169308), (-7.3042603, 0.00006258488, -0.000009313226), (-5.228025, -0.000060349703, -0.0000070780516), (-5.443562, -0.82175845, 0.39443094), (-11.982114, 1.1270158, -0.24840468), (-8.066209, -0.000014156103, -0.0000029802322), (-5.722656, -0.000029429793, -0.000010058284), (0.12975311, -0.17495728, 0.01521778), (-5.063473, -1.6109165, -3.4897904), (-10.005377, -0.00014230609, 0.0003363937), (-6.2059035, -0.000046938658, -0.000031199306), (-4.6194987, -0.000044237822, -0.000009872019), (-5.3815703, -1.0790073, -1.4476204), (-11.085904, 0.9380616, -0.24124934), (-7.4671173, 0.000044703484, -0.0000074505806), (-5.5738206, 0.000045029446, 0.0000020489097), (-2.925321, -1.9342161, 1.6106977), (-6.835739, -0.000101327896, 0.000089779496), (-6.4790397, 0.0000022351742, -0.0000031664968), (-6.674239, -0.000046938658, -0.00012735836), (-8.740035, -5.007309, 0.5259495), (-14.13019, 0.000023469329, 0.00054463744), (-30.18667, -0.0000029802322, 0.00008940697), (-47.04332, 0.000020861626, 0.000628829), (-0.000022888184, -30.156113, -2.9802322e-8), (-12.285161, -1.6823351, 16.859003), (35.783844, 0.0000029802322, -0.0000029802322), (28.394663, 0.0000022351742, -0.000008940697), (7.416851, 19.936974, -0.0000059604645), (5.268686, -0.0000055879354, -0.0000026077032), (-0.000015258789, 4.7683716e-7, -0.0000019073486), (10.36795, 9.620787, 0.57157516), (-0.00079727167, 0.000008821487, 0.0000076293945), (12.501532, 0.03831424, 0.047639012), (20.448105, 0.038319826, 0.047646463), (28.394676, 0.038331002, 0.047639012), (5.3496385, -0.04239045, 0.09531416), (17.638865, -0.042389333, 0.09531453), (33.356995, -0.021198392, 0.047644973), (-12.285195, -1.6823332, -16.859001), (-35.78382, -0.0000014901161, -0.000017881393), (-28.39461, -0.0000074505806, 0.0000059604645), (-7.4168525, -19.936964, 0.000013411045), (-5.2686205, -0.000026263297, 0.0000067055225), (0.000021934507, -4.7683716e-7, 0.0000038146973), (-10.2472, -9.627185, -0.5602093), (0.00080490106, -0.000009536742, 0), (-12.50148, -0.038313866, -0.047645718), (-20.448038, -0.038318336, -0.047641993), (-28.394613, -0.038322806, -0.047640502), (-5.349673, 0.042386726, -0.095313415), (-17.638857, 0.042381138, -0.09531379), (-33.356953, 0.02117753, -0.047653913), (0, 23.822256, 21.972298), (0.0000076293945, -26.285019, 14.877744), (0.0000076293945, 23.084423, -21.291763), (-0.000015258789, -26.170012, -14.81265)],
                8: [(0, 0, 0), (-0.72331315, 86.50334, 2.048074), (1.7976596, 3.7252903e-7, -9.313226e-8), (12.762634, 0.0000014901161, 0.0000033527613), (10.714682, -0.0000014901161, 7.4505806e-7), (12.472291, 0.0000014901161, 3.7252903e-7), (14.284531, 0.8905418, 5.605525), (22.182526, 0.0000025436748, 0.000012759119), (47.04381, 0.0000029802322, -0.000029802322), (0.0000076293945, 9.536743e-7, 0), (13.029901, -0.0000029802322, -0.000011175871), (26.829792, -0.0000037252903, -0.000022351742), (43.92753, -0.0000014901161, -0.000008940697), (43.927532, 0.0000014901161, 0.0000029802322), (5.1816115, 1.1870108, -2.2014983), (12.418061, -0.99908465, 0.15168041), (7.304283, -0.000016763806, 0.000010803342), (5.2279415, 0.0000018626451, -0.000010896474), (5.443184, 0.82150084, -0.39444828), (11.982214, -1.1270467, 0.24840236), (8.066211, 0.000051409006, 0.0000022351742), (5.7226753, 0.0000029802322, 0.0000037252903), (-0.12970734, 0.17492676, -0.015215874), (5.0631633, 1.610639, 3.4897766), (10.005374, 0.00015720725, -0.000333786), (6.2058687, 0.000013038516, 0.000008940697), (4.6195617, -0.000029616058, -0.000009685755), (5.381241, 1.0786579, 1.447605), (11.085876, -0.9381089, 0.2412498), (7.4671655, -0.000028312206, 0.0000026077032), (5.573928, 0.0000013038516, -0.000018253922), (2.9250355, 1.9339442, -1.6107128), (6.835657, 0.000006519258, -0.000018626451), (6.479099, -0.0000022351742, -0.000009313226), (6.674224, 0, 0.00003091991), (8.73761, 5.3355637, -0.5520086), (14.1307745, 0, -0.000028312206), (30.186615, -0.0000029802322, -0.00003427267), (47.04382, 0, -0.000023841858), (18.104294, -3.0100794, 0.0000029802322), (10.43814, -0.0000059604645, 0.0000022351742), (16.393938, -0.0000014901161, 0.0000014901161), (16.393938, -0.0000014901161, 0.0000014901161), (10.154327, 10.497442, -2.9802322e-8), (10.154343, 10.497441, -5.732405), (4.7683716e-7, 0.000015258789, -0.0000038146973), (10.154327, 10.497442, 5.732244), (0.0000014305115, -0.000030517578, -0.0000019073486), (12.341888, -0.00000667572, -2.9802322e-8), (14.284163, 0.8905396, -5.6055284), (-22.182446, 0.000010617077, 0.00018179417), (-47.04334, 0.000013411045, 0.00062584877), (-0.000022888184, -0.000005722046, -0.000015258789), (-13.030444, 0.000008940697, -0.0005289912), (-26.829662, -0.000017881393, 0.00006407499), (-43.927513, -0.000020861626, -0.00011622906), (-43.927513, -0.000020861626, -0.00010728836), (-5.1818852, -1.1873461, 2.201492), (-12.418049, 0.9990536, -0.15169159), (-7.3042645, 0.000063329935, -0.000006891787), (-5.2280316, -0.00006183982, -0.000005401671), (-5.443564, -0.82176065, 0.39443243), (-11.982116, 1.1270099, -0.2484019), (-8.06621, -0.000013411045, -0.0000048428774), (-5.7226634, -0.00003129244, -0.0000074505806), (0.12975311, -0.17495728, 0.01521778), (-5.063475, -1.6109132, -3.4897923), (-10.005377, -0.00014528632, 0.00033825636), (-6.205903, -0.000048428774, -0.00003501773), (-4.6194925, -0.000045076013, -0.000007916242), (-5.3815765, -1.079011, -1.4476161), (-11.085908, 0.93806535, -0.24124695), (-7.467121, 0.000047683716, -0.000010803342), (-5.5738235, 0.000046705827, 0.0000011175871), (-2.9253232, -1.9342184, 1.6107017), (-6.835747, -0.00009909272, 0.00008903444), (-6.4790463, 0.0000037252903, -0.0000020489097), (-6.6742435, -0.00004246831, -0.00012302771), (-8.740035, -5.007309, 0.5259495), (-14.130189, 0.000024586916, 0.0005431473), (-30.186668, 0, 0.0000923872), (-47.043327, 0.000017881393, 0.000628829), (-0.000022888184, -30.156113, -2.9802322e-8), (-12.285158, -1.6823322, 16.859), (35.78382, -0.000008940697, 0.0000059604645), (28.394646, -0.0000029802322, -0.0000059604645), (7.41684, 19.93695, -0.000008940697), (5.2686825, -0.00000782311, 3.7252903e-7), (-0.000015258789, 4.7683716e-7, -0.0000019073486), (10.36795, 9.620787, 0.57157516), (-0.00079727167, 0.000008821487, 0.0000076293945), (12.501526, 0.038313493, 0.047639012), (20.448093, 0.03831759, 0.047647953), (28.39466, 0.038319826, 0.047639012), (5.3496327, -0.04239194, 0.09531416), (17.638851, -0.042393804, 0.09531826), (33.356964, -0.021210313, 0.047658384), (-12.285194, -1.6823362, -16.858997), (-35.78382, -0.0000014901161, -0.000014901161), (-28.39461, -0.000008940697, 0.000010430813), (-7.4168525, -19.936964, 0.000011920929), (-5.2686195, -0.000026449561, 0.0000070780516), (0.000021934507, -4.7683716e-7, 0.0000038146973), (-10.2472, -9.627185, -0.5602093), (0.00080490106, -0.000009536742, 0), (-12.501483, -0.03831461, -0.047647208), (-20.448042, -0.038318336, -0.047641993), (-28.394615, -0.038319826, -0.047637522), (-5.349673, 0.042386726, -0.095311925), (-17.63886, 0.042378902, -0.09531528), (-33.356953, 0.02117604, -0.047656894), (0, 23.822256, 21.972298), (0.0000076293945, -26.285019, 14.877744), (0.0000076293945, 23.084423, -21.291763), (-0.000015258789, -26.170012, -14.81265)],
                9: [(0, 0, 0), (-1.4953672, 86.67847, 2.4679453), (1.7976605, 7.4505806e-7, 5.5879354e-7), (12.762627, 0.0000044703484, 0.0000048428774), (10.714671, 7.4505806e-7, 0.0000029802322), (12.472282, 0.0000059604645, 0.0000052154064), (14.284529, 0.8905463, 5.6055264), (22.182528, 0.000002188608, 0.000011641532), (47.043808, -0.000013411045, -0.00003874302), (0.0000076293945, 9.536743e-7, 0), (13.029891, -0.0000074505806, -0.000012665987), (26.829777, -0.000009685755, -0.000025331974), (43.927505, -0.000020861626, -0.000020861626), (43.92751, -0.000017881393, -0.0000059604645), (5.1816034, 1.1870092, -2.2014942), (12.41806, -0.9990878, 0.15168414), (7.304279, -0.000017136335, 0.000009685755), (5.227933, -0.0000026077032, -0.000009476207), (5.443182, 0.8214984, -0.39444977), (11.982214, -1.127049, 0.24840608), (8.066203, 0.000040233135, 0.0000055879354), (5.722665, 0.0000016763806, 0.0000037252903), (-0.12970734, 0.17492676, -0.015215874), (5.06316, 1.6106381, 3.4897757), (10.005374, 0.00015124679, -0.0003285706), (6.2058673, 0.000010803342, 0.000012293458), (4.619559, -0.00003129244, -0.000008568168), (5.381239, 1.0786589, 1.4476038), (11.085871, -0.9381138, 0.2412498), (7.467161, -0.00003427267, 0.0000026077032), (5.5739207, 3.7252903e-7, -0.000021792948), (2.925033, 1.9339436, -1.6107149), (6.835654, 5.5879354e-7, -0.000013411045), (6.4791, -0.0000074505806, -0.000013783574), (6.674225, -0.0000014901161, 0.000029616058), (8.73761, 5.3355637, -0.5520086), (14.130768, -0.0000052154064, -0.000029802322), (30.1866, -0.000010430813, -0.000047683716), (47.04381, -0.000013411045, -0.000029802322), (18.104284, -3.0100732, 0.0000059604645), (10.438137, -0.0000052154064, 0.0000011175871), (16.393934, -0.0000014901161, 0.0000022351742), (16.393934, -0.0000014901161, 0.0000022351742), (10.154327, 10.497442, -2.9802322e-8), (10.154343, 10.497441, -5.732405), (4.7683716e-7, 0.000015258789, -0.0000038146973), (10.154327, 10.497442, 5.732244), (0.0000014305115, -0.000030517578, -0.0000019073486), (12.341888, -0.00000667572, -2.9802322e-8), (14.284158, 0.8905411, -5.605522), (-22.182447, 0.0000057742, 0.00018626451), (-47.04333, -0.0000029802322, 0.00063478947), (-0.000022888184, -0.000005722046, -0.000015258789), (-13.0304365, 0.0000074505806, -0.00052824616), (-26.829657, -0.000022351742, 0.00007003546), (-43.92749, -0.00002682209, -0.00011026859), (-43.927494, -0.000029802322, -0.000101327896), (-5.1818805, -1.187348, 2.2014942), (-12.418042, 0.99904907, -0.15169364), (-7.304259, 0.000060349703, -0.0000086613), (-5.228023, -0.000059977174, -0.00000782311), (-5.4435644, -0.8217603, 0.39443025), (-11.982113, 1.1270113, -0.24840413), (-8.066209, -0.000013411045, -0.0000048428774), (-5.7226615, -0.000029057264, -0.000009313226), (0.12975311, -0.17495728, 0.01521778), (-5.063477, -1.6109135, -3.4897935), (-10.005377, -0.00014156103, 0.00033825636), (-6.205903, -0.000043958426, -0.000033155084), (-4.6195006, -0.000045634806, -0.000009685755), (-5.3815756, -1.0790076, -1.4476188), (-11.085907, 0.93806684, -0.24124946), (-7.467119, 0.000047683716, -0.000011175871), (-5.5738244, 0.000046007335, -1.8626451e-7), (-2.925323, -1.9342198, 1.6106993), (-6.835747, -0.000101327896, 0.00008940697), (-6.479041, 0.0000044703484, -0.0000067055225), (-6.6742406, -0.0000461936, -0.000126753), (-8.740035, -5.007309, 0.5259495), (-14.13019, 0.00001899898, 0.0005416572), (-30.186653, -0.0000074505806, 0.00009536743), (-47.043304, 0.0000044703484, 0.00064074993), (-0.000022888184, -30.156113, -2.9802322e-8), (-12.285149, -1.6823306, 16.85899), (35.78383, -0.0000059604645, 0.0000059604645), (28.394646, -7.4505806e-7, -0.0000029802322), (7.4168406, 19.936947, -0.000008195639), (5.268681, -0.000008195639, 0.0000013969839), (-0.000015258789, 4.7683716e-7, -0.0000019073486), (10.36795, 9.620787, 0.57157516), (-0.00079727167, 0.000008821487, 0.0000076293945), (12.501526, 0.038313866, 0.047640502), (20.448095, 0.038316846, 0.047644973), (28.394663, 0.03832318, 0.047639012), (5.349636, -0.042392313, 0.09531379), (17.638859, -0.042393804, 0.09531453), (33.356976, -0.021205842, 0.047656894), (-12.285194, -1.6823392, -16.858995), (-35.78382, -0.0000074505806, -0.000011920929), (-28.394619, -0.0000029802322, 0.000008940697), (-7.416855, -19.936956, 0.000016391277), (-5.268616, -0.000026402995, 0.00000782311), (0.000021934507, -4.7683716e-7, 0.0000038146973), (-10.2472, -9.627185, -0.5602093), (0.00080490106, -0.000009536742, 0), (-12.501483, -0.038312376, -0.047645718), (-20.448048, -0.038313866, -0.047640502), (-28.39462, -0.038316846, -0.047637522), (-5.3496685, 0.04238859, -0.0953123), (-17.638857, 0.042378157, -0.09531528), (-33.356945, 0.02117455, -0.047653913), (0, 23.822256, 21.972298), (0.0000076293945, -26.285019, 14.877744), (0.0000076293945, 23.084423, -21.291763), (-0.000015258789, -26.170012, -14.81265)],
                10: [(0, 0, 0), (-2.1229029, 87.32668, 2.4199693), (1.7976576, 5.5879354e-7, -9.313226e-8), (12.76263, 0, 3.7252903e-7), (10.714677, -7.4505806e-7, 0.0000014901161), (12.472298, 0.0000014901161, 0.0000018626451), (14.284536, 0.8905411, 5.605524), (22.182526, 0.0000027939677, 0.000011827797), (47.04382, 0.0000059604645, -0.000029802322), (0.0000076293945, 9.536743e-7, 0), (13.029896, -0.0000026077032, -0.000010430813), (26.829792, -0.0000052154064, -0.000025331974), (43.92753, -0.0000059604645, -0.000014901161), (43.92753, -0.0000074505806, -0.0000059604645), (5.1816106, 1.1870105, -2.2014964), (12.418064, -0.99908227, 0.15168041), (7.3042827, -0.000016763806, 0.00000782311), (5.2279415, -0.0000026077032, -0.000004982576), (5.443185, 0.8215055, -0.39444938), (11.982214, -1.1270434, 0.24840459), (8.066207, 0.00004246831, 0.0000029802322), (5.7226634, -7.4505806e-7, 0.0000030733645), (-0.12970734, 0.17492676, -0.015215874), (5.063165, 1.6106416, 3.4897785), (10.005376, 0.00015571713, -0.00033266842), (6.2058725, 0.000012665987, 0.0000074505806), (4.6195693, -0.000030361116, -0.000009313226), (5.381241, 1.0786623, 1.4476035), (11.0858755, -0.9381145, 0.24125054), (7.4671617, -0.000033155084, -7.4505806e-7), (5.573919, 5.5879354e-7, -0.000018067658), (2.9250329, 1.9339476, -1.6107153), (6.8356557, 0.000006519258, -0.000016391277), (6.479103, -0.0000029802322, -0.000010430813), (6.6742263, -7.4505806e-7, 0.000028125942), (8.73761, 5.3355637, -0.5520086), (14.13077, 7.4505806e-7, -0.000029802322), (30.186611, 0.0000014901161, -0.00004172325), (47.043823, 0.0000044703484, -0.000020861626), (18.104303, -3.0100808, 0.0000014901161), (10.438143, -0.000008195639, 0), (16.393932, -0.0000044703484, -7.4505806e-7), (16.393932, -0.0000044703484, -7.4505806e-7), (10.154327, 10.497442, -2.9802322e-8), (10.154343, 10.497441, -5.732405), (4.7683716e-7, 0.000015258789, -0.0000038146973), (10.154327, 10.497442, 5.732244), (0.0000014305115, -0.000030517578, -0.0000019073486), (12.341888, -0.00000667572, -2.9802322e-8), (14.284163, 0.8905381, -5.6055293), (-22.182451, 0.000010151416, 0.0001784414), (-47.043354, 0.000025331974, 0.0006198883), (-0.000022888184, -0.000005722046, -0.000015258789), (-13.03045, 0.000013411045, -0.00053197145), (-26.829676, -0.000016391277, 0.00006109476), (-43.92753, -0.000011920929, -0.00011920929), (-43.927525, -0.000017881393, -0.00011920929), (-5.1818843, -1.1873473, 2.2014933), (-12.418048, 0.9990536, -0.15169364), (-7.3042617, 0.000058859587, -0.000008195639), (-5.2280297, -0.00006258488, -0.0000044703484), (-5.4435625, -0.8217614, 0.39442953), (-11.982123, 1.1270158, -0.2484005), (-8.06622, -0.00001564622, 7.4505806e-7), (-5.7226686, -0.000029057264, -0.0000074505806), (0.12975311, -0.17495728, 0.01521778), (-5.063479, -1.6109159, -3.4897912), (-10.0053835, -0.00014677644, 0.00034514815), (-6.2059107, -0.00004544854, -0.000029802322), (-4.619505, -0.000046379864, -0.0000074505806), (-5.381577, -1.0790113, -1.4476148), (-11.085914, 0.93806237, -0.24124673), (-7.4671297, 0.00004544854, -0.0000057742), (-5.5738344, 0.000045262277, 0.0000027939677), (-2.9253216, -1.9342203, 1.6106976), (-6.8357525, -0.000098347664, 0.00009164214), (-6.4790473, 0.0000044703484, -0.0000022351742), (-6.674245, -0.000043213367, -0.00012284145), (-8.740035, -5.007309, 0.5259495), (-14.130193, 0.000029057264, 0.0005438924), (-30.18668, 0.000011920929, 0.00008493662), (-47.04333, 0.000035762787, 0.00063180923), (-0.000022888184, -30.156113, -2.9802322e-8), (-12.285163, -1.6823337, 16.858997), (35.78384, -0.0000029802322, 0), (28.394667, 0.0000037252903, -0.0000059604645), (7.4168525, 19.93698, -0.0000059604645), (5.268686, -0.0000063329935, -0.0000033527613), (-0.000015258789, 4.7683716e-7, -0.0000019073486), (10.36795, 9.620787, 0.57157516), (-0.00079727167, 0.000008821487, 0.0000076293945), (12.5015335, 0.038316846, 0.047639012), (20.448109, 0.03832355, 0.047644973), (28.394682, 0.038329884, 0.047639012), (5.349636, -0.042391196, 0.09531416), (17.638865, -0.042392313, 0.09531379), (33.35698, -0.021201372, 0.047647953), (-12.285196, -1.6823355, -16.858997), (-35.783825, -0.0000029802322, -0.000011920929), (-28.394627, -0.0000029802322, 0.000012665987), (-7.41685, -19.936972, 0.0000029802322), (-5.268623, -0.00002710367, 0.0000067055225), (0.000021934507, -4.7683716e-7, 0.0000038146973), (-10.2472, -9.627185, -0.5602093), (0.00080490106, -0.000009536742, 0), (-12.501487, -0.038310885, -0.047641248), (-20.448053, -0.038310885, -0.047636032), (-28.394634, -0.038313866, -0.047633797), (-5.349673, 0.042387284, -0.09531304), (-17.638859, 0.042380393, -0.09531528), (-33.356956, 0.02117902, -0.047653913), (0, 23.822256, 21.972298), (0.0000076293945, -26.285019, 14.877744), (0.0000076293945, 23.084423, -21.291763), (-0.000015258789, -26.170012, -14.81265)],
                11: [(0, 0, 0), (-2.5945776, 88.4229, 1.72292), (1.7976592, 5.5879354e-7, 9.313226e-8), (12.762621, 0.0000044703484, 0.0000048428774), (10.71467, 0.0000029802322, 0.0000040978193), (12.472289, 0.0000074505806, 0.00000782311), (14.284523, 0.8905515, 5.6055264), (22.182526, 0.000003911555, 0.0000072759576), (47.043808, -0.000014901161, -0.00003874302), (0.0000076293945, 9.536743e-7, 0), (13.02989, -0.0000063329935, -0.000010430813), (26.829782, -0.000011920929, -0.000029802322), (43.92751, -0.000017881393, -0.000014901161), (43.927513, -0.000017881393, -0.0000059604645), (5.1816063, 1.187006, -2.201493), (12.418057, -0.9990897, 0.15168637), (7.3042774, -0.000018626451, 0.0000115484), (5.2279396, -0.0000011175871, -0.0000086613), (5.443182, 0.8215025, -0.3944479), (11.982212, -1.1270497, 0.24840534), (8.066201, 0.00003874302, 0.0000055879354), (5.7226667, 3.7252903e-7, 0.0000027939677), (-0.12970734, 0.17492676, -0.015215874), (5.063161, 1.6106386, 3.4897738), (10.005372, 0.00015050173, -0.00033155084), (6.205865, 0.000008568168, 0.000010430813), (4.6195602, -0.000031106174, -0.000008195639), (5.3812394, 1.078654, 1.4476042), (11.085868, -0.938116, 0.24124943), (7.467155, -0.000036135316, 0.0000022351742), (5.573913, -0.0000018626451, -0.000019092113), (2.9250298, 1.9339429, -1.6107161), (6.835649, 0.0000029802322, -0.00000782311), (6.479099, -0.0000040978193, -0.00000782311), (6.6742206, -0.0000037252903, 0.000034365803), (8.73761, 5.3355637, -0.5520086), (14.130767, -0.0000052154064, -0.000033527613), (30.1866, -0.000011920929, -0.000050663948), (47.043804, -0.00001937151, -0.00003427267), (18.104275, -3.010069, 0.0000074505806), (10.43813, -0.0000022351742, 0.0000048428774), (16.39392, 0.0000044703484, 0.0000074505806), (16.39392, 0.0000044703484, 0.0000074505806), (10.154327, 10.497442, -2.9802322e-8), (10.154343, 10.497441, -5.732405), (4.7683716e-7, 0.000015258789, -0.0000038146973), (10.154327, 10.497442, 5.732244), (0.0000014305115, -0.000030517578, -0.0000019073486), (12.341888, -0.00000667572, -2.9802322e-8), (14.284152, 0.89054257, -5.6055155), (-22.182447, 0.0000055879354, 0.00017806888), (-47.043293, -0.000022351742, 0.00064373016), (-0.000022888184, -0.000005722046, -0.000015258789), (-13.030426, 0.0000052154064, -0.0005245209), (-26.829634, -0.00003129244, 0.000078976154), (-43.927452, -0.00003874302, -0.00008493662), (-43.92746, -0.000044703484, -0.00008493662), (-5.181877, -1.1873447, 2.2014878), (-12.418035, 0.99905133, -0.15169829), (-7.3042555, 0.000059604645, -0.000010617077), (-5.228021, -0.00006146729, -0.00000782311), (-5.443557, -0.82176065, 0.39442563), (-11.982109, 1.1270099, -0.24840459), (-8.066201, -0.000014901161, -0.00000782311), (-5.722654, -0.00003091991, -0.000013411045), (0.12975311, -0.17495728, 0.01521778), (-5.063473, -1.6109145, -3.489795), (-10.00537, -0.00014528632, 0.00033630058), (-6.2058964, -0.000043958426, -0.000034365803), (-4.619487, -0.000045262277, -0.000009406358), (-5.381571, -1.079008, -1.4476216), (-11.0859, 0.93806535, -0.24125196), (-7.4671106, 0.0000461936, -0.0000128522515), (-5.573812, 0.000046752393, -7.4505806e-7), (-2.9253185, -1.9342161, 1.6106973), (-6.835737, -0.00010356307, 0.000090152025), (-6.4790354, -7.4505806e-7, -0.0000044703484), (-6.6742315, -0.000050663948, -0.00012773089), (-8.740035, -5.007309, 0.5259495), (-14.130181, 0.000012665987, 0.00054836273), (-30.186644, -0.000022351742, 0.00010430813), (-47.043285, -0.000016391277, 0.0006496906), (-0.000022888184, -30.156113, -2.9802322e-8), (-12.285159, -1.6823337, 16.858997), (35.783836, 0, 0.0000014901161), (28.394655, 0.0000029802322, -0.0000029802322), (7.416842, 19.936949, -0.000008195639), (5.2686806, -0.000008940697, 0.0000013038516), (-0.000015258789, 4.7683716e-7, -0.0000019073486), (10.36795, 9.620787, 0.57157516), (-0.00079727167, 0.000008821487, 0.0000076293945), (12.501528, 0.038314424, 0.047640502), (20.448097, 0.03831908, 0.047644973), (28.394667, 0.03832616, 0.047639012), (5.3496375, -0.04239157, 0.09531379), (17.638859, -0.042392313, 0.09531453), (33.356983, -0.021201372, 0.047653913), (-12.285195, -1.6823366, -16.858994), (-35.78383, -0.0000014901161, -0.000011920929), (-28.394615, -0.0000059604645, 0.0000074505806), (-7.41685, -19.936966, 0.000010430813), (-5.2686205, -0.000027822534, 0.0000070780516), (0.000021934507, -4.7683716e-7, 0.0000038146973), (-10.2472, -9.627185, -0.5602093), (0.00080490106, -0.000009536742, 0), (-12.501483, -0.038312376, -0.0476446), (-20.448044, -0.038315356, -0.047639757), (-28.39462, -0.038319826, -0.047638267), (-5.3496704, 0.04238859, -0.0953123), (-17.638859, 0.042380393, -0.0953123), (-33.356953, 0.02118051, -0.047653913), (0, 23.822256, 21.972298), (0.0000076293945, -26.285019, 14.877744), (0.0000076293945, 23.084423, -21.291763), (-0.000015258789, -26.170012, -14.81265)],
                12: [(0, 0, 0), (-3.0134804, 89.86905, 0.70745444), (1.7976595, 9.313226e-7, 4.656613e-7), (12.762627, 0.0000029802322, 0.0000029802322), (10.714668, -7.4505806e-7, 3.7252903e-7), (12.472291, 0.0000029802322, 0.0000022351742), (14.284527, 0.89054555, 5.6055264), (22.182528, 0.0000018626451, 0.000018812716), (47.04381, -0.000008940697, -0.000032782555), (0.0000076293945, 9.536743e-7, 0), (13.029891, -0.0000044703484, -0.000012665987), (26.829779, -0.000008940697, -0.00002682209), (43.927513, -0.000017881393, -0.000020861626), (43.927513, -0.000017881393, -0.0000059604645), (5.1816115, 1.187009, -2.2014923), (12.418054, -0.99908936, 0.15168712), (7.3042774, -0.000020861626, 0.000010989606), (5.227933, -0.0000022351742, -0.000010442454), (5.443184, 0.82149917, -0.3944479), (11.982212, -1.1270516, 0.24840683), (8.066205, 0.00004172325, 0.0000027939677), (5.7226663, -1.8626451e-7, 0.0000016763806), (-0.12970734, 0.17492676, -0.015215874), (5.063164, 1.61064, 3.489777), (10.005374, 0.00015497208, -0.00033453107), (6.2058725, 0.000013783574, 0.000007636845), (4.619563, -0.000030174851, -0.000008754432), (5.3812404, 1.078656, 1.4476042), (11.085875, -0.93811524, 0.24125054), (7.4671583, -0.00003129244, 0), (5.573919, -1.8626451e-7, -0.00001983717), (2.9250293, 1.9339436, -1.6107156), (6.8356543, 0.0000067055225, -0.00001527369), (6.4791, -0.0000044703484, -0.00001564622), (6.674225, -0.0000022351742, 0.00003245659), (8.73761, 5.3355637, -0.5520086), (14.130775, -0.0000044703484, -0.00003129244), (30.186596, -0.0000059604645, -0.000050663948), (47.04381, -0.0000074505806, -0.000028312206), (18.10429, -3.0100732, 0.0000059604645), (10.438137, -0.0000029802322, 0.0000044703484), (16.39392, 0.0000014901161, 0.0000052154064), (16.39392, 0.0000014901161, 0.0000052154064), (10.154327, 10.497442, -2.9802322e-8), (10.154343, 10.497441, -5.732405), (4.7683716e-7, 0.000015258789, -0.0000038146973), (10.154327, 10.497442, 5.732244), (0.0000014305115, -0.000030517578, -0.0000019073486), (12.341888, -0.00000667572, -2.9802322e-8), (14.284155, 0.8905411, -5.605523), (-22.18245, 0.000009825453, 0.00017825514), (-47.04334, 0.000023841858, 0.00063478947), (-0.000022888184, -0.000005722046, -0.000015258789), (-13.030441, 0.000011920929, -0.00052526593), (-26.829662, -0.000020861626, 0.00006854534), (-43.9275, -0.000023841858, -0.00010877848), (-43.927498, -0.000023841858, -0.00010728836), (-5.181884, -1.1873465, 2.2014928), (-12.41805, 0.9990528, -0.15169159), (-7.3042674, 0.00006183982, -0.0000063795596), (-5.22803, -0.000063329935, -0.0000056810677), (-5.4435616, -0.82175994, 0.39442885), (-11.982115, 1.1270143, -0.24840385), (-8.066212, -0.000013411045, -0.0000033527613), (-5.7226615, -0.000032410026, -0.000010430813), (0.12975311, -0.17495728, 0.01521778), (-5.0634747, -1.6109148, -3.489793), (-10.005379, -0.00014603138, 0.00034202822), (-6.2059035, -0.000046938658, -0.000032642856), (-4.6195035, -0.00004749745, -0.000009033829), (-5.3815713, -1.0790095, -1.4476186), (-11.085907, 0.93806237, -0.24124682), (-7.467124, 0.00004246831, -0.000005494803), (-5.5738325, 0.000046752393, 0.0000022351742), (-2.9253218, -1.9342201, 1.6107004), (-6.8357477, -0.000101327896, 0.00009089708), (-6.479046, 0.0000022351742, -3.7252903e-7), (-6.674242, -0.000044703484, -0.00012405217), (-8.740035, -5.007309, 0.5259495), (-14.130195, 0.000025331974, 0.00054240227), (-30.186676, 0.0000044703484, 0.00008940697), (-47.043327, 0.000029802322, 0.00063478947), (-0.000022888184, -30.156113, -2.9802322e-8), (-12.285149, -1.6823306, 16.858986), (35.78382, -0.0000059604645, 0.000010430813), (28.394634, -0.0000074505806, -0.0000029802322), (7.416839, 19.936947, -0.000008940697), (5.2686815, -0.00000782311, 0.0000014901161), (-0.000015258789, 4.7683716e-7, -0.0000019073486), (10.36795, 9.620787, 0.57157516), (-0.00079727167, 0.000008821487, 0.0000076293945), (12.501521, 0.038312003, 0.047640502), (20.448086, 0.038315356, 0.047647953), (28.394648, 0.038318336, 0.047641993), (5.349636, -0.042392313, 0.095314346), (17.638853, -0.042393804, 0.09531826), (33.35697, -0.021210313, 0.047658384), (-12.28519, -1.6823411, -16.858992), (-35.783806, -0.000011920929, -0.000020861626), (-28.394608, -0.000011920929, 0.0000022351742), (-7.4168534, -19.93696, 0.000016391277), (-5.268618, -0.000027034162, 0.0000074505806), (0.000021934507, -4.7683716e-7, 0.0000038146973), (-10.2472, -9.627185, -0.5602093), (0.00080490106, -0.000009536742, 0), (-12.50148, -0.038315356, -0.047647953), (-20.448038, -0.038318336, -0.0476446), (-28.39461, -0.038322806, -0.047646463), (-5.349668, 0.042386726, -0.09531416), (-17.638851, 0.042374432, -0.09531826), (-33.356934, 0.02117008, -0.047662854), (0, 23.822256, 21.972298), (0.0000076293945, -26.285019, 14.877744), (0.0000076293945, 23.084423, -21.291763), (-0.000015258789, -26.170012, -14.81265)],
                13: [(0, 0, 0), (-3.1697288, 91.424355, -0.43165237), (1.7976582, 5.5879354e-7, 2.7939677e-7), (12.762631, 0.0000014901161, 0.0000033527613), (10.714683, -0.0000022351742, -0.0000011175871), (12.4723, 0.0000014901161, -7.4505806e-7), (14.2845335, 0.8905418, 5.605525), (22.182528, 0.0000014901161, 0.000019744039), (47.043827, 0.000011920929, -0.000023841858), (0.0000076293945, 9.536743e-7, 0), (13.029901, 0, -0.000011920929), (26.829798, 0.0000029802322, -0.000020861626), (43.92754, 0.000008940697, -0.0000059604645), (43.927544, 0.0000029802322, 0), (5.181613, 1.1870146, -2.2014995), (12.418067, -0.99907744, 0.15168339), (7.304284, -0.000017136335, 0.000010430813), (5.2279387, 0, -0.000009126961), (5.443186, 0.82150435, -0.39445013), (11.982217, -1.1270397, 0.24839975), (8.066214, 0.000047683716, 0.0000018859282), (5.722678, 0.0000027939677, 0.0000029802322), (-0.12970734, 0.17492676, -0.015215874), (5.063164, 1.6106441, 3.4897819), (10.005381, 0.00016242266, -0.00033625402), (6.2058806, 0.00001564622, 0.000007310882), (4.619572, -0.00003054738, -0.000007636845), (5.3812428, 1.0786616, 1.4476037), (11.085874, -0.93811226, 0.24124868), (7.4671636, -0.00003054738, 1.8626451e-7), (5.5739155, -9.313226e-7, -0.000018347055), (2.9250357, 1.9339502, -1.6107179), (6.835661, 0.00000782311, -0.000017508864), (6.4791007, -0.0000044703484, -0.0000121071935), (6.6742234, -0.0000029802322, 0.000030733645), (8.73761, 5.3355637, -0.5520086), (14.130781, 0.0000014901161, -0.000025704503), (30.186617, 0.0000029802322, -0.000035762787), (47.043835, 0.000008940697, -0.000011920929), (18.104303, -3.0100794, 0.0000014901161), (10.438138, -0.0000052154064, 0.0000026077032), (16.393932, 0, 0.0000029802322), (16.393932, 0, 0.0000029802322), (10.154327, 10.497442, -2.9802322e-8), (10.154343, 10.497441, -5.732405), (4.7683716e-7, 0.000015258789, -0.0000038146973), (10.154327, 10.497442, 5.732244), (0.0000014305115, -0.000030517578, -0.0000019073486), (12.341888, -0.00000667572, -2.9802322e-8), (14.284165, 0.8905396, -5.605528), (-22.182447, 0.000010244548, 0.00018402934), (-47.04334, 0.000023841858, 0.00063478947), (-0.000022888184, -0.000005722046, -0.000015258789), (-13.030449, 0.000012665987, -0.0005312264), (-26.829678, -0.000014901161, 0.00006556511), (-43.92752, -0.000017881393, -0.00012367964), (-43.927525, -0.000014901161, -0.00011026859), (-5.1818814, -1.1873473, 2.201493), (-12.418049, 0.9990528, -0.1516901), (-7.3042674, 0.000060349703, -0.0000056810677), (-5.228037, -0.00006258488, -0.0000022817403), (-5.4435625, -0.82176256, 0.39443225), (-11.982123, 1.1270151, -0.24839994), (-8.06622, -0.00001564622, 2.6775524e-7), (-5.7226734, -0.000031664968, -0.0000057742), (0.12975311, -0.17495728, 0.01521778), (-5.063475, -1.6109142, -3.4897916), (-10.00539, -0.00014677644, 0.00034486875), (-6.205914, -0.000043213367, -0.00003131572), (-4.619516, -0.000044703484, -0.0000064261258), (-5.381574, -1.0790117, -1.4476153), (-11.08591, 0.93806237, -0.24124551), (-7.467124, 0.00004544854, -0.0000058906153), (-5.5738306, 0.000045262277, 0.0000035390258), (-2.925325, -1.9342182, 1.610699), (-6.8357525, -0.000098347664, 0.00009275973), (-6.4790525, 0.0000063329935, 0), (-6.6742487, -0.000040978193, -0.00011958182), (-8.740035, -5.007309, 0.5259495), (-14.130195, 0.00002682209, 0.00054463744), (-30.186674, 0.0000044703484, 0.0000923872), (-47.043335, 0.000025331974, 0.00062584877), (-0.000022888184, -30.156113, -2.9802322e-8), (-12.285161, -1.6823306, 16.859), (35.783836, -0.0000029802322, 0.0000022351742), (28.394646, -0.0000044703484, -0.0000029802322), (7.4168367, 19.936943, -0.0000059604645), (5.268682, -0.0000074505806, 0.0000018626451), (-0.000015258789, 4.7683716e-7, -0.0000019073486), (10.36795, 9.620787, 0.57157516), (-0.00079727167, 0.000008821487, 0.0000076293945), (12.501526, 0.038312376, 0.047641993), (20.448092, 0.0383161, 0.047646463), (28.394657, 0.038324296, 0.047641993), (5.3496385, -0.042390823, 0.095313504), (17.638863, -0.042390823, 0.09531453), (33.356983, -0.021204352, 0.04765168), (-12.285196, -1.6823348, -16.858997), (-35.78381, -0.000008940697, -0.000017881393), (-28.394615, -0.0000059604645, 0.0000059604645), (-7.4168496, -19.936974, 0.0000059604645), (-5.268623, -0.000026772137, 0.00000782311), (0.000021934507, -4.7683716e-7, 0.0000038146973), (-10.2472, -9.627185, -0.5602093), (0.00080490106, -0.000009536742, 0), (-12.501481, -0.038313866, -0.04764404), (-20.448046, -0.038315356, -0.047640875), (-28.39462, -0.038322806, -0.047641993), (-5.3496675, 0.042386726, -0.095313415), (-17.638857, 0.042374432, -0.09531677), (-33.35694, 0.02117157, -0.047653913), (0, 23.822256, 21.972298), (0.0000076293945, -26.285019, 14.877744), (0.0000076293945, 23.084423, -21.291763), (-0.000015258789, -26.170012, -14.81265)],
                14: [(0, 0, 0), (-3.223631, 92.83416, -1.3207078), (1.7976601, 3.7252903e-7, 9.313226e-8), (12.76263, 0.0000044703484, 0.0000052154064), (10.714673, 7.4505806e-7, 0.0000022351742), (12.472294, 0.0000044703484, 0.0000033527613), (14.284541, 0.89054334, 5.6055245), (22.182528, 0.0000022351742, 0.0000115484), (47.04382, -0.0000029802322, -0.000028312206), (0.0000076293945, 9.536743e-7, 0), (13.029899, -0.0000022351742, -0.000010430813), (26.829798, -0.0000014901161, -0.000025331974), (43.927532, 0, -0.000014901161), (43.92754, -0.0000029802322, 0), (5.18161, 1.1870168, -2.2015007), (12.418068, -0.99907666, 0.1516819), (7.304288, -0.000012665987, 0.000009406358), (5.22794, -0.0000014901161, -0.000009126961), (5.443186, 0.8215047, -0.39445055), (11.982221, -1.1270381, 0.24840179), (8.066209, 0.000048428774, 0.0000020489097), (5.7226768, 5.5879354e-7, 0.0000022351742), (-0.12970734, 0.17492676, -0.015215874), (5.0631633, 1.6106464, 3.4897819), (10.005387, 0.00016540289, -0.00033620745), (6.2058835, 0.00001527369, 0.000008242205), (4.6195736, -0.000029988587, -0.000008009374), (5.3812428, 1.0786656, 1.447604), (11.085875, -0.9381071, 0.2412486), (7.4671702, -0.000029057264, 4.656613e-8), (5.57393, 0.0000011175871, -0.000019557774), (2.9250355, 1.9339495, -1.6107183), (6.835659, 0.0000048428774, -0.000014901161), (6.4791055, -0.0000022351742, -0.000018253922), (6.674229, -7.4505806e-7, 0.000031664968), (8.73761, 5.3355637, -0.5520086), (14.130772, 0, -0.000029057264), (30.186602, -0.0000014901161, -0.000047683716), (47.04382, 0, -0.000025331974), (18.10429, -3.0100777, 0.0000014901161), (10.4381275, -0.0000044703484, 0.0000033527613), (16.393925, 0.0000014901161, 0.0000052154064), (16.393925, 0.0000014901161, 0.0000052154064), (10.154327, 10.497442, -2.9802322e-8), (10.154343, 10.497441, -5.732405), (4.7683716e-7, 0.000015258789, -0.0000038146973), (10.154327, 10.497442, 5.732244), (0.0000014305115, -0.000030517578, -0.0000019073486), (12.341888, -0.00000667572, -2.9802322e-8), (14.284171, 0.8905396, -5.605527), (-22.182447, 0.000010058284, 0.00018631108), (-47.043343, 0.000023841858, 0.00063180923), (-0.000022888184, -0.000005722046, -0.000015258789), (-13.030441, 0.000010430813, -0.0005289912), (-26.829668, -0.000020861626, 0.00006631017), (-43.92751, -0.000017881393, -0.000105798244), (-43.927513, -0.000020861626, -0.000105798244), (-5.181879, -1.187348, 2.2014937), (-12.418045, 0.99905133, -0.1516901), (-7.3042607, 0.00006258488, -0.000008381903), (-5.2280264, -0.000060349703, -0.0000062864274), (-5.4435616, -0.8217596, 0.39443067), (-11.982119, 1.1270113, -0.24839938), (-8.0662155, -0.00001564622, -5.122274e-7), (-5.722663, -0.00003129244, -0.000008381903), (0.12975311, -0.17495728, 0.01521778), (-5.063472, -1.6109145, -3.4897919), (-10.005379, -0.0001475215, 0.0003421679), (-6.2059035, -0.000046938658, -0.00003101304), (-4.6195035, -0.00004582107, -0.000008079223), (-5.381577, -1.0790095, -1.447618), (-11.085911, 0.9380661, -0.24124673), (-7.467124, 0.0000461936, -0.0000057742), (-5.573825, 0.00004582107, 0.0000013038516), (-2.9253218, -1.934218, 1.6106993), (-6.835752, -0.00010058284, 0.000090152025), (-6.4790487, 0.0000044703484, 0.0000011175871), (-6.674246, -0.00004172325, -0.000121444464), (-8.740035, -5.007309, 0.5259495), (-14.130192, 0.00002682209, 0.0005453825), (-30.186665, 0.0000059604645, 0.00009685755), (-47.04333, 0.000032782555, 0.00063180923), (-0.000022888184, -30.156113, -2.9802322e-8), (-12.285151, -1.6823322, 16.858994), (35.783833, -0.0000029802322, 0.0000034458935), (28.394651, -0.0000014901161, -0.0000029802322), (7.4168434, 19.93696, -0.0000074505806), (5.2686834, -0.0000063329935, 3.7252903e-7), (-0.000015258789, 4.7683716e-7, -0.0000019073486), (10.36795, 9.620787, 0.57157516), (-0.00079727167, 0.000008821487, 0.0000076293945), (12.501529, 0.03831312, 0.047641248), (20.448097, 0.038319826, 0.047646463), (28.394667, 0.038324296, 0.047636032), (5.349639, -0.04239045, 0.09531433), (17.638865, -0.042390823, 0.09531444), (33.356976, -0.021204352, 0.047652144), (-12.2851925, -1.6823384, -16.858995), (-35.783802, -0.000014901161, -0.000022351742), (-28.394594, -0.000017881393, -0.0000059604645), (-7.4168553, -19.93695, 0.000023841858), (-5.2686167, -0.00002769084, 0.00000782311), (0.000021934507, -4.7683716e-7, 0.0000038146973), (-10.2472, -9.627185, -0.5602093), (0.00080490106, -0.000009536742, 0), (-12.501473, -0.038316846, -0.047652237), (-20.448032, -0.038322806, -0.047649816), (-28.394604, -0.038328767, -0.047648698), (-5.349669, 0.042386353, -0.09531304), (-17.638853, 0.042372942, -0.09531975), (-33.356934, 0.02117157, -0.047662854), (0, 23.822256, 21.972298), (0.0000076293945, -26.285019, 14.877744), (0.0000076293945, 23.084423, -21.291763), (-0.000015258789, -26.170012, -14.81265)],
                15: [(0, 0, 0), (-3.2001567, 93.66539, -1.7244184), (1.7976615, 5.5879354e-7, 9.313226e-8), (12.762623, 0.0000059604645, 0.0000040978193), (10.714667, 0.0000029802322, 0.0000033527613), (12.472294, 0.0000044703484, 0.0000018626451), (14.2845335, 0.8905448, 5.605524), (22.182528, 0.0000044703484, 0.000010617077), (47.04381, -0.0000029802322, -0.000035762787), (0.0000076293945, 9.536743e-7, 0), (13.029893, -0.0000022351742, -0.000010430813), (26.829784, -0.0000074505806, -0.00003129244), (43.92752, -0.000008940697, -0.000014901161), (43.92753, -0.000008940697, -0.0000014901161), (5.1816115, 1.1870116, -2.201497), (12.41806, -0.99908185, 0.15168282), (7.304287, -0.00001564622, 0.000010244548), (5.227946, 3.7252903e-7, -0.000010617077), (5.4431815, 0.82150364, -0.39445022), (11.982214, -1.1270471, 0.24840382), (8.066209, 0.0000461936, 0.0000037252903), (5.7226715, -1.8626451e-7, 0.0000031664968), (-0.12970734, 0.17492676, -0.015215874), (5.063164, 1.610643, 3.489779), (10.005382, 0.00016242266, -0.0003349036), (6.205878, 0.000013038516, 0.000008568168), (4.6195674, -0.000031478703, -0.000008195639), (5.3812423, 1.07866, 1.4476022), (11.085873, -0.9381108, 0.24124831), (7.4671626, -0.000032782555, 0), (5.5739202, 0.0000011175871, -0.00001899898), (2.9250362, 1.9339465, -1.6107153), (6.8356543, 0.0000022351742, -0.000014156103), (6.479104, -0.0000022351742, -0.000017462298), (6.674229, 0, 0.000028312206), (8.73761, 5.3355637, -0.5520086), (14.130777, -0.0000022351742, -0.000026077032), (30.18661, -0.0000029802322, -0.000043213367), (47.04382, -0.0000029802322, -0.000023841858), (18.104284, -3.0100763, 0.0000044703484), (10.438127, -0.0000022351742, 0.0000040978193), (16.39392, 0.0000059604645, 0.000008195639), (16.39392, 0.0000059604645, 0.000008195639), (10.154327, 10.497442, -2.9802322e-8), (10.154343, 10.497441, -5.732405), (4.7683716e-7, 0.000015258789, -0.0000038146973), (10.154327, 10.497442, 5.732244), (0.0000014305115, -0.000030517578, -0.0000019073486), (12.341888, -0.00000667572, -2.9802322e-8), (14.284168, 0.8905396, -5.6055226), (-22.182446, 0.000010617077, 0.0001850538), (-47.04333, 0.000014901161, 0.0006377697), (-0.000022888184, -0.000005722046, -0.000015258789), (-13.030436, 0.0000074505806, -0.00052507967), (-26.829655, -0.000023841858, 0.000078231096), (-43.927486, -0.00002682209, -0.00009313226), (-43.92749, -0.00002682209, -0.00008717179), (-5.1818824, -1.1873447, 2.201492), (-12.418051, 0.99904984, -0.15168898), (-7.304269, 0.00006183982, -0.000005029142), (-5.2280345, -0.000058859587, -0.0000040978193), (-5.443565, -0.8217596, 0.3944302), (-11.9821205, 1.1270143, -0.248399), (-8.0662155, -0.000017136335, 8.381903e-7), (-5.722665, -0.000029802322, -0.000008288771), (0.12975311, -0.17495728, 0.01521778), (-5.063475, -1.6109142, -3.489793), (-10.005381, -0.0001475215, 0.00034263358), (-6.205908, -0.0000461936, -0.000030361116), (-4.6195025, -0.00004582107, -0.00000752043), (-5.3815756, -1.079009, -1.4476185), (-11.08591, 0.9380646, -0.24124542), (-7.467124, 0.00004544854, -0.000005029142), (-5.573831, 0.000046752393, 0.0000023283064), (-2.9253247, -1.9342178, 1.6106986), (-6.8357477, -0.00010021031, 0.0000923872), (-6.479045, 0.0000022351742, -0.0000052154064), (-6.674239, -0.000043958426, -0.00012181699), (-8.740035, -5.007309, 0.5259495), (-14.130195, 0.000023841858, 0.00054463744), (-30.186663, -0.0000014901161, 0.00009983778), (-47.04332, 0.000023841858, 0.00064224005), (-0.000022888184, -30.156113, -2.9802322e-8), (-12.285154, -1.6823292, 16.858992), (35.78383, -0.0000029802322, 0.000008940697), (28.394646, -0.0000059604645, -0.0000029802322), (7.4168415, 19.936954, -0.0000044703484), (5.2686834, -0.0000060535967, -0.0000011175871), (-0.000015258789, 4.7683716e-7, -0.0000019073486), (10.36795, 9.620787, 0.57157516), (-0.00079727167, 0.000008821487, 0.0000076293945), (12.501528, 0.03831163, 0.047640502), (20.448092, 0.038315356, 0.047649443), (28.394657, 0.038319826, 0.047644973), (5.3496375, -0.042391196, 0.09531449), (17.638863, -0.042392313, 0.09531668), (33.35697, -0.021204352, 0.047656335), (-12.28519, -1.6823392, -16.858997), (-35.78382, -0.0000029802322, -0.000014901161), (-28.39462, -0.0000029802322, 0.000011920929), (-7.416852, -19.936962, 0.000014901161), (-5.26862, -0.000026868656, 0.0000074505806), (0.000021934507, -4.7683716e-7, 0.0000038146973), (-10.2472, -9.627185, -0.5602093), (0.00080490106, -0.000009536742, 0), (-12.501484, -0.038312376, -0.047644228), (-20.44805, -0.038313866, -0.047637522), (-28.394627, -0.038316846, -0.047633797), (-5.349672, 0.042387843, -0.0953123), (-17.638865, 0.042377412, -0.09531453), (-33.356953, 0.02117753, -0.047655404), (0, 23.822256, 21.972298), (0.0000076293945, -26.285019, 14.877744), (0.0000076293945, 23.084423, -21.291763), (-0.000015258789, -26.170012, -14.81265)],
                16: [(0, 0, 0), (-3.1024332, 93.41817, -1.7347442), (1.7976619, 7.4505806e-7, 9.313226e-8), (12.762636, 0, 0.0000018626451), (10.714665, 0.0000029802322, 0.0000033527613), (12.472291, 0.0000074505806, 0.0000059604645), (14.284531, 0.89055, 5.605525), (22.182526, 0.0000048428774, 0.000009685755), (47.0438, -0.0000029802322, -0.000050663948), (0.0000076293945, 9.536743e-7, 0), (13.029891, -0.0000074505806, -0.000016391277), (26.829779, -0.000011920929, -0.000035762787), (43.927505, -0.000020861626, -0.000028312206), (43.92751, -0.000020861626, -0.00001937151), (5.1816096, 1.187009, -2.2014954), (12.41806, -0.9990834, 0.15168376), (7.3042846, -0.000012665987, 0.000009313226), (5.2279434, -3.7252903e-7, -0.000010803342), (5.4431825, 0.8214999, -0.39444837), (11.98221, -1.12705, 0.24840403), (8.066195, 0.000037252903, 0.0000018626451), (5.7226534, -0.0000048428774, 0.0000033527613), (-0.12970734, 0.17492676, -0.015215874), (5.063163, 1.6106397, 3.4897745), (10.005377, 0.00015646219, -0.0003375113), (6.2058744, 0.000014528632, 0.0000057742), (4.619564, -0.000031432137, -0.000009313226), (5.3812385, 1.0786548, 1.4476035), (11.085871, -0.9381108, 0.24124794), (7.4671597, -0.000033527613, 0.0000011175871), (5.57392, -7.4505806e-7, -0.000018440187), (2.9250324, 1.9339397, -1.6107142), (6.835649, 7.4505806e-7, -0.00001238659), (6.479099, -0.0000059604645, -0.000012759119), (6.6742234, -0.0000033527613, 0.000032410026), (8.73761, 5.3355637, -0.5520086), (14.130767, -0.0000037252903, -0.000034458935), (30.186596, -0.0000059604645, -0.00004991889), (47.043808, -0.000008940697, -0.00003874302), (18.104284, -3.010069, 0.0000074505806), (10.438129, -0.0000029802322, 0.0000040978193), (16.393923, 0.0000044703484, 0.0000074505806), (16.393923, 0.0000044703484, 0.0000074505806), (10.154327, 10.497442, -2.9802322e-8), (10.154343, 10.497441, -5.732405), (4.7683716e-7, 0.000015258789, -0.0000038146973), (10.154327, 10.497442, 5.732244), (0.0000014305115, -0.000030517578, -0.0000019073486), (12.341888, -0.00000667572, -2.9802322e-8), (14.284152, 0.89054257, -5.605517), (-22.182447, 0.000011362135, 0.00019101426), (-47.043335, 0.000020861626, 0.00064224005), (-0.000022888184, -0.000005722046, -0.000015258789), (-13.030444, 0.000010430813, -0.00052512623), (-26.829666, -0.000017881393, 0.00007394701), (-43.927505, -0.000017881393, -0.00010114163), (-43.927513, -0.000020861626, -0.000101700425), (-5.181884, -1.1873454, 2.201491), (-12.418049, 0.9990528, -0.15169121), (-7.3042617, 0.000063329935, -0.000008381903), (-5.228027, -0.000060349703, -0.0000053085387), (-5.443563, -0.82175994, 0.39443168), (-11.982122, 1.1270155, -0.24839975), (-8.066214, -0.000013411045, 3.7252903e-7), (-5.722661, -0.00003129244, -0.000007491326), (0.12975311, -0.17495728, 0.01521778), (-5.0634737, -1.6109163, -3.4897923), (-10.0053835, -0.00014603138, 0.00034179538), (-6.2059107, -0.000046938658, -0.000029243529), (-4.6195083, -0.000046752393, -0.0000057043508), (-5.3815765, -1.0790083, -1.4476174), (-11.085905, 0.93806314, -0.24124458), (-7.467116, 0.000043958426, -0.000005401671), (-5.573826, 0.00004377216, 0.0000022351742), (-2.925322, -1.9342191, 1.610699), (-6.835747, -0.00009872019, 0.00009164214), (-6.4790463, 0.0000063329935, 0), (-6.6742463, -0.000041350722, -0.00012405217), (-8.740035, -5.007309, 0.5259495), (-14.130195, 0.000025331974, 0.00054240227), (-30.186668, 0.0000029802322, 0.00009983778), (-47.043324, 0.00002682209, 0.00064224005), (-0.000022888184, -30.156113, -2.9802322e-8), (-12.285165, -1.6823292, 16.859001), (35.783848, 0.0000059604645, -0.0000037252903), (28.39466, 0, -0.0000074505806), (7.4168487, 19.936974, -0.000008940697), (5.2686853, -0.000004656613, -0.0000014901161), (-0.000015258789, 4.7683716e-7, -0.0000019073486), (10.36795, 9.620787, 0.57157516), (-0.00079727167, 0.000008821487, 0.0000076293945), (12.501531, 0.038313866, 0.047640875), (20.4481, 0.038319826, 0.047647953), (28.394672, 0.038325787, 0.047638267), (5.349637, -0.04239157, 0.095313504), (17.638865, -0.042387843, 0.09531174), (33.356987, -0.021198392, 0.047645718), (-12.285195, -1.6823335, -16.858997), (-35.78382, -0.0000059604645, -0.000013411045), (-28.394608, -0.000011920929, 0.0000026077032), (-7.4168525, -19.93696, 0.000014901161), (-5.26862, -0.000027671922, 0.000008195639), (0.000021934507, -4.7683716e-7, 0.0000038146973), (-10.2472, -9.627185, -0.5602093), (0.00080490106, -0.000009536742, 0), (-12.501481, -0.038315356, -0.04764758), (-20.448038, -0.038318336, -0.047645718), (-28.394615, -0.038325787, -0.04764162), (-5.349671, 0.042387843, -0.095312856), (-17.638857, 0.042377412, -0.09531751), (-33.35695, 0.02117753, -0.047659874), (0, 23.822256, 21.972298), (0.0000076293945, -26.285019, 14.877744), (0.0000076293945, 23.084423, -21.291763), (-0.000015258789, -26.170012, -14.81265)],
                17: [(0, 0, 0), (-2.9307067, 92.10626, -1.4463477), (1.7976575, 5.5879354e-7, 9.313226e-8), (12.762637, 0, 3.7252903e-7), (10.714664, 0.0000029802322, 0.0000018626451), (12.472296, 0.0000044703484, 0.0000026077032), (14.2845335, 0.8905388, 5.605525), (22.182528, 0.0000026077032, 0.000012665987), (47.043835, 0.0000059604645, -0.000009685755), (0.0000076293945, 9.536743e-7, 0), (13.029903, 0.0000014901161, -0.0000059604645), (26.829803, 0.000008940697, -0.000014901161), (43.927555, 0.000014901161, 0.0000044703484), (43.92755, 0.000014901161, 0.000014901161), (5.181613, 1.1870191, -2.2015007), (12.418068, -0.9990729, 0.15168115), (7.3042893, -0.000010430813, 0.000009313226), (5.2279487, 0.0000024214387, -0.000009313226), (5.443185, 0.82150996, -0.39445087), (11.982222, -1.1270359, 0.24840273), (8.06622, 0.000056251884, 0.0000048428774), (5.722681, 1.8626451e-7, 0.0000029802322), (-0.12970734, 0.17492676, -0.015215874), (5.063168, 1.6106493, 3.4897852), (10.005383, 0.00016838312, -0.00033453107), (6.205886, 0.000018253922, 0.0000063329935), (4.6195784, -0.000029895455, -0.000008940697), (5.381243, 1.0786642, 1.4476075), (11.085883, -0.9381033, 0.24124943), (7.4671693, -0.000028312206, 0), (5.573924, 9.2113623e-7, -0.000019557774), (2.925039, 1.9339472, -1.6107166), (6.835662, 0.0000074505806, -0.000020093285), (6.479106, -0.0000014901161, -0.000016763806), (6.6742315, 7.4505806e-7, 0.000028312206), (8.73761, 5.3355637, -0.5520086), (14.13078, 7.4505806e-7, -0.000022351742), (30.186623, -0.0000014901161, -0.000028312206), (47.04383, 0, -0.0000052154064), (18.104305, -3.0100808, 0), (10.438141, -0.000008940697, -0.0000014901161), (16.393936, -0.0000074505806, -0.0000014901161), (16.393936, -0.0000074505806, -0.0000014901161), (10.154327, 10.497442, -2.9802322e-8), (10.154343, 10.497441, -5.732405), (4.7683716e-7, 0.000015258789, -0.0000038146973), (10.154327, 10.497442, 5.732244), (0.0000014305115, -0.000030517578, -0.0000019073486), (12.341888, -0.00000667572, -2.9802322e-8), (14.284174, 0.8905396, -5.6055307), (-22.182447, 0.0000115484, 0.00018300489), (-47.043358, 0.000032782555, 0.0006183982), (-0.000022888184, -0.000005722046, -0.000015258789), (-13.030445, 0.000010430813, -0.0005251728), (-26.829676, -0.000020861626, 0.00006593764), (-43.92752, -0.000014901161, -0.000102072954), (-43.92753, -0.000017881393, -0.00010281801), (-5.181883, -1.1873454, 2.2014933), (-12.418052, 0.99905205, -0.15169121), (-7.3042707, 0.000063329935, -0.0000059604645), (-5.2280316, -0.00006407499, -0.0000044703484), (-5.4435625, -0.8217629, 0.39443448), (-11.982115, 1.1270146, -0.24839714), (-8.066216, -0.000017136335, 0.0000020489097), (-5.722665, -0.00003129244, -0.000007729977), (0.12975311, -0.17495728, 0.01521778), (-5.063472, -1.6109155, -3.4897902), (-10.005382, -0.00014230609, 0.0003432855), (-6.2059045, -0.000044703484, -0.000032410026), (-4.6195025, -0.000046379864, -0.000007916242), (-5.3815722, -1.0790106, -1.4476147), (-11.08591, 0.93806314, -0.24124327), (-7.4671254, 0.00004544854, -0.0000040978193), (-5.5738354, 0.000045076013, 0.000005448237), (-2.9253232, -1.9342201, 1.6106993), (-6.835748, -0.000101700425, 0.00009089708), (-6.479043, 0.0000044703484, 0), (-6.6742406, -0.00004582107, -0.00012591481), (-8.740035, -5.007309, 0.5259495), (-14.130199, 0.000029802322, 0.00053942204), (-30.18667, 0.000008940697, 0.0000923872), (-47.043343, 0.00003874302, 0.00062584877), (-0.000022888184, -30.156113, -2.9802322e-8), (-12.285157, -1.6823306, 16.859), (35.78385, 0.000008940697, -0.000009685755), (28.394672, 0.000011920929, -0.000011920929), (7.4168534, 19.936975, -0.000013411045), (5.2686853, -0.000005401671, -0.0000055879354), (-0.000015258789, 4.7683716e-7, -0.0000019073486), (10.36795, 9.620787, 0.57157516), (-0.00079727167, 0.000008821487, 0.0000076293945), (12.501537, 0.038319826, 0.047634635), (20.448112, 0.038327277, 0.047639757), (28.394688, 0.038334727, 0.047630817), (5.34964, -0.042389706, 0.095311694), (17.638868, -0.042387843, 0.09530932), (33.356995, -0.021192431, 0.047640502), (-12.285194, -1.6823342, -16.858995), (-35.78382, -0.0000029802322, -0.000014901161), (-28.39461, -0.000008940697, 0.000005029142), (-7.416851, -19.936968, 0.000008940697), (-5.2686214, -0.000027235365, 0.00000782311), (0.000021934507, -4.7683716e-7, 0.0000038146973), (-10.2472, -9.627185, -0.5602093), (0.00080490106, -0.000009536742, 0), (-12.501481, -0.038313866, -0.047646277), (-20.448042, -0.038318336, -0.047644693), (-28.394619, -0.038319826, -0.047639944), (-5.349668, 0.042387843, -0.09531211), (-17.638865, 0.042380393, -0.09531528), (-33.356953, 0.02117455, -0.047653913), (0, 23.822256, 21.972298), (0.0000076293945, -26.285019, 14.877744), (0.0000076293945, 23.084423, -21.291763), (-0.000015258789, -26.170012, -14.81265)],
                18: [(0, 0, 0), (-2.5994313, 90.2507, -0.9538621), (1.7976619, 1.8626451e-7, 0), (12.762626, 0.0000029802322, 0.0000037252903), (10.714674, 0, 0.0000014901161), (12.472288, 0.0000059604645, 0.0000029802322), (14.284532, 0.89054555, 5.605524), (22.182528, 0.0000052154064, 0.000014901161), (47.043808, 0, -0.000041350722), (0.0000076293945, 9.536743e-7, 0), (13.029894, -0.0000074505806, -0.000014714897), (26.829773, -0.000014901161, -0.000037252903), (43.92751, -0.000020861626, -0.00003501773), (43.927513, -0.000020861626, -0.000021606684), (5.181609, 1.1870123, -2.201498), (12.418058, -0.9990878, 0.15168563), (7.304283, -0.00001527369, 0.000008195639), (5.2279387, -5.5879354e-7, -0.000009685755), (5.4431834, 0.8214995, -0.39445126), (11.982214, -1.1270486, 0.24840385), (8.06621, 0.000047683716, 0.0000014901161), (5.7226734, -7.916242e-7, 0.0000033527613), (-0.12970734, 0.17492676, -0.015215874), (5.0631633, 1.6106387, 3.4897783), (10.00537, 0.00015422702, -0.00033527613), (6.2058697, 0.0000115484, 0.0000059604645), (4.619563, -0.000030640513, -0.0000059604645), (5.3812375, 1.0786576, 1.447602), (11.085878, -0.9381071, 0.24124682), (7.4671617, -0.000031664968, 0.0000011175871), (5.5739155, -9.313226e-8, -0.000018253922), (2.9250312, 1.9339439, -1.6107142), (6.835653, 0.0000022351742, -0.0000144355), (6.4791045, -0.0000029802322, -0.00001359731), (6.674225, -0.0000033527613, 0.000030174851), (8.73761, 5.3355637, -0.5520086), (14.130773, -7.4505806e-7, -0.000029616058), (30.186605, -0.0000014901161, -0.000048801303), (47.043816, -0.0000029802322, -0.00003129244), (18.104284, -3.0100749, 0.0000044703484), (10.438137, -0.0000044703484, 0.0000018626451), (16.39393, 0.0000014901161, 0.0000029802322), (16.39393, 0.0000014901161, 0.0000029802322), (10.154327, 10.497442, -2.9802322e-8), (10.154343, 10.497441, -5.732405), (4.7683716e-7, 0.000015258789, -0.0000038146973), (10.154327, 10.497442, 5.732244), (0.0000014305115, -0.000030517578, -0.0000019073486), (12.341888, -0.00000667572, -2.9802322e-8), (14.28416, 0.89054406, -5.6055236), (-22.182447, 0.0000121071935, 0.00017955899), (-47.043343, 0.000020861626, 0.0006362796), (-0.000022888184, -0.000005722046, -0.000015258789), (-13.030445, 0.000013411045, -0.00052675605), (-26.829666, -0.000017881393, 0.000075250864), (-43.92751, -0.000014901161, -0.00010058284), (-43.927513, -0.000014901161, -0.00009536743), (-5.1818824, -1.187348, 2.2014923), (-12.418043, 0.99905616, -0.15168786), (-7.3042574, 0.000063329935, -0.0000052154064), (-5.2280245, -0.000063329935, -0.000004656613), (-5.4435635, -0.8217603, 0.3944302), (-11.982112, 1.1270128, -0.24839677), (-8.066215, -0.000017881393, 0.0000029802322), (-5.7226653, -0.000032782555, -0.000008754432), (0.12975311, -0.17495728, 0.01521778), (-5.0634723, -1.6109148, -3.4897916), (-10.005381, -0.0001437962, 0.0003427267), (-6.205903, -0.0000461936, -0.000029802322), (-4.619499, -0.00004786998, -0.0000088475645), (-5.3815737, -1.0790102, -1.4476156), (-11.085909, 0.93806237, -0.24124607), (-7.467119, 0.000044703484, -0.0000037252903), (-5.573827, 0.00004656613, 0.0000013038516), (-2.9253223, -1.9342178, 1.6107008), (-6.835748, -0.000102072954, 0.000093877316), (-6.4790444, 0.0000022351742, -0.0000037252903), (-6.674242, -0.00004582107, -0.000121444464), (-8.740035, -5.007309, 0.5259495), (-14.130193, 0.00002682209, 0.00054463744), (-30.18667, 0.0000044703484, 0.00009313226), (-47.04333, 0.000029802322, 0.0006362796), (-0.000022888184, -30.156113, -2.9802322e-8), (-12.285157, -1.6823322, 16.859), (35.78385, 0.0000059604645, -0.000008940697), (28.394682, 0.000014901161, -0.000018719584), (7.4168534, 19.936975, -0.000010430813), (5.2686853, -0.0000070780516, -0.0000044703484), (-0.000015258789, 4.7683716e-7, -0.0000019073486), (10.36795, 9.620787, 0.57157516), (-0.00079727167, 0.000008821487, 0.0000076293945), (12.501541, 0.038319826, 0.047633983), (20.448116, 0.038328767, 0.04763743), (28.394693, 0.038340688, 0.047625415), (5.349641, -0.042389706, 0.09531239), (17.638868, -0.042387843, 0.095307454), (33.35699, -0.021195412, 0.047641993), (-12.285192, -1.6823362, -16.858997), (-35.78381, -0.000008940697, -0.000020861626), (-28.39461, -0.0000059604645, 0.0000026077032), (-7.416855, -19.93696, 0.000017881393), (-5.2686157, -0.000027698115, 0.00000782311), (0.000021934507, -4.7683716e-7, 0.0000038146973), (-10.2472, -9.627185, -0.5602093), (0.00080490106, -0.000009536742, 0), (-12.501478, -0.038316846, -0.04764991), (-20.44804, -0.038318336, -0.047644787), (-28.394613, -0.038322806, -0.047644973), (-5.349671, 0.042387843, -0.0953136), (-17.638859, 0.042377412, -0.09531826), (-33.356945, 0.02117157, -0.047661364), (0, 23.822256, 21.972298), (0.0000076293945, -26.285019, 14.877744), (0.0000076293945, 23.084423, -21.291763), (-0.000015258789, -26.170012, -14.81265)],
                19: [(0, 0, 0), (-2.0176537, 88.26827, -0.38011688), (1.7976615, 1.8626451e-7, -9.313226e-8), (12.762629, 0.0000029802322, 3.7252903e-7), (10.714674, 0, 0.0000014901161), (12.472287, 0.0000059604645, 0.0000033527613), (14.284529, 0.89054775, 5.6055245), (22.182526, 0.0000052154064, 0.00001527369), (47.043808, 0, -0.00004656613), (0.0000076293945, 9.536743e-7, 0), (13.029891, -0.0000059604645, -0.000014156103), (26.829779, -0.000011920929, -0.00003390014), (43.92751, -0.000017881393, -0.000028312206), (43.927513, -0.000014901161, -0.000014156103), (5.18161, 1.1870083, -2.2014964), (12.418057, -0.9990886, 0.15168414), (7.304281, -0.000014901161, 0.000009685755), (5.2279344, -0.0000023283064, -0.000010430813), (5.443181, 0.8215025, -0.39445126), (11.982216, -1.1270478, 0.24840236), (8.066207, 0.000043585896, 7.4505806e-7), (5.722665, -0.0000026542693, 0.0000044703484), (-0.12970734, 0.17492676, -0.015215874), (5.06316, 1.6106377, 3.4897797), (10.005371, 0.00015571713, -0.00033602118), (6.2058735, 0.000013411045, 0.0000070780516), (4.619565, -0.000029243529, -0.0000055879354), (5.3812423, 1.078656, 1.4476024), (11.08587, -0.9381145, 0.24124831), (7.4671597, -0.000031664968, -0.0000029802322), (5.573914, 8.381903e-7, -0.000020861626), (2.9250338, 1.9339442, -1.6107174), (6.8356543, 0.0000022351742, -0.0000144355), (6.479099, -0.0000067055225, -0.000013783574), (6.6742225, -0.0000011175871, 0.00003054738), (8.73761, 5.3355637, -0.5520086), (14.130768, -0.0000029802322, -0.000032782555), (30.186602, -0.0000029802322, -0.00004954636), (47.043808, -0.0000059604645, -0.000036880374), (18.10429, -3.0100718, 0.0000029802322), (10.43813, -0.0000037252903, 0.0000037252903), (16.393917, 0.0000029802322, 0.0000052154064), (16.393917, 0.0000029802322, 0.0000052154064), (10.154327, 10.497442, -2.9802322e-8), (10.154343, 10.497441, -5.732405), (4.7683716e-7, 0.000015258789, -0.0000038146973), (10.154327, 10.497442, 5.732244), (0.0000014305115, -0.000030517578, -0.0000019073486), (12.341888, -0.00000667572, -2.9802322e-8), (14.284156, 0.89054555, -5.6055202), (-22.182447, 0.000013224781, 0.00018170103), (-47.04333, 0.000020861626, 0.00064894557), (-0.000022888184, -0.000005722046, -0.000015258789), (-13.0304365, 0.000010430813, -0.0005185604), (-26.829655, -0.000020861626, 0.00009313226), (-43.927486, -0.000017881393, -0.000074505806), (-43.927486, -0.000023841858, -0.00006854534), (-5.181881, -1.187347, 2.201492), (-12.418039, 0.9990566, -0.15168935), (-7.3042574, 0.000059604645, -0.0000011175871), (-5.228023, -0.000059977174, -0.0000031664968), (-5.4435606, -0.8217616, 0.39443225), (-11.982117, 1.127012, -0.24839342), (-8.06621, -0.000016391277, 0.0000014901161), (-5.72266, -0.00003091991, -0.000006146729), (0.12975311, -0.17495728, 0.01521778), (-5.0634713, -1.610915, -3.4897897), (-10.005373, -0.00014230609, 0.000346452), (-6.205895, -0.000043213367, -0.00002719462), (-4.6194887, -0.000049173832, -0.000012014061), (-5.3815727, -1.0790087, -1.4476177), (-11.085907, 0.9380657, -0.2412416), (-7.467118, 0.000044703484, -0.0000026077032), (-5.57382, 0.000046007335, 0.000003282912), (-2.9253223, -1.9342165, 1.610696), (-6.835739, -0.000101700425, 0.00009313226), (-6.479038, 0.000006146729, -0.0000029802322), (-6.674239, -0.000043958426, -0.000121444464), (-8.740035, -5.007309, 0.5259495), (-14.130195, 0.000026077032, 0.0005438924), (-30.186665, 0.0000014901161, 0.00010430813), (-47.043316, 0.000023841858, 0.0006482005), (-0.000022888184, -30.156113, -2.9802322e-8), (-12.285165, -1.6823337, 16.859003), (35.78384, -0.0000029802322, 0), (28.394657, 0.0000029802322, -0.0000029802322), (7.4168468, 19.936968, -0.000008940697), (5.2686834, -0.0000052154064, -0.0000020489097), (-0.000015258789, 4.7683716e-7, -0.0000019073486), (10.36795, 9.620787, 0.57157516), (-0.00079727167, 0.000008821487, 0.0000076293945), (12.501531, 0.038312376, 0.047640875), (20.448103, 0.038321316, 0.04764851), (28.394669, 0.038328767, 0.04764106), (5.3496385, -0.04239008, 0.09531388), (17.638865, -0.042390823, 0.095313415), (33.356983, -0.021198392, 0.047649443), (-12.285193, -1.6823328, -16.859003), (-35.78382, -0.0000059604645, -0.00001564622), (-28.394615, -0.0000029802322, 0.0000052154064), (-7.4168534, -19.936962, 0.000016391277), (-5.2686167, -0.000027086935, 0.0000074505806), (0.000021934507, -4.7683716e-7, 0.0000038146973), (-10.2472, -9.627185, -0.5602093), (0.00080490106, -0.000009536742, 0), (-12.501483, -0.038312376, -0.047645718), (-20.448044, -0.038315356, -0.047643855), (-28.394619, -0.038316846, -0.047639012), (-5.349671, 0.042388216, -0.09531379), (-17.638857, 0.042377412, -0.095316395), (-33.356953, 0.02117455, -0.047659874), (0, 23.822256, 21.972298), (0.0000076293945, -26.285019, 14.877744), (0.0000076293945, 23.084423, -21.291763), (-0.000015258789, -26.170012, -14.81265)],
                20: [(0, 0, 0), (-1.2375916, 86.70247, 0.28769282), (1.7976586, 5.5879354e-7, 3.7252903e-7), (12.762631, 0.0000014901161, 0.0000018626451), (10.714676, 0, 0.0000029802322), (12.472298, 0.0000029802322, 0.0000018626451), (14.284536, 0.89054334, 5.605523), (22.182524, 0.0000052154064, 0.000012293458), (47.043808, 0.0000029802322, -0.0000461936), (0.0000076293945, 9.536743e-7, 0), (13.029891, -0.0000059604645, -0.000016437843), (26.829784, -0.000008940697, -0.000032875687), (43.92751, -0.000017881393, -0.00003091991), (43.927513, -0.000017881393, -0.000017881393), (5.181608, 1.1870123, -2.2014947), (12.418059, -0.9990856, 0.15168339), (7.304279, -0.000020489097, 0.000010430813), (5.2279353, -0.0000026077032, -0.0000067055225), (5.4431863, 0.82150066, -0.39445126), (11.982216, -1.1270471, 0.24840459), (8.066211, 0.000048428774, 0.0000014901161), (5.722673, -9.313226e-7, 0.0000044703484), (-0.12970734, 0.17492676, -0.015215874), (5.0631633, 1.6106393, 3.4897783), (10.0053835, 0.00016018748, -0.00033527613), (6.205878, 0.00001527369, 0.0000070780516), (4.619566, -0.00003054738, -0.000010244548), (5.38124, 1.0786589, 1.4476047), (11.085878, -0.93811154, 0.24124756), (7.467167, -0.00002719462, 0.0000014901161), (5.573921, 0.0000019557774, -0.00001937151), (2.9250348, 1.9339463, -1.6107156), (6.8356557, 0.0000044703484, -0.000014528632), (6.4791007, -0.0000037252903, -0.000017136335), (6.674221, -0.0000018626451, 0.000029429793), (8.73761, 5.3355637, -0.5520086), (14.130767, -0.0000022351742, -0.000034458935), (30.186596, -0.0000059604645, -0.000050105155), (47.043808, 0.0000029802322, -0.000035576522), (18.104292, -3.0100763, 0.0000044703484), (10.43813, -0.0000044703484, 0.0000022351742), (16.39393, 0.0000029802322, 0.0000037252903), (16.39393, 0.0000029802322, 0.0000037252903), (10.154327, 10.497442, -2.9802322e-8), (10.154343, 10.497441, -5.732405), (4.7683716e-7, 0.000015258789, -0.0000038146973), (10.154327, 10.497442, 5.732244), (0.0000014305115, -0.000030517578, -0.0000019073486), (12.341888, -0.00000667572, -2.9802322e-8), (14.28416, 0.8905396, -5.605525), (-22.182447, 0.000011175871, 0.00018533319), (-47.04333, 0.000023841858, 0.0006340444), (-0.000022888184, -0.000005722046, -0.000015258789), (-13.030439, 0.000010430813, -0.000526011), (-26.82966, -0.000020861626, 0.000082701445), (-43.92749, -0.000020861626, -0.00008046627), (-43.9275, -0.000023841858, -0.00008195639), (-5.181883, -1.187348, 2.2014933), (-12.418054, 0.99905133, -0.15169159), (-7.3042684, 0.000060349703, -0.000009313226), (-5.2280316, -0.00006183982, -0.0000035390258), (-5.4435635, -0.82175934, 0.39443094), (-11.9821205, 1.1270158, -0.24839826), (-8.066218, -0.00001564622, -7.4505806e-7), (-5.7226715, -0.000029057264, -0.000007171184), (0.12975311, -0.17495728, 0.01521778), (-5.063477, -1.6109132, -3.4897916), (-10.005383, -0.00014230609, 0.00034552068), (-6.205902, -0.000047683716, -0.00002682209), (-4.619497, -0.000046379864, -0.000007543713), (-5.3815765, -1.079008, -1.4476173), (-11.085908, 0.9380642, -0.24124253), (-7.467127, 0.000048428774, -0.0000033527613), (-5.573836, 0.000044889748, 0.0000055413693), (-2.9253256, -1.9342184, 1.6106973), (-6.8357525, -0.00009648502, 0.00009089708), (-6.47905, 0.0000037252903, -7.4505806e-7), (-6.674242, -0.00004209578, -0.000121444464), (-8.740035, -5.007309, 0.5259495), (-14.130193, 0.000026077032, 0.00054202974), (-30.186665, 0.0000044703484, 0.00009909272), (-47.043335, 0.000032782555, 0.0006325543), (-0.000022888184, -30.156113, -2.9802322e-8), (-12.285154, -1.6823322, 16.858995), (35.783844, 0.0000029802322, -0.0000059604645), (28.394672, 0.000008940697, -0.000013224781), (7.416847, 19.936974, -0.0000074505806), (5.268685, -0.0000018626451, -9.313226e-7), (-0.000015258789, 4.7683716e-7, -0.0000019073486), (10.36795, 9.620787, 0.57157516), (-0.00079727167, 0.000008821487, 0.0000076293945), (12.501537, 0.038319826, 0.047637057), (20.44811, 0.038327277, 0.047640875), (28.394684, 0.038334727, 0.047631934), (5.349638, -0.042391196, 0.09531304), (17.638868, -0.042386353, 0.0953123), (33.35699, -0.021198392, 0.047643483), (-12.285194, -1.6823374, -16.858995), (-35.78382, -0.0000029802322, -0.00001937151), (-28.394615, -0.0000059604645, 0.0000067055225), (-7.416851, -19.936966, 0.000012665987), (-5.268619, -0.000027776696, 0.000008195639), (0.000021934507, -4.7683716e-7, 0.0000038146973), (-10.2472, -9.627185, -0.5602093), (0.00080490106, -0.000009536742, 0), (-12.501483, -0.038313866, -0.047645345), (-20.448044, -0.038315356, -0.047643483), (-28.394619, -0.038316846, -0.047644973), (-5.349672, 0.042387843, -0.09531267), (-17.638863, 0.042380393, -0.09531714), (-33.35695, 0.02117753, -0.04765764), (0, 23.822256, 21.972298), (0.0000076293945, -26.285019, 14.877744), (0.0000076293945, 23.084423, -21.291763), (-0.000015258789, -26.170012, -14.81265)],
                21: [(0, 0, 0), (-0.2993575, 85.909256, 1.0903265), (1.7976605, 1.8626451e-7, 9.313226e-8), (12.762633, -0.0000014901161, -7.4505806e-7), (10.714673, -0.0000022351742, -0.0000011175871), (12.472294, 0, -3.7252903e-7), (14.284545, 0.8905381, 5.605525), (22.182528, 0.0000011175871, 0.000018812716), (47.04383, 0, -0.000017508864), (0.0000076293945, 9.536743e-7, 0), (13.029906, 0.0000059604645, -0.0000062864274), (26.829805, 0.000008940697, -0.000017421553), (43.92754, 0.000008940697, 0.0000021536835), (43.927555, 0.000014901161, 0.000011373777), (5.1816115, 1.187016, -2.2014983), (12.418068, -0.99907815, 0.15168339), (7.304291, -0.000012665987, 0.000013411045), (5.227944, -0.0000015599653, -0.0000074505806), (5.4431887, 0.82150733, -0.39445275), (11.982223, -1.1270374, 0.24840459), (8.06622, 0.000051781535, 0.0000029802322), (5.722678, -0.0000011175871, 0.0000033527613), (-0.12970734, 0.17492676, -0.015215874), (5.0631695, 1.6106486, 3.4897823), (10.005387, 0.00017136335, -0.0003375113), (6.205891, 0.000020861626, 0.000009685755), (4.619577, -0.00003129244, -0.000008381903), (5.381244, 1.0786645, 1.4476068), (11.085884, -0.9381052, 0.24125353), (7.4671717, -0.000025704503, 7.4505806e-7), (5.5739307, 0, -0.000022351742), (2.9250357, 1.9339505, -1.6107175), (6.835662, 0.0000074505806, -0.000017695129), (6.479102, -0.0000037252903, -0.000016763806), (6.67423, -7.4505806e-7, 0.00003054738), (8.73761, 5.3355637, -0.5520086), (14.13078, 0, -0.000021699816), (30.18662, 0, -0.000028684735), (47.04384, 0.0000029802322, -0.000005029142), (18.1043, -3.0100837, 0), (10.438136, -0.0000074505806, 7.4505806e-7), (16.393938, -0.0000044703484, -0.0000014901161), (16.393938, -0.0000044703484, -0.0000014901161), (10.154327, 10.497442, -2.9802322e-8), (10.154343, 10.497441, -5.732405), (4.7683716e-7, 0.000015258789, -0.0000038146973), (10.154327, 10.497442, 5.732244), (0.0000014305115, -0.000030517578, -0.0000019073486), (12.341888, -0.00000667572, -2.9802322e-8), (14.284168, 0.8905366, -5.6055336), (-22.182446, 0.000010430813, 0.00018714927), (-47.04335, 0.000035762787, 0.0006265938), (-0.000022888184, -0.000005722046, -0.000015258789), (-13.030444, 0.000011920929, -0.00052787364), (-26.829678, -0.000014901161, 0.00006631017), (-43.92752, -0.000014901161, -0.00011622906), (-43.92753, -0.000008940697, -0.000105798244), (-5.18188, -1.1873477, 2.2014942), (-12.418054, 0.99905616, -0.15168898), (-7.3042674, 0.000063329935, -0.0000059604645), (-5.2280316, -0.000060349703, -0.0000055879354), (-5.443564, -0.82175976, 0.39442927), (-11.982122, 1.1270132, -0.24839826), (-8.066216, -0.000017136335, 0.0000029802322), (-5.722665, -0.00003129244, -0.000009313226), (0.12975311, -0.17495728, 0.01521778), (-5.063475, -1.6109179, -3.4897902), (-10.005385, -0.00014826655, 0.00034347177), (-6.205912, -0.000047311187, -0.00003054738), (-4.619504, -0.000046379864, -0.000011269003), (-5.3815784, -1.0790106, -1.4476168), (-11.085909, 0.9380635, -0.24124664), (-7.467121, 0.000047683716, -0.0000011175871), (-5.573827, 0.000045262277, 0.0000037427526), (-2.9253216, -1.9342216, 1.6106983), (-6.835751, -0.00009993091, 0.000090152025), (-6.47905, 0.0000074505806, 7.4505806e-7), (-6.6742487, -0.000041164458, -0.0001244247), (-8.740035, -5.007309, 0.5259495), (-14.130193, 0.000028312206, 0.00054463744), (-30.186674, 0.000010430813, 0.000090152025), (-47.04334, 0.00004172325, 0.00062584877), (-0.000022888184, -30.156113, -2.9802322e-8), (-12.285162, -1.6823322, 16.859003), (35.78384, 0.0000029802322, -0.0000022351742), (28.394651, -0.0000029802322, -3.7252903e-7), (7.4168434, 19.936968, -0.0000044703484), (5.2686834, -0.0000044703484, 0), (-0.000015258789, 4.7683716e-7, -0.0000019073486), (10.36795, 9.620787, 0.57157516), (-0.00079727167, 0.000008821487, 0.0000076293945), (12.501528, 0.038313866, 0.04764232), (20.448097, 0.038315356, 0.047649164), (28.394667, 0.038322806, 0.047643855), (5.349638, -0.042391196, 0.09531295), (17.638863, -0.042389333, 0.09531453), (33.356987, -0.021201372, 0.047645718), (-12.285193, -1.6823328, -16.859), (-35.783844, 0.000008940697, -0.0000014901161), (-28.394646, 0.0000029802322, 0.00003129244), (-7.416848, -19.936972, -7.4505806e-7), (-5.2686267, -0.000026496127, 0.000008195639), (0.000021934507, -4.7683716e-7, 0.0000038146973), (-10.2472, -9.627185, -0.5602093), (0.00080490106, -0.000009536742, 0), (-12.501496, -0.03831014, -0.047635287), (-20.448067, -0.038309395, -0.04762262), (-28.394651, -0.038310885, -0.04761517), (-5.349674, 0.042389706, -0.0953109), (-17.638868, 0.042383373, -0.09531006), (-33.35697, 0.021189451, -0.047644973), (0, 23.822256, 21.972298), (0.0000076293945, -26.285019, 14.877744), (0.0000076293945, 23.084423, -21.291763), (-0.000015258789, -26.170012, -14.81265)],
                22: [(0, 0, 0), (0.6733713, 85.76225, 1.8404315), (1.7976631, 3.7252903e-7, -2.7939677e-7), (12.762631, 0, 0.0000014901161), (10.714672, 0.0000014901161, 0.0000018626451), (12.472285, 0.0000059604645, 0.0000044703484), (14.284537, 0.8905448, 5.6055255), (22.182526, 0.0000033527613, 0.0000121071935), (47.04382, 0.0000029802322, -0.000031851232), (0.0000076293945, 9.536743e-7, 0), (13.029899, -0.0000029802322, -0.000010343501), (26.829788, -0.0000029802322, -0.000027217902), (43.92753, -0.000011920929, -0.000014482066), (43.92754, -0.0000059604645, -6.984919e-8), (5.181613, 1.187016, -2.2014997), (12.41806, -0.9990826, 0.15168265), (7.3042855, -0.000013411045, 0.000009685755), (5.2279415, 9.313226e-8, -0.000011920929), (5.4431844, 0.8215014, -0.3944479), (11.982215, -1.1270449, 0.24840161), (8.06621, 0.000045262277, 0.0000044703484), (5.722671, 0.0000013038516, 0.0000029802322), (-0.12970734, 0.17492676, -0.015215874), (5.063166, 1.6106446, 3.4897816), (10.0053835, 0.00016056001, -0.00033453107), (6.2058764, 0.000014901161, 0.0000044703484), (4.6195717, -0.000030733645, -0.000010803342), (5.3812456, 1.0786599, 1.4476042), (11.085876, -0.93810743, 0.2412498), (7.467168, -0.000029802322, 0), (5.5739293, -0.0000011175871, -0.00001899898), (2.925035, 1.933947, -1.6107156), (6.8356633, 0.0000067055225, -0.00001937151), (6.4791055, -0.0000014901161, -0.00001564622), (6.6742277, -0.0000018626451, 0.000029057264), (8.73761, 5.3355637, -0.5520086), (14.130777, -0.0000014901161, -0.00002621673), (30.186605, -0.0000059604645, -0.000046938658), (47.04382, 0, -0.000027008355), (18.10429, -3.0100749, 0.0000044703484), (10.438137, -0.0000022351742, 0.0000044703484), (16.393923, 0.0000029802322, 0.0000059604645), (16.393923, 0.0000029802322, 0.0000059604645), (10.154327, 10.497442, -2.9802322e-8), (10.154343, 10.497441, -5.732405), (4.7683716e-7, 0.000015258789, -0.0000038146973), (10.154327, 10.497442, 5.732244), (0.0000014305115, -0.000030517578, -0.0000019073486), (12.341888, -0.00000667572, -2.9802322e-8), (14.284161, 0.8905411, -5.6055217), (-22.182447, 0.00001071021, 0.00018305145), (-47.043335, 0.000020861626, 0.00064596534), (-0.000022888184, -0.000005722046, -0.000015258789), (-13.030441, 0.000010430813, -0.00052303076), (-26.82966, -0.00001937151, 0.00008493662), (-43.927498, -0.000023841858, -0.000078976154), (-43.927498, -0.000020861626, -0.000074505806), (-5.181882, -1.1873437, 2.201492), (-12.418047, 0.99905765, -0.15168674), (-7.304264, 0.00005811453, -0.00000782311), (-5.22803, -0.00006146729, -0.0000013038516), (-5.4435625, -0.8217618, 0.39443523), (-11.982119, 1.1270155, -0.24839528), (-8.066208, -0.000012665987, 0.0000044703484), (-5.722655, -0.000029057264, -0.0000062398612), (0.12975311, -0.17495728, 0.01521778), (-5.063472, -1.6109169, -3.489789), (-10.005377, -0.00014603138, 0.00034496188), (-6.205895, -0.000044330955, -0.000029057264), (-4.619492, -0.000046007335, -0.0000077765435), (-5.381573, -1.0790087, -1.4476166), (-11.085904, 0.9380657, -0.24124143), (-7.467118, 0.000047683716, 7.4505806e-7), (-5.5738196, 0.000044889748, 0.000005250331), (-2.9253252, -1.9342175, 1.6106977), (-6.835743, -0.00009955838, 0.00008866191), (-6.4790397, 0.0000057742, 0.0000037252903), (-6.674243, -0.00004284084, -0.00012293458), (-8.740035, -5.007309, 0.5259495), (-14.130187, 0.000026077032, 0.00055078417), (-30.186663, 0.0000029802322, 0.000102072954), (-47.04332, 0.00002682209, 0.0006467104), (-0.000022888184, -30.156113, -2.9802322e-8), (-12.285163, -1.6823322, 16.859003), (35.78383, -0.0000029802322, 0.0000074505806), (28.394646, -0.0000029802322, 0.0000029802322), (7.416842, 19.936962, -0.0000044703484), (5.268683, -0.000003911555, 0), (-0.000015258789, 4.7683716e-7, -0.0000019073486), (10.36795, 9.620787, 0.57157516), (-0.00079727167, 0.000008821487, 0.0000076293945), (12.501526, 0.038312376, 0.04764311), (20.448093, 0.038315356, 0.04765168), (28.394663, 0.038322806, 0.047646463), (5.3496385, -0.04239008, 0.09531397), (17.638863, -0.042390823, 0.09531379), (33.356983, -0.021204352, 0.04765466), (-12.285196, -1.6823335, -16.859), (-35.78383, -0.0000059604645, -0.00001564622), (-28.394615, -0.0000029802322, 0.000008940697), (-7.416851, -19.936966, 0.000010430813), (-5.2686205, -0.000027474016, 0.0000074505806), (0.000021934507, -4.7683716e-7, 0.0000038146973), (-10.2472, -9.627185, -0.5602093), (0.00080490106, -0.000009536742, 0), (-12.501483, -0.038312376, -0.047644228), (-20.448046, -0.038312376, -0.047641993), (-28.39462, -0.038319826, -0.047639012), (-5.349668, 0.042387843, -0.095312856), (-17.638863, 0.042380393, -0.09531677), (-33.356956, 0.02117753, -0.04765913), (0, 23.822256, 21.972298), (0.0000076293945, -26.285019, 14.877744), (0.0000076293945, 23.084423, -21.291763), (-0.000015258789, -26.170012, -14.81265)],
                23: [(0, 0, 0), (1.5437597, 86.10091, 2.2435384), (1.7976615, 1.8626451e-7, 1.8626451e-7), (12.762621, 0.0000044703484, 0.0000044703484), (10.714672, 0.0000029802322, 0.0000044703484), (12.472288, 0.0000059604645, 0.0000055879354), (14.2845335, 0.8905448, 5.6055245), (22.182526, 0.0000029802322, 0.000008940697), (47.043808, 0, -0.000039115548), (0.0000076293945, 9.536743e-7, 0), (13.029898, -0.0000014901161, -0.000010523945), (26.829792, 0, -0.000021839514), (43.92753, -0.0000029802322, -0.000015459955), (43.927532, -0.0000029802322, -0.0000018626451), (5.1816096, 1.1870112, -2.2014961), (12.418058, -0.99908185, 0.15168265), (7.304278, -0.000018253922, 0.000008940697), (5.227934, -6.519258e-7, -0.000008195639), (5.4431834, 0.8215047, -0.39445162), (11.982219, -1.1270411, 0.2484031), (8.066214, 0.000049732625, 7.4505806e-7), (5.7226753, -5.5879354e-7, 0.0000033527613), (-0.12970734, 0.17492676, -0.015215874), (5.063164, 1.6106408, 3.4897816), (10.00538, 0.00016354024, -0.00033825636), (6.2058764, 0.000014156103, 0.000009685755), (4.6195736, -0.00003091991, -0.000009313226), (5.3812428, 1.0786581, 1.4476047), (11.08588, -0.93810374, 0.24124756), (7.467168, -0.000028871, 7.4505806e-7), (5.5739245, 0.0000011175871, -0.000020302832), (2.9250336, 1.9339429, -1.6107149), (6.8356557, 0.0000044703484, -0.000018067658), (6.479106, -0.0000044703484, -0.00001564622), (6.6742277, -0.0000011175871, 0.000032037497), (8.73761, 5.3355637, -0.5520086), (14.13077, -0.0000014901161, -0.000031571835), (30.18661, -0.0000029802322, -0.00004172325), (47.043816, 0, -0.000026449561), (18.104284, -3.0100749, 0.0000059604645), (10.438135, -0.0000059604645, 7.4505806e-7), (16.393925, 0, 0.0000029802322), (16.393925, 0, 0.0000029802322), (10.154327, 10.497442, -2.9802322e-8), (10.154343, 10.497441, -5.732405), (4.7683716e-7, 0.000015258789, -0.0000038146973), (10.154327, 10.497442, 5.732244), (0.0000014305115, -0.000030517578, -0.0000019073486), (12.341888, -0.00000667572, -2.9802322e-8), (14.284161, 0.89054257, -5.605525), (-22.182447, 0.0000092200935, 0.00018635765), (-47.043346, 0.000029802322, 0.0006303191), (-0.000022888184, -0.000005722046, -0.000015258789), (-13.030445, 0.000012665987, -0.00052303076), (-26.829672, -0.000016391277, 0.00007972121), (-43.927505, -0.000014901161, -0.000093877316), (-43.927513, -0.000023841858, -0.00008791685), (-5.181883, -1.1873431, 2.2014942), (-12.418049, 0.999055, -0.15168823), (-7.304266, 0.00006407499, -0.0000029802322), (-5.2280354, -0.000057742, -0.000003911555), (-5.443565, -0.82176083, 0.39443132), (-11.982116, 1.1270128, -0.24839473), (-8.066214, -0.000012665987, 0.0000026077032), (-5.7226605, -0.0000346452, -0.000007916242), (0.12975311, -0.17495728, 0.01521778), (-5.063474, -1.6109139, -3.4897885), (-10.005378, -0.00014156103, 0.00034663826), (-6.2059026, -0.000044703484, -0.000029057264), (-4.619493, -0.000046752393, -0.000007916242), (-5.3815737, -1.0790123, -1.4476144), (-11.085913, 0.93806386, -0.24124533), (-7.4671245, 0.000047683716, 0), (-5.5738378, 0.000043958426, 0.0000033061951), (-2.9253223, -1.9342204, 1.610697), (-6.835748, -0.00010067597, 0.00009164214), (-6.479043, 0.0000040978193, -0.0000029802322), (-6.674239, -0.00004451722, -0.000120699406), (-8.740035, -5.007309, 0.5259495), (-14.130193, 0.000028312206, 0.0005442649), (-30.186665, 0.0000044703484, 0.00009983778), (-47.043327, 0.000029802322, 0.00064373016), (-0.000022888184, -30.156113, -2.9802322e-8), (-12.285155, -1.6823322, 16.858995), (35.783825, -0.0000059604645, 0.000008195639), (28.394642, -0.000008940697, 0.0000044703484), (7.4168415, 19.93696, -0.0000059604645), (5.268681, -0.000004656613, 0.0000026077032), (-0.000015258789, 4.7683716e-7, -0.0000019073486), (10.36795, 9.620787, 0.57157516), (-0.00079727167, 0.000008821487, 0.0000076293945), (12.501523, 0.038310885, 0.047642738), (20.44809, 0.038312376, 0.04765317), (28.394657, 0.038319826, 0.047646463), (5.3496337, -0.042393804, 0.09531574), (17.638857, -0.042390823, 0.09531975), (33.35697, -0.021204352, 0.04765615), (-12.2851925, -1.6823379, -16.858995), (-35.78381, -0.000011920929, -0.000032037497), (-28.394594, -0.0000059604645, -0.0000059604645), (-7.416852, -19.936966, 0.000011967495), (-5.268618, -0.000028684735, 0.0000059604645), (0.000021934507, -4.7683716e-7, 0.0000038146973), (-10.2472, -9.627185, -0.5602093), (0.00080490106, -0.000009536742, 0), (-12.501473, -0.038312376, -0.04765317), (-20.448032, -0.038315356, -0.047652423), (-28.394604, -0.038316846, -0.047655404), (-5.349671, 0.042387098, -0.09531444), (-17.638853, 0.042372942, -0.0953231), (-33.35694, 0.02116859, -0.04767105), (0, 23.822256, 21.972298), (0.0000076293945, -26.285019, 14.877744), (0.0000076293945, 23.084423, -21.291763), (-0.000015258789, -26.170012, -14.81265)],
                24: [(0, 0, 0), (2.2043402, 86.98211, 2.252743), (1.7976623, 3.7252903e-7, 9.313226e-8), (12.762627, 0.0000014901161, 0.0000022351742), (10.714677, 0, 0.0000018626451), (12.472287, 0.0000044703484, 0.0000026077032), (14.284536, 0.8905418, 5.6055245), (22.182528, 0.0000033527613, 0.000012293458), (47.043808, -0.0000029802322, -0.000043585896), (0.0000076293945, 9.536743e-7, 0), (13.029898, -0.0000029802322, -0.000011920929), (26.829788, -0.0000029802322, -0.000025704503), (43.92752, -0.000008940697, -0.000016018748), (43.927525, -0.0000059604645, -0.000010058284), (5.1816106, 1.1870139, -2.2014976), (12.418058, -0.9990826, 0.15168488), (7.304283, -0.000016018748, 0.000011175871), (5.227938, -2.7939677e-7, -0.000009685755), (5.4431863, 0.82150364, -0.39444977), (11.982214, -1.1270456, 0.24840385), (8.066209, 0.00004544854, 0.0000014901161), (5.722667, 0.0000022351742, 0.0000033527613), (-0.12970734, 0.17492676, -0.015215874), (5.063166, 1.6106414, 3.4897776), (10.005379, 0.00016354024, -0.00033453107), (6.2058783, 0.000013411045, 0.000008195639), (4.6195726, -0.00003129244, -0.000008940697), (5.381242, 1.0786602, 1.447602), (11.085877, -0.9381104, 0.2412498), (7.467164, -0.000028684735, 0), (5.573922, -0.0000014901161, -0.00001937151), (2.9250314, 1.9339432, -1.6107138), (6.835658, 0.0000037252903, -0.00001527369), (6.479106, -0.0000033527613, -0.00001564622), (6.674229, 0, 0.000027567148), (8.73761, 5.3355637, -0.5520086), (14.1307745, -7.4505806e-7, -0.000029429793), (30.186605, -0.0000059604645, -0.000045076013), (47.04381, -0.0000029802322, -0.000032037497), (18.10429, -3.0100777, 0.0000029802322), (10.438143, -0.0000067055225, 7.4505806e-7), (16.393932, -0.0000014901161, 0.0000014901161), (16.393932, -0.0000014901161, 0.0000014901161), (10.154327, 10.497442, -2.9802322e-8), (10.154343, 10.497441, -5.732405), (4.7683716e-7, 0.000015258789, -0.0000038146973), (10.154327, 10.497442, 5.732244), (0.0000014305115, -0.000030517578, -0.0000019073486), (12.341888, -0.00000667572, -2.9802322e-8), (14.284165, 0.8905396, -5.605529), (-22.18245, 0.00001001099, 0.0001821667), (-47.04335, 0.000029802322, 0.00062286854), (-0.000022888184, -0.000005722046, -0.000015258789), (-13.030447, 0.000010430813, -0.00053308904), (-26.829678, -0.000017881393, 0.00006556511), (-43.92753, -0.000008940697, -0.00011250377), (-43.927532, -0.000017881393, -0.000113248825), (-5.1818857, -1.1873465, 2.2014947), (-12.418051, 0.9990502, -0.1516886), (-7.304267, 0.00006183982, -0.0000070780516), (-5.22804, -0.00006183982, -0.0000020489097), (-5.4435654, -0.8217623, 0.39443243), (-11.982126, 1.1270132, -0.24839732), (-8.066226, -0.00001564622, 0.0000014901161), (-5.7226787, -0.00002682209, -0.0000064261258), (0.12975311, -0.17495728, 0.01521778), (-5.063475, -1.6109169, -3.489787), (-10.005386, -0.00014603138, 0.00034254044), (-6.205907, -0.0000461936, -0.000028684735), (-4.6195107, -0.0000461936, -0.000008568168), (-5.3815765, -1.079012, -1.4476156), (-11.0859165, 0.9380661, -0.24124739), (-7.467138, 0.000043958426, -0.0000033527613), (-5.5738444, 0.000046752393, 0.0000014901161), (-2.9253232, -1.9342194, 1.6107019), (-6.835756, -0.00010021031, 0.00009164214), (-6.4790487, 0.000008195639, 0.0000011175871), (-6.6742463, -0.000044703484, -0.00011920929), (-8.740035, -5.007309, 0.5259495), (-14.130196, 0.000029057264, 0.00054202974), (-30.18668, 0.000010430813, 0.00008717179), (-47.043335, 0.000035762787, 0.00062584877), (-0.000022888184, -30.156113, -2.9802322e-8), (-12.28516, -1.6823306, 16.858995), (35.783844, 0, 0), (28.39466, 0.0000029802322, -0.000008940697), (7.416855, 19.936981, -0.000010430813), (5.268685, -0.0000059080776, -0.0000026077032), (-0.000015258789, 4.7683716e-7, -0.0000019073486), (10.36795, 9.620787, 0.57157516), (-0.00079727167, 0.000008821487, 0.0000076293945), (12.501532, 0.038315356, 0.047639012), (20.448105, 0.038321316, 0.047646463), (28.394682, 0.038331747, 0.047636032), (5.349637, -0.04239157, 0.09531425), (17.638865, -0.042390823, 0.09531416), (33.356983, -0.021198392, 0.04765019), (-12.285191, -1.6823364, -16.858997), (-35.78382, -0.0000029802322, -0.000021606684), (-28.394608, -0.0000044703484, -0.0000014901161), (-7.41685, -19.936966, 0.000012293458), (-5.2686167, -0.000029243529, 0.0000059604645), (0.000021934507, -4.7683716e-7, 0.0000038146973), (-10.2472, -9.627185, -0.5602093), (0.00080490106, -0.000009536742, 0), (-12.501478, -0.03831312, -0.047648698), (-20.44804, -0.038315356, -0.047649443), (-28.394615, -0.038316846, -0.047644973), (-5.349669, 0.04238747, -0.095313415), (-17.638863, 0.042377412, -0.09531565), (-33.35695, 0.02117455, -0.04765913), (0, 23.822256, 21.972298), (0.0000076293945, -26.285019, 14.877744), (0.0000076293945, 23.084423, -21.291763), (-0.000015258789, -26.170012, -14.81265)],
                25: [(0, 0, 0), (2.6155272, 88.28958, 1.7363651), (1.7976601, 5.5879354e-7, 0), (12.762627, 0.0000014901161, 7.4505806e-7), (10.714677, -0.0000014901161, 3.7252903e-7), (12.472297, 7.4505806e-7, 7.4505806e-7), (14.2845335, 0.8905418, 5.605526), (22.182528, 0.0000035390258, 0.000011571683), (47.04382, 0.0000029802322, -0.000028312206), (0.0000076293945, 9.536743e-7, 0), (13.029901, 0.0000014901161, -0.0000063329935), (26.829798, 0, -0.000017881393), (43.92754, 0.000011920929, -0.0000029802322), (43.92754, 0.0000029802322, 0.0000052154064), (5.181614, 1.1870105, -2.201499), (12.418061, -0.99907964, 0.15168302), (7.3042855, -0.0000128522515, 0.000008940697), (5.227942, -9.313226e-7, -0.000008940697), (5.443187, 0.8215055, -0.39445162), (11.982221, -1.1270374, 0.24840087), (8.066214, 0.000049173832, 0.0000014901161), (5.7226734, 0.0000011175871, 0.0000018626451), (-0.12970734, 0.17492676, -0.015215874), (5.063165, 1.6106443, 3.4897819), (10.005383, 0.00016242266, -0.00033527613), (6.2058797, 0.00001564622, 0.0000059604645), (4.61957, -0.00003091991, -0.000008381903), (5.3812413, 1.0786623, 1.4476054), (11.085876, -0.9381071, 0.24124756), (7.4671655, -0.00003091991, 0.0000022351742), (5.5739207, -7.4505806e-7, -0.000018067658), (2.9250364, 1.9339466, -1.6107161), (6.8356595, 0.0000067055225, -0.000018626451), (6.479106, -0.0000037252903, -0.00001527369), (6.6742287, -0.0000014901161, 0.000027567148), (8.73761, 5.3355637, -0.5520086), (14.130772, -0.0000014901161, -0.000029802322), (30.18661, -0.0000044703484, -0.00004172325), (47.043816, -0.0000029802322, -0.000023841858), (18.10429, -3.0100794, 0.0000014901161), (10.43813, -0.0000059604645, 0.0000014901161), (16.393929, 0, 0.0000029802322), (16.393929, 0, 0.0000029802322), (10.154327, 10.497442, -2.9802322e-8), (10.154343, 10.497441, -5.732405), (4.7683716e-7, 0.000015258789, -0.0000038146973), (10.154327, 10.497442, 5.732244), (0.0000014305115, -0.000030517578, -0.0000019073486), (12.341888, -0.00000667572, -2.9802322e-8), (14.2841625, 0.8905396, -5.605528), (-22.182447, 0.000010197982, 0.00018104911), (-47.043346, 0.000029802322, 0.00062435865), (-0.000022888184, -0.000005722046, -0.000015258789), (-13.030449, 0.000011920929, -0.00052675605), (-26.829672, -0.000017881393, 0.0000692904), (-43.927513, -0.000017881393, -0.00010281801), (-43.92752, -0.000020861626, -0.00009685755), (-5.1818857, -1.1873478, 2.2014933), (-12.418053, 0.9990558, -0.15168749), (-7.3042655, 0.000058859587, -0.0000029802322), (-5.2280293, -0.000058859587, -0.000004284084), (-5.443562, -0.821761, 0.39443448), (-11.982123, 1.1270132, -0.24839845), (-8.066212, -0.00001564622, 0.0000026077032), (-5.7226634, -0.000029802322, -0.000008475035), (0.12975311, -0.17495728, 0.01521778), (-5.063471, -1.6109155, -3.4897895), (-10.005379, -0.00014454126, 0.00034607947), (-6.205902, -0.000047683716, -0.000027567148), (-4.619502, -0.00004703179, -0.000008614734), (-5.3815737, -1.0790099, -1.4476156), (-11.08591, 0.938065, -0.24124366), (-7.467123, 0.000044703484, -0.0000018626451), (-5.573824, 0.000045262277, 0.0000017695129), (-2.9253213, -1.9342197, 1.6107004), (-6.8357496, -0.000096298754, 0.00009164214), (-6.479045, 0.0000048428774, 0.0000011175871), (-6.674243, -0.000044330955, -0.00011995435), (-8.740035, -5.007309, 0.5259495), (-14.130196, 0.000029057264, 0.000538677), (-30.186676, 0.0000059604645, 0.000093877316), (-47.043335, 0.000029802322, 0.00063329935), (-0.000022888184, -30.156113, -2.9802322e-8), (-12.285156, -1.6823322, 16.859), (35.783836, 0, 7.4505806e-7), (28.394646, -0.0000059604645, 0), (7.4168406, 19.93696, -0.0000059604645), (5.26868, -0.000005570536, 0.0000037252903), (-0.000015258789, 4.7683716e-7, -0.0000019073486), (10.36795, 9.620787, 0.57157516), (-0.00079727167, 0.000008821487, 0.0000076293945), (12.501524, 0.038312376, 0.047641993), (20.448095, 0.038316846, 0.047649443), (28.394657, 0.038319826, 0.047644973), (5.349635, -0.042392686, 0.09531346), (17.638863, -0.042390823, 0.095313415), (33.35698, -0.021204352, 0.04765205), (-12.285193, -1.6823349, -16.858997), (-35.78382, -0.0000029802322, -0.000016391277), (-28.39462, -0.0000044703484, 0.000014901161), (-7.41685, -19.936966, 0.000008894131), (-5.2686205, -0.00002719462, 0.0000074505806), (0.000021934507, -4.7683716e-7, 0.0000038146973), (-10.2472, -9.627185, -0.5602093), (0.00080490106, -0.000009536742, 0), (-12.501486, -0.03831312, -0.047641993), (-20.448051, -0.038312376, -0.047637522), (-28.39463, -0.038316846, -0.047634542), (-5.3496737, 0.042387843, -0.0953123), (-17.638857, 0.042378902, -0.09531528), (-33.356956, 0.02118051, -0.047658384), (0, 23.822256, 21.972298), (0.0000076293945, -26.285019, 14.877744), (0.0000076293945, 23.084423, -21.291763), (-0.000015258789, -26.170012, -14.81265)],
                26: [(0, 0, 0), (2.8155446, 89.82566, 0.78457147), (1.7976612, 5.5879354e-7, 3.7252903e-7), (12.762624, 0.0000029802322, 0.0000040978193), (10.714672, 0.0000029802322, 0.0000040978193), (12.472288, 0.0000059604645, 0.0000052154064), (14.284534, 0.89054406, 5.605527), (22.182528, 0.0000018626451, 0.000017974526), (47.043823, 0.0000059604645, -0.000023841858), (0.0000076293945, 9.536743e-7, 0), (13.029899, 0, -0.000010803342), (26.829803, 0.0000029802322, -0.000022351742), (43.92754, 0.000008940697, -0.0000059604645), (43.927544, 0.0000059604645, 0.0000029802322), (5.181613, 1.187016, -2.201501), (12.418065, -0.9990759, 0.15168041), (7.304284, -0.000014901161, 0.000011175871), (5.227946, 3.958121e-7, -0.000010058284), (5.443184, 0.82150215, -0.3944479), (11.982218, -1.1270427, 0.24840236), (8.066211, 0.00004582107, 0.0000014901161), (5.7226725, -3.7252903e-7, 0.0000026077032), (-0.12970734, 0.17492676, -0.015215874), (5.063163, 1.6106429, 3.4897823), (10.005381, 0.00016316772, -0.00033527613), (6.2058783, 0.000013411045, 0.000008568168), (4.619569, -0.000029429793, -0.00000782311), (5.3812423, 1.0786595, 1.4476054), (11.085876, -0.9381071, 0.24124905), (7.467169, -0.000030174851, 0), (5.573926, -0.0000018626451, -0.000020861626), (2.9250343, 1.9339465, -1.6107178), (6.835658, 0.0000052154064, -0.000013783574), (6.4791, -0.0000052154064, -0.000015087426), (6.674224, -0.0000040978193, 0.00003129244), (8.73761, 5.3355637, -0.5520086), (14.1307745, 0, -0.000028125942), (30.186611, 0, -0.00003837049), (47.04382, 0.0000029802322, -0.000018626451), (18.104288, -3.0100763, 0.0000044703484), (10.438135, -0.0000052154064, 0.0000026077032), (16.393925, 0, 0.0000029802322), (16.393925, 0, 0.0000029802322), (10.154327, 10.497442, -2.9802322e-8), (10.154343, 10.497441, -5.732405), (4.7683716e-7, 0.000015258789, -0.0000038146973), (10.154327, 10.497442, 5.732244), (0.0000014305115, -0.000030517578, -0.0000019073486), (12.341888, -0.00000667572, -2.9802322e-8), (14.284158, 0.8905396, -5.6055264), (-22.182447, 0.000008754432, 0.00017657876), (-47.04333, 0.000017881393, 0.0006392598), (-0.000022888184, -0.000005722046, -0.000015258789), (-13.030439, 0.000008940697, -0.0005239155), (-26.82966, -0.000023841858, 0.0000837259), (-43.927498, -0.00002682209, -0.000082328916), (-43.9275, -0.00002682209, -0.00008568168), (-5.1818824, -1.1873477, 2.201493), (-12.418045, 0.9990547, -0.15168768), (-7.3042617, 0.00005811453, -0.0000048428774), (-5.2280264, -0.000059604645, -0.0000063329935), (-5.443562, -0.82176125, 0.3944326), (-11.98212, 1.1270139, -0.24839677), (-8.066215, -0.000017881393, 0.0000027939677), (-5.7226615, -0.000030174851, -0.0000074505806), (0.12975311, -0.17495728, 0.01521778), (-5.063473, -1.6109155, -3.4897904), (-10.005377, -0.00014677644, 0.00034403056), (-6.205902, -0.000043213367, -0.000029616058), (-4.6195006, -0.00004749745, -0.0000073341653), (-5.3815737, -1.0790117, -1.4476167), (-11.08591, 0.9380657, -0.24124445), (-7.4671226, 0.000043958426, -0.0000011175871), (-5.5738297, 0.0000461936, 0.0000035623088), (-2.9253232, -1.9342188, 1.6106986), (-6.835751, -0.00009909272, 0.000090152025), (-6.479046, 0.0000055879354, 0.0000011175871), (-6.674243, -0.00004209578, -0.000120699406), (-8.740035, -5.007309, 0.5259495), (-14.130195, 0.000024586916, 0.0005427748), (-30.186665, -0.0000029802322, 0.00010356307), (-47.043327, 0.000023841858, 0.0006362796), (-0.000022888184, -30.156113, -2.9802322e-8), (-12.285155, -1.6823292, 16.85899), (35.78382, -0.0000059604645, 0.000013504177), (28.394646, -0.0000059604645, -0.0000014901161), (7.4168386, 19.936953, -0.0000029802322), (5.2686834, -0.000005363063, 0.0000014901161), (-0.000015258789, 4.7683716e-7, -0.0000019073486), (10.36795, 9.620787, 0.57157516), (-0.00079727167, 0.000008821487, 0.0000076293945), (12.501526, 0.038310885, 0.047641248), (20.448092, 0.038316846, 0.047650933), (28.39466, 0.038322806, 0.047646463), (5.349637, -0.042391196, 0.09531486), (17.638857, -0.042393804, 0.095319495), (33.356964, -0.021207333, 0.047659315), (-12.285191, -1.6823397, -16.858995), (-35.783813, -0.000008940697, -0.000017881393), (-28.394608, -0.0000029802322, 0.0000014901161), (-7.4168525, -19.936966, 0.0000124797225), (-5.268617, -0.000028312206, 0.0000059604645), (0.000021934507, -4.7683716e-7, 0.0000038146973), (-10.2472, -9.627185, -0.5602093), (0.00080490106, -0.000009536742, 0), (-12.50148, -0.03831163, -0.04765019), (-20.44804, -0.038315356, -0.047644973), (-28.394615, -0.038318336, -0.047646463), (-5.349671, 0.042387098, -0.095313415), (-17.638857, 0.042377412, -0.09531677), (-33.356945, 0.02117455, -0.047659874), (0, 23.822256, 21.972298), (0.0000076293945, -26.285019, 14.877744), (0.0000076293945, 23.084423, -21.291763), (-0.000015258789, -26.170012, -14.81265)],
                27: [(0, 0, 0), (2.890232, 91.792046, -0.61437786), (1.7976623, 4.0745363e-7, 4.656613e-8), (12.762627, 0.0000029802322, 0.0000028871), (10.714676, -4.656613e-8, 9.778887e-7), (12.472296, 0.00000144355, 0.00000144355), (14.284531, 0.89053977, 5.6055255), (22.182528, 0.000002028537, 0.00001869048), (47.04383, 0.000013411045, -0.000020302832), (0.0000076293945, 9.536743e-7, 0), (13.029904, 0.0000026077032, -0.000008777715), (26.829805, 0.000008195639, -0.000017462298), (43.92755, 0.000014528632, -0.0000028871), (43.927555, 0.000013969839, 0.000009126961), (5.181615, 1.1870129, -2.2014992), (12.418064, -0.9990798, 0.15168253), (7.304287, -0.000013899989, 0.000010756776), (5.227943, -3.5433914e-7, -0.0000081490725), (5.4431887, 0.82150495, -0.39445028), (11.982218, -1.127044, 0.24840282), (8.066212, 0.000047357753, 0.0000011641532), (5.7226715, -6.693881e-7, 0.0000019324943), (-0.12970734, 0.17492676, -0.015215874), (5.0631685, 1.610646, 3.4897804), (10.0053835, 0.00016526319, -0.0003373134), (6.205886, 0.000019138679, 0.0000064028427), (4.619574, -0.000031094532, -0.0000079744495), (5.381245, 1.0786625, 1.4476035), (11.0858755, -0.9381102, 0.24124922), (7.4671655, -0.000028312206, 2.3283064e-7), (5.573924, 1.9790605e-7, -0.000018090941), (2.9250364, 1.9339457, -1.6107161), (6.835666, 0.000007636845, -0.000018043283), (6.4791083, -0.0000023283064, -0.000016880222), (6.67423, 6.2864274e-7, 0.000029988587), (8.73761, 5.3355637, -0.5520086), (14.130777, 0.0000012572855, -0.000023515895), (30.186617, 0.0000030733645, -0.000035064295), (47.04383, 0.000008568168, -0.000014714897), (18.104305, -3.0100808, -6.519258e-7), (10.438135, -0.000008102506, 3.259629e-7), (16.393936, -0.000003632158, -3.7252903e-7), (16.393936, -0.000003632158, -3.7252903e-7), (10.154327, 10.497442, -2.9802322e-8), (10.154343, 10.497441, -5.732405), (4.7683716e-7, 0.000015258789, -0.0000038146973), (10.154327, 10.497442, 5.732244), (0.0000014305115, -0.000030517578, -0.0000019073486), (12.341888, -0.00000667572, -2.9802322e-8), (14.284165, 0.8905399, -5.60553), (-22.18245, 0.000007683411, 0.00018251594), (-47.04334, 0.000022165477, 0.000636559), (-0.000022888184, -0.000005722046, -0.000015258789), (-13.030445, 0.000009872019, -0.0005253649), (-26.829668, -0.00002142042, 0.000073353294), (-43.92751, -0.000024400651, -0.00010100193), (-43.927513, -0.000029243529, -0.000096228905), (-5.1818824, -1.1873463, 2.2014933), (-12.418043, 0.99905217, -0.1516879), (-7.304262, 0.000059744343, -0.000006213668), (-5.228024, -0.000060815364, -0.0000044470653), (-5.4435635, -0.82176113, 0.39443234), (-11.9821205, 1.1270105, -0.24839771), (-8.066222, -0.000017043203, 6.140908e-7), (-5.7226706, -0.000029592775, -0.0000065905624), (0.12975311, -0.17495728, 0.01521778), (-5.063475, -1.6109145, -3.489791), (-10.005381, -0.0001444947, 0.00034389086), (-6.2059073, -0.000046938658, -0.00003061141), (-4.6195025, -0.000044793705, -0.000008655479), (-5.381573, -1.079011, -1.447616), (-11.085911, 0.9380642, -0.24124435), (-7.467127, 0.000044703484, -0.0000032770913), (-5.5738316, 0.000046927016, 0.0000032103344), (-2.925325, -1.9342188, 1.6106993), (-6.835751, -0.00010051299, 0.00009289943), (-6.4790463, 0.000004260801, -0.0000015599653), (-6.6742444, -0.000044261105, -0.00012253877), (-8.740035, -5.007309, 0.5259495), (-14.13019, 0.000025797635, 0.00054643024), (-30.186676, 0.000004004687, 0.00009201467), (-47.04333, 0.000029988587, 0.0006329268), (-0.000022888184, -30.156113, -2.9802322e-8), (-12.285157, -1.6823303, 16.858997), (35.783833, -0.0000016763806, 0.0000020023435), (28.394657, 6.519258e-7, -0.0000041909516), (7.4168415, 19.936958, -0.0000044703484), (5.268682, -0.0000049621303, 0.0000022584572), (-0.000015258789, 4.7683716e-7, -0.0000019073486), (10.36795, 9.620787, 0.57157516), (-0.00079727167, 0.000008821487, 0.0000076293945), (12.501529, 0.03831284, 0.04764106), (20.448095, 0.038317777, 0.0476473), (28.394667, 0.038325228, 0.04764106), (5.349636, -0.04239171, 0.09531463), (17.638865, -0.042391382, 0.095314495), (33.356983, -0.021201931, 0.04765079), (-12.2851925, -1.6823355, -16.858997), (-35.783833, 0.000004284084, -0.000011920929), (-28.39463, -0.0000035390258, 0.000017695129), (-7.416851, -19.936968, 0.0000071246177), (-5.268622, -0.000027257192, 0.000007916242), (0.000021934507, -4.7683716e-7, 0.0000038146973), (-10.2472, -9.627185, -0.5602093), (0.00080490106, -0.000009536742, 0), (-12.501489, -0.038311165, -0.0476419), (-20.448055, -0.038313214, -0.047633704), (-28.394636, -0.038314983, -0.04762998), (-5.34967, 0.04238929, -0.095311835), (-17.638865, 0.042382672, -0.095313184), (-33.35696, 0.021182094, -0.04765205), (0, 23.822256, 21.972298), (0.0000076293945, -26.285019, 14.877744), (0.0000076293945, 23.084423, -21.291763), (-0.000015258789, -26.170012, -14.81265)],
                28: [(0, 0, 0), (2.9083054, 92.73762, -1.3614172), (1.7976619, 3.7252903e-7, 1.1641532e-7), (12.762627, 0.0000014901161, 0.0000013038516), (10.714681, -0.0000026077032, -6.519258e-7), (12.472299, 0, -0.0000016763806), (14.284536, 0.8905364, 5.6055236), (22.182528, 0.0000031664968, 0.000015948899), (47.043842, 0.000023841858, -0.0000063329935), (0.0000076293945, 9.536743e-7, 0), (13.029911, 0.000010058284, -0.0000027939677), (26.82982, 0.00001937151, -0.000009313226), (43.927574, 0.00003427267, 0.0000059604645), (43.927574, 0.000036507845, 0.00001937151), (5.181618, 1.1870191, -2.201504), (12.418072, -0.99906886, 0.1516764), (7.3042974, -0.000007171184, 0.000009685755), (5.227954, 0.0000013504177, -0.0000088475645), (5.443188, 0.82150865, -0.39445162), (11.982224, -1.127032, 0.24839887), (8.066223, 0.0000548549, 0.0000018626451), (5.7226806, -0.0000023283064, 0.0000022351742), (-0.12970734, 0.17492676, -0.015215874), (5.0631685, 1.6106509, 3.4897864), (10.00539, 0.00017508864, -0.00033993274), (6.2058887, 0.000021327287, 0.0000062398612), (4.6195817, -0.000033481047, -0.000007962808), (5.381246, 1.0786693, 1.4476044), (11.085883, -0.9381013, 0.24124756), (7.4671783, -0.000020954758, -0.0000023283064), (5.5739346, -0.0000026542693, -0.000018905848), (2.9250436, 1.9339505, -1.6107196), (6.8356767, 0.0000121071935, -0.000024982728), (6.479116, 0.0000013038516, -0.000020989683), (6.6742377, 0.0000027939677, 0.000024586916), (8.73761, 5.3355637, -0.5520086), (14.130777, 0.000004284084, -0.00002272427), (30.186617, 0.000010803342, -0.000026449561), (47.043846, 0.000023841858, 0.0000059604645), (18.104311, -3.0100863, -0.0000022351742), (10.438136, -0.000008195639, -9.313226e-8), (16.393934, -0.0000044703484, 3.7252903e-7), (16.393934, -0.0000044703484, 3.7252903e-7), (10.154327, 10.497442, -2.9802322e-8), (10.154343, 10.497441, -5.732405), (4.7683716e-7, 0.000015258789, -0.0000038146973), (10.154327, 10.497442, 5.732244), (0.0000014305115, -0.000030517578, -0.0000019073486), (12.341888, -0.00000667572, -2.9802322e-8), (14.284174, 0.89053696, -5.605534), (-22.182447, 0.000012572855, 0.00018458813), (-47.043358, 0.000040978193, 0.00062435865), (-0.000022888184, -0.000005722046, -0.000015258789), (-13.030452, 0.000013969839, -0.00053513795), (-26.829683, -0.000013411045, 0.000056251884), (-43.927532, -0.0000067055225, -0.00012665987), (-43.927544, -0.000011175871, -0.00012088567), (-5.181886, -1.1873498, 2.201494), (-12.418054, 0.9990568, -0.15168986), (-7.3042736, 0.000060535967, -0.000005005859), (-5.228039, -0.000060535967, -0.0000033687684), (-5.443565, -0.8217602, 0.3944324), (-11.982126, 1.127013, -0.24839842), (-8.066223, -0.000017695129, 0.000001268927), (-5.7226725, -0.0000317581, -0.0000063562766), (0.12975311, -0.17495728, 0.01521778), (-5.0634756, -1.6109132, -3.489791), (-10.005386, -0.00014360994, 0.000343367), (-6.205912, -0.00004451722, -0.000031106174), (-4.619512, -0.00004626345, -0.0000068568625), (-5.38158, -1.0790105, -1.447617), (-11.085917, 0.9380647, -0.24124567), (-7.467131, 0.000046007335, -0.0000038649887), (-5.573837, 0.000045401976, 0.000003859168), (-2.9253235, -1.9342225, 1.6107004), (-6.8357573, -0.000098347664, 0.000090152025), (-6.479051, 0.0000067055225, -0.0000018626451), (-6.6742473, -0.00004079193, -0.00012265518), (-8.740035, -5.007309, 0.5259495), (-14.130202, 0.00003222376, 0.00053774565), (-30.18668, 0.000017136335, 0.00008754432), (-47.04335, 0.000047683716, 0.0006169081), (-0.000022888184, -30.156113, -2.9802322e-8), (-12.285163, -1.6823322, 16.859001), (35.783855, 0.0000052154064, -0.000006891787), (28.394667, 0.0000052154064, -0.0000074505806), (7.416852, 19.936974, -0.000008195639), (5.2686853, -0.0000048952643, -0.000003259629), (-0.000015258789, 4.7683716e-7, -0.0000019073486), (10.36795, 9.620787, 0.57157516), (-0.00079727167, 0.000008821487, 0.0000076293945), (12.5015335, 0.038317032, 0.04763864), (20.448105, 0.03832355, 0.047645718), (28.394682, 0.038333237, 0.047636777), (5.34964, -0.042390265, 0.09531327), (17.63887, -0.042388216, 0.09531062), (33.357, -0.021196902, 0.04764218), (-12.2851925, -1.6823342, -16.858997), (-35.78382, -0.0000022351742, -0.00001564622), (-28.394615, -0.0000067055225, 0.000008335337), (-7.416852, -19.936964, 0.000013783574), (-5.2686205, -0.000027392525, 0.000007916242), (0.000021934507, -4.7683716e-7, 0.0000038146973), (-10.2472, -9.627185, -0.5602093), (0.00080490106, -0.000009536742, 0), (-12.501484, -0.038313866, -0.047644787), (-20.448048, -0.03831573, -0.047639363), (-28.394625, -0.03831759, -0.04763645), (-5.349671, 0.042387843, -0.09531313), (-17.638863, 0.042377412, -0.09531528), (-33.356953, 0.02117604, -0.04765764), (0, 23.822256, 21.972298), (0.0000076293945, -26.285019, 14.877744), (0.0000076293945, 23.084423, -21.291763), (-0.000015258789, -26.170012, -14.81265)],
            }
        }
    }
}

