#usda 1.0
(
    endTimeCode = 18
    framesPerSecond = 30
    startTimeCode = 0
    timeCodesPerSecond = 30
)

def SkelRoot "SkelRoot"
{
    def Skeleton "Skeleton" (
        prepend apiSchemas = ["SkelBindingAPI"]
    )
    {
        uniform matrix4d[] bindTransforms = [( (1, 0, 0.000019864986825268716, 0), (0, 1, 0, 0), (-0.000019864986825268716, 0, 1, 0), (0.767249584197998, 0, 3.2101426124572754, 1) ), ( (-0.000004770133273268584, 1, 0.00008869161683833227, 0), (-0.000019864986825268716, -0.00008869171142578125, 1, 0), (1, 0.00000476837158203125, 0.000019864986825268716, 0), (0.7672078013420105, 79.56317138671875, 5.313648223876953, 1) ), ( (-0.000009636471986596007, 0.9998546838760376, 0.017047198489308357, 0), (-0.000019916902601835318, -0.017047198489308357, 0.9998546838760376, 0), (1, 0.00000929554516915232, 0.000020077863155165687, 0), (0.7671985030174255, 81.51502227783203, 5.313821792602539, 1) ), ( (-0.000018568700397736393, 0.9972741007804871, 0.07378561794757843, 0), (-0.000023391034119413234, -0.07378561794757843, 0.9972741007804871, 0), (1, 0.000016792160749901086, 0.000024696953914826736, 0), (0.7671234011650085, 89.29873657226562, 5.446530818939209, 1) ), ( (-0.00002729204061324708, 0.9956299066543579, 0.09338653832674026, 0), (-0.00003920125527656637, -0.09338654577732086, 0.9956299066543579, 0), (1, 0.00002351190232730005, 0.00004157823423156515, 0), (0.7670201659202576, 94.84481048583984, 5.856870651245117, 1) ), ( (-0.000031129911803873256, 0.9955337643623352, 0.0944058895111084, 0), (-0.000044716896809404716, -0.0944058820605278, 0.9955338835716248, 0), (1, 0.00002676934855116997, 0.000047455607273150235, 0), (0.7667333483695984, 105.30470275878906, 6.837972640991211, 1) ), ( (0.9505248665809631, -0.14520235359668732, -0.27462491393089294, 0), (0.25779443979263306, -0.12457070499658585, 0.9581356644630432, 0), (-0.17333383858203888, -0.9815284609794617, -0.08097511529922485, 0), (7.383987903594971, 120.65403747558594, 9.265093803405762, 1) ), ( (0.9993205666542053, -0.036493465304374695, -0.005181053187698126, 0), (0.0010680198902264237, -0.11183669418096542, 0.9937258958816528, 0), (-0.03684388846158981, -0.9930562973022461, -0.11172173172235489, 0), (31.28780174255371, 117.00243377685547, 2.3588197231292725, 1) ), ( (0.9992676377296448, -0.03545776754617691, -0.014369634911417961, 0), (0.010308465920388699, -0.11216940730810165, 0.9936354160308838, 0), (-0.0368439257144928, -0.9930562376976013, -0.11172176152467728, 0), (70.01598358154297, 115.58817291259766, 2.158029079437256, 1) ), ( (0.9992677569389343, -0.035457853227853775, -0.014369643293321133, 0), (0.010308468714356422, -0.11216939240694046, 0.9936354160308838, 0), (-0.036844003945589066, -0.9930561184883118, -0.11172173917293549, 0), (70.01597595214844, 115.58819580078125, 2.1580328941345215, 1) ), ( (0.9992677569389343, -0.035457853227853775, -0.014369643293321133, 0), (0.010308468714356422, -0.11216939240694046, 0.9936354160308838, 0), (-0.036844003945589066, -0.9930561184883118, -0.11172173917293549, 0), (84.15306854248047, 115.08653259277344, 1.9547332525253296, 1) ), ( (0.9992677569389343, -0.035457853227853775, -0.014369643293321133, 0), (0.010308468714356422, -0.11216939240694046, 0.9936354160308838, 0), (-0.036844003945589066, -0.9930561184883118, -0.11172173917293549, 0), (96.66256713867188, 114.64265441894531, 1.7748463153839111, 1) ), ( (0.9992677569389343, -0.035457853227853775, -0.014369643293321133, 0), (0.010308468714356422, -0.11216939240694046, 0.9936354160308838, 0), (-0.036844003945589066, -0.9930561184883118, -0.11172173917293549, 0), (105.36105346679688, 114.3340072631836, 1.6497608423233032, 1) ), ( (0.9994208216667175, 0.0019581422675400972, -0.03396666795015335, 0), (-0.0018929882207885385, -0.9935954213142395, -0.11297846585512161, 0), (-0.03397040441632271, 0.11297731846570969, -0.9930167198181152, 0), (105.36105346679688, 114.3340072631836, 1.6497608423233032, 1) ), ( (0.9840212464332581, -0.1325574666261673, 0.11887261271476746, 0), (-0.12081493437290192, -0.9875136613845825, -0.10109850019216537, 0), (0.130789652466774, 0.08512143045663834, -0.9877491593360901, 0), (110.94388580322266, 112.82644653320312, 3.6442952156066895, 1) ), ( (0.9086235165596008, -0.1995553970336914, 0.3668534457683563, 0), (-0.16752658784389496, -0.9788374900817871, -0.11752311885356903, 0), (0.382542222738266, 0.045326489955186844, -0.9228255152702332, 0), (123.10044860839844, 112.27165985107422, 5.042878150939941, 1) ), ( (0.8868276476860046, -0.30934005975723267, 0.3432863652706146, 0), (-0.2893955409526825, -0.950948178768158, -0.10930371284484863, 0), (0.3602595925331116, -0.002411928493529558, -0.9328492283821106, 0), (129.70196533203125, 110.8218002319336, 7.708233833312988, 1.0000001192092896) ), ( (0.929266631603241, -0.21503575146198273, 0.300370991230011, 0), (-0.2110358327627182, -0.9763902425765991, -0.046110548079013824, 0), (0.3031945824623108, -0.020540060475468636, -0.9527072310447693, 0), (134.1876220703125, 109.25711059570312, 9.444592475891113, 1) ), ( (0.9949634075164795, -0.0956403911113739, -0.03001132421195507, 0), (-0.0983734205365181, -0.9891457557678223, -0.10914959013462067, 0), (-0.019246472045779228, 0.1115521490573883, -0.9935722947120667, 0), (111.1573486328125, 113.43014526367188, 1.770962119102478, 1) ), ( (0.9740034341812134, -0.2006484568119049, -0.10515377670526505, 0), (-0.2037721872329712, -0.9788191318511963, -0.019744599238038063, 0), (-0.09896480292081833, 0.04065869376063347, -0.9942599534988403, 0), (122.94965362548828, 113.52215576171875, 1.2870545387268066, 1) ), ( (0.9471030235290527, -0.30040132999420166, -0.1129390224814415, 0), (-0.3007522523403168, -0.9535946249961853, 0.01432549674063921, 0), (-0.1120014488697052, 0.020398952066898346, -0.9934987425804138, 0), (130.81524658203125, 111.90176391601562, 0.43787771463394165, 0.9999999403953552) ), ( (0.9773076772689819, -0.17045140266418457, -0.12576352059841156, 0), (-0.16308526694774628, -0.9843490123748779, 0.06678515672683716, 0), (-0.135178804397583, -0.04475948214530945, -0.9898097515106201, 0), (136.10385131835938, 110.22433471679688, -0.19276666641235352, 1) ), ( (0.9994213581085205, 0.0019531617872416973, -0.033964380621910095, 0), (-0.001896889298222959, -0.9935982823371887, -0.11295613646507263, 0), (-0.03396753594279289, 0.11295513063669205, -0.9930193424224854, 0), (105.22337341308594, 114.14712524414062, 1.649497389793396, 1) ), ( (0.9502320289611816, -0.06125578284263611, -0.3054616153240204, 0), (0.034703273326158524, -0.9535659551620483, 0.2991785407066345, 0), (-0.3096042275428772, -0.2948897182941437, -0.9039830565452576, 0), (110.61164093017578, 113.06230163574219, -2.4108686447143555, 1) ), ( (0.541558027267456, -0.20681709051132202, -0.8148265480995178, 0), (-0.16752412915229797, -0.9763752222061157, 0.13647973537445068, 0), (-0.8238028287887573, 0.06259149312973022, -0.5634110569953918, 0), (119.76914978027344, 112.47193145751953, -5.354218482971191, 1.0000001192092896) ), ( (0.4659009873867035, -0.23387177288532257, -0.8533698916435242, 0), (-0.11681850999593735, -0.9722532033920288, 0.20267479121685028, 0), (-0.8770913481712341, 0.005262944381684065, -0.4802941679954529, 0), (123.07139587402344, 111.21080780029297, -10.322797775268555, 1) ), ( (0.5499967932701111, -0.23124030232429504, -0.80251544713974, 0), (-0.11869535595178604, -0.9727932810783386, 0.1989583969116211, 0), (-0.8266892433166504, -0.014171463437378407, -0.5624805092811584, 0), (125.12657928466797, 110.17918395996094, -14.08714485168457, 1) ), ( (0.9796227216720581, -0.1114453375339508, -0.16709336638450623, 0), (-0.13140876591205597, -0.984799325466156, -0.11358734220266342, 0), (-0.15189464390277863, 0.13323019444942474, -0.9793764352798462, 0), (111.02445983886719, 113.379638671875, -0.20243620872497559, 1) ), ( (0.8360041975975037, -0.17780058085918427, -0.5191177129745483, 0), (-0.21083782613277435, -0.9775089025497437, -0.004738041665405035, 0), (-0.5066002011299133, 0.11341068893671036, -0.8546894192695618, 0), (121.6825180053711, 113.19400024414062, -2.1425681114196777, 0.9999998807907104) ), ( (0.8062140345573425, -0.29244986176490784, -0.5142876505851746, 0), (-0.27353063225746155, -0.955048680305481, 0.11429306864738464, 0), (-0.5245949625968933, 0.04852883145213127, -0.8499680757522583, 0), (127.9012451171875, 111.87142944335938, -6.004096508026123, 1) ), ( (0.8367012143135071, -0.29058319330215454, -0.46421170234680176, 0), (-0.2672332525253296, -0.956493616104126, 0.1170729547739029, 0), (-0.47803500294685364, 0.026097610592842102, -0.8779527544975281, 0), (132.27557373046875, 110.28466796875, -8.794517517089844, 1) ), ( (0.21701043844223022, -0.24668250977993011, 0.9444862008094788, 0), (0.5778903365135193, -0.7473164796829224, -0.32796478271484375, 0), (0.7867335081100464, 0.6169810891151428, -0.019620053470134735, 0), (108.52330017089844, 112.10368347167969, 3.012345790863037, 1) ), ( (0.3103086054325104, -0.3373331129550934, 0.8887717723846436, 0), (0.9505429863929749, 0.12318561226129532, -0.2851203680038452, 0), (-0.013303111307322979, 0.9332905411720276, 0.3588753640651703, 0), (109.8833236694336, 110.55770874023438, 8.93148136138916, 1) ), ( (0.2939314544200897, -0.20204225182533264, 0.9342285394668579, 0), (0.9492390155792236, -0.0528486967086792, -0.31008365750312805, 0), (0.11202295869588852, 0.9779495596885681, 0.176252543926239, 0), (111.8656234741211, 108.40277099609375, 14.609098434448242, 1) ), ( (0.3503228425979614, -0.3096350431442261, 0.8839687705039978, 0), (0.93641597032547, 0.13590960204601288, -0.3235020935535431, 0), (-0.019971996545791626, 0.9410923719406128, 0.3375595808029175, 0), (113.8042984008789, 107.07019805908203, 20.77090072631836, 1.0000001192092896) ), ( (1.000000238418579, -1.9024128050659783e-8, -1.4357283362187445e-8, 0), (-8.123164363382784e-9, 1.000000238418579, 6.110190686747785e-10, 0), (-4.046925283773817e-8, -3.2092938084815614e-8, 1.0000004768371582, 0), (114.15538024902344, 108.9269790649414, 1.4684092998504639, 1.0000001192092896) ), ( (0.999320387840271, -0.0364934504032135, -0.005181051325052977, 0), (0.0010679846163839102, -0.11183671653270721, 0.9937258958816528, 0), (-0.03684389591217041, -0.9930562376976013, -0.11172173917293549, 0), (46.620121002197266, 116.4425277709961, 2.279325485229492, 1) ), ( (0.999320387840271, -0.0364934504032135, -0.005181051325052977, 0), (0.0010679846163839102, -0.11183671653270721, 0.9937258958816528, 0), (-0.03684389591217041, -0.9930562376976013, -0.11172173917293549, 0), (57.88327407836914, 116.03123474121094, 2.2209339141845703, 1) ), ( (0.999320387840271, -0.0364934504032135, -0.005181051325052977, 0), (0.0010679846163839102, -0.11183671653270721, 0.9937258958816528, 0), (-0.03684389591217041, -0.9930562376976013, -0.11172173917293549, 0), (70.01598358154297, 115.58817291259766, 2.158029079437256, 1) ), ( (-0.0000478762922284659, 0.9387431740760803, 0.34461677074432373, 0), (-0.00003526962609612383, -0.34461677074432373, 0.9387431740760803, 0), (1, 0.0000327890484186355, 0.000049607682740315795, 0), (0.7662677764892578, 125.18252563476562, 5.440065383911133, 1) ), ( (-0.00004793053085450083, 0.9387432932853699, 0.3446168303489685, 0), (-0.00003500677121337503, -0.34461677074432373, 0.9387432932853699, 0), (1, 0.000032930547604337335, 0.000049379617848899215, 0), (0.7657250761985779, 135.8216094970703, 9.345718383789062, 1) ), ( (-0.00004793053085450083, 0.9387432932853699, 0.3446168303489685, 0), (-0.00003344923607073724, -0.34461677074432373, 0.9387432932853699, 0), (1, 0.00003346729863551445, 0.00004791749597643502, 0), (0.7654154896736145, 141.8919219970703, 11.574146270751953, 1) ), ( (-0.00004069204078405164, 0.9934166073799133, 0.11455828696489334, 0), (-0.000048600559239275753, -0.11455831676721573, 0.9934166073799133, 0), (1, 0.00003485653724055737, 0.00005294178845360875, 0), (0.7654154896736145, 141.8919219970703, 11.574146270751953, 1) ), ( (0.9974544644355774, 0.0065124789252877235, -0.07100062072277069, 0), (-0.00003978685344918631, 0.9958704710006714, 0.09077869355678558, 0), (0.0712992399930954, -0.09054428339004517, 0.9933363199234009, 0), (0.7640635967254639, 154.90170288085938, 28.547218322753906, 1) ), ( (0.9975536465644836, -0.007968338206410408, 0.06945343315601349, 0), (0.0015920393634587526, 0.9958149194717407, 0.09137868881225586, 0), (-0.06989128142595291, -0.0910448431968689, 0.9933914542198181, 0), (-7.6296515464782715, 154.9014129638672, 28.546775817871094, 1) ), ( (0.9975535273551941, -0.007968337275087833, 0.06945344060659409, 0), (0.0015920397127047181, 0.9958148002624512, 0.09137873351573944, 0), (-0.06989128142595291, -0.09104490280151367, 0.9933915138244629, 0), (-7.6296515464782715, 154.90142822265625, 28.546775817871094, 1) ), ( (0.9975599646568298, 0.008037873543798923, -0.06934986263513565, 0), (-0.001671136124059558, 0.9958146810531616, 0.09137900173664093, 0), (0.06979411095380783, -0.09104023873806, 0.9933981895446777, 0), (9.157535552978516, 154.9019775390625, 28.547658920288086, 1) ), ( (0.9975600838661194, 0.008037878200411797, -0.06934987008571625, 0), (-0.0016711371717974544, 0.995814859867096, 0.0913790613412857, 0), (0.06979411095380783, -0.09104027599096298, 0.9933983087539673, 0), (9.157539367675781, 154.9020233154297, 28.54766273498535, 1) ), ( (1, 1.318767317570746e-11, 0.0000489226367790252, 0), (-4.9921785455486756e-12, 0.9999999403953552, 4.527828423306346e-8, 0), (-0.00004892264405498281, -3.846830054499151e-8, 1, 0), (0.7642205953598022, 171.06369018554688, 14.938165664672852, 1) ), ( (0.9504907131195068, 0.14525318145751953, 0.2747151553630829, 0), (0.25787869095802307, 0.12458457797765732, -0.9581109881401062, 0), (-0.17339365184307098, 0.9815191626548767, 0.08095882087945938, 0), (-5.851579666137695, 120.65328979492188, 9.264425277709961, 1) ), ( (0.9993178248405457, 0.03654687479138374, 0.005275934934616089, 0), (0.0011562650324776769, 0.11183688044548035, -0.9937257766723633, 0), (-0.03690733760595322, 0.9930542707443237, 0.11171840876340866, 0), (-29.75449562072754, 117.00064849853516, 2.3559114933013916, 1) ), ( (0.9992644786834717, 0.03551117330789566, 0.014464493840932846, 0), (0.010396773926913738, 0.11217007040977478, -0.9936342239379883, 0), (-0.0369073711335659, 0.9930541515350342, 0.11171841621398926, 0), (-68.48211669921875, 115.58499145507812, 2.1514840126037598, 1.0000001192092896) ), ( (0.9992644190788269, 0.03551124036312103, 0.01446457114070654, 0), (0.0103968046605587, 0.11217008531093597, -0.9936343431472778, 0), (-0.036907460540533066, 0.9930541515350342, 0.11171844601631165, 0), (-68.48212432861328, 115.58496856689453, 2.151484251022339, 1) ), ( (0.9992644190788269, 0.03551124036312103, 0.01446457114070654, 0), (0.0103968046605587, 0.11217008531093597, -0.9936343431472778, 0), (-0.036907460540533066, 0.9930541515350342, 0.11171844601631165, 0), (-82.61966705322266, 115.08201599121094, 1.9467637538909912, 1) ), ( (0.9992644190788269, 0.03551124036312103, 0.01446457114070654, 0), (0.0103968046605587, 0.11217008531093597, -0.9936343431472778, 0), (-0.036907460540533066, 0.9930541515350342, 0.11171844601631165, 0), (-95.1284408569336, 114.63810729980469, 1.7657980918884277, 1) ), ( (0.9992644190788269, 0.03551124036312103, 0.01446457114070654, 0), (0.0103968046605587, 0.11217008531093597, -0.9936343431472778, 0), (-0.036907460540533066, 0.9930541515350342, 0.11171844601631165, 0), (-103.82701110839844, 114.32876586914062, 1.639857292175293, 1) ), ( (0.9994180798530579, -0.0019047028617933393, 0.034061577171087265, 0), (-0.0019565923139452934, 0.9935956597328186, 0.11297847330570221, 0), (-0.034058574587106705, -0.11297925561666489, 0.9930132031440735, 0), (-103.82701110839844, 114.32876586914062, 1.639857292175293, 1) ), ( (0.9840251207351685, 0.1326100379228592, -0.11877914518117905, 0), (-0.1208769679069519, 0.9875068068504333, 0.10108714550733566, 0), (0.13070039451122284, -0.0851145014166832, 0.9877611994743347, 0), (-109.41033935546875, 112.82058715820312, 3.633800983428955, 1) ), ( (0.908647358417511, 0.19960404932498932, -0.3667670786380768, 0), (-0.16758982837200165, 0.9788286685943604, 0.11750733107328415, 0), (0.38245689868927, -0.045306142419576645, 0.922861635684967, 0), (-121.56692504882812, 112.26508331298828, 5.031219482421875, 1) ), ( (0.8868436217308044, 0.3093872368335724, -0.34320202469825745, 0), (-0.2894562780857086, 0.9509326815605164, 0.10927639901638031, 0), (0.3601710796356201, 0.0024310832377523184, 0.9328832030296326, 0), (-128.1687469482422, 110.81493377685547, 7.69596004486084, 1) ), ( (0.929283857345581, 0.2150854766368866, -0.30028262734413147, 0), (-0.21109220385551453, 0.9763790369033813, 0.04609067738056183, 0), (0.3031030595302582, 0.02055617980659008, 0.9527357220649719, 0), (-132.65435791015625, 109.24998474121094, 9.431869506835938, 1) ), ( (0.99495530128479, 0.09569347649812698, 0.030105771496891975, 0), (-0.09843634814023972, 0.9891401529312134, 0.10914036631584167, 0), (-0.01933479681611061, -0.11155324429273605, 0.9935702085494995, 0), (-109.6236572265625, 113.42436218261719, 1.7604422569274902, 1) ), ( (0.9739827513694763, 0.2007005512714386, 0.10524629056453705, 0), (-0.20382609963417053, 0.9788082838058472, 0.019725417718291283, 0), (-0.09905695170164108, -0.04066411405801773, 0.9942507147789001, 0), (-121.4159164428711, 113.51570129394531, 1.2754186391830444, 1) ), ( (0.9470757246017456, 0.3004521429538727, 0.11302899569272995, 0), (-0.300801545381546, 0.9535782337188721, -0.014353899285197258, 0), (-0.11209459602832794, -0.020404983311891556, 0.9934877157211304, 0), (-129.2813262939453, 111.89488220214844, 0.4254983365535736, 0.9999998807907104) ), ( (0.9772866368293762, 0.17050351202487946, 0.12585629522800446, 0), (-0.16313129663467407, 0.984340250492096, -0.06680049747228622, 0), (-0.13527512550354004, 0.044752225279808044, 0.9897966384887695, 0), (-134.56979370117188, 110.21717834472656, -0.20565032958984375, 1) ), ( (0.999417781829834, -0.0019049308029934764, 0.0340614877641201, 0), (-0.001957099651917815, 0.9935929179191589, 0.11300123482942581, 0), (-0.034058522433042526, -0.11300205439329147, 0.9930108189582825, 0), (-103.68938446044922, 114.14189910888672, 1.639604926109314, 1) ), ( (0.9501996040344238, 0.061306532472372055, 0.30555179715156555, 0), (0.03468093276023865, 0.9535675644874573, -0.29917508363723755, 0), (-0.30970555543899536, 0.29487285017967224, 0.9039535522460938, 0), (-109.07754516601562, 113.0565185546875, -2.4213266372680664, 1) ), ( (0.5414692163467407, 0.20684590935707092, 0.8148773312568665, 0), (-0.1675630807876587, 0.9763663411140442, -0.1364952176809311, 0), (-0.8238525390625, -0.06263550370931625, 0.5633324384689331, 0), (-118.23473358154297, 112.46565246582031, -5.365543842315674, 1) ), ( (0.46580761671066284, 0.2338964343070984, 0.8534138202667236, 0), (-0.11685099452733994, 0.9722469449043274, -0.20268577337265015, 0), (-0.8771364688873291, -0.005309950560331345, 0.4802108108997345, 0), (-121.53642272949219, 111.20435333251953, -10.334463119506836, 1) ), ( (0.5499083399772644, 0.2312696874141693, 0.8025675415992737, 0), (-0.11872822046279907, 0.9727866649627686, -0.19896939396858215, 0), (-0.826742947101593, 0.01412723958492279, 0.5624018311500549, 0), (-123.59109497070312, 110.17253112792969, -14.098930358886719, 1) ), ( (0.979600191116333, 0.11149758100509644, 0.16718630492687225, 0), (-0.13147187232971191, 0.9847915768623352, 0.11357496678829193, 0), (-0.1519804298877716, -0.13323837518692017, 0.979361355304718, 0), (-109.49059295654297, 113.373779296875, -0.21294426918029785, 1) ), ( (0.835945725440979, 0.1778453290462494, 0.5191972851753235, 0), (-0.21089023351669312, 0.9774981141090393, 0.004718195181339979, 0), (-0.5066750645637512, -0.11343788355588913, 0.854641318321228, 0), (-120.1484603881836, 113.18751525878906, -2.1541004180908203, 1) ), ( (0.806149423122406, 0.2924928665161133, 0.5143642425537109, 0), (-0.2735706865787506, 0.9550340175628662, -0.11431881785392761, 0), (-0.5246729254722595, -0.048556964844465256, 0.8499177694320679, 0), (-126.36676025390625, 111.86461639404297, -6.016211986541748, 1) ), ( (0.8366414308547974, 0.2906276285648346, 0.4642910361289978, 0), (-0.2672726511955261, 0.9564791321754456, -0.11709815263748169, 0), (-0.478116899728775, -0.026123248040676117, 0.8779073357582092, 0), (-130.74070739746094, 110.27763366699219, -8.8070068359375, 1) ), ( (0.21708695590496063, 0.24669408798217773, -0.9444655179977417, 0), (0.5778194665908813, 0.7473470568656921, 0.3280196189880371, 0), (0.7867639660835266, -0.6169387102127075, 0.019694656133651733, 0), (-106.98965454101562, 112.09800720214844, 3.0020782947540283, 1) ), ( (0.3103746771812439, 0.3373497426509857, -0.8887417912483215, 0), (0.9505220651626587, -0.12313482165336609, 0.2852105498313904, 0), (-0.013219238258898258, -0.9332911372184753, -0.35887664556503296, 0), (-108.3501205444336, 110.55181884765625, 8.921110153198242, 1) ), ( (0.2940094769001007, 0.20205804705619812, -0.9342005252838135, 0), (0.9492069482803345, 0.05289941281080246, 0.3101738393306732, 0), (0.11209169775247574, -0.9779435992240906, -0.17624200880527496, 0), (-110.33285522460938, 108.39678955078125, 14.598518371582031, 1) ), ( (0.3503899574279785, 0.30965378880500793, -0.8839349150657654, 0), (0.9363922476768494, -0.1358594447374344, 0.3235906660556793, 0), (-0.01988990046083927, -0.9410935640335083, -0.3375614881515503, 0), (-112.27210998535156, 107.06420135498047, 20.76019859313965, 1) ), ( (0.9999997615814209, -7.769585863570683e-9, 2.8985596145503223e-8, 0), (2.3320172459762034e-8, 0.999999463558197, -3.670674431077714e-8, 0), (1.128682924900204e-8, -3.056610609064592e-8, 1, 0), (-112.6214599609375, 108.58909606933594, 1.4576371908187866, 1) ), ( (0.9993179440498352, 0.03654685989022255, 0.005275934934616089, 0), (0.0011562915751710534, 0.11183691024780273, -0.9937257766723633, 0), (-0.03690733760595322, 0.9930542707443237, 0.11171841621398926, 0), (-45.086158752441406, 116.4405288696289, 2.2750027179718018, 1.0000001192092896) ), ( (0.9993179440498352, 0.03654685989022255, 0.005275934934616089, 0), (0.0011562915751710534, 0.11183691024780273, -0.9937257766723633, 0), (-0.03690733760595322, 0.9930542707443237, 0.11171841621398926, 0), (-56.34999465942383, 116.02810668945312, 2.2155051231384277, 1.0000001192092896) ), ( (0.9993179440498352, 0.03654685989022255, 0.005275934934616089, 0), (0.0011562915751710534, 0.11183691024780273, -0.9937257766723633, 0), (-0.03690733760595322, 0.9930542707443237, 0.11171841621398926, 0), (-68.48211669921875, 115.58499145507812, 2.1514840126037598, 1.0000001192092896) ), ( (1, 9.094947017729282e-13, 0.000044917505874764174, 0), (-2.7293167725872536e-12, 0.9999999403953552, 2.293381839990616e-8, 0), (-0.000044917505874764174, -2.3360856360454818e-8, 0.9999999403953552, 0), (0.7686538100242615, 109.35863494873047, -35.91170883178711, 1) ), ( (0.0034900056198239326, -0.9987351298332214, 0.0501653254032135, 0), (0.00019549815624486655, -0.050164949148893356, -0.9987412095069885, 0), (0.9999939203262329, 0.0034954191651195288, 0.000020174458768451586, 0), (21.917264938354492, 66.224609375, 3.48626446723938, 1) ), ( (0.0034952680580317974, -0.9998539686203003, -0.016751188784837723, 0), (-0.00003838060365524143, 0.01675114966928959, -0.9998599290847778, 0), (0.9999939203262329, 0.003495420329272747, 0.00002017430233536288, 0), (22.039173126220703, 31.339282989501953, 5.238515377044678, 1) ), ( (0.08977730572223663, -0.994981050491333, 0.04419797658920288, 0), (0.19841548800468445, 0.06135544180870056, 0.9781954884529114, 0), (-0.975997269153595, -0.0790502205491066, 0.20292800664901733, 0), (22.12960433959961, 5.467720031738281, 4.805069446563721, 1) ), ( (0.1984155923128128, 0.06136573106050491, 0.9781947135925293, 0), (0.0897793397307396, -0.9949803948402405, 0.04420804977416992, 0), (0.9759970307350159, 0.07905016094446182, -0.20292900502681732, 0), (25.334558486938477, 0.6238555908203125, 18.332582473754883, 1) ), ( (0.1984165906906128, 0.06136581301689148, 0.978194534778595, 0), (0.08977904170751572, -0.9949802756309509, 0.044208116829395294, 0), (0.9759967923164368, 0.07904978841543198, -0.2029300183057785, 0), (26.138683319091797, 0.8725662231445312, 22.296958923339844, 1) ), ( (0.08930961787700653, -0.9951221346855164, 0.04190536215901375, 0), (0.19862501323223114, 0.0590229369699955, 0.9782965183258057, 0), (-0.9759975075721741, -0.07904791086912155, 0.20292748510837555, 0), (22.129608154296875, 5.4677276611328125, 4.805069923400879, 1) ), ( (0.9730628132820129, 2.5775534595595673e-8, -0.23053883016109467, 0), (-3.3229774487608665e-9, 1, 6.970301225095454e-9, 0), (0.23053883016109467, 6.464460966526531e-9, 0.9730629920959473, 0), (23.73208236694336, -0.13104248046875, 11.568824768066406, 1) ), ( (0.0034941043704748154, -0.9998986721038818, -0.013827752321958542, 0), (-0.000027523105018190108, 0.013827737420797348, -0.9999046921730042, 0), (0.9999939203262329, 0.00349415116943419, 0.000020794801457668655, 0), (22.03917694091797, 31.340152740478516, 5.238519668579102, 1) ), ( (0.00349372997879982, -0.9998539686203003, -0.01675119623541832, 0), (-0.066005177795887, 0.016484182327985764, -0.9976836442947388, 0), (0.9978132843971252, 0.004591301549226046, -0.06593795120716095, 0), (22.1348819732666, 18.759174346923828, 4.986148357391357, 1) ), ( (0.003491232404485345, -0.9998539686203003, -0.01675119623541832, 0), (-0.13168446719646454, 0.0161457397043705, -0.99116051197052, 0), (0.9912856817245483, 0.005666244309395552, -0.13160884380340576, 0), (22.158117294311523, 12.113876342773438, 4.874813556671143, 1) ), ( (0.003490450093522668, -0.9998539686203003, -0.01675119623541832, 0), (-0.19875095784664154, 0.015723461285233498, -0.979924201965332, 0), (0.9800437688827515, 0.006749692372977734, -0.1986670047044754, 0), (22.18134117126465, 5.468589782714844, 4.763477325439453, 1) ), ( (0.003488855669274926, -0.9987351298332214, 0.0501653291285038, 0), (0.0001959246874321252, -0.050164949148893356, -0.9987412095069885, 0), (0.9999939203262329, 0.003494291566312313, 0.000020658137145801447, 0), (22.036455154418945, 61.73100280761719, 3.7580783367156982, 1) ), ( (0.003487005829811096, -0.9987351298332214, 0.0501653291285038, 0), (0.00019549815624486655, -0.05016494542360306, -0.9987412095069885, 0), (0.9999939203262329, 0.003492422867566347, 0.000020324943761806935, 0), (22.078472137451172, 49.709495544433594, 4.361904621124268, 1) ), ( (0.0034873157273977995, -0.9987351298332214, 0.0501653291285038, 0), (0.00019677047384902835, -0.05016494542360306, -0.9987412095069885, 0), (0.9999939203262329, 0.0034927958622574806, 0.000021580097381956875, 0), (22.081710815429688, 33.97228240966797, 5.12932014465332, 1) ), ( (0.0034824740141630173, 0.9987348914146423, -0.05016518011689186, 0), (0.00015533894475083798, 0.050164949148893356, 0.9987409710884094, 0), (0.9999939203262329, -0.0034858821891248226, 0.000019555272956495173, 0), (-20.382646560668945, 66.2243881225586, 3.485424518585205, 1) ), ( (0.003485067281872034, 0.999853789806366, 0.016751309856772423, 0), (-0.00007794611883582547, -0.016751138493418694, 0.9998597502708435, 0), (0.9999939203262329, -0.0034858835861086845, 0.00001955543484655209, 0), (-20.504295349121094, 31.339054107666016, 5.2376708984375, 1) ), ( (0.08976956456899643, 0.994981586933136, -0.044194404035806656, 0), (0.19845496118068695, -0.06135354936122894, -0.9781873226165771, 0), (-0.975989818572998, 0.07904088497161865, -0.20296673476696014, 0), (-20.594472885131836, 5.467536926269531, 4.804221153259277, 1) ), ( (0.1984550803899765, -0.061363834887742996, -0.9781866073608398, 0), (0.08977161347866058, 0.9949809312820435, -0.0442044734954834, 0), (0.9759896397590637, -0.07904082536697388, 0.20296774804592133, 0), (-23.79990577697754, 0.6236724853515625, 18.331600189208984, 1) ), ( (0.1984550654888153, -0.06136384606361389, -0.9781866669654846, 0), (0.08977195620536804, 0.9949809908866882, -0.04420441761612892, 0), (0.975989580154419, -0.07904117554426193, 0.20296776294708252, 0), (-24.60418128967285, 0.8723297119140625, 22.295902252197266, 1) ), ( (0.08930180221796036, 0.9951226711273193, -0.04190181568264961, 0), (0.19866444170475006, -0.05902104079723358, -0.9782883524894714, 0), (-0.9759900569915771, 0.07903855293989182, -0.20296621322631836, 0), (-20.594465255737305, 5.467552185058594, 4.804222583770752, 1) ), ( (0.9730547666549683, -6.527500318043167e-9, 0.23057438433170319, 0), (1.2112146841047888e-8, 1.0000001192092896, 2.4376864971031864e-9, 0), (-0.23057441413402557, 1.9686325458678766e-8, 0.9730547666549683, 0), (-22.197189331054688, -0.1608428955078125, 11.567911148071289, 1) ), ( (0.003484018612653017, 0.999898374080658, 0.013827883638441563, 0), (-0.00006711787136737257, -0.013827725313603878, 0.9999043941497803, 0), (0.9999939203262329, -0.0034846144262701273, 0.000018934530089609325, 0), (-20.50429916381836, 31.339920043945312, 5.237675666809082, 1) ), ( (0.003485069377347827, 0.9998536705970764, 0.01675131730735302, 0), (-0.06604466587305069, -0.0164847020059824, 0.9976807236671448, 0), (0.9978106021881104, -0.004583321046084166, 0.0659775361418724, 0), (-20.599876403808594, 18.758995056152344, 4.985300064086914, 1) ), ( (0.0034850668162107468, 0.9998536705970764, 0.016751309856772423, 0), (-0.13172367215156555, -0.016146434471011162, 0.9911550879478455, 0), (0.9912802577018738, -0.005660786759108305, 0.13164807856082916, 0), (-20.623035430908203, 12.113716125488281, 4.873964309692383, 1) ), ( (0.003485069377347827, 0.9998536705970764, 0.016751309856772423, 0), (-0.19878970086574554, -0.01572439633309841, 0.9799160361289978, 0), (0.9800360202789307, -0.006745065096765757, 0.19870583713054657, 0), (-20.646196365356445, 5.4683990478515625, 4.762626647949219, 1) ), ( (0.0034824737813323736, 0.9987348914146423, -0.05016518756747246, 0), (0.00015576569421682507, 0.05016496032476425, 0.998741090297699, 0), (0.9999939203262329, -0.0034859038423746824, 0.00001912912557600066, 0), (-20.501806259155273, 61.73072814941406, 3.7572362422943115, 1) ), ( (0.0034824737813323736, 0.9987348914146423, -0.05016518756747246, 0), (0.00015533897385466844, 0.05016495659947395, 0.998741090297699, 0), (0.9999939203262329, -0.0034858821891248226, 0.000019555292965378612, 0), (-20.543724060058594, 49.7092399597168, 4.361060619354248, 1) ), ( (0.0034824737813323736, 0.9987348914146423, -0.05016518756747246, 0), (0.0001566113205626607, 0.050164952874183655, 0.998741090297699, 0), (0.9999939203262329, -0.003485946450382471, 0.000018284525140188634, 0), (-20.546855926513672, 33.972049713134766, 5.128474235534668, 1) ), ( (1, 0, -3.637978807091713e-12, 0), (0, 1, 0, 0), (3.637978807091713e-12, 1.3821929711888004e-13, 1, 0), (29.930707931518555, 79.56049346923828, 36.9338264465332, 1) ), ( (1, 0, -3.637978807091713e-12, 0), (0, 1, 0, 0), (3.637978807091713e-12, 1.3821929711888004e-13, 1, 0), (29.682994842529297, 79.56782531738281, -41.78060531616211, 1) ), ( (1, 0, -3.637978807091713e-12, 0), (0, 1, 0, 0), (3.637978807091713e-12, 1.3821929711888004e-13, 1, 0), (-29.079944610595703, 79.56014251708984, 37.67250061035156, 1) ), ( (1, 0, -3.637978807091713e-12, 0), (0, 1, 0, 0), (3.637978807091713e-12, 1.3821929711888004e-13, 1, 0), (-28.259593963623047, 79.56756591796875, -41.78060531616211, 1) )]
        uniform token[] joints = ["root_joint", "root_joint/pelvis_joint", "root_joint/pelvis_joint/spineLower_joint", "root_joint/pelvis_joint/spineLower_joint/spineMiddle_joint", "root_joint/pelvis_joint/spineLower_joint/spineMiddle_joint/spineUpper_joint", "root_joint/pelvis_joint/spineLower_joint/spineMiddle_joint/spineUpper_joint/chest_joint", "root_joint/pelvis_joint/spineLower_joint/spineMiddle_joint/spineUpper_joint/chest_joint/clavicle_left_joint", "root_joint/pelvis_joint/spineLower_joint/spineMiddle_joint/spineUpper_joint/chest_joint/clavicle_left_joint/shoulder_left_joint", "root_joint/pelvis_joint/spineLower_joint/spineMiddle_joint/spineUpper_joint/chest_joint/clavicle_left_joint/shoulder_left_joint/elbow_left_joint", "root_joint/pelvis_joint/spineLower_joint/spineMiddle_joint/spineUpper_joint/chest_joint/clavicle_left_joint/shoulder_left_joint/elbow_left_joint/elbow_partial_left_joint", "root_joint/pelvis_joint/spineLower_joint/spineMiddle_joint/spineUpper_joint/chest_joint/clavicle_left_joint/shoulder_left_joint/elbow_left_joint/armLower_twist_01_left_joint", "root_joint/pelvis_joint/spineLower_joint/spineMiddle_joint/spineUpper_joint/chest_joint/clavicle_left_joint/shoulder_left_joint/elbow_left_joint/armLower_twist_02_left_joint", "root_joint/pelvis_joint/spineLower_joint/spineMiddle_joint/spineUpper_joint/chest_joint/clavicle_left_joint/shoulder_left_joint/elbow_left_joint/armLower_twist_03_left_joint", "root_joint/pelvis_joint/spineLower_joint/spineMiddle_joint/spineUpper_joint/chest_joint/clavicle_left_joint/shoulder_left_joint/elbow_left_joint/handWrist_left_joint", "root_joint/pelvis_joint/spineLower_joint/spineMiddle_joint/spineUpper_joint/chest_joint/clavicle_left_joint/shoulder_left_joint/elbow_left_joint/handWrist_left_joint/handIndexMeta_left_joint", "root_joint/pelvis_joint/spineLower_joint/spineMiddle_joint/spineUpper_joint/chest_joint/clavicle_left_joint/shoulder_left_joint/elbow_left_joint/handWrist_left_joint/handIndexMeta_left_joint/handIndex_00_left_joint", "root_joint/pelvis_joint/spineLower_joint/spineMiddle_joint/spineUpper_joint/chest_joint/clavicle_left_joint/shoulder_left_joint/elbow_left_joint/handWrist_left_joint/handIndexMeta_left_joint/handIndex_00_left_joint/handIndex_01_left_joint", "root_joint/pelvis_joint/spineLower_joint/spineMiddle_joint/spineUpper_joint/chest_joint/clavicle_left_joint/shoulder_left_joint/elbow_left_joint/handWrist_left_joint/handIndexMeta_left_joint/handIndex_00_left_joint/handIndex_01_left_joint/handIndex_02_left_joint", "root_joint/pelvis_joint/spineLower_joint/spineMiddle_joint/spineUpper_joint/chest_joint/clavicle_left_joint/shoulder_left_joint/elbow_left_joint/handWrist_left_joint/handMiddleMeta_left_joint", "root_joint/pelvis_joint/spineLower_joint/spineMiddle_joint/spineUpper_joint/chest_joint/clavicle_left_joint/shoulder_left_joint/elbow_left_joint/handWrist_left_joint/handMiddleMeta_left_joint/handMiddle_00_left_joint", "root_joint/pelvis_joint/spineLower_joint/spineMiddle_joint/spineUpper_joint/chest_joint/clavicle_left_joint/shoulder_left_joint/elbow_left_joint/handWrist_left_joint/handMiddleMeta_left_joint/handMiddle_00_left_joint/handMiddle_01_left_joint", "root_joint/pelvis_joint/spineLower_joint/spineMiddle_joint/spineUpper_joint/chest_joint/clavicle_left_joint/shoulder_left_joint/elbow_left_joint/handWrist_left_joint/handMiddleMeta_left_joint/handMiddle_00_left_joint/handMiddle_01_left_joint/handMiddle_02_left_joint", "root_joint/pelvis_joint/spineLower_joint/spineMiddle_joint/spineUpper_joint/chest_joint/clavicle_left_joint/shoulder_left_joint/elbow_left_joint/handWrist_left_joint/handWrist_partial_left_joint", "root_joint/pelvis_joint/spineLower_joint/spineMiddle_joint/spineUpper_joint/chest_joint/clavicle_left_joint/shoulder_left_joint/elbow_left_joint/handWrist_left_joint/handPinkyMeta_left_joint", "root_joint/pelvis_joint/spineLower_joint/spineMiddle_joint/spineUpper_joint/chest_joint/clavicle_left_joint/shoulder_left_joint/elbow_left_joint/handWrist_left_joint/handPinkyMeta_left_joint/handPinky_00_left_joint", "root_joint/pelvis_joint/spineLower_joint/spineMiddle_joint/spineUpper_joint/chest_joint/clavicle_left_joint/shoulder_left_joint/elbow_left_joint/handWrist_left_joint/handPinkyMeta_left_joint/handPinky_00_left_joint/handPinky_01_left_joint", "root_joint/pelvis_joint/spineLower_joint/spineMiddle_joint/spineUpper_joint/chest_joint/clavicle_left_joint/shoulder_left_joint/elbow_left_joint/handWrist_left_joint/handPinkyMeta_left_joint/handPinky_00_left_joint/handPinky_01_left_joint/handPinky_02_left_joint", "root_joint/pelvis_joint/spineLower_joint/spineMiddle_joint/spineUpper_joint/chest_joint/clavicle_left_joint/shoulder_left_joint/elbow_left_joint/handWrist_left_joint/handRingMeta_left_joint", "root_joint/pelvis_joint/spineLower_joint/spineMiddle_joint/spineUpper_joint/chest_joint/clavicle_left_joint/shoulder_left_joint/elbow_left_joint/handWrist_left_joint/handRingMeta_left_joint/handRing_00_left_joint", "root_joint/pelvis_joint/spineLower_joint/spineMiddle_joint/spineUpper_joint/chest_joint/clavicle_left_joint/shoulder_left_joint/elbow_left_joint/handWrist_left_joint/handRingMeta_left_joint/handRing_00_left_joint/handRing_01_left_joint", "root_joint/pelvis_joint/spineLower_joint/spineMiddle_joint/spineUpper_joint/chest_joint/clavicle_left_joint/shoulder_left_joint/elbow_left_joint/handWrist_left_joint/handRingMeta_left_joint/handRing_00_left_joint/handRing_01_left_joint/handRing_02_left_joint", "root_joint/pelvis_joint/spineLower_joint/spineMiddle_joint/spineUpper_joint/chest_joint/clavicle_left_joint/shoulder_left_joint/elbow_left_joint/handWrist_left_joint/handThumbMeta_left_joint", "root_joint/pelvis_joint/spineLower_joint/spineMiddle_joint/spineUpper_joint/chest_joint/clavicle_left_joint/shoulder_left_joint/elbow_left_joint/handWrist_left_joint/handThumbMeta_left_joint/handThumb_00_left_joint", "root_joint/pelvis_joint/spineLower_joint/spineMiddle_joint/spineUpper_joint/chest_joint/clavicle_left_joint/shoulder_left_joint/elbow_left_joint/handWrist_left_joint/handThumbMeta_left_joint/handThumb_00_left_joint/handThumb_01_left_joint", "root_joint/pelvis_joint/spineLower_joint/spineMiddle_joint/spineUpper_joint/chest_joint/clavicle_left_joint/shoulder_left_joint/elbow_left_joint/handWrist_left_joint/handThumbMeta_left_joint/handThumb_00_left_joint/handThumb_01_left_joint/handThumb_02_left_joint", "root_joint/pelvis_joint/spineLower_joint/spineMiddle_joint/spineUpper_joint/chest_joint/clavicle_left_joint/shoulder_left_joint/elbow_left_joint/handWrist_left_joint/hand_l_socket", "root_joint/pelvis_joint/spineLower_joint/spineMiddle_joint/spineUpper_joint/chest_joint/clavicle_left_joint/shoulder_left_joint/armUpper_twist_01_left_joint", "root_joint/pelvis_joint/spineLower_joint/spineMiddle_joint/spineUpper_joint/chest_joint/clavicle_left_joint/shoulder_left_joint/armUpper_twist_02_left_joint", "root_joint/pelvis_joint/spineLower_joint/spineMiddle_joint/spineUpper_joint/chest_joint/clavicle_left_joint/shoulder_left_joint/armUpper_twist_03_left_joint", "root_joint/pelvis_joint/spineLower_joint/spineMiddle_joint/spineUpper_joint/chest_joint/neck_joint", "root_joint/pelvis_joint/spineLower_joint/spineMiddle_joint/spineUpper_joint/chest_joint/neck_joint/neck_twist_01_joint", "root_joint/pelvis_joint/spineLower_joint/spineMiddle_joint/spineUpper_joint/chest_joint/neck_joint/neck_twist_02_joint", "root_joint/pelvis_joint/spineLower_joint/spineMiddle_joint/spineUpper_joint/chest_joint/neck_joint/head_joint", "root_joint/pelvis_joint/spineLower_joint/spineMiddle_joint/spineUpper_joint/chest_joint/neck_joint/head_joint/head_tracker_target", "root_joint/pelvis_joint/spineLower_joint/spineMiddle_joint/spineUpper_joint/chest_joint/neck_joint/head_joint/eye_offset_right_joint", "root_joint/pelvis_joint/spineLower_joint/spineMiddle_joint/spineUpper_joint/chest_joint/neck_joint/head_joint/eye_offset_right_joint/eye_right_joint", "root_joint/pelvis_joint/spineLower_joint/spineMiddle_joint/spineUpper_joint/chest_joint/neck_joint/head_joint/eye_offset_left_joint", "root_joint/pelvis_joint/spineLower_joint/spineMiddle_joint/spineUpper_joint/chest_joint/neck_joint/head_joint/eye_offset_left_joint/eye_left_joint", "root_joint/pelvis_joint/spineLower_joint/spineMiddle_joint/spineUpper_joint/chest_joint/neck_joint/head_joint/head_socket", "root_joint/pelvis_joint/spineLower_joint/spineMiddle_joint/spineUpper_joint/chest_joint/clavicle_right_joint", "root_joint/pelvis_joint/spineLower_joint/spineMiddle_joint/spineUpper_joint/chest_joint/clavicle_right_joint/shoulder_right_joint", "root_joint/pelvis_joint/spineLower_joint/spineMiddle_joint/spineUpper_joint/chest_joint/clavicle_right_joint/shoulder_right_joint/elbow_right_joint", "root_joint/pelvis_joint/spineLower_joint/spineMiddle_joint/spineUpper_joint/chest_joint/clavicle_right_joint/shoulder_right_joint/elbow_right_joint/elbow_partial_right_joint", "root_joint/pelvis_joint/spineLower_joint/spineMiddle_joint/spineUpper_joint/chest_joint/clavicle_right_joint/shoulder_right_joint/elbow_right_joint/armLower_twist_01_right_joint", "root_joint/pelvis_joint/spineLower_joint/spineMiddle_joint/spineUpper_joint/chest_joint/clavicle_right_joint/shoulder_right_joint/elbow_right_joint/armLower_twist_02_right_joint", "root_joint/pelvis_joint/spineLower_joint/spineMiddle_joint/spineUpper_joint/chest_joint/clavicle_right_joint/shoulder_right_joint/elbow_right_joint/armLower_twist_03_right_joint", "root_joint/pelvis_joint/spineLower_joint/spineMiddle_joint/spineUpper_joint/chest_joint/clavicle_right_joint/shoulder_right_joint/elbow_right_joint/handWrist_right_joint", "root_joint/pelvis_joint/spineLower_joint/spineMiddle_joint/spineUpper_joint/chest_joint/clavicle_right_joint/shoulder_right_joint/elbow_right_joint/handWrist_right_joint/handIndexMeta_right_joint", "root_joint/pelvis_joint/spineLower_joint/spineMiddle_joint/spineUpper_joint/chest_joint/clavicle_right_joint/shoulder_right_joint/elbow_right_joint/handWrist_right_joint/handIndexMeta_right_joint/handIndex_00_right_joint", "root_joint/pelvis_joint/spineLower_joint/spineMiddle_joint/spineUpper_joint/chest_joint/clavicle_right_joint/shoulder_right_joint/elbow_right_joint/handWrist_right_joint/handIndexMeta_right_joint/handIndex_00_right_joint/handIndex_01_right_joint", "root_joint/pelvis_joint/spineLower_joint/spineMiddle_joint/spineUpper_joint/chest_joint/clavicle_right_joint/shoulder_right_joint/elbow_right_joint/handWrist_right_joint/handIndexMeta_right_joint/handIndex_00_right_joint/handIndex_01_right_joint/handIndex_02_right_joint", "root_joint/pelvis_joint/spineLower_joint/spineMiddle_joint/spineUpper_joint/chest_joint/clavicle_right_joint/shoulder_right_joint/elbow_right_joint/handWrist_right_joint/handMiddleMeta_right_joint", "root_joint/pelvis_joint/spineLower_joint/spineMiddle_joint/spineUpper_joint/chest_joint/clavicle_right_joint/shoulder_right_joint/elbow_right_joint/handWrist_right_joint/handMiddleMeta_right_joint/handMiddle_00_right_joint", "root_joint/pelvis_joint/spineLower_joint/spineMiddle_joint/spineUpper_joint/chest_joint/clavicle_right_joint/shoulder_right_joint/elbow_right_joint/handWrist_right_joint/handMiddleMeta_right_joint/handMiddle_00_right_joint/handMiddle_01_right_joint", "root_joint/pelvis_joint/spineLower_joint/spineMiddle_joint/spineUpper_joint/chest_joint/clavicle_right_joint/shoulder_right_joint/elbow_right_joint/handWrist_right_joint/handMiddleMeta_right_joint/handMiddle_00_right_joint/handMiddle_01_right_joint/handMiddle_02_right_joint", "root_joint/pelvis_joint/spineLower_joint/spineMiddle_joint/spineUpper_joint/chest_joint/clavicle_right_joint/shoulder_right_joint/elbow_right_joint/handWrist_right_joint/handWrist_partial_right_joint", "root_joint/pelvis_joint/spineLower_joint/spineMiddle_joint/spineUpper_joint/chest_joint/clavicle_right_joint/shoulder_right_joint/elbow_right_joint/handWrist_right_joint/handPinkyMeta_right_joint", "root_joint/pelvis_joint/spineLower_joint/spineMiddle_joint/spineUpper_joint/chest_joint/clavicle_right_joint/shoulder_right_joint/elbow_right_joint/handWrist_right_joint/handPinkyMeta_right_joint/handPinky_00_right_joint", "root_joint/pelvis_joint/spineLower_joint/spineMiddle_joint/spineUpper_joint/chest_joint/clavicle_right_joint/shoulder_right_joint/elbow_right_joint/handWrist_right_joint/handPinkyMeta_right_joint/handPinky_00_right_joint/handPinky_01_right_joint", "root_joint/pelvis_joint/spineLower_joint/spineMiddle_joint/spineUpper_joint/chest_joint/clavicle_right_joint/shoulder_right_joint/elbow_right_joint/handWrist_right_joint/handPinkyMeta_right_joint/handPinky_00_right_joint/handPinky_01_right_joint/handPinky_02_right_joint", "root_joint/pelvis_joint/spineLower_joint/spineMiddle_joint/spineUpper_joint/chest_joint/clavicle_right_joint/shoulder_right_joint/elbow_right_joint/handWrist_right_joint/handRingMeta_right_joint", "root_joint/pelvis_joint/spineLower_joint/spineMiddle_joint/spineUpper_joint/chest_joint/clavicle_right_joint/shoulder_right_joint/elbow_right_joint/handWrist_right_joint/handRingMeta_right_joint/handRing_00_right_joint", "root_joint/pelvis_joint/spineLower_joint/spineMiddle_joint/spineUpper_joint/chest_joint/clavicle_right_joint/shoulder_right_joint/elbow_right_joint/handWrist_right_joint/handRingMeta_right_joint/handRing_00_right_joint/handRing_01_right_joint", "root_joint/pelvis_joint/spineLower_joint/spineMiddle_joint/spineUpper_joint/chest_joint/clavicle_right_joint/shoulder_right_joint/elbow_right_joint/handWrist_right_joint/handRingMeta_right_joint/handRing_00_right_joint/handRing_01_right_joint/handRing_02_right_joint", "root_joint/pelvis_joint/spineLower_joint/spineMiddle_joint/spineUpper_joint/chest_joint/clavicle_right_joint/shoulder_right_joint/elbow_right_joint/handWrist_right_joint/handThumbMeta_right_joint", "root_joint/pelvis_joint/spineLower_joint/spineMiddle_joint/spineUpper_joint/chest_joint/clavicle_right_joint/shoulder_right_joint/elbow_right_joint/handWrist_right_joint/handThumbMeta_right_joint/handThumb_00_right_joint", "root_joint/pelvis_joint/spineLower_joint/spineMiddle_joint/spineUpper_joint/chest_joint/clavicle_right_joint/shoulder_right_joint/elbow_right_joint/handWrist_right_joint/handThumbMeta_right_joint/handThumb_00_right_joint/handThumb_01_right_joint", "root_joint/pelvis_joint/spineLower_joint/spineMiddle_joint/spineUpper_joint/chest_joint/clavicle_right_joint/shoulder_right_joint/elbow_right_joint/handWrist_right_joint/handThumbMeta_right_joint/handThumb_00_right_joint/handThumb_01_right_joint/handThumb_02_right_joint", "root_joint/pelvis_joint/spineLower_joint/spineMiddle_joint/spineUpper_joint/chest_joint/clavicle_right_joint/shoulder_right_joint/elbow_right_joint/handWrist_right_joint/hand_r_socket", "root_joint/pelvis_joint/spineLower_joint/spineMiddle_joint/spineUpper_joint/chest_joint/clavicle_right_joint/shoulder_right_joint/armUpper_twist_01_right_joint", "root_joint/pelvis_joint/spineLower_joint/spineMiddle_joint/spineUpper_joint/chest_joint/clavicle_right_joint/shoulder_right_joint/armUpper_twist_02_right_joint", "root_joint/pelvis_joint/spineLower_joint/spineMiddle_joint/spineUpper_joint/chest_joint/clavicle_right_joint/shoulder_right_joint/armUpper_twist_03_right_joint", "root_joint/pelvis_joint/spineLower_joint/spineMiddle_joint/spineUpper_joint/chest_joint/back_socket", "root_joint/pelvis_joint/hip_left_joint", "root_joint/pelvis_joint/hip_left_joint/knee_left_joint", "root_joint/pelvis_joint/hip_left_joint/knee_left_joint/footAnkle_left_joint", "root_joint/pelvis_joint/hip_left_joint/knee_left_joint/footAnkle_left_joint/footBall_left_joint", "root_joint/pelvis_joint/hip_left_joint/knee_left_joint/footAnkle_left_joint/footBall_left_joint/footToe_left_joint", "root_joint/pelvis_joint/hip_left_joint/knee_left_joint/footAnkle_left_joint/footAnkle_partial_left_joint", "root_joint/pelvis_joint/hip_left_joint/knee_left_joint/footAnkle_left_joint/foot_l_socket", "root_joint/pelvis_joint/hip_left_joint/knee_left_joint/knee_partial_left_joint", "root_joint/pelvis_joint/hip_left_joint/knee_left_joint/legLower_twist_01_left_joint", "root_joint/pelvis_joint/hip_left_joint/knee_left_joint/legLower_twist_02_left_joint", "root_joint/pelvis_joint/hip_left_joint/knee_left_joint/legLower_twist_03_left_joint", "root_joint/pelvis_joint/hip_left_joint/legUpper_twist_01_left_joint", "root_joint/pelvis_joint/hip_left_joint/legUpper_twist_02_left_joint", "root_joint/pelvis_joint/hip_left_joint/legUpper_twist_03_left_joint", "root_joint/pelvis_joint/hip_right_joint", "root_joint/pelvis_joint/hip_right_joint/knee_right_joint", "root_joint/pelvis_joint/hip_right_joint/knee_right_joint/footAnkle_right_joint", "root_joint/pelvis_joint/hip_right_joint/knee_right_joint/footAnkle_right_joint/footBall_right_joint", "root_joint/pelvis_joint/hip_right_joint/knee_right_joint/footAnkle_right_joint/footBall_right_joint/footToe_right_joint", "root_joint/pelvis_joint/hip_right_joint/knee_right_joint/footAnkle_right_joint/footAnkle_partial_right_joint", "root_joint/pelvis_joint/hip_right_joint/knee_right_joint/footAnkle_right_joint/foot_r_socket", "root_joint/pelvis_joint/hip_right_joint/knee_right_joint/knee_partial_right_joint", "root_joint/pelvis_joint/hip_right_joint/knee_right_joint/legLower_twist_01_right_joint", "root_joint/pelvis_joint/hip_right_joint/knee_right_joint/legLower_twist_02_right_joint", "root_joint/pelvis_joint/hip_right_joint/knee_right_joint/legLower_twist_03_right_joint", "root_joint/pelvis_joint/hip_right_joint/legUpper_twist_01_right_joint", "root_joint/pelvis_joint/hip_right_joint/legUpper_twist_02_right_joint", "root_joint/pelvis_joint/hip_right_joint/legUpper_twist_03_right_joint", "root_joint/pelvis_joint/hip_l_front_socket", "root_joint/pelvis_joint/hip_l_back_socket", "root_joint/pelvis_joint/hip_r_front_socket", "root_joint/pelvis_joint/hip_r_back_socket"]
        uniform matrix4d[] restTransforms = [( (1, 0, 0.000019864986825268716, 0), (0, 1, 0, 0), (-0.000019864986825268716, 0, 1, 0), (0.767249584197998, 0, 3.2101426124572754, 1) ), ( (-0.00000476837158203125, 1, 0.00008869171142578125, 0), (0, -0.00008869171142578125, 1, 0), (1, 0.00000476837158203125, 0, 0), (0, 79.56317138671875, 2.1035056114196777, 1) ), ( (0.999856173992157, 0.01695851981639862, -0.00000453014399681706, 0), (-0.01695851981639862, 0.999856173992157, -1.356675340957736e-7, 0), (0.000004527192686509807, 2.1247433323878795e-7, 1, 0), (1.9518508911132812, 4.76837158203125e-7, 0, 1) ), ( (0.9983870387077332, 0.056774165481328964, -0.000007817006007826421, 0), (-0.056774165481328964, 0.9983870387077332, -0.000004053359589306638, 0), (0.00000757426869313349, 0.000004490622814046219, 1, 0), (7.784843444824219, -7.152557373046875e-7, -5.960464477539063e-8, 1) ), ( (0.9998065829277039, 0.019668808206915855, -0.000008266858458227944, 0), (-0.0196688175201416, 0.9998065829277039, -0.000016179972590180114, 0), (0.000007947021913423669, 0.00001633944339118898, 1, 0), (5.5612335205078125, 8.344650268554688e-7, 0, 1) ), ( (0.999999463558197, 0.0010238760150969028, -0.0000037977508782205405, 0), (-0.0010238615795969963, 0.9999995231628418, -0.0000055435989452234935, 0), (0.0000037920763134025037, 0.0000055474879445682745, 1, 0), (10.505805969238281, 0.000001430511474609375, -5.960464477539063e-8, 1) ), ( (-0.17050966620445251, -0.2597329020500183, 0.9505078792572021, 0), (-0.033568717539310455, 0.9656050205230713, 0.25783658027648926, 0), (-0.9847838878631592, 0.012056347914040089, -0.17336393892765045, 0), (15.50970458984375, 0.9669172763824463, 6.6177802085876465, 1) ), ( (0.9566006660461426, 0.2572011351585388, -0.13697712123394012, 0), (-0.25564783811569214, 0.966331422328949, 0.029118673875927925, 0), (0.13985471427440643, 0.007162926718592644, 0.9901462197303772, 0), (25.14802360534668, 0.000003337860107421875, 0.0000457763671875, 1) ), ( (0.9999570250511169, -0.009246821515262127, 3.369106771344832e-9, 0), (0.00924678798764944, 0.9999572038650513, 4.6777223872140894e-8, 0), (-3.823215521947532e-8, -3.07455927384126e-8, 0.9999999403953552, 0), (38.7545166015625, -0.00000476837158203125, -0.00002288818359375, 1) ), ( (1.0000001192092896, 4.242262541254149e-9, 8.086909986104729e-8, 0), (1.3177666957631118e-8, 1, -1.2448065689341092e-8, 0), (-8.987868227450235e-8, 1.4320415964164113e-8, 0.9999999403953552, 0), (0, 0, -0.00002288818359375, 1) ), ( (1.0000001192092896, 4.242262541254149e-9, 8.086909986104729e-8, 0), (1.3177666957631118e-8, 1, -1.2448065689341092e-8, 0), (-8.987868227450235e-8, 1.4320415964164113e-8, 0.9999999403953552, 0), (14.147445678710938, 0, 0, 1) ), ( (1.0000001192092896, 4.242262541254149e-9, 8.086909986104729e-8, 0), (1.3177666957631118e-8, 1, -1.2448065689341092e-8, 0), (-8.987868227450235e-8, 1.4320415964164113e-8, 0.9999999403953552, 0), (26.666107177734375, 9.5367431640625e-7, -0.00000762939453125, 1) ), ( (1.0000001192092896, 4.242262541254149e-9, 8.086909986104729e-8, 0), (1.3177666957631118e-8, 1, -1.2448065689341092e-8, 0), (-8.987868227450235e-8, 1.4320415964164113e-8, 0.9999999403953552, 0), (35.3709716796875, -9.5367431640625e-7, -0.0000152587890625, 1) ), ( (0.999108076095581, -0.02366763912141323, -0.034972332417964935, 0), (0.03496253490447998, -0.000827920448500663, 0.9993882179260254, 0), (-0.023682134225964546, -0.9997197389602661, 3.688458320993959e-7, 0), (35.3709716796875, -9.5367431640625e-7, -0.0000152587890625, 1) ), ( (0.9791544675827026, 0.11641575396060944, -0.1664460450410843, 0), (-0.11924471706151962, 0.992840051651001, -0.007070076186209917, 0), (0.16443118453025818, 0.02677047997713089, 0.9860252141952515, 0), (5.508918762207031, 1.2620010375976562, -2.340576171875, 1) ), ( (0.9641661047935486, 0.05020006000995636, -0.2605070471763611, 0), (-0.04906778782606125, 0.9987362027168274, 0.010852509178221226, 0), (0.26072263717651367, 0.002318894723430276, 0.9654109477996826, 0), (12.202095031738281, -1.062225341796875, 0.16127586364746094, 1) ), ( (0.9934582710266113, 0.11388237774372101, 0.008434330113232136, 0), (-0.11328303068876266, 0.9921513795852661, -0.052940938621759415, 0), (-0.014397228136658669, 0.051639117300510406, 0.9985621571540833, 0), (7.2654266357421875, 0.0000152587890625, -0.000011444091796875, 1.0000001192092896) ), ( (0.9937317967414856, -0.09726935625076294, 0.05509525164961815, 0), (0.09905508160591125, 0.9946097135543823, -0.030658487230539322, 0), (-0.051816049963235855, 0.03592383489012718, 0.9980100393295288, 0), (5.058074951171875, 0.0000152587890625, 0.000003814697265625, 0.9999998807907104) ), ( (0.9952197074890137, 0.09653504192829132, -0.01480272226035595, 0), (-0.09654592722654343, 0.9953287839889526, -0.000021947331333649345, 0), (0.01473148912191391, 0.0014509500470012426, 0.9998905062675476, 0), (5.78704833984375, 0.8734130859375, -0.4193730354309082, 1) ), ( (0.9914437532424927, 0.11413196474313736, 0.06334896385669708, 0), (-0.10853872448205948, 0.9903954267501831, -0.08564979583024979, 0), (-0.07251592725515366, 0.07804116606712341, 0.9943092465400696, 0), (11.738632202148438, -1.1982421875, 0.2641000747680664, 1) ), ( (0.9946326613426208, 0.1032753735780716, 0.0063469489105045795, 0), (-0.10310275107622147, 0.9943988919258118, -0.02325131930410862, 0), (-0.008712696842849255, 0.022472115233540535, 0.9997094869613647, 0), (8.075553894042969, 0.000030517578125, -9.5367431640625e-7, 0.9999999403953552) ), ( (0.9910181164741516, -0.1331874281167984, 0.01200900785624981, 0), (0.13369867205619812, 0.988675057888031, -0.0681648701429367, 0), (-0.0027942806482315063, 0.06915827095508575, 0.9976017475128174, 0), (5.583976745605469, 0, 9.5367431640625e-7, 1.0000001192092896) ), ( (1.0000003576278687, 0.000004679372523241909, -0.0000028396746074577095, 0), (-0.00000465786843051319, 1.000000238418579, -0.000022363070456776768, 0), (0.000002886061565732234, 0.00002233248233096674, 1, 0), (-0.13794708251953125, 0.18598175048828125, -0.016178131103515625, 1) ), ( (0.9599376916885376, 0.09357527643442154, 0.2641282379627228, 0), (0.022653860971331596, 0.9135926961898804, -0.4059995710849762, 0), (-0.2792971432209015, 0.3957178592681885, 0.8748717904090881, 0), (5.38299560546875, 1.7123870849609375, 3.710233211517334, 1) ), ( (0.7761726379394531, -0.027771152555942535, 0.6299088001251221, 0), (-0.14106746017932892, 0.9660562872886658, 0.21641375124454498, 0), (-0.6145374178886414, -0.2568342387676239, 0.7459090352058411, 0), (9.636985778808594, 0.00017547607421875, -0.00035858154296875, 1.0000001192092896) ), ( (0.9960289001464844, 0.03382953628897667, 0.08234887570142746, 0), (-0.02733001485466957, 0.996515154838562, -0.07880843430757523, 0), (-0.08472811430692673, 0.0762450248003006, 0.9934821724891663, 0), (6.097709655761719, 0, 0.00000762939453125, 0.9999998807907104) ), ( (0.9951673746109009, -0.0020754269789904356, -0.09817095845937729, 0), (0.0024233809672296047, 0.9999911189079285, 0.003428313648328185, 0), (0.09816303849220276, -0.0036498480476439, 0.9951639771461487, 0), (4.411151885986328, -0.0000152587890625, -0.00000762939453125, 1) ), ( (0.9845129251480103, 0.12775513529777527, 0.12005756050348282, 0), (-0.12940290570259094, 0.9915741682052612, 0.005998088978230953, 0), (-0.11827965825796127, -0.021441001445055008, 0.9927489161491394, 0), (5.721160888671875, 1.1467971801757812, 1.5390515327453613, 1) ), ( (0.9255242347717285, 0.12420479208230972, 0.35773858428001404, 0), (-0.09681086987257004, 0.9908943772315979, -0.09356827288866043, 0), (-0.3661028742790222, 0.05196679010987282, 0.9291219711303711, 0), (10.785743713378906, -0.9973907470703125, 0.2564842700958252, 0.9999998807907104) ), ( (0.9929725527763367, 0.11832880973815918, -0.0020389799028635025, 0), (-0.11819617450237274, 0.9906988739967346, -0.0674271509051323, 0), (-0.005958676338195801, 0.06719428300857544, 0.9977224469184875, 0), (7.438636779785156, 0, 0.000003814697265625, 1.0000001192092896) ), ( (0.9982798099517822, -0.00439863558858633, -0.058465734124183655, 0), (0.004069997929036617, 0.9999751448631287, -0.005736584775149822, 0), (0.05848954617977142, 0.005488838069140911, 0.9982725977897644, 0), (5.4257965087890625, -0.0000152587890625, 0, 1) ), ( (0.18432073295116425, 0.13798528909683228, -0.9731320738792419, 0), (0.5872324109077454, 0.7784895300865173, 0.22161348164081573, 0), (0.7881527543067932, -0.6123025417327881, 0.062462322413921356, 0), (3.109771728515625, 2.0561141967773438, -1.7124710083007812, 1) ), ( (0.9899869561195374, 0.13993315398693085, 0.01856408268213272, 0), (-0.09340231120586395, 0.5507601499557495, 0.8294208645820618, 0), (0.1058393344283104, -0.822849690914154, 0.5583155155181885, 0), (6.267042636871338, 0.00000762939453125, 0, 1) ), ( (0.9896807074546814, -0.011861936189234257, 0.14279693365097046, 0), (0.03679100424051285, 0.9841932654380798, -0.17323258519172668, 0), (-0.13848517835140228, 0.17669862508773804, 0.9744738936424255, 0), (6.388157367706299, 0, 0, 1) ), ( (0.991359293460846, 0.07479977607727051, -0.1077616736292839, 0), (-0.05444211885333061, 0.9820130467414856, 0.1807946413755417, 0), (0.11934687942266464, -0.17336560785770416, 0.9775998592376709, 0), (6.595609664916992, 0.00000762939453125, 0.00000762939453125, 1.0000001192092896) ), ( (0.9994214773178101, -0.0018929860088974237, -0.03397035971283913, 0), (0.0019581380765885115, -0.9935960173606873, 0.11297739297151566, 0), (-0.033966727554798126, -0.11297847330570221, -0.9930169582366943, 0), (8.784785270690918, 5.376256942749023, -0.7295355200767517, 1.0000001192092896) ), ( (0.9999998807907104, 1.501029345263305e-8, -1.25436505626908e-8, 0), (-3.813369531258104e-8, 1, 2.6297737321101522e-8, 0), (-8.545640639567864e-9, -8.534081885613887e-9, 0.9999999403953552, 0), (15.342744827270508, -0.0000019073486328125, -0.00000762939453125, 1) ), ( (0.9999998807907104, 1.501029345263305e-8, -1.25436505626908e-8, 0), (-3.813369531258104e-8, 1, 2.6297737321101522e-8, 0), (-8.545640639567864e-9, -8.534081885613887e-9, 0.9999999403953552, 0), (26.61356544494629, -0.0000019073486328125, -0.00002288818359375, 1) ), ( (0.9999998807907104, 1.501029345263305e-8, -1.25436505626908e-8, 0), (-3.813369531258104e-8, 1, 2.6297737321101522e-8, 0), (-8.545640639567864e-9, -8.534081885613887e-9, 0.9999999403953552, 0), (38.7545166015625, -0.00000476837158203125, -0.00002288818359375, 1) ), ( (0.9670844674110413, 0.25445473194122314, -0.000006392612249328522, 0), (-0.2544547915458679, 0.9670844078063965, 5.422803894816752e-8, 0), (0.00000619598222328932, 0.0000015741699144200538, 1, 0), (19.657073974609375, -3.268247604370117, 1.7881393432617188e-7, 1) ), ( (1.0000001192092896, -7.873165230876111e-9, -5.422884186145893e-8, 0), (1.6201882502286935e-8, 1.0000001192092896, 2.6286107868145336e-7, 0), (5.4237098368048464e-8, -2.6285545118298614e-7, 1, 0), (11.333320617675781, 0, -5.960464477539063e-8, 1) ), ( (1.0000001192092896, -7.873165230876111e-9, -5.422884186145893e-8, 0), (1.6201882502286935e-8, 1.0000001192092896, 0.0000018203962781626615, 0), (5.423843774110537e-8, -0.000001820389570639236, 1, 0), (17.79973602294922, -0.00000762939453125, -5.960464477539063e-8, 1) ), ( (0.9720422029495239, -0.23480729758739471, -0.0000024358291739190463, 0), (0.2348073124885559, 0.9720422029495239, -0.000003075288759646355, 0), (0.000003089837491643266, 0.000002417375299046398, 1, 0), (17.79973602294922, -0.00000762939453125, -5.960464477539063e-8, 1) ), ( (-0.0017046936554834247, -0.07132770866155624, 0.9974508881568909, 0), (0.9997135400772095, -0.023904146626591682, -2.6822431209438946e-7, 0), (0.02384384721517563, 0.9971657395362854, 0.07134866714477539, 0), (14.868545532226562, 15.370951652526855, 1.1920928955078125e-7, 1) ), ( (-2.148195843432177e-9, 0.0698605477809906, 0.9975570440292358, 0), (0.9997271299362183, -0.023301806300878525, 0.0016315877437591553, 0), (0.023358594626188278, 0.9972847700119019, -0.06984186172485352, 0), (14.868545532226562, 15.370952606201172, -8.393712997436523, 1) ), ( (0.9999998807907104, 1.366171398231586e-9, 1.4172346851637485e-8, 0), (3.0347881985193226e-9, 0.9999999403953552, 3.685178029400049e-8, 0), (1.1508589636832767e-9, -4.441752210482264e-8, 1, 0), (0, 0.0000152587890625, -0.00000286102294921875, 1) ), ( (-2.3738830634556507e-7, -0.06986258924007416, 0.9975565671920776, 0), (0.9997270107269287, -0.023301323875784874, -0.0016315877437591553, 0), (0.0233583003282547, 0.9972842335700989, 0.06984353065490723, 0), (14.868545532226562, 15.370950698852539, 8.393474578857422, 1) ), ( (1.0000001192092896, 3.848298124609073e-9, -3.429540207378068e-9, 0), (-2.550923916544434e-9, 1.0000001192092896, 2.568233270494602e-8, 0), (-7.466287144097805e-9, -1.8628389497621356e-8, 1.0000001192092896, 0), (0.00000286102294921875, 0.000030517578125, 9.5367431640625e-7, 1) ), ( (-0.00003508747977321036, 4.1314934806635506e-10, 1, 0), (0.993416428565979, -0.11455822736024857, 0.00003485654451651499, 0), (0.11455827206373215, 0.9934164881706238, 0.000004019566404167563, 0), (29.3651123046875, 0.000003814697265625, 0, 1) ), ( (0.17050957679748535, 0.2597329318523407, 0.9505077004432678, 0), (0.03356880694627762, -0.9656047821044922, 0.25783655047416687, 0), (0.9847838282585144, -0.012056193314492702, -0.1733635514974594, 0), (15.509307861328125, 0.9669153690338135, -6.6177873611450195, 1) ), ( (0.9566007852554321, 0.2572011947631836, -0.1369771957397461, 0), (-0.2556479573249817, 0.9663314819335938, 0.029118714854121208, 0), (0.13985468447208405, 0.00716291181743145, 0.990146279335022, 0), (-25.14794158935547, 0.0000095367431640625, 0.00018310546875, 1) ), ( (0.9999573230743408, -0.009246828965842724, 1.4532115955034897e-8, 0), (0.009246871806681156, 0.9999570846557617, 4.6066823244927946e-8, 0), (-3.029841622037566e-8, -2.1978042497039496e-8, 0.9999999403953552, 0), (-38.7540283203125, 0.00003910064697265625, 0.00067138671875, 1.0000001192092896) ), ( (0.9999999403953552, -5.37849658144296e-8, 9.549108170858744e-8, 0), (2.7531655177881476e-8, 1.0000001192092896, 1.837626939504844e-9, 0), (-8.334782108931904e-8, -2.3682915184508602e-8, 1, 0), (-0.00000762939453125, -0.0000019073486328125, -0.00000762939453125, 0.9999999403953552) ), ( (0.9999999403953552, -5.37849658144296e-8, 9.549108170858744e-8, 0), (2.7531655177881476e-8, 1.0000001192092896, 1.837626939504844e-9, 0), (-8.334782108931904e-8, -2.3682915184508602e-8, 1, 0), (-14.147987365722656, 0.0000152587890625, -0.0005645751953125, 0.9999999403953552) ), ( (0.9999999403953552, -5.37849658144296e-8, 9.549108170858744e-8, 0), (2.7531655177881476e-8, 1.0000001192092896, 1.837626939504844e-9, 0), (-8.334782108931904e-8, -2.3682915184508602e-8, 1, 0), (-26.665939331054688, -0.0000152587890625, 0.00006866455078125, 0.9999999403953552) ), ( (0.9999999403953552, -5.37849658144296e-8, 9.549108170858744e-8, 0), (2.7531655177881476e-8, 1.0000001192092896, 1.837626939504844e-9, 0), (-8.334782108931904e-8, -2.3682915184508602e-8, 1, 0), (-35.37091827392578, -0.0000133514404296875, -0.00014495849609375, 0.9999999403953552) ), ( (0.999108076095581, -0.02366766892373562, -0.03497232124209404, 0), (0.034962546080350876, -0.0008279142784886062, 0.9993884563446045, 0), (-0.0236821211874485, -0.9997197389602661, 3.718068910529837e-7, 0), (-35.37091827392578, -0.0000133514404296875, -0.00014495849609375, 0.9999999403953552) ), ( (0.9791538715362549, 0.11641567200422287, -0.1664460152387619, 0), (-0.11924460530281067, 0.9928394556045532, -0.007070071995258331, 0), (0.16443106532096863, 0.026770498603582382, 0.9860250949859619, 0), (-5.509269714355469, -1.2623214721679688, 2.340566635131836, 1) ), ( (0.9641662240028381, 0.050200145691633224, -0.26050710678100586, 0), (-0.04906783998012543, 0.9987366795539856, 0.01085248775780201, 0), (0.26072269678115845, 0.002318884711712599, 0.9654111266136169, 0), (-12.202056884765625, 1.0621490478515625, -0.16127586364746094, 1) ), ( (0.9934583306312561, 0.11388210207223892, 0.008434407413005829, 0), (-0.11328297853469849, 0.992151141166687, -0.05294087529182434, 0), (-0.014397090300917625, 0.05163907632231712, 0.9985621571540833, 0), (-7.265510559082031, 0.0000762939453125, -0.00002288818359375, 1) ), ( (0.9937320351600647, -0.09726915508508682, 0.05509529635310173, 0), (0.09905495494604111, 0.9946098923683167, -0.03065856173634529, 0), (-0.05181613191962242, 0.03592385724186897, 0.9980100393295288, 0), (-5.057991027832031, -0.0000762939453125, 0.000011444091796875, 1) ), ( (0.9952192306518555, 0.09653493016958237, -0.014802728779613972, 0), (-0.09654584527015686, 0.9953282475471497, -0.00002194567787228152, 0), (0.014731463976204395, 0.0014509832253679633, 0.9998904466629028, 0), (-5.787445068359375, -0.8736572265625, 0.41934680938720703, 1) ), ( (0.9914438128471375, 0.11413209140300751, 0.06334898620843887, 0), (-0.10853874683380127, 0.990395724773407, -0.08564980328083038, 0), (-0.07251591235399246, 0.07804115861654282, 0.9943094253540039, 0), (-11.738632202148438, 1.198211669921875, -0.26409244537353516, 0.9999999403953552) ), ( (0.994632363319397, 0.10327546298503876, 0.006346957292407751, 0), (-0.10310278087854385, 0.9943987131118774, -0.023251306265592575, 0), (-0.008712726645171642, 0.02247214876115322, 0.9997091293334961, 0), (-8.075523376464844, -0.0000457763671875, 0.0000019073486328125, 0.9999998807907104) ), ( (0.991018533706665, -0.13318778574466705, 0.012008932419121265, 0), (0.1336987465620041, 0.9886752963066101, -0.0681648924946785, 0), (-0.0027943109162151814, 0.06915826350450516, 0.9976019263267517, 0), (-5.5839996337890625, 0, 0.00000286102294921875, 1.0000001192092896) ), ( (0.9999997615814209, -2.3155523365403496e-7, -3.237487788965154e-8, 0), (2.589465566416038e-7, 0.9999998211860657, 0.000022926882593310438, 0), (1.5203623249249176e-8, -0.000022922129573998973, 1, 0), (0.13791656494140625, -0.18596649169921875, 0.016174793243408203, 1) ), ( (0.9599371552467346, 0.09357522428035736, 0.2641282081604004, 0), (0.022653870284557343, 0.9135922193527222, -0.4059995412826538, 0), (-0.27929696440696716, 0.395717591047287, 0.8748717904090881, 0), (-5.3833770751953125, -1.7126541137695312, -3.7102489471435547, 1) ), ( (0.7761723399162292, -0.027771001681685448, 0.6299086213111877, 0), (-0.14106743037700653, 0.9660564661026001, 0.2164139747619629, 0), (-0.6145374178886414, -0.2568340599536896, 0.7459088563919067, 0), (-9.636993408203125, -0.00017547607421875, 0.0003662109375, 1) ), ( (0.9960293769836426, 0.033829376101493835, 0.08234871923923492, 0), (-0.027330240234732628, 0.996515154838562, -0.07880857586860657, 0), (-0.08472810685634613, 0.07624493539333344, 0.9934825897216797, 0), (-6.097724914550781, -0.0000152587890625, -0.00003814697265625, 1) ), ( (0.9951673746109009, -0.0020752749405801296, -0.09817096590995789, 0), (0.0024234417360275984, 0.9999909400939941, 0.0034283772110939026, 0), (0.09816301614046097, -0.0036497649271041155, 0.9951637983322144, 0), (-4.41107177734375, -0.00008392333984375, -0.000030517578125, 1) ), ( (0.9845121502876282, 0.1277550309896469, 0.12005753815174103, 0), (-0.12940281629562378, 0.9915733933448792, 0.005998106207698584, 0), (-0.1182795986533165, -0.021440977230668068, 0.9927486777305603, 0), (-5.7215728759765625, -1.1471176147460938, -1.5390682220458984, 1) ), ( (0.925524890422821, 0.12420494854450226, 0.35773876309394836, 0), (-0.09681087732315063, 0.9908952713012695, -0.0935683622956276, 0), (-0.36610299348831177, 0.05196681246161461, 0.9291223883628845, 0), (-10.785751342773438, 0.997314453125, -0.2564905881881714, 0.9999999403953552) ), ( (0.9929722547531128, 0.11832871288061142, -0.0020388776902109385, 0), (-0.11819624900817871, 0.9906983971595764, -0.06742706149816513, 0), (-0.00595889100804925, 0.06719428300857544, 0.9977221488952637, 0), (-7.438636779785156, 0.000030517578125, 0.000011444091796875, 1) ), ( (0.9982796311378479, -0.004398701712489128, -0.0584658645093441, 0), (0.004070177208632231, 0.9999749660491943, -0.005736743099987507, 0), (0.058489661663770676, 0.0054888348095119, 0.9982728362083435, 0), (-5.42572021484375, 0, -0.000003814697265625, 1) ), ( (0.18432067334651947, 0.13798515498638153, -0.9731320738792419, 0), (0.5872321128845215, 0.7784891128540039, 0.22161343693733215, 0), (0.7881521582603455, -0.6123021245002747, 0.06246231123805046, 0), (-3.1101455688476562, -2.0563812255859375, 1.712449073791504, 1) ), ( (0.9899867177009583, 0.139933243393898, 0.018563909456133842, 0), (-0.09340230375528336, 0.5507601499557495, 0.8294211030006409, 0), (0.1058393120765686, -0.8228497505187988, 0.5583159327507019, 0), (-6.267101287841797, -0.0000972747802734375, 0.0001068115234375, 1) ), ( (0.98968106508255, -0.011861717328429222, 0.14279703795909882, 0), (0.03679107874631882, 0.9841936230659485, -0.17323262989521027, 0), (-0.13848523795604706, 0.1766984760761261, 0.9744739532470703, 0), (-6.388144493103027, -0.00000762939453125, -0.0000152587890625, 1) ), ( (0.9913588762283325, 0.07479961216449738, -0.10776171088218689, 0), (-0.05444195866584778, 0.9820127487182617, 0.1807945817708969, 0), (0.11934683471918106, -0.17336557805538177, 0.9775997400283813, 0), (-6.5956573486328125, -0.00005340576171875, -0.0001220703125, 1) ), ( (0.9994176030158997, -0.0019568565767258406, -0.03405860438942909, 0), (-0.0019049468683078885, 0.9935950636863708, -0.11297934502363205, 0), (0.03406151384115219, 0.11297834664583206, 0.9930136203765869, 0), (-8.784599304199219, -5.706298828125, 0.7670474052429199, 1) ), ( (1.0000001192092896, 1.7481294189991559e-9, -1.6047103201799473e-8, 0), (4.185792690236667e-8, 1, 2.365587548069925e-8, 0), (1.6182819528864911e-9, -7.1236261334206574e-9, 1, 0), (-15.342107772827148, 0.0000286102294921875, 0.00057220458984375, 1.0000001192092896) ), ( (1.0000001192092896, 1.7481294189991559e-9, -1.6047103201799473e-8, 0), (4.185792690236667e-8, 1, 2.365587548069925e-8, 0), (1.6182819528864911e-9, -7.1236261334206574e-9, 1, 0), (-26.6136417388916, 0.0000057220458984375, 0.000091552734375, 1.0000001192092896) ), ( (1.0000001192092896, 1.7481294189991559e-9, -1.6047103201799473e-8, 0), (4.185792690236667e-8, 1, 2.365587548069925e-8, 0), (1.6182819528864911e-9, -7.1236261334206574e-9, 1, 0), (-38.7540283203125, 0.00003910064697265625, 0.00067138671875, 1.0000001192092896) ), ( (-0.000026889401851803996, 4.208105253145078e-10, 1, 0), (0.9955337643623352, -0.09440586715936661, 0.00002676933945622295, 0), (0.09440585970878601, 0.9955336451530457, 0.0000025385161279700696, 0), (0.00000762939453125, -42.94146728515625, 2.384185791015625e-7, 1) ), ( (-0.9987306594848633, 0.05025383457541466, 0.003486239816993475, 0), (-0.050253529101610184, -0.9987367391586304, 0.00017541855049785227, 0), (0.0034906507935374975, 0, 0.9999939203262329, 0), (-13.338821411132812, -1.8266208171844482, 21.14995765686035, 1) ), ( (0.997760534286499, 0.06688836961984634, 1.5646961504245382e-9, 0), (-0.06688836216926575, 0.9977604746818542, -1.8269064039344585e-10, 0), (-1.2086255329890605e-9, 9.482080398637294e-11, 1, 0), (34.92951583862305, -4.76837158203125e-7, 0.0000019073486328125, 1) ), ( (0.9944084286689758, -0.060862280428409576, 0.08629976958036423, 0), (-0.07703884690999985, -0.9770378470420837, 0.19864848256111145, 0), (0.07222796976566315, -0.20418620109558105, -0.9762634634971619, 0), (25.875343322753906, 0.000003337860107421875, -0.00000762939453125, 1) ), ( (-0.00001026488644129131, 0.9999998807907104, -0.000001061471039065509, 0), (0.9999999403953552, 0.000010303895578545053, -1.757115342115867e-9, 0), (-8.460624201234168e-9, -0.0000010237952210445656, -0.9999999403953552, 0), (5.705162525177002, 13.571271896362305, -0.00000762939453125, 1) ), ( (1, -1.2105316749000394e-9, 0.000001031095280268346, 0), (1.2909001867456027e-8, 0.9999998807907104, -2.973128232497402e-7, 0), (-0.0000010598846529319417, 3.0059496225476323e-7, 0.9999999403953552, 0), (4.052745819091797, -0.000011444091796875, -0.0000019073486328125, 1) ), ( (0.9999971389770508, -0.0023440809454768896, 0.0000023816155589884147, 0), (0.0023440669756382704, 0.9999972581863403, 3.927695217953442e-7, 0), (-0.0000023578793388878694, -4.179543111604289e-7, 0.9999999403953552, 0), (-0.0000073909759521484375, 0.0000019073486328125, -0.000003814697265625, 1) ), ( (0.07716961205005646, -0.03244117647409439, -0.9964901208877563, 0), (-0.9949803352355957, 0.06135544553399086, -0.07905019819736481, 0), (0.06370455771684647, 0.9975886940956116, -0.0275436844676733, 0), (6.013453483581543, 6.590721130371094, 0.25112342834472656, 1) ), ( (0.9999957084655762, -0.0029237698763608932, -0.000001261027477994503, 0), (0.0029237677808851004, 0.999995768070221, 6.379864316841122e-7, 0), (0.0000012587216815518332, -6.416738642656128e-7, 1, 0), (-0.000865936279296875, 0.000010013580322265625, 0.00000762939453125, 1) ), ( (1, 4.764750816121932e-9, -0.0000015379085880340426, 0), (-1.0262731109378365e-7, 0.9978219866752625, -0.06596728414297104, 0), (0.0000015336307797042537, 0.06596729159355164, 0.9978218674659729, 0), (12.582818984985352, 0.04159688949584961, 0.051731109619140625, 1) ), ( (1, 4.764750816121932e-9, -0.000004035715846839594, 0), (-5.401113298830751e-7, 0.9912967085838318, -0.13164721429347992, 0), (0.00000399841428588843, 0.13164721429347992, 0.9912967085838318, 0), (19.229084014892578, 0.04159879684448242, 0.05173492431640625, 1) ), ( (1, 4.764750816121932e-9, -0.000004818026354769245, 0), (-9.602758836990688e-7, 0.9800574779510498, -0.19871453940868378, 0), (0.0000047184994400595315, 0.19871452450752258, 0.980057418346405, 0), (25.875343322753906, 0.04160261154174805, 0.05172920227050781, 1) ), ( (1, -2.6526976171226124e-9, -0.000001149956347035186, 0), (2.0602164418903612e-10, 1, 4.2653954324123333e-7, 0), (0.0000011503975656523835, -4.2650555087675457e-7, 1, 0), (4.501972198486328, -0.04602670669555664, 0.10348701477050781, 1) ), ( (1, -2.6526976171226124e-9, -0.0000029997956971783424, 0), (-3.519268654272878e-9, 1, 8.347356660054484e-12, 0), (0.000003000016704390873, 1.1676911174096638e-11, 1, 0), (16.538707733154297, -0.04602622985839844, 0.10349464416503906, 1) ), ( (1, -2.6526976171226124e-9, -0.000002689898110475042, 0), (2.0602164418903612e-10, 1, 0.000001272324084311549, 0), (0.000002690459268706036, -0.0000012722732662950875, 1, 0), (32.29451370239258, -0.023018836975097656, 0.0517425537109375, 1) ), ( (0.9987304210662842, -0.05025383085012436, 0.003486239816993475, 0), (0.050253529101610184, 0.9987365007400513, 0.00017541855049785227, 0), (-0.003490650560706854, -1.8189894035458565e-12, 0.9999939203262329, 0), (-13.338844299316406, -1.8266205787658691, -21.149953842163086, 1) ), ( (0.9977605938911438, 0.06688836961984634, 1.3431822321052778e-9, 0), (-0.06688836961984634, 0.997760534286499, -1.8089224562700679e-10, 0), (-1.506633040548877e-9, 8.649583133069072e-11, 1, 0), (-34.92952346801758, 4.76837158203125e-7, -0.0000095367431640625, 1) ), ( (0.9944083094596863, -0.06086226925253868, 0.08629976958036423, 0), (-0.07703884690999985, -0.9770377278327942, 0.19864849746227264, 0), (0.07222795486450195, -0.20418618619441986, -0.9762634038925171, 0), (-25.87529945373535, -0.000004291534423828125, 0.0000019073486328125, 1) ), ( (-0.000010262845535180531, 0.9999999403953552, -0.0000010656756330718054, 0), (0.9999999403953552, 0.00001030522798828315, -9.259421673846191e-9, 0), (-5.34124877660247e-9, -0.000001029927261697594, -1, 0), (-5.705148220062256, -13.571270942687988, 0, 1) ), ( (1.0000001192092896, -6.165475241459717e-9, -2.8183237077428203e-8, 0), (4.982943391240724e-9, 1.0000001192092896, 3.406190955956845e-7, 0), (2.8251054828842825e-9, -3.512051875986799e-7, 1, 0), (-4.052700042724609, -0.00002384185791015625, 0.0000057220458984375, 1) ), ( (0.9999971389770508, -0.0023440737277269363, 0.0000023767067887092708, 0), (0.0023440723307430744, 0.9999972581863403, 4.0742014562056283e-7, 0), (-0.0000023684438019699883, -4.267116935352533e-7, 0.9999999403953552, 0), (0.000008106231689453125, 0, -0.00000762939453125, 1) ), ( (0.07716062664985657, -0.032437391579151154, -0.9964913725852966, 0), (0.994981586933136, -0.06135358661413193, 0.07904091477394104, 0), (-0.06370215117931366, -0.9975894093513489, 0.02754058875143528, 0), (-6.042925834655762, -6.5889081954956055, -0.25344085693359375, 1) ), ( (0.9999955892562866, -0.002923765452578664, -0.0000012610229305209941, 0), (0.0029237703420221806, 0.9999956488609314, 6.383837103385304e-7, 0), (0.0000012586472166731255, -6.420798968065355e-7, 1, 0), (0.0008640289306640625, -0.000010013580322265625, -0.00000762939453125, 1) ), ( (0.9999998807907104, 6.7446537244109095e-9, 2.510278873657512e-9, 0), (-3.7105687411553845e-9, 0.9978218674659729, -0.06596728414297104, 0), (-3.0564994979442872e-9, 0.06596727669239044, 0.9978218078613281, 0), (-12.582771301269531, -0.041597843170166016, -0.05173301696777344, 1) ), ( (0.9999998807907104, -7.048809314014193e-10, -5.100394412371756e-11, 0), (3.022213590497813e-9, 0.991296648979187, -0.13164719939231873, 0), (-1.920099190755309e-9, 0.13164716958999634, 0.9912965893745422, 0), (-19.229026794433594, -0.04160022735595703, -0.05172920227050781, 1) ), ( (0.9999998807907104, -7.048809314014193e-10, 2.5101332123966813e-9, 0), (-7.210808838920002e-9, 0.9800573587417603, -0.19871452450752258, 0), (-3.6105780587547542e-9, 0.19871452450752258, 0.980057418346405, 0), (-25.875314712524414, -0.04160356521606445, -0.05172538757324219, 1) ), ( (1, -6.605488156452566e-9, -1.2586319486640463e-10, 0), (4.570382738933176e-9, 1.0000001192092896, 4.2670279754020157e-7, 0), (-1.1883327655226594e-10, -4.266901214577956e-7, 1, 0), (-4.502025604248047, 0.04602670669555664, -0.10349082946777344, 1) ), ( (1, -6.605488156452566e-9, -1.2586319486640463e-10, 0), (8.450924404712623e-10, 1.0000001192092896, -2.998786982622015e-12, 0), (-1.0423695934180799e-10, 1.3914885736709959e-11, 1, 0), (-16.538742065429688, 0.046027183532714844, -0.10349082946777344, 1) ), ( (1, -6.605488156452566e-9, -1.2586319486640463e-10, 0), (8.450924404712623e-10, 1.0000001192092896, 0.0000012723564850602997, 0), (-3.034173745586344e-10, -0.0000012723644431389403, 1, 0), (-32.294525146484375, 0.023018836975097656, -0.05175018310546875, 1) ), ( (-0.000004770133273268584, -0.000019864566638716497, 1, 0), (1, -0.00008869171142578125, 0.00000476837158203125, 0), (0.00008869161683833227, 1, 0.000019865412468789145, 0), (-0.0000152587890625, 31.619598388671875, 29.164127349853516, 1) ), ( (-0.000004770133273268584, -0.000019864566638716497, 1, 0), (1, -0.00008869171142578125, 0.00000476837158203125, 0), (0.00008869161683833227, 1, 0.000019865412468789145, 0), (0.000335693359375, -47.09482955932617, 28.91485023498535, 1) ), ( (-0.000004770133273268584, -0.000019864566638716497, 1, 0), (1, -0.00008869171142578125, 0.00000476837158203125, 0), (0.00008869161683833227, 1, 0.000019865412468789145, 0), (-0.0000152587890625, 32.35944366455078, -29.84650993347168, 1) ), ( (-0.000004770133273268584, -0.000019864566638716497, 1, 0), (1, -0.00008869171142578125, 0.00000476837158203125, 0), (0.00008869161683833227, 1, 0.000019865412468789145, 0), (0.00035858154296875, -47.09367752075195, -29.027738571166992, 1) )]
        rel skel:animationSource = </SkelRoot/Skeleton/Animation>

        def SkelAnimation "Animation"
        {
            uniform token[] joints = ["root_joint", "root_joint/pelvis_joint", "root_joint/pelvis_joint/spineLower_joint", "root_joint/pelvis_joint/spineLower_joint/spineMiddle_joint", "root_joint/pelvis_joint/spineLower_joint/spineMiddle_joint/spineUpper_joint", "root_joint/pelvis_joint/spineLower_joint/spineMiddle_joint/spineUpper_joint/chest_joint", "root_joint/pelvis_joint/spineLower_joint/spineMiddle_joint/spineUpper_joint/chest_joint/clavicle_left_joint", "root_joint/pelvis_joint/spineLower_joint/spineMiddle_joint/spineUpper_joint/chest_joint/clavicle_left_joint/shoulder_left_joint", "root_joint/pelvis_joint/spineLower_joint/spineMiddle_joint/spineUpper_joint/chest_joint/clavicle_left_joint/shoulder_left_joint/elbow_left_joint", "root_joint/pelvis_joint/spineLower_joint/spineMiddle_joint/spineUpper_joint/chest_joint/clavicle_left_joint/shoulder_left_joint/elbow_left_joint/elbow_partial_left_joint", "root_joint/pelvis_joint/spineLower_joint/spineMiddle_joint/spineUpper_joint/chest_joint/clavicle_left_joint/shoulder_left_joint/elbow_left_joint/armLower_twist_01_left_joint", "root_joint/pelvis_joint/spineLower_joint/spineMiddle_joint/spineUpper_joint/chest_joint/clavicle_left_joint/shoulder_left_joint/elbow_left_joint/armLower_twist_02_left_joint", "root_joint/pelvis_joint/spineLower_joint/spineMiddle_joint/spineUpper_joint/chest_joint/clavicle_left_joint/shoulder_left_joint/elbow_left_joint/armLower_twist_03_left_joint", "root_joint/pelvis_joint/spineLower_joint/spineMiddle_joint/spineUpper_joint/chest_joint/clavicle_left_joint/shoulder_left_joint/elbow_left_joint/handWrist_left_joint", "root_joint/pelvis_joint/spineLower_joint/spineMiddle_joint/spineUpper_joint/chest_joint/clavicle_left_joint/shoulder_left_joint/elbow_left_joint/handWrist_left_joint/handIndexMeta_left_joint", "root_joint/pelvis_joint/spineLower_joint/spineMiddle_joint/spineUpper_joint/chest_joint/clavicle_left_joint/shoulder_left_joint/elbow_left_joint/handWrist_left_joint/handIndexMeta_left_joint/handIndex_00_left_joint", "root_joint/pelvis_joint/spineLower_joint/spineMiddle_joint/spineUpper_joint/chest_joint/clavicle_left_joint/shoulder_left_joint/elbow_left_joint/handWrist_left_joint/handIndexMeta_left_joint/handIndex_00_left_joint/handIndex_01_left_joint", "root_joint/pelvis_joint/spineLower_joint/spineMiddle_joint/spineUpper_joint/chest_joint/clavicle_left_joint/shoulder_left_joint/elbow_left_joint/handWrist_left_joint/handIndexMeta_left_joint/handIndex_00_left_joint/handIndex_01_left_joint/handIndex_02_left_joint", "root_joint/pelvis_joint/spineLower_joint/spineMiddle_joint/spineUpper_joint/chest_joint/clavicle_left_joint/shoulder_left_joint/elbow_left_joint/handWrist_left_joint/handMiddleMeta_left_joint", "root_joint/pelvis_joint/spineLower_joint/spineMiddle_joint/spineUpper_joint/chest_joint/clavicle_left_joint/shoulder_left_joint/elbow_left_joint/handWrist_left_joint/handMiddleMeta_left_joint/handMiddle_00_left_joint", "root_joint/pelvis_joint/spineLower_joint/spineMiddle_joint/spineUpper_joint/chest_joint/clavicle_left_joint/shoulder_left_joint/elbow_left_joint/handWrist_left_joint/handMiddleMeta_left_joint/handMiddle_00_left_joint/handMiddle_01_left_joint", "root_joint/pelvis_joint/spineLower_joint/spineMiddle_joint/spineUpper_joint/chest_joint/clavicle_left_joint/shoulder_left_joint/elbow_left_joint/handWrist_left_joint/handMiddleMeta_left_joint/handMiddle_00_left_joint/handMiddle_01_left_joint/handMiddle_02_left_joint", "root_joint/pelvis_joint/spineLower_joint/spineMiddle_joint/spineUpper_joint/chest_joint/clavicle_left_joint/shoulder_left_joint/elbow_left_joint/handWrist_left_joint/handWrist_partial_left_joint", "root_joint/pelvis_joint/spineLower_joint/spineMiddle_joint/spineUpper_joint/chest_joint/clavicle_left_joint/shoulder_left_joint/elbow_left_joint/handWrist_left_joint/handPinkyMeta_left_joint", "root_joint/pelvis_joint/spineLower_joint/spineMiddle_joint/spineUpper_joint/chest_joint/clavicle_left_joint/shoulder_left_joint/elbow_left_joint/handWrist_left_joint/handPinkyMeta_left_joint/handPinky_00_left_joint", "root_joint/pelvis_joint/spineLower_joint/spineMiddle_joint/spineUpper_joint/chest_joint/clavicle_left_joint/shoulder_left_joint/elbow_left_joint/handWrist_left_joint/handPinkyMeta_left_joint/handPinky_00_left_joint/handPinky_01_left_joint", "root_joint/pelvis_joint/spineLower_joint/spineMiddle_joint/spineUpper_joint/chest_joint/clavicle_left_joint/shoulder_left_joint/elbow_left_joint/handWrist_left_joint/handPinkyMeta_left_joint/handPinky_00_left_joint/handPinky_01_left_joint/handPinky_02_left_joint", "root_joint/pelvis_joint/spineLower_joint/spineMiddle_joint/spineUpper_joint/chest_joint/clavicle_left_joint/shoulder_left_joint/elbow_left_joint/handWrist_left_joint/handRingMeta_left_joint", "root_joint/pelvis_joint/spineLower_joint/spineMiddle_joint/spineUpper_joint/chest_joint/clavicle_left_joint/shoulder_left_joint/elbow_left_joint/handWrist_left_joint/handRingMeta_left_joint/handRing_00_left_joint", "root_joint/pelvis_joint/spineLower_joint/spineMiddle_joint/spineUpper_joint/chest_joint/clavicle_left_joint/shoulder_left_joint/elbow_left_joint/handWrist_left_joint/handRingMeta_left_joint/handRing_00_left_joint/handRing_01_left_joint", "root_joint/pelvis_joint/spineLower_joint/spineMiddle_joint/spineUpper_joint/chest_joint/clavicle_left_joint/shoulder_left_joint/elbow_left_joint/handWrist_left_joint/handRingMeta_left_joint/handRing_00_left_joint/handRing_01_left_joint/handRing_02_left_joint", "root_joint/pelvis_joint/spineLower_joint/spineMiddle_joint/spineUpper_joint/chest_joint/clavicle_left_joint/shoulder_left_joint/elbow_left_joint/handWrist_left_joint/handThumbMeta_left_joint", "root_joint/pelvis_joint/spineLower_joint/spineMiddle_joint/spineUpper_joint/chest_joint/clavicle_left_joint/shoulder_left_joint/elbow_left_joint/handWrist_left_joint/handThumbMeta_left_joint/handThumb_00_left_joint", "root_joint/pelvis_joint/spineLower_joint/spineMiddle_joint/spineUpper_joint/chest_joint/clavicle_left_joint/shoulder_left_joint/elbow_left_joint/handWrist_left_joint/handThumbMeta_left_joint/handThumb_00_left_joint/handThumb_01_left_joint", "root_joint/pelvis_joint/spineLower_joint/spineMiddle_joint/spineUpper_joint/chest_joint/clavicle_left_joint/shoulder_left_joint/elbow_left_joint/handWrist_left_joint/handThumbMeta_left_joint/handThumb_00_left_joint/handThumb_01_left_joint/handThumb_02_left_joint", "root_joint/pelvis_joint/spineLower_joint/spineMiddle_joint/spineUpper_joint/chest_joint/clavicle_left_joint/shoulder_left_joint/elbow_left_joint/handWrist_left_joint/hand_l_socket", "root_joint/pelvis_joint/spineLower_joint/spineMiddle_joint/spineUpper_joint/chest_joint/clavicle_left_joint/shoulder_left_joint/armUpper_twist_01_left_joint", "root_joint/pelvis_joint/spineLower_joint/spineMiddle_joint/spineUpper_joint/chest_joint/clavicle_left_joint/shoulder_left_joint/armUpper_twist_02_left_joint", "root_joint/pelvis_joint/spineLower_joint/spineMiddle_joint/spineUpper_joint/chest_joint/clavicle_left_joint/shoulder_left_joint/armUpper_twist_03_left_joint", "root_joint/pelvis_joint/spineLower_joint/spineMiddle_joint/spineUpper_joint/chest_joint/neck_joint", "root_joint/pelvis_joint/spineLower_joint/spineMiddle_joint/spineUpper_joint/chest_joint/neck_joint/neck_twist_01_joint", "root_joint/pelvis_joint/spineLower_joint/spineMiddle_joint/spineUpper_joint/chest_joint/neck_joint/neck_twist_02_joint", "root_joint/pelvis_joint/spineLower_joint/spineMiddle_joint/spineUpper_joint/chest_joint/neck_joint/head_joint", "root_joint/pelvis_joint/spineLower_joint/spineMiddle_joint/spineUpper_joint/chest_joint/neck_joint/head_joint/head_tracker_target", "root_joint/pelvis_joint/spineLower_joint/spineMiddle_joint/spineUpper_joint/chest_joint/neck_joint/head_joint/eye_offset_right_joint", "root_joint/pelvis_joint/spineLower_joint/spineMiddle_joint/spineUpper_joint/chest_joint/neck_joint/head_joint/eye_offset_right_joint/eye_right_joint", "root_joint/pelvis_joint/spineLower_joint/spineMiddle_joint/spineUpper_joint/chest_joint/neck_joint/head_joint/eye_offset_left_joint", "root_joint/pelvis_joint/spineLower_joint/spineMiddle_joint/spineUpper_joint/chest_joint/neck_joint/head_joint/eye_offset_left_joint/eye_left_joint", "root_joint/pelvis_joint/spineLower_joint/spineMiddle_joint/spineUpper_joint/chest_joint/neck_joint/head_joint/head_socket", "root_joint/pelvis_joint/spineLower_joint/spineMiddle_joint/spineUpper_joint/chest_joint/clavicle_right_joint", "root_joint/pelvis_joint/spineLower_joint/spineMiddle_joint/spineUpper_joint/chest_joint/clavicle_right_joint/shoulder_right_joint", "root_joint/pelvis_joint/spineLower_joint/spineMiddle_joint/spineUpper_joint/chest_joint/clavicle_right_joint/shoulder_right_joint/elbow_right_joint", "root_joint/pelvis_joint/spineLower_joint/spineMiddle_joint/spineUpper_joint/chest_joint/clavicle_right_joint/shoulder_right_joint/elbow_right_joint/elbow_partial_right_joint", "root_joint/pelvis_joint/spineLower_joint/spineMiddle_joint/spineUpper_joint/chest_joint/clavicle_right_joint/shoulder_right_joint/elbow_right_joint/armLower_twist_01_right_joint", "root_joint/pelvis_joint/spineLower_joint/spineMiddle_joint/spineUpper_joint/chest_joint/clavicle_right_joint/shoulder_right_joint/elbow_right_joint/armLower_twist_02_right_joint", "root_joint/pelvis_joint/spineLower_joint/spineMiddle_joint/spineUpper_joint/chest_joint/clavicle_right_joint/shoulder_right_joint/elbow_right_joint/armLower_twist_03_right_joint", "root_joint/pelvis_joint/spineLower_joint/spineMiddle_joint/spineUpper_joint/chest_joint/clavicle_right_joint/shoulder_right_joint/elbow_right_joint/handWrist_right_joint", "root_joint/pelvis_joint/spineLower_joint/spineMiddle_joint/spineUpper_joint/chest_joint/clavicle_right_joint/shoulder_right_joint/elbow_right_joint/handWrist_right_joint/handIndexMeta_right_joint", "root_joint/pelvis_joint/spineLower_joint/spineMiddle_joint/spineUpper_joint/chest_joint/clavicle_right_joint/shoulder_right_joint/elbow_right_joint/handWrist_right_joint/handIndexMeta_right_joint/handIndex_00_right_joint", "root_joint/pelvis_joint/spineLower_joint/spineMiddle_joint/spineUpper_joint/chest_joint/clavicle_right_joint/shoulder_right_joint/elbow_right_joint/handWrist_right_joint/handIndexMeta_right_joint/handIndex_00_right_joint/handIndex_01_right_joint", "root_joint/pelvis_joint/spineLower_joint/spineMiddle_joint/spineUpper_joint/chest_joint/clavicle_right_joint/shoulder_right_joint/elbow_right_joint/handWrist_right_joint/handIndexMeta_right_joint/handIndex_00_right_joint/handIndex_01_right_joint/handIndex_02_right_joint", "root_joint/pelvis_joint/spineLower_joint/spineMiddle_joint/spineUpper_joint/chest_joint/clavicle_right_joint/shoulder_right_joint/elbow_right_joint/handWrist_right_joint/handMiddleMeta_right_joint", "root_joint/pelvis_joint/spineLower_joint/spineMiddle_joint/spineUpper_joint/chest_joint/clavicle_right_joint/shoulder_right_joint/elbow_right_joint/handWrist_right_joint/handMiddleMeta_right_joint/handMiddle_00_right_joint", "root_joint/pelvis_joint/spineLower_joint/spineMiddle_joint/spineUpper_joint/chest_joint/clavicle_right_joint/shoulder_right_joint/elbow_right_joint/handWrist_right_joint/handMiddleMeta_right_joint/handMiddle_00_right_joint/handMiddle_01_right_joint", "root_joint/pelvis_joint/spineLower_joint/spineMiddle_joint/spineUpper_joint/chest_joint/clavicle_right_joint/shoulder_right_joint/elbow_right_joint/handWrist_right_joint/handMiddleMeta_right_joint/handMiddle_00_right_joint/handMiddle_01_right_joint/handMiddle_02_right_joint", "root_joint/pelvis_joint/spineLower_joint/spineMiddle_joint/spineUpper_joint/chest_joint/clavicle_right_joint/shoulder_right_joint/elbow_right_joint/handWrist_right_joint/handWrist_partial_right_joint", "root_joint/pelvis_joint/spineLower_joint/spineMiddle_joint/spineUpper_joint/chest_joint/clavicle_right_joint/shoulder_right_joint/elbow_right_joint/handWrist_right_joint/handPinkyMeta_right_joint", "root_joint/pelvis_joint/spineLower_joint/spineMiddle_joint/spineUpper_joint/chest_joint/clavicle_right_joint/shoulder_right_joint/elbow_right_joint/handWrist_right_joint/handPinkyMeta_right_joint/handPinky_00_right_joint", "root_joint/pelvis_joint/spineLower_joint/spineMiddle_joint/spineUpper_joint/chest_joint/clavicle_right_joint/shoulder_right_joint/elbow_right_joint/handWrist_right_joint/handPinkyMeta_right_joint/handPinky_00_right_joint/handPinky_01_right_joint", "root_joint/pelvis_joint/spineLower_joint/spineMiddle_joint/spineUpper_joint/chest_joint/clavicle_right_joint/shoulder_right_joint/elbow_right_joint/handWrist_right_joint/handPinkyMeta_right_joint/handPinky_00_right_joint/handPinky_01_right_joint/handPinky_02_right_joint", "root_joint/pelvis_joint/spineLower_joint/spineMiddle_joint/spineUpper_joint/chest_joint/clavicle_right_joint/shoulder_right_joint/elbow_right_joint/handWrist_right_joint/handRingMeta_right_joint", "root_joint/pelvis_joint/spineLower_joint/spineMiddle_joint/spineUpper_joint/chest_joint/clavicle_right_joint/shoulder_right_joint/elbow_right_joint/handWrist_right_joint/handRingMeta_right_joint/handRing_00_right_joint", "root_joint/pelvis_joint/spineLower_joint/spineMiddle_joint/spineUpper_joint/chest_joint/clavicle_right_joint/shoulder_right_joint/elbow_right_joint/handWrist_right_joint/handRingMeta_right_joint/handRing_00_right_joint/handRing_01_right_joint", "root_joint/pelvis_joint/spineLower_joint/spineMiddle_joint/spineUpper_joint/chest_joint/clavicle_right_joint/shoulder_right_joint/elbow_right_joint/handWrist_right_joint/handRingMeta_right_joint/handRing_00_right_joint/handRing_01_right_joint/handRing_02_right_joint", "root_joint/pelvis_joint/spineLower_joint/spineMiddle_joint/spineUpper_joint/chest_joint/clavicle_right_joint/shoulder_right_joint/elbow_right_joint/handWrist_right_joint/handThumbMeta_right_joint", "root_joint/pelvis_joint/spineLower_joint/spineMiddle_joint/spineUpper_joint/chest_joint/clavicle_right_joint/shoulder_right_joint/elbow_right_joint/handWrist_right_joint/handThumbMeta_right_joint/handThumb_00_right_joint", "root_joint/pelvis_joint/spineLower_joint/spineMiddle_joint/spineUpper_joint/chest_joint/clavicle_right_joint/shoulder_right_joint/elbow_right_joint/handWrist_right_joint/handThumbMeta_right_joint/handThumb_00_right_joint/handThumb_01_right_joint", "root_joint/pelvis_joint/spineLower_joint/spineMiddle_joint/spineUpper_joint/chest_joint/clavicle_right_joint/shoulder_right_joint/elbow_right_joint/handWrist_right_joint/handThumbMeta_right_joint/handThumb_00_right_joint/handThumb_01_right_joint/handThumb_02_right_joint", "root_joint/pelvis_joint/spineLower_joint/spineMiddle_joint/spineUpper_joint/chest_joint/clavicle_right_joint/shoulder_right_joint/elbow_right_joint/handWrist_right_joint/hand_r_socket", "root_joint/pelvis_joint/spineLower_joint/spineMiddle_joint/spineUpper_joint/chest_joint/clavicle_right_joint/shoulder_right_joint/armUpper_twist_01_right_joint", "root_joint/pelvis_joint/spineLower_joint/spineMiddle_joint/spineUpper_joint/chest_joint/clavicle_right_joint/shoulder_right_joint/armUpper_twist_02_right_joint", "root_joint/pelvis_joint/spineLower_joint/spineMiddle_joint/spineUpper_joint/chest_joint/clavicle_right_joint/shoulder_right_joint/armUpper_twist_03_right_joint", "root_joint/pelvis_joint/spineLower_joint/spineMiddle_joint/spineUpper_joint/chest_joint/back_socket", "root_joint/pelvis_joint/hip_left_joint", "root_joint/pelvis_joint/hip_left_joint/knee_left_joint", "root_joint/pelvis_joint/hip_left_joint/knee_left_joint/footAnkle_left_joint", "root_joint/pelvis_joint/hip_left_joint/knee_left_joint/footAnkle_left_joint/footBall_left_joint", "root_joint/pelvis_joint/hip_left_joint/knee_left_joint/footAnkle_left_joint/footBall_left_joint/footToe_left_joint", "root_joint/pelvis_joint/hip_left_joint/knee_left_joint/footAnkle_left_joint/footAnkle_partial_left_joint", "root_joint/pelvis_joint/hip_left_joint/knee_left_joint/footAnkle_left_joint/foot_l_socket", "root_joint/pelvis_joint/hip_left_joint/knee_left_joint/knee_partial_left_joint", "root_joint/pelvis_joint/hip_left_joint/knee_left_joint/legLower_twist_01_left_joint", "root_joint/pelvis_joint/hip_left_joint/knee_left_joint/legLower_twist_02_left_joint", "root_joint/pelvis_joint/hip_left_joint/knee_left_joint/legLower_twist_03_left_joint", "root_joint/pelvis_joint/hip_left_joint/legUpper_twist_01_left_joint", "root_joint/pelvis_joint/hip_left_joint/legUpper_twist_02_left_joint", "root_joint/pelvis_joint/hip_left_joint/legUpper_twist_03_left_joint", "root_joint/pelvis_joint/hip_right_joint", "root_joint/pelvis_joint/hip_right_joint/knee_right_joint", "root_joint/pelvis_joint/hip_right_joint/knee_right_joint/footAnkle_right_joint", "root_joint/pelvis_joint/hip_right_joint/knee_right_joint/footAnkle_right_joint/footBall_right_joint", "root_joint/pelvis_joint/hip_right_joint/knee_right_joint/footAnkle_right_joint/footBall_right_joint/footToe_right_joint", "root_joint/pelvis_joint/hip_right_joint/knee_right_joint/footAnkle_right_joint/footAnkle_partial_right_joint", "root_joint/pelvis_joint/hip_right_joint/knee_right_joint/footAnkle_right_joint/foot_r_socket", "root_joint/pelvis_joint/hip_right_joint/knee_right_joint/knee_partial_right_joint", "root_joint/pelvis_joint/hip_right_joint/knee_right_joint/legLower_twist_01_right_joint", "root_joint/pelvis_joint/hip_right_joint/knee_right_joint/legLower_twist_02_right_joint", "root_joint/pelvis_joint/hip_right_joint/knee_right_joint/legLower_twist_03_right_joint", "root_joint/pelvis_joint/hip_right_joint/legUpper_twist_01_right_joint", "root_joint/pelvis_joint/hip_right_joint/legUpper_twist_02_right_joint", "root_joint/pelvis_joint/hip_right_joint/legUpper_twist_03_right_joint", "root_joint/pelvis_joint/hip_l_front_socket", "root_joint/pelvis_joint/hip_l_back_socket", "root_joint/pelvis_joint/hip_r_front_socket", "root_joint/pelvis_joint/hip_r_back_socket"]
            quatf[] rotations.timeSamples = {
                0: [(0.99999994, 0.00013562533, 0.00015503872, 0.00035999907), (0.44838148, 0.5387094, 0.46885744, 0.53751194), (0.9979731, -0.05520988, -0.008827668, 0.030393632), (0.99923927, -0.037042063, -0.0012461916, 0.012148295), (0.99928945, -0.036786094, 0.0057624467, 0.005899608), (0.9951892, -0.07314006, 0.01266443, 0.06394702), (0.7370877, -0.022259742, -0.6735125, -0.05086763), (0.90046036, -0.031493813, -0.40472907, 0.15612248), (0.662068, -0.27657276, 0.020166948, 0.69625235), (1, -1.7881393e-7, -4.4703484e-8, 0), (1, -1.7881393e-7, -4.4703484e-8, 0), (1, -1.7881393e-7, -4.4703484e-8, 0), (1, -1.7881393e-7, -4.4703484e-8, 0), (0.59819055, 0.77634203, 0.10977943, -0.1655599), (0.99663496, 0.020345703, 0.056106567, -0.056190625), (0.83029866, 0.008488625, 0.030043319, 0.5564439), (0.78999245, -0.021977544, -0.019891331, 0.61239994), (-0.68634427, -0.026284859, 0.0569268, -0.7245691), (0.9992802, -0.020440802, 0.021817923, -0.02336517), (0.8566887, -0.019272953, -0.012778178, 0.5153158), (0.7177072, 0.027082548, -0.039845273, 0.69467676), (-0.82239205, -0.028544456, 0.050577268, -0.5659497), (1.0000002, -0.000011175871, 0.0000014454126, 0.0000023543835), (0.99754536, 0.0072191507, -0.04883708, 0.049666777), (-0.8959155, 0.05790083, -0.15767853, -0.41124377), (0.7018341, -0.012287378, 0.1275852, 0.70071447), (0.7404468, 0.034911156, 0.16004665, 0.65184784), (0.98937637, -0.13910693, -0.033406556, 0.025854185), (0.8765261, 0.09319036, 0.0322399, 0.47114652), (-0.69454324, 0.0027869195, -0.060778975, -0.7168745), (0.7431606, -0.0009302497, 0.0681217, 0.66563666), (0.8060828, 0.38500428, 0.44829306, -0.032194093), (0.98025197, 0.09286313, -0.07937184, 0.15551105), (0.9501914, 0.07245694, 0.01312843, 0.3028444), (0.9519736, -0.0042261556, 0.0047005415, 0.30611622), (-0.056587838, -0.998253, -0.00001632981, 0.017014056), (1.0000002, -2.9802322e-8, 1.4901161e-8, 0), (1.0000002, -2.9802322e-8, 1.4901161e-8, 0), (1.0000002, -2.9802322e-8, 1.4901161e-8, 0), (0.9884105, 0.15125586, 0.0025591701, 0.012660235), (0.9998626, 0.004796112, -0.013825938, 0.007812245), (0.9997696, 0.004868665, -0.020255879, 0.0051978678), (0.9958663, 0.008138009, -0.044528008, -0.07875179), (0.511307, -0.48755813, -0.47603908, -0.5236789), (0.4761454, -0.5227678, -0.511503, -0.48822656), (1.0000007, 2.2351742e-8, 0, -4.656613e-10), (0.51150346, -0.488226, -0.476145, -0.52276814), (1.0000005, 2.2351742e-8, 4.656613e-10, 2.3283064e-9), (0.47048157, -0.5278543, -0.4704981, -0.5278727), (0.047225825, 0.6948362, 0.037224412, 0.7166499), (0.94715446, 0.012744933, -0.3103782, -0.08000898), (0.64197516, -0.10071804, -0.26489842, 0.7124272), (0.99999994, -6.705524e-8, -4.4703494e-8, -2.980233e-8), (0.99999994, -6.705524e-8, -4.4703494e-8, -2.980233e-8), (0.99999994, -6.705524e-8, -4.4703494e-8, -2.980233e-8), (0.99999994, -6.705524e-8, -4.4703494e-8, -2.980233e-8), (0.62643075, 0.7686806, -0.12569492, -0.030259907), (0.99680495, 0.017483816, 0.05595267, -0.054257512), (0.7968328, -0.10651751, 0.09307587, 0.58740854), (-0.78716254, 0.021792501, 0.017812204, -0.61610365), (0.6936473, 0.042463534, -0.07357545, 0.7152885), (0.99935526, -0.018910557, 0.021516308, -0.021658659), (0.82508177, -0.12358898, 0.065010026, 0.5474855), (-0.7188607, -0.02764126, 0.03548231, -0.69369817), (0.8243331, 0.022773027, -0.049953848, 0.5634379), (1.0000002, 0.000011444092, 0, -1.1920929e-7), (0.98659766, -0.11512337, -0.09221598, 0.06977233), (0.89305186, 0.012572885, 0.21851619, 0.39312947), (-0.6948427, 0.012598665, -0.1279862, -0.7075693), (0.74066806, 0.03537445, 0.15903437, 0.65181845), (0.9897704, -0.13585532, -0.03390783, 0.027360082), (0.87818176, 0.049161926, 0.08719215, 0.46773696), (-0.69317627, 0.009366199, -0.06066957, -0.71814966), (0.74957895, -0.037390254, 0.09651008, 0.6537734), (0.8083879, 0.35815197, 0.46305668, -0.06176623), (0.9845675, 0.08551734, -0.06615177, 0.13761488), (0.961372, 0.12569354, 0.0340347, 0.24250138), (0.9624735, -0.011714302, 0.0052732676, 0.27107129), (0.9982519, -0.05658835, 0.017059878, -0.000012993813), (1, 0, 0, -1.4901161e-8), (1, 0, 0, -1.4901161e-8), (1, 0, 0, -1.4901161e-8), (0.47580725, -0.52306247, -0.47582012, -0.5230765), (-0.16770513, -0.015552751, 0.05335231, 0.98426974), (0.9896064, -0.08392359, 0.017527163, 0.115453005), (0.013476439, 0.9602815, 0.27819225, 0.016946405), (0.0022712946, 0.42204574, 0.9065591, 0.0047866926), (0.9999971, -0.00012730529, 0.0000307709, 0.0024023813), (0.9999993, 2.514571e-7, -0.0000011771917, -0.0011720639), (0.52701557, -0.5107243, 0.50292367, 0.4565993), (0.9999995, 3.17581e-7, 6.109476e-7, -0.0014619213), (0.9994559, -0.033001587, 7.1525574e-7, -2.2351742e-8), (0.9978223, -0.06596734, 0.0000019520521, 1.8253922e-7), (0.9950024, -0.09985649, 0.0000023543835, 2.3841858e-7), (1.0000006, 1.8905848e-7, 5.066395e-7, 2.4214387e-8), (1.0000005, -4.0978193e-8, 0.0000014156103, -3.1664968e-8), (1.0000005, 6.1653554e-7, 0.0000012516975, -3.7252903e-8), (0.93012977, -0.041066714, -0.019047778, -0.3644303), (0.8553022, -0.006352901, -0.0024165167, 0.518085), (0.061012667, 0.99631447, -0.05233451, 0.029932357), (-0.00026029357, 0.7070847, 0.70712847, 0.00015798217), (0.999991, -0.000007022175, 0.000054851193, 0.0041550766), (0.9999989, 2.1606694e-7, -0.0000011101371, -0.0011720216), (-0.5107217, -0.5270136, -0.45660296, 0.5029247), (0.99999887, 2.8300565e-7, 6.4074993e-7, -0.00146183), (0.99945533, -0.033001635, -5.215407e-8, 5.960465e-8), (0.9978217, -0.06596735, 5.2154064e-8, 1.0430813e-7), (0.9950018, -0.09985643, 1.4901161e-8, -1.8626451e-8), (1.0000002, 2.3114262e-7, -1.4901161e-8, 3.1664968e-8), (1.0000001, 4.156027e-8, -2.9802322e-8, -4.656613e-9), (1.0000001, 6.92351e-7, -8.940697e-8, -3.7252903e-9), (0.4999817, -0.5000161, -0.49997407, -0.5000284), (0.4999817, -0.5000161, -0.49997407, -0.5000284), (0.4999817, -0.5000161, -0.49997407, -0.5000284), (0.4999817, -0.5000161, -0.49997407, -0.5000284)],
                1: [(1, 0.00020712992, 0.00024162339, 0.00020858416), (0.45067927, 0.54257333, 0.46614906, 0.5340482), (0.9982063, -0.051296953, -0.0057083424, 0.030333925), (0.99932015, -0.03455462, -0.00022548735, 0.012850981), (0.99939173, -0.034238204, 0.004600188, 0.0047808187), (0.996004, -0.06561221, 0.010481862, 0.059677605), (0.73993415, -0.014491933, -0.67122906, -0.04170257), (0.90341645, -0.033719167, -0.40168178, 0.1461289), (0.65639585, -0.27168873, 0.00016520859, 0.70379686), (1.0000001, -1.7508864e-7, -5.9604645e-8, 3.7252903e-9), (1.0000001, -1.7508864e-7, -5.9604645e-8, 3.7252903e-9), (1.0000001, -1.7508864e-7, -5.9604645e-8, 3.7252903e-9), (1.0000001, -1.7508864e-7, -5.9604645e-8, 3.7252903e-9), (0.63324803, 0.756698, 0.09101797, -0.13461502), (0.996666, 0.01920087, 0.05685403, -0.055282395), (0.8302845, 0.008513987, 0.03007152, 0.5564636), (0.789982, -0.021939121, -0.01993956, 0.61241376), (-0.6863798, -0.026358109, 0.05684734, -0.7245396), (0.99926317, -0.02152482, 0.022568222, -0.022384202), (0.85669005, -0.019196175, -0.012718052, 0.5153184), (0.7176809, 0.02696596, -0.039760184, 0.6947137), (-0.8224046, -0.028514348, 0.05066488, -0.5659255), (1.0000002, -0.000011205673, 0.0000014603138, 0.0000023394823), (0.9975495, 0.006281335, -0.047895156, 0.050619513), (-0.89586425, 0.05800814, -0.15754825, -0.41139013), (0.70186824, -0.012182154, 0.12754841, 0.7006888), (0.74044645, 0.03489276, 0.16004114, 0.6518504), (0.989232, -0.140077, -0.032725845, 0.026984088), (0.8765363, 0.09315896, 0.032269694, 0.47113127), (-0.6944943, 0.002790235, -0.060716264, -0.7169266), (0.74318314, -0.000919722, 0.06810968, 0.6656122), (0.8061545, 0.38360125, 0.44936505, -0.032199822), (0.980237, 0.09292261, -0.07936855, 0.15557046), (0.9501836, 0.07246218, 0.013109669, 0.30286866), (0.95197153, -0.004222788, 0.0047042146, 0.30612257), (-0.05658785, -0.998253, -0.000016306061, 0.017014034), (1.0000001, -2.2351742e-8, 1.1175871e-8, 7.450581e-9), (1.0000001, -2.2351742e-8, 1.1175871e-8, 7.450581e-9), (1.0000001, -2.2351742e-8, 1.1175871e-8, 7.450581e-9), (0.9904647, 0.136857, 0.005957562, 0.014639885), (0.99987996, 0.0038767126, -0.0119559765, 0.00904164), (0.99980235, 0.0039524725, -0.018388357, 0.006432956), (0.99616754, 0.0074141813, -0.039600093, -0.077634044), (0.5113068, -0.48755795, -0.4760389, -0.52367866), (0.4761452, -0.52276754, -0.5115027, -0.48822635), (1.0000001, 2.2351742e-8, 0, -4.656613e-10), (0.5115032, -0.48822576, -0.4761448, -0.52276784), (1.0000001, 2.2351742e-8, 3.4924597e-10, 2.3283064e-9), (0.47048134, -0.527854, -0.47049794, -0.5278725), (0.05369067, 0.6899516, 0.04367292, 0.7205392), (0.9442292, 0.012794473, -0.31977022, -0.07755232), (0.6390599, -0.0945588, -0.27291083, 0.71286786), (0.99999976, -7.4505806e-8, -5.9604645e-8, -2.9802322e-8), (0.99999976, -7.4505806e-8, -5.9604645e-8, -2.9802322e-8), (0.99999976, -7.4505806e-8, -5.9604645e-8, -2.9802322e-8), (0.99999976, -7.4505806e-8, -5.9604645e-8, -2.9802322e-8), (0.63962656, 0.7601283, -0.11327588, -0.015857011), (0.99679226, 0.017063484, 0.05652342, -0.054030493), (0.7968416, -0.10647567, 0.09307169, 0.58740497), (-0.7871597, 0.021793544, 0.017747276, -0.6161091), (0.69365096, 0.042418398, -0.0735823, 0.7152871), (0.9993408, -0.01930146, 0.022092849, -0.021397851), (0.82508945, -0.123554654, 0.06500583, 0.5474817), (-0.7188576, -0.027644806, 0.035424773, -0.6937037), (0.82433456, 0.022732966, -0.049961813, 0.5634357), (1.0000004, 0.000011473894, 2.2351742e-8, -9.685755e-8), (0.9865933, -0.115416676, -0.091629654, 0.070120625), (0.89305264, 0.012571037, 0.21850784, 0.393133), (-0.6948405, 0.012588255, -0.12801063, -0.7075677), (0.74067235, 0.03535027, 0.15903506, 0.6518153), (0.9897329, -0.13619478, -0.03334926, 0.027708344), (0.8781841, 0.049182564, 0.087191924, 0.46773043), (-0.693172, 0.009359635, -0.06070964, -0.7181505), (0.7495816, -0.037420798, 0.096512824, 0.6537684), (0.8085303, 0.35765594, 0.46313754, -0.062168423), (0.98460203, 0.085594505, -0.06559511, 0.13758673), (0.9613729, 0.12570974, 0.03404913, 0.24248731), (0.9624734, -0.01171278, 0.005275402, 0.27107236), (0.99825203, -0.05658838, 0.01705984, -0.000013008714), (0.99999994, 0, 0, 0), (0.99999994, 0, 0, 0), (0.99999994, 0, 0, 0), (0.47580725, -0.52306247, -0.47582015, -0.5230764), (-0.16069399, -0.012502797, 0.049866527, 0.98566437), (0.9886155, -0.07990201, 0.017221633, 0.12632634), (0.009275227, 0.98492056, 0.17228004, 0.012827905), (0.0013196795, 0.5722822, 0.8200399, 0.005009006), (0.9999592, 0.000036144247, -0.000009879628, 0.008976996), (0.9999989, 2.468005e-7, -0.0000012144448, -0.0011720705), (0.5270154, -0.5107242, 0.5029234, 0.45659915), (0.99999905, 3.2200478e-7, 6.3329935e-7, -0.0014619147), (0.9994556, -0.033001557, 7.003546e-7, 6.519258e-9), (0.9978218, -0.065967314, 0.000001937151, 1.6577542e-7), (0.9950019, -0.09985646, 0.0000023692846, 2.1234155e-7), (1.0000002, 1.8440187e-7, 5.066395e-7, 2.7474016e-8), (1.0000002, -5.6810677e-8, 0.0000014081597, -1.7695129e-8), (1.0000002, 6.0210004e-7, 0.0000012591481, -3.585592e-8), (0.9393385, -0.042021185, -0.010246211, -0.34025377), (0.8785633, -0.010933046, 0.0037640054, 0.47748613), (0.054664627, 0.9975563, -0.024513151, 0.03594482), (0.00034311, 0.6919658, 0.721928, 0.0015825874), (0.99999356, -0.0000739368, 0.00009968881, 0.003519163), (0.9999988, 2.3655598e-7, -0.0000010915103, -0.0011720231), (-0.5107217, -0.5270136, -0.45660293, 0.5029247), (0.9999989, 2.8288923e-7, 6.4074993e-7, -0.0014618267), (0.99945533, -0.03300163, -3.3527613e-8, 7.171184e-8), (0.9978218, -0.065967366, 4.8428774e-8, 9.685755e-8), (0.99500185, -0.09985645, 2.2351742e-8, -1.1175871e-8), (1.0000002, 2.5029294e-7, -4.0978193e-8, 4.4237822e-8), (1.0000001, 3.3614924e-8, -1.8626451e-8, -3.7252903e-9), (1.0000001, 7.120252e-7, -6.7055225e-8, -5.122274e-9), (0.49998164, -0.50001603, -0.499974, -0.5000283), (0.49998164, -0.50001603, -0.499974, -0.5000283), (0.49998164, -0.50001603, -0.499974, -0.5000283), (0.49998164, -0.50001603, -0.499974, -0.5000283)],
                2: [(1, 0.000040665655, 0.00009771698, 0.00019796348), (0.4604143, 0.5282044, 0.46194607, 0.543714), (0.99820256, -0.04970029, -0.013448425, 0.030674737), (0.9991519, -0.03987905, 0.0042123944, 0.009358935), (0.9991717, -0.039695326, 0.008566216, 0.0026747733), (0.9931906, -0.095482565, 0.017274946, 0.064477816), (0.7496145, -0.012070626, -0.66165406, -0.012098208), (0.8857647, -0.031177461, -0.42644858, 0.18052852), (0.60465497, -0.30196428, 0.0816161, 0.732495), (0.9999999, -1.6391277e-7, -2.9802322e-8, 7.450581e-9), (0.9999999, -1.6391277e-7, -2.9802322e-8, 7.450581e-9), (0.9999999, -1.6391277e-7, -2.9802322e-8, 7.450581e-9), (0.9999999, -1.6391277e-7, -2.9802322e-8, 7.450581e-9), (0.67961544, 0.72310364, 0.12260717, -0.014550835), (0.9965844, 0.018272609, 0.059286922, -0.054508775), (0.8303273, 0.008567244, 0.029987216, 0.55640346), (0.7900081, -0.021963298, -0.019881316, 0.6123809), (-0.68631667, -0.026261896, 0.056899577, -0.7245984), (0.99920714, -0.02234599, 0.024988413, -0.021488786), (0.85671914, -0.019198298, -0.012813121, 0.5152669), (0.7177288, 0.027070552, -0.039844647, 0.69465524), (-0.82236516, -0.02853629, 0.05057001, -0.5659904), (1.0000001, -0.000011146069, 0.0000014603138, 0.0000023245811), (0.99761736, 0.0056818724, -0.0454655, 0.05158323), (-0.895975, 0.057829052, -0.15759307, -0.41115677), (0.70180094, -0.012292445, 0.12759963, 0.7007449), (0.7404581, 0.034921587, 0.16002336, 0.6518402), (0.98917985, -0.14072782, -0.030396253, 0.028203487), (0.87657, 0.09326887, 0.032215446, 0.47105002), (-0.69449496, 0.0028279126, -0.06078063, -0.71692), (0.74318576, -0.00091832876, 0.06808898, 0.66561085), (0.8068491, 0.38338894, 0.4482598, -0.032729268), (0.98077554, 0.09320853, -0.076278836, 0.1535379), (0.95017004, 0.072451346, 0.013132274, 0.30291235), (0.9519708, -0.004225418, 0.0047053695, 0.30612493), (-0.056587804, -0.99825287, -0.000016348436, 0.01701403), (1, -2.9802322e-8, 0, 2.9802322e-8), (1, -2.9802322e-8, 0, 2.9802322e-8), (1, -2.9802322e-8, 0, 2.9802322e-8), (0.98536015, 0.17024478, 0.0048196763, 0.0076769292), (0.9994217, 0.0066813193, -0.023527518, 0.023622017), (0.9993072, 0.006878743, -0.029949486, 0.020995978), (0.9959482, 0.017690083, -0.058596008, -0.06588558), (0.5113068, -0.487558, -0.476039, -0.5236787), (0.47614527, -0.52276766, -0.5115028, -0.4882264), (1.0000004, 2.2351742e-8, 0, 0), (0.5115032, -0.48822582, -0.47614488, -0.522768), (1.0000001, 2.2351742e-8, 4.656613e-10, 1.8626451e-9), (0.4704814, -0.527854, -0.47049797, -0.5278725), (0.0978407, 0.68638706, 0.004939109, 0.7206079), (0.95240307, 0.013715982, -0.26777798, -0.14503539), (0.649864, -0.004829824, -0.32931396, 0.6849861), (0.9999998, -7.4505806e-8, -2.9802322e-8, -2.2351742e-8), (0.9999998, -7.4505806e-8, -2.9802322e-8, -2.2351742e-8), (0.9999998, -7.4505806e-8, -2.9802322e-8, -2.2351742e-8), (0.9999998, -7.4505806e-8, -2.9802322e-8, -2.2351742e-8), (0.6929033, 0.7119784, -0.11139502, 0.023737341), (0.99677217, 0.01703468, 0.056520045, -0.054415792), (0.79685533, -0.106470466, 0.093007475, 0.5873972), (-0.787164, 0.021781147, 0.017802369, -0.6161021), (0.6936523, 0.042447448, -0.07354683, 0.71528727), (0.9993315, -0.019343048, 0.02210486, -0.021785617), (0.82510567, -0.123549625, 0.06494382, 0.5474663), (-0.7188608, -0.02765657, 0.035476036, -0.69369787), (0.8243371, 0.022755444, -0.049922258, 0.5634354), (1.0000004, 0.000011473894, 0, -1.1920929e-7), (0.9866134, -0.11549781, -0.091600284, 0.06974438), (0.8930601, 0.0126081705, 0.21851219, 0.39311266), (-0.69485646, 0.012655914, -0.127967, -0.7075585), (0.74066657, 0.035374954, 0.15900809, 0.651827), (0.98973656, -0.13626073, -0.033290535, 0.027327955), (0.8781995, 0.049208343, 0.08715096, 0.46770644), (-0.69317853, 0.0094123185, -0.060671277, -0.7181467), (0.74957955, -0.037396476, 0.09648189, 0.6537765), (0.8085736, 0.35762444, 0.46296725, -0.0630514), (0.98454547, 0.08560105, -0.06531501, 0.13811967), (0.96136844, 0.12571663, 0.03405878, 0.2424996), (0.9624721, -0.011712205, 0.005277574, 0.27107668), (0.9982521, -0.05658838, 0.017059863, -0.00001296401), (1.0000001, 0, 2.9802322e-8, 0), (1.0000001, 0, 2.9802322e-8, 0), (1.0000001, 0, 2.9802322e-8, 0), (0.4758072, -0.52306235, -0.47582006, -0.52307636), (-0.18733579, -0.021766372, 0.05142808, 0.98070735), (0.97314847, -0.096099354, 0.034239054, 0.20633665), (0.04122655, 0.939913, 0.33890402, 0.0028254688), (0.0072486103, 0.8094295, 0.58717036, 0.0012839139), (0.9999807, -0.000009864569, -0.000110030174, 0.006137982), (0.99999905, 2.4959445e-7, -0.0000011622906, -0.001172062), (0.52701545, -0.51072425, 0.5029236, 0.45659924), (0.9999993, 3.1944364e-7, 5.9604645e-7, -0.0014619231), (0.9994557, -0.03300159, 7.4505806e-7, -3.7252903e-9), (0.9978221, -0.065967366, 0.000002026558, 1.7881393e-7), (0.99500215, -0.099856466, 0.0000023543835, 2.0861626e-7), (1.0000005, 1.7695129e-7, 5.066395e-7, 2.2351742e-8), (1.0000004, -3.7252903e-8, 0.0000013709068, -4.8428774e-8), (1.0000004, 5.9604645e-7, 0.0000012814999, -2.2351742e-8), (0.9756118, -0.0401508, 0.009518318, -0.21559013), (0.9998275, -0.002083242, 0.008315787, 0.01647826), (0.015722524, 0.9952655, -0.019457303, 0.09391734), (0.0063537657, 0.58265156, 0.81262636, 0.01069653), (0.9999963, -0.00007294491, -0.00006404519, 0.0025158226), (0.9999987, 2.0116568e-7, -0.0000011026859, -0.0011720583), (-0.5107216, -0.52701354, -0.4566029, 0.50292456), (0.9999989, 2.682209e-7, 6.109476e-7, -0.0014618337), (0.99945533, -0.033001665, -5.9604645e-8, 9.685755e-8), (0.9978218, -0.06596738, -1.4901161e-8, 1.2665987e-7), (0.9950019, -0.09985642, 2.9802322e-8, -2.2351742e-8), (1.0000002, 2.6635826e-7, 1.4901161e-8, 5.2154064e-8), (1.0000001, 3.1664968e-8, -2.9802322e-8, -3.7252903e-9), (1.0000001, 7.264316e-7, -5.9604645e-8, 0), (0.49998173, -0.5000161, -0.4999741, -0.5000283), (0.49998173, -0.5000161, -0.4999741, -0.5000283), (0.49998173, -0.5000161, -0.4999741, -0.5000283), (0.49998173, -0.5000161, -0.4999741, -0.5000283)],
                3: [(1, 0.00022504834, -0.00011293001, 0.000002404171), (0.45981094, 0.5328017, 0.4616713, 0.5399593), (0.9978907, -0.054111786, -0.010785386, 0.03420054), (0.9991978, -0.038382918, 0.0054437295, 0.010035418), (0.9992505, -0.038297065, 0.00549414, 0.0013644621), (0.99316823, -0.09778837, 0.015300781, 0.061811715), (0.7560761, -0.00049203634, -0.6544801, -0.0022087544), (0.8876472, -0.027478784, -0.4317951, 0.15773565), (0.59462833, -0.29585972, 0.07159883, 0.7441492), (0.99999994, -1.7881393e-7, -2.9802322e-8, 0), (0.99999994, -1.7881393e-7, -2.9802322e-8, 0), (0.99999994, -1.7881393e-7, -2.9802322e-8, 0), (0.99999994, -1.7881393e-7, -2.9802322e-8, 0), (0.6980918, 0.70405185, 0.12855402, 0.021280348), (0.99659073, 0.018168569, 0.059797555, -0.05386433), (0.8303133, 0.008558512, 0.03001973, 0.55642223), (0.79002196, -0.02194658, -0.019873433, 0.6123633), (-0.68629104, -0.026257962, 0.05687371, -0.7246244), (0.9992075, -0.0224078, 0.025475353, -0.020821124), (0.856707, -0.01921904, -0.012753576, 0.5152877), (0.71772367, 0.027011037, -0.0398708, 0.6946608), (-0.8223657, -0.028559536, 0.05061686, -0.5659834), (1, -0.000011175871, 0.0000014603138, 0.0000023245811), (0.9976077, 0.0056754947, -0.04491833, 0.052241206), (-0.895972, 0.057838887, -0.15753542, -0.41118303), (0.70179886, -0.0122508705, 0.12760705, 0.70074576), (0.74045324, 0.034928262, 0.16002256, 0.6518449), (0.9891709, -0.14072946, -0.029990852, 0.028927922), (0.87656176, 0.09323785, 0.032257974, 0.47106865), (-0.69448495, 0.0028437376, -0.0607363, -0.71693355), (0.7431884, -0.00089135766, 0.06807664, 0.6656095), (0.80691254, 0.38286397, 0.44857648, -0.032966793), (0.9807685, 0.09328606, -0.07562894, 0.153856), (0.95017385, 0.072456375, 0.013139054, 0.30289838), (0.95197016, -0.004221767, 0.00470376, 0.30612618), (-0.056587793, -0.99825275, -0.000016340986, 0.017014002), (1.0000001, -2.9802322e-8, 0, 2.9802322e-8), (1.0000001, -2.9802322e-8, 0, 2.9802322e-8), (1.0000001, -2.9802322e-8, 0, 2.9802322e-8), (0.9841738, 0.17388493, 0.030041292, 0.016249225), (0.9994731, 0.006576106, -0.022246584, 0.02271441), (0.99936444, 0.0067634434, -0.028669477, 0.020089384), (0.9941317, 0.013458268, -0.07465335, -0.07712839), (0.5113072, -0.48755828, -0.47603917, -0.523679), (0.4761455, -0.52276796, -0.5115031, -0.4882267), (1.000001, 2.2351742e-8, 0, -4.656613e-10), (0.5115036, -0.48822606, -0.47614512, -0.52276826), (1.0000007, 2.2351742e-8, 0, 1.8626451e-9), (0.47048163, -0.5278543, -0.47049823, -0.52787274), (0.11591992, 0.67697793, -0.010546863, 0.7267411), (0.9469224, 0.009501278, -0.28216556, -0.1537221), (0.64907676, 0.009012684, -0.34465313, 0.67810965), (0.9999999, -8.940697e-8, -2.9802322e-8, -2.2351742e-8), (0.9999999, -8.940697e-8, -2.9802322e-8, -2.2351742e-8), (0.9999999, -8.940697e-8, -2.9802322e-8, -2.2351742e-8), (0.9999999, -8.940697e-8, -2.9802322e-8, -2.2351742e-8), (0.74097884, 0.6637691, -0.095516816, 0.035181046), (0.99678946, 0.016182363, 0.056581974, -0.05428955), (0.7968627, -0.106380135, 0.09304488, 0.5873972), (-0.7871573, 0.021893501, 0.017695043, -0.6161095), (0.6936552, 0.042383254, -0.073623, 0.7152803), (0.99931604, -0.02018854, 0.022190452, -0.021624207), (0.8251182, -0.12346211, 0.06497678, 0.54746246), (-0.7188589, -0.02755636, 0.035370544, -0.69370836), (0.8243377, 0.022702992, -0.04999146, 0.5634294), (1.0000001, 0.000011503696, 2.9802322e-8, -1.1920929e-7), (0.9865116, -0.11630651, -0.09144643, 0.07003769), (0.8930832, 0.0127081275, 0.218535, 0.39304343), (-0.69483286, 0.012784541, -0.12807824, -0.7075589), (0.7406716, 0.035311654, 0.15892681, 0.6518441), (0.9896202, -0.13708219, -0.033180833, 0.027555317), (0.87820446, 0.049295813, 0.08718103, 0.46768156), (-0.69316375, 0.009529442, -0.0607789, -0.7181498), (0.7495873, -0.03746316, 0.09640244, 0.65377533), (0.8090762, 0.35647786, 0.46282864, -0.06410125), (0.98448634, 0.08576338, -0.06465769, 0.13874601), (0.9613639, 0.12573363, 0.034057975, 0.24250814), (0.96247077, -0.011717491, 0.0052934587, 0.271079), (0.9982519, -0.05658835, 0.017059863, -0.00001296401), (1.0000002, -2.9802322e-8, 2.9802322e-8, 0), (1.0000002, -2.9802322e-8, 2.9802322e-8, 0), (1.0000002, -2.9802322e-8, 2.9802322e-8, 0), (0.47580725, -0.52306247, -0.47582012, -0.5230764), (-0.09661804, 0.0058447532, 0.053972304, 0.9938401), (0.89605963, -0.0902209, 0.066110194, 0.42961276), (0.030268818, 0.96782535, 0.24969777, -0.006990373), (0.011984289, 0.79251117, 0.609733, 0.0028331578), (0.99999285, -0.00010138005, -0.0001039654, 0.003757745), (0.99999917, 2.5331974e-7, -0.0000011920929, -0.0011720657), (0.52701545, -0.51072425, 0.5029236, 0.45659924), (0.9999994, 3.1013042e-7, 5.9604645e-7, -0.0014619287), (0.9994558, -0.033001587, 7.1525574e-7, -3.3527613e-8), (0.99782217, -0.065967344, 0.0000019669533, 1.7136335e-7), (0.99500227, -0.09985647, 0.0000023543835, 2.30968e-7), (1.0000005, 1.7182902e-7, 5.066395e-7, 1.4901161e-8), (1.0000005, -6.6589564e-8, 0.0000014007092, -3.7252903e-8), (1.0000005, 5.5949204e-7, 0.0000012814999, -4.8428774e-8), (0.9804058, -0.04811657, 0.008854512, -0.1908166), (0.99928725, -0.00053718686, 0.019893475, 0.03207987), (-0.0022210013, 0.9976933, -0.027366674, 0.062081635), (0.0014758408, 0.6323466, 0.7745985, 0.01149857), (0.9999891, 0.000075681135, -0.000018239021, 0.00459636), (0.9999986, 1.9744039e-7, -0.0000010803342, -0.0011720918), (-0.5107216, -0.52701354, -0.45660287, 0.50292456), (0.999999, 2.4959445e-7, 6.2584877e-7, -0.0014618263), (0.9994554, -0.033001598, -4.4703484e-8, 5.9604645e-8), (0.99782187, -0.0659674, 3.7252903e-8, 1.4156103e-7), (0.99500203, -0.09985645, 2.2351742e-8, -2.2351742e-8), (1.0000002, 2.803281e-7, -1.4901161e-8, 5.2154064e-8), (1, 3.1664968e-8, -2.9802322e-8, 0), (1, 6.798655e-7, -5.9604645e-8, -3.7252903e-9), (0.49998167, -0.5000161, -0.49997407, -0.5000283), (0.49998167, -0.5000161, -0.49997407, -0.5000283), (0.49998167, -0.5000161, -0.49997407, -0.5000283), (0.49998167, -0.5000161, -0.49997407, -0.5000283)],
                4: [(1, 0.00014340391, 0.00012595012, -0.00000614616), (0.45695093, 0.5386843, 0.46345228, 0.53500205), (0.9973178, -0.060282584, -0.0058315545, 0.041101176), (0.9991902, -0.03578081, 0.0072405934, 0.01691772), (0.9993764, -0.035083886, 0.0039679557, -0.00017374754), (0.9940842, -0.093284115, 0.0116520375, 0.05439198), (0.75781304, 0.005656928, -0.65234244, 0.011661619), (0.8914259, -0.030908644, -0.43706557, 0.11566104), (0.59216166, -0.28593943, 0.019102752, 0.7531384), (0.9999994, -1.7881393e-7, -5.9604645e-8, 7.450581e-9), (0.9999994, -1.7881393e-7, -5.9604645e-8, 7.450581e-9), (0.9999994, -1.7881393e-7, -5.9604645e-8, 7.450581e-9), (0.9999994, -1.7881393e-7, -5.9604645e-8, 7.450581e-9), (0.71750474, 0.68384457, 0.11990723, 0.056257337), (0.9966343, 0.018343657, 0.059611112, -0.053194135), (0.8303116, 0.008551419, 0.030044109, 0.5564229), (0.79004496, -0.021965593, -0.019845843, 0.61233324), (-0.6862403, -0.026226223, 0.056929767, -0.7246687), (0.9992304, -0.022215486, 0.025257856, -0.020159572), (0.8567047, -0.019239277, -0.012751877, 0.51528984), (0.71776897, 0.027069122, -0.039846286, 0.69461256), (-0.8223027, -0.02851671, 0.05059707, -0.5660779), (0.9999995, -0.000011175871, 0.0000014305115, 0.0000023543835), (0.9975593, 0.0058895648, -0.045143843, 0.052935064), (-0.89601266, 0.057857513, -0.15762101, -0.4110583), (0.7017092, -0.012339294, 0.1275303, 0.7008475), (0.74048054, 0.03499332, 0.15998212, 0.6518197), (0.98917377, -0.14051214, -0.030293554, 0.02954778), (0.8765839, 0.09318021, 0.032314807, 0.4710341), (-0.69442904, 0.0028817356, -0.06063156, -0.716996), (0.7432136, -0.0008224249, 0.06804541, 0.6655843), (0.80697244, 0.38256234, 0.44874665, -0.032670677), (0.98071474, 0.09330436, -0.07547696, 0.15425873), (0.95017886, 0.072447516, 0.013141736, 0.3028834), (0.9519668, -0.0042063296, 0.0047053695, 0.30613548), (-0.056587785, -0.9982523, -0.000016281381, 0.017013997), (0.99999964, -2.9802322e-8, 1.4901161e-8, 0), (0.99999964, -2.9802322e-8, 1.4901161e-8, 0), (0.99999964, -2.9802322e-8, 1.4901161e-8, 0), (0.9841016, 0.17218685, 0.040572837, 0.015769199), (0.9996592, 0.0048736073, -0.016593203, 0.019525923), (0.9995788, 0.005026933, -0.02302149, 0.016910937), (0.9929631, 0.0065781195, -0.081068486, -0.08607065), (0.51130664, -0.4875577, -0.47603872, -0.5236785), (0.47614503, -0.5227674, -0.51150256, -0.48822615), (0.9999999, 1.4901161e-8, 0, -4.656613e-10), (0.51150304, -0.48822555, -0.4761446, -0.5227677), (0.99999964, 2.2351742e-8, 4.656613e-10, 1.8626451e-9), (0.47048116, -0.52785385, -0.47049776, -0.5278722), (0.11728957, 0.67878735, -0.015460134, 0.72474194), (0.94007033, 0.013568133, -0.31986845, -0.11733225), (0.6554004, -0.030379772, -0.30878508, 0.6886059), (0.99999917, -5.9604645e-8, -5.9604645e-8, -4.4703484e-8), (0.99999917, -5.9604645e-8, -5.9604645e-8, -4.4703484e-8), (0.99999917, -5.9604645e-8, -5.9604645e-8, -4.4703484e-8), (0.99999917, -5.9604645e-8, -5.9604645e-8, -4.4703484e-8), (0.773435, 0.6274458, -0.08901301, 0.013635159), (0.99681085, 0.016029805, 0.05572921, -0.054814845), (0.7968472, -0.106443465, 0.09303418, 0.58740795), (-0.7871783, 0.021743506, 0.017840758, -0.6160833), (0.693627, 0.042563736, -0.07346693, 0.7153126), (0.99931765, -0.020385832, 0.021361738, -0.022173733), (0.82509696, -0.123526275, 0.06496695, 0.5474804), (-0.71887517, -0.027699351, 0.035529755, -0.6936772), (0.8243207, 0.022882909, -0.049824476, 0.5634612), (0.99999976, 0.000011503696, 0, -1.4901161e-7), (0.9864439, -0.11665249, -0.09219557, 0.06942648), (0.8930669, 0.012762696, 0.21852213, 0.39308497), (-0.6948435, 0.012751192, -0.12820204, -0.7075262), (0.7406736, 0.035245046, 0.1589452, 0.6518406), (0.98957574, -0.13734335, -0.03392476, 0.026925683), (0.8781967, 0.04931429, 0.08717981, 0.4676938), (-0.6931641, 0.009490371, -0.060885422, -0.71814066), (0.7495862, -0.0375264, 0.09642404, 0.6537693), (0.80918676, 0.3568759, 0.4622708, -0.06450978), (0.98448116, 0.08531131, -0.06492075, 0.13893652), (0.9613699, 0.12571763, 0.03403628, 0.24249478), (0.96247286, -0.011726029, 0.005297452, 0.27107126), (0.99825144, -0.056588322, 0.017059863, -0.000012993813), (0.9999995, -2.9802322e-8, 0, 0), (0.9999995, -2.9802322e-8, 0, 0), (0.9999995, -2.9802322e-8, 0, 0), (0.4758069, -0.5230621, -0.47581983, -0.52307606), (-0.0028939247, 0.018215561, 0.05647376, 0.99823385), (0.78819233, -0.07466002, 0.08176106, 0.6053877), (0.009216785, 0.9783543, 0.2061086, -0.016045153), (0.00662148, 0.75549746, 0.65510845, 0.0035536587), (0.9999975, 0.00015474856, 0.00007909536, 0.0022081137), (0.99999934, 2.514571e-7, -0.0000011622906, -0.001172056), (0.52701557, -0.51072437, 0.5029236, 0.45659927), (0.99999946, 3.1571835e-7, 6.2584877e-7, -0.0014619175), (0.9994558, -0.033001583, 7.1525574e-7, -2.2351742e-8), (0.99782217, -0.065967344, 0.000002026558, 1.7508864e-7), (0.9950023, -0.09985649, 0.0000023841858, 2.2351742e-7), (1.0000005, 2.0302832e-7, 4.61936e-7, 7.450581e-9), (1.0000005, -6.146729e-8, 0.0000014081597, -2.2351742e-8), (1.0000005, 6.100163e-7, 0.000001244247, -1.8626451e-8), (0.97349966, -0.052469656, 0.007323291, -0.22246736), (0.9729574, -0.0036060978, 0.01896883, 0.23017564), (0.0139468685, 0.99508333, -0.08374494, 0.050997615), (-0.0021542013, 0.7170997, 0.6969607, 0.0028123558), (0.99997044, 0.00026384369, -0.0001848042, 0.0075984346), (0.99999845, 1.9557774e-7, -0.0000010831282, -0.0011720397), (-0.5107215, -0.52701336, -0.4566028, 0.50292444), (0.9999987, 2.9057264e-7, 6.482005e-7, -0.0014618747), (0.9994552, -0.033001643, -1.4901161e-8, 4.8428774e-8), (0.9978217, -0.06596731, 1.4901161e-8, 1.1920929e-7), (0.9950018, -0.09985641, 1.4901161e-8, -7.450581e-9), (1, 2.8312206e-7, 1.4901161e-8, 6.7055225e-8), (1, 3.259629e-8, -1.4901161e-8, 0), (0.9999999, 6.845221e-7, -1.0430813e-7, 1.1175871e-8), (0.49998167, -0.50001603, -0.49997413, -0.5000283), (0.49998167, -0.50001603, -0.49997413, -0.5000283), (0.49998167, -0.50001603, -0.49997413, -0.5000283), (0.49998167, -0.50001603, -0.49997413, -0.5000283)],
                5: [(0.9999999, -0.00015166072, 0.0003982397, 0.00033127682), (0.44782844, 0.5492953, 0.47757572, 0.51927435), (0.99590236, -0.07752506, -0.0044689253, 0.046350557), (0.9992761, -0.02544424, 0.008166492, 0.02707734), (0.9997023, -0.02413061, 0.00360474, -0.00009231269), (0.99556744, -0.08248087, 0.01177077, 0.043633424), (0.75912505, 0.023729682, -0.64999616, 0.025901876), (0.8927055, -0.029450238, -0.43873596, 0.09859079), (0.6073438, -0.29810694, -0.04637426, 0.73492527), (0.99999976, -1.7881393e-7, -5.9604645e-8, 7.450581e-9), (0.99999976, -1.7881393e-7, -5.9604645e-8, 7.450581e-9), (0.99999976, -1.7881393e-7, -5.9604645e-8, 7.450581e-9), (0.99999976, -1.7881393e-7, -5.9604645e-8, 7.450581e-9), (0.71213436, 0.68961996, 0.12094268, 0.05158955), (0.99664634, 0.019528061, 0.058663994, -0.053599656), (0.8303191, 0.008528978, 0.030023545, 0.5564134), (0.7900865, -0.021936536, -0.01980035, 0.61228245), (-0.68614614, -0.026152253, 0.05686596, -0.72476596), (0.9992692, -0.021082342, 0.024290502, -0.020646214), (0.8567082, -0.01926294, -0.012773812, 0.5152831), (0.7178083, 0.027109295, -0.039832175, 0.6945717), (-0.82224613, -0.028485596, 0.050520092, -0.566169), (0.99999964, -0.000011175871, 0.0000014603138, 0.0000023245811), (0.9975302, 0.0068954527, -0.046235234, 0.05241871), (-0.89602286, 0.05779013, -0.15759197, -0.41105705), (0.70173407, -0.012295485, 0.12762594, 0.70080626), (0.74047434, 0.03497404, 0.16001523, 0.65182), (0.9893096, -0.13948268, -0.031249106, 0.02888143), (0.8765779, 0.093213916, 0.03224531, 0.47104368), (-0.6944573, 0.0028178096, -0.060709298, -0.7169624), (0.7432034, -0.00083458424, 0.068084925, 0.66559154), (0.80687505, 0.3832851, 0.44829723, -0.032779455), (0.9805595, 0.09338935, -0.07564007, 0.15511242), (0.9501709, 0.072422825, 0.013146281, 0.30291444), (0.95197034, -0.0042098016, 0.004700303, 0.30612504), (-0.056587793, -0.99825245, -0.000016344711, 0.017013997), (1, 0, 7.450581e-9, 2.9802322e-8), (1, 0, 7.450581e-9, 2.9802322e-8), (1, 0, 7.450581e-9, 2.9802322e-8), (0.9893209, 0.14299375, 0.028220743, -0.0007169619), (0.99981403, 0.0041022524, -0.015377104, 0.010872925), (0.9997191, 0.0041948184, -0.021808535, 0.008263096), (0.99536926, -0.0025860649, -0.055285178, -0.07859137), (0.5113068, -0.48755786, -0.47603884, -0.5236786), (0.47614518, -0.52276754, -0.5115026, -0.48822632), (1.0000001, 2.2351742e-8, 0, -4.656613e-10), (0.51150316, -0.48822567, -0.47614473, -0.52276784), (0.99999994, 2.2351742e-8, 4.656613e-10, 2.2118911e-9), (0.4704813, -0.527854, -0.47049785, -0.52787244), (0.101090826, 0.6822908, -0.002946645, 0.7240518), (0.9369453, 0.014893085, -0.33983007, -0.08016564), (0.6417173, -0.07559495, -0.28733632, 0.7070513), (0.9999994, -5.9604645e-8, -5.9604645e-8, -2.9802322e-8), (0.9999994, -5.9604645e-8, -5.9604645e-8, -2.9802322e-8), (0.9999994, -5.9604645e-8, -5.9604645e-8, -2.9802322e-8), (0.9999994, -5.9604645e-8, -5.9604645e-8, -2.9802322e-8), (0.7736542, 0.61986965, -0.12270567, -0.046516746), (0.9968686, 0.017429173, 0.053934515, -0.055139333), (0.7968397, -0.10647276, 0.09302777, 0.5874147), (-0.78716385, 0.02174756, 0.017785512, -0.6161038), (0.6936538, 0.042417735, -0.073512316, 0.71529114), (0.9993715, -0.019059837, 0.019535989, -0.02261269), (0.8250903, -0.12355313, 0.06495845, 0.54748595), (-0.71885735, -0.02769205, 0.035460286, -0.6937001), (0.82433796, 0.022720605, -0.049891144, 0.56343746), (1, 0.000011473894, 2.9802322e-8, -1.4901161e-7), (0.98645306, -0.11553663, -0.09406194, 0.068657994), (0.89305663, 0.0125596225, 0.21851781, 0.39311785), (-0.69484067, 0.012643665, -0.1279267, -0.7075808), (0.7406671, 0.03539309, 0.15900764, 0.6518247), (0.98969626, -0.13614976, -0.03575349, 0.026191115), (0.8781854, 0.04919055, 0.08717659, 0.46772915), (-0.6931729, 0.009411067, -0.060645137, -0.71815395), (0.7495811, -0.03738454, 0.096481055, 0.65377504), (0.8094066, 0.35765517, 0.46140146, -0.063657135), (0.9843286, 0.085662484, -0.065518886, 0.13952085), (0.9613693, 0.1257188, 0.034050077, 0.24249595), (0.9624711, -0.011705905, 0.0052772462, 0.27107975), (0.9982517, -0.05658835, 0.017059863, -0.000012993813), (0.99999964, 0, 0, 0), (0.99999964, 0, 0, 0), (0.99999964, 0, 0, 0), (0.4758072, -0.5230623, -0.47582003, -0.5230763), (0.103669, 0.032141592, 0.068000436, 0.99176407), (0.6649687, -0.04762614, 0.09349424, 0.7394643), (-0.014883384, 0.97345495, 0.2276578, -0.018336713), (-0.00009971857, 0.7123914, 0.70177597, 0.0030730963), (0.9999985, 0.0002478147, 0.000017404556, 0.0017845556), (0.9999995, 2.393499e-7, -0.0000011920929, -0.0011720546), (0.5270156, -0.5107244, 0.5029237, 0.45659935), (0.99999946, 3.1560194e-7, 5.9604645e-7, -0.0014619213), (0.99945587, -0.033001583, 7.1525574e-7, -2.4214387e-8), (0.99782217, -0.065967344, 0.000001937151, 1.7881393e-7), (0.9950023, -0.09985649, 0.0000023841858, 2.2351742e-7), (1.0000005, 1.6763806e-7, 5.029142e-7, 3.7252903e-8), (1.0000005, -6.7055225e-8, 0.0000014044344, -2.6077032e-8), (1.0000005, 5.662441e-7, 0.0000012628734, -7.450581e-9), (0.9705549, -0.07054344, -0.0054627955, -0.23025443), (0.91931283, -0.004570135, 0.020759713, 0.39295316), (0.015347682, 0.9723858, -0.23113775, 0.028380781), (0.0005533993, 0.71933466, 0.69466317, -0.00022289157), (0.9999868, 0.000035476405, -0.00011533499, 0.0050954456), (0.99999875, 2.0908192e-7, -0.0000011175871, -0.0011720322), (-0.5107216, -0.52701354, -0.45660293, 0.50292456), (0.999999, 3.0361116e-7, 6.556511e-7, -0.0014618244), (0.99945533, -0.03300163, -5.9604645e-8, 5.9604645e-8), (0.9978218, -0.06596736, 5.9604645e-8, 7.4505806e-8), (0.99500203, -0.099856436, 2.9802322e-8, 0), (1.0000002, 2.46102e-7, -1.4901161e-8, 2.2351742e-8), (1.0000001, 3.259629e-8, -1.4901161e-8, -3.7252903e-9), (1, 6.8801455e-7, -8.940697e-8, 1.8626451e-8), (0.49998164, -0.50001603, -0.49997407, -0.5000284), (0.49998164, -0.50001603, -0.49997407, -0.5000284), (0.49998164, -0.50001603, -0.49997407, -0.5000284), (0.49998164, -0.50001603, -0.49997407, -0.5000284)],
                6: [(1, -0.00012431887, 0.00006852154, -0.00008621736), (0.4394745, 0.5579839, 0.4938115, 0.5016636), (0.99530256, -0.084350586, -0.00067243725, 0.04751449), (0.99939764, -0.008202909, 0.007339187, 0.032915816), (0.9999721, -0.0074243946, 0.00087091327, 0.0006423183), (0.9981842, -0.055121683, 0.0024404079, 0.02418055), (0.7531787, 0.07146889, -0.6527068, 0.039852276), (0.9071055, -0.03430286, -0.41339695, 0.07131741), (0.6188091, -0.2760481, -0.17055309, 0.7153914), (1, -1.7136335e-7, -2.9802322e-8, -7.450581e-9), (1, -1.7136335e-7, -2.9802322e-8, -7.450581e-9), (1, -1.7136335e-7, -2.9802322e-8, -7.450581e-9), (1, -1.7136335e-7, -2.9802322e-8, -7.450581e-9), (0.69093037, 0.7182064, 0.07453886, 0.035203665), (0.9967243, 0.020963818, 0.057932436, -0.05240181), (0.83032113, 0.008525759, 0.030058533, 0.55640954), (0.79011834, -0.022005498, -0.019769445, 0.6122407), (-0.686071, -0.026128918, 0.056999713, -0.72482806), (0.9993415, -0.019630253, 0.023465514, -0.019532353), (0.856708, -0.019280642, -0.012759894, 0.5152843), (0.7178335, 0.027105212, -0.039797664, 0.6945484), (-0.82220197, -0.028446227, 0.05060467, -0.56622875), (1.0000002, -0.000011116266, 0.0000014305115, 0.0000023245811), (0.99741983, 0.008357048, -0.047161758, 0.053482443), (-0.8960239, 0.05781725, -0.15765959, -0.4110261), (0.7017321, -0.012246281, 0.12755644, 0.70082235), (0.74047375, 0.035018504, 0.16007632, 0.651804), (0.9894544, -0.13802877, -0.032266825, 0.02979657), (0.87655705, 0.09313667, 0.032229334, 0.4710999), (-0.69451535, 0.00268206, -0.060593024, -0.71691716), (0.74318194, -0.00076401234, 0.06817335, 0.6656075), (0.8072319, 0.38371092, 0.44739485, -0.031326294), (0.98058474, 0.09374525, -0.07475546, 0.1551708), (0.9501801, 0.07243593, 0.013174564, 0.30288237), (0.9519742, -0.004196844, 0.004681736, 0.30611488), (-0.05658783, -0.9982531, -0.000016326085, 0.017014071), (1.0000002, 0, 0, 1.4901161e-8), (1.0000002, 0, 0, 1.4901161e-8), (1.0000002, 0, 0, 1.4901161e-8), (0.9955054, 0.08677399, 0.031983644, 0.020415865), (0.99999845, -0.00054214895, -0.0012073368, 0.0013195407), (0.9999701, -0.00054877624, -0.007652208, -0.001260547), (0.9963553, -0.018146336, -0.03955637, -0.07336676), (0.51130706, -0.48755813, -0.47603908, -0.5236789), (0.4761454, -0.5227678, -0.5115029, -0.48822656), (1.0000006, 2.2351742e-8, 0, -9.313226e-10), (0.51150346, -0.4882259, -0.47614497, -0.5227681), (1.0000004, 2.2351742e-8, -5.820766e-11, 2.2118911e-9), (0.47048151, -0.5278542, -0.4704981, -0.5278727), (0.074456334, 0.68333626, 0.025446713, 0.72585183), (0.9338152, 0.01845032, -0.3559094, -0.03127259), (0.643656, -0.13514194, -0.24696396, 0.7116554), (1.0000002, -4.4703484e-8, -2.9802322e-8, -5.9604645e-8), (1.0000002, -4.4703484e-8, -2.9802322e-8, -5.9604645e-8), (1.0000002, -4.4703484e-8, -2.9802322e-8, -5.9604645e-8), (1.0000002, -4.4703484e-8, -2.9802322e-8, -5.9604645e-8), (0.74487776, 0.6465588, -0.12764052, -0.10405722), (0.9967458, 0.01905045, 0.054211676, -0.056543797), (0.79683423, -0.10649657, 0.09302074, 0.58741987), (-0.78716356, 0.021787316, 0.017779855, -0.6161039), (0.69364035, 0.042434037, -0.07362974, 0.7152917), (0.99936175, -0.017478794, 0.019813985, -0.024069458), (0.8250786, -0.12357262, 0.06495795, 0.5475003), (-0.7188653, -0.027638018, 0.035452656, -0.6936952), (0.824325, 0.022747308, -0.050023794, 0.5634445), (1.0000007, 0.000011503696, 5.9604645e-8, -1.4901161e-7), (0.9867562, -0.11413485, -0.09378064, 0.06702334), (0.89303833, 0.01252231, 0.21840394, 0.39322603), (-0.6948567, 0.0124204755, -0.12795869, -0.7075645), (0.74067473, 0.035373688, 0.1591281, 0.65178907), (0.9899539, -0.13465336, -0.035384, 0.02467981), (0.87817585, 0.04914987, 0.087102264, 0.4677673), (-0.69317806, 0.009212494, -0.060659807, -0.7181514), (0.74957925, -0.037395805, 0.096606195, 0.65375924), (0.80819696, 0.35961962, 0.46201235, -0.06354004), (0.9842714, 0.08564943, -0.066678524, 0.13938825), (0.9613738, 0.12569477, 0.03403294, 0.2424962), (0.9624759, -0.011707604, 0.0052601993, 0.2710664), (0.99825245, -0.05658841, 0.017059892, -0.000012993813), (1.0000005, 0, 0, 0), (1.0000005, 0, 0, 0), (1.0000005, 0, 0, 0), (0.4758073, -0.5230625, -0.47582024, -0.5230764), (0.22403397, 0.03591497, 0.07038769, 0.9713726), (0.65575004, -0.02755058, 0.0701454, 0.75120735), (-0.026803017, 0.9697387, 0.24165693, -0.022134632), (0.000017434359, 0.7075642, 0.7066482, 0.00077182055), (0.99999386, 0.00006846711, -0.00006456673, 0.0033673793), (0.9999989, 2.4586916e-7, -0.0000011920929, -0.0011720657), (0.5270153, -0.5107242, 0.5029235, 0.45659912), (0.99999917, 3.199093e-7, 5.662441e-7, -0.0014619175), (0.9994556, -0.033001576, 7.4505806e-7, -1.8626451e-8), (0.9978219, -0.06596733, 0.0000019669533, 1.8626451e-7), (0.9950021, -0.09985644, 0.0000023543835, 2.30968e-7), (1.0000005, 1.6391277e-7, 4.3213367e-7, 5.5879354e-9), (1.0000004, -6.3329935e-8, 0.000001385808, -6.7055225e-8), (1.0000004, 5.6251884e-7, 0.0000012665987, -4.4703484e-8), (0.9891125, -0.08517258, -0.010056116, -0.11958702), (0.9361065, -0.00684511, 0.025137201, 0.3507504), (0.008162096, 0.96456325, -0.2624715, 0.025683463), (9.834766e-7, 0.7014544, 0.7127139, -0.0003439188), (0.9999902, 0.000021113083, 0.000033944845, 0.0043388), (0.9999988, 2.104789e-7, -0.0000011175871, -0.0011720881), (-0.5107216, -0.5270136, -0.45660293, 0.50292456), (0.99999887, 2.8219074e-7, 6.556511e-7, -0.0014618244), (0.9994553, -0.033001624, -2.9802322e-8, 5.5879354e-8), (0.9978218, -0.065967366, 2.9802322e-8, 1.2293458e-7), (0.9950019, -0.09985645, 0, -2.9802322e-8), (1.0000001, 2.4680048e-7, 7.450581e-9, 4.0978193e-8), (1, 3.0733645e-8, -2.9802322e-8, -1.8626451e-9), (1, 6.807968e-7, -1.0430813e-7, -2.4214387e-8), (0.49998167, -0.50001603, -0.4999741, -0.5000283), (0.49998167, -0.50001603, -0.4999741, -0.5000283), (0.49998167, -0.50001603, -0.4999741, -0.5000283), (0.49998167, -0.50001603, -0.4999741, -0.5000283)],
                7: [(0.99999964, 0.0001052168, -0.0006235087, -0.0005734481), (0.4684035, 0.5305167, 0.4765398, 0.52159375), (0.998808, -0.01195322, -0.00063405186, 0.04731889), (0.99946773, 0.013257289, 0.0023409277, 0.02971262), (0.99991643, 0.012870546, 0.0012001991, 0.00011485163), (0.99973345, -0.0134822605, -0.0050925612, 0.018038664), (0.73699, 0.12129314, -0.664892, 0.007230155), (0.92646617, 0.004378915, -0.37606132, 0.0147963315), (0.6034039, -0.2120405, -0.2091608, 0.7397257), (0.9999997, -1.6391277e-7, -8.940697e-8, 0), (0.9999997, -1.6391277e-7, -8.940697e-8, 0), (0.9999997, -1.6391277e-7, -8.940697e-8, 0), (0.9999997, -1.6391277e-7, -8.940697e-8, 0), (0.6603278, 0.7500103, -0.037386388, 0.0073370337), (0.9967983, 0.020234525, 0.056972325, -0.052326083), (0.8303238, 0.008504808, 0.030079931, 0.55640376), (0.7900245, -0.022031128, -0.019870967, 0.61235654), (-0.68629193, -0.026277184, 0.057014138, -0.72461134), (0.9993489, -0.020382643, 0.022521228, -0.019468337), (0.85671234, -0.019300878, -0.012769759, 0.51527476), (0.7177183, 0.027159035, -0.039869577, 0.6946602), (-0.822376, -0.028554678, 0.050551385, -0.56597376), (0.9999999, -0.000011175871, 0.0000014305115, 0.0000022947788), (0.9973767, 0.0075871646, -0.04807207, 0.05358365), (-0.8959532, 0.057835817, -0.15776226, -0.4111375), (0.7018488, -0.012271851, 0.12761435, 0.7006941), (0.7404306, 0.03490144, 0.16010392, 0.65185213), (0.9893154, -0.13880584, -0.03317851, 0.029787213), (0.87650466, 0.093191504, 0.032233566, 0.47118586), (-0.6946458, 0.0026674569, -0.06077683, -0.7167751), (0.74311996, -0.0009210408, 0.068211764, 0.6656722), (0.807464, 0.38341087, 0.44728497, -0.030567229), (0.9805989, 0.093423836, -0.07567543, 0.15482767), (0.95017695, 0.07241325, 0.013117611, 0.30290005), (0.95197785, -0.00423019, 0.004679188, 0.3061025), (-0.056587808, -0.9982526, -0.000016340986, 0.017014056), (0.9999999, -2.9802322e-8, 4.4703484e-8, 3.7252903e-8), (0.9999999, -2.9802322e-8, 4.4703484e-8, 3.7252903e-8), (0.9999999, -2.9802322e-8, 4.4703484e-8, 3.7252903e-8), (0.998652, -0.0015567387, 0.018168807, 0.04859615), (0.9999995, -0.0004445212, 0.0006791353, -0.00004620524), (0.9999796, -0.0004615914, -0.0057652146, -0.0026254267), (0.9968077, -0.021918306, -0.008554131, -0.076292306), (0.5113068, -0.48755792, -0.47603884, -0.5236786), (0.47614515, -0.5227676, -0.51150274, -0.48822635), (1.0000002, 2.2351742e-8, 0, -4.656613e-10), (0.51150316, -0.4882257, -0.47614476, -0.5227678), (0.99999994, 2.2351742e-8, 0, 1.8626451e-9), (0.4704813, -0.5278541, -0.4704979, -0.52787244), (0.044454392, 0.6697753, 0.037517905, 0.74028176), (0.92506856, 0.005546868, -0.379094, 0.022466568), (0.6532256, -0.18056068, -0.20533799, 0.70606667), (0.9999995, -5.9604645e-8, 0, -2.9802322e-8), (0.9999995, -5.9604645e-8, 0, -2.9802322e-8), (0.9999995, -5.9604645e-8, 0, -2.9802322e-8), (0.9999995, -5.9604645e-8, 0, -2.9802322e-8), (0.6949601, 0.69708943, -0.03914383, -0.17194286), (0.99664223, 0.018998235, 0.054620355, -0.057963014), (0.79678243, -0.10658237, 0.0929929, 0.5874775), (-0.78716415, 0.021748483, 0.017777931, -0.6161032), (0.693647, 0.042451352, -0.07355261, 0.71529084), (0.99931544, -0.017568976, 0.02028057, -0.025464147), (0.8250327, -0.12365419, 0.06491923, 0.5475542), (-0.7188622, -0.02768153, 0.0354596, -0.6936952), (0.8243331, 0.022764951, -0.049936384, 0.56343853), (1, 0.000011473894, 0, -8.940697e-8), (0.9868765, -0.114343196, -0.0931744, 0.06571692), (0.8930265, 0.012484759, 0.21839246, 0.39325854), (-0.6948638, 0.0125104785, -0.12802845, -0.7075425), (0.74066824, 0.03532678, 0.15908682, 0.65180814), (0.9899874, -0.13480154, -0.034744978, 0.023364544), (0.8781539, 0.04910156, 0.08707759, 0.46781594), (-0.6931846, 0.00928849, -0.060733236, -0.71813655), (0.7495738, -0.03744465, 0.096562505, 0.6537681), (0.806463, 0.3603126, 0.46447784, -0.06365827), (0.98405415, 0.08515409, -0.06987271, 0.13965535), (0.961368, 0.12568717, 0.03401336, 0.24252187), (0.96247387, -0.011710463, 0.0052708685, 0.2710689), (0.9982517, -0.05658838, 0.017059863, -0.000012993813), (0.9999999, 0, 7.450581e-9, -1.1175871e-8), (0.9999999, 0, 7.450581e-9, -1.1175871e-8), (0.9999999, 0, 7.450581e-9, -1.1175871e-8), (0.47580716, -0.52306235, -0.47582003, -0.5230763), (0.30155146, 0.021967249, 0.007397771, 0.9531683), (0.68498874, -0.02655051, 0.027959093, 0.7275331), (-0.03813356, 0.98348176, 0.17062087, -0.04688734), (0.00033801794, 0.7055764, 0.7086339, -0.000030845404), (0.9999926, 0.000024840236, -0.00015597045, 0.0038492382), (0.9999994, 2.5331974e-7, -0.0000011622906, -0.0011720695), (0.5270156, -0.5107244, 0.5029237, 0.4565994), (0.99999964, 3.2503158e-7, 5.662441e-7, -0.0014619194), (0.999456, -0.033001598, 7.4505806e-7, -2.9802322e-8), (0.9978223, -0.06596736, 0.0000019967556, 1.7136335e-7), (0.99500245, -0.09985651, 0.0000023841858, 2.3841858e-7), (1.0000007, 1.5646219e-7, 5.066395e-7, -6.9849193e-9), (1.0000005, -4.8428774e-8, 0.0000014007092, -3.213063e-8), (1.0000005, 5.848706e-7, 0.0000012218952, -3.259629e-8), (0.99771416, -0.01403843, 0.01116284, 0.0651522), (0.98148566, -0.031630177, 0.019302264, 0.18791774), (-0.0027333647, 0.97313654, -0.22857672, 0.027399778), (-0.0044151843, 0.6694459, 0.74284613, -0.0014901757), (0.9999903, 0.000052751973, 0.000014781952, 0.0043769553), (0.99999887, 2.1141022e-7, -0.0000011101365, -0.0011720322), (-0.5107217, -0.5270136, -0.456603, 0.5029247), (0.99999917, 2.8312206e-7, 6.556511e-7, -0.0014618337), (0.9994555, -0.03300167, 2.9802322e-8, 6.7055225e-8), (0.99782205, -0.06596737, 5.9604645e-8, 1.4156103e-7), (0.9950021, -0.09985647, 5.9604645e-8, -7.450581e-9), (1, 2.6170164e-7, 7.450581e-9, 2.6542693e-8), (0.99999994, -1.3038516e-8, 0, 3.1664968e-8), (1, 7.096678e-7, -1.0430813e-7, 1.6298145e-8), (0.4999816, -0.50001603, -0.49997407, -0.50002825), (0.4999816, -0.50001603, -0.49997407, -0.50002825), (0.4999816, -0.50001603, -0.49997407, -0.50002825), (0.4999816, -0.50001603, -0.49997407, -0.50002825)],
                8: [(0.9999994, 0.0006000061, -0.00079027796, -0.0005123165), (0.47623828, 0.5238769, 0.4517236, 0.542859), (0.99840593, 0.044629518, -0.004019253, 0.034318715), (0.9993206, 0.03058713, -0.000061541796, 0.020565318), (0.9995276, 0.0301328, -0.00015257299, 0.0060737953), (0.99816114, 0.04790798, -0.0006675124, 0.037134178), (0.7272463, 0.07307103, -0.6824575, -0.0050535053), (0.9359377, 0.009811044, -0.3490985, -0.04532875), (0.63462037, -0.15021151, -0.23159553, 0.72184277), (0.9999999, -1.6391277e-7, -2.9802322e-8, 0), (0.9999999, -1.6391277e-7, -2.9802322e-8, 0), (0.9999999, -1.6391277e-7, -2.9802322e-8, 0), (0.9999999, -1.6391277e-7, -2.9802322e-8, 0), (0.6328342, 0.76602995, -0.1102778, -0.02362129), (0.9967953, 0.020308733, 0.055746496, -0.0536609), (0.8303227, 0.008497983, 0.030067712, 0.55640674), (0.79004264, -0.02199009, -0.019847818, 0.61233604), (-0.6862506, -0.026230767, 0.056950778, -0.72465783), (0.9993467, -0.020397544, 0.021349072, -0.02085036), (0.85671043, -0.019319475, -0.012752265, 0.51527846), (0.71773505, 0.027130768, -0.039910905, 0.69464254), (-0.8223559, -0.028573781, 0.05054295, -0.566004), (1.0000001, -0.000011175871, 0.0000014007092, 0.0000023245811), (0.9973912, 0.0073645115, -0.04925695, 0.05225554), (-0.89598215, 0.05779615, -0.15770401, -0.41110313), (0.7018144, -0.012281984, 0.12765558, 0.70072114), (0.74044204, 0.034908414, 0.16007489, 0.65184593), (0.9893043, -0.13895833, -0.034173936, 0.028286636), (0.8765298, 0.09321055, 0.032244414, 0.47113475), (-0.6945795, 0.0027247667, -0.06079464, -0.7168377), (0.7431497, -0.0009149611, 0.06816527, 0.6656438), (0.8072705, 0.38373187, 0.44732195, -0.031108707), (0.9803779, 0.09326704, -0.07717928, 0.15557846), (0.9501716, 0.072410904, 0.013110548, 0.3029181), (0.95197624, -0.004226771, 0.00468836, 0.30610812), (-0.05658782, -0.9982528, -0.000016290694, 0.017014027), (0.9999999, -2.9802322e-8, 2.9802322e-8, 2.9802322e-8), (0.9999999, -2.9802322e-8, 2.9802322e-8, 2.9802322e-8), (0.9999999, -2.9802322e-8, 2.9802322e-8, 2.9802322e-8), (0.9939064, -0.10203601, -0.0010665953, 0.041687436), (0.9999958, -0.0015567932, 0.00232777, 0.00056006014), (0.99998814, -0.0015748143, -0.004119739, -0.002011167), (0.9961529, -0.022945967, 0.026169106, -0.08042337), (0.5113068, -0.48755795, -0.47603884, -0.52367866), (0.47614518, -0.5227676, -0.51150274, -0.48822632), (1.0000002, 2.2351742e-8, 0, -6.9849193e-10), (0.5115032, -0.48822573, -0.47614482, -0.5227679), (1.0000001, 2.2351742e-8, 0, 1.8626451e-9), (0.4704813, -0.527854, -0.47049788, -0.5278725), (0.05170691, 0.6681259, 0.013415277, 0.74212825), (0.915247, -0.023487568, -0.39028218, 0.09721824), (0.67604285, -0.2501351, -0.096716434, 0.68632716), (1, -5.9604645e-8, -2.9802322e-8, -2.9802322e-8), (1, -5.9604645e-8, -2.9802322e-8, -2.9802322e-8), (1, -5.9604645e-8, -2.9802322e-8, -2.9802322e-8), (1, -5.9604645e-8, -2.9802322e-8, -2.9802322e-8), (0.6316054, 0.7485261, 0.066565424, -0.19066453), (0.99663997, 0.01891926, 0.055298448, -0.05738932), (0.7967802, -0.10655305, 0.09294483, 0.5874942), (-0.7871702, 0.021724492, 0.01772988, -0.6160986), (0.69364345, 0.0424335, -0.073551655, 0.71529645), (0.99931675, -0.017603815, 0.020939916, -0.024867058), (0.82502955, -0.12363204, 0.06487095, 0.547571), (-0.7188687, -0.027706355, 0.03542228, -0.69369024), (0.8243301, 0.022754341, -0.04993984, 0.5634438), (1.0000004, 0.000011473894, 0, -1.1920929e-7), (0.9869029, -0.11424339, -0.092568934, 0.06635317), (0.8930273, 0.012486845, 0.21831152, 0.3933027), (-0.6948684, 0.012438089, -0.12809774, -0.7075274), (0.7406775, 0.035268515, 0.15911704, 0.6517943), (0.9899967, -0.13476786, -0.03416103, 0.024035156), (0.878152, 0.04912865, 0.08701655, 0.4678289), (-0.6931856, 0.009229511, -0.060814105, -0.7181299), (0.74957657, -0.037506312, 0.09659487, 0.65375674), (0.8062134, 0.3600662, 0.4651364, -0.063411996), (0.9840672, 0.08509518, -0.0698446, 0.1396166), (0.9613721, 0.12571064, 0.03404203, 0.24249129), (0.9624761, -0.011711597, 0.0052684247, 0.27106306), (0.99825215, -0.05658835, 0.017059833, -0.000013053417), (1.0000002, 0, 0, 0), (1.0000002, 0, 0, 0), (1.0000002, 0, 0, 0), (0.47580722, -0.5230624, -0.47582012, -0.5230764), (0.3604231, 0.024436856, -0.03884247, 0.9316596), (0.7517949, -0.022267843, 0.0051240586, 0.6590012), (-0.025915455, 0.995543, 0.06385341, -0.064383775), (0.00041931868, 0.70661724, 0.70759517, -0.0007712245), (0.99998856, 0.000024523586, -0.00016966462, 0.0047019497), (0.99999917, 2.3841858e-7, -0.0000011622906, -0.0011720574), (0.52701545, -0.5107243, 0.5029236, 0.4565993), (0.9999993, 3.236346e-7, 5.662441e-7, -0.0014619268), (0.9994557, -0.03300156, 7.1525574e-7, -7.450581e-9), (0.99782205, -0.06596733, 0.000001937151, 1.937151e-7), (0.99500215, -0.09985645, 0.0000023245811, 2.3841858e-7), (1.0000005, 1.6763806e-7, 4.7683716e-7, -1.1175871e-8), (1.0000005, -8.4750354e-8, 0.0000013709068, -2.514571e-8), (1.0000005, 6.025657e-7, 0.0000012516975, -4.749745e-8), (0.9890233, 0.041915867, 0.009468108, 0.1413734), (0.9899665, -0.057210445, 0.017505556, 0.1280115), (-0.0094863735, 0.99968743, -0.0108368, 0.020434171), (0.0033401847, 0.48364002, 0.87525845, 0.0019141883), (0.99999595, 0.00008866005, -0.00009575486, 0.0028254176), (0.9999989, 2.0023435e-7, -0.0000011324883, -0.0011720601), (-0.51072174, -0.52701366, -0.45660302, 0.5029246), (0.99999905, 2.8294744e-7, 6.2584877e-7, -0.0014618486), (0.99945545, -0.033001624, -2.9802322e-8, 5.2154064e-8), (0.9978218, -0.06596737, 5.9604645e-8, 1.1175871e-7), (0.995002, -0.09985644, 0, -7.450581e-9), (1.0000002, 2.8871e-7, -2.9802322e-8, 3.5390258e-8), (1.0000001, 3.7252903e-9, 0, 3.1664968e-8), (1.0000001, 7.133931e-7, -8.940697e-8, -2.0489097e-8), (0.49998173, -0.5000161, -0.49997413, -0.5000283), (0.49998173, -0.5000161, -0.49997413, -0.5000283), (0.49998173, -0.5000161, -0.49997413, -0.5000283), (0.49998173, -0.5000161, -0.49997413, -0.5000283)],
                9: [(0.9999998, -0.0000039163733, -0.00039416162, -0.00043914822), (0.48069414, 0.5329554, 0.4498221, 0.53155595), (0.9977796, 0.058169402, 0.0054647103, 0.031973183), (0.99906623, 0.040016644, -0.003303729, 0.015949644), (0.999178, 0.03996953, -0.0028141215, 0.006167531), (0.9943545, 0.08304726, -0.005252078, 0.06584002), (0.71615696, 0.035835713, -0.69579244, -0.04132417), (0.9473922, 0.017659366, -0.30655143, -0.090343446), (0.6614042, -0.07488687, -0.25452158, 0.7015375), (0.9999997, -1.7881393e-7, -2.9802322e-8, 0), (0.9999997, -1.7881393e-7, -2.9802322e-8, 0), (0.9999997, -1.7881393e-7, -2.9802322e-8, 0), (0.9999997, -1.7881393e-7, -2.9802322e-8, 0), (0.62500113, 0.7687409, -0.13213013, -0.030857801), (0.99671996, 0.019623458, 0.0555802, -0.05544865), (0.83033264, 0.008501738, 0.030065805, 0.556391), (0.7900322, -0.021980867, -0.019846648, 0.6123489), (-0.6862697, -0.026227072, 0.05693844, -0.72463995), (0.9992938, -0.021146402, 0.021278977, -0.022620142), (0.8567158, -0.019310817, -0.012748569, 0.51526934), (0.7177405, 0.027135074, -0.039898753, 0.6946366), (-0.82235444, -0.028565943, 0.050531864, -0.5660064), (0.99999964, -0.000011175871, 0.0000014305115, 0.0000023543835), (0.9974822, 0.0064971745, -0.049308985, 0.05054882), (-0.89599586, 0.057815984, -0.15771465, -0.4110649), (0.70178986, -0.012309134, 0.12764634, 0.7007462), (0.74045026, 0.034909025, 0.16005047, 0.6518419), (0.98923934, -0.13979732, -0.033997357, 0.02657345), (0.8765471, 0.09321819, 0.03227061, 0.47109827), (-0.6945533, 0.002765581, -0.06080334, -0.7168616), (0.7431601, -0.0009199977, 0.068135396, 0.66563463), (0.80660945, 0.38453427, 0.44785485, -0.030660033), (0.9804136, 0.0929271, -0.079595566, 0.1543299), (0.9501858, 0.07238257, 0.013068378, 0.30287975), (0.9519739, -0.0042269565, 0.0046946835, 0.3061128), (-0.05658782, -0.99825245, -0.00001632236, 0.017014012), (0.9999997, -5.9604645e-8, 2.9802322e-8, 2.9802322e-8), (0.9999997, -5.9604645e-8, 2.9802322e-8, 2.9802322e-8), (0.9999997, -5.9604645e-8, 2.9802322e-8, 2.9802322e-8), (0.9877325, -0.15492871, -0.0051919073, 0.018825464), (0.9998137, -0.0057602264, 0.016098633, 0.008944053), (0.9999163, -0.0057567824, 0.009641126, 0.006398771), (0.9952189, -0.027937425, 0.05699274, -0.07423143), (0.51130676, -0.4875579, -0.47603884, -0.5236786), (0.47614518, -0.52276754, -0.51150274, -0.48822635), (1.0000002, 2.2351742e-8, 0, -9.313226e-10), (0.51150316, -0.4882258, -0.47614485, -0.5227679), (1.0000001, 2.2351742e-8, 0, 2.3283064e-9), (0.47048128, -0.52785397, -0.47049785, -0.5278723), (0.057097852, 0.6744047, -0.01412043, 0.7360154), (0.90176547, -0.028648883, -0.402074, 0.15599515), (0.6611768, -0.2844761, 0.015190512, 0.6940372), (0.9999995, -4.4703484e-8, -2.9802322e-8, -2.9802322e-8), (0.9999995, -4.4703484e-8, -2.9802322e-8, -2.9802322e-8), (0.9999995, -4.4703484e-8, -2.9802322e-8, -2.9802322e-8), (0.9999995, -4.4703484e-8, -2.9802322e-8, -2.9802322e-8), (0.59610236, 0.7771135, 0.11362532, -0.16687015), (0.9966625, 0.01786235, 0.056351423, -0.056295067), (0.7968209, -0.10649204, 0.092965245, 0.5874466), (-0.7871725, 0.02172488, 0.017679982, -0.6160969), (0.6936445, 0.04239413, -0.073541224, 0.71529865), (0.9993045, -0.018582106, 0.02198416, -0.023699433), (0.8250679, -0.12358171, 0.06489876, 0.5475201), (-0.71886945, -0.027712226, 0.035376824, -0.69369066), (0.8243308, 0.022717595, -0.049927115, 0.56344444), (0.9999999, 0.000011473894, 2.9802322e-8, -1.4901161e-7), (0.9868184, -0.11497167, -0.09156901, 0.06771886), (0.8930415, 0.012524217, 0.21837345, 0.39323342), (-0.6948659, 0.012485743, -0.12811488, -0.707525), (0.7406788, 0.035254925, 0.15908813, 0.65179956), (0.9898791, -0.13561532, -0.033219367, 0.025372922), (0.8781762, 0.049173743, 0.087068796, 0.46776783), (-0.6931837, 0.0092712045, -0.060840767, -0.7181283), (0.74957836, -0.03752482, 0.09656623, 0.65375733), (0.8071307, 0.35967064, 0.463999, -0.06230393), (0.9844995, 0.08517381, -0.068131804, 0.13734683), (0.9613861, 0.12573195, 0.03405407, 0.24242304), (0.9624747, -0.0117132515, 0.00527665, 0.27106792), (0.9982516, -0.056588322, 0.017059833, -0.000012993813), (0.99999994, 0, 0, 0), (0.99999994, 0, 0, 0), (0.99999994, 0, 0, 0), (0.47580713, -0.5230623, -0.47582, -0.5230763), (0.34672576, 0.030414056, -0.04173872, 0.93654364), (0.8557136, -0.009150225, -0.0055895047, 0.51733863), (0.007217305, 0.9951822, -0.062703855, -0.07502332), (0.00036978722, 0.7071236, 0.7070884, -0.001357913), (0.9999902, 0.000035107136, -0.000026136637, 0.0043712854), (0.9999992, 2.4586916e-7, -0.000001206994, -0.0011720769), (0.52701545, -0.5107243, 0.50292355, 0.4565992), (0.9999993, 3.1944364e-7, 6.109476e-7, -0.0014619082), (0.9994557, -0.033001557, 7.4505806e-7, -4.4703484e-8), (0.99782205, -0.06596734, 0.0000019669533, 1.8626451e-7), (0.99500215, -0.09985648, 0.0000023841858, 2.3841858e-7), (1.0000004, 1.816079e-7, 5.066395e-7, -1.1175871e-8), (1.0000001, -7.613562e-8, 0.0000014007092, -2.2351742e-8), (1.0000002, 5.972106e-7, 0.0000012516975, -5.029142e-8), (0.9756519, 0.058071047, 0.02445659, 0.21007776), (0.9946158, -0.07854153, 0.017947435, 0.06517626), (-0.026361316, 0.95467144, 0.2962916, -0.010859251), (0.0021675825, 0.4232654, 0.9059866, 0.005371347), (0.99999666, 0.000105762854, 0.00014558434, 0.0023383945), (0.99999845, 2.0675361e-7, -0.0000010728836, -0.0011720536), (-0.51072145, -0.52701336, -0.45660278, 0.5029244), (0.99999857, 2.7706847e-7, 6.556511e-7, -0.0014618672), (0.999455, -0.033001617, 0, 4.8428774e-8), (0.9978215, -0.065967314, 2.9802322e-8, 1.1920929e-7), (0.9950016, -0.09985641, 0, 7.450581e-9), (0.9999999, 2.7008355e-7, 0, 4.8428774e-8), (0.99999976, 3.7252903e-9, 0, 3.3527613e-8), (0.99999976, 6.9849193e-7, -8.940697e-8, 2.2351742e-8), (0.49998164, -0.50001603, -0.49997404, -0.50002825), (0.49998164, -0.50001603, -0.49997404, -0.50002825), (0.49998164, -0.50001603, -0.49997404, -0.50002825), (0.49998164, -0.50001603, -0.49997404, -0.50002825)],
                10: [(1, 0.000014651589, -0.00003460064, -0.00008633808), (0.47561845, 0.540474, 0.45501992, 0.5240533), (0.9979187, 0.055325773, 0.01045689, 0.031433318), (0.99894786, 0.043238003, -0.0068333745, 0.013684407), (0.9990616, 0.042901196, -0.0044447184, 0.00399974), (0.99373174, 0.08599426, -0.008630484, 0.07091056), (0.71625423, 0.023328394, -0.69192886, -0.08758082), (0.95311743, 0.015800267, -0.28047985, -0.1124666), (0.6479244, -0.044086233, -0.29487753, 0.70092624), (0.99999976, -2.2351742e-7, -2.9802322e-8, 1.4901161e-8), (0.99999976, -2.2351742e-7, -2.9802322e-8, 1.4901161e-8), (0.99999976, -2.2351742e-7, -2.9802322e-8, 1.4901161e-8), (0.99999976, -2.2351742e-7, -2.9802322e-8, 1.4901161e-8), (0.64537, 0.7521265, -0.13342729, 0.0005362034), (0.99672186, 0.01976958, 0.05642262, -0.054507583), (0.83032787, 0.008559808, 0.03001362, 0.55640054), (0.7900168, -0.021958113, -0.019868396, 0.61236966), (-0.6863034, -0.026247188, 0.056896776, -0.7246113), (0.99930215, -0.020944595, 0.022078037, -0.021653324), (0.85671735, -0.019219711, -0.012782067, 0.515269), (0.71773374, 0.027077258, -0.03986218, 0.6946479), (-0.82236135, -0.028545633, 0.050563127, -0.56599486), (0.99999976, -0.000011175871, 0.0000014305115, 0.0000023841858), (0.9974768, 0.006839633, -0.04846713, 0.051421642), (-0.89598227, 0.05781442, -0.15760326, -0.41113836), (0.7017965, -0.012288153, 0.12761568, 0.7007462), (0.7404556, 0.034920633, 0.16002344, 0.6518424), (0.989276, -0.13949628, -0.033330172, 0.0276151), (0.8765633, 0.093264, 0.032250047, 0.47106043), (-0.6945038, 0.0028334856, -0.060777415, -0.71691144), (0.7431803, -0.000913471, 0.06808543, 0.66561717), (0.8070638, 0.38369998, 0.44763976, -0.03226316), (0.98036754, 0.093226776, -0.07727, 0.15562053), (0.95017064, 0.0724434, 0.0131213665, 0.30291113), (0.951971, -0.0042267963, 0.004702922, 0.30612233), (-0.056587823, -0.9982526, -0.000016344711, 0.017014027), (1, -2.9802322e-8, 0, 2.9802322e-8), (1, -2.9802322e-8, 0, 2.9802322e-8), (1, -2.9802322e-8, 0, 2.9802322e-8), (0.9862398, -0.16512027, 0.0012206733, 0.008079663), (0.99961936, -0.0056818686, 0.02018407, 0.017941754), (0.9997715, -0.005632287, 0.013727739, 0.015396886), (0.9953283, -0.028593367, 0.0592015, -0.070710555), (0.5113071, -0.4875582, -0.4760391, -0.52367896), (0.47614545, -0.52276796, -0.51150304, -0.48822665), (1.000001, 2.2351742e-8, -9.313226e-10, -4.656613e-10), (0.5115035, -0.48822606, -0.47614506, -0.5227682), (1.0000007, 2.2351742e-8, 0, 1.8626451e-9), (0.47048154, -0.5278543, -0.47049814, -0.52787274), (0.025536463, 0.6685861, -0.026968747, 0.7427069), (0.8912174, -0.03390956, -0.41571838, 0.17821372), (0.6320551, -0.29762438, 0.06982657, 0.7120748), (0.99999976, -5.9604645e-8, -2.9802322e-8, -1.4901161e-8), (0.99999976, -5.9604645e-8, -2.9802322e-8, -1.4901161e-8), (0.99999976, -5.9604645e-8, -2.9802322e-8, -1.4901161e-8), (0.99999976, -5.9604645e-8, -2.9802322e-8, -1.4901161e-8), (0.6305995, 0.7617898, 0.11866662, -0.089101434), (0.99667037, 0.016323686, 0.05723104, -0.0557352), (0.7968758, -0.106449395, 0.092998266, 0.58737457), (-0.7871688, 0.021794498, 0.017766394, -0.6160966), (0.69364774, 0.042441428, -0.07355875, 0.71529096), (0.99927086, -0.02006939, 0.02289015, -0.023054749), (0.82512414, -0.12353897, 0.064940155, 0.54744107), (-0.7188671, -0.027646095, 0.03544812, -0.6936929), (0.8243341, 0.022756785, -0.049933136, 0.56343865), (1.0000002, 0.000011473894, 0, -1.1920929e-7), (0.98668826, -0.116282076, -0.09062216, 0.068648994), (0.8930818, 0.012616754, 0.2184881, 0.39307594), (-0.69485, 0.012649626, -0.1280402, -0.70755136), (0.7406749, 0.035321712, 0.15900326, 0.6518213), (0.98969555, -0.13700828, -0.03232661, 0.026206762), (0.8782187, 0.049230933, 0.08714163, 0.4676695), (-0.6931745, 0.009411156, -0.060752958, -0.71814346), (0.74958426, -0.03745538, 0.096479505, 0.6537678), (0.80809534, 0.3586997, 0.46308136, -0.062229007), (0.9848037, 0.0854156, -0.06664665, 0.13573603), (0.96136963, 0.12572223, 0.034055054, 0.24249324), (0.9624715, -0.011714816, 0.0052829385, 0.271079), (0.998252, -0.05658835, 0.017059863, -0.000012993813), (1.0000002, 0, 0, 0), (1.0000002, 0, 0, 0), (1.0000002, 0, 0, 0), (0.47580725, -0.5230624, -0.47582012, -0.52307636), (0.28941512, 0.018240359, -0.0384008, 0.95625925), (0.9555203, -0.003867499, -0.002433695, 0.2948907), (0.039949015, 0.99057037, -0.11973647, -0.053271383), (0.001725167, 0.6763316, 0.7365921, 0.0020953715), (0.99999404, -0.000042907894, 0.0000030398369, 0.0033530183), (0.9999992, 2.682209e-7, -0.0000011883676, -0.0011720806), (0.5270155, -0.5107243, 0.5029236, 0.45659924), (0.9999995, 2.910383e-7, 5.8859587e-7, -0.0014619268), (0.9994559, -0.033001572, 7.301569e-7, -7.450581e-9), (0.9978222, -0.06596729, 0.0000019818544, 2.1606684e-7), (0.9950024, -0.099856466, 0.0000023320317, 2.3841858e-7), (1.0000006, 1.6530976e-7, 5.2154064e-7, -3.7252903e-9), (1.0000005, -5.727634e-8, 0.0000013709068, -2.6077032e-8), (1.0000005, 5.667098e-7, 0.0000012516975, 7.450581e-9), (0.9675455, 0.0587762, 0.035207435, 0.24323122), (0.99430484, -0.09171839, 0.01943627, 0.05067216), (-0.02992034, 0.93803567, 0.344275, -0.025844902), (0.00095900893, 0.6662456, 0.7457191, 0.0042406023), (0.9999794, 0.00009410456, -0.00028707832, 0.0063219033), (0.99999845, 2.0489097e-7, -0.0000011026859, -0.001172049), (-0.5107215, -0.5270134, -0.45660278, 0.5029244), (0.9999988, 2.7613714e-7, 6.854534e-7, -0.0014618412), (0.9994551, -0.033001646, -5.9604645e-8, 3.7252903e-8), (0.99782157, -0.06596733, 5.9604645e-8, 1.0430813e-7), (0.9950017, -0.09985643, 5.9604645e-8, -7.450581e-9), (1, 2.3469329e-7, 0, 1.4901161e-8), (0.9999999, -1.1175871e-8, 0, 3.3527613e-8), (0.99999994, 7.0780516e-7, -5.9604645e-8, -7.450581e-9), (0.49998164, -0.5000161, -0.4999741, -0.5000283), (0.49998164, -0.5000161, -0.4999741, -0.5000283), (0.49998164, -0.5000161, -0.4999741, -0.5000283), (0.49998164, -0.5000161, -0.4999741, -0.5000283)],
                11: [(1, -0.000022415948, 0.0000158725, -0.00007469579), (0.47051817, 0.5421429, 0.45965484, 0.52288735), (0.9980372, 0.052097335, 0.010073535, 0.03325992), (0.9989207, 0.043692052, -0.008766666, 0.01310879), (0.9990457, 0.043451726, -0.0035353526, 0.002711609), (0.99264944, 0.09602639, -0.007287845, 0.073300704), (0.7195571, 0.0014131665, -0.6861117, -0.107173555), (0.9528525, 0.012768745, -0.26863235, -0.14051855), (0.650437, -0.0055563003, -0.32474256, 0.686617), (0.99999976, -2.2351742e-7, 0, 1.4901161e-8), (0.99999976, -2.2351742e-7, 0, 1.4901161e-8), (0.99999976, -2.2351742e-7, 0, 1.4901161e-8), (0.99999976, -2.2351742e-7, 0, 1.4901161e-8), (0.6930759, 0.71063995, -0.1173244, 0.02952069), (0.99672437, 0.019420803, 0.056818426, -0.054176718), (0.8303228, 0.00857237, 0.029992223, 0.5564091), (0.7900216, -0.021957874, -0.019866068, 0.6123637), (-0.68629116, -0.026242733, 0.056899875, -0.72462296), (0.99929434, -0.021269381, 0.022470206, -0.021295428), (0.8567144, -0.01921174, -0.012803555, 0.5152742), (0.71773344, 0.027078405, -0.039873384, 0.6946481), (-0.8223596, -0.028550684, 0.050561577, -0.5659979), (0.9999999, -0.000011175871, 0.0000014305115, 0.0000023245811), (0.99748, 0.0065645278, -0.048040688, 0.051796675), (-0.8959923, 0.057794422, -0.15757172, -0.4111317), (0.7017887, -0.012286365, 0.12761849, 0.7007536), (0.74045646, 0.034924716, 0.16002475, 0.6518413), (0.9892365, -0.1397789, -0.032969415, 0.028034866), (0.8765615, 0.093274355, 0.032227278, 0.47106338), (-0.6945017, 0.0028344393, -0.06076982, -0.7169141), (0.7431822, -0.0009073913, 0.068084866, 0.66561496), (0.80726933, 0.38314897, 0.4477008, -0.032820314), (0.9803647, 0.09330347, -0.076589614, 0.15592903), (0.950172, 0.07244576, 0.013121277, 0.3029074), (0.9519712, -0.0042238533, 0.0047025084, 0.30612355), (-0.056587826, -0.99825263, -0.000016340986, 0.017013997), (0.9999998, -2.9802322e-8, 2.9802322e-8, 2.9802322e-8), (0.9999998, -2.9802322e-8, 2.9802322e-8, 2.9802322e-8), (0.9999998, -2.9802322e-8, 2.9802322e-8, 2.9802322e-8), (0.984384, -0.17559847, -0.0038674325, -0.011753231), (0.9992252, -0.008112621, 0.029035255, 0.02529449), (0.9994533, -0.008038659, 0.022574738, 0.022765819), (0.9960506, -0.02998578, 0.058037743, -0.060131017), (0.51130694, -0.487558, -0.476039, -0.5236787), (0.47614524, -0.5227677, -0.51150286, -0.48822644), (1.0000005, 2.2351742e-8, 0, -9.313226e-10), (0.51150334, -0.48822582, -0.47614494, -0.522768), (1.0000004, 2.2351742e-8, 0, 1.8626451e-9), (0.4704814, -0.5278541, -0.47049797, -0.52787256), (0.017882228, 0.66429543, -0.017289191, 0.74705595), (0.88891923, -0.03084001, -0.41906732, 0.18235603), (0.60402775, -0.30323562, 0.081784844, 0.7324681), (0.99999946, -4.4703484e-8, -2.9802322e-8, -1.4901161e-8), (0.99999946, -4.4703484e-8, -2.9802322e-8, -1.4901161e-8), (0.99999946, -4.4703484e-8, -2.9802322e-8, -1.4901161e-8), (0.99999946, -4.4703484e-8, -2.9802322e-8, -1.4901161e-8), (0.6771745, 0.72469014, 0.12615615, -0.018524706), (0.99666184, 0.015922666, 0.057973415, -0.055228323), (0.79686415, -0.10644087, 0.092994645, 0.58739185), (-0.78716636, 0.021797389, 0.017779082, -0.6160986), (0.6936496, 0.042440474, -0.07355559, 0.7152889), (0.9992585, -0.020431012, 0.023624986, -0.022508562), (0.8251149, -0.1235252, 0.06493196, 0.54745835), (-0.7188643, -0.027643263, 0.035457164, -0.693695), (0.82433546, 0.022752851, -0.049928844, 0.5634366), (0.99999994, 0.000011503696, 2.9802322e-8, -1.1920929e-7), (0.9866788, -0.11651218, -0.08992621, 0.0693028), (0.8930733, 0.012636125, 0.21849678, 0.3930891), (-0.6948508, 0.012677267, -0.12801012, -0.70755523), (0.74067116, 0.03534463, 0.15899038, 0.65182704), (0.98965913, -0.13730207, -0.03164676, 0.026853293), (0.8782077, 0.04924172, 0.08714056, 0.46768874), (-0.69317484, 0.009434223, -0.06071949, -0.7181454), (0.74958354, -0.037430495, 0.09646577, 0.65377194), (0.8086078, 0.358089, 0.46256176, -0.06294334), (0.98491, 0.08552387, -0.064984694, 0.1356988), (0.9613641, 0.12572272, 0.034066364, 0.24251142), (0.9624709, -0.011714488, 0.00528273, 0.27107948), (0.9982517, -0.05658838, 0.017059863, -0.000013053417), (0.9999999, 0, 0, 0), (0.9999999, 0, 0, 0), (0.9999999, 0, 0, 0), (0.4758071, -0.5230623, -0.47581998, -0.5230763), (0.20780629, 0.00040747598, -0.04079184, 0.977319), (0.9998112, -0.0039203092, 0.0061193556, 0.018025868), (0.04587785, 0.99836206, -0.026210006, -0.02194345), (0.00612849, 0.58270085, 0.8125993, 0.010213703), (0.9999964, -0.00010805577, -0.00004851818, 0.002571743), (0.9999993, 2.7939677e-7, -0.000001206994, -0.0011720508), (0.52701545, -0.5107243, 0.50292355, 0.45659924), (0.9999994, 3.1664968e-7, 5.5134296e-7, -0.0014619194), (0.99945575, -0.033001564, 7.227063e-7, -2.9802322e-8), (0.9978221, -0.06596732, 0.0000019818544, 1.7881393e-7), (0.9950022, -0.09985647, 0.0000023692846, 2.4586916e-7), (1.0000004, 1.8067658e-7, 5.2154064e-7, -2.6077032e-8), (1.0000002, -5.401671e-8, 0.0000014007092, -4.4703484e-8), (1.0000002, 5.904585e-7, 0.0000012814999, -2.2351742e-8), (0.977467, 0.055424605, 0.030043855, 0.2014545), (0.97615314, -0.091701925, 0.03639722, 0.19336815), (-0.038699284, 0.93810886, 0.34351847, -0.021193296), (0.0073875487, 0.8097807, 0.5866858, 0.0005801618), (0.9999833, -0.00020370632, -0.00005786121, 0.005770106), (0.99999887, 2.0489097e-7, -0.0000010728836, -0.0011720546), (-0.5107217, -0.5270136, -0.45660296, 0.5029247), (0.9999989, 2.9196963e-7, 5.9604645e-7, -0.0014618207), (0.9994554, -0.033001628, -2.9802322e-8, 5.2154064e-8), (0.99782187, -0.06596735, 2.9802322e-8, 1.1175871e-7), (0.9950019, -0.09985645, -2.9802322e-8, -1.4901161e-8), (1.0000002, 2.682209e-7, 0, 4.4703484e-8), (1.0000001, 3.7252903e-9, 0, 3.3527613e-8), (1.0000002, 7.003546e-7, -8.940697e-8, 2.2351742e-8), (0.49998173, -0.5000161, -0.49997413, -0.5000284), (0.49998173, -0.5000161, -0.49997413, -0.5000284), (0.49998173, -0.5000161, -0.49997413, -0.5000284), (0.49998173, -0.5000161, -0.49997413, -0.5000284)],
                12: [(1, 0.00020285131, 0.0002156787, -0.0001393921), (0.46708915, 0.5434323, 0.45733, 0.5266484), (0.99793535, 0.052944027, 0.010111019, 0.03492706), (0.9990031, 0.041474383, -0.010138266, 0.01304438), (0.9991464, 0.041238975, -0.0022953898, 0.00097007304), (0.993006, 0.09596132, -0.0056329966, 0.06854954), (0.72343415, -0.014046848, -0.67897093, -0.12427611), (0.9477383, 0.00806576, -0.28117514, -0.15055966), (0.64976215, 0.0069218725, -0.33846933, 0.68058836), (1.0000004, -2.0861626e-7, -2.9802322e-8, 0), (1.0000004, -2.0861626e-7, -2.9802322e-8, 0), (1.0000004, -2.0861626e-7, -2.9802322e-8, 0), (1.0000004, -2.0861626e-7, -2.9802322e-8, 0), (0.742633, 0.66105527, -0.09981598, 0.039241076), (0.9967413, 0.019197851, 0.05687964, -0.053887695), (0.8303212, 0.008596897, 0.029971689, 0.5564129), (0.7900198, -0.021939993, -0.019875543, 0.6123667), (-0.6862962, -0.026247263, 0.056866676, -0.72462094), (0.99929535, -0.021483213, 0.022524178, -0.02099675), (0.8567165, -0.019175172, -0.012819529, 0.5152724), (0.7177286, 0.027075365, -0.039870344, 0.69465363), (-0.8223623, -0.02854979, 0.050550193, -0.56599534), (1.0000005, -0.000011175871, 0.0000014603138, 0.0000023543835), (0.99747026, 0.006387919, -0.04795623, 0.052090734), (-0.89598715, 0.05778709, -0.1575414, -0.41115588), (0.70179236, -0.012277067, 0.12761381, 0.7007512), (0.740458, 0.034920305, 0.16002059, 0.6518409), (0.9892018, -0.13997206, -0.032939494, 0.028351754), (0.87656677, 0.09332314, 0.032203257, 0.4710468), (-0.69448245, 0.0028493702, -0.060805947, -0.7169304), (0.7431927, -0.0009280145, 0.06807163, 0.6656056), (0.8075689, 0.38258892, 0.44759429, -0.03344637), (0.9803162, 0.09342697, -0.0759145, 0.15649271), (0.9501697, 0.0724523, 0.0131292045, 0.30291432), (0.9519712, -0.004225552, 0.0047075003, 0.306124), (-0.05658789, -0.9982531, -0.000016335398, 0.017014021), (1.0000004, -5.9604645e-8, 2.9802322e-8, 2.9802322e-8), (1.0000004, -5.9604645e-8, 2.9802322e-8, 2.9802322e-8), (1.0000004, -5.9604645e-8, 2.9802322e-8, 2.9802322e-8), (0.983912, -0.17735162, -0.012005642, -0.017878875), (0.9991105, -0.008826371, 0.03208661, 0.025897048), (0.9993601, -0.008756587, 0.025625125, 0.023373097), (0.99619424, -0.024378808, 0.057691738, -0.060618676), (0.51130694, -0.48755804, -0.476039, -0.5236788), (0.4761453, -0.5227678, -0.51150286, -0.48822647), (1.0000005, 2.2351742e-8, 0, -9.313226e-10), (0.51150334, -0.48822585, -0.4761449, -0.522768), (1.0000004, 2.2351742e-8, 0, 9.313226e-10), (0.47048143, -0.52785414, -0.470498, -0.52787256), (0.0070383996, 0.6584089, -0.007895112, 0.75258625), (0.8914226, -0.024026603, -0.4236676, 0.1590427), (0.5925264, -0.29879397, 0.070718765, 0.7447376), (1, -4.4703484e-8, -5.9604645e-8, -1.4901161e-8), (1, -4.4703484e-8, -5.9604645e-8, -1.4901161e-8), (1, -4.4703484e-8, -5.9604645e-8, -1.4901161e-8), (1, -4.4703484e-8, -5.9604645e-8, -1.4901161e-8), (0.69550323, 0.7059013, 0.13287044, 0.018027276), (0.9966646, 0.016173184, 0.058255255, -0.054821104), (0.79684865, -0.10647397, 0.0930195, 0.58740413), (-0.7871651, 0.021795422, 0.017791495, -0.6161009), (0.69365144, 0.04243879, -0.073557824, 0.7152879), (0.9992677, -0.020159155, 0.023883313, -0.022098213), (0.82510006, -0.12355414, 0.06495464, 0.5474724), (-0.7188622, -0.027643561, 0.035465896, -0.69369733), (0.82433665, 0.022747666, -0.049933046, 0.5634352), (1.0000007, 0.000011473894, 0, -1.1920929e-7), (0.98670876, -0.11617312, -0.089737535, 0.06969884), (0.89305735, 0.012588292, 0.21852009, 0.3931154), (-0.69485617, 0.012661397, -0.12795827, -0.7075603), (0.74066573, 0.035378486, 0.1590054, 0.65182835), (0.98969674, -0.13699836, -0.031451315, 0.027272493), (0.8781962, 0.0491969, 0.087159544, 0.46771315), (-0.6931802, 0.009419233, -0.060669288, -0.71814585), (0.7495794, -0.037396073, 0.0964787, 0.6537781), (0.8086662, 0.3578558, 0.46259966, -0.06325203), (0.9848859, 0.0855926, -0.06429744, 0.13616383), (0.9613689, 0.12572056, 0.034071416, 0.24249667), (0.9624722, -0.011711702, 0.00527817, 0.27107832), (0.9982524, -0.05658838, 0.017059863, -0.000012993813), (1.0000004, 0, 1.4901161e-8, 0), (1.0000004, 0, 1.4901161e-8, 0), (1.0000004, 0, 1.4901161e-8, 0), (0.47580722, -0.5230624, -0.4758201, -0.52307636), (0.18923685, 0.0026999246, -0.04448414, 0.9809196), (0.99930394, -0.0029916614, 0.016990483, 0.033076283), (0.006157658, 0.9995837, -0.027938485, 0.0037240088), (0.0023140311, 0.63369894, 0.7735176, 0.009507954), (0.9999913, -0.00014420971, -0.000013679266, 0.004089292), (0.99999917, 2.5518239e-7, -0.0000011771917, -0.0011720657), (0.52701545, -0.51072425, 0.50292355, 0.45659927), (0.9999993, 3.017485e-7, 5.811453e-7, -0.0014619008), (0.99945575, -0.033001572, 7.227063e-7, -4.4703484e-8), (0.99782205, -0.06596734, 0.0000019669533, 1.7881393e-7), (0.99500215, -0.09985649, 0.0000023320317, 2.0116568e-7), (1.0000004, 1.6763806e-7, 5.364418e-7, -3.7252903e-8), (1.0000002, -6.61239e-8, 0.0000014156103, -6.7055225e-8), (1.0000002, 5.7090074e-7, 0.000001244247, -2.2351742e-8), (0.9943137, 0.053397775, 0.012354694, 0.09130368), (0.8914155, -0.079220586, 0.06295249, 0.44174623), (-0.033503324, 0.9693631, 0.2430264, -0.012278944), (0.0120922625, 0.79268706, 0.60950327, 0.0024434328), (0.999992, -0.00007134862, -0.000022903085, 0.003872387), (0.9999987, 2.0861626e-7, -0.0000011324883, -0.0011720471), (-0.5107217, -0.52701354, -0.45660296, 0.50292456), (0.99999905, 2.8172508e-7, 6.556511e-7, -0.0014618291), (0.99945545, -0.033001635, -2.9802322e-8, 5.2154064e-8), (0.9978219, -0.06596736, 2.9802322e-8, 1.3411045e-7), (0.99500203, -0.09985646, -5.9604645e-8, 0), (1.0000001, 2.766028e-7, 1.4901161e-8, 2.9802322e-8), (1, 2.7939677e-9, 0, 4.4703484e-8), (1, 7.0407987e-7, -5.9604645e-8, -1.1175871e-8), (0.4999817, -0.5000161, -0.49997407, -0.5000284), (0.4999817, -0.5000161, -0.49997407, -0.5000284), (0.4999817, -0.5000161, -0.49997407, -0.5000284), (0.4999817, -0.5000161, -0.49997407, -0.5000284)],
                13: [(1, 0.0001710418, -0.0000601825, -0.00014324913), (0.47059047, 0.5406479, 0.44954625, 0.53305966), (0.9972843, 0.0618803, 0.00949844, 0.038790047), (0.9991366, 0.036926467, -0.012577683, 0.014298148), (0.99933994, 0.036212526, -0.0029269457, 0.000132747), (0.99373573, 0.091505036, -0.007060528, 0.06376755), (0.7230466, -0.013022989, -0.6795994, -0.123201646), (0.9429225, 0.012800664, -0.3135915, -0.11132738), (0.6547006, -0.04029411, -0.29670882, 0.6940515), (0.9999999, -1.7881393e-7, -2.9802322e-8, 0), (0.9999999, -1.7881393e-7, -2.9802322e-8, 0), (0.9999999, -1.7881393e-7, -2.9802322e-8, 0), (0.9999999, -1.7881393e-7, -2.9802322e-8, 0), (0.7739663, 0.6255542, -0.09681687, 0.016875148), (0.9967798, 0.018410176, 0.0560717, -0.05428976), (0.8303205, 0.008559018, 0.030029058, 0.5564112), (0.7899904, -0.021913946, -0.019916082, 0.612404), (-0.6863722, -0.02631089, 0.056815118, -0.72455055), (0.99928546, -0.022308528, 0.02175954, -0.021397412), (0.8567142, -0.01921773, -0.0127801895, 0.51527536), (0.7176971, 0.027134895, -0.039916392, 0.6946809), (-0.822415, -0.028615415, 0.050472796, -0.5659219), (1, -0.000011205673, 0.0000014603138, 0.0000023543835), (0.99745584, 0.005478859, -0.048694104, 0.051780254), (-0.89599353, 0.057749897, -0.15764016, -0.4111093), (0.701742, -0.0123414695, 0.12771267, 0.7007824), (0.7404801, 0.03486143, 0.15999132, 0.65182614), (0.9890676, -0.1408431, -0.033608228, 0.027915895), (0.8765706, 0.093321085, 0.032244176, 0.4710368), (-0.69445914, 0.002842933, -0.060900234, -0.7169448), (0.74320126, -0.0009951591, 0.068065464, 0.66559637), (0.8079044, 0.38229167, 0.44720808, -0.033896536), (0.98030245, 0.09304334, -0.07626471, 0.15663515), (0.95017457, 0.072443716, 0.013104618, 0.3029011), (0.9519723, -0.004234053, 0.0047189146, 0.30611965), (-0.056587826, -0.9982528, -0.000016281381, 0.017014015), (1, -5.9604645e-8, 2.9802322e-8, 0), (1, -5.9604645e-8, 2.9802322e-8, 0), (1, -5.9604645e-8, 2.9802322e-8, 0), (0.9848448, -0.17131326, -0.012470499, -0.024020083), (0.9990958, -0.009024246, 0.032547936, 0.025817528), (0.99934804, -0.00895584, 0.026086047, 0.02329459), (0.9963809, -0.015851682, 0.05693546, -0.061090797), (0.5113068, -0.48755795, -0.47603893, -0.52367866), (0.47614518, -0.52276766, -0.5115028, -0.48822638), (1.0000002, 2.2351742e-8, 0, -9.313226e-10), (0.5115033, -0.4882258, -0.4761448, -0.5227679), (1.0000001, 2.2351742e-8, 0, 1.3969839e-9), (0.47048137, -0.527854, -0.4704979, -0.5278725), (-0.007039726, 0.65670794, -0.00026994944, 0.75411206), (0.8927354, -0.028282255, -0.4328323, 0.12198363), (0.58984005, -0.29110715, 0.017201453, 0.75302714), (1, -5.9604645e-8, -5.9604645e-8, -2.2351742e-8), (1, -5.9604645e-8, -5.9604645e-8, -2.2351742e-8), (1, -5.9604645e-8, -5.9604645e-8, -2.2351742e-8), (1, -5.9604645e-8, -5.9604645e-8, -2.2351742e-8), (0.7151588, 0.6858118, 0.12386632, 0.053551942), (0.9966992, 0.015968055, 0.05846557, -0.054021865), (0.7968357, -0.10649416, 0.09307565, 0.587409), (-0.7871673, 0.021732002, 0.017776519, -0.61610067), (0.69365746, 0.042373136, -0.073435515, 0.71529853), (0.99927735, -0.02033016, 0.02407381, -0.021277964), (0.8250915, -0.123577446, 0.06500058, 0.5474746), (-0.7188556, -0.027719468, 0.035448194, -0.693702), (0.82434195, 0.022663653, -0.049806237, 0.56344205), (1.0000005, 0.000011503696, 2.9802322e-8, -8.940697e-8), (0.986655, -0.11620471, -0.08959773, 0.07058069), (0.8930623, 0.012485921, 0.21864958, 0.39303562), (-0.69481957, 0.01280269, -0.12781079, -0.7076207), (0.74066395, 0.035464495, 0.158927, 0.65184516), (0.9896606, -0.13711157, -0.031346083, 0.028120428), (0.8781929, 0.04914069, 0.087276, 0.46770343), (-0.6931627, 0.009557337, -0.06055513, -0.7181704), (0.7495872, -0.037323803, 0.096395165, 0.65378535), (0.80873114, 0.35716888, 0.46303332, -0.06312862), (0.98485243, 0.085608855, -0.064068, 0.1365026), (0.9613754, 0.12571563, 0.034082264, 0.24247134), (0.962468, -0.011697173, 0.005284965, 0.27109337), (0.9982522, -0.05658835, 0.017059833, -0.000012993813), (1.0000002, 0, 0, 0), (1.0000002, 0, 0, 0), (1.0000002, 0, 0, 0), (0.47580716, -0.5230623, -0.47582, -0.5230763), (0.22876325, 0.008471021, -0.050750792, 0.9721214), (0.97208774, -0.0042565167, 0.016652128, 0.23398751), (0.0073136464, 0.9965112, -0.082663745, 0.00886026), (-0.0009557605, 0.71706194, 0.69700825, 0.0007122755), (0.9999709, 0.00023916923, -0.00017815828, 0.0075966455), (0.99999917, 2.6635826e-7, -0.0000011667726, -0.0011720769), (0.52701545, -0.5107243, 0.5029236, 0.45659924), (0.99999934, 2.8125942e-7, 6.03497e-7, -0.0014618933), (0.99945575, -0.033001576, 7.376075e-7, -1.1175871e-8), (0.9978221, -0.06596732, 0.0000019669533, 1.4901161e-7), (0.9950022, -0.099856466, 0.0000023767352, 2.0861626e-7), (1.0000005, 1.9837171e-7, 5.066395e-7, -4.0978193e-8), (1.0000004, -7.4505806e-8, 0.0000014156103, -4.4703484e-8), (1.0000004, 5.9138983e-7, 0.0000012516975, -3.7252903e-9), (0.9982742, 0.05850517, 0.0021838844, -0.004565088), (0.78493714, -0.07018046, 0.07999015, 0.6103685), (-0.012451887, 0.9785236, 0.20542441, -0.011693239), (0.0066799223, 0.75554883, 0.65505743, 0.00034469366), (0.999997, 0.0001324988, 0.000113770366, 0.0022045262), (0.99999845, 1.9837171e-7, -0.0000010728836, -0.001172049), (-0.5107215, -0.5270135, -0.45660278, 0.50292444), (0.9999988, 2.7997885e-7, 6.2584877e-7, -0.0014618393), (0.9994552, -0.03300163, 0, 5.5879354e-8), (0.9978217, -0.06596734, 5.9604645e-8, 1.3038516e-7), (0.9950017, -0.09985642, 2.9802322e-8, 3.7252903e-9), (1, 2.332963e-7, -7.450581e-9, 1.8626451e-8), (0.99999994, 1.8626451e-9, 0, 1.4901161e-8), (1, 7.166527e-7, -1.0430813e-7, -3.7252903e-9), (0.49998155, -0.500016, -0.49997404, -0.5000283), (0.49998155, -0.500016, -0.49997404, -0.5000283), (0.49998155, -0.500016, -0.49997404, -0.5000283), (0.49998155, -0.500016, -0.49997404, -0.5000283)],
                14: [(0.9999998, 0.000117391675, -0.00035393116, -0.00043312128), (0.47912005, 0.5305942, 0.43429992, 0.5479938), (0.9961426, 0.07913676, 0.007171616, 0.03722564), (0.99948364, 0.025146898, -0.012818195, 0.015358388), (0.9997076, 0.023998253, -0.0027381033, 0.0012655109), (0.9950818, 0.07938135, -0.0063797235, 0.058911942), (0.7219649, 0.00058057904, -0.6835233, -0.1075305), (0.94070196, 0.014623821, -0.33090794, -0.07325615), (0.640784, -0.089590594, -0.27324265, 0.71183467), (1.0000002, -1.7881393e-7, -2.9802322e-8, 0), (1.0000002, -1.7881393e-7, -2.9802322e-8, 0), (1.0000002, -1.7881393e-7, -2.9802322e-8, 0), (1.0000002, -1.7881393e-7, -2.9802322e-8, 0), (0.77336144, 0.618665, -0.1316449, -0.042852283), (0.9968337, 0.019815922, 0.054284215, -0.05462739), (0.8303134, 0.00856778, 0.030027092, 0.5564223), (0.79002196, -0.02198118, -0.01986227, 0.61236304), (-0.68628395, -0.026247412, 0.056953937, -0.7246257), (0.99934244, -0.02097416, 0.019944131, -0.021859556), (0.8567041, -0.019218743, -0.012781739, 0.5152923), (0.717737, 0.027083188, -0.03985831, 0.69464535), (-0.82234883, -0.028536081, 0.050594658, -0.56601155), (1.0000005, -0.000011175871, 0.0000014305115, 0.0000023543835), (0.9973794, 0.006638348, -0.050590336, 0.051301062), (-0.8959886, 0.05783552, -0.15761751, -0.41111705), (0.70176864, -0.012294382, 0.12756029, 0.70078456), (0.74046016, 0.034951106, 0.16002408, 0.6518363), (0.98919654, -0.13963902, -0.03541994, 0.02715835), (0.87654936, 0.09323546, 0.032260388, 0.47109294), (-0.69450474, 0.0028202832, -0.06070877, -0.7169172), (0.7431799, -0.0008763373, 0.06809354, 0.6656175), (0.80810946, 0.3830542, 0.44624883, -0.033040226), (0.98014045, 0.093357384, -0.07680711, 0.1571974), (0.9501733, 0.072448, 0.013113081, 0.30290428), (0.9519712, -0.00421682, 0.0046994984, 0.30612415), (-0.056587845, -0.9982531, -0.000016314909, 0.017014023), (1.0000002, -2.9802322e-8, 0, 2.9802322e-8), (1.0000002, -2.9802322e-8, 0, 2.9802322e-8), (1.0000002, -2.9802322e-8, 0, 2.9802322e-8), (0.99022603, -0.13800585, -0.0043430775, -0.019702643), (0.99929214, -0.007872989, 0.031334832, 0.01928155), (0.99951947, -0.007845901, 0.024874464, 0.016750852), (0.9968127, -0.0112769585, 0.042695455, -0.06644314), (0.511307, -0.48755807, -0.476039, -0.5236789), (0.47614527, -0.5227678, -0.51150286, -0.4882265), (1.0000005, 2.2351742e-8, 0, -9.313226e-10), (0.51150334, -0.48822594, -0.47614494, -0.5227681), (1.0000005, 2.2351742e-8, 0, 1.8626451e-9), (0.47048146, -0.52785426, -0.47049803, -0.5278726), (-0.022642463, 0.65421396, 0.017864555, 0.7557595), (0.8940774, -0.028612763, -0.43383121, 0.10769004), (0.6038152, -0.30402797, -0.05031821, 0.73514754), (0.9999995, -5.9604645e-8, -2.9802322e-8, -2.2351742e-8), (0.9999995, -5.9604645e-8, -2.9802322e-8, -2.2351742e-8), (0.9999995, -5.9604645e-8, -2.9802322e-8, -2.2351742e-8), (0.9999995, -5.9604645e-8, -2.9802322e-8, -2.2351742e-8), (0.7098075, 0.69161713, 0.12423411, 0.04903686), (0.99670565, 0.017188817, 0.057587624, -0.05445847), (0.7968479, -0.1065357, 0.093046874, 0.5873886), (-0.7871579, 0.021775275, 0.017731309, -0.61611134), (0.69366145, 0.04226324, -0.07354742, 0.71528876), (0.9993103, -0.019162118, 0.023169458, -0.021789819), (0.82510346, -0.12359917, 0.06497708, 0.54745364), (-0.71885073, -0.027671307, 0.03538555, -0.69371146), (0.82433975, 0.022553533, -0.049927264, 0.563438), (0.99999994, 0.000011473894, 0, -1.1920929e-7), (0.98673207, -0.115231365, -0.09056184, 0.06985688), (0.8930779, 0.012472123, 0.21859163, 0.39303148), (-0.694807, 0.012697309, -0.12773174, -0.7076484), (0.7406713, 0.035537273, 0.15898842, 0.651817), (0.9897978, -0.13604423, -0.03223884, 0.027433872), (0.8782057, 0.049069643, 0.08722082, 0.4676954), (-0.69315535, 0.009461492, -0.060413584, -0.7181895), (0.74959016, -0.037222564, 0.096455246, 0.6537775), (0.8086406, 0.35792223, 0.46258107, -0.06333014), (0.9847147, 0.08573598, -0.06414503, 0.1373741), (0.9613674, 0.12569219, 0.034090042, 0.24251208), (0.962472, -0.011698417, 0.005272597, 0.27107754), (0.9982517, -0.05658838, 0.017059863, -0.00001296401), (0.9999999, 0, 0, 0), (0.9999999, 0, 0, 0), (0.9999999, 0, 0, 0), (0.47580722, -0.52306247, -0.47582012, -0.5230764), (0.24944186, 0.023354681, -0.069616795, 0.9656017), (0.91722584, -0.0064314804, 0.01976226, 0.39782524), (0.0071173236, 0.9731058, -0.23020314, 0.004577011), (0.0004015565, 0.7201293, 0.6938389, -0.00087478757), (0.99998635, 0.000018990599, -0.0000500381, 0.0051391236), (0.9999991, 2.4680048e-7, -0.0000011422671, -0.0011720881), (0.52701545, -0.51072425, 0.5029235, 0.45659924), (0.9999994, 3.1851232e-7, 6.2584877e-7, -0.001461912), (0.9994557, -0.033001594, 7.301569e-7, -4.0978193e-8), (0.9978221, -0.06596735, 0.0000020116568, 1.937151e-7), (0.9950022, -0.09985648, 0.0000023394823, 2.0861626e-7), (1.0000004, 1.9872095e-7, 4.917383e-7, -4.0978193e-8), (1.0000002, -7.6775905e-8, 0.0000014007092, -2.9802322e-8), (1.0000002, 5.7771103e-7, 0.0000012516975, 1.4901161e-8), (0.98988765, 0.06834723, -0.0105535295, -0.12385307), (0.66398996, -0.045763448, 0.09397653, 0.74039936), (0.016398266, 0.9720541, 0.23313814, -0.02208358), (0.0010352731, 0.7125439, 0.7016252, -0.0010840297), (0.99999785, 0.00011271238, 0.00013917685, 0.0017766282), (0.9999985, 2.02097e-7, -0.0000011324883, -0.0011720527), (-0.51072156, -0.5270134, -0.4566028, 0.50292444), (0.9999987, 2.7567148e-7, 6.2584877e-7, -0.0014618374), (0.9994551, -0.033001628, 0, 5.5413693e-8), (0.9978215, -0.06596734, 2.9802322e-8, 1.2852252e-7), (0.9950016, -0.09985641, 5.9604645e-8, 3.7252903e-9), (1, 2.719462e-7, -2.6077032e-8, 1.1175871e-8), (0.99999994, 4.656613e-8, -4.4703484e-8, 1.4901161e-8), (1, 7.0780516e-7, -6.3329935e-8, -3.7252903e-9), (0.4999816, -0.50001603, -0.49997404, -0.50002825), (0.4999816, -0.50001603, -0.49997404, -0.50002825), (0.4999816, -0.50001603, -0.49997404, -0.50002825), (0.4999816, -0.50001603, -0.49997404, -0.50002825)],
                15: [(1, -0.000031688774, 0.00015851513, 0.00011938166), (0.48906285, 0.51791847, 0.42624512, 0.55757797), (0.9960047, 0.0808353, 0.0036884695, 0.037772935), (0.999733, 0.007788795, -0.011957012, 0.018187035), (0.9999741, 0.007187793, -0.00059454143, 0.00065783784), (0.99800366, 0.049792856, -0.0013490468, 0.038836367), (0.72506255, 0.031229466, -0.682798, -0.084240116), (0.93690336, 0.01772505, -0.34808952, -0.027059138), (0.64291316, -0.13552502, -0.23835458, 0.71518046), (1, -1.6391277e-7, -8.940697e-8, 0), (1, -1.6391277e-7, -8.940697e-8, 0), (1, -1.6391277e-7, -8.940697e-8, 0), (1, -1.6391277e-7, -8.940697e-8, 0), (0.7440799, 0.645919, -0.13342276, -0.10645336), (0.9966878, 0.021445185, 0.05430302, -0.056612164), (0.8303136, 0.008539379, 0.030047894, 0.55642045), (0.7900146, -0.022021264, -0.01986209, 0.6123704), (-0.6862904, -0.026260525, 0.057006955, -0.72461444), (0.99932575, -0.019414186, 0.019997418, -0.023903728), (0.8566992, -0.019247234, -0.01276952, 0.51529926), (0.7177235, 0.027066588, -0.039859794, 0.6946597), (-0.8223708, -0.028551519, 0.050625354, -0.5659758), (1, -0.000011175871, 0.0000014603138, 0.0000023245811), (0.9974699, 0.008052945, -0.050728947, 0.049150288), (-0.895949, 0.057845533, -0.15764561, -0.4111903), (0.7018479, -0.0122303665, 0.12757719, 0.70070255), (0.7404289, 0.034932286, 0.16008776, 0.6518564), (0.9894607, -0.1382102, -0.035197854, 0.025037289), (0.8765075, 0.093209594, 0.03223729, 0.47117645), (-0.6946046, 0.0027325153, -0.060728453, -0.7168187), (0.74313366, -0.0008895695, 0.068164736, 0.6656616), (0.80687, 0.3851548, 0.4466638, -0.033292025), (0.9800279, 0.093277335, -0.07828683, 0.15721464), (0.9501736, 0.072417185, 0.013093054, 0.30291027), (0.95197487, -0.0042226166, 0.004686713, 0.3061114), (-0.056587845, -0.99825275, -0.000016342849, 0.01701403), (1.0000001, -2.9802322e-8, 2.9802322e-8, 2.9802322e-8), (1.0000001, -2.9802322e-8, 2.9802322e-8, 2.9802322e-8), (1.0000001, -2.9802322e-8, 2.9802322e-8, 2.9802322e-8), (0.99684095, -0.078500874, 0.004209101, 0.011344761), (0.99991274, -0.0017539002, 0.011659548, 0.0059887245), (0.99997926, -0.001764576, 0.0052117407, 0.0034189532), (0.99719703, -0.002133941, 0.020513982, -0.071926564), (0.51130706, -0.48755816, -0.47603914, -0.5236789), (0.47614536, -0.5227679, -0.511503, -0.4882266), (1.0000007, 2.2351742e-8, 0, -8.1490725e-10), (0.51150346, -0.48822606, -0.47614503, -0.5227682), (1.0000006, 2.2351742e-8, 0, 1.8626451e-9), (0.47048151, -0.5278542, -0.47049809, -0.5278727), (-0.038153753, 0.653703, 0.06325865, 0.7531371), (0.9053634, -0.033847094, -0.416467, 0.07567738), (0.6190223, -0.27843297, -0.1792747, 0.71214294), (1, -5.9604645e-8, -2.9802322e-8, -2.9802322e-8), (1, -5.9604645e-8, -2.9802322e-8, -2.9802322e-8), (1, -5.9604645e-8, -2.9802322e-8, -2.9802322e-8), (1, -5.9604645e-8, -2.9802322e-8, -2.9802322e-8), (0.68862635, 0.72024447, 0.07735255, 0.03254378), (0.99677896, 0.018592179, 0.05676669, -0.053523093), (0.79685485, -0.10657972, 0.09304547, 0.5873731), (-0.78714967, 0.021712571, 0.017709479, -0.61612654), (0.6936695, 0.042189002, -0.073546976, 0.71528685), (0.99937546, -0.017757237, 0.022270858, -0.02093482), (0.8251047, -0.123642385, 0.064973384, 0.5474431), (-0.71883935, -0.027727336, 0.035357475, -0.69372314), (0.8243419, 0.02246964, -0.04994881, 0.56343716), (1.0000005, 0.000011473894, 0, -1.4901161e-7), (0.9867567, -0.11382702, -0.091620386, 0.07043731), (0.89309275, 0.012303054, 0.21850199, 0.39305454), (-0.6947748, 0.012475103, -0.12758413, -0.7077116), (0.74068713, 0.03562528, 0.15909651, 0.65176886), (0.98993564, -0.1346508, -0.033298105, 0.028084904), (0.87820864, 0.048954725, 0.087197155, 0.46770817), (-0.69314355, 0.009291559, -0.06026359, -0.718217), (0.74959815, -0.03713101, 0.096561074, 0.6537598), (0.8090078, 0.35833785, 0.461794, -0.062029034), (0.9846972, 0.08608776, -0.06352052, 0.13757187), (0.9613743, 0.12569614, 0.034115165, 0.24248064), (0.96247494, -0.011682745, 0.00525105, 0.2710692), (0.99825233, -0.05658838, 0.017059863, -0.00001296401), (1.0000002, 0, 1.3038516e-8, 0), (1.0000002, 0, 1.3038516e-8, 0), (1.0000002, 0, 1.3038516e-8, 0), (0.47580725, -0.52306247, -0.47582015, -0.52307653), (0.14735463, 0.025073076, -0.0794611, 0.985568), (0.93261975, -0.009490457, 0.023938797, 0.35994142), (0.0013002157, 0.9647478, -0.26300466, 0.009439945), (-0.0004285574, 0.70249254, 0.7116911, 0.00007036328), (0.9999903, 0.0000022617169, 0.000021159649, 0.0043930933), (0.9999994, 2.6123598e-7, -0.0000011734664, -0.0011720471), (0.5270156, -0.5107244, 0.5029237, 0.4565994), (0.99999964, 3.3341348e-7, 5.9604645e-7, -0.0014619157), (0.99945605, -0.033001583, 7.1525574e-7, -1.4901161e-8), (0.9978224, -0.065967366, 0.000002026558, 1.7136335e-7), (0.9950025, -0.099856526, 0.0000023841858, 2.0116568e-7), (1.0000007, 1.6018748e-7, 4.917383e-7, 9.313226e-9), (1.0000005, -7.0780516e-8, 0.0000014230609, -4.284084e-8), (1.0000006, 5.979091e-7, 0.000001296401, -4.0978193e-8), (0.9650074, 0.06387215, -0.01558454, -0.2538468), (0.6544107, -0.026770735, 0.07146461, 0.7522783), (0.042880155, 0.966055, 0.25294405, -0.030302405), (0.0003915131, 0.70771646, 0.7064961, -0.00025209785), (0.9999939, -0.000025376678, 0.000077962875, 0.0034089833), (0.9999987, 2.1606684e-7, -0.0000011324883, -0.0011720578), (-0.5107216, -0.52701354, -0.45660296, 0.5029246), (0.9999989, 2.7567148e-7, 6.2584877e-7, -0.0014618356), (0.99945533, -0.03300163, -2.9802322e-8, 5.9604645e-8), (0.9978218, -0.06596735, 2.9802322e-8, 1.322478e-7), (0.995002, -0.099856436, 0, 0), (1, 2.5331974e-7, -1.4901161e-8, 7.636845e-8), (0.99999994, 4.4703484e-8, -1.4901161e-8, -3.7252903e-9), (1, 6.92904e-7, -8.940697e-8, -5.5879354e-9), (0.4999817, -0.5000161, -0.4999741, -0.5000284), (0.4999817, -0.5000161, -0.4999741, -0.5000284), (0.4999817, -0.5000161, -0.4999741, -0.5000284), (0.4999817, -0.5000161, -0.4999741, -0.5000284)],
                16: [(0.99999905, 0.000010666003, 0.001368029, -0.00008723716), (0.4695595, 0.5433198, 0.46055362, 0.5217352), (0.9991971, -0.0020739865, 0.0070218295, 0.039387863), (0.99970615, -0.013560486, -0.008307561, 0.01829473), (0.9999083, -0.012902012, -0.00408151, 0.00005708076), (0.99978757, 0.0011541974, 0.0008711517, 0.020557156), (0.7379104, 0.049447805, -0.67143196, -0.047138333), (0.9319407, -0.0070204735, -0.3614339, 0.028327273), (0.66605526, -0.17730561, -0.1975739, 0.6970633), (0.99999976, -1.7881393e-7, -1.1920929e-7, 0), (0.99999976, -1.7881393e-7, -1.1920929e-7, 0), (0.99999976, -1.7881393e-7, -1.1920929e-7, 0), (0.99999976, -1.7881393e-7, -1.1920929e-7, 0), (0.69587195, 0.69736534, -0.040207952, -0.166814), (0.9966266, 0.021256983, 0.054775506, -0.057299823), (0.83025527, 0.008458078, 0.030043632, 0.5565091), (0.790007, -0.021995008, -0.01987664, 0.61238086), (-0.68630683, -0.02627045, 0.056954563, -0.7246028), (0.9992955, -0.019619226, 0.020508647, -0.024555773), (0.85664964, -0.019302487, -0.012818813, 0.515378), (0.71771693, 0.02714184, -0.03983331, 0.69466496), (-0.8223702, -0.028520226, 0.050538033, -0.56598604), (0.9999999, -0.000011175871, 0.0000014305115, 0.0000023841858), (0.99752617, 0.007859737, -0.050281495, 0.0484896), (-0.89589465, 0.0578807, -0.15776575, -0.41125682), (0.7018116, -0.012372941, 0.1275776, 0.70073557), (0.74045074, 0.0349285, 0.16003266, 0.6518444), (0.9894656, -0.13842714, -0.034601033, 0.024464756), (0.87648416, 0.09315649, 0.03221467, 0.47123182), (-0.69456136, 0.0027807653, -0.060756512, -0.7168577), (0.7431493, -0.0009095073, 0.06813222, 0.66564703), (0.8054873, 0.38524342, 0.44908202, -0.03321463), (0.97978204, 0.092772804, -0.080928504, 0.15770614), (0.9501724, 0.07243103, 0.013108909, 0.3029101), (0.9519737, -0.004221492, 0.0046966225, 0.30611557), (-0.056587834, -0.99825263, -0.00001630187, 0.01701399), (0.99999976, -2.9802322e-8, 2.9802322e-8, 1.8626451e-8), (0.99999976, -2.9802322e-8, 2.9802322e-8, 1.8626451e-8), (0.99999976, -2.9802322e-8, 2.9802322e-8, 1.8626451e-8), (0.9978042, 0.022172403, 0.023533762, 0.057800382), (0.9999957, 0.00017412566, 0.002678737, 0.0008194364), (0.99999106, 0.00015658792, -0.0037644207, -0.0017645138), (0.9965732, -0.0024568674, -0.0041752756, -0.08257066), (0.5113068, -0.48755786, -0.47603887, -0.5236786), (0.47614512, -0.52276754, -0.5115027, -0.48822626), (1, 2.2351742e-8, 0, -9.313226e-10), (0.51150316, -0.48822564, -0.47614476, -0.52276784), (0.99999994, 2.2351742e-8, 0, 1.9790605e-9), (0.4704813, -0.52785397, -0.47049788, -0.5278724), (-0.024653003, 0.6685287, 0.11695534, 0.73401815), (0.9214439, 0.008176386, -0.38824946, 0.0116622895), (0.60585314, -0.20396006, -0.2274318, 0.734586), (0.9999996, -5.9604645e-8, 0, -4.4703484e-8), (0.9999996, -5.9604645e-8, 0, -4.4703484e-8), (0.9999996, -5.9604645e-8, 0, -4.4703484e-8), (0.9999996, -5.9604645e-8, 0, -4.4703484e-8), (0.6560104, 0.7545086, -0.018200666, 0.0059857965), (0.9967506, 0.018142998, 0.05692649, -0.054020762), (0.79687965, -0.106538296, 0.09302893, 0.58734787), (-0.7871473, 0.021591902, 0.017829984, -0.6161287), (0.6936722, 0.042451262, -0.07342583, 0.71527976), (0.99935234, -0.018208593, 0.022460192, -0.021416694), (0.8251171, -0.123613596, 0.064973384, 0.5474298), (-0.7188328, -0.027833372, 0.03550531, -0.6937171), (0.82435334, 0.02274996, -0.049817145, 0.56341946), (1.0000001, 0.000011473894, 0, -1.4901161e-7), (0.98675394, -0.11433673, -0.09134808, 0.06999317), (0.89306927, 0.012539357, 0.218445, 0.39313024), (-0.69484216, 0.012404501, -0.12797005, -0.7075758), (0.7406739, 0.035383314, 0.1591368, 0.65178597), (0.9898943, -0.13510358, -0.03303501, 0.027658701), (0.8782004, 0.049137652, 0.087174594, 0.46770713), (-0.6931807, 0.009207636, -0.060637496, -0.7181495), (0.7495769, -0.037374556, 0.09661299, 0.65376073), (0.80878353, 0.35856518, 0.46192235, -0.06267208), (0.98473394, 0.085684724, -0.06373602, 0.13745731), (0.9613708, 0.12571192, 0.034083635, 0.24248883), (0.96247566, -0.011710089, 0.005256653, 0.27106434), (0.99825174, -0.05658838, 0.017059833, -0.000012993813), (0.9999997, 0, 0, -1.4901161e-8), (0.9999997, 0, 0, -1.4901161e-8), (0.9999997, 0, 0, -1.4901161e-8), (0.47580713, -0.5230622, -0.47582, -0.5230763), (-0.03247992, 0.020751275, 0.001709789, 0.99925536), (0.97527945, -0.032396886, 0.027120262, 0.21689804), (-0.01025565, 0.97203237, -0.23433918, 0.01152432), (-0.0044537783, 0.6684335, 0.743757, -0.001401037), (0.9999895, 0.000040549785, -0.000019013882, 0.00451146), (0.99999905, 2.3809844e-7, -0.0000011846423, -0.0011721011), (0.5270154, -0.51072425, 0.5029235, 0.45659924), (0.99999917, 3.632158e-7, 5.662441e-7, -0.0014619231), (0.9994556, -0.033001594, 7.1525574e-7, -3.3527613e-8), (0.9978219, -0.06596732, 0.0000019967556, 2.0116568e-7), (0.9950021, -0.09985648, 0.0000023841858, 2.30968e-7), (1.0000002, 1.8579885e-7, 4.8428774e-7, -2.2817403e-8), (1.0000002, -6.61239e-8, 0.0000013709068, -2.7008355e-8), (1.0000001, 5.713664e-7, 0.0000012367964, -1.4901161e-8), (0.9451723, -0.013091361, -0.011088505, -0.3261208), (0.68273395, -0.022302803, 0.035477333, 0.72946453), (0.055072144, 0.98146135, 0.18228933, -0.021704972), (-0.00006878376, 0.70575374, 0.70845664, 0.00032886863), (0.99999225, -0.000011216849, 0.00013554469, 0.0038353428), (0.9999986, 2.0116568e-7, -0.0000011324883, -0.0011720546), (-0.51072156, -0.52701354, -0.45660287, 0.50292456), (0.999999, 2.561137e-7, 6.556511e-7, -0.0014618449), (0.9994555, -0.033001654, -2.9802322e-8, 6.3329935e-8), (0.99782205, -0.065967344, 2.9802322e-8, 1.4528632e-7), (0.99500203, -0.09985644, 0, -7.450581e-9), (1.0000001, 2.5331974e-7, -2.9802322e-8, 4.8428774e-8), (1, 3.3527613e-8, -2.9802322e-8, 1.1175871e-8), (1, 6.9104135e-7, -8.940697e-8, 4.656613e-9), (0.49998152, -0.500016, -0.49997404, -0.50002825), (0.49998152, -0.500016, -0.49997404, -0.50002825), (0.49998152, -0.500016, -0.49997404, -0.50002825), (0.49998152, -0.500016, -0.49997404, -0.50002825)],
                17: [(0.99999976, 0.00039856153, 0.00044657695, 0.00045065497), (0.4499364, 0.5466123, 0.46565622, 0.53097695), (0.99829, -0.049602214, -0.0027270864, 0.03081319), (0.9993638, -0.032904524, -0.0017984065, 0.013646537), (0.99946207, -0.032192666, 0.0037154935, 0.005060048), (0.9973797, -0.0514491, 0.009435499, 0.04998151), (0.74023175, -0.015689053, -0.67140347, -0.032069903), (0.9088968, -0.03488335, -0.3966956, 0.12378302), (0.66176754, -0.26417822, -0.026341915, 0.70112747), (0.9999999, -1.6670674e-7, -5.9604645e-8, 1.21071935e-8), (0.9999999, -1.6670674e-7, -5.9604645e-8, 1.21071935e-8), (0.9999999, -1.6670674e-7, -5.9604645e-8, 1.21071935e-8), (0.9999999, -1.6670674e-7, -5.9604645e-8, 1.21071935e-8), (0.63406694, 0.75398195, 0.08247262, -0.15056095), (0.99661595, 0.020364344, 0.056486614, -0.056135908), (0.83028185, 0.008492932, 0.030023089, 0.5564702), (0.78996414, -0.021991743, -0.019930188, 0.61243486), (-0.68640435, -0.026340533, 0.0569354, -0.7245099), (0.9992738, -0.020408198, 0.022196969, -0.023296736), (0.85667586, -0.019224053, -0.012834527, 0.51533747), (0.71769667, 0.027104128, -0.039753146, 0.69469225), (-0.8224023, -0.028489722, 0.05058389, -0.56593716), (1, -0.000011205673, 0.0000014603138, 0.00000237301), (0.99756014, 0.007333062, -0.04849447, 0.049684487), (-0.89585716, 0.057955116, -0.15774365, -0.4113379), (0.70187694, -0.012301194, 0.12753712, 0.70068), (0.74044025, 0.034894153, 0.16006866, 0.6518506), (0.98939437, -0.13904552, -0.033035334, 0.025959967), (0.87649935, 0.093157955, 0.032179184, 0.47120583), (-0.6945884, 0.0027184023, -0.060749047, -0.7168326), (0.74314016, -0.0009394195, 0.06817337, 0.66565293), (0.80561906, 0.38464057, 0.44939974, -0.03270477), (0.98008233, 0.092837796, -0.079807565, 0.15636761), (0.95017797, 0.07244995, 0.013106551, 0.30288875), (0.95197535, -0.0042274985, 0.004692832, 0.30611035), (-0.05658783, -0.99825275, -0.000016273581, 0.017013984), (1.0000001, -5.5879354e-9, 2.7939677e-9, 2.4214387e-8), (1.0000001, -5.5879354e-9, 2.7939677e-9, 2.4214387e-8), (1.0000001, -5.5879354e-9, 2.7939677e-9, 2.4214387e-8), (0.99227995, 0.12148457, 0.004431709, 0.024550714), (0.999973, 0.0018468961, -0.0051845913, 0.0048728543), (0.9999281, 0.0018757815, -0.011623047, 0.0022764674), (0.99616677, 0.0033858784, -0.03158968, -0.08150285), (0.51130694, -0.48755807, -0.476039, -0.5236788), (0.47614533, -0.5227677, -0.51150286, -0.48822647), (1.0000005, 2.2351742e-8, 0, -4.656613e-10), (0.51150334, -0.48822588, -0.4761449, -0.522768), (1.0000002, 2.2351742e-8, 8.731149e-11, 2.3283064e-9), (0.47048146, -0.52785414, -0.47049803, -0.5278726), (0.044798326, 0.6863585, 0.061783575, 0.7232484), (0.94069976, 0.013287373, -0.33294895, -0.06366009), (0.63454485, -0.11219906, -0.26368687, 0.7177979), (1, -7.4505806e-8, -5.9604645e-8, -2.9802322e-8), (1, -7.4505806e-8, -5.9604645e-8, -2.9802322e-8), (1, -7.4505806e-8, -5.9604645e-8, -2.9802322e-8), (1, -7.4505806e-8, -5.9604645e-8, -2.9802322e-8), (0.63815844, 0.76228976, -0.106312275, -0.019138046), (0.9968054, 0.017473359, 0.056155637, -0.054045413), (0.7968457, -0.10651187, 0.0930533, 0.587396), (-0.78715736, 0.021751903, 0.017796343, -0.6161122), (0.69365233, 0.042446442, -0.0735573, 0.71528673), (0.99935585, -0.018906403, 0.021711372, -0.021441488), (0.82509124, -0.12358493, 0.064989455, 0.54747427), (-0.71885324, -0.027679658, 0.035468616, -0.69370455), (0.8243358, 0.022755815, -0.049940906, 0.56343484), (1.0000006, 0.000011473894, 5.5879354e-9, -1.13621354e-7), (0.9866041, -0.11507905, -0.092034936, 0.06999569), (0.8930623, 0.012561113, 0.21847075, 0.39313254), (-0.6948347, 0.012526749, -0.12799281, -0.70757794), (0.74067545, 0.035369262, 0.15906897, 0.6518029), (0.9897734, -0.13582833, -0.033741567, 0.027594535), (0.878188, 0.04915829, 0.087169364, 0.46773022), (-0.6931708, 0.009306813, -0.060671505, -0.71815574), (0.7495826, -0.03739365, 0.09654702, 0.6537638), (0.8086426, 0.35801804, 0.46268997, -0.06195915), (0.98461443, 0.085604995, -0.06542652, 0.13757274), (0.96137255, 0.12569834, 0.03404995, 0.24249515), (0.9624748, -0.011712894, 0.0052681686, 0.27106768), (0.99825215, -0.05658838, 0.017059857, -0.000012975186), (1.0000001, 0, 0, 0), (1.0000001, 0, 0, 0), (1.0000001, 0, 0, 0), (0.4758073, -0.5230626, -0.47582015, -0.5230764), (-0.14023605, -0.0079493085, 0.047154676, 0.98896265), (0.98673403, -0.07365124, 0.016470768, 0.143737), (0.0024964144, 0.99482405, 0.1004608, 0.015052851), (0.0020700558, 0.5479088, 0.8365296, 0.0031529574), (0.99998593, -0.000020095264, -0.000104125844, 0.0052865706), (0.9999993, 2.4470503e-7, -0.000001197681, -0.0011720726), (0.52701557, -0.51072437, 0.50292367, 0.4565993), (0.9999993, 3.214809e-7, 6.5006316e-7, -0.001461921), (0.9994557, -0.033001572, 7.338822e-7, -3.958121e-9), (0.99782205, -0.06596734, 0.000001937151, 1.6996637e-7), (0.99500215, -0.09985646, 0.000002335757, 2.2072345e-7), (1.0000005, 1.7182902e-7, 5.066395e-7, 3.061723e-8), (1.0000002, -6.3097104e-8, 0.0000014249235, -3.236346e-8), (1.0000002, 5.86384e-7, 0.0000012759119, -4.9476512e-8), (0.9346275, -0.041952487, -0.010480642, -0.35298982), (0.84182847, -0.014711077, 0.004990616, 0.5395216), (0.056949202, 0.99801415, 0.010329315, 0.024852466), (0.00015627618, 0.6964296, 0.71762353, 0.0012201663), (0.9999906, -0.00004471957, 0.00014233595, 0.004279995), (0.9999989, 1.9883744e-7, -0.0000010998923, -0.0011720443), (-0.5107217, -0.52701354, -0.4566029, 0.5029246), (0.9999989, 2.802699e-7, 6.7427754e-7, -0.0014618278), (0.99945545, -0.033001628, -8.381903e-9, 6.542541e-8), (0.99782187, -0.065967366, 5.6810677e-8, 8.009374e-8), (0.995002, -0.09985642, 5.5879354e-9, -2.7939677e-9), (1.0000002, 2.4033943e-7, -3.259629e-8, 3.480818e-8), (1, 3.3811375e-8, -2.7008355e-8, -3.7252903e-9), (1.0000001, 6.9585076e-7, -8.381903e-8, 1.1641532e-10), (0.49998167, -0.500016, -0.49997407, -0.5000284), (0.49998167, -0.500016, -0.49997407, -0.5000284), (0.49998167, -0.500016, -0.49997407, -0.5000284), (0.49998167, -0.500016, -0.49997407, -0.5000284)],
                18: [(0.99999994, 0.00013562094, 0.00015513126, 0.00036007073), (0.4483816, 0.5387101, 0.4688565, 0.53751194), (0.9979731, -0.055209637, -0.00882672, 0.030393098), (0.9992392, -0.037042163, -0.0012462065, 0.012148224), (0.9992894, -0.036786184, 0.0057622325, 0.005899869), (0.99518937, -0.07313998, 0.012664456, 0.06394291), (0.7370872, -0.022258773, -0.6735133, -0.050863564), (0.9004613, -0.031493053, -0.40472782, 0.15611973), (0.6620668, -0.27657348, 0.020166792, 0.696253), (0.99999994, -1.7881393e-7, -3.7252903e-8, 0), (0.99999994, -1.7881393e-7, -3.7252903e-8, 0), (0.99999994, -1.7881393e-7, -3.7252903e-8, 0), (0.99999994, -1.7881393e-7, -3.7252903e-8, 0), (0.59819055, 0.7763419, 0.10977938, -0.16555998), (0.9966349, 0.020345874, 0.0561067, -0.056190692), (0.83029866, 0.0084885955, 0.030043311, 0.5564439), (0.78999233, -0.021977559, -0.019891351, 0.6123999), (-0.6863442, -0.026284866, 0.056926794, -0.72456896), (0.9992801, -0.020440646, 0.021818057, -0.02336523), (0.8566886, -0.019272983, -0.0127782, 0.5153158), (0.71770716, 0.02708254, -0.039845284, 0.6946767), (-0.822392, -0.028544456, 0.05057726, -0.5659496), (1.0000002, -0.000011175871, 0.0000014528632, 0.0000023543835), (0.9975453, 0.007219337, -0.048836984, 0.049666695), (-0.89591545, 0.057900824, -0.15767857, -0.4112438), (0.7018341, -0.012287423, 0.12758517, 0.70071447), (0.7404468, 0.034911156, 0.16004664, 0.65184784), (0.9893764, -0.13910677, -0.03340642, 0.025854118), (0.8765261, 0.093190335, 0.03223989, 0.47114655), (-0.69454324, 0.002786912, -0.060778975, -0.7168745), (0.7431606, -0.0009302646, 0.0681217, 0.66563666), (0.8060826, 0.3850044, 0.4482931, -0.032194152), (0.9802519, 0.09286308, -0.079371825, 0.15551108), (0.95019126, 0.07245693, 0.01312843, 0.30284438), (0.95197356, -0.004226152, 0.0047005564, 0.3061162), (-0.056587834, -0.9982529, -0.000016327947, 0.017014056), (1.0000001, -2.9802322e-8, 1.4901161e-8, 0), (1.0000001, -2.9802322e-8, 1.4901161e-8, 0), (1.0000001, -2.9802322e-8, 1.4901161e-8, 0), (0.98841035, 0.15125556, 0.0025600716, 0.012663931), (0.99986243, 0.004796304, -0.01382605, 0.007812173), (0.99976945, 0.0048688524, -0.020255983, 0.005197813), (0.9958662, 0.008138204, -0.04452811, -0.07875185), (0.5113069, -0.48755807, -0.476039, -0.5236788), (0.47614533, -0.52276766, -0.5115029, -0.4882265), (1.0000005, 2.2351742e-8, 0, -4.656613e-10), (0.51150334, -0.4882259, -0.4761449, -0.522768), (1.0000002, 2.2351742e-8, 4.656613e-10, 2.3283064e-9), (0.47048151, -0.5278542, -0.47049806, -0.5278726), (0.047221925, 0.69483566, 0.037225977, 0.7166504), (0.94715434, 0.012744503, -0.31037825, -0.08001041), (0.6419752, -0.10071815, -0.26489842, 0.7124272), (0.99999994, -7.078054e-8, -3.7252917e-8, -2.9802333e-8), (0.99999994, -7.078054e-8, -3.7252917e-8, -2.9802333e-8), (0.99999994, -7.078054e-8, -3.7252917e-8, -2.9802333e-8), (0.99999994, -7.078054e-8, -3.7252917e-8, -2.9802333e-8), (0.62643075, 0.76868045, -0.12569486, -0.030259833), (0.9968048, 0.017483883, 0.055952594, -0.054257482), (0.7968327, -0.106517486, 0.09307587, 0.5874084), (-0.7871624, 0.021792486, 0.017812222, -0.61610353), (0.69364727, 0.042463537, -0.07357543, 0.7152884), (0.9993551, -0.018910483, 0.021516226, -0.021658644), (0.8250816, -0.123588964, 0.06501003, 0.54748535), (-0.71886057, -0.027641263, 0.035482317, -0.69369805), (0.82433295, 0.022773027, -0.049953833, 0.5634378), (1.0000001, 0.000011444092, 0, -1.1920929e-7), (0.9865975, -0.1151233, -0.092216045, 0.06977233), (0.8930519, 0.012572887, 0.2185162, 0.3931295), (-0.6948427, 0.0125986375, -0.1279862, -0.7075693), (0.74066794, 0.035374455, 0.15903434, 0.6518184), (0.98977023, -0.13585523, -0.033907905, 0.027360067), (0.8781816, 0.049161904, 0.08719213, 0.4677369), (-0.69317615, 0.009366192, -0.06066955, -0.71814954), (0.74957883, -0.037390236, 0.09651007, 0.6537733), (0.80838776, 0.35815197, 0.4630565, -0.061766166), (0.9845673, 0.085517325, -0.06615175, 0.13761485), (0.96137184, 0.12569353, 0.034034684, 0.24250133), (0.96247345, -0.011714296, 0.0052732606, 0.27107126), (0.9982518, -0.05658835, 0.01705987, -0.000012993813), (0.99999994, 0, 0, -7.450581e-9), (0.99999994, 0, 0, -7.450581e-9), (0.99999994, 0, 0, -7.450581e-9), (0.4758072, -0.52306235, -0.47582006, -0.5230764), (-0.16770387, -0.015551408, 0.053351976, 0.98427), (0.9896062, -0.083923504, 0.017527506, 0.11545405), (0.013475861, 0.9602819, 0.2781906, 0.01694639), (0.002271235, 0.4220472, 0.9065584, 0.0047863536), (0.999997, -0.00012737652, 0.000030748546, 0.0024018935), (0.99999934, 2.5238845e-7, -0.0000011846424, -0.0011720649), (0.5270156, -0.51072437, 0.5029237, 0.45659932), (0.99999946, 3.17581e-7, 6.03497e-7, -0.0014619222), (0.99945587, -0.033001587, 7.301569e-7, -2.2351742e-8), (0.9978222, -0.06596734, 0.0000019446015, 1.8812716e-7), (0.9950023, -0.09985648, 0.0000023543835, 2.3841858e-7), (1.0000005, 1.8952414e-7, 5.066395e-7, 2.514571e-8), (1.0000005, -4.0978193e-8, 0.0000014156103, -3.0733645e-8), (1.0000005, 6.2026083e-7, 0.0000012516975, -4.0978193e-8), (0.93012923, -0.041066796, -0.01904686, -0.36443162), (0.8553017, -0.0063530346, -0.0024166866, 0.5180858), (0.061012693, 0.9963144, -0.052335005, 0.029932328), (-0.0002603085, 0.7070848, 0.70712847, 0.00015801199), (0.9999912, -0.0000070277642, 0.000054873555, 0.004155271), (0.99999905, 2.1606697e-7, -0.0000011064119, -0.0011720292), (-0.5107217, -0.5270136, -0.45660293, 0.5029247), (0.9999989, 2.8300568e-7, 6.4820057e-7, -0.0014618301), (0.99945533, -0.033001635, -5.5879365e-8, 5.029143e-8), (0.99782175, -0.06596736, 5.587936e-8, 1.0803343e-7), (0.99500185, -0.099856436, 7.4505815e-9, -1.6763808e-8), (1.0000002, 2.2741733e-7, -7.450581e-9, 3.1664968e-8), (1, 4.528556e-8, -2.9802322e-8, -5.122274e-9), (1, 6.923656e-7, -8.940697e-8, -3.7252903e-9), (0.4999817, -0.5000161, -0.49997407, -0.5000284), (0.4999817, -0.5000161, -0.49997407, -0.5000284), (0.4999817, -0.5000161, -0.49997407, -0.5000284), (0.4999817, -0.5000161, -0.49997407, -0.5000284)],
            }
            half3[] scales.timeSamples = {
                0: [(1, 1, 1), (1, 1, 1), (1, 1, 1), (1, 1, 1), (1, 1, 1), (1, 1, 1), (1, 1, 1), (1, 1, 1), (1, 1, 1), (1, 1, 1), (1, 1, 1), (1, 1, 1), (1, 1, 1), (1, 1, 1), (1, 1, 1), (1, 1, 1), (1, 1, 1), (1, 1, 1), (1, 1, 1), (1, 1, 1), (1, 1, 1), (1, 1, 1), (1, 1, 1), (1, 1, 1), (1, 1, 1), (1, 1, 1), (1, 1, 1), (1, 1, 1), (1, 1, 1), (1, 1, 1), (1, 1, 1), (1, 1, 1), (1, 1, 1), (1, 1, 1), (1, 1, 1), (1, 1, 1), (1, 1, 1), (1, 1, 1), (1, 1, 1), (1, 1, 1), (1, 1, 1), (1, 1, 1), (1, 1, 1), (1, 1, 1), (1, 1, 1), (1, 1, 1), (1, 1, 1), (1, 1, 1), (1, 1, 1), (1, 1, 1), (1, 1, 1), (1, 1, 1), (1, 1, 1), (1, 1, 1), (1, 1, 1), (1, 1, 1), (1, 1, 1), (1, 1, 1), (1, 1, 1), (1, 1, 1), (1, 1, 1), (1, 1, 1), (1, 1, 1), (1, 1, 1), (1, 1, 1), (1, 1, 1), (1, 1, 1), (1, 1, 1), (1, 1, 1), (1, 1, 1), (1, 1, 1), (1, 1, 1), (1, 1, 1), (1, 1, 1), (1, 1, 1), (1, 1, 1), (1, 1, 1), (1, 1, 1), (1, 1, 1), (1, 1, 1), (1, 1, 1), (1, 1, 1), (1, 1, 1), (1, 1, 1), (1, 1, 1), (1, 1, 1), (1, 1, 1), (1, 1, 1), (1, 1, 1), (1, 1, 1), (1, 1, 1), (1, 1, 1), (1, 1, 1), (1, 1, 1), (1, 1, 1), (1, 1, 1), (1, 1, 1), (1, 1, 1), (1, 1, 1), (1, 1, 1), (1, 1, 1), (1, 1, 1), (1, 1, 1), (1, 1, 1), (1, 1, 1), (1, 1, 1), (1, 1, 1), (1, 1, 1), (1, 1, 1), (1, 1, 1), (1, 1, 1), (1, 1, 1), (1, 1, 1), (1, 1, 1), (1, 1, 1)],
                1: [(1, 1, 1), (1, 1, 1), (1, 1, 1), (1, 1, 1), (1, 1, 1), (1, 1, 1), (1, 1, 1), (1, 1, 1), (1, 1, 1), (1, 1, 1), (1, 1, 1), (1, 1, 1), (1, 1, 1), (1, 1, 1), (1, 1, 1), (1, 1, 1), (1, 1, 1), (1, 1, 1), (1, 1, 1), (1, 1, 1), (1, 1, 1), (1, 1, 1), (1, 1, 1), (1, 1, 1), (1, 1, 1), (1, 1, 1), (1, 1, 1), (1, 1, 1), (1, 1, 1), (1, 1, 1), (1, 1, 1), (1, 1, 1), (1, 1, 1), (1, 1, 1), (1, 1, 1), (1, 1, 1), (1, 1, 1), (1, 1, 1), (1, 1, 1), (1, 1, 1), (1, 1, 1), (1, 1, 1), (1, 1, 1), (1, 1, 1), (1, 1, 1), (1, 1, 1), (1, 1, 1), (1, 1, 1), (1, 1, 1), (1, 1, 1), (1, 1, 1), (1, 1, 1), (1, 1, 1), (1, 1, 1), (1, 1, 1), (1, 1, 1), (1, 1, 1), (1, 1, 1), (1, 1, 1), (1, 1, 1), (1, 1, 1), (1, 1, 1), (1, 1, 1), (1, 1, 1), (1, 1, 1), (1, 1, 1), (1, 1, 1), (1, 1, 1), (1, 1, 1), (1, 1, 1), (1, 1, 1), (1, 1, 1), (1, 1, 1), (1, 1, 1), (1, 1, 1), (1, 1, 1), (1, 1, 1), (1, 1, 1), (1, 1, 1), (1, 1, 1), (1, 1, 1), (1, 1, 1), (1, 1, 1), (1, 1, 1), (1, 1, 1), (1, 1, 1), (1, 1, 1), (1, 1, 1), (1, 1, 1), (1, 1, 1), (1, 1, 1), (1, 1, 1), (1, 1, 1), (1, 1, 1), (1, 1, 1), (1, 1, 1), (1, 1, 1), (1, 1, 1), (1, 1, 1), (1, 1, 1), (1, 1, 1), (1, 1, 1), (1, 1, 1), (1, 1, 1), (1, 1, 1), (1, 1, 1), (1, 1, 1), (1, 1, 1), (1, 1, 1), (1, 1, 1), (1, 1, 1), (1, 1, 1), (1, 1, 1), (1, 1, 1), (1, 1, 1)],
                2: [(1, 1, 1), (1, 1, 1), (1, 1, 1), (1, 1, 1), (1, 1, 1), (1, 1, 1), (1, 1, 1), (1, 1, 1), (1, 1, 1), (1, 1, 1), (1, 1, 1), (1, 1, 1), (1, 1, 1), (1, 1, 1), (1, 1, 1), (1, 1, 1), (1, 1, 1), (1, 1, 1), (1, 1, 1), (1, 1, 1), (1, 1, 1), (1, 1, 1), (1, 1, 1), (1, 1, 1), (1, 1, 1), (1, 1, 1), (1, 1, 1), (1, 1, 1), (1, 1, 1), (1, 1, 1), (1, 1, 1), (1, 1, 1), (1, 1, 1), (1, 1, 1), (1, 1, 1), (1, 1, 1), (1, 1, 1), (1, 1, 1), (1, 1, 1), (1, 1, 1), (1, 1, 1), (1, 1, 1), (1, 1, 1), (1, 1, 1), (1, 1, 1), (1, 1, 1), (1, 1, 1), (1, 1, 1), (1, 1, 1), (1, 1, 1), (1, 1, 1), (1, 1, 1), (1, 1, 1), (1, 1, 1), (1, 1, 1), (1, 1, 1), (1, 1, 1), (1, 1, 1), (1, 1, 1), (1, 1, 1), (1, 1, 1), (1, 1, 1), (1, 1, 1), (1, 1, 1), (1, 1, 1), (1, 1, 1), (1, 1, 1), (1, 1, 1), (1, 1, 1), (1, 1, 1), (1, 1, 1), (1, 1, 1), (1, 1, 1), (1, 1, 1), (1, 1, 1), (1, 1, 1), (1, 1, 1), (1, 1, 1), (1, 1, 1), (1, 1, 1), (1, 1, 1), (1, 1, 1), (1, 1, 1), (1, 1, 1), (1, 1, 1), (1, 1, 1), (1, 1, 1), (1, 1, 1), (1, 1, 1), (1, 1, 1), (1, 1, 1), (1, 1, 1), (1, 1, 1), (1, 1, 1), (1, 1, 1), (1, 1, 1), (1, 1, 1), (1, 1, 1), (1, 1, 1), (1, 1, 1), (1, 1, 1), (1, 1, 1), (1, 1, 1), (1, 1, 1), (1, 1, 1), (1, 1, 1), (1, 1, 1), (1, 1, 1), (1, 1, 1), (1, 1, 1), (1, 1, 1), (1, 1, 1), (1, 1, 1), (1, 1, 1), (1, 1, 1)],
                3: [(1, 1, 1), (1, 1, 1), (1, 1, 1), (1, 1, 1), (1, 1, 1), (1, 1, 1), (1, 1, 1), (1, 1, 1), (1, 1, 1), (1, 1, 1), (1, 1, 1), (1, 1, 1), (1, 1, 1), (1, 1, 1), (1, 1, 1), (1, 1, 1), (1, 1, 1), (1, 1, 1), (1, 1, 1), (1, 1, 1), (1, 1, 1), (1, 1, 1), (1, 1, 1), (1, 1, 1), (1, 1, 1), (1, 1, 1), (1, 1, 1), (1, 1, 1), (1, 1, 1), (1, 1, 1), (1, 1, 1), (1, 1, 1), (1, 1, 1), (1, 1, 1), (1, 1, 1), (1, 1, 1), (1, 1, 1), (1, 1, 1), (1, 1, 1), (1, 1, 1), (1, 1, 1), (1, 1, 1), (1, 1, 1), (1, 1, 1), (1, 1, 1), (1, 1, 1), (1, 1, 1), (1, 1, 1), (1, 1, 1), (1, 1, 1), (1, 1, 1), (1, 1, 1), (1, 1, 1), (1, 1, 1), (1, 1, 1), (1, 1, 1), (1, 1, 1), (1, 1, 1), (1, 1, 1), (1, 1, 1), (1, 1, 1), (1, 1, 1), (1, 1, 1), (1, 1, 1), (1, 1, 1), (1, 1, 1), (1, 1, 1), (1, 1, 1), (1, 1, 1), (1, 1, 1), (1, 1, 1), (1, 1, 1), (1, 1, 1), (1, 1, 1), (1, 1, 1), (1, 1, 1), (1, 1, 1), (1, 1, 1), (1, 1, 1), (1, 1, 1), (1, 1, 1), (1, 1, 1), (1, 1, 1), (1, 1, 1), (1, 1, 1), (1, 1, 1), (1, 1, 1), (1, 1, 1), (1, 1, 1), (1, 1, 1), (1, 1, 1), (1, 1, 1), (1, 1, 1), (1, 1, 1), (1, 1, 1), (1, 1, 1), (1, 1, 1), (1, 1, 1), (1, 1, 1), (1, 1, 1), (1, 1, 1), (1, 1, 1), (1, 1, 1), (1, 1, 1), (1, 1, 1), (1, 1, 1), (1, 1, 1), (1, 1, 1), (1, 1, 1), (1, 1, 1), (1, 1, 1), (1, 1, 1), (1, 1, 1), (1, 1, 1), (1, 1, 1)],
                4: [(1, 1, 1), (1, 1, 1), (1, 1, 1), (1, 1, 1), (1, 1, 1), (1, 1, 1), (1, 1, 1), (1, 1, 1), (1, 1, 1), (1, 1, 1), (1, 1, 1), (1, 1, 1), (1, 1, 1), (1, 1, 1), (1, 1, 1), (1, 1, 1), (1, 1, 1), (1, 1, 1), (1, 1, 1), (1, 1, 1), (1, 1, 1), (1, 1, 1), (1, 1, 1), (1, 1, 1), (1, 1, 1), (1, 1, 1), (1, 1, 1), (1, 1, 1), (1, 1, 1), (1, 1, 1), (1, 1, 1), (1, 1, 1), (1, 1, 1), (1, 1, 1), (1, 1, 1), (1, 1, 1), (1, 1, 1), (1, 1, 1), (1, 1, 1), (1, 1, 1), (1, 1, 1), (1, 1, 1), (1, 1, 1), (1, 1, 1), (1, 1, 1), (1, 1, 1), (1, 1, 1), (1, 1, 1), (1, 1, 1), (1, 1, 1), (1, 1, 1), (1, 1, 1), (1, 1, 1), (1, 1, 1), (1, 1, 1), (1, 1, 1), (1, 1, 1), (1, 1, 1), (1, 1, 1), (1, 1, 1), (1, 1, 1), (1, 1, 1), (1, 1, 1), (1, 1, 1), (1, 1, 1), (1, 1, 1), (1, 1, 1), (1, 1, 1), (1, 1, 1), (1, 1, 1), (1, 1, 1), (1, 1, 1), (1, 1, 1), (1, 1, 1), (1, 1, 1), (1, 1, 1), (1, 1, 1), (1, 1, 1), (1, 1, 1), (1, 1, 1), (1, 1, 1), (1, 1, 1), (1, 1, 1), (1, 1, 1), (1, 1, 1), (1, 1, 1), (1, 1, 1), (1, 1, 1), (1, 1, 1), (1, 1, 1), (1, 1, 1), (1, 1, 1), (1, 1, 1), (1, 1, 1), (1, 1, 1), (1, 1, 1), (1, 1, 1), (1, 1, 1), (1, 1, 1), (1, 1, 1), (1, 1, 1), (1, 1, 1), (1, 1, 1), (1, 1, 1), (1, 1, 1), (1, 1, 1), (1, 1, 1), (1, 1, 1), (1, 1, 1), (1, 1, 1), (1, 1, 1), (1, 1, 1), (1, 1, 1), (1, 1, 1), (1, 1, 1)],
                5: [(1, 1, 1), (1, 1, 1), (1, 1, 1), (1, 1, 1), (1, 1, 1), (1, 1, 1), (1, 1, 1), (1, 1, 1), (1, 1, 1), (1, 1, 1), (1, 1, 1), (1, 1, 1), (1, 1, 1), (1, 1, 1), (1, 1, 1), (1, 1, 1), (1, 1, 1), (1, 1, 1), (1, 1, 1), (1, 1, 1), (1, 1, 1), (1, 1, 1), (1, 1, 1), (1, 1, 1), (1, 1, 1), (1, 1, 1), (1, 1, 1), (1, 1, 1), (1, 1, 1), (1, 1, 1), (1, 1, 1), (1, 1, 1), (1, 1, 1), (1, 1, 1), (1, 1, 1), (1, 1, 1), (1, 1, 1), (1, 1, 1), (1, 1, 1), (1, 1, 1), (1, 1, 1), (1, 1, 1), (1, 1, 1), (1, 1, 1), (1, 1, 1), (1, 1, 1), (1, 1, 1), (1, 1, 1), (1, 1, 1), (1, 1, 1), (1, 1, 1), (1, 1, 1), (1, 1, 1), (1, 1, 1), (1, 1, 1), (1, 1, 1), (1, 1, 1), (1, 1, 1), (1, 1, 1), (1, 1, 1), (1, 1, 1), (1, 1, 1), (1, 1, 1), (1, 1, 1), (1, 1, 1), (1, 1, 1), (1, 1, 1), (1, 1, 1), (1, 1, 1), (1, 1, 1), (1, 1, 1), (1, 1, 1), (1, 1, 1), (1, 1, 1), (1, 1, 1), (1, 1, 1), (1, 1, 1), (1, 1, 1), (1, 1, 1), (1, 1, 1), (1, 1, 1), (1, 1, 1), (1, 1, 1), (1, 1, 1), (1, 1, 1), (1, 1, 1), (1, 1, 1), (1, 1, 1), (1, 1, 1), (1, 1, 1), (1, 1, 1), (1, 1, 1), (1, 1, 1), (1, 1, 1), (1, 1, 1), (1, 1, 1), (1, 1, 1), (1, 1, 1), (1, 1, 1), (1, 1, 1), (1, 1, 1), (1, 1, 1), (1, 1, 1), (1, 1, 1), (1, 1, 1), (1, 1, 1), (1, 1, 1), (1, 1, 1), (1, 1, 1), (1, 1, 1), (1, 1, 1), (1, 1, 1), (1, 1, 1), (1, 1, 1), (1, 1, 1)],
                6: [(1, 1, 1), (1, 1, 1), (1, 1, 1), (1, 1, 1), (1, 1, 1), (1, 1, 1), (1, 1, 1), (1, 1, 1), (1, 1, 1), (1, 1, 1), (1, 1, 1), (1, 1, 1), (1, 1, 1), (1, 1, 1), (1, 1, 1), (1, 1, 1), (1, 1, 1), (1, 1, 1), (1, 1, 1), (1, 1, 1), (1, 1, 1), (1, 1, 1), (1, 1, 1), (1, 1, 1), (1, 1, 1), (1, 1, 1), (1, 1, 1), (1, 1, 1), (1, 1, 1), (1, 1, 1), (1, 1, 1), (1, 1, 1), (1, 1, 1), (1, 1, 1), (1, 1, 1), (1, 1, 1), (1, 1, 1), (1, 1, 1), (1, 1, 1), (1, 1, 1), (1, 1, 1), (1, 1, 1), (1, 1, 1), (1, 1, 1), (1, 1, 1), (1, 1, 1), (1, 1, 1), (1, 1, 1), (1, 1, 1), (1, 1, 1), (1, 1, 1), (1, 1, 1), (1, 1, 1), (1, 1, 1), (1, 1, 1), (1, 1, 1), (1, 1, 1), (1, 1, 1), (1, 1, 1), (1, 1, 1), (1, 1, 1), (1, 1, 1), (1, 1, 1), (1, 1, 1), (1, 1, 1), (1, 1, 1), (1, 1, 1), (1, 1, 1), (1, 1, 1), (1, 1, 1), (1, 1, 1), (1, 1, 1), (1, 1, 1), (1, 1, 1), (1, 1, 1), (1, 1, 1), (1, 1, 1), (1, 1, 1), (1, 1, 1), (1, 1, 1), (1, 1, 1), (1, 1, 1), (1, 1, 1), (1, 1, 1), (1, 1, 1), (1, 1, 1), (1, 1, 1), (1, 1, 1), (1, 1, 1), (1, 1, 1), (1, 1, 1), (1, 1, 1), (1, 1, 1), (1, 1, 1), (1, 1, 1), (1, 1, 1), (1, 1, 1), (1, 1, 1), (1, 1, 1), (1, 1, 1), (1, 1, 1), (1, 1, 1), (1, 1, 1), (1, 1, 1), (1, 1, 1), (1, 1, 1), (1, 1, 1), (1, 1, 1), (1, 1, 1), (1, 1, 1), (1, 1, 1), (1, 1, 1), (1, 1, 1), (1, 1, 1), (1, 1, 1)],
                7: [(1, 1, 1), (1, 1, 1), (1, 1, 1), (1, 1, 1), (1, 1, 1), (1, 1, 1), (1, 1, 1), (1, 1, 1), (1, 1, 1), (1, 1, 1), (1, 1, 1), (1, 1, 1), (1, 1, 1), (1, 1, 1), (1, 1, 1), (1, 1, 1), (1, 1, 1), (1, 1, 1), (1, 1, 1), (1, 1, 1), (1, 1, 1), (1, 1, 1), (1, 1, 1), (1, 1, 1), (1, 1, 1), (1, 1, 1), (1, 1, 1), (1, 1, 1), (1, 1, 1), (1, 1, 1), (1, 1, 1), (1, 1, 1), (1, 1, 1), (1, 1, 1), (1, 1, 1), (1, 1, 1), (1, 1, 1), (1, 1, 1), (1, 1, 1), (1, 1, 1), (1, 1, 1), (1, 1, 1), (1, 1, 1), (1, 1, 1), (1, 1, 1), (1, 1, 1), (1, 1, 1), (1, 1, 1), (1, 1, 1), (1, 1, 1), (1, 1, 1), (1, 1, 1), (1, 1, 1), (1, 1, 1), (1, 1, 1), (1, 1, 1), (1, 1, 1), (1, 1, 1), (1, 1, 1), (1, 1, 1), (1, 1, 1), (1, 1, 1), (1, 1, 1), (1, 1, 1), (1, 1, 1), (1, 1, 1), (1, 1, 1), (1, 1, 1), (1, 1, 1), (1, 1, 1), (1, 1, 1), (1, 1, 1), (1, 1, 1), (1, 1, 1), (1, 1, 1), (1, 1, 1), (1, 1, 1), (1, 1, 1), (1, 1, 1), (1, 1, 1), (1, 1, 1), (1, 1, 1), (1, 1, 1), (1, 1, 1), (1, 1, 1), (1, 1, 1), (1, 1, 1), (1, 1, 1), (1, 1, 1), (1, 1, 1), (1, 1, 1), (1, 1, 1), (1, 1, 1), (1, 1, 1), (1, 1, 1), (1, 1, 1), (1, 1, 1), (1, 1, 1), (1, 1, 1), (1, 1, 1), (1, 1, 1), (1, 1, 1), (1, 1, 1), (1, 1, 1), (1, 1, 1), (1, 1, 1), (1, 1, 1), (1, 1, 1), (1, 1, 1), (1, 1, 1), (1, 1, 1), (1, 1, 1), (1, 1, 1), (1, 1, 1), (1, 1, 1)],
                8: [(1, 1, 1), (1, 1, 1), (1, 1, 1), (1, 1, 1), (1, 1, 1), (1, 1, 1), (1, 1, 1), (1, 1, 1), (1, 1, 1), (1, 1, 1), (1, 1, 1), (1, 1, 1), (1, 1, 1), (1, 1, 1), (1, 1, 1), (1, 1, 1), (1, 1, 1), (1, 1, 1), (1, 1, 1), (1, 1, 1), (1, 1, 1), (1, 1, 1), (1, 1, 1), (1, 1, 1), (1, 1, 1), (1, 1, 1), (1, 1, 1), (1, 1, 1), (1, 1, 1), (1, 1, 1), (1, 1, 1), (1, 1, 1), (1, 1, 1), (1, 1, 1), (1, 1, 1), (1, 1, 1), (1, 1, 1), (1, 1, 1), (1, 1, 1), (1, 1, 1), (1, 1, 1), (1, 1, 1), (1, 1, 1), (1, 1, 1), (1, 1, 1), (1, 1, 1), (1, 1, 1), (1, 1, 1), (1, 1, 1), (1, 1, 1), (1, 1, 1), (1, 1, 1), (1, 1, 1), (1, 1, 1), (1, 1, 1), (1, 1, 1), (1, 1, 1), (1, 1, 1), (1, 1, 1), (1, 1, 1), (1, 1, 1), (1, 1, 1), (1, 1, 1), (1, 1, 1), (1, 1, 1), (1, 1, 1), (1, 1, 1), (1, 1, 1), (1, 1, 1), (1, 1, 1), (1, 1, 1), (1, 1, 1), (1, 1, 1), (1, 1, 1), (1, 1, 1), (1, 1, 1), (1, 1, 1), (1, 1, 1), (1, 1, 1), (1, 1, 1), (1, 1, 1), (1, 1, 1), (1, 1, 1), (1, 1, 1), (1, 1, 1), (1, 1, 1), (1, 1, 1), (1, 1, 1), (1, 1, 1), (1, 1, 1), (1, 1, 1), (1, 1, 1), (1, 1, 1), (1, 1, 1), (1, 1, 1), (1, 1, 1), (1, 1, 1), (1, 1, 1), (1, 1, 1), (1, 1, 1), (1, 1, 1), (1, 1, 1), (1, 1, 1), (1, 1, 1), (1, 1, 1), (1, 1, 1), (1, 1, 1), (1, 1, 1), (1, 1, 1), (1, 1, 1), (1, 1, 1), (1, 1, 1), (1, 1, 1), (1, 1, 1), (1, 1, 1)],
                9: [(1, 1, 1), (1, 1, 1), (1, 1, 1), (1, 1, 1), (1, 1, 1), (1, 1, 1), (1, 1, 1), (1, 1, 1), (1, 1, 1), (1, 1, 1), (1, 1, 1), (1, 1, 1), (1, 1, 1), (1, 1, 1), (1, 1, 1), (1, 1, 1), (1, 1, 1), (1, 1, 1), (1, 1, 1), (1, 1, 1), (1, 1, 1), (1, 1, 1), (1, 1, 1), (1, 1, 1), (1, 1, 1), (1, 1, 1), (1, 1, 1), (1, 1, 1), (1, 1, 1), (1, 1, 1), (1, 1, 1), (1, 1, 1), (1, 1, 1), (1, 1, 1), (1, 1, 1), (1, 1, 1), (1, 1, 1), (1, 1, 1), (1, 1, 1), (1, 1, 1), (1, 1, 1), (1, 1, 1), (1, 1, 1), (1, 1, 1), (1, 1, 1), (1, 1, 1), (1, 1, 1), (1, 1, 1), (1, 1, 1), (1, 1, 1), (1, 1, 1), (1, 1, 1), (1, 1, 1), (1, 1, 1), (1, 1, 1), (1, 1, 1), (1, 1, 1), (1, 1, 1), (1, 1, 1), (1, 1, 1), (1, 1, 1), (1, 1, 1), (1, 1, 1), (1, 1, 1), (1, 1, 1), (1, 1, 1), (1, 1, 1), (1, 1, 1), (1, 1, 1), (1, 1, 1), (1, 1, 1), (1, 1, 1), (1, 1, 1), (1, 1, 1), (1, 1, 1), (1, 1, 1), (1, 1, 1), (1, 1, 1), (1, 1, 1), (1, 1, 1), (1, 1, 1), (1, 1, 1), (1, 1, 1), (1, 1, 1), (1, 1, 1), (1, 1, 1), (1, 1, 1), (1, 1, 1), (1, 1, 1), (1, 1, 1), (1, 1, 1), (1, 1, 1), (1, 1, 1), (1, 1, 1), (1, 1, 1), (1, 1, 1), (1, 1, 1), (1, 1, 1), (1, 1, 1), (1, 1, 1), (1, 1, 1), (1, 1, 1), (1, 1, 1), (1, 1, 1), (1, 1, 1), (1, 1, 1), (1, 1, 1), (1, 1, 1), (1, 1, 1), (1, 1, 1), (1, 1, 1), (1, 1, 1), (1, 1, 1), (1, 1, 1), (1, 1, 1)],
                10: [(1, 1, 1), (1, 1, 1), (1, 1, 1), (1, 1, 1), (1, 1, 1), (1, 1, 1), (1, 1, 1), (1, 1, 1), (1, 1, 1), (1, 1, 1), (1, 1, 1), (1, 1, 1), (1, 1, 1), (1, 1, 1), (1, 1, 1), (1, 1, 1), (1, 1, 1), (1, 1, 1), (1, 1, 1), (1, 1, 1), (1, 1, 1), (1, 1, 1), (1, 1, 1), (1, 1, 1), (1, 1, 1), (1, 1, 1), (1, 1, 1), (1, 1, 1), (1, 1, 1), (1, 1, 1), (1, 1, 1), (1, 1, 1), (1, 1, 1), (1, 1, 1), (1, 1, 1), (1, 1, 1), (1, 1, 1), (1, 1, 1), (1, 1, 1), (1, 1, 1), (1, 1, 1), (1, 1, 1), (1, 1, 1), (1, 1, 1), (1, 1, 1), (1, 1, 1), (1, 1, 1), (1, 1, 1), (1, 1, 1), (1, 1, 1), (1, 1, 1), (1, 1, 1), (1, 1, 1), (1, 1, 1), (1, 1, 1), (1, 1, 1), (1, 1, 1), (1, 1, 1), (1, 1, 1), (1, 1, 1), (1, 1, 1), (1, 1, 1), (1, 1, 1), (1, 1, 1), (1, 1, 1), (1, 1, 1), (1, 1, 1), (1, 1, 1), (1, 1, 1), (1, 1, 1), (1, 1, 1), (1, 1, 1), (1, 1, 1), (1, 1, 1), (1, 1, 1), (1, 1, 1), (1, 1, 1), (1, 1, 1), (1, 1, 1), (1, 1, 1), (1, 1, 1), (1, 1, 1), (1, 1, 1), (1, 1, 1), (1, 1, 1), (1, 1, 1), (1, 1, 1), (1, 1, 1), (1, 1, 1), (1, 1, 1), (1, 1, 1), (1, 1, 1), (1, 1, 1), (1, 1, 1), (1, 1, 1), (1, 1, 1), (1, 1, 1), (1, 1, 1), (1, 1, 1), (1, 1, 1), (1, 1, 1), (1, 1, 1), (1, 1, 1), (1, 1, 1), (1, 1, 1), (1, 1, 1), (1, 1, 1), (1, 1, 1), (1, 1, 1), (1, 1, 1), (1, 1, 1), (1, 1, 1), (1, 1, 1), (1, 1, 1), (1, 1, 1)],
                11: [(1, 1, 1), (1, 1, 1), (1, 1, 1), (1, 1, 1), (1, 1, 1), (1, 1, 1), (1, 1, 1), (1, 1, 1), (1, 1, 1), (1, 1, 1), (1, 1, 1), (1, 1, 1), (1, 1, 1), (1, 1, 1), (1, 1, 1), (1, 1, 1), (1, 1, 1), (1, 1, 1), (1, 1, 1), (1, 1, 1), (1, 1, 1), (1, 1, 1), (1, 1, 1), (1, 1, 1), (1, 1, 1), (1, 1, 1), (1, 1, 1), (1, 1, 1), (1, 1, 1), (1, 1, 1), (1, 1, 1), (1, 1, 1), (1, 1, 1), (1, 1, 1), (1, 1, 1), (1, 1, 1), (1, 1, 1), (1, 1, 1), (1, 1, 1), (1, 1, 1), (1, 1, 1), (1, 1, 1), (1, 1, 1), (1, 1, 1), (1, 1, 1), (1, 1, 1), (1, 1, 1), (1, 1, 1), (1, 1, 1), (1, 1, 1), (1, 1, 1), (1, 1, 1), (1, 1, 1), (1, 1, 1), (1, 1, 1), (1, 1, 1), (1, 1, 1), (1, 1, 1), (1, 1, 1), (1, 1, 1), (1, 1, 1), (1, 1, 1), (1, 1, 1), (1, 1, 1), (1, 1, 1), (1, 1, 1), (1, 1, 1), (1, 1, 1), (1, 1, 1), (1, 1, 1), (1, 1, 1), (1, 1, 1), (1, 1, 1), (1, 1, 1), (1, 1, 1), (1, 1, 1), (1, 1, 1), (1, 1, 1), (1, 1, 1), (1, 1, 1), (1, 1, 1), (1, 1, 1), (1, 1, 1), (1, 1, 1), (1, 1, 1), (1, 1, 1), (1, 1, 1), (1, 1, 1), (1, 1, 1), (1, 1, 1), (1, 1, 1), (1, 1, 1), (1, 1, 1), (1, 1, 1), (1, 1, 1), (1, 1, 1), (1, 1, 1), (1, 1, 1), (1, 1, 1), (1, 1, 1), (1, 1, 1), (1, 1, 1), (1, 1, 1), (1, 1, 1), (1, 1, 1), (1, 1, 1), (1, 1, 1), (1, 1, 1), (1, 1, 1), (1, 1, 1), (1, 1, 1), (1, 1, 1), (1, 1, 1), (1, 1, 1), (1, 1, 1)],
                12: [(1, 1, 1), (1, 1, 1), (1, 1, 1), (1, 1, 1), (1, 1, 1), (1, 1, 1), (1, 1, 1), (1, 1, 1), (1, 1, 1), (1, 1, 1), (1, 1, 1), (1, 1, 1), (1, 1, 1), (1, 1, 1), (1, 1, 1), (1, 1, 1), (1, 1, 1), (1, 1, 1), (1, 1, 1), (1, 1, 1), (1, 1, 1), (1, 1, 1), (1, 1, 1), (1, 1, 1), (1, 1, 1), (1, 1, 1), (1, 1, 1), (1, 1, 1), (1, 1, 1), (1, 1, 1), (1, 1, 1), (1, 1, 1), (1, 1, 1), (1, 1, 1), (1, 1, 1), (1, 1, 1), (1, 1, 1), (1, 1, 1), (1, 1, 1), (1, 1, 1), (1, 1, 1), (1, 1, 1), (1, 1, 1), (1, 1, 1), (1, 1, 1), (1, 1, 1), (1, 1, 1), (1, 1, 1), (1, 1, 1), (1, 1, 1), (1, 1, 1), (1, 1, 1), (1, 1, 1), (1, 1, 1), (1, 1, 1), (1, 1, 1), (1, 1, 1), (1, 1, 1), (1, 1, 1), (1, 1, 1), (1, 1, 1), (1, 1, 1), (1, 1, 1), (1, 1, 1), (1, 1, 1), (1, 1, 1), (1, 1, 1), (1, 1, 1), (1, 1, 1), (1, 1, 1), (1, 1, 1), (1, 1, 1), (1, 1, 1), (1, 1, 1), (1, 1, 1), (1, 1, 1), (1, 1, 1), (1, 1, 1), (1, 1, 1), (1, 1, 1), (1, 1, 1), (1, 1, 1), (1, 1, 1), (1, 1, 1), (1, 1, 1), (1, 1, 1), (1, 1, 1), (1, 1, 1), (1, 1, 1), (1, 1, 1), (1, 1, 1), (1, 1, 1), (1, 1, 1), (1, 1, 1), (1, 1, 1), (1, 1, 1), (1, 1, 1), (1, 1, 1), (1, 1, 1), (1, 1, 1), (1, 1, 1), (1, 1, 1), (1, 1, 1), (1, 1, 1), (1, 1, 1), (1, 1, 1), (1, 1, 1), (1, 1, 1), (1, 1, 1), (1, 1, 1), (1, 1, 1), (1, 1, 1), (1, 1, 1), (1, 1, 1), (1, 1, 1)],
                13: [(1, 1, 1), (1, 1, 1), (1, 1, 1), (1, 1, 1), (1, 1, 1), (1, 1, 1), (1, 1, 1), (1, 1, 1), (1, 1, 1), (1, 1, 1), (1, 1, 1), (1, 1, 1), (1, 1, 1), (1, 1, 1), (1, 1, 1), (1, 1, 1), (1, 1, 1), (1, 1, 1), (1, 1, 1), (1, 1, 1), (1, 1, 1), (1, 1, 1), (1, 1, 1), (1, 1, 1), (1, 1, 1), (1, 1, 1), (1, 1, 1), (1, 1, 1), (1, 1, 1), (1, 1, 1), (1, 1, 1), (1, 1, 1), (1, 1, 1), (1, 1, 1), (1, 1, 1), (1, 1, 1), (1, 1, 1), (1, 1, 1), (1, 1, 1), (1, 1, 1), (1, 1, 1), (1, 1, 1), (1, 1, 1), (1, 1, 1), (1, 1, 1), (1, 1, 1), (1, 1, 1), (1, 1, 1), (1, 1, 1), (1, 1, 1), (1, 1, 1), (1, 1, 1), (1, 1, 1), (1, 1, 1), (1, 1, 1), (1, 1, 1), (1, 1, 1), (1, 1, 1), (1, 1, 1), (1, 1, 1), (1, 1, 1), (1, 1, 1), (1, 1, 1), (1, 1, 1), (1, 1, 1), (1, 1, 1), (1, 1, 1), (1, 1, 1), (1, 1, 1), (1, 1, 1), (1, 1, 1), (1, 1, 1), (1, 1, 1), (1, 1, 1), (1, 1, 1), (1, 1, 1), (1, 1, 1), (1, 1, 1), (1, 1, 1), (1, 1, 1), (1, 1, 1), (1, 1, 1), (1, 1, 1), (1, 1, 1), (1, 1, 1), (1, 1, 1), (1, 1, 1), (1, 1, 1), (1, 1, 1), (1, 1, 1), (1, 1, 1), (1, 1, 1), (1, 1, 1), (1, 1, 1), (1, 1, 1), (1, 1, 1), (1, 1, 1), (1, 1, 1), (1, 1, 1), (1, 1, 1), (1, 1, 1), (1, 1, 1), (1, 1, 1), (1, 1, 1), (1, 1, 1), (1, 1, 1), (1, 1, 1), (1, 1, 1), (1, 1, 1), (1, 1, 1), (1, 1, 1), (1, 1, 1), (1, 1, 1), (1, 1, 1), (1, 1, 1)],
                14: [(1, 1, 1), (1, 1, 1), (1, 1, 1), (1, 1, 1), (1, 1, 1), (1, 1, 1), (1, 1, 1), (1, 1, 1), (1, 1, 1), (1, 1, 1), (1, 1, 1), (1, 1, 1), (1, 1, 1), (1, 1, 1), (1, 1, 1), (1, 1, 1), (1, 1, 1), (1, 1, 1), (1, 1, 1), (1, 1, 1), (1, 1, 1), (1, 1, 1), (1, 1, 1), (1, 1, 1), (1, 1, 1), (1, 1, 1), (1, 1, 1), (1, 1, 1), (1, 1, 1), (1, 1, 1), (1, 1, 1), (1, 1, 1), (1, 1, 1), (1, 1, 1), (1, 1, 1), (1, 1, 1), (1, 1, 1), (1, 1, 1), (1, 1, 1), (1, 1, 1), (1, 1, 1), (1, 1, 1), (1, 1, 1), (1, 1, 1), (1, 1, 1), (1, 1, 1), (1, 1, 1), (1, 1, 1), (1, 1, 1), (1, 1, 1), (1, 1, 1), (1, 1, 1), (1, 1, 1), (1, 1, 1), (1, 1, 1), (1, 1, 1), (1, 1, 1), (1, 1, 1), (1, 1, 1), (1, 1, 1), (1, 1, 1), (1, 1, 1), (1, 1, 1), (1, 1, 1), (1, 1, 1), (1, 1, 1), (1, 1, 1), (1, 1, 1), (1, 1, 1), (1, 1, 1), (1, 1, 1), (1, 1, 1), (1, 1, 1), (1, 1, 1), (1, 1, 1), (1, 1, 1), (1, 1, 1), (1, 1, 1), (1, 1, 1), (1, 1, 1), (1, 1, 1), (1, 1, 1), (1, 1, 1), (1, 1, 1), (1, 1, 1), (1, 1, 1), (1, 1, 1), (1, 1, 1), (1, 1, 1), (1, 1, 1), (1, 1, 1), (1, 1, 1), (1, 1, 1), (1, 1, 1), (1, 1, 1), (1, 1, 1), (1, 1, 1), (1, 1, 1), (1, 1, 1), (1, 1, 1), (1, 1, 1), (1, 1, 1), (1, 1, 1), (1, 1, 1), (1, 1, 1), (1, 1, 1), (1, 1, 1), (1, 1, 1), (1, 1, 1), (1, 1, 1), (1, 1, 1), (1, 1, 1), (1, 1, 1), (1, 1, 1), (1, 1, 1)],
                15: [(1, 1, 1), (1, 1, 1), (1, 1, 1), (1, 1, 1), (1, 1, 1), (1, 1, 1), (1, 1, 1), (1, 1, 1), (1, 1, 1), (1, 1, 1), (1, 1, 1), (1, 1, 1), (1, 1, 1), (1, 1, 1), (1, 1, 1), (1, 1, 1), (1, 1, 1), (1, 1, 1), (1, 1, 1), (1, 1, 1), (1, 1, 1), (1, 1, 1), (1, 1, 1), (1, 1, 1), (1, 1, 1), (1, 1, 1), (1, 1, 1), (1, 1, 1), (1, 1, 1), (1, 1, 1), (1, 1, 1), (1, 1, 1), (1, 1, 1), (1, 1, 1), (1, 1, 1), (1, 1, 1), (1, 1, 1), (1, 1, 1), (1, 1, 1), (1, 1, 1), (1, 1, 1), (1, 1, 1), (1, 1, 1), (1, 1, 1), (1, 1, 1), (1, 1, 1), (1, 1, 1), (1, 1, 1), (1, 1, 1), (1, 1, 1), (1, 1, 1), (1, 1, 1), (1, 1, 1), (1, 1, 1), (1, 1, 1), (1, 1, 1), (1, 1, 1), (1, 1, 1), (1, 1, 1), (1, 1, 1), (1, 1, 1), (1, 1, 1), (1, 1, 1), (1, 1, 1), (1, 1, 1), (1, 1, 1), (1, 1, 1), (1, 1, 1), (1, 1, 1), (1, 1, 1), (1, 1, 1), (1, 1, 1), (1, 1, 1), (1, 1, 1), (1, 1, 1), (1, 1, 1), (1, 1, 1), (1, 1, 1), (1, 1, 1), (1, 1, 1), (1, 1, 1), (1, 1, 1), (1, 1, 1), (1, 1, 1), (1, 1, 1), (1, 1, 1), (1, 1, 1), (1, 1, 1), (1, 1, 1), (1, 1, 1), (1, 1, 1), (1, 1, 1), (1, 1, 1), (1, 1, 1), (1, 1, 1), (1, 1, 1), (1, 1, 1), (1, 1, 1), (1, 1, 1), (1, 1, 1), (1, 1, 1), (1, 1, 1), (1, 1, 1), (1, 1, 1), (1, 1, 1), (1, 1, 1), (1, 1, 1), (1, 1, 1), (1, 1, 1), (1, 1, 1), (1, 1, 1), (1, 1, 1), (1, 1, 1), (1, 1, 1), (1, 1, 1)],
                16: [(1, 1, 1), (1, 1, 1), (1, 1, 1), (1, 1, 1), (1, 1, 1), (1, 1, 1), (1, 1, 1), (1, 1, 1), (1, 1, 1), (1, 1, 1), (1, 1, 1), (1, 1, 1), (1, 1, 1), (1, 1, 1), (1, 1, 1), (1, 1, 1), (1, 1, 1), (1, 1, 1), (1, 1, 1), (1, 1, 1), (1, 1, 1), (1, 1, 1), (1, 1, 1), (1, 1, 1), (1, 1, 1), (1, 1, 1), (1, 1, 1), (1, 1, 1), (1, 1, 1), (1, 1, 1), (1, 1, 1), (1, 1, 1), (1, 1, 1), (1, 1, 1), (1, 1, 1), (1, 1, 1), (1, 1, 1), (1, 1, 1), (1, 1, 1), (1, 1, 1), (1, 1, 1), (1, 1, 1), (1, 1, 1), (1, 1, 1), (1, 1, 1), (1, 1, 1), (1, 1, 1), (1, 1, 1), (1, 1, 1), (1, 1, 1), (1, 1, 1), (1, 1, 1), (1, 1, 1), (1, 1, 1), (1, 1, 1), (1, 1, 1), (1, 1, 1), (1, 1, 1), (1, 1, 1), (1, 1, 1), (1, 1, 1), (1, 1, 1), (1, 1, 1), (1, 1, 1), (1, 1, 1), (1, 1, 1), (1, 1, 1), (1, 1, 1), (1, 1, 1), (1, 1, 1), (1, 1, 1), (1, 1, 1), (1, 1, 1), (1, 1, 1), (1, 1, 1), (1, 1, 1), (1, 1, 1), (1, 1, 1), (1, 1, 1), (1, 1, 1), (1, 1, 1), (1, 1, 1), (1, 1, 1), (1, 1, 1), (1, 1, 1), (1, 1, 1), (1, 1, 1), (1, 1, 1), (1, 1, 1), (1, 1, 1), (1, 1, 1), (1, 1, 1), (1, 1, 1), (1, 1, 1), (1, 1, 1), (1, 1, 1), (1, 1, 1), (1, 1, 1), (1, 1, 1), (1, 1, 1), (1, 1, 1), (1, 1, 1), (1, 1, 1), (1, 1, 1), (1, 1, 1), (1, 1, 1), (1, 1, 1), (1, 1, 1), (1, 1, 1), (1, 1, 1), (1, 1, 1), (1, 1, 1), (1, 1, 1), (1, 1, 1), (1, 1, 1)],
                17: [(1, 1, 1), (1, 1, 1), (1, 1, 1), (1, 1, 1), (1, 1, 1), (1, 1, 1), (1, 1, 1), (1, 1, 1), (1, 1, 1), (1, 1, 1), (1, 1, 1), (1, 1, 1), (1, 1, 1), (1, 1, 1), (1, 1, 1), (1, 1, 1), (1, 1, 1), (1, 1, 1), (1, 1, 1), (1, 1, 1), (1, 1, 1), (1, 1, 1), (1, 1, 1), (1, 1, 1), (1, 1, 1), (1, 1, 1), (1, 1, 1), (1, 1, 1), (1, 1, 1), (1, 1, 1), (1, 1, 1), (1, 1, 1), (1, 1, 1), (1, 1, 1), (1, 1, 1), (1, 1, 1), (1, 1, 1), (1, 1, 1), (1, 1, 1), (1, 1, 1), (1, 1, 1), (1, 1, 1), (1, 1, 1), (1, 1, 1), (1, 1, 1), (1, 1, 1), (1, 1, 1), (1, 1, 1), (1, 1, 1), (1, 1, 1), (1, 1, 1), (1, 1, 1), (1, 1, 1), (1, 1, 1), (1, 1, 1), (1, 1, 1), (1, 1, 1), (1, 1, 1), (1, 1, 1), (1, 1, 1), (1, 1, 1), (1, 1, 1), (1, 1, 1), (1, 1, 1), (1, 1, 1), (1, 1, 1), (1, 1, 1), (1, 1, 1), (1, 1, 1), (1, 1, 1), (1, 1, 1), (1, 1, 1), (1, 1, 1), (1, 1, 1), (1, 1, 1), (1, 1, 1), (1, 1, 1), (1, 1, 1), (1, 1, 1), (1, 1, 1), (1, 1, 1), (1, 1, 1), (1, 1, 1), (1, 1, 1), (1, 1, 1), (1, 1, 1), (1, 1, 1), (1, 1, 1), (1, 1, 1), (1, 1, 1), (1, 1, 1), (1, 1, 1), (1, 1, 1), (1, 1, 1), (1, 1, 1), (1, 1, 1), (1, 1, 1), (1, 1, 1), (1, 1, 1), (1, 1, 1), (1, 1, 1), (1, 1, 1), (1, 1, 1), (1, 1, 1), (1, 1, 1), (1, 1, 1), (1, 1, 1), (1, 1, 1), (1, 1, 1), (1, 1, 1), (1, 1, 1), (1, 1, 1), (1, 1, 1), (1, 1, 1), (1, 1, 1)],
                18: [(1, 1, 1), (1, 1, 1), (1, 1, 1), (1, 1, 1), (1, 1, 1), (1, 1, 1), (1, 1, 1), (1, 1, 1), (1, 1, 1), (1, 1, 1), (1, 1, 1), (1, 1, 1), (1, 1, 1), (1, 1, 1), (1, 1, 1), (1, 1, 1), (1, 1, 1), (1, 1, 1), (1, 1, 1), (1, 1, 1), (1, 1, 1), (1, 1, 1), (1, 1, 1), (1, 1, 1), (1, 1, 1), (1, 1, 1), (1, 1, 1), (1, 1, 1), (1, 1, 1), (1, 1, 1), (1, 1, 1), (1, 1, 1), (1, 1, 1), (1, 1, 1), (1, 1, 1), (1, 1, 1), (1, 1, 1), (1, 1, 1), (1, 1, 1), (1, 1, 1), (1, 1, 1), (1, 1, 1), (1, 1, 1), (1, 1, 1), (1, 1, 1), (1, 1, 1), (1, 1, 1), (1, 1, 1), (1, 1, 1), (1, 1, 1), (1, 1, 1), (1, 1, 1), (1, 1, 1), (1, 1, 1), (1, 1, 1), (1, 1, 1), (1, 1, 1), (1, 1, 1), (1, 1, 1), (1, 1, 1), (1, 1, 1), (1, 1, 1), (1, 1, 1), (1, 1, 1), (1, 1, 1), (1, 1, 1), (1, 1, 1), (1, 1, 1), (1, 1, 1), (1, 1, 1), (1, 1, 1), (1, 1, 1), (1, 1, 1), (1, 1, 1), (1, 1, 1), (1, 1, 1), (1, 1, 1), (1, 1, 1), (1, 1, 1), (1, 1, 1), (1, 1, 1), (1, 1, 1), (1, 1, 1), (1, 1, 1), (1, 1, 1), (1, 1, 1), (1, 1, 1), (1, 1, 1), (1, 1, 1), (1, 1, 1), (1, 1, 1), (1, 1, 1), (1, 1, 1), (1, 1, 1), (1, 1, 1), (1, 1, 1), (1, 1, 1), (1, 1, 1), (1, 1, 1), (1, 1, 1), (1, 1, 1), (1, 1, 1), (1, 1, 1), (1, 1, 1), (1, 1, 1), (1, 1, 1), (1, 1, 1), (1, 1, 1), (1, 1, 1), (1, 1, 1), (1, 1, 1), (1, 1, 1), (1, 1, 1), (1, 1, 1), (1, 1, 1)],
            }
            float3[] translations.timeSamples = {
                0: [(0, 1.7066455, 0), (-1.089342, 72.602066, 5.5886774), (1.9518532, -9.313226e-8, -2.3283064e-8), (7.7848425, -3.7252903e-7, -9.313226e-7), (5.561238, -9.313226e-7, -0.0000017229468), (10.505815, -0.0000011175871, -0.0000037252903), (15.509716, 0.9669118, 6.6177764), (25.148022, 0.0000070780516, 0.000046007335), (38.754524, 0.000013411045, -0.000017136335), (0, 0, -0.000022888184), (14.147449, 5.5879354e-7, 0.000008195639), (26.666117, -7.4505806e-7, 0.0000014901161), (35.37099, 0.0000014901161, 0.0000014901161), (35.370995, -0.0000014901161, -0.000017881393), (5.508921, 1.2620038, -2.3405778), (12.202101, -1.0622267, 0.16127042), (7.2654314, 0.00001587905, -0.000013969839), (5.0580783, 0.000017508864, 0.0000037252903), (5.7870517, 0.8734155, -0.419374), (11.738637, -1.1982415, 0.26409215), (8.0755625, 0.00003001187, -0.0000024214387), (5.583983, -5.5879354e-7, 5.5879354e-7), (-0.13794708, 0.18598174, -0.016178131), (5.3829947, 1.7123892, 3.7102327), (9.636993, 0.00017918646, -0.0003643334), (6.0977197, 0.0000040978193, 0.000003911555), (4.4111557, -0.00001527369, -0.000006891787), (5.7211623, 1.1467993, 1.5390495), (10.785752, -0.9973887, 0.2564773), (7.438645, 0.000002514571, 1.8626451e-7), (5.4258094, -0.000017881393, 0.0000027939677), (3.109774, 2.0561168, -1.7124727), (6.267051, 0.0000052154064, -0.000005867332), (6.3881664, -0.0000031664968, -0.0000055879354), (6.595614, 0.00000782311, 0.0000035390258), (8.784785, 5.376257, -0.7295355), (15.342745, 0.0000044703484, -0.0000067055225), (26.613564, 0.000010803342, -0.000020861626), (38.75453, 0.000014901161, -0.00003054738), (19.657091, -3.2682545, -0.000005401671), (11.333324, -0.0000022351742, -0.0000024680048), (17.799742, -0.000010430813, -0.000002514571), (17.799742, -0.000010430813, -0.000002514571), (14.868546, 15.370952, 1.1920929e-7), (14.868546, 15.370952, -8.393713), (0, 0.000015258789, -0.000002861023), (14.868546, 15.37095, 8.393475), (0.000002861023, 0.000030517578, 9.536743e-7), (29.36511, 0.0000038146973, 0), (15.509316, 0.9669162, -6.6177964), (-25.147938, 0.000011920929, 0.00018589199), (-38.75403, 0.000037439167, 0.00066682696), (-0.0000076293945, -0.0000019073486, -0.0000076293945), (-14.147979, 0.000014901161, -0.0005751848), (-26.665936, -0.000016391277, 0.000046938658), (-35.370914, -0.000011920929, -0.00016391277), (-35.37091, -0.000013411045, -0.00014007092), (-5.5092716, -1.2623214, 2.340566), (-12.202059, 1.0621502, -0.16127434), (-7.26552, 0.00007562339, -0.00002272427), (-5.057996, -0.00007785857, 0.000013783574), (-5.787448, -0.8736571, 0.4193454), (-11.738637, 1.1982107, -0.2640942), (-8.075537, -0.00004544854, -0.0000011175871), (-5.584008, 3.7252903e-7, 0.000004284084), (0.13791655, -0.18596649, 0.016174793), (-5.3833785, -1.712655, -3.710249), (-9.636993, -0.00017695129, 0.00036535785), (-6.097722, -0.000013783574, -0.00003669411), (-4.411071, -0.00008363277, -0.000031106174), (-5.721575, -1.1471167, -1.5390683), (-10.785751, 0.99731535, -0.25648978), (-7.4386477, 0.000030174851, 0.00000949949), (-5.4257245, 9.313226e-7, -0.000004284084), (-3.1101477, -2.0563822, 1.7124485), (-6.2671022, -0.00009764917, 0.00010766089), (-6.3881474, -0.000008195639, -0.000014901161), (-6.595657, -0.000052712858, -0.00012367964), (-8.784599, -5.706299, 0.7670474), (-15.342104, 0.000032549724, 0.0005759299), (-26.613647, 0.000008288771, 0.000093877316), (-38.754025, 0.000043027103, 0.0006765127), (0.0000076293945, -42.941467, 2.3841858e-7), (-13.338825, -1.8266215, 21.14996), (34.929527, 0.0000059604645, -0.0000059604645), (25.875355, 0.000009685755, -0.000010430813), (5.7051635, 13.571278, -0.000006449409), (4.052744, -0.000010803342, -0.0000014901161), (-0.000007390976, 0.0000019073486, -0.0000038146973), (6.0134535, 6.590721, 0.25112343), (-0.0008659363, 0.00001001358, 0.0000076293945), (12.582837, 0.041606277, 0.051730126), (19.229115, 0.041613728, 0.051734596), (25.875378, 0.04161969, 0.05173236), (4.501981, -0.046024658, 0.10348819), (16.538721, -0.04602112, 0.103496015), (32.294548, -0.023013353, 0.051744282), (-13.338843, -1.8266194, -21.149954), (-34.92953, 0.0000029802322, -0.0000074505806), (-25.875298, -0.0000059604645, 0.0000016763806), (-5.7051497, -13.571265, 0.0000070780516), (-4.052696, -0.000024703331, 0.000006146729), (0.000008106232, 0, -0.0000076293945), (-6.042926, -6.588908, -0.25344086), (0.0008640289, -0.00001001358, -0.0000076293945), (-12.582774, -0.04159808, -0.05173413), (-19.229027, -0.04160106, -0.05172901), (-25.875315, -0.041605532, -0.05172817), (-4.5020247, 0.04602885, -0.10348968), (-16.538742, 0.046027824, -0.103490055), (-32.294537, 0.023020059, -0.051748753), (-0.000015258789, 31.619596, 29.164127), (0.00033569336, -47.09483, 28.91485), (-0.000015258789, 32.359444, -29.84651), (0.00035858154, -47.093678, -29.027739)],
                1: [(0, 1.7066455, 0), (-1.0694925, 76.41289, 5.2297754), (1.9518508, 4.656613e-7, -1.5133992e-7), (7.7848425, -3.7252903e-7, 1.8626451e-7), (5.5612316, 7.4505806e-7, -6.2864274e-7), (10.505807, 0.0000011175871, -0.0000029802322), (15.509709, 0.9669132, 6.617778), (25.148022, 0.000004656613, 0.000043120235), (38.754524, 0.0000044703484, -0.00001937151), (0, 0, -0.000022888184), (14.147451, 6.053597e-7, 0.0000067055225), (26.666117, 0.000002142042, -0.0000022351742), (35.370987, 0.0000020489097, 0.0000014901161), (35.37099, 0.0000014901161, -0.000016391277), (5.508925, 1.2620037, -2.3405786), (12.202104, -1.0622226, 0.16127023), (7.2654395, 0.000019441359, -0.000016018748), (5.0580845, 0.000014528632, 0.000005494803), (5.7870545, 0.8734158, -0.41937706), (11.738645, -1.1982394, 0.26409122), (8.075566, 0.000032657408, -0.0000062398612), (5.583986, -7.4505806e-7, 0.0000013038516), (-0.13794708, 0.18598174, -0.016178131), (5.382995, 1.7123902, 3.7102342), (9.636996, 0.00017778948, -0.0003663823), (6.097723, 3.958121e-7, 0.000006519258), (4.4111533, -0.000017369166, -0.000007264316), (5.7211637, 1.1468003, 1.5390481), (10.785753, -0.99738723, 0.2564773), (7.4386373, -2.910383e-7, 0.0000016763806), (5.4258003, -0.000017601997, 0.0000013969839), (3.1097746, 2.056118, -1.7124709), (6.2670546, 0.000008195639, -0.000004400499), (6.388166, 0.0000023283064, -0.0000049360096), (6.595614, 0.000010477379, 0.0000023283064), (8.784785, 5.376257, -0.7295355), (15.342745, 0, -0.000006891787), (26.61356, 0.000006891787, -0.000021979213), (38.754524, 0.0000067055225, -0.00003427267), (19.657084, -3.2682517, -0.0000070780516), (11.333317, 0.0000011175871, 5.005859e-7), (17.799734, -0.0000074505806, 2.7939677e-7), (17.799734, -0.0000074505806, 2.7939677e-7), (14.868546, 15.370952, 1.1920929e-7), (14.868546, 15.370952, -8.393713), (0, 0.000015258789, -0.000002861023), (14.868546, 15.37095, 8.393475), (0.000002861023, 0.000030517578, 9.536743e-7), (29.36511, 0.0000038146973, 0), (15.509321, 0.96691364, -6.617795), (-25.147938, 0.0000069849193, 0.00018090941), (-38.75403, 0.000039301813, 0.0006727874), (-0.0000076293945, -0.0000019073486, -0.0000076293945), (-14.147979, 0.000014528632, -0.0005725771), (-26.665936, -0.000016018748, 0.00004954636), (-35.37091, -0.000014156103, -0.00016316772), (-35.37091, -0.000014156103, -0.00014081597), (-5.5092716, -1.2623245, 2.340567), (-12.202059, 1.0621473, -0.16127871), (-7.2655215, 0.00007431954, -0.00002188608), (-5.0579967, -0.00007664785, 0.000012200326), (-5.7874465, -0.87365556, 0.41934657), (-11.738634, 1.1982131, -0.26409206), (-8.075531, -0.00004749745, 6.519258e-7), (-5.5839987, -0.0000012107193, 0.0000033527613), (0.13791655, -0.18596649, 0.016174793), (-5.3833814, -1.712654, -3.7102509), (-9.636994, -0.00017490238, 0.00036605634), (-6.0977263, -0.0000144355, -0.00003837049), (-4.411076, -0.0000834465, -0.000031339005), (-5.7215743, -1.147115, -1.5390687), (-10.785751, 0.9973122, -0.25648957), (-7.438644, 0.000030174851, 0.000011082739), (-5.42573, 0.0000024214387, -0.0000030733645), (-3.1101453, -2.0563807, 1.712451), (-6.267104, -0.000099185854, 0.00010635704), (-6.3881474, -0.000006519258, -0.000016205013), (-6.5956583, -0.000052247196, -0.00011976808), (-8.784599, -5.706299, 0.7670474), (-15.342104, 0.000032037497, 0.00057611614), (-26.61364, 0.000009173527, 0.00009573996), (-38.75402, 0.000043865293, 0.00067539513), (0.0000076293945, -42.941467, 2.3841858e-7), (-13.338822, -1.8266212, 21.14996), (34.929512, -3.7252903e-7, 0.0000022351742), (25.87533, -0.0000029802322, -0.0000067055225), (5.7051554, 13.571251, -0.000009778887), (4.052741, -0.00001359731, 0.0000019557774), (-0.000007390976, 0.0000019073486, -0.0000038146973), (6.0134535, 6.590721, 0.25112343), (-0.0008659363, 0.00001001358, 0.0000076293945), (12.582825, 0.041602366, 0.051734224), (19.229097, 0.041607767, 0.051737577), (25.87536, 0.04161112, 0.05173087), (4.50198, -0.046026427, 0.1034881), (16.538715, -0.046024285, 0.10350011), (32.294533, -0.023020431, 0.051748008), (-13.338844, -1.8266208, -21.149952), (-34.929527, 0.0000011175871, -0.000008940697), (-25.8753, -0.0000052154064, 0.0000037020072), (-5.7051487, -13.571267, 0.0000044703484), (-4.052697, -0.000024423935, 0.000006519258), (0.000008106232, 0, -0.0000076293945), (-6.042926, -6.588908, -0.25344086), (0.0008640289, -0.00001001358, -0.0000076293945), (-12.582776, -0.04159659, -0.051733106), (-19.229027, -0.041601807, -0.051726554), (-25.875319, -0.041603297, -0.05172604), (-4.502027, 0.046026614, -0.10348912), (-16.53874, 0.046028197, -0.10349043), (-32.29453, 0.023018569, -0.051746517), (-0.000015258789, 31.619596, 29.164127), (0.00033569336, -47.09483, 28.91485), (-0.000015258789, 32.359444, -29.84651), (0.00035858154, -47.093678, -29.027739)],
                2: [(0, 1.7066455, 0), (-1.6126292, 71.41536, 5.538929), (1.9518509, 0, -1.3969839e-7), (7.7848434, -7.4505806e-7, -0.0000016763806), (5.5612326, 0.0000014901161, -5.5879354e-7), (10.505808, 0, -0.0000020489097), (15.5097065, 0.966917, 6.617778), (25.148022, 0.0000029802322, 0.0000461936), (38.754524, 0.0000044703484, -0.000020861626), (0, 0, -0.000022888184), (14.147443, 3.7252903e-7, 0.000008940697), (26.666105, 0, 0), (35.370975, 0.0000014901161, 0), (35.370975, -0.0000029802322, -0.000011920929), (5.5089226, 1.2620025, -2.3405743), (12.202108, -1.0622249, 0.1612693), (7.2654366, 0.000014528632, -0.000015459955), (5.058086, 0.00001564622, 0.0000074505806), (5.787051, 0.8734148, -0.41937345), (11.738635, -1.1982418, 0.2641), (8.075562, 0.000034831464, -0.0000011175871), (5.583986, -0.0000022351742, 0.0000040978193), (-0.13794708, 0.18598174, -0.016178131), (5.3829956, 1.7123882, 3.7102315), (9.636996, 0.00017508864, -0.0003643334), (6.0977206, -0.0000026077032, 0.0000074505806), (4.4111547, -0.000016391277, -0.0000055879354), (5.721163, 1.1467971, 1.5390519), (10.7857485, -0.9973891, 0.25648624), (7.4386306, -0.0000022351742, 9.313226e-7), (5.4257927, -0.00001564622, -7.4505806e-7), (3.1097765, 2.0561142, -1.712472), (6.2670493, 0.000008195639, -9.313226e-7), (6.3881636, 0.0000022351742, -0.0000012107193), (6.5956144, 0.0000055879354, 0.0000022351742), (8.784785, 5.376257, -0.7295355), (15.342742, -0.0000022351742, -0.000009685755), (26.61356, 0.0000059604645, -0.00001937151), (38.75452, 0.0000014901161, -0.000035762787), (19.657082, -3.2682493, -0.0000026077032), (11.333323, -0.0000014901161, -6.519258e-7), (17.799736, -0.0000074505806, 1.8626451e-7), (17.799736, -0.0000074505806, 1.8626451e-7), (14.868546, 15.370952, 1.1920929e-7), (14.868546, 15.370952, -8.393713), (0, 0.000015258789, -0.000002861023), (14.868546, 15.37095, 8.393475), (0.000002861023, 0.000030517578, 9.536743e-7), (29.36511, 0.0000038146973, 0), (15.509311, 0.966917, -6.617792), (-25.147942, 0.000011175871, 0.00018589199), (-38.754036, 0.000043958426, 0.0006824732), (-0.0000076293945, -0.0000019073486, -0.0000076293945), (-14.147981, 0.000016391277, -0.00057816505), (-26.665941, -0.000013411045, 0.00004544854), (-35.370914, -0.000008940697, -0.00017285347), (-35.370914, -0.000014901161, -0.00015050173), (-5.5092716, -1.262325, 2.3405669), (-12.202057, 1.0621514, -0.1612749), (-7.265516, 0.00007599592, -0.000024214387), (-5.057993, -0.00007338822, 0.000010244548), (-5.7874465, -0.87365735, 0.41934717), (-11.738636, 1.1982113, -0.26409385), (-8.075536, -0.0000461936, 0.0000011175871), (-5.584008, 0.0000014901161, 0.0000040978193), (0.13791655, -0.18596649, 0.016174793), (-5.383382, -1.7126534, -3.7102513), (-9.636996, -0.00017881393, 0.00036451966), (-6.0977263, -0.000014528632, -0.00003799796), (-4.411072, -0.00008419156, -0.00003129244), (-5.721577, -1.1471156, -1.5390697), (-10.785752, 0.99731684, -0.25649014), (-7.438644, 0.000032037497, 0.000008195639), (-5.425726, -7.4505806e-7, -0.0000029802322), (-3.1101484, -2.0563803, 1.7124484), (-6.2671065, -0.000098440796, 0.000105798244), (-6.388145, -0.0000067055225, -0.00001564622), (-6.5956583, -0.000052526593, -0.000120699406), (-8.784599, -5.706299, 0.7670474), (-15.342109, 0.000032410026, 0.00057145953), (-26.613644, 0.000013783574, 0.000101327896), (-38.754025, 0.000051409006, 0.0006765127), (0.0000076293945, -42.941467, 2.3841858e-7), (-13.338831, -1.8266231, 21.149965), (34.929516, 0.0000029802322, 0), (25.875347, 0.0000052154064, -0.000008940697), (5.70516, 13.57126, -0.000010430813), (4.0527425, -0.000013224781, -7.4505806e-7), (-0.000007390976, 0.0000019073486, -0.0000038146973), (6.0134535, 6.590721, 0.25112343), (-0.0008659363, 0.00001001358, 0.0000076293945), (12.582834, 0.04160516, 0.05173236), (19.229109, 0.041610003, 0.05173236), (25.875372, 0.041616708, 0.05173087), (4.5019784, -0.04602503, 0.10348782), (16.53872, -0.046022236, 0.103500485), (32.294544, -0.023014843, 0.051742792), (-13.338844, -1.8266152, -21.149956), (-34.92953, 0.0000029802322, -0.000011920929), (-25.875303, -0.0000029802322, 0.0000029802322), (-5.7051487, -13.571264, 0.0000044703484), (-4.0526977, -0.000023655593, 0.0000059604645), (0.000008106232, 0, -0.0000076293945), (-6.042926, -6.588908, -0.25344086), (0.0008640289, -0.00001001358, -0.0000076293945), (-12.582777, -0.041597337, -0.05173236), (-19.229029, -0.04160106, -0.05172789), (-25.875319, -0.041602552, -0.05172491), (-4.5020237, 0.046028197, -0.103488564), (-16.53874, 0.046028197, -0.1034908), (-32.294533, 0.023016334, -0.051745772), (-0.000015258789, 31.619596, 29.164127), (0.00033569336, -47.09483, 28.91485), (-0.000015258789, 32.359444, -29.84651), (0.00035858154, -47.093678, -29.027739)],
                3: [(0, 1.7066455, 0), (-1.7039467, 70.890144, 5.352375), (1.9518535, 1.8626451e-7, 0), (7.784838, 0, 0.0000013038516), (5.5612335, 7.4505806e-7, -9.313226e-8), (10.505811, -0.0000014901161, -0.0000024214387), (15.5097065, 0.9669155, 6.617779), (25.148022, 0.0000059604645, 0.000048428774), (38.754524, 0.0000044703484, -0.000023841858), (0, 0, -0.000022888184), (14.147446, -0.0000029802322, 0.0000074505806), (26.666105, 0, 0), (35.370975, -0.0000044703484, 0), (35.37098, -0.0000029802322, -0.000014901161), (5.50892, 1.2620002, -2.340573), (12.202104, -1.0622249, 0.16127452), (7.265427, 0.00001611188, -0.000007264316), (5.0580754, 0.000014156103, 0.000008568168), (5.787051, 0.87341297, -0.41937456), (11.738636, -1.1982388, 0.26409626), (8.075556, 0.000025890768, -0.0000031664968), (5.5839763, 3.7252903e-7, 0.0000022351742), (-0.13794708, 0.18598174, -0.016178131), (5.382996, 1.7123858, 3.7102308), (9.636986, 0.00017657876, -0.00036209822), (6.0977106, 0, 0.000005029142), (4.411148, -0.000016018748, -0.0000070780516), (5.7211614, 1.1467986, 1.5390542), (10.785747, -0.99739206, 0.2564855), (7.438633, 7.4505806e-7, 0.000006519258), (5.425801, -0.000016391277, 0.0000011175871), (3.1097703, 2.056114, -1.7124727), (6.267046, 0.0000059604645, -0.0000018626451), (6.3881607, 0.0000022351742, -0.0000013504177), (6.595613, 0.0000020489097, 0.000008568168), (8.784785, 5.376257, -0.7295355), (15.342749, 0.0000014901161, -0.0000037252903), (26.61356, 0.0000029802322, -0.000025331974), (38.754528, 0.0000044703484, -0.00003129244), (19.657084, -3.2682524, -0.0000055879354), (11.333327, -0.0000029802322, -0.000005029142), (17.799751, -0.000013411045, -0.0000057742), (17.799751, -0.000013411045, -0.0000057742), (14.868546, 15.370952, 1.1920929e-7), (14.868546, 15.370952, -8.393713), (0, 0.000015258789, -0.000002861023), (14.868546, 15.37095, 8.393475), (0.000002861023, 0.000030517578, 9.536743e-7), (29.36511, 0.0000038146973, 0), (15.509314, 0.96691847, -6.617795), (-25.147945, 0.000008195639, 0.00018104911), (-38.75404, 0.000051781535, 0.0006765127), (-0.0000076293945, -0.0000019073486, -0.0000076293945), (-14.147979, 0.000014156103, -0.0005777925), (-26.665937, -0.000016391277, 0.00004544854), (-35.37092, -0.000011920929, -0.00017285347), (-35.370922, -0.000011920929, -0.00014603138), (-5.5092716, -1.262321, 2.3405657), (-12.202057, 1.0621511, -0.16127564), (-7.265508, 0.000078976154, -0.00002272427), (-5.0579915, -0.00007748604, 0.000013038516), (-5.787446, -0.87365806, 0.41934663), (-11.73863, 1.1982143, -0.26409066), (-8.075523, -0.000043213367, 0.0000014901161), (-5.5839934, -0.0000011175871, 3.7252903e-7), (0.13791655, -0.18596649, 0.016174793), (-5.3833766, -1.712656, -3.7102482), (-9.636992, -0.0001758337, 0.00036656857), (-6.0977244, -0.000014901161, -0.000040605664), (-4.411068, -0.00008493662, -0.000029057264), (-5.721575, -1.1471175, -1.5390692), (-10.7857485, 0.99731684, -0.2564879), (-7.438636, 0.000029429793, 0.000010803342), (-5.425724, -7.4505806e-7, -0.0000022351742), (-3.110147, -2.0563817, 1.7124484), (-6.2671, -0.00009890646, 0.0001065433), (-6.388144, -0.000008568168, -0.000016391277), (-6.59565, -0.000052154064, -0.00012218952), (-8.784599, -5.706299, 0.7670474), (-15.342111, 0.000034086406, 0.0005751848), (-26.613653, 0.000016018748, 0.00009536743), (-38.754036, 0.000059604645, 0.0006854534), (0.0000076293945, -42.941467, 2.3841858e-7), (-13.338825, -1.8266246, 21.149963), (34.929527, 0.0000029802322, -0.0000059604645), (25.875347, 0.0000040978193, -0.0000059604645), (5.705161, 13.571265, -0.000009685755), (4.052745, -0.000011920929, -0.0000018626451), (-0.000007390976, 0.0000019073486, -0.0000038146973), (6.0134535, 6.590721, 0.25112343), (-0.0008659363, 0.00001001358, 0.0000076293945), (12.582835, 0.041604415, 0.05173236), (19.229109, 0.041610003, 0.05173534), (25.875378, 0.04161708, 0.05173087), (4.501983, -0.04602596, 0.10348782), (16.538721, -0.046019256, 0.10349676), (32.29455, -0.023016334, 0.051742792), (-13.338841, -1.8266197, -21.149954), (-34.929527, 0.0000029802322, -0.000010430813), (-25.875305, -0.0000014901161, 0.0000014901161), (-5.7051497, -13.571265, 0.0000044703484), (-4.0526977, -0.000023376197, 0.0000055879354), (0.000008106232, 0, -0.0000076293945), (-6.042926, -6.588908, -0.25344086), (0.0008640289, -0.00001001358, -0.0000076293945), (-12.582777, -0.04159659, -0.05173385), (-19.22903, -0.04160106, -0.051725656), (-25.875324, -0.04160106, -0.05172491), (-4.5020285, 0.046026707, -0.10348968), (-16.538738, 0.046028197, -0.103490055), (-32.29453, 0.023016334, -0.051750243), (-0.000015258789, 31.619596, 29.164127), (0.00033569336, -47.09483, 28.91485), (-0.000015258789, 32.359444, -29.84651), (0.00035858154, -47.093678, -29.027739)],
                4: [(0, 1.7066455, 0), (-1.6461285, 72.041374, 4.676427), (1.9518538, 0, -4.656613e-8), (7.7848434, -7.4505806e-7, -9.313226e-7), (5.561234, 7.4505806e-7, 7.4505806e-7), (10.505806, 0.0000022351742, 7.4505806e-7), (15.509695, 0.96691996, 6.617786), (25.14802, -0.0000014901161, 0.000055879354), (38.75451, -0.000020861626, -0.000022351742), (0, 0, -0.000022888184), (14.147428, 7.4505806e-7, 0.000008940697), (26.666069, 7.4505806e-7, -0.0000029802322), (35.370922, -0.0000022351742, 0), (35.37093, -0.0000029802322, -0.000023841858), (5.5089126, 1.2620006, -2.3405764), (12.202087, -1.0622263, 0.16127974), (7.2654195, 0.000016205013, -0.0000128522515), (5.0580697, 0.00001564622, 0.0000029802322), (5.787041, 0.8734114, -0.4193682), (11.7386265, -1.1982448, 0.26410073), (8.075542, 0.00003296882, -9.313226e-7), (5.583972, 0.0000018626451, -0.0000018626451), (-0.13794708, 0.18598174, -0.016178131), (5.382992, 1.7123818, 3.7102308), (9.63698, 0.00017359853, -0.00035464764), (6.097705, -3.7252903e-7, 0.000008195639), (4.4111433, -0.000014156103, -0.000009313226), (5.721153, 1.1467963, 1.5390534), (10.785731, -0.99739206, 0.25648475), (7.4386225, 1.8626451e-7, 0.0000033527613), (5.4257965, -0.000014156103, 0.0000029802322), (3.1097703, 2.0561118, -1.7124709), (6.2670374, 0.0000067055225, -3.259629e-7), (6.3881555, -0.0000029802322, 1.8626451e-7), (6.595601, 0.000008940697, 0.000008195639), (8.784785, 5.376257, -0.7295355), (15.342733, -0.000011920929, -0.000010430813), (26.613552, -0.000011920929, -0.000025331974), (38.754505, -0.000017881393, -0.00003874302), (19.657055, -3.2682405, 0.000009685755), (11.3333025, 0.0000059604645, 0.000008987263), (17.799711, 0.0000029802322, 0.000013783574), (17.799711, 0.0000029802322, 0.000013783574), (14.868546, 15.370952, 1.1920929e-7), (14.868546, 15.370952, -8.393713), (0, 0.000015258789, -0.000002861023), (14.868546, 15.37095, 8.393475), (0.000002861023, 0.000030517578, 9.536743e-7), (29.36511, 0.0000038146973, 0), (15.509288, 0.96691847, -6.617777), (-25.147938, 0.0000059604645, 0.00017695129), (-38.75401, 0.0000230968, 0.0006645918), (-0.0000076293945, -0.0000019073486, -0.0000076293945), (-14.14797, 0.000012665987, -0.0005595386), (-26.665926, -0.000016391277, 0.00007003546), (-35.37089, -0.000017881393, -0.0001385808), (-35.37089, -0.000017881393, -0.00011771917), (-5.5092683, -1.26232, 2.340566), (-12.20205, 1.0621525, -0.16127229), (-7.265504, 0.00007636845, -0.000021606684), (-5.057984, -0.00007636845, 0.000008568168), (-5.787443, -0.8736547, 0.41934884), (-11.738626, 1.198215, -0.2640864), (-8.075516, -0.000043958426, 7.4505806e-7), (-5.583992, 7.4505806e-7, 7.4505806e-7), (0.13791655, -0.18596649, 0.016174793), (-5.3833766, -1.7126523, -3.7102487), (-9.636986, -0.00017732382, 0.00036936253), (-6.0977173, -0.000014528632, -0.00003501773), (-4.411068, -0.0000834465, -0.00003259629), (-5.721568, -1.1471175, -1.5390645), (-10.785742, 0.9973161, -0.25648308), (-7.438627, 0.000033527613, 0.000014156103), (-5.42572, 0.0000018626451, -0.0000059604645), (-3.110144, -2.0563793, 1.7124501), (-6.2670956, -0.00009885989, 0.00010728836), (-6.3881373, -0.000006519258, -0.000014901161), (-6.5956516, -0.000056438148, -0.00011920929), (-8.784599, -5.706299, 0.7670474), (-15.342097, 0.000023189932, 0.0005759299), (-26.613632, -0.0000037252903, 0.00008940697), (-38.75401, 0.0000230968, 0.0006645918), (0.0000076293945, -42.941467, 2.3841858e-7), (-13.338828, -1.8266215, 21.149963), (34.929527, 0.0000059604645, -0.0000044703484), (25.875347, 0.0000034458935, -0.0000059604645), (5.7051625, 13.571271, -0.0000074505806), (4.0527444, -0.0000121071935, -0.0000018626451), (-0.000007390976, 0.0000019073486, -0.0000038146973), (6.0134535, 6.590721, 0.25112343), (-0.0008659363, 0.00001001358, 0.0000076293945), (12.582837, 0.041603763, 0.05173236), (19.22911, 0.04161047, 0.05173683), (25.875374, 0.04161615, 0.05172789), (4.5019827, -0.046025217, 0.10348689), (16.53872, -0.046022236, 0.103497505), (32.294548, -0.023013353, 0.051741302), (-13.338844, -1.8266171, -21.149952), (-34.92952, 0, -0.000008940697), (-25.875292, -0.0000059604645, -0.0000022351742), (-5.705151, -13.571262, 0.000008195639), (-4.052695, -0.000024182373, 0.0000055879354), (0.000008106232, 0, -0.0000076293945), (-6.042926, -6.588908, -0.25344086), (0.0008640289, -0.00001001358, -0.0000076293945), (-12.58277, -0.04160106, -0.05173534), (-19.229021, -0.041602552, -0.051731616), (-25.875309, -0.041610003, -0.051731616), (-4.502025, 0.046026707, -0.10348931), (-16.538734, 0.046026707, -0.103491545), (-32.29452, 0.023016334, -0.051748753), (-0.000015258789, 31.619596, 29.164127), (0.00033569336, -47.09483, 28.91485), (-0.000015258789, 32.359444, -29.84651), (0.00035858154, -47.093678, -29.027739)],
                5: [(0, 1.7066455, 0), (-1.4081761, 76.622406, 3.7189915), (1.9518487, 7.4505806e-7, 4.656613e-8), (7.784845, -7.4505806e-7, -5.5879354e-7), (5.5612335, 3.7252903e-7, 3.7252903e-7), (10.505811, -7.4505806e-7, -7.4505806e-7), (15.509701, 0.96691847, 6.6177816), (25.14802, 0.0000044703484, 0.00005364418), (38.754517, -0.0000014901161, -0.000020861626), (0, 0, -0.000022888184), (14.14744, -0.0000022351742, 0.000010430813), (26.6661, -0.0000024214387, 0), (35.370953, -0.0000018626451, 0), (35.370964, 0, -0.000017881393), (5.508914, 1.2619979, -2.3405757), (12.202096, -1.0622256, 0.16127452), (7.2654233, 0.000014901161, -0.000013038516), (5.0580764, 0.000016763806, 0.0000048428774), (5.7870455, 0.8734107, -0.41937158), (11.738631, -1.1982404, 0.26410073), (8.075553, 0.00003259629, -0.0000022351742), (5.5839777, 0.0000014901161, 0), (-0.13794708, 0.18598174, -0.016178131), (5.3829937, 1.7123842, 3.7102327), (9.636984, 0.00017508864, -0.0003568828), (6.0977077, 0.0000026077032, 0.000007264316), (4.411147, -0.000015087426, -0.000010058284), (5.721155, 1.1467947, 1.5390489), (10.785744, -0.99739283, 0.2564825), (7.43863, -0.0000018626451, 0.0000022351742), (5.425799, -0.00001527369, -0.0000011175871), (3.109767, 2.056111, -1.7124727), (6.267043, 0.0000074505806, 5.5879354e-7), (6.3881516, 0.0000044703484, 3.7252903e-7), (6.5956063, 0.0000043422915, 0.000012665987), (8.784785, 5.376257, -0.7295355), (15.342745, -0.0000029802322, -0.0000067055225), (26.613558, -0.0000029802322, -0.000023841858), (38.75452, -0.0000044703484, -0.00003427267), (19.65707, -3.2682464, 0), (11.333321, 0, 0.0000015832484), (17.799728, -0.0000059604645, 0.0000059604645), (17.799728, -0.0000059604645, 0.0000059604645), (14.868546, 15.370952, 1.1920929e-7), (14.868546, 15.370952, -8.393713), (0, 0.000015258789, -0.000002861023), (14.868546, 15.37095, 8.393475), (0.000002861023, 0.000030517578, 9.536743e-7), (29.36511, 0.0000038146973, 0), (15.509309, 0.9669155, -6.617789), (-25.147938, 0.000010430813, 0.00018440187), (-38.754013, 0.000027986243, 0.0006735325), (-0.0000076293945, -0.0000019073486, -0.0000076293945), (-14.147973, 0.000013411045, -0.0005669892), (-26.665926, -0.000016391277, 0.00006407499), (-35.370903, -0.000010430813, -0.00015050173), (-35.370903, -0.000013411045, -0.00012367964), (-5.509268, -1.262324, 2.340567), (-12.202056, 1.0621488, -0.1612749), (-7.265516, 0.000074878335, -0.000022351742), (-5.0579925, -0.000074878335, 0.000012665987), (-5.787444, -0.87365437, 0.41934812), (-11.738629, 1.198212, -0.26408917), (-8.075525, -0.000049173832, 0.0000014901161), (-5.5839977, -0.0000022351742, 0.0000059604645), (0.13791655, -0.18596649, 0.016174793), (-5.383377, -1.7126567, -3.7102494), (-9.6369915, -0.00017359853, 0.00036675483), (-6.097717, -0.000012665987, -0.00003427267), (-4.4110656, -0.000083073974, -0.000031664968), (-5.7215743, -1.1471156, -1.53907), (-10.785745, 0.99731755, -0.25648606), (-7.438638, 0.000028684735, 0.000012665987), (-5.425721, 3.7252903e-7, -0.0000040978193), (-3.1101444, -2.0563822, 1.7124504), (-6.2670975, -0.000095460564, 0.000105798244), (-6.3881435, -0.0000055879354, -0.000012665987), (-6.5956564, -0.00005327165, -0.00012293458), (-8.784599, -5.706299, 0.7670474), (-15.342098, 0.000026915222, 0.00057742), (-26.613634, -0.0000030267984, 0.00009685755), (-38.754013, 0.00003259629, 0.00067055225), (0.0000076293945, -42.941467, 2.3841858e-7), (-13.338823, -1.8266201, 21.14996), (34.929527, 0.0000059604645, -0.0000059604645), (25.87535, 0.0000017695129, -0.000011920929), (5.7051635, 13.571283, -0.0000029802322), (4.0527487, -0.000010989606, -0.0000026077032), (-0.000007390976, 0.0000019073486, -0.0000038146973), (6.0134535, 6.590721, 0.25112343), (-0.0008659363, 0.00001001358, 0.0000076293945), (12.582835, 0.041605204, 0.05173236), (19.22911, 0.041610282, 0.05173385), (25.875378, 0.041615635, 0.05173087), (4.501981, -0.046025217, 0.103487074), (16.538721, -0.046020746, 0.10349676), (32.294548, -0.023013353, 0.051742792), (-13.338846, -1.8266178, -21.149958), (-34.929527, 0, -0.000008940697), (-25.875303, -0.0000029802322, 0.0000031664968), (-5.7051497, -13.571268, 0.0000037252903), (-4.0526977, -0.00002400484, 0.0000063329935), (0.000008106232, 0, -0.0000076293945), (-6.042926, -6.588908, -0.25344086), (0.0008640289, -0.00001001358, -0.0000076293945), (-12.582777, -0.04159808, -0.05173227), (-19.229029, -0.04159957, -0.051727984), (-25.87532, -0.04160106, -0.051725097), (-4.5020266, 0.04602708, -0.10348931), (-16.53874, 0.046026707, -0.103491545), (-32.294525, 0.023016334, -0.051747262), (-0.000015258789, 31.619596, 29.164127), (0.00033569336, -47.09483, 28.91485), (-0.000015258789, 32.359444, -29.84651), (0.00035858154, -47.093678, -29.027739)],
                6: [(0, 1.7066455, 0), (-1.1263418, 77.446495, 3.543575), (1.9518514, 3.7252903e-7, -9.313226e-8), (7.7848463, -7.4505806e-7, -0.0000014901161), (5.5612335, 0, -0.0000015832484), (10.505812, -0.0000014901161, -0.000004656613), (15.509716, 0.966911, 6.617779), (25.148026, 0.0000048428774, 0.000050850213), (38.754524, 0.0000059604645, -0.000012665987), (0, 0, -0.000022888184), (14.147446, 0.0000020023435, 0.0000074505806), (26.666113, 0.0000022351742, 0.0000029802322), (35.370983, -9.313226e-8, 0), (35.370983, -0.0000017695129, -0.000014901161), (5.5089216, 1.2620051, -2.3405764), (12.202109, -1.0622218, 0.16126558), (7.2654376, 0.000014947727, -0.000011920929), (5.05808, 0.000012665987, 0.0000074505806), (5.7870502, 0.87341684, -0.41937456), (11.738643, -1.1982388, 0.2640918), (8.075569, 0.000030745286, -0.0000040978193), (5.583987, -0.0000018626451, 0.0000048428774), (-0.13794708, 0.18598174, -0.016178131), (5.3829956, 1.7123923, 3.7102334), (9.636995, 0.00017732382, -0.00036656857), (6.097715, 0.0000024214387, 0.0000055879354), (4.4111567, -0.000015180558, -0.00000782311), (5.7211637, 1.1468, 1.5390486), (10.785755, -0.99738467, 0.25647655), (7.4386396, -0.0000011175871, 0.0000059604645), (5.4258003, -0.000017136335, 0.0000011175871), (3.1097744, 2.0561156, -1.7124723), (6.2670536, 0.0000052154064, -0.0000063329935), (6.3881664, -3.7252903e-7, -0.0000018626451), (6.5956154, 0.0000067055225, 0.0000059604645), (8.784785, 5.376257, -0.7295355), (15.342742, -7.4505806e-7, -0.000008195639), (26.613564, 0.000008940697, -0.000014156103), (38.754524, 0.0000074505806, -0.00002682209), (19.657085, -3.2682552, -0.0000063329935), (11.3333235, -0.0000014901161, -0.0000034458935), (17.799742, -0.000011920929, -0.0000073574483), (17.799742, -0.000011920929, -0.0000073574483), (14.868546, 15.370952, 1.1920929e-7), (14.868546, 15.370952, -8.393713), (0, 0.000015258789, -0.000002861023), (14.868546, 15.37095, 8.393475), (0.000002861023, 0.000030517578, 9.536743e-7), (29.36511, 0.0000038146973, 0), (15.509322, 0.966914, -6.6177993), (-25.147945, 0.000010058284, 0.0001847744), (-38.754036, 0.00005904585, 0.00067204237), (-0.0000076293945, -0.0000019073486, -0.0000076293945), (-14.147988, 0.000013411045, -0.0005848706), (-26.665956, -0.000017881393, 0.000020861626), (-35.37094, -0.0000059604645, -0.00019669533), (-35.37094, -0.000008940697, -0.000166893), (-5.5092773, -1.2623258, 2.3405638), (-12.202065, 1.0621465, -0.16128011), (-7.265527, 0.000074505806, -0.000026449561), (-5.0580015, -0.00007264316, 0.000010058284), (-5.787452, -0.8736592, 0.41934532), (-11.738643, 1.1982106, -0.2640985), (-8.075535, -0.000048428774, 0), (-5.5840073, -7.4505806e-7, 0.0000052154064), (0.13791655, -0.18596649, 0.016174793), (-5.383385, -1.7126594, -3.7102547), (-9.637002, -0.0001758337, 0.0003617257), (-6.097732, -0.000016018748, -0.000040978193), (-4.4110785, -0.000083073974, -0.000030174851), (-5.7215815, -1.1471186, -1.5390718), (-10.785761, 0.9973161, -0.25649536), (-7.4386597, 0.000027567148, 0.0000059604645), (-5.425737, 0.0000029802322, -0.0000026077032), (-3.1101487, -2.0563838, 1.7124506), (-6.2671094, -0.000100629404, 0.00010728836), (-6.388156, -0.0000067055225, -0.000016391277), (-6.5956697, -0.000049173832, -0.00012367964), (-8.784599, -5.706299, 0.7670474), (-15.342112, 0.000037625432, 0.00057443976), (-26.613647, 0.000022351742, 0.00009536743), (-38.754036, 0.00006388873, 0.00066906214), (0.0000076293945, -42.941467, 2.3841858e-7), (-13.338825, -1.8266215, 21.149963), (34.92952, 0.0000059604645, -0.0000014901161), (25.87534, 0.0000033527613, -0.0000029802322), (5.7051563, 13.571257, -0.000011920929), (4.0527425, -0.000012665987, -7.4505806e-7), (-0.000007390976, 0.0000019073486, -0.0000038146973), (6.0134535, 6.590721, 0.25112343), (-0.0008659363, 0.00001001358, 0.0000076293945), (12.5828285, 0.041604042, 0.05173385), (19.229101, 0.041610003, 0.05173832), (25.875368, 0.04161503, 0.05173087), (4.5019784, -0.046026334, 0.10348819), (16.538715, -0.046022236, 0.103498995), (32.29454, -0.023019314, 0.05173944), (-13.338844, -1.8266178, -21.149958), (-34.92952, 0, -0.000011920929), (-25.8753, -0.0000059604645, 0.0000022351742), (-5.7051487, -13.571268, 0.0000037252903), (-4.0526967, -0.00002408051, 0.0000059604645), (0.000008106232, 0, -0.0000076293945), (-6.042926, -6.588908, -0.25344086), (0.0008640289, -0.00001001358, -0.0000076293945), (-12.582774, -0.04159808, -0.05173441), (-19.229027, -0.04159957, -0.05172789), (-25.875319, -0.041604042, -0.051727146), (-4.502027, 0.04602745, -0.10349024), (-16.538736, 0.046026707, -0.103491545), (-32.29453, 0.023019314, -0.051750243), (-0.000015258789, 31.619596, 29.164127), (0.00033569336, -47.09483, 28.91485), (-0.000015258789, 32.359444, -29.84651), (0.00035858154, -47.093678, -29.027739)],
                7: [(0, 1.7066455, 0), (-0.7843806, 80.48598, 4.686583), (1.951848, 0.0000011175871, 1.3969839e-7), (7.7848406, 0, 3.7252903e-7), (5.561235, 7.4505806e-7, 7.4505806e-7), (10.505809, 0.0000014901161, -5.5879354e-7), (15.5097065, 0.966917, 6.6177793), (25.14802, 0.0000064261258, 0.000048428774), (38.754513, -0.0000044703484, -0.000024959445), (0, 0, -0.000022888184), (14.14744, -0.0000032130629, 0.000008940697), (26.666092, -0.000001816079, 0), (35.370956, -0.000004004687, 0.0000029802322), (35.370956, -0.0000027008355, -0.000014901161), (5.5089164, 1.2620018, -2.3405776), (12.202096, -1.0622253, 0.16127825), (7.2654233, 0.000013783574, -0.000010803342), (5.0580683, 0.00001937151, 0.0000018626451), (5.787048, 0.87341404, -0.41937009), (11.73863, -1.1982448, 0.26410297), (8.075552, 0.00003054738, 0), (5.583972, 0.0000040978193, 7.4505806e-7), (-0.13794708, 0.18598174, -0.016178131), (5.382993, 1.7123822, 3.710232), (9.636986, 0.00017788261, -0.00035837293), (6.097711, -0.0000010244548, 0.000008568168), (4.411149, -0.00001238659, -0.000008940697), (5.7211604, 1.1467979, 1.5390522), (10.785746, -0.997387, 0.25648326), (7.438636, -3.7252903e-7, 0.0000026077032), (5.425803, -0.000016763806, 7.4505806e-7), (3.1097689, 2.0561144, -1.7124732), (6.2670455, 0.0000074505806, -0.0000022351742), (6.3881645, 0.0000030908268, -0.0000052154064), (6.59561, 0.0000067055225, 0.0000055879354), (8.784785, 5.376257, -0.7295355), (15.342744, -7.4505806e-7, -0.000006519258), (26.613558, -0.0000014901161, -0.00002477318), (38.754524, -0.0000029802322, -0.00003259629), (19.657078, -3.2682478, -7.4505806e-7), (11.333311, 0.0000029802322, 0.0000027474016), (17.799736, -0.0000059604645, 0.0000033527613), (17.799736, -0.0000059604645, 0.0000033527613), (14.868546, 15.370952, 1.1920929e-7), (14.868546, 15.370952, -8.393713), (0, 0.000015258789, -0.000002861023), (14.868546, 15.37095, 8.393475), (0.000002861023, 0.000030517578, 9.536743e-7), (29.36511, 0.0000038146973, 0), (15.509314, 0.966914, -6.6177897), (-25.147938, 0.000008381903, 0.00017751008), (-38.75402, 0.000036507845, 0.0006750226), (-0.0000076293945, -0.0000019073486, -0.0000076293945), (-14.147971, 0.000016391277, -0.00056922436), (-26.665926, -0.000016391277, 0.000056624413), (-35.370903, -0.000008940697, -0.00015497208), (-35.370903, -0.000016391277, -0.00014007092), (-5.5092697, -1.2623191, 2.3405657), (-12.20205, 1.0621529, -0.16127452), (-7.2655067, 0.00007674098, -0.000019744039), (-5.057988, -0.000075250864, 0.0000074505806), (-5.787444, -0.87365544, 0.41934624), (-11.738628, 1.1982157, -0.26408806), (-8.075519, -0.000046938658, 0.0000044703484), (-5.583994, 0, 7.4505806e-7), (0.13791655, -0.18596649, 0.016174793), (-5.3833766, -1.7126567, -3.7102468), (-9.6369915, -0.00017434359, 0.0003669411), (-6.0977206, -0.000012293458, -0.000039488077), (-4.4110723, -0.000083073974, -0.000031664968), (-5.721573, -1.1471163, -1.5390705), (-10.785743, 0.99731755, -0.2564866), (-7.438632, 0.000032782555, 0.000011920929), (-5.4257193, 0.0000022351742, -0.0000048428774), (-3.1101458, -2.0563815, 1.7124501), (-6.2671003, -0.000095088035, 0.00010803342), (-6.388139, -0.000010291114, -0.000012665987), (-6.5956516, -0.000053085387, -0.000120699406), (-8.784599, -5.706299, 0.7670474), (-15.3421, 0.000032782555, 0.0005811453), (-26.613638, 0.000008568168, 0.00009983778), (-38.75402, 0.00004172325, 0.0006735325), (0.0000076293945, -42.941467, 2.3841858e-7), (-13.33882, -1.8266231, 21.149958), (34.92953, 0.000008940697, -0.000013783574), (25.875357, 0.0000059604645, -0.0000059604645), (5.705166, 13.571283, -0.0000067055225), (4.0527453, -0.000011175871, -0.0000014901161), (-0.000007390976, 0.0000019073486, -0.0000038146973), (6.0134535, 6.590721, 0.25112343), (-0.0008659363, 0.00001001358, 0.0000076293945), (12.582838, 0.041607767, 0.05173236), (19.229118, 0.041613728, 0.05173534), (25.875383, 0.04162118, 0.05173087), (4.5019803, -0.04602596, 0.103486374), (16.538721, -0.046022236, 0.10349332), (32.29455, -0.023013353, 0.051732548), (-13.338844, -1.8266195, -21.149952), (-34.92952, 0.0000029802322, -0.000008940697), (-25.875315, 0, 0.000012665987), (-5.7051477, -13.571271, 7.4505806e-7), (-4.0526996, -0.000023926259, 0.0000048428774), (0.000008106232, 0, -0.0000076293945), (-6.042926, -6.588908, -0.25344086), (0.0008640289, -0.00001001358, -0.0000076293945), (-12.582784, -0.04159659, -0.05172845), (-19.229038, -0.04159957, -0.05172044), (-25.87533, -0.04159808, -0.051714107), (-4.5020247, 0.04602708, -0.103489496), (-16.538738, 0.046026707, -0.10349117), (-32.294525, 0.023016334, -0.051753223), (-0.000015258789, 31.619596, 29.164127), (0.00033569336, -47.09483, 28.91485), (-0.000015258789, 32.359444, -29.84651), (0.00035858154, -47.093678, -29.027739)],
                8: [(0, 1.7066455, 0), (-0.2900117, 84.32935, 5.8199053), (1.9518491, 9.313226e-7, 2.3283064e-7), (7.7848463, -0.0000022351742, -9.313226e-7), (5.5612397, -0.0000011175871, -6.519258e-7), (10.505806, 0, -0.0000020489097), (15.509706, 0.9669155, 6.617779), (25.148022, 0.0000026077032, 0.000051409006), (38.754517, -0.0000029802322, -0.000020116568), (0, 0, -0.000022888184), (14.147441, -0.0000012340024, 0.000009685755), (26.6661, 0.0000055879354, -0.0000014901161), (35.370968, 1.8626451e-7, 0.0000029802322), (35.37097, 0.0000023283064, -0.000014901161), (5.5089207, 1.2620026, -2.340577), (12.2021, -1.0622227, 0.16126856), (7.265429, 0.000016018748, -0.000011455268), (5.0580797, 0.000015553087, 0.0000018626451), (5.787051, 0.8734122, -0.41937232), (11.738636, -1.1982368, 0.26409477), (8.07556, 0.000031664968, -0.0000016763806), (5.583983, -0.000001245644, 0.0000014901161), (-0.13794708, 0.18598174, -0.016178131), (5.382995, 1.7123901, 3.710232), (9.63699, 0.00018030405, -0.00035986304), (6.0977154, 0.0000014901161, 0.0000070780516), (4.411152, -0.000014342368, -0.000010058284), (5.721163, 1.1468008, 1.5390513), (10.78575, -0.99738723, 0.25648177), (7.43864, 7.4505806e-7, 0.0000026077032), (5.425803, -0.000019464642, 3.7252903e-7), (3.109772, 2.0561123, -1.712472), (6.267051, 0.000007310882, -0.0000040978193), (6.388162, -0.0000014901161, -0.0000026077032), (6.5956144, 0.000008195639, 0.0000052154064), (8.784785, 5.376257, -0.7295355), (15.342741, -0.0000052154064, -0.00000782311), (26.613558, 0.0000014901161, -0.000022351742), (38.75452, -0.0000044703484, -0.000036507845), (19.657082, -3.2682524, -0.0000052154064), (11.333317, 0.0000022351742, 8.731149e-7), (17.799736, -0.0000074505806, 0.0000017695129), (17.799736, -0.0000074505806, 0.0000017695129), (14.868546, 15.370952, 1.1920929e-7), (14.868546, 15.370952, -8.393713), (0, 0.000015258789, -0.000002861023), (14.868546, 15.37095, 8.393475), (0.000002861023, 0.000030517578, 9.536743e-7), (29.36511, 0.0000038146973, 0), (15.509319, 0.9669125, -6.617795), (-25.147942, 0.000008940697, 0.00017955899), (-38.754036, 0.000043213367, 0.0006593764), (-0.0000076293945, -0.0000019073486, -0.0000076293945), (-14.147985, 0.000013411045, -0.0005811453), (-26.665956, -0.00001899898, 0.000029802322), (-35.370934, -0.000011920929, -0.00018179417), (-35.370937, -0.000017881393, -0.00016391277), (-5.5092745, -1.2623255, 2.3405643), (-12.202064, 1.0621499, -0.16127378), (-7.2655187, 0.000078976154, -0.000020861626), (-5.057999, -0.00007605413, 0.000013411045), (-5.7874513, -0.8736601, 0.41934773), (-11.738641, 1.1982061, -0.26409552), (-8.075534, -0.00004544854, 0.0000014901161), (-5.584004, 0.000003632158, 0.0000022351742), (0.13791655, -0.18596649, 0.016174793), (-5.3833804, -1.7126557, -3.7102532), (-9.636997, -0.00017806888, 0.00036656857), (-6.0977316, -0.000017881393, -0.00004172325), (-4.411076, -0.00008158386, -0.000030174851), (-5.7215786, -1.1471163, -1.5390713), (-10.785752, 0.99731684, -0.2564907), (-7.4386435, 0.000026449561, 0.000009685755), (-5.425723, 0.0000028871, -0.0000040978193), (-3.110148, -2.0563822, 1.7124504), (-6.2671065, -0.00009573996, 0.00010877848), (-6.3881464, -0.000009872019, -0.00001564622), (-6.595657, -0.00005236361, -0.00012218952), (-8.784599, -5.706299, 0.7670474), (-15.342106, 0.000033527613, 0.00057294965), (-26.613653, 0.000011920929, 0.00008717179), (-38.75403, 0.000050663948, 0.0006698072), (0.0000076293945, -42.941467, 2.3841858e-7), (-13.338823, -1.8266187, 21.149961), (34.92953, 0.0000029802322, -0.000008195639), (25.875341, 0.0000052154064, -0.000008940697), (5.7051635, 13.57127, -0.0000074505806), (4.0527425, -0.000013411045, 7.4505806e-7), (-0.000007390976, 0.0000019073486, -0.0000038146973), (6.0134535, 6.590721, 0.25112343), (-0.0008659363, 0.00001001358, 0.0000076293945), (12.582831, 0.04160367, 0.05173385), (19.229103, 0.041610748, 0.05173683), (25.875372, 0.041617453, 0.05173385), (4.501983, -0.04602447, 0.103487164), (16.538721, -0.046020746, 0.10349415), (32.294548, -0.023016334, 0.051737577), (-13.338849, -1.8266184, -21.149954), (-34.92953, 0.0000029802322, -0.0000013969839), (-25.875303, -0.0000029802322, 0.0000059604645), (-5.7051487, -13.571271, 0.0000016763806), (-4.0526996, -0.00002378365, 0.0000055879354), (0.000008106232, 0, -0.0000076293945), (-6.042926, -6.588908, -0.25344086), (0.0008640289, -0.00001001358, -0.0000076293945), (-12.582776, -0.04159659, -0.05173087), (-19.22903, -0.04159957, -0.05172491), (-25.875319, -0.04160106, -0.05172193), (-4.5020285, 0.04602857, -0.10348947), (-16.538742, 0.046029687, -0.103486724), (-32.294537, 0.023019314, -0.05174243), (-0.000015258789, 31.619596, 29.164127), (0.00033569336, -47.09483, 28.91485), (-0.000015258789, 32.359444, -29.84651), (0.00035858154, -47.093678, -29.027739)],
                9: [(0, 1.7066455, 0), (0.1494249, 70.72799, 6.5558896), (1.951848, 5.5879354e-7, 1.8626451e-7), (7.784842, -7.4505806e-7, 3.7252903e-7), (5.5612364, -3.7252903e-7, -1.8626451e-7), (10.505808, 0, -0.0000014901161), (15.509709, 0.9669155, 6.6177807), (25.148022, 0.0000067055225, 0.000040978193), (38.75451, -0.0000029802322, -0.00003874302), (0, 0, -0.000022888184), (14.147436, -0.0000031664968, 0.0000022351742), (26.6661, -0.000006519258, 0), (35.37096, -0.000007636845, -0.0000029802322), (35.370968, -0.000003911555, -0.000014901161), (5.508916, 1.2619985, -2.3405724), (12.20209, -1.0622296, 0.16127676), (7.2654166, 0.000012665987, -0.000011455268), (5.058066, 0.000014959369, 0.0000040978193), (5.787047, 0.87340736, -0.41936934), (11.738634, -1.198243, 0.26410148), (8.075551, 0.00003129244, -0.0000013038516), (5.583972, 0.0000010244548, 3.7252903e-7), (-0.13794708, 0.18598174, -0.016178131), (5.382993, 1.7123826, 3.7102304), (9.636983, 0.00017359853, -0.00035613775), (6.097706, -0.0000037252903, 0.000010430813), (4.4111443, -0.000013038516, -0.000008568168), (5.721161, 1.1467919, 1.5390534), (10.785742, -0.997391, 0.2564855), (7.43863, -0.0000048428774, 0.0000063329935), (5.4257975, -0.00001564622, -0.0000014901161), (3.1097689, 2.0561144, -1.7124698), (6.267038, 0.000004284084, 0.0000014901161), (6.3881516, -0.0000018626451, 0.0000026077032), (6.5956035, 0.0000059604645, 0.000011222437), (8.784785, 5.376257, -0.7295355), (15.342739, -0.0000022351742, -0.0000115484), (26.613552, 0.0000014901161, -0.000029057264), (38.75451, 0, -0.00004172325), (19.657072, -3.2682478, -0.0000014901161), (11.333312, 0.0000052154064, 0.0000032130629), (17.799728, -0.0000029802322, 0.000005029142), (17.799728, -0.0000029802322, 0.000005029142), (14.868546, 15.370952, 1.1920929e-7), (14.868546, 15.370952, -8.393713), (0, 0.000015258789, -0.000002861023), (14.868546, 15.37095, 8.393475), (0.000002861023, 0.000030517578, 9.536743e-7), (29.36511, 0.0000038146973, 0), (15.509311, 0.9669125, -6.6177874), (-25.147942, 0.000011920929, 0.00018440187), (-38.754025, 0.00003874302, 0.00067315996), (-0.0000076293945, -0.0000019073486, -0.0000076293945), (-14.14797, 0.00001359731, -0.00056922436), (-26.665926, -0.000014528632, 0.000056624413), (-35.370903, -0.0000052154064, -0.00015795231), (-35.3709, -0.000010058284, -0.00013113022), (-5.509268, -1.2623188, 2.3405693), (-12.202055, 1.062152, -0.16127229), (-7.265515, 0.00007618219, -0.000024586916), (-5.057994, -0.000073201954, 0.000011175871), (-5.787441, -0.87365806, 0.4193455), (-11.738629, 1.198214, -0.2640918), (-8.075518, -0.00004414469, 0.0000044703484), (-5.5839934, -0.0000011175871, 0.0000033527613), (0.13791655, -0.18596649, 0.016174793), (-5.383378, -1.7126534, -3.7102487), (-9.636991, -0.00017434359, 0.00036656857), (-6.0977225, -0.000013015233, -0.000036135316), (-4.411068, -0.00008230563, -0.000028684735), (-5.721572, -1.1471173, -1.5390687), (-10.785745, 0.9973183, -0.25648773), (-7.438628, 0.000031664968, 0.000014901161), (-5.425716, -0.000001816079, -0.0000037252903), (-3.110145, -2.0563815, 1.7124463), (-6.2670956, -0.00009611249, 0.00010877848), (-6.388145, -0.000010430813, -0.000014901161), (-6.5956607, -0.000051036477, -0.00012293458), (-8.784599, -5.706299, 0.7670474), (-15.342101, 0.000033527613, 0.0005785376), (-26.61364, 0.000011920929, 0.00010281801), (-38.75402, 0.000047683716, 0.0006798655), (0.0000076293945, -42.941467, 2.3841858e-7), (-13.3388195, -1.8266201, 21.149952), (34.92951, -0.0000029802322, 0.0000037252903), (25.875341, 0.0000029802322, -0.0000074505806), (5.7051616, 13.57127, -0.0000074505806), (4.052745, -0.000011920929, -3.7252903e-7), (-0.000007390976, 0.0000019073486, -0.0000038146973), (6.0134535, 6.590721, 0.25112343), (-0.0008659363, 0.00001001358, 0.0000076293945), (12.582831, 0.041604042, 0.05173236), (19.229105, 0.041610003, 0.05173683), (25.875372, 0.041615963, 0.05173087), (4.5019794, -0.04602596, 0.1034881), (16.538712, -0.046025217, 0.1035016), (32.294533, -0.023019314, 0.051746517), (-13.338846, -1.8266225, -21.149952), (-34.929504, -0.0000059604645, -0.0000230968), (-25.875282, -0.000008940697, -0.000011920929), (-5.7051435, -13.571273, 0.0000018626451), (-4.052695, -0.000025238842, 0.0000052154064), (0.000008106232, 0, -0.0000076293945), (-6.042926, -6.588908, -0.25344086), (0.0008640289, -0.00001001358, -0.0000076293945), (-12.5827675, -0.04160106, -0.051741302), (-19.229013, -0.041605532, -0.051739067), (-25.8753, -0.041610003, -0.051740557), (-4.5020213, 0.046024844, -0.10349047), (-16.53873, 0.046022236, -0.103496574), (-32.29451, 0.023010373, -0.05176328), (-0.000015258789, 31.619596, 29.164127), (0.00033569336, -47.09483, 28.91485), (-0.000015258789, 32.359444, -29.84651), (0.00035858154, -47.093678, -29.027739)],
                10: [(0, 1.7066455, 0), (0.5070661, 72.390686, 6.3340673), (1.9518487, 7.4505806e-7, 4.656613e-8), (7.7848463, -0.0000014901161, -0.0000013038516), (5.5612316, 3.7252903e-7, -0.0000010244548), (10.505812, -0.0000022351742, -0.0000033527613), (15.509704, 0.9669125, 6.617779), (25.148022, 0.0000029802322, 0.000052154064), (38.754524, -0.0000059604645, -0.000013411045), (0, 0, -0.000022888184), (14.14744, -0.0000010244548, 0.0000014901161), (26.6661, -0.0000028871, 0.0000044703484), (35.370968, -0.0000020489097, 0.0000014901161), (35.37097, -0.000003911555, -0.000017881393), (5.508918, 1.2619972, -2.3405745), (12.202093, -1.0622289, 0.16127452), (7.265427, 0.00001564622, -0.000011920929), (5.0580754, 0.000013085082, 0.0000040978193), (5.78705, 0.87341034, -0.41937009), (11.738629, -1.198243, 0.2641), (8.075542, 0.000024959445, 1.8626451e-7), (5.5839753, -0.0000024214387, 0.0000018626451), (-0.13794708, 0.18598174, -0.016178131), (5.3829923, 1.7123848, 3.71023), (9.636988, 0.00017881393, -0.00035911798), (6.097714, 0.0000044703484, 0.0000044703484), (4.4111495, -0.000013411045, -0.000008568168), (5.7211614, 1.146796, 1.5390522), (10.785742, -0.99739283, 0.2564855), (7.4386253, -0.0000063329935, 0.0000070780516), (5.4257927, -0.000012293458, -0.0000014901161), (3.1097705, 2.0561104, -1.7124705), (6.267044, 0.000006891787, -0.0000018626451), (6.388156, 0, -0.0000026077032), (6.595604, 0.0000067055225, 0.000012200326), (8.784785, 5.376257, -0.7295355), (15.342742, -0.0000029802322, -0.0000074505806), (26.61356, 0, -0.000018626451), (38.754524, 0, -0.000029802322), (19.65709, -3.2682567, -0.0000048428774), (11.333321, 0, -0.0000027474016), (17.799734, -0.000008940697, -0.0000034458935), (17.799734, -0.000008940697, -0.0000034458935), (14.868546, 15.370952, 1.1920929e-7), (14.868546, 15.370952, -8.393713), (0, 0.000015258789, -0.000002861023), (14.868546, 15.37095, 8.393475), (0.000002861023, 0.000030517578, 9.536743e-7), (29.36511, 0.0000038146973, 0), (15.509316, 0.9669125, -6.6177993), (-25.147942, 0.000009313226, 0.00018365681), (-38.754036, 0.00004172325, 0.0006619841), (-0.0000076293945, -0.0000019073486, -0.0000076293945), (-14.147979, 0.00001527369, -0.00057667494), (-26.665937, -0.000014901161, 0.000044703484), (-35.37091, -0.000008940697, -0.000166893), (-35.370914, -0.000014156103, -0.00014603138), (-5.5092726, -1.2623248, 2.3405657), (-12.202056, 1.062152, -0.16127229), (-7.2655134, 0.000075553544, -0.00001937151), (-5.0579906, -0.000072829425, 0.00001564622), (-5.7874484, -0.8736586, 0.41934922), (-11.738639, 1.1982073, -0.26409477), (-8.075535, -0.000049790833, 7.4505806e-7), (-5.584003, 0.0000026077032, 0.0000055879354), (0.13791655, -0.18596649, 0.016174793), (-5.383383, -1.7126544, -3.7102506), (-9.636993, -0.00017676502, 0.00036358833), (-6.0977216, -0.000012945384, -0.000036135316), (-4.41107, -0.00008458737, -0.000032410026), (-5.7215724, -1.1471198, -1.5390694), (-10.785752, 0.9973149, -0.2564907), (-7.438641, 0.00003031455, 0.000009313226), (-5.425724, 0.000001816079, 7.4505806e-7), (-3.1101465, -2.056383, 1.7124478), (-6.267105, -0.00009685755, 0.00010877848), (-6.388149, -0.000010058284, -0.00001564622), (-6.59566, -0.000054202974, -0.000120699406), (-8.784599, -5.706299, 0.7670474), (-15.342109, 0.000032037497, 0.00057322904), (-26.61365, 0.0000059604645, 0.00009033829), (-38.754032, 0.000047683716, 0.00066682696), (0.0000076293945, -42.941467, 2.3841858e-7), (-13.338823, -1.8266201, 21.149958), (34.929527, 0.0000059604645, -0.000011175871), (25.875355, 0.000008940697, -0.000011920929), (5.7051644, 13.571273, -0.000008940697), (4.052745, -0.000011175871, 0), (-0.000007390976, 0.0000019073486, -0.0000038146973), (6.0134535, 6.590721, 0.25112343), (-0.0008659363, 0.00001001358, 0.0000076293945), (12.582837, 0.041606277, 0.051730126), (19.229115, 0.041615963, 0.05173385), (25.875378, 0.041621923, 0.05172938), (4.5019813, -0.046024844, 0.10348626), (16.53872, -0.046022236, 0.10349308), (32.29455, -0.023013353, 0.05173683), (-13.338847, -1.8266201, -21.149952), (-34.92952, 0, -0.000012665987), (-25.875292, -0.000008940697, -0.0000044703484), (-5.7051435, -13.571271, 0.0000011175871), (-4.052695, -0.000026449561, 0.0000031664968), (0.000008106232, 0, -0.0000076293945), (-6.042926, -6.588908, -0.25344086), (0.0008640289, -0.00001001358, -0.0000076293945), (-12.582771, -0.04160106, -0.051737204), (-19.229021, -0.041604042, -0.05173236), (-25.875305, -0.041607022, -0.051736087), (-4.502026, 0.046028197, -0.10348959), (-16.538738, 0.046026707, -0.10349043), (-32.294525, 0.023013353, -0.051751733), (-0.000015258789, 31.619596, 29.164127), (0.00033569336, -47.09483, 28.91485), (-0.000015258789, 32.359444, -29.84651), (0.00035858154, -47.093678, -29.027739)],
                11: [(0, 1.7066455, 0), (0.70277965, 71.383705, 5.845524), (1.9518484, 7.4505806e-7, 1.3969839e-7), (7.784841, 0, -1.8626451e-7), (5.5612373, -0.0000011175871, -8.381903e-7), (10.505809, 0, -0.0000011175871), (15.509699, 0.96691996, 6.617779), (25.148022, 0.0000044703484, 0.000044703484), (38.75451, -0.0000014901161, -0.00003427267), (0, 0, -0.000022888184), (14.147441, -0.000004656613, 0.0000074505806), (26.6661, -0.000003911555, -0.0000014901161), (35.370964, -0.000006146729, 0), (35.370964, -0.000004284084, -0.00001937151), (5.508916, 1.2620008, -2.3405757), (12.202094, -1.0622244, 0.16127229), (7.265426, 0.00001527369, -0.0000121071935), (5.058075, 0.00001862063, 0.0000029802322), (5.787046, 0.8734122, -0.41937417), (11.738631, -1.1982392, 0.26409775), (8.075555, 0.000032782555, -0.0000029802322), (5.583981, -3.7252903e-7, 0.0000018626451), (-0.13794708, 0.18598174, -0.016178131), (5.382995, 1.7123855, 3.7102327), (9.636988, 0.0001758337, -0.00035986304), (6.0977144, 0.0000035390258, 0.0000052154064), (4.411156, -0.000017508864, -0.0000067055225), (5.721161, 1.1467944, 1.5390518), (10.785747, -0.9973936, 0.25648624), (7.438625, -0.0000014901161, 0.0000040978193), (5.425796, -0.000014156103, -0.0000022351742), (3.1097724, 2.056114, -1.712469), (6.267048, 0.000009103678, -0.0000044703484), (6.3881593, 0, -0.0000044703484), (6.5956106, 0.000008195639, 0.000005448237), (8.784785, 5.376257, -0.7295355), (15.342744, 7.4505806e-7, -0.0000052154064), (26.613554, 0.0000014901161, -0.000023841858), (38.754513, 0.0000044703484, -0.000037252903), (19.65707, -3.2682478, 5.5879354e-7), (11.333318, 0.0000014901161, 0.0000020489097), (17.799736, -0.0000059604645, 0.0000022351742), (17.799736, -0.0000059604645, 0.0000022351742), (14.868546, 15.370952, 1.1920929e-7), (14.868546, 15.370952, -8.393713), (0, 0.000015258789, -0.000002861023), (14.868546, 15.37095, 8.393475), (0.000002861023, 0.000030517578, 9.536743e-7), (29.36511, 0.0000038146973, 0), (15.509311, 0.966914, -6.6177883), (-25.147942, 0.000011920929, 0.00018700957), (-38.75402, 0.00003874302, 0.00067204237), (-0.0000076293945, -0.0000019073486, -0.0000076293945), (-14.147968, 0.000013783574, -0.00056922436), (-26.66592, -0.00001564622, 0.000055134296), (-35.3709, -0.0000074505806, -0.00015497208), (-35.3709, -0.0000044703484, -0.00013113022), (-5.5092707, -1.2623197, 2.3405664), (-12.202046, 1.0621567, -0.16127378), (-7.2655067, 0.00007422641, -0.00002249144), (-5.057991, -0.000079441816, 0.0000070780516), (-5.787443, -0.8736554, 0.41934997), (-11.738632, 1.1982166, -0.26408732), (-8.0755205, -0.000043399632, 0.0000013969839), (-5.583997, 5.5879354e-7, 0.0000037252903), (0.13791655, -0.18596649, 0.016174793), (-5.3833737, -1.7126538, -3.7102468), (-9.63699, -0.00017327257, 0.00037029386), (-6.097718, -0.000014342368, -0.000035297126), (-4.411068, -0.000086950604, -0.000032037497), (-5.721569, -1.1471173, -1.5390687), (-10.785746, 0.9973172, -0.25648773), (-7.438637, 0.000035203993, 0.00001527369), (-5.425718, -6.053597e-7, -0.0000059604645), (-3.1101453, -2.0563793, 1.7124468), (-6.2670984, -0.000089779496, 0.0001065433), (-6.388137, -0.0000014901161, -0.000014528632), (-6.5956535, -0.000051036477, -0.00012293458), (-8.784599, -5.706299, 0.7670474), (-15.3421, 0.000032782555, 0.0005800277), (-26.61364, 0.000008940697, 0.00010114163), (-38.754017, 0.000044703484, 0.0006772578), (0.0000076293945, -42.941467, 2.3841858e-7), (-13.338825, -1.8266201, 21.149958), (34.929512, 0, 7.4505806e-7), (25.875345, 0.0000029802322, -0.000009313226), (5.7051635, 13.571271, -0.0000074505806), (4.0527434, -0.0000115484, -1.8626451e-7), (-0.000007390976, 0.0000019073486, -0.0000038146973), (6.0134535, 6.590721, 0.25112343), (-0.0008659363, 0.00001001358, 0.0000076293945), (12.582834, 0.041605532, 0.051730126), (19.229109, 0.041611493, 0.051734224), (25.875372, 0.041618943, 0.051727146), (4.501979, -0.04602596, 0.10348745), (16.538717, -0.046023726, 0.103500485), (32.294537, -0.023019314, 0.051747262), (-13.338847, -1.8266195, -21.149954), (-34.929527, 0.0000029802322, -0.0000052154064), (-25.8753, -0.0000029802322, 0.0000059604645), (-5.705146, -13.571273, -7.4505806e-7), (-4.0527, -0.000024586916, 0.0000056345016), (0.000008106232, 0, -0.0000076293945), (-6.042926, -6.588908, -0.25344086), (0.0008640289, -0.00001001358, -0.0000076293945), (-12.582776, -0.041597337, -0.051731616), (-19.229027, -0.04160106, -0.051725656), (-25.87532, -0.041607022, -0.05172491), (-4.502025, 0.04602745, -0.10348824), (-16.538742, 0.046029687, -0.10348726), (-32.29453, 0.023019314, -0.051746145), (-0.000015258789, 31.619596, 29.164127), (0.00033569336, -47.09483, 28.91485), (-0.000015258789, 32.359444, -29.84651), (0.00035858154, -47.093678, -29.027739)],
                12: [(0, 1.7066455, 0), (0.75386834, 71.39887, 5.1074133), (1.9518502, 3.7252903e-7, 2.3283064e-7), (7.7848444, -0.0000014901161, -0.0000016763806), (5.5612364, 0, -0.0000012107193), (10.50581, -7.4505806e-7, -0.0000022351742), (15.509708, 0.966914, 6.6177816), (25.148026, -7.4505806e-7, 0.000043958426), (38.754528, -0.000014901161, -0.0000074505806), (0, 0, -0.000022888184), (14.147449, 0.0000026077032, 0.0000052154064), (26.666113, 0.000007543713, 0.0000014901161), (35.370983, 0.000009126961, 0.0000029802322), (35.370983, 0.000010244548, -0.000010430813), (5.5089226, 1.2620077, -2.3405828), (12.202101, -1.0622177, 0.1612708), (7.265429, 0.000017508864, -0.000014528632), (5.0580797, 0.000016723061, 0.0000033527613), (5.787054, 0.8734155, -0.41937456), (11.738639, -1.1982362, 0.26409552), (8.0755625, 0.00003390014, -0.0000022351742), (5.583985, -1.8626451e-7, 7.4505806e-7), (-0.13794708, 0.18598174, -0.016178131), (5.383002, 1.7123934, 3.7102401), (9.636992, 0.00018142164, -0.00036209822), (6.0977173, 4.656613e-7, 0.0000070780516), (4.41116, -0.000017508864, -0.00000782311), (5.7211623, 1.1468042, 1.5390505), (10.785751, -0.9973798, 0.25648177), (7.43864, 0.0000022351742, 0.0000029802322), (5.4258027, -0.000018626451, 0.0000033527613), (3.1097753, 2.0561173, -1.7124746), (6.267052, 0.000006891787, -0.000008940697), (6.388169, 0.0000040978193, -0.000010803342), (6.5956173, 0.000010430813, 0), (8.784785, 5.376257, -0.7295355), (15.342745, -0.0000067055225, -0.0000059604645), (26.613565, -0.0000044703484, -0.000010430813), (38.754536, -0.000011920929, -0.000022351742), (19.657084, -3.2682552, -0.0000037252903), (11.333319, 0, -8.381903e-7), (17.799738, -0.000008940697, -5.5879354e-7), (17.799738, -0.000008940697, -5.5879354e-7), (14.868546, 15.370952, 1.1920929e-7), (14.868546, 15.370952, -8.393713), (0, 0.000015258789, -0.000002861023), (14.868546, 15.37095, 8.393475), (0.000002861023, 0.000030517578, 9.536743e-7), (29.36511, 0.0000038146973, 0), (15.509308, 0.966917, -6.6177964), (-25.147942, 0.0000055879354, 0.00018030405), (-38.754044, 0.000040233135, 0.000661239), (-0.0000076293945, -0.0000019073486, -0.0000076293945), (-14.147991, 0.000011175871, -0.0005841255), (-26.665964, -0.00001564622, 0.000028312206), (-35.370953, -0.000014901161, -0.00019669533), (-35.370945, -0.000021606684, -0.00016987324), (-5.509279, -1.262331, 2.3405678), (-12.202062, 1.0621421, -0.16128272), (-7.265524, 0.000073201954, -0.000021327287), (-5.057998, -0.000074040145, 0.0000115484), (-5.7874537, -0.873664, 0.41934922), (-11.738646, 1.1982064, -0.26409924), (-8.075538, -0.000047311187, 0.000006542541), (-5.5840073, 0.0000017695129, 0.0000014901161), (0.13791655, -0.18596649, 0.016174793), (-5.383391, -1.7126583, -3.7102573), (-9.637005, -0.00018021092, 0.00035986304), (-6.0977297, -0.000014156103, -0.000036507845), (-4.41107, -0.00008225907, -0.000030174851), (-5.721581, -1.1471215, -1.5390724), (-10.785762, 0.9973072, -0.25649518), (-7.4386587, 0.00003222376, 0.0000124797225), (-5.425731, 0.0000071246177, -7.4505806e-7), (-3.1101487, -2.0563874, 1.712451), (-6.2671094, -0.00009909272, 0.00010840595), (-6.3881555, -0.00001527369, -0.00001527369), (-6.595671, -0.000058487058, -0.000120699406), (-8.784599, -5.706299, 0.7670474), (-15.342109, 0.000032782555, 0.00057145953), (-26.613653, 0.000013411045, 0.00009164214), (-38.75404, 0.000049173832, 0.00066384673), (0.0000076293945, -42.941467, 2.3841858e-7), (-13.33882, -1.8266215, 21.14996), (34.929512, 0.0000029802322, 0), (25.875341, 0.0000029802322, -0.000008195639), (5.7051616, 13.571271, -0.0000059604645), (4.052744, -0.000010803342, 3.7252903e-7), (-0.000007390976, 0.0000019073486, -0.0000038146973), (6.0134535, 6.590721, 0.25112343), (-0.0008659363, 0.00001001358, 0.0000076293945), (12.582831, 0.041604042, 0.051731616), (19.229109, 0.041611493, 0.051737204), (25.875368, 0.041615963, 0.05173087), (4.501977, -0.046026334, 0.103487074), (16.538715, -0.046023726, 0.10350086), (32.294537, -0.023019314, 0.051748753), (-13.338846, -1.8266201, -21.149954), (-34.92952, 0, -0.000009685755), (-25.875309, -0.0000037252903, 0.000008940697), (-5.7051463, -13.57127, -7.4505806e-7), (-4.0526953, -0.000025331974, 0.0000033949618), (0.000008106232, 0, -0.0000076293945), (-6.042926, -6.588908, -0.25344086), (0.0008640289, -0.00001001358, -0.0000076293945), (-12.582779, -0.04159771, -0.051730126), (-19.229034, -0.04160106, -0.05172342), (-25.875326, -0.041602552, -0.05171746), (-4.5020285, 0.046028197, -0.10348931), (-16.538738, 0.046026707, -0.10349061), (-32.29453, 0.023019314, -0.051750243), (-0.000015258789, 31.619596, 29.164127), (0.00033569336, -47.09483, 28.91485), (-0.000015258789, 32.359444, -29.84651), (0.00035858154, -47.093678, -29.027739)],
                13: [(0, 1.7066455, 0), (0.6640517, 72.35652, 4.0370946), (1.9518522, 3.7252903e-7, 1.8626451e-7), (7.7848444, -0.0000014901161, -0.0000013038516), (5.561235, -7.4505806e-7, -9.313226e-7), (10.505808, 7.4505806e-7, -9.313226e-7), (15.509708, 0.9669155, 6.61778), (25.148022, 0.0000048428774, 0.000046938658), (38.754517, -0.0000059604645, -0.000020861626), (0, 0, -0.000022888184), (14.147443, -2.2700988e-7, 0.0000074505806), (26.666101, 0.0000019441359, 0.0000029802322), (35.37097, 5.2386895e-7, 0.0000059604645), (35.37097, 0.0000041211024, -0.000016391277), (5.508921, 1.2619997, -2.3405762), (12.202099, -1.0622224, 0.16127527), (7.2654285, 0.00001527369, -0.000013411045), (5.0580783, 0.000016239937, 0.0000022351742), (5.78705, 0.87341356, -0.41937307), (11.738638, -1.1982355, 0.2640985), (8.0755625, 0.000032410026, 0), (5.58398, -0.0000022351742, 0.0000022351742), (-0.13794708, 0.18598174, -0.016178131), (5.382995, 1.7123878, 3.710233), (9.63699, 0.00018067658, -0.00036284328), (6.0977163, 0.0000011728844, 0.0000059604645), (4.411157, -0.000016018748, -0.0000086613), (5.721163, 1.1467997, 1.5390538), (10.7857485, -0.9973861, 0.25648177), (7.4386344, 1.8626451e-7, 0.0000022351742), (5.4257994, -0.000013969839, -0.0000011175871), (3.1097736, 2.0561159, -1.7124702), (6.2670484, 0.000007264316, -0.0000044703484), (6.3881598, -6.9849193e-7, -0.0000044703484), (6.595613, 0.000008940697, 0.0000070780516), (8.784785, 5.376257, -0.7295355), (15.342745, -0.0000044703484, -3.7252903e-7), (26.613558, -0.0000029802322, -0.000021606684), (38.754524, -0.0000059604645, -0.000025331974), (19.657072, -3.2682478, 0), (11.333316, 0.0000014901161, 0.000002514571), (17.799736, -0.0000059604645, 0.0000020489097), (17.799736, -0.0000059604645, 0.0000020489097), (14.868546, 15.370952, 1.1920929e-7), (14.868546, 15.370952, -8.393713), (0, 0.000015258789, -0.000002861023), (14.868546, 15.37095, 8.393475), (0.000002861023, 0.000030517578, 9.536743e-7), (29.36511, 0.0000038146973, 0), (15.509312, 0.966914, -6.6177897), (-25.147942, 0.00000782311, 0.00018142164), (-38.754036, 0.000040233135, 0.0006623566), (-0.0000076293945, -0.0000019073486, -0.0000076293945), (-14.147986, 0.000013969839, -0.00057965517), (-26.665956, -0.000014156103, 0.000035762787), (-35.37094, -0.0000115484, -0.00018179417), (-35.370934, -0.000018253922, -0.00015795231), (-5.509277, -1.2623287, 2.3405704), (-12.202068, 1.0621455, -0.16127378), (-7.26552, 0.000072829425, -0.000023189932), (-5.057993, -0.0000723172, 0.000016018748), (-5.7874527, -0.8736627, 0.4193455), (-11.738644, 1.1982056, -0.26409924), (-8.07554, -0.000044330955, 0.000003911555), (-5.584005, 0.0000020721927, 0.0000037252903), (0.13791655, -0.18596649, 0.016174793), (-5.3833857, -1.7126586, -3.7102535), (-9.637006, -0.00017965212, 0.00036284328), (-6.097734, -0.00001564622, -0.0000402797), (-4.411079, -0.00008349307, -0.00003129244), (-5.7215834, -1.1471218, -1.5390708), (-10.785762, 0.9973086, -0.25649518), (-7.438657, 0.000026449561, 0.000009906944), (-5.4257283, 0.0000052619725, 7.4505806e-7), (-3.1101491, -2.0563867, 1.7124511), (-6.267104, -0.00010244548, 0.00010617077), (-6.3881545, -0.000012293458, -0.000014901161), (-6.5956674, -0.00005941838, -0.00011995435), (-8.784599, -5.706299, 0.7670474), (-15.342104, 0.000032037497, 0.0005731359), (-26.613647, 0.000010430813, 0.00009611249), (-38.75403, 0.000047683716, 0.0006683171), (0.0000076293945, -42.941467, 2.3841858e-7), (-13.338816, -1.8266215, 21.149952), (34.929523, 0.0000029802322, -0.0000040978193), (25.875345, 0.0000059604645, -0.000008940697), (5.70516, 13.571271, -0.0000074505806), (4.052744, -0.000011455268, 0), (-0.000007390976, 0.0000019073486, -0.0000038146973), (6.0134535, 6.590721, 0.25112343), (-0.0008659363, 0.00001001358, 0.0000076293945), (12.582832, 0.041605532, 0.05173236), (19.229109, 0.041612983, 0.05173385), (25.875372, 0.041618943, 0.05173236), (4.5019813, -0.046025217, 0.10348693), (16.53872, -0.046023726, 0.10349713), (32.29454, -0.023016334, 0.051741675), (-13.338844, -1.8266234, -21.149952), (-34.92952, -0.0000059604645, -0.000011175871), (-25.875292, -0.0000040978193, -0.0000059604645), (-5.705138, -13.57127, -0.0000014901161), (-4.0526953, -0.000025704503, 0.000003061723), (0.000008106232, 0, -0.0000076293945), (-6.042926, -6.588908, -0.25344086), (0.0008640289, -0.00001001358, -0.0000076293945), (-12.58277, -0.04159808, -0.05173683), (-19.229021, -0.04160162, -0.05173087), (-25.875313, -0.041604787, -0.05173385), (-4.5020237, 0.046026334, -0.10348968), (-16.538736, 0.046026707, -0.10349043), (-32.294525, 0.023016334, -0.051750243), (-0.000015258789, 31.619596, 29.164127), (0.00033569336, -47.09483, 28.91485), (-0.000015258789, 32.359444, -29.84651), (0.00035858154, -47.093678, -29.027739)],
                14: [(0, 1.7066455, 0), (0.4335872, 76.80155, 2.676313), (1.9518491, 0.0000011175871, 5.5879354e-7), (7.7848406, 0, 1.8626451e-7), (5.5612364, -7.4505806e-7, -9.313226e-7), (10.505804, 7.4505806e-7, -0.0000027939677), (15.5097065, 0.966911, 6.6177807), (25.148026, 5.5879354e-7, 0.000051409006), (38.754524, -0.0000059604645, -0.000010430813), (0, 0, -0.000022888184), (14.147449, 0.0000013271347, 0.000012665987), (26.66612, 0.000005401671, 0), (35.370983, 0.000009313226, 0.0000029802322), (35.370987, 0.00000949949, -0.000014901161), (5.5089245, 1.2620064, -2.3405805), (12.202102, -1.0622147, 0.16126782), (7.2654376, 0.000018253922, -0.000014901161), (5.0580816, 0.000013969839, 0.0000037252903), (5.7870536, 0.873416, -0.41937456), (11.738639, -1.1982332, 0.264097), (8.0755625, 0.0000346452, -0.0000029802322), (5.5839844, -7.4505806e-7, 0), (-0.13794708, 0.18598174, -0.016178131), (5.383, 1.7123964, 3.7102387), (9.636993, 0.0001873821, -0.0003643334), (6.097719, 0.0000042724423, 0.0000044703484), (4.41116, -0.000017136335, -0.0000070780516), (5.721166, 1.1468056, 1.5390542), (10.785753, -0.9973817, 0.25648177), (7.4386425, 0.0000015832484, 0.0000022351742), (5.4258013, -0.000017695129, 0.0000026077032), (3.1097765, 2.0561202, -1.7124723), (6.267052, 0.000010430813, -0.0000070780516), (6.3881674, 0.0000036787242, -0.0000052154064), (6.5956144, 0.000009685755, 0.000006146729), (8.784785, 5.376257, -0.7295355), (15.342749, -0.0000037252903, 0.0000029802322), (26.61356, -0.0000029802322, -0.000014901161), (38.75453, -0.0000029802322, -0.000017881393), (19.657087, -3.2682583, -0.0000074505806), (11.333323, -7.4505806e-7, -0.0000013969839), (17.799736, -0.000008940697, -0.0000040978193), (17.799736, -0.000008940697, -0.0000040978193), (14.868546, 15.370952, 1.1920929e-7), (14.868546, 15.370952, -8.393713), (0, 0.000015258789, -0.000002861023), (14.868546, 15.37095, 8.393475), (0.000002861023, 0.000030517578, 9.536743e-7), (29.36511, 0.0000038146973, 0), (15.509316, 0.9669125, -6.6178007), (-25.147942, 0.000013411045, 0.00018514693), (-38.754025, 0.000037252903, 0.00067427754), (-0.0000076293945, -0.0000019073486, -0.0000076293945), (-14.14797, 0.000014156103, -0.00056922436), (-26.665916, -0.000011362135, 0.000056624413), (-35.3709, -0.00000782311, -0.00015497208), (-35.370895, -0.000008568168, -0.00012814999), (-5.509265, -1.2623214, 2.340566), (-12.202049, 1.0621554, -0.16127229), (-7.2655053, 0.00007599592, -0.000018603168), (-5.0579844, -0.00007792842, 0.000009313226), (-5.787444, -0.87365687, 0.419347), (-11.738627, 1.1982111, -0.26409328), (-8.075526, -0.0000461936, -0.0000013969839), (-5.5839963, -0.0000011175871, 0.0000014901161), (0.13791655, -0.18596649, 0.016174793), (-5.383378, -1.7126538, -3.7102506), (-9.636993, -0.00017359853, 0.0003658235), (-6.097722, -0.000012665987, -0.000035576522), (-4.41107, -0.000085216016, -0.00003129244), (-5.7215753, -1.1471175, -1.539068), (-10.785745, 0.99731946, -0.25648624), (-7.4386315, 0.00003091991, 0.000010803342), (-5.4257197, 9.313226e-8, -0.0000074505806), (-3.110143, -2.0563807, 1.7124465), (-6.267099, -0.00010021031, 0.000105425715), (-6.3881407, -0.000010058284, -0.000014156103), (-6.5956593, -0.000048428774, -0.00012293458), (-8.784599, -5.706299, 0.7670474), (-15.342106, 0.000032037497, 0.00057555735), (-26.61364, 0.000011175871, 0.000101327896), (-38.754025, 0.000047683716, 0.00067800283), (0.0000076293945, -42.941467, 2.3841858e-7), (-13.338818, -1.8266201, 21.149952), (34.929512, 0, 0.0000022351742), (25.875345, 0.0000059604645, -0.0000074505806), (5.70516, 13.571267, -0.0000074505806), (4.052743, -0.000011525117, 7.4505806e-7), (-0.000007390976, 0.0000019073486, -0.0000038146973), (6.0134535, 6.590721, 0.25112343), (-0.0008659363, 0.00001001358, 0.0000076293945), (12.582832, 0.041604787, 0.05173236), (19.229109, 0.041611493, 0.05173534), (25.875372, 0.041617453, 0.05172938), (4.5019784, -0.046026334, 0.10348889), (16.538715, -0.046023726, 0.10349974), (32.294537, -0.023019314, 0.051744282), (-13.338849, -1.8266227, -21.149952), (-34.92952, 0, -0.000016391277), (-25.875286, -0.0000029802322, -0.000011920929), (-5.705141, -13.571268, -0.0000014901161), (-4.052695, -0.000024586916, 0.0000027939677), (0.000008106232, 0, -0.0000076293945), (-6.042926, -6.588908, -0.25344086), (0.0008640289, -0.00001001358, -0.0000076293945), (-12.582768, -0.041596733, -0.051740557), (-19.229015, -0.04160097, -0.05173683), (-25.875303, -0.041604135, -0.051739812), (-4.502023, 0.04602708, -0.103489496), (-16.538734, 0.046023726, -0.103490055), (-32.294525, 0.023013353, -0.051753223), (-0.000015258789, 31.619596, 29.164127), (0.00033569336, -47.09483, 28.91485), (-0.000015258789, 32.359444, -29.84651), (0.00035858154, -47.093678, -29.027739)],
                15: [(0, 1.7066455, 0), (0.17906415, 77.44686, 2.2163613), (1.9518484, 7.4505806e-7, -4.656613e-8), (7.784842, -7.4505806e-7, -0.0000020489097), (5.5612354, -3.7252903e-7, -0.0000018626451), (10.505818, -0.0000044703484, -0.0000059604645), (15.509706, 0.9669125, 6.617779), (25.148022, 1.8626451e-7, 0.000046938658), (38.75452, -0.0000059604645, -0.00001564622), (0, 0, -0.000022888184), (14.147443, -1.3969839e-7, 0.000010430813), (26.666105, 0.0000037252903, -0.0000014901161), (35.37097, 9.313226e-8, 0), (35.37097, 0.0000014901161, -0.000011920929), (5.5089197, 1.2620013, -2.340577), (12.202098, -1.0622251, 0.16127527), (7.2654276, 0.000014528632, -0.000011920929), (5.0580745, 0.000013643876, 0.0000055879354), (5.7870483, 0.8734161, -0.4193753), (11.738636, -1.1982404, 0.26409775), (8.075561, 0.000033155084, -0.0000040978193), (5.5839853, -3.259629e-7, -3.7252903e-7), (-0.13794708, 0.18598174, -0.016178131), (5.382995, 1.7123889, 3.7102327), (9.63699, 0.00017546117, -0.00035837293), (6.0977116, 0.0000015832484, 0.0000059604645), (4.41115, -0.00001564622, -0.000007264316), (5.721163, 1.146802, 1.5390526), (10.785749, -0.9973865, 0.25648624), (7.4386344, -9.313226e-7, 0.0000037252903), (5.425798, -0.000014901161, 0.0000014901161), (3.109772, 2.056118, -1.7124723), (6.267046, 0.000010617077, -0.0000018626451), (6.3881626, 0.0000019557774, -0.0000014901161), (6.59561, 0.0000067055225, 0.000007264316), (8.784785, 5.376257, -0.7295355), (15.342742, -0.0000029802322, -0.0000038184226), (26.613558, -0.0000014901161, -0.000020116568), (38.754528, 0, -0.000023469329), (19.657085, -3.2682567, -0.000008940697), (11.333324, -0.0000022351742, -0.000003259629), (17.799744, -0.000011920929, -0.0000053085387), (17.799744, -0.000011920929, -0.0000053085387), (14.868546, 15.370952, 1.1920929e-7), (14.868546, 15.370952, -8.393713), (0, 0.000015258789, -0.000002861023), (14.868546, 15.37095, 8.393475), (0.000002861023, 0.000030517578, 9.536743e-7), (29.36511, 0.0000038146973, 0), (15.509316, 0.9669155, -6.6177993), (-25.147942, 0.000011175871, 0.00018812716), (-38.754036, 0.000043213367, 0.00066906214), (-0.0000076293945, -0.0000019073486, -0.0000076293945), (-14.147989, 0.000017508864, -0.0005841255), (-26.665956, -0.000017136335, 0.00002682209), (-35.37094, -0.000010430813, -0.0001937151), (-35.37094, -0.000013411045, -0.00016987324), (-5.5092754, -1.2623281, 2.3405676), (-12.202071, 1.0621432, -0.16128272), (-7.2655344, 0.0000749249, -0.00002477318), (-5.058004, -0.0000718981, 0.00001564622), (-5.7874503, -0.8736622, 0.41934624), (-11.738642, 1.1982083, -0.26409402), (-8.075536, -0.000045332126, -0.0000022351742), (-5.584004, 5.5879354e-7, 0.0000037252903), (0.13791655, -0.18596649, 0.016174793), (-5.3833833, -1.7126557, -3.710256), (-9.637, -0.00017955899, 0.0003643334), (-6.0977383, -0.000015180558, -0.000039488077), (-4.411079, -0.000082328916, -0.00002719462), (-5.7215824, -1.1471201, -1.5390705), (-10.785763, 0.99731237, -0.25649816), (-7.4386573, 0.000028871, 0.0000059604645), (-5.425736, 0.0000052154064, 7.4505806e-7), (-3.1101482, -2.0563862, 1.7124523), (-6.267108, -0.00010095537, 0.000109151006), (-6.38815, -0.0000067055225, -0.000014156103), (-6.595666, -0.000053294934, -0.000120699406), (-8.784599, -5.706299, 0.7670474), (-15.342108, 0.00003054738, 0.0005699694), (-26.613644, 0.000014156103, 0.000097602606), (-38.75403, 0.000048428774, 0.00066682696), (0.0000076293945, -42.941467, 2.3841858e-7), (-13.338825, -1.8266201, 21.149961), (34.92953, 0.000008940697, -0.000008940697), (25.87536, 0.000011920929, -0.000013411045), (5.705167, 13.5712805, -0.000010430813), (4.052746, -0.0000115484, -0.0000022351742), (-0.000007390976, 0.0000019073486, -0.0000038146973), (6.0134535, 6.590721, 0.25112343), (-0.0008659363, 0.00001001358, 0.0000076293945), (12.582838, 0.041607767, 0.05173087), (19.229118, 0.041615963, 0.05173385), (25.875387, 0.041623414, 0.05172789), (4.5019803, -0.046025217, 0.1034867), (16.538725, -0.046019256, 0.10349378), (32.29456, -0.023007393, 0.05173683), (-13.338843, -1.8266178, -21.149954), (-34.92952, 0, -0.000008940697), (-25.875303, -0.0000052154064, 0.0000044703484), (-5.705144, -13.571271, -0.0000014901161), (-4.052698, -0.000026077032, 0.000004656613), (0.000008106232, 0, -0.0000076293945), (-6.042926, -6.588908, -0.25344086), (0.0008640289, -0.00001001358, -0.0000076293945), (-12.582777, -0.04159808, -0.051731616), (-19.229033, -0.041601434, -0.05172789), (-25.875319, -0.041602552, -0.05172789), (-4.502023, 0.04602745, -0.10348931), (-16.538738, 0.046025217, -0.103491545), (-32.294525, 0.023013353, -0.051751733), (-0.000015258789, 31.619596, 29.164127), (0.00033569336, -47.09483, 28.91485), (-0.000015258789, 32.359444, -29.84651), (0.00035858154, -47.093678, -29.027739)],
                16: [(0, 1.7066455, 0), (-0.295041, 80.50579, 3.5220385), (1.9518518, 7.4505806e-7, 1.8626451e-7), (7.784841, 0, -3.7252903e-7), (5.561234, 7.4505806e-7, 9.313226e-8), (10.505808, 7.4505806e-7, 7.4505806e-7), (15.509698, 0.96691996, 6.617782), (25.148022, 0.0000047963113, 0.000049173832), (38.754513, -0.000010430813, -0.00003390014), (0, 0, -0.000022888184), (14.147438, -8.381903e-7, 0.000010430813), (26.666092, -0.000003259629, 0), (35.370956, -0.0000031664968, -0.0000029802322), (35.37096, -6.519258e-7, -0.000014901161), (5.5089183, 1.2620004, -2.3405762), (12.202098, -1.0622234, 0.1612708), (7.265429, 0.00001899898, -0.000013783574), (5.0580807, 0.0000128522515, 0.0000044703484), (5.787048, 0.8734144, -0.4193712), (11.738629, -1.198245, 0.26410148), (8.075556, 0.000033527613, -0.0000011175871), (5.5839787, -1.8626451e-7, 0.0000037252903), (-0.13794708, 0.18598174, -0.016178131), (5.382995, 1.7123874, 3.7102304), (9.636984, 0.00017080456, -0.00035613775), (6.097703, -7.916242e-7, 0.000008195639), (4.4111423, -0.000011967495, -0.000008195639), (5.7211604, 1.146795, 1.5390522), (10.785747, -0.99738884, 0.25648177), (7.438624, -0.0000027939677, 0.0000033527613), (5.4257946, -0.000016548438, -3.7252903e-7), (3.109771, 2.0561159, -1.712472), (6.2670455, 0.0000074505806, 0), (6.388161, 0.000002561137, -0.0000018626451), (6.595609, 0.000009685755, 0.00000782311), (8.784785, 5.376257, -0.7295355), (15.342736, -0.0000059604645, -0.000012665987), (26.613554, -0.0000044703484, -0.000030174851), (38.754517, -0.0000074505806, -0.00003837049), (19.657072, -3.2682464, 7.4505806e-7), (11.333314, 0.0000029802322, 0.0000045634806), (17.799717, -0.0000014901161, 0.000007171184), (17.799717, -0.0000014901161, 0.000007171184), (14.868546, 15.370952, 1.1920929e-7), (14.868546, 15.370952, -8.393713), (0, 0.000015258789, -0.000002861023), (14.868546, 15.37095, 8.393475), (0.000002861023, 0.000030517578, 9.536743e-7), (29.36511, 0.0000038146973, 0), (15.509308, 0.966914, -6.6177855), (-25.147942, 0.000010803342, 0.00018402934), (-38.75402, 0.000033341348, 0.00067949295), (-0.0000076293945, -0.0000019073486, -0.0000076293945), (-14.147975, 0.000013411045, -0.00057443976), (-26.665932, -0.000014901161, 0.00005811453), (-35.3709, -0.000011920929, -0.00015497208), (-35.370903, -0.000013411045, -0.00013709068), (-5.5092688, -1.26232, 2.3405678), (-12.202047, 1.0621502, -0.16127005), (-7.265504, 0.00007562339, -0.0000230968), (-5.0579867, -0.000078976154, 0.0000115484), (-5.787443, -0.8736584, 0.41934848), (-11.738628, 1.1982157, -0.26409104), (-8.075515, -0.000045076013, 0.0000026077032), (-5.5839944, 3.7252903e-7, 0.0000011175871), (0.13791655, -0.18596649, 0.016174793), (-5.3833785, -1.7126567, -3.7102494), (-9.636987, -0.00017657876, 0.00036880374), (-6.0977187, -0.00001359731, -0.00003799796), (-4.4110646, -0.000086799264, -0.000032037497), (-5.721575, -1.1471208, -1.5390694), (-10.785746, 0.99731237, -0.25648996), (-7.438636, 0.000028312206, 0.000013038516), (-5.425716, 3.7252903e-7, -0.0000063329935), (-3.1101444, -2.0563776, 1.7124506), (-6.267097, -0.000095460564, 0.00010803342), (-6.388141, -0.0000063242624, -0.000014901161), (-6.5956564, -0.00005122274, -0.00012293458), (-8.784599, -5.706299, 0.7670474), (-15.342104, 0.000026728958, 0.00057294965), (-26.613638, 0.0000088475645, 0.000102072954), (-38.75402, 0.000037439167, 0.0006750226), (0.0000076293945, -42.941467, 2.3841858e-7), (-13.338813, -1.8266201, 21.149948), (34.92951, -0.0000029802322, 0), (25.87534, 0, -0.000008940697), (5.705159, 13.571267, -0.0000059604645), (4.0527434, -0.000011455268, -3.7252903e-7), (-0.000007390976, 0.0000019073486, -0.0000038146973), (6.0134535, 6.590721, 0.25112343), (-0.0008659363, 0.00001001358, 0.0000076293945), (12.582829, 0.041603297, 0.05173385), (19.229103, 0.041609257, 0.05173534), (25.875366, 0.041615963, 0.05173087), (4.5019813, -0.046026707, 0.10348894), (16.538712, -0.046023726, 0.103500485), (32.29453, -0.023022294, 0.051751733), (-13.338843, -1.826624, -21.149948), (-34.92952, -0.0000014901161, -0.000011920929), (-25.875309, -0.0000014901161, 0.000010430813), (-5.705145, -13.571271, -7.4505806e-7), (-4.0526977, -0.000024959445, 0.000004656613), (0.000008106232, 0, -0.0000076293945), (-6.042926, -6.588908, -0.25344086), (0.0008640289, -0.00001001358, -0.0000076293945), (-12.582779, -0.04159808, -0.051730126), (-19.229034, -0.04160106, -0.05172193), (-25.875324, -0.041604042, -0.05171895), (-4.5020275, 0.046025403, -0.103488564), (-16.538736, 0.046026707, -0.103491545), (-32.294525, 0.023014843, -0.051751733), (-0.000015258789, 31.619596, 29.164127), (0.00033569336, -47.09483, 28.91485), (-0.000015258789, 32.359444, -29.84651), (0.00035858154, -47.093678, -29.027739)],
                17: [(0, 1.7066455, 0), (-0.90463626, 79.73822, 5.056343), (1.9518514, 2.561137e-7, -7.2759576e-8), (7.7848434, -0.0000012107193, -6.519258e-7), (5.561233, 7.4505806e-7, -0.0000014144462), (10.505808, 2.7939677e-7, -0.0000033993274), (15.509712, 0.96691155, 6.6177764), (25.14802, 0.000005075708, 0.000039557926), (38.75452, 0.0000011175871, -0.00002272427), (0, 0, -0.000022888184), (14.147446, 2.910383e-7, 0.000008381903), (26.666105, 0.0000019324943, -5.5879354e-7), (35.37097, 0.0000016298145, -0.0000018626451), (35.37097, -0.0000018626451, -0.000013038516), (5.5089192, 1.2620021, -2.3405757), (12.202101, -1.0622226, 0.16127233), (7.265433, 0.000017503044, -0.000013504177), (5.0580816, 0.000016205013, 0.0000052852556), (5.787049, 0.873414, -0.41937605), (11.738639, -1.1982408, 0.264095), (8.0755625, 0.000033030665, -0.0000051921234), (5.583983, -0.0000015832484, 0.000002561137), (-0.13794708, 0.18598174, -0.016178131), (5.382994, 1.7123882, 3.7102327), (9.636992, 0.00017716084, -0.0003659632), (6.097721, 4.48199e-7, 0.000006938353), (4.4111543, -0.000016216654, -0.000006845221), (5.7211623, 1.1467993, 1.5390521), (10.785745, -0.99738973, 0.25648233), (7.438628, -0.0000011554221, 0.0000046100467), (5.4257927, -0.000016973354, -0.0000013271347), (3.109771, 2.056116, -1.7124692), (6.267047, 0.000008195639, -0.0000052910764), (6.388162, 0.0000016996637, -0.000005145557), (6.5956106, 0.0000068102963, 0.000005052425), (8.784785, 5.376257, -0.7295355), (15.342741, -0.0000016763806, -0.000008987263), (26.613558, 0.000003958121, -0.000021141022), (38.754524, 0.0000016763806, -0.00003427267), (19.657093, -3.2682567, -0.000007916242), (11.333318, 2.7939677e-7, -9.924406e-7), (17.799742, -0.000010803342, -0.0000016065314), (17.799742, -0.000010803342, -0.0000016065314), (14.868546, 15.370952, 1.1920929e-7), (14.868546, 15.370952, -8.393713), (0, 0.000015258789, -0.000002861023), (14.868546, 15.37095, 8.393475), (0.000002861023, 0.000030517578, 9.536743e-7), (29.36511, 0.0000038146973, 0), (15.509325, 0.9669128, -6.617798), (-25.147942, 0.000010966323, 0.00018646242), (-38.754032, 0.00004558824, 0.00067111105), (-0.0000076293945, -0.0000019073486, -0.0000076293945), (-14.147984, 0.000017043203, -0.0005834736), (-26.665943, -0.000015180558, 0.000040326267), (-35.370926, -0.0000124797225, -0.0001816079), (-35.370922, -0.0000124797225, -0.0001559034), (-5.509272, -1.2623231, 2.3405683), (-12.202062, 1.0621454, -0.16127977), (-7.265524, 0.00007557683, -0.000022514723), (-5.0579967, -0.00007560011, 0.000011152588), (-5.7874484, -0.8736599, 0.4193469), (-11.738638, 1.1982104, -0.26409438), (-8.075528, -0.000047078356, 0.0000012805685), (-5.583999, -0.0000022584572, 0.0000041909516), (0.13791655, -0.18596649, 0.016174793), (-5.383381, -1.7126536, -3.71025), (-9.636997, -0.00017448328, 0.00036532292), (-6.0977316, -0.000014225952, -0.00004004687), (-4.4110775, -0.00008428469, -0.000031862874), (-5.7215757, -1.1471151, -1.5390685), (-10.785755, 0.99731183, -0.2564917), (-7.438647, 0.00003101304, 0.00000919681), (-5.4257293, 0.0000028405339, -0.0000041211024), (-3.110146, -2.0563815, 1.7124519), (-6.2671094, -0.00009855721, 0.00010761432), (-6.3881493, -0.000009033829, -0.000015785918), (-6.5956593, -0.000051618554, -0.00011934899), (-8.784599, -5.706299, 0.7670474), (-15.342104, 0.000036437996, 0.000579888), (-26.613647, 0.000013469253, 0.00009657815), (-38.75403, 0.00005036127, 0.0006795861), (0.0000076293945, -42.941467, 2.3841858e-7), (-13.33882, -1.8266238, 21.149961), (34.929523, 0.000002142042, 5.5879354e-7), (25.875345, 0.0000037252903, -0.000008381903), (5.705161, 13.571268, -0.0000074738637), (4.052744, -0.000012340024, 4.8894435e-7), (-0.000007390976, 0.0000019073486, -0.0000038146973), (6.0134535, 6.590721, 0.25112343), (-0.0008659363, 0.00001001358, 0.0000076293945), (12.582832, 0.041603625, 0.051733386), (19.229109, 0.04161112, 0.0517359), (25.875372, 0.041616987, 0.05173087), (4.501979, -0.04602496, 0.10348789), (16.538721, -0.046023868, 0.10349928), (32.29454, -0.02301624, 0.05174633), (-13.338846, -1.8266201, -21.149954), (-34.92953, 0.000003632158, -0.000008940697), (-25.875303, -0.0000035390258, 0.0000059546437), (-5.7051477, -13.571268, 0.0000044703484), (-4.0526967, -0.000024895417, 0.0000052619725), (0.000008106232, 0, -0.0000076293945), (-6.042926, -6.588908, -0.25344086), (0.0008640289, -0.00001001358, -0.0000076293945), (-12.582777, -0.04159659, -0.05173269), (-19.22903, -0.04160013, -0.051725317), (-25.875324, -0.04160162, -0.05172491), (-4.5020275, 0.046026405, -0.10348954), (-16.538744, 0.04602652, -0.10349126), (-32.29453, 0.023020245, -0.051748194), (-0.000015258789, 31.619596, 29.164127), (0.00033569336, -47.09483, 28.91485), (-0.000015258789, 32.359444, -29.84651), (0.00035858154, -47.093678, -29.027739)],
                18: [(0, 1.7066455, 0), (-1.0879223, 72.55258, 5.5870705), (1.9518535, -1.3969839e-7, -1.1641532e-8), (7.784842, 1.8626451e-7, -5.5879354e-7), (5.5612364, -2.7939677e-7, -0.0000011408702), (10.505814, -1.8626451e-7, -0.0000027939677), (15.509712, 0.96691364, 6.617777), (25.148022, 0.0000067055225, 0.000048149377), (38.754524, 0.0000044703484, -0.000018253922), (0, 0, -0.000022888184), (14.147446, -6.519258e-7, 0.00000782311), (26.666111, -0.0000011175871, 0.0000022351742), (35.370983, 7.4505806e-7, 7.4505806e-7), (35.370983, -7.4505806e-7, -0.00001937151), (5.508921, 1.2620037, -2.340577), (12.202099, -1.0622269, 0.16127136), (7.2654276, 0.000016321428, -0.000013504177), (5.0580764, 0.000017881393, 0.0000037252903), (5.7870507, 0.8734144, -0.41937372), (11.738636, -1.1982421, 0.26409346), (8.075561, 0.00002955785, -0.000002142042), (5.5839815, -4.656613e-7, 0.0000013969839), (-0.13794708, 0.18598174, -0.016178131), (5.3829937, 1.7123889, 3.7102334), (9.636992, 0.00017955899, -0.00036396086), (6.0977197, 0.0000037252903, 0.000003632158), (4.4111547, -0.000015087426, -0.000008102506), (5.721162, 1.1467993, 1.5390503), (10.785752, -0.99738854, 0.2564773), (7.4386463, 0.0000027474016, -6.519258e-7), (5.42581, -0.000018440187, 0.000003632158), (3.109773, 2.056117, -1.7124712), (6.2670484, 0.0000059604645, -0.000005448237), (6.388166, -0.0000017695129, -0.0000040978193), (6.5956116, 0.0000070780516, 0.000004377216), (8.784785, 5.376257, -0.7295355), (15.342745, 0.0000018626451, -0.0000067055225), (26.613558, 0.0000057742, -0.000021606684), (38.754528, 0.0000074505806, -0.000031664968), (19.657084, -3.268252, -0.0000034458935), (11.33332, -3.7252903e-7, -4.8894435e-7), (17.799736, -0.000008195639, 2.7939677e-7), (17.799736, -0.000008195639, 2.7939677e-7), (14.868546, 15.370952, 1.1920929e-7), (14.868546, 15.370952, -8.393713), (0, 0.000015258789, -0.000002861023), (14.868546, 15.37095, 8.393475), (0.000002861023, 0.000030517578, 9.536743e-7), (29.36511, 0.0000038146973, 0), (15.509312, 0.9669166, -6.6177936), (-25.147938, 0.000011175871, 0.00018561259), (-38.754025, 0.000034738332, 0.00066645443), (-0.0000076293945, -0.0000019073486, -0.0000076293945), (-14.147978, 0.000014901161, -0.0005733222), (-26.665932, -0.000017881393, 0.000051036477), (-35.37091, -0.000013411045, -0.00015795231), (-35.370907, -0.000014156103, -0.00013262033), (-5.5092707, -1.26232, 2.3405657), (-12.202056, 1.0621494, -0.16127332), (-7.265516, 0.00007580966, -0.00002272427), (-5.057993, -0.00007841736, 0.000013783574), (-5.7874465, -0.87365645, 0.41934592), (-11.738635, 1.1982101, -0.26409394), (-8.075532, -0.000045076013, -1.8626451e-7), (-5.5840044, 5.5879354e-7, 0.0000027008355), (0.13791655, -0.18596649, 0.016174793), (-5.3833766, -1.7126544, -3.7102482), (-9.636991, -0.00017676502, 0.0003662426), (-6.097719, -0.00001359731, -0.000036228448), (-4.4110694, -0.00008335337, -0.000030733645), (-5.7215734, -1.1471171, -1.5390681), (-10.785749, 0.99731535, -0.25648865), (-7.4386435, 0.000030361116, 0.000009965152), (-5.425722, 0.0000012107193, -0.0000041909516), (-3.110147, -2.0563812, 1.712448), (-6.267099, -0.00009781215, 0.00010635704), (-6.3881435, -0.0000086613, -0.000014901161), (-6.5956535, -0.000053737313, -0.00012405217), (-8.784599, -5.706299, 0.7670474), (-15.342104, 0.000030105002, 0.0005748123), (-26.613647, 0.0000062864274, 0.00009313226), (-38.75402, 0.000039767474, 0.0006765127), (0.0000076293945, -42.941467, 2.3841858e-7), (-13.338823, -1.8266215, 21.14996), (34.929527, 0.0000044703484, -0.0000044703484), (25.87535, 0.000008568168, -0.000011175871), (5.705163, 13.571273, -0.0000069034286), (4.052744, -0.000010803342, -0.0000017695129), (-0.000007390976, 0.0000019073486, -0.0000038146973), (6.0134535, 6.590721, 0.25112343), (-0.0008659363, 0.00001001358, 0.0000076293945), (12.582835, 0.041605905, 0.05173087), (19.22911, 0.041612983, 0.05173497), (25.875374, 0.041619316, 0.051733106), (4.5019813, -0.046025217, 0.10348819), (16.53872, -0.046021305, 0.103496015), (32.294548, -0.023014098, 0.051743537), (-13.338843, -1.826619, -21.149954), (-34.929527, 0.0000022351742, -0.000008195639), (-25.875294, -0.0000074505806, 1.8626451e-7), (-5.7051497, -13.571265, 0.000006891787), (-4.052696, -0.000024738256, 0.0000066123903), (0.000008106232, 0, -0.0000076293945), (-6.042926, -6.588908, -0.25344086), (0.0008640289, -0.00001001358, -0.0000076293945), (-12.582773, -0.041598827, -0.051735155), (-19.229025, -0.041602552, -0.051730964), (-25.875313, -0.041606277, -0.05173008), (-4.5020247, 0.04602834, -0.10348987), (-16.53874, 0.04602801, -0.103490055), (-32.294537, 0.023019686, -0.051748753), (-0.000015258789, 31.619596, 29.164127), (0.00033569336, -47.09483, 28.91485), (-0.000015258789, 32.359444, -29.84651), (0.00035858154, -47.093678, -29.027739)],
            }
        }
    }
}

