#usda 1.0
(
    endTimeCode = 18
    framesPerSecond = 30
    startTimeCode = 0
    timeCodesPerSecond = 30
)

def SkelRoot "SkelRoot"
{
    def Skeleton "Skeleton" (
        prepend apiSchemas = ["SkelBindingAPI"]
    )
    {
        uniform matrix4d[] bindTransforms = [( (1, 0, -0.000050854458095273, 0), (0, 1, 0, 0), (0.000050854458095273, 0, 1, 0), (-1.6145610809326172, 0, -1.5026514530181885, 1) ), ( (-0.00001525889638287481, 1, -0.0000021151888631720794, 0), (0.000050854458095273, 0.000002086162567138672, 1, 0), (1, 0.000015228986740112305, -0.000050854458095273, 0), (-1.6144710779190063, 76.76570129394531, 0.2680175304412842, 1) ), ( (-0.000022977830667514354, 0.9998968243598938, 0.014368419535458088, 0), (0.00005264513674774207, -0.014368448406457901, 0.9998968839645386, 0), (1, 0.000023702084945398383, -0.00005230951137491502, 0), (-1.614496111869812, 78.40870666503906, 0.2680140733718872, 1) ), ( (-0.000036578800063580275, 0.999196469783783, 0.04008037969470024, 0), (0.00010081256186822429, -0.04008040577173233, 0.999196469783783, 0), (1, 0.000040560214983997867, -0.00009926544589689001, 0), (-1.6148152351379395, 92.30004119873047, 0.4676312208175659, 1) ), ( (-0.000053384126658784226, 0.9994726181030273, 0.0324726440012455, 0), (0.00029149558395147324, -0.032472651451826096, 0.9994726181030273, 0), (1, 0.00006279180524870753, -0.00028960825875401497, 0), (-1.6152551174163818, 104.3113784790039, 0.9494369029998779, 1) ), ( (-0.00006132967246230692, 0.9995044469833374, 0.031473010778427124, 0), (0.00035698278225027025, -0.03147302195429802, 0.9995046257972717, 0), (1, 0.00007250483031384647, -0.00035487578134052455, 0), (-1.6159231662750244, 116.81813049316406, 1.3557779788970947, 1) ), ( (0.9504255652427673, -0.1621818095445633, -0.26530805230140686, 0), (0.25775259733200073, -0.06636644899845123, 0.9639290571212769, 0), (-0.17393916845321655, -0.984526515007019, -0.021273542195558548, 0), (3.2067227363586426, 129.8419647216797, 2.578486680984497, 1) ), ( (0.9992974400520325, -0.03735502436757088, -0.002956248354166746, 0), (0.0010353353573009372, -0.051338739693164825, 0.998680830001831, 0), (-0.037457458674907684, -0.9979823231697083, -0.05126393586397171, 0), (21.90526580810547, 126.6512451171875, -2.641148090362549, 1) ), ( (0.9809451699256897, -0.046507906168699265, 0.1886366307735443, 0), (-0.1906401813030243, -0.04322132095694542, 0.9807083010673523, 0), (-0.03745751082897186, -0.9979824423789978, -0.0512639544904232, 0), (52.70637512207031, 125.49984741210938, -2.732266426086426, 1) ), ( (0.9809449911117554, -0.04650796577334404, 0.1886366307735443, 0), (-0.1906401365995407, -0.04322131350636482, 0.9807081818580627, 0), (-0.03745758533477783, -0.9979822039604187, -0.0512639544904232, 0), (52.70635986328125, 125.49986267089844, -2.732264995574951, 1) ), ( (0.9809449911117554, -0.04650796577334404, 0.1886366307735443, 0), (-0.1906401365995407, -0.04322131350636482, 0.9807081818580627, 0), (-0.03745758533477783, -0.9979822039604187, -0.0512639544904232, 0), (64.3883285522461, 124.94599914550781, -0.485815167427063, 1) ), ( (0.9809449911117554, -0.04650796577334404, 0.1886366307735443, 0), (-0.1906401365995407, -0.04322131350636482, 0.9807081818580627, 0), (-0.03745758533477783, -0.9979822039604187, -0.0512639544904232, 0), (74.37229919433594, 124.47264099121094, 1.4341099262237549, 1) ), ( (0.9809449911117554, -0.04650796577334404, 0.1886366307735443, 0), (-0.1906401365995407, -0.04322131350636482, 0.9807081818580627, 0), (-0.03745758533477783, -0.9979822039604187, -0.0512639544904232, 0), (80.1478500366211, 124.19882202148438, 2.5447590351104736, 1) ), ( (0.9858919978141785, -0.010541649535298347, 0.16705003380775452, 0), (-0.0029804245568811893, -0.9989622831344604, -0.04544932767748833, 0), (0.16735585033893585, 0.04431023448705673, -0.9849004149436951, 0), (80.1478500366211, 124.19882202148438, 2.5447590351104736, 1) ), ( (0.9371377229690552, -0.13399213552474976, 0.32220953702926636, 0), (-0.12170466780662537, -0.9908657670021057, -0.058080438524484634, 0), (0.32704848051071167, 0.015214947052299976, -0.9448851346969604, 0), (84.79692077636719, 122.88558959960938, 5.469605445861816, 1) ), ( (0.7575823068618774, -0.47672516107559204, 0.44587254524230957, 0), (-0.48081451654434204, -0.8695417642593384, -0.11275801062583923, 0), (0.4414592683315277, -0.12895852327346802, -0.8879660964012146, 0), (96.38732147216797, 122.22633361816406, 9.31317138671875, 1) ), ( (0.5023709535598755, -0.7808758616447449, 0.37129005789756775, 0), (-0.763888955116272, -0.6020022034645081, -0.23252245783805847, 0), (0.4050884544849396, -0.1668119728565216, -0.898931086063385, 0), (101.81868743896484, 118.8085708618164, 12.509773254394531, 1) ), ( (0.36923983693122864, -0.8856795430183411, 0.2814846932888031, 0), (-0.8605780005455017, -0.4401962459087372, -0.25618892908096313, 0), (0.35080987215042114, -0.14764422178268433, -0.9247345924377441, 0), (104.39654541015625, 114.80155944824219, 14.415011405944824, 1) ), ( (0.9784141182899475, -0.10758205503225327, 0.17644329369068146, 0), (-0.0981539934873581, -0.9932788014411926, -0.06134342774748802, 0), (0.18185670673847198, 0.042700644582509995, -0.9823976159095764, 0), (85.34791564941406, 123.31985473632812, 3.7819135189056396, 1) ), ( (0.8672651648521423, -0.4896250367164612, 0.09010131657123566, 0), (-0.4908217787742615, -0.8712039589881897, -0.009885312058031559, 0), (0.08333675563335419, -0.03565048426389694, -0.9958838820457458, 0), (97.00778198242188, 123.1637954711914, 5.685355186462402, 1.0000001192092896) ), ( (0.6105034947395325, -0.7879695296287537, 0.0799359604716301, 0), (-0.7893641591072083, -0.6136025190353394, -0.019896075129508972, 0), (0.06472641974687576, -0.050951968878507614, -0.9966017007827759, 0), (103.8741226196289, 119.28730010986328, 6.398715972900391, 1) ), ( (0.4908091723918915, -0.8672677874565125, 0.08338697999715805, 0), (-0.8712278008460999, -0.4894430339336395, 0.03751889616250992, 0), (0.008274226449429989, -0.09106359630823135, -0.9958106875419617, 0), (107.30326843261719, 114.86135864257812, 6.847709655761719, 1) ), ( (0.9858916997909546, -0.010546491481363773, 0.1670527309179306, 0), (-0.0029887657146900892, -0.9989631175994873, -0.04542809724807739, 0), (0.16735845804214478, 0.04428790137171745, -0.9849008917808533, 0), (80.01933288574219, 124.02798461914062, 2.5303895473480225, 1) ), ( (0.9903193116188049, -0.0918939933180809, -0.10403526574373245, 0), (-0.04833502322435379, -0.9308730363845825, 0.36213138699531555, 0), (-0.13012130558490753, -0.3535969853401184, -0.9263032674789429, 0), (85.61595916748047, 122.71896362304688, -0.07051050662994385, 1) ), ( (0.736512303352356, -0.4992102086544037, -0.45644158124923706, 0), (-0.4311164915561676, -0.866408109664917, 0.25194302201271057, 0), (-0.5212368369102478, 0.011220545507967472, -0.8533380627632141, 0), (95.34136962890625, 121.81648254394531, -1.0918173789978027, 1) ), ( (0.5292620062828064, -0.7488650679588318, -0.39885222911834717, 0), (-0.5864924192428589, -0.6626025438308716, 0.465815931558609, 0), (-0.6131135821342468, -0.012614794075489044, -0.7898944616317749, 0), (99.82763671875, 118.77569580078125, -3.872121572494507, 1) ), ( (0.43564897775650024, -0.8766317367553711, -0.20427124202251434, 0), (-0.7078232169151306, -0.47383537888526917, 0.5238953232765198, 0), (-0.5560539364814758, -0.08364634960889816, -0.826926589012146, 0), (102.22744750976562, 115.38018798828125, -5.680605888366699, 1) ), ( (0.9903346300125122, -0.13268128037452698, 0.040411826223134995, 0), (-0.12952877581119537, -0.9889150261878967, -0.072590671479702, 0), (0.04959515482187271, 0.06665456295013428, -0.996542751789093, 0), (85.58981323242188, 123.14847564697266, 1.9795608520507812, 1) ), ( (0.8442347645759583, -0.4902525246143341, -0.21661044657230377, 0), (-0.48895108699798584, -0.870004415512085, 0.06339693069458008, 0), (-0.21953250467777252, 0.05239004269242287, -0.9741979241371155, 0), (96.49673461914062, 122.63114929199219, 2.2501561641693115, 1) ), ( (0.591279149055481, -0.7915269136428833, -0.1545112431049347, 0), (-0.764448881149292, -0.6111251711845398, 0.20528936386108398, 0), (-0.2569177448749542, -0.003267309395596385, -0.9664278626441956, 0), (102.68428802490234, 119.03794860839844, 0.6625702381134033, 1) ), ( (0.4153914153575897, -0.908420741558075, -0.047135964035987854, 0), (-0.8810988664627075, -0.41469499468803406, 0.22736071050167084, 0), (-0.22608625888824463, -0.0529121533036232, -0.9726693034172058, 0), (105.91915130615234, 114.70761108398438, -0.18274104595184326, 1) ), ( (0.2619214653968811, -0.7817968726158142, 0.5658546090126038, 0), (0.21526549756526947, -0.5242252945899963, -0.8239230513572693, 0), (0.9407752156257629, 0.3376120328903198, 0.030988192185759544, 0), (82.70811462402344, 122.20225524902344, 4.495166778564453, 1) ), ( (0.32474738359451294, -0.8280327916145325, 0.4570571184158325, 0), (0.821730375289917, 0.007744656875729561, -0.5698240995407104, 0), (0.46829289197921753, 0.5606263279914856, 0.6829348802566528, 0), (84.46544647216797, 116.95689392089844, 8.291693687438965, 1) ), ( (0.3178307116031647, -0.7274845838546753, 0.6080705523490906, 0), (0.767605721950531, -0.17903254926204681, -0.6154093742370605, 0), (0.5565653443336487, 0.6623542308807373, 0.501519501209259, 0), (86.5306167602539, 111.69110870361328, 11.198304176330566, 1) ), ( (0.10321205109357834, -0.7786328196525574, 0.6189331412315369, 0), (0.8875740170478821, -0.20876701176166534, -0.4106438159942627, 0), (0.448953777551651, 0.5917325019836426, 0.6695472598075867, 0), (88.61270904541016, 106.9254150390625, 15.181707382202148, 1) ), ( (0.9999998807907104, -3.5297453848670557e-9, -9.426003089174628e-9, 0), (-1.964378215646434e-9, 0.9999999403953552, 2.5644202317209874e-9, 0), (3.151459537775736e-8, -3.2857979448408514e-8, 1.0000001192092896, 0), (88.57782745361328, 110.08689880371094, 4.115056991577148, 1) ), ( (0.999297559261322, -0.037355054169893265, -0.0029562218114733696, 0), (0.0010353531688451767, -0.05133873596787453, 0.9986809492111206, 0), (-0.037457481026649475, -0.9979824423789978, -0.05126393958926201, 0), (34.81126403808594, 126.16878509521484, -2.679327964782715, 1) ), ( (0.999297559261322, -0.037355054169893265, -0.0029562218114733696, 0), (0.0010353531688451767, -0.05133873596787453, 0.9986809492111206, 0), (-0.037457481026649475, -0.9979824423789978, -0.05126393958926201, 0), (43.392860412597656, 125.84798431396484, -2.70471453666687, 1) ), ( (0.999297559261322, -0.037355054169893265, -0.0029562218114733696, 0), (0.0010353531688451767, -0.05133873596787453, 0.9986809492111206, 0), (-0.037457481026649475, -0.9979824423789978, -0.05126393958926201, 0), (52.70637512207031, 125.49984741210938, -2.732266426086426, 1) ), ( (0.000032464460673509166, 0.9641513824462891, 0.26535287499427795, 0), (0.000361455517122522, -0.2653529942035675, 0.9641513228416443, 0), (1, 0.00006458278221543878, -0.00035711232339963317, 0), (-1.6179200410842896, 133.4432373046875, -0.8731973767280579, 1) ), ( (0.00003241021840949543, 0.9641513824462891, 0.26535284519195557, 0), (0.0003617183247115463, -0.26535290479660034, 0.9641513228416443, 0), (1, 0.00006470483640441671, -0.00035735132405534387, 0), (-1.6175882816314697, 143.29698181152344, 1.8387451171875, 1) ), ( (0.00003241021840949543, 0.9641513824462891, 0.26535284519195557, 0), (0.00036327584530226886, -0.26535290479660034, 0.9641513228416443, 0), (1, 0.00006511813262477517, -0.0003588530234992504, 0), (-1.6172128915786743, 154.44610595703125, 4.907191276550293, 1) ), ( (-0.00005621349919238128, 0.9999347925186157, 0.011419365182518959, 0), (0.00035335347638465464, -0.011419329792261124, 0.9999348521232605, 0), (1, 0.00006021511944709346, -0.0003526884247548878, 0), (-1.6172128915786743, 154.44610595703125, 4.907191276550293, 1) ), ( (0.9974254965782166, -0.0008299974724650383, -0.07169433683156967, 0), (-0.00006491226668003947, 0.9999218583106995, -0.012486490420997143, 0), (0.07169966399669647, 0.012459582649171352, 0.9973480105400085, 0), (-1.6143440008163452, 163.61770629882812, 14.607946395874023, 1) ), ( (0.9975817203521729, -0.0007376971771009266, 0.06950416415929794, 0), (0.0015671554720029235, 0.9999285340309143, -0.011884624138474464, 0), (-0.06949076801538467, 0.011964439414441586, 0.9975115656852722, 0), (-6.854155540466309, 163.617431640625, 14.609796524047852, 1) ), ( (0.9975817203521729, -0.0007376990979537368, 0.06950417160987854, 0), (0.0015671557048335671, 0.9999284148216248, -0.011884630657732487, 0), (-0.06949078291654587, 0.011964431032538414, 0.9975113868713379, 0), (-6.854158401489258, 163.6173858642578, 14.609796524047852, 1) ), ( (0.9975316524505615, 0.0008576186955906451, -0.07020990550518036, 0), (-0.0016960196662694216, 0.9999285340309143, -0.011882960796356201, 0), (0.07019457966089249, 0.011972643435001373, 0.9974616169929504, 0), (3.6253223419189453, 163.61801147460938, 14.606098175048828, 1) ), ( (0.9975317716598511, 0.0008576181717216969, -0.07020987570285797, 0), (-0.0016960195498540998, 0.9999282360076904, -0.011882957071065903, 0), (0.07019458711147308, 0.011972601525485516, 0.9974615573883057, 0), (3.6253223419189453, 163.61801147460938, 14.606098175048828, 1) ), ( (0.9999999403953552, -6.3646865555710974e-12, -0.000353376439306885, 0), (-2.2900820129123645e-11, 1.000000238418579, 1.4670150427775752e-8, 0), (0.00035337641020305455, 1.0907193370712776e-8, 1.0000001192092896, 0), (-1.6183735132217407, 175.09124755859375, 5.1429595947265625, 1) ), ( (0.9505898356437683, 0.16231955587863922, 0.2646334767341614, 0), (0.257058709859848, 0.06640385091304779, -0.964111328125, 0), (-0.1740664690732956, 0.9845012426376343, 0.0213971845805645, 0), (-6.439594268798828, 129.8409423828125, 2.5818979740142822, 1) ), ( (0.999293863773346, 0.03750000521540642, 0.0022470313124358654, 0), (0.00031909949029795825, 0.05133892968297005, -0.9986810088157654, 0), (-0.03756551817059517, 0.9979769587516785, 0.05129072815179825, 0), (-25.141338348388672, 126.64766693115234, -2.6244516372680664, 1) ), ( (0.9808040261268616, 0.046650126576423645, -0.18933260440826416, 0), (-0.19134239852428436, 0.04319367557764053, -0.9805722236633301, 0), (-0.03756553307175636, 0.9979767799377441, 0.051290713250637054, 0), (-55.941932678222656, 125.49240112304688, -2.6937127113342285, 0.9999999403953552) ), ( (0.9808040261268616, 0.046650271862745285, -0.18933263421058655, 0), (-0.1913423389196396, 0.043193716555833817, -0.9805723428726196, 0), (-0.03756564110517502, 0.9979766607284546, 0.05129076540470123, 0), (-55.941925048828125, 125.49237823486328, -2.693711519241333, 0.9999999403953552) ), ( (0.9808040261268616, 0.046650271862745285, -0.18933263421058655, 0), (-0.1913423389196396, 0.043193716555833817, -0.9805723428726196, 0), (-0.03756564110517502, 0.9979766607284546, 0.05129076540470123, 0), (-67.62265014648438, 124.93631744384766, -0.4389248192310333, 0.9999999403953552) ), ( (0.9808040261268616, 0.046650271862745285, -0.18933263421058655, 0), (-0.1913423389196396, 0.043193716555833817, -0.9805723428726196, 0), (-0.03756564110517502, 0.9979766607284546, 0.05129076540470123, 0), (-77.60458374023438, 124.46209716796875, 1.4880255460739136, 0.9999999403953552) ), ( (0.9808040261268616, 0.046650271862745285, -0.18933263421058655, 0), (-0.1913423389196396, 0.043193716555833817, -0.9805723428726196, 0), (-0.03756564110517502, 0.9979766607284546, 0.05129076540470123, 0), (-83.37945556640625, 124.18724060058594, 2.602781057357788, 0.9999999403953552) ), ( (0.9857713580131531, 0.010684698820114136, -0.16774967312812805, 0), (-0.0030927476473152637, 0.9989617466926575, 0.04545164108276367, 0), (0.16806116700172424, -0.04428599774837494, 0.9847812652587891, 0), (-83.37945556640625, 124.18724060058594, 2.602781057357788, 0.9999999403953552) ), ( (0.9368893504142761, 0.13412809371948242, -0.3228744566440582, 0), (-0.1218068078160286, 0.9908479452133179, 0.0581669881939888, 0), (0.32772132754325867, -0.015167511999607086, 0.944652259349823, 0), (-88.02647399902344, 122.87303924560547, 5.530951976776123, 0.9999999403953552) ), ( (0.7571964859962463, 0.47683507204055786, -0.4464097023010254, 0), (-0.4808602035045624, 0.8694719076156616, 0.11309930682182312, 0), (0.4420706033706665, 0.1290225237607956, 0.8876522779464722, 0), (-99.61417388916016, 122.21206665039062, 9.382736206054688, 1) ), ( (0.5019943118095398, 0.7809485793113708, -0.3716462552547455, 0), (-0.7638108730316162, 0.601891279220581, 0.23306457698345184, 0), (0.4057023227214813, 0.16687066853046417, 0.8986431360244751, 0), (-105.04280090332031, 118.79354858398438, 12.583199501037598, 1) ), ( (0.36891183257102966, 0.8857329487800598, -0.28174641728401184, 0), (-0.8604593873023987, 0.4400715231895447, 0.2567996084690094, 0), (0.3514445722103119, 0.1476951539516449, 0.9244848489761353, 0), (-107.61862182617188, 114.7861557006836, 14.490254402160645, 1) ), ( (0.9782726764678955, 0.10772392898797989, -0.17713753879070282, 0), (-0.09825417399406433, 0.9932642579078674, 0.061413247138261795, 0), (0.18256022036075592, -0.04267428070306778, 0.9822679758071899, 0), (-88.57887268066406, 123.3072738647461, 3.8436596393585205, 0.9999999403953552) ), ( (0.8671300411224365, 0.4897509515285492, -0.09071661531925201, 0), (-0.49094071984291077, 0.8711329698562622, 0.010233841836452484, 0), (0.08403830230236053, 0.035662535578012466, 0.9958242177963257, 0), (-100.23736572265625, 123.1495361328125, 5.755385398864746, 1) ), ( (0.6103323698043823, 0.7880579233169556, -0.08036895841360092, 0), (-0.7894386053085327, 0.6134880185127258, 0.020456429570913315, 0), (0.06542647629976273, 0.050961319357156754, 0.9965548515319824, 0), (-107.10252380371094, 119.27205657958984, 6.473597526550293, 0.9999999403953552) ), ( (0.49062439799308777, 0.8673387169837952, -0.08373504132032394, 0), (-0.8713245987892151, 0.48931655287742615, -0.03690055385231972, 0), (0.008967796340584755, 0.09106476604938507, 0.9958044290542603, 0), (-110.53069305419922, 114.84552001953125, 6.9250335693359375, 0.9999999403953552) ), ( (0.9857714772224426, 0.010684480890631676, -0.16774971783161163, 0), (-0.003088677302002907, 0.9989607334136963, 0.045474179089069366, 0), (0.16806131601333618, -0.04430890828371048, 0.9847801327705383, 0), (-83.25090026855469, 124.01644897460938, 2.5883171558380127, 0.9999999403953552) ), ( (0.9903795123100281, 0.092037633061409, 0.10333243012428284, 0), (-0.048726752400398254, 0.9308661222457886, -0.36209654808044434, 0), (-0.12951500713825226, 0.35357803106307983, 0.9263951182365417, 0), (-88.84945678710938, 122.70633697509766, -0.008567124605178833, 0.9999999403953552) ), ( (0.7367636561393738, 0.4993170201778412, 0.45591863989830017, 0), (-0.4314206838607788, 0.8663455247879028, -0.2516367435455322, 0), (-0.5206295251846313, -0.011296018026769161, 0.8537075519561768, 0), (-98.5755615234375, 121.80247497558594, -1.0229830741882324, 1) ), ( (0.529436469078064, 0.7489417195320129, 0.3984766900539398, 0), (-0.5869187116622925, 0.6625175476074219, -0.4653993248939514, 0), (-0.6125544905662537, 0.012525847181677818, 0.7903287410736084, 0), (-103.06336975097656, 118.760986328125, -3.8001084327697754, 1) ), ( (0.4356670677661896, 0.8766946196556091, 0.20396201312541962, 0), (-0.7082635164260864, 0.47373270988464355, -0.5233922600746155, 0), (-0.5554789304733276, 0.08356574177742004, 0.8273209929466248, 0), (-105.46381378173828, 115.36512756347656, -5.606842994689941, 1) ), ( (0.9902864694595337, 0.13282480835914612, -0.041114624589681625, 0), (-0.12962031364440918, 0.988896369934082, 0.07268276810646057, 0), (0.050312161445617676, -0.06664737313985825, 0.9965069890022278, 0), (-88.82198333740234, 123.13579559326172, 2.041475296020508, 0.9999999403953552) ), ( (0.8443171381950378, 0.49037492275238037, 0.2160113900899887, 0), (-0.48912176489830017, 0.8699329495429993, -0.06304974853992462, 0), (-0.218833327293396, -0.0524219311773777, 0.9743527173995972, 0), (-99.72864532470703, 122.61680603027344, 2.319810628890991, 0.9999999403953552) ), ( (0.591274082660675, 0.7916128039360046, 0.15409162640571594, 0), (-0.7646827697753906, 0.6110144853591919, -0.20474651455879211, 0), (-0.25623223185539246, 0.003230069298297167, 0.9666095972061157, 0), (-105.91680145263672, 119.02278137207031, 0.7366286516189575, 0.9999999403953552) ), ( (0.4152931272983551, 0.9084811806678772, 0.04684140533208847, 0), (-0.8813196420669556, 0.4145672023296356, -0.2267352193593979, 0), (-0.22540341317653656, 0.05287933722138405, 0.9728291034698486, 0), (-109.151611328125, 114.6919937133789, -0.10640338063240051, 0.9999999403953552) ), ( (0.2614066004753113, 0.7818347811698914, -0.5660397410392761, 0), (0.21577437222003937, 0.5242564678192139, 0.8237696886062622, 0), (0.9408016800880432, -0.3374755084514618, -0.03165586665272713, 0), (-85.93836975097656, 122.19005584716797, 4.5550336837768555, 0.9999999403953552) ), ( (0.32430294156074524, 0.8280797004699707, -0.4572872817516327, 0), (0.8221357464790344, -0.0076254685409367085, 0.5692405700683594, 0), (0.46788936853408813, -0.560558021068573, -0.683266818523407, 0), (-87.6921615600586, 116.94432830810547, 8.352773666381836, 1) ), ( (0.31729376316070557, 0.7275308966636658, -0.608295738697052, 0), (0.7680163383483887, 0.1791439652442932, 0.6148644685745239, 0), (0.5563051104545593, -0.6622737646102905, -0.5019145011901855, 0), (-89.75452423095703, 111.67826080322266, 11.260832786560059, 1) ), ( (0.10266002267599106, 0.778647780418396, -0.6190060973167419, 0), (0.8878348469734192, 0.20889566838741302, 0.4100138545036316, 0), (0.44856396317481995, -0.591667115688324, -0.6698657274246216, 0), (-91.83321380615234, 106.9123306274414, 15.245771408081055, 1) ), ( (1, 3.964669303968549e-8, -4.536559572443366e-8, 0), (1.4267459214067912e-8, 1.0000001192092896, 2.2119323261904356e-8, 0), (-2.0372388498390848e-10, -1.017483874932168e-8, 0.9999996423721313, 0), (-91.80841827392578, 109.78964233398438, 4.179086208343506, 0.9999999403953552) ), ( (0.999293863773346, 0.037499990314245224, 0.002247030846774578, 0), (0.00031907204538583755, 0.05133889988064766, -0.9986808896064758, 0), (-0.037565503269433975, 0.9979767799377441, 0.051290709525346756, 0), (-38.04677200317383, 126.1638412475586, -2.653473377227783, 0.9999999403953552) ), ( (0.999293863773346, 0.037499990314245224, 0.002247030846774578, 0), (0.00031907204538583755, 0.05133889988064766, -0.9986808896064758, 0), (-0.037565503269433975, 0.9979767799377441, 0.051290709525346756, 0), (-46.6288948059082, 125.84140014648438, -2.672771692276001, 0.9999999403953552) ), ( (0.999293863773346, 0.037499990314245224, 0.002247030846774578, 0), (0.00031907204538583755, 0.05133889988064766, -0.9986808896064758, 0), (-0.037565503269433975, 0.9979767799377441, 0.051290709525346756, 0), (-55.941932678222656, 125.49240112304688, -2.6937127113342285, 0.9999999403953552) ), ( (0.9999999403953552, -5.455191853798169e-12, -0.0003571597917471081, 0), (-1.322787625962496e-11, 1.000000238418579, 8.151574526493732e-9, 0), (0.0003571597917471081, -4.037915835031214e-10, 0.9999999403953552, 0), (-1.6259368658065796, 117.70098114013672, -26.68161392211914, 1) ), ( (0.0035040576476603746, -0.9987395405769348, 0.05007264018058777, 0), (0.0001247526815859601, -0.050072479993104935, -0.9987456798553467, 0), (0.9999938607215881, 0.0035058793146163225, -0.00005086153032607399, 0), (18.814960479736328, 65.53778076171875, -1.270593285560608, 1) ), ( (0.0035045410040766, -0.999849796295166, -0.01698366366326809, 0), (-0.00011039725359296426, 0.016983410343527794, -0.9998559355735779, 0), (0.9999938607215881, 0.0035058807116001844, -0.000050861672207247466, 0), (18.92858123779297, 33.15410232543945, 0.3529900312423706, 1) ), ( (0.08968586474657059, -0.9950042366981506, 0.04385312274098396, 0), (0.038123298436403275, 0.04742789641022682, 0.9981467723846436, 0), (-0.9952399134635925, -0.08784779906272888, 0.04218646138906479, 0), (19.01555633544922, 8.337875366210938, -0.06854617595672607, 1) ), ( (0.03812452778220177, 0.047425806522369385, 0.9981468915939331, 0), (0.08968578279018402, -0.995004415512085, 0.04385099187493324, 0), (0.9952399730682373, 0.0878477618098259, -0.04218749329447746, 0), (20.264114379882812, 2.5087814331054688, 17.248159408569336, 1) ), ( (0.03812556713819504, 0.047425881028175354, 0.9981467127799988, 0), (0.08968546986579895, -0.9950042366981506, 0.04385100305080414, 0), (0.9952398538589478, 0.08784739673137665, -0.04218852519989014, 0), (20.444782257080078, 2.7335128784179688, 21.97848892211914, 1) ), ( (0.08959387987852097, -0.9951132535934448, 0.04151337966322899, 0), (0.038332998752593994, 0.045095354318618774, 0.9982467889785767, 0), (-0.9952402710914612, -0.08784546703100204, 0.042185939848423004, 0), (19.01555633544922, 8.337882995605469, -0.06854712963104248, 1) ), ( (0.9974110126495361, -3.5445584245508144e-9, -0.07191436737775803, 0), (-8.747711888190679e-9, 1.0000003576278687, -3.770320056162291e-9, 0), (0.07191435247659683, -6.648135375542097e-9, 0.9974110722541809, 0), (19.63983917236328, 0.43755340576171875, 8.589804649353027, 1) ), ( (0.0035035875625908375, -0.999894917011261, -0.014060234650969505, 0), (-0.00009951232641469687, 0.014060013927519321, -0.9999011754989624, 0), (0.9999938011169434, 0.0035046106204390526, -0.000050241487770108506, 0), (18.928586959838867, 33.15483474731445, 0.35299408435821533, 1) ), ( (0.0035030029248446226, -0.9998497366905212, -0.016983656212687492, 0), (-0.012551193125545979, 0.01693849079310894, -0.9997778534889221, 0), (0.9999151229858398, 0.003715360537171364, -0.012489969842135906, 0), (19.01136589050293, 21.95691680908203, 0.1277676820755005, 1) ), ( (0.003500505117699504, -0.9998497366905212, -0.016983656212687492, 0), (-0.024990051984786987, 0.01689102314412594, -0.9995452165603638, 0), (0.9996816515922546, 0.003923306707292795, -0.02492716908454895, 0), (19.03523826599121, 15.147777557373047, 0.012104511260986328, 1) ), ( (0.003499722806736827, -0.9998497366905212, -0.016983656212687492, 0), (-0.03780176490545273, 0.016839375719428062, -0.9991435408592224, 0), (0.9992790818214417, 0.004138707648962736, -0.037737153470516205, 0), (19.059099197387695, 8.338615417480469, -0.10356032848358154, 1) ), ( (0.003502907697111368, -0.9987395405769348, 0.05007264018058777, 0), (0.0001251791836693883, -0.050072476267814636, -0.9987456202507019, 0), (0.9999938607215881, 0.0035047519486397505, -0.0000503779410792049, 0), (18.918869018554688, 60.750160217285156, -0.9917575716972351, 1) ), ( (0.003501057857647538, -0.99873948097229, 0.05007263645529747, 0), (0.00012475265248212963, -0.050072476267814636, -0.9987456202507019, 0), (0.9999938607215881, 0.003502883017063141, -0.000050711314543150365, 0), (18.95790672302246, 49.625728607177734, -0.4340254068374634, 1) ), ( (0.003501367522403598, -0.99873948097229, 0.05007263645529747, 0), (0.00012602497008629143, -0.05007247254252434, -0.9987456202507019, 0), (0.9999938607215881, 0.003503256244584918, -0.000049456124543212354, 0), (18.964357376098633, 35.37050247192383, 0.26127517223358154, 1) ), ( (0.0034684857819229364, 0.9987395405769348, -0.050072990357875824, 0), (0.00022480596089735627, 0.05007248744368553, 0.9987455606460571, 0), (0.9999939799308777, -0.003475421341136098, -0.00005084676740807481, 0), (-22.043712615966797, 65.53713989257812, -1.2685155868530273, 1) ), ( (0.003475755453109741, 0.9998498558998108, 0.01698330044746399, 0), (-0.0000081846037573996, -0.0169833991676569, 0.9998558759689331, 0), (0.9999939799308777, -0.00347542273811996, -0.00005084662188892253, 0), (-22.156185150146484, 33.15345764160156, 0.35507941246032715, 1) ), ( (0.08965104073286057, 0.9950068593025208, -0.043862249702215195, 0), (0.038023218512535095, -0.0474267303943634, -0.9981504678726196, 0), (-0.9952467679977417, 0.08781748265028, -0.042085230350494385, 0), (-22.242448806762695, 8.337257385253906, -0.06644797325134277, 1) ), ( (0.03802444785833359, -0.04742463678121567, -0.9981504678726196, 0), (0.0896509513258934, 0.9950069189071655, -0.04386010766029358, 0), (0.9952468276023865, -0.08781743794679642, 0.04208626598119736, 0), (-23.48906135559082, 2.5081253051757812, 17.25037956237793, 1) ), ( (0.038024451583623886, -0.04742463305592537, -0.9981505870819092, 0), (0.08965129405260086, 0.9950070381164551, -0.04386008530855179, 0), (0.995246946811676, -0.08781778812408447, 0.04208628460764885, 0), (-23.669260025024414, 2.7328338623046875, 21.980670928955078, 1) ), ( (0.08955928683280945, 0.9951157569885254, -0.04152248799800873, 0), (0.03823285922408104, -0.04509418457746506, -0.9982506632804871, 0), (-0.9952472448348999, 0.08781515061855316, -0.0420847162604332, 0), (-22.242448806762695, 8.337272644042969, -0.06644749641418457, 1) ), ( (0.997418999671936, -8.273952190052114e-9, 0.07180282473564148, 0), (-1.7288854792241182e-8, 1.0000001192092896, 1.2589877584900933e-8, 0), (-0.07180280983448029, -6.470944224901132e-9, 0.997418999671936, 0), (-22.86575698852539, 0.15574797987937927, 8.591967582702637, 1.0000001192092896) ), ( (0.003474503755569458, 0.9998950362205505, 0.014059876091778278, 0), (0.000002616081019368721, -0.014060008339583874, 0.9999010562896729, 0), (0.9999939799308777, -0.0034741531126201153, -0.000051467210141709074, 0), (-22.156185150146484, 33.15419006347656, 0.3550833463668823, 1) ), ( (0.003475758247077465, 0.999849796295166, 0.01698329672217369, 0), (-0.01244899071753025, -0.01693885587155819, 0.9997791647911072, 0), (0.9999165534973145, -0.0036864455323666334, 0.012388243339955807, 0), (-22.23866081237793, 21.956317901611328, 0.12986528873443604, 1) ), ( (0.0034757552202790976, 0.999849796295166, 0.016983289271593094, 0), (-0.024887872859835625, -0.016891684383153915, 0.9995476603507996, 0), (0.9996841549873352, -0.0038968923036009073, 0.02482541836798191, 0), (-22.2623291015625, 15.14718246459961, 0.014204263687133789, 1) ), ( (0.0034757577814161777, 0.999849796295166, 0.016983289271593094, 0), (-0.037699636071920395, -0.016840344294905663, 0.9991472959518433, 0), (0.9992830753326416, -0.004113089293241501, 0.037635438144207, 0), (-22.28599739074707, 8.338005065917969, -0.10145807266235352, 1) ), ( (0.0034684857819229364, 0.9987395405769348, -0.05007299408316612, 0), (0.00022523266670759767, 0.05007248744368553, 0.9987455606460571, 0), (0.9999939799308777, -0.003475442761555314, -0.00005127293479745276, 0), (-22.1474552154541, 60.74945831298828, -0.9896671175956726, 1) ), ( (0.0034684857819229364, 0.9987395405769348, -0.05007299408316612, 0), (0.00022480594634544104, 0.05007248371839523, 0.9987455606460571, 0), (0.9999939799308777, -0.003475421341136098, -0.000050846763770096004, 0), (-22.186086654663086, 49.62504577636719, -0.4319312572479248, 1) ), ( (0.0034684857819229364, 0.9987395405769348, -0.05007299408316612, 0), (0.0002260782930534333, 0.050072479993104935, 0.9987455606460571, 0), (0.9999939799308777, -0.003475485136732459, -0.000052117538871243596, 0), (-22.19204330444336, 35.36985397338867, 0.26336824893951416, 1) ), ( (1, 0, 0, 0), (0, 1, 0, 0), (0, -2.7628073440144618e-14, 1, 0), (22.85846519470215, 76.76612854003906, 26.798755645751953, 1) ), ( (1, 0, 0, 0), (0, 1, 0, 0), (0, -2.7628073440144618e-14, 1, 0), (20.267976760864258, 76.76595306396484, -34.109474182128906, 1) ), ( (1, 0, 0, 0), (0, 1, 0, 0), (0, -2.7628073440144618e-14, 1, 0), (-25.586502075195312, 76.76538848876953, 26.26102638244629, 1) ), ( (1, 0, 0, 0), (0, 1, 0, 0), (0, -2.7628073440144618e-14, 1, 0), (-23.275634765625, 76.76527404785156, -34.109474182128906, 1) )]
        uniform token[] joints = ["root_joint", "root_joint/pelvis_joint", "root_joint/pelvis_joint/spineLower_joint", "root_joint/pelvis_joint/spineLower_joint/spineMiddle_joint", "root_joint/pelvis_joint/spineLower_joint/spineMiddle_joint/spineUpper_joint", "root_joint/pelvis_joint/spineLower_joint/spineMiddle_joint/spineUpper_joint/chest_joint", "root_joint/pelvis_joint/spineLower_joint/spineMiddle_joint/spineUpper_joint/chest_joint/clavicle_left_joint", "root_joint/pelvis_joint/spineLower_joint/spineMiddle_joint/spineUpper_joint/chest_joint/clavicle_left_joint/shoulder_left_joint", "root_joint/pelvis_joint/spineLower_joint/spineMiddle_joint/spineUpper_joint/chest_joint/clavicle_left_joint/shoulder_left_joint/elbow_left_joint", "root_joint/pelvis_joint/spineLower_joint/spineMiddle_joint/spineUpper_joint/chest_joint/clavicle_left_joint/shoulder_left_joint/elbow_left_joint/elbow_partial_left_joint", "root_joint/pelvis_joint/spineLower_joint/spineMiddle_joint/spineUpper_joint/chest_joint/clavicle_left_joint/shoulder_left_joint/elbow_left_joint/armLower_twist_01_left_joint", "root_joint/pelvis_joint/spineLower_joint/spineMiddle_joint/spineUpper_joint/chest_joint/clavicle_left_joint/shoulder_left_joint/elbow_left_joint/armLower_twist_02_left_joint", "root_joint/pelvis_joint/spineLower_joint/spineMiddle_joint/spineUpper_joint/chest_joint/clavicle_left_joint/shoulder_left_joint/elbow_left_joint/armLower_twist_03_left_joint", "root_joint/pelvis_joint/spineLower_joint/spineMiddle_joint/spineUpper_joint/chest_joint/clavicle_left_joint/shoulder_left_joint/elbow_left_joint/handWrist_left_joint", "root_joint/pelvis_joint/spineLower_joint/spineMiddle_joint/spineUpper_joint/chest_joint/clavicle_left_joint/shoulder_left_joint/elbow_left_joint/handWrist_left_joint/handIndexMeta_left_joint", "root_joint/pelvis_joint/spineLower_joint/spineMiddle_joint/spineUpper_joint/chest_joint/clavicle_left_joint/shoulder_left_joint/elbow_left_joint/handWrist_left_joint/handIndexMeta_left_joint/handIndex_00_left_joint", "root_joint/pelvis_joint/spineLower_joint/spineMiddle_joint/spineUpper_joint/chest_joint/clavicle_left_joint/shoulder_left_joint/elbow_left_joint/handWrist_left_joint/handIndexMeta_left_joint/handIndex_00_left_joint/handIndex_01_left_joint", "root_joint/pelvis_joint/spineLower_joint/spineMiddle_joint/spineUpper_joint/chest_joint/clavicle_left_joint/shoulder_left_joint/elbow_left_joint/handWrist_left_joint/handIndexMeta_left_joint/handIndex_00_left_joint/handIndex_01_left_joint/handIndex_02_left_joint", "root_joint/pelvis_joint/spineLower_joint/spineMiddle_joint/spineUpper_joint/chest_joint/clavicle_left_joint/shoulder_left_joint/elbow_left_joint/handWrist_left_joint/handMiddleMeta_left_joint", "root_joint/pelvis_joint/spineLower_joint/spineMiddle_joint/spineUpper_joint/chest_joint/clavicle_left_joint/shoulder_left_joint/elbow_left_joint/handWrist_left_joint/handMiddleMeta_left_joint/handMiddle_00_left_joint", "root_joint/pelvis_joint/spineLower_joint/spineMiddle_joint/spineUpper_joint/chest_joint/clavicle_left_joint/shoulder_left_joint/elbow_left_joint/handWrist_left_joint/handMiddleMeta_left_joint/handMiddle_00_left_joint/handMiddle_01_left_joint", "root_joint/pelvis_joint/spineLower_joint/spineMiddle_joint/spineUpper_joint/chest_joint/clavicle_left_joint/shoulder_left_joint/elbow_left_joint/handWrist_left_joint/handMiddleMeta_left_joint/handMiddle_00_left_joint/handMiddle_01_left_joint/handMiddle_02_left_joint", "root_joint/pelvis_joint/spineLower_joint/spineMiddle_joint/spineUpper_joint/chest_joint/clavicle_left_joint/shoulder_left_joint/elbow_left_joint/handWrist_left_joint/handWrist_partial_left_joint", "root_joint/pelvis_joint/spineLower_joint/spineMiddle_joint/spineUpper_joint/chest_joint/clavicle_left_joint/shoulder_left_joint/elbow_left_joint/handWrist_left_joint/handPinkyMeta_left_joint", "root_joint/pelvis_joint/spineLower_joint/spineMiddle_joint/spineUpper_joint/chest_joint/clavicle_left_joint/shoulder_left_joint/elbow_left_joint/handWrist_left_joint/handPinkyMeta_left_joint/handPinky_00_left_joint", "root_joint/pelvis_joint/spineLower_joint/spineMiddle_joint/spineUpper_joint/chest_joint/clavicle_left_joint/shoulder_left_joint/elbow_left_joint/handWrist_left_joint/handPinkyMeta_left_joint/handPinky_00_left_joint/handPinky_01_left_joint", "root_joint/pelvis_joint/spineLower_joint/spineMiddle_joint/spineUpper_joint/chest_joint/clavicle_left_joint/shoulder_left_joint/elbow_left_joint/handWrist_left_joint/handPinkyMeta_left_joint/handPinky_00_left_joint/handPinky_01_left_joint/handPinky_02_left_joint", "root_joint/pelvis_joint/spineLower_joint/spineMiddle_joint/spineUpper_joint/chest_joint/clavicle_left_joint/shoulder_left_joint/elbow_left_joint/handWrist_left_joint/handRingMeta_left_joint", "root_joint/pelvis_joint/spineLower_joint/spineMiddle_joint/spineUpper_joint/chest_joint/clavicle_left_joint/shoulder_left_joint/elbow_left_joint/handWrist_left_joint/handRingMeta_left_joint/handRing_00_left_joint", "root_joint/pelvis_joint/spineLower_joint/spineMiddle_joint/spineUpper_joint/chest_joint/clavicle_left_joint/shoulder_left_joint/elbow_left_joint/handWrist_left_joint/handRingMeta_left_joint/handRing_00_left_joint/handRing_01_left_joint", "root_joint/pelvis_joint/spineLower_joint/spineMiddle_joint/spineUpper_joint/chest_joint/clavicle_left_joint/shoulder_left_joint/elbow_left_joint/handWrist_left_joint/handRingMeta_left_joint/handRing_00_left_joint/handRing_01_left_joint/handRing_02_left_joint", "root_joint/pelvis_joint/spineLower_joint/spineMiddle_joint/spineUpper_joint/chest_joint/clavicle_left_joint/shoulder_left_joint/elbow_left_joint/handWrist_left_joint/handThumbMeta_left_joint", "root_joint/pelvis_joint/spineLower_joint/spineMiddle_joint/spineUpper_joint/chest_joint/clavicle_left_joint/shoulder_left_joint/elbow_left_joint/handWrist_left_joint/handThumbMeta_left_joint/handThumb_00_left_joint", "root_joint/pelvis_joint/spineLower_joint/spineMiddle_joint/spineUpper_joint/chest_joint/clavicle_left_joint/shoulder_left_joint/elbow_left_joint/handWrist_left_joint/handThumbMeta_left_joint/handThumb_00_left_joint/handThumb_01_left_joint", "root_joint/pelvis_joint/spineLower_joint/spineMiddle_joint/spineUpper_joint/chest_joint/clavicle_left_joint/shoulder_left_joint/elbow_left_joint/handWrist_left_joint/handThumbMeta_left_joint/handThumb_00_left_joint/handThumb_01_left_joint/handThumb_02_left_joint", "root_joint/pelvis_joint/spineLower_joint/spineMiddle_joint/spineUpper_joint/chest_joint/clavicle_left_joint/shoulder_left_joint/elbow_left_joint/handWrist_left_joint/hand_l_socket", "root_joint/pelvis_joint/spineLower_joint/spineMiddle_joint/spineUpper_joint/chest_joint/clavicle_left_joint/shoulder_left_joint/armUpper_twist_01_left_joint", "root_joint/pelvis_joint/spineLower_joint/spineMiddle_joint/spineUpper_joint/chest_joint/clavicle_left_joint/shoulder_left_joint/armUpper_twist_02_left_joint", "root_joint/pelvis_joint/spineLower_joint/spineMiddle_joint/spineUpper_joint/chest_joint/clavicle_left_joint/shoulder_left_joint/armUpper_twist_03_left_joint", "root_joint/pelvis_joint/spineLower_joint/spineMiddle_joint/spineUpper_joint/chest_joint/neck_joint", "root_joint/pelvis_joint/spineLower_joint/spineMiddle_joint/spineUpper_joint/chest_joint/neck_joint/neck_twist_01_joint", "root_joint/pelvis_joint/spineLower_joint/spineMiddle_joint/spineUpper_joint/chest_joint/neck_joint/neck_twist_02_joint", "root_joint/pelvis_joint/spineLower_joint/spineMiddle_joint/spineUpper_joint/chest_joint/neck_joint/head_joint", "root_joint/pelvis_joint/spineLower_joint/spineMiddle_joint/spineUpper_joint/chest_joint/neck_joint/head_joint/head_tracker_target", "root_joint/pelvis_joint/spineLower_joint/spineMiddle_joint/spineUpper_joint/chest_joint/neck_joint/head_joint/eye_offset_right_joint", "root_joint/pelvis_joint/spineLower_joint/spineMiddle_joint/spineUpper_joint/chest_joint/neck_joint/head_joint/eye_offset_right_joint/eye_right_joint", "root_joint/pelvis_joint/spineLower_joint/spineMiddle_joint/spineUpper_joint/chest_joint/neck_joint/head_joint/eye_offset_left_joint", "root_joint/pelvis_joint/spineLower_joint/spineMiddle_joint/spineUpper_joint/chest_joint/neck_joint/head_joint/eye_offset_left_joint/eye_left_joint", "root_joint/pelvis_joint/spineLower_joint/spineMiddle_joint/spineUpper_joint/chest_joint/neck_joint/head_joint/head_socket", "root_joint/pelvis_joint/spineLower_joint/spineMiddle_joint/spineUpper_joint/chest_joint/clavicle_right_joint", "root_joint/pelvis_joint/spineLower_joint/spineMiddle_joint/spineUpper_joint/chest_joint/clavicle_right_joint/shoulder_right_joint", "root_joint/pelvis_joint/spineLower_joint/spineMiddle_joint/spineUpper_joint/chest_joint/clavicle_right_joint/shoulder_right_joint/elbow_right_joint", "root_joint/pelvis_joint/spineLower_joint/spineMiddle_joint/spineUpper_joint/chest_joint/clavicle_right_joint/shoulder_right_joint/elbow_right_joint/elbow_partial_right_joint", "root_joint/pelvis_joint/spineLower_joint/spineMiddle_joint/spineUpper_joint/chest_joint/clavicle_right_joint/shoulder_right_joint/elbow_right_joint/armLower_twist_01_right_joint", "root_joint/pelvis_joint/spineLower_joint/spineMiddle_joint/spineUpper_joint/chest_joint/clavicle_right_joint/shoulder_right_joint/elbow_right_joint/armLower_twist_02_right_joint", "root_joint/pelvis_joint/spineLower_joint/spineMiddle_joint/spineUpper_joint/chest_joint/clavicle_right_joint/shoulder_right_joint/elbow_right_joint/armLower_twist_03_right_joint", "root_joint/pelvis_joint/spineLower_joint/spineMiddle_joint/spineUpper_joint/chest_joint/clavicle_right_joint/shoulder_right_joint/elbow_right_joint/handWrist_right_joint", "root_joint/pelvis_joint/spineLower_joint/spineMiddle_joint/spineUpper_joint/chest_joint/clavicle_right_joint/shoulder_right_joint/elbow_right_joint/handWrist_right_joint/handIndexMeta_right_joint", "root_joint/pelvis_joint/spineLower_joint/spineMiddle_joint/spineUpper_joint/chest_joint/clavicle_right_joint/shoulder_right_joint/elbow_right_joint/handWrist_right_joint/handIndexMeta_right_joint/handIndex_00_right_joint", "root_joint/pelvis_joint/spineLower_joint/spineMiddle_joint/spineUpper_joint/chest_joint/clavicle_right_joint/shoulder_right_joint/elbow_right_joint/handWrist_right_joint/handIndexMeta_right_joint/handIndex_00_right_joint/handIndex_01_right_joint", "root_joint/pelvis_joint/spineLower_joint/spineMiddle_joint/spineUpper_joint/chest_joint/clavicle_right_joint/shoulder_right_joint/elbow_right_joint/handWrist_right_joint/handIndexMeta_right_joint/handIndex_00_right_joint/handIndex_01_right_joint/handIndex_02_right_joint", "root_joint/pelvis_joint/spineLower_joint/spineMiddle_joint/spineUpper_joint/chest_joint/clavicle_right_joint/shoulder_right_joint/elbow_right_joint/handWrist_right_joint/handMiddleMeta_right_joint", "root_joint/pelvis_joint/spineLower_joint/spineMiddle_joint/spineUpper_joint/chest_joint/clavicle_right_joint/shoulder_right_joint/elbow_right_joint/handWrist_right_joint/handMiddleMeta_right_joint/handMiddle_00_right_joint", "root_joint/pelvis_joint/spineLower_joint/spineMiddle_joint/spineUpper_joint/chest_joint/clavicle_right_joint/shoulder_right_joint/elbow_right_joint/handWrist_right_joint/handMiddleMeta_right_joint/handMiddle_00_right_joint/handMiddle_01_right_joint", "root_joint/pelvis_joint/spineLower_joint/spineMiddle_joint/spineUpper_joint/chest_joint/clavicle_right_joint/shoulder_right_joint/elbow_right_joint/handWrist_right_joint/handMiddleMeta_right_joint/handMiddle_00_right_joint/handMiddle_01_right_joint/handMiddle_02_right_joint", "root_joint/pelvis_joint/spineLower_joint/spineMiddle_joint/spineUpper_joint/chest_joint/clavicle_right_joint/shoulder_right_joint/elbow_right_joint/handWrist_right_joint/handWrist_partial_right_joint", "root_joint/pelvis_joint/spineLower_joint/spineMiddle_joint/spineUpper_joint/chest_joint/clavicle_right_joint/shoulder_right_joint/elbow_right_joint/handWrist_right_joint/handPinkyMeta_right_joint", "root_joint/pelvis_joint/spineLower_joint/spineMiddle_joint/spineUpper_joint/chest_joint/clavicle_right_joint/shoulder_right_joint/elbow_right_joint/handWrist_right_joint/handPinkyMeta_right_joint/handPinky_00_right_joint", "root_joint/pelvis_joint/spineLower_joint/spineMiddle_joint/spineUpper_joint/chest_joint/clavicle_right_joint/shoulder_right_joint/elbow_right_joint/handWrist_right_joint/handPinkyMeta_right_joint/handPinky_00_right_joint/handPinky_01_right_joint", "root_joint/pelvis_joint/spineLower_joint/spineMiddle_joint/spineUpper_joint/chest_joint/clavicle_right_joint/shoulder_right_joint/elbow_right_joint/handWrist_right_joint/handPinkyMeta_right_joint/handPinky_00_right_joint/handPinky_01_right_joint/handPinky_02_right_joint", "root_joint/pelvis_joint/spineLower_joint/spineMiddle_joint/spineUpper_joint/chest_joint/clavicle_right_joint/shoulder_right_joint/elbow_right_joint/handWrist_right_joint/handRingMeta_right_joint", "root_joint/pelvis_joint/spineLower_joint/spineMiddle_joint/spineUpper_joint/chest_joint/clavicle_right_joint/shoulder_right_joint/elbow_right_joint/handWrist_right_joint/handRingMeta_right_joint/handRing_00_right_joint", "root_joint/pelvis_joint/spineLower_joint/spineMiddle_joint/spineUpper_joint/chest_joint/clavicle_right_joint/shoulder_right_joint/elbow_right_joint/handWrist_right_joint/handRingMeta_right_joint/handRing_00_right_joint/handRing_01_right_joint", "root_joint/pelvis_joint/spineLower_joint/spineMiddle_joint/spineUpper_joint/chest_joint/clavicle_right_joint/shoulder_right_joint/elbow_right_joint/handWrist_right_joint/handRingMeta_right_joint/handRing_00_right_joint/handRing_01_right_joint/handRing_02_right_joint", "root_joint/pelvis_joint/spineLower_joint/spineMiddle_joint/spineUpper_joint/chest_joint/clavicle_right_joint/shoulder_right_joint/elbow_right_joint/handWrist_right_joint/handThumbMeta_right_joint", "root_joint/pelvis_joint/spineLower_joint/spineMiddle_joint/spineUpper_joint/chest_joint/clavicle_right_joint/shoulder_right_joint/elbow_right_joint/handWrist_right_joint/handThumbMeta_right_joint/handThumb_00_right_joint", "root_joint/pelvis_joint/spineLower_joint/spineMiddle_joint/spineUpper_joint/chest_joint/clavicle_right_joint/shoulder_right_joint/elbow_right_joint/handWrist_right_joint/handThumbMeta_right_joint/handThumb_00_right_joint/handThumb_01_right_joint", "root_joint/pelvis_joint/spineLower_joint/spineMiddle_joint/spineUpper_joint/chest_joint/clavicle_right_joint/shoulder_right_joint/elbow_right_joint/handWrist_right_joint/handThumbMeta_right_joint/handThumb_00_right_joint/handThumb_01_right_joint/handThumb_02_right_joint", "root_joint/pelvis_joint/spineLower_joint/spineMiddle_joint/spineUpper_joint/chest_joint/clavicle_right_joint/shoulder_right_joint/elbow_right_joint/handWrist_right_joint/hand_r_socket", "root_joint/pelvis_joint/spineLower_joint/spineMiddle_joint/spineUpper_joint/chest_joint/clavicle_right_joint/shoulder_right_joint/armUpper_twist_01_right_joint", "root_joint/pelvis_joint/spineLower_joint/spineMiddle_joint/spineUpper_joint/chest_joint/clavicle_right_joint/shoulder_right_joint/armUpper_twist_02_right_joint", "root_joint/pelvis_joint/spineLower_joint/spineMiddle_joint/spineUpper_joint/chest_joint/clavicle_right_joint/shoulder_right_joint/armUpper_twist_03_right_joint", "root_joint/pelvis_joint/spineLower_joint/spineMiddle_joint/spineUpper_joint/chest_joint/back_socket", "root_joint/pelvis_joint/hip_left_joint", "root_joint/pelvis_joint/hip_left_joint/knee_left_joint", "root_joint/pelvis_joint/hip_left_joint/knee_left_joint/footAnkle_left_joint", "root_joint/pelvis_joint/hip_left_joint/knee_left_joint/footAnkle_left_joint/footBall_left_joint", "root_joint/pelvis_joint/hip_left_joint/knee_left_joint/footAnkle_left_joint/footBall_left_joint/footToe_left_joint", "root_joint/pelvis_joint/hip_left_joint/knee_left_joint/footAnkle_left_joint/footAnkle_partial_left_joint", "root_joint/pelvis_joint/hip_left_joint/knee_left_joint/footAnkle_left_joint/foot_l_socket", "root_joint/pelvis_joint/hip_left_joint/knee_left_joint/knee_partial_left_joint", "root_joint/pelvis_joint/hip_left_joint/knee_left_joint/legLower_twist_01_left_joint", "root_joint/pelvis_joint/hip_left_joint/knee_left_joint/legLower_twist_02_left_joint", "root_joint/pelvis_joint/hip_left_joint/knee_left_joint/legLower_twist_03_left_joint", "root_joint/pelvis_joint/hip_left_joint/legUpper_twist_01_left_joint", "root_joint/pelvis_joint/hip_left_joint/legUpper_twist_02_left_joint", "root_joint/pelvis_joint/hip_left_joint/legUpper_twist_03_left_joint", "root_joint/pelvis_joint/hip_right_joint", "root_joint/pelvis_joint/hip_right_joint/knee_right_joint", "root_joint/pelvis_joint/hip_right_joint/knee_right_joint/footAnkle_right_joint", "root_joint/pelvis_joint/hip_right_joint/knee_right_joint/footAnkle_right_joint/footBall_right_joint", "root_joint/pelvis_joint/hip_right_joint/knee_right_joint/footAnkle_right_joint/footBall_right_joint/footToe_right_joint", "root_joint/pelvis_joint/hip_right_joint/knee_right_joint/footAnkle_right_joint/footAnkle_partial_right_joint", "root_joint/pelvis_joint/hip_right_joint/knee_right_joint/footAnkle_right_joint/foot_r_socket", "root_joint/pelvis_joint/hip_right_joint/knee_right_joint/knee_partial_right_joint", "root_joint/pelvis_joint/hip_right_joint/knee_right_joint/legLower_twist_01_right_joint", "root_joint/pelvis_joint/hip_right_joint/knee_right_joint/legLower_twist_02_right_joint", "root_joint/pelvis_joint/hip_right_joint/knee_right_joint/legLower_twist_03_right_joint", "root_joint/pelvis_joint/hip_right_joint/legUpper_twist_01_right_joint", "root_joint/pelvis_joint/hip_right_joint/legUpper_twist_02_right_joint", "root_joint/pelvis_joint/hip_right_joint/legUpper_twist_03_right_joint", "root_joint/pelvis_joint/hip_l_front_socket", "root_joint/pelvis_joint/hip_l_back_socket", "root_joint/pelvis_joint/hip_r_front_socket", "root_joint/pelvis_joint/hip_r_back_socket"]
        uniform matrix4d[] restTransforms = [( (1, 0, -0.000050854458095273, 0), (0, 1, 0, 0), (0.000050854458095273, 0, 1, 0), (-1.6145610809326172, 0, -1.5026514530181885, 1) ), ( (-0.0000152587890625, 1, -0.000002115964889526367, 0), (0, 0.000002086162567138672, 1, 0), (1, 0.000015228986740112305, 0, 0), (0, 76.76570129394531, 1.7706689834594727, 1) ), ( (0.999896764755249, 0.01437053456902504, -0.000008451314897683915, 0), (-0.01437053456902504, 0.9998968243598938, 0.0000015766464684929815, 0), (0.000008473100933770183, -0.0000014550350897479802, 1, 0), (1.64300537109375, 2.9802322387695312e-8, 0, 1) ), ( (0.9996691942214966, 0.02571936324238777, -0.000014962570276111364, 0), (-0.02571936510503292, 0.9996691346168518, 0.000047593868657713756, 0), (0.00001618170426809229, -0.000047193305363180116, 1, 0), (13.892768859863281, 0, 1.1920928955078125e-7, 1) ), ( (0.9999710321426392, -0.007612691260874271, -0.000016038928151829168, 0), (0.007612697314471006, 0.9999710321426392, 0.0001909644197439775, 0), (0.000014584707969333977, -0.00019108093692921102, 1, 0), (12.02099609375, -2.384185791015625e-7, -2.384185791015625e-7, 1) ), ( (0.9999994039535522, -0.0010001420741900802, -0.000007654042747162748, 0), (0.001000139513053, 0.9999995231628418, 0.00006554076389875263, 0), (0.000007588490916532464, -0.00006554846186190844, 1, 0), (12.513343811035156, -2.384185791015625e-7, 0, 1) ), ( (-0.17050977051258087, -0.2597329616546631, 0.9505078196525574, 0), (-0.03601159527897835, 0.9656321406364441, 0.25740569829940796, 0), (-0.9846977591514587, 0.009660901501774788, -0.174003005027771, 0), (13.055580139160156, 0.8139246702194214, 4.823155879974365, 1) ), ( (0.9566004872322083, 0.25720107555389404, -0.1369771957397461, 0), (-0.25564780831336975, 0.9663313627243042, 0.029118739068508148, 0), (0.13985466957092285, 0.007162917405366898, 0.9901461005210876, 0), (19.673864364624023, -4.76837158203125e-7, -0.0000152587890625, 1) ), ( (0.9814360737800598, 0.19179099798202515, 1.816707673185647e-8, 0), (-0.19179102778434753, 0.9814359545707703, -2.8554170139472035e-9, 0), (-3.984196794704076e-8, -1.4899832478931785e-8, 1.0000001192092896, 0), (30.822757720947266, 0.00000286102294921875, 0.00000762939453125, 1) ), ( (0.9999998211860657, 2.9000078782814853e-8, 8.639915449748514e-8, 0), (5.409573233805531e-9, 0.9999998807907104, -1.0521600479762583e-8, 0), (-8.258870565214238e-8, 6.2078187035297105e-9, 0.9999998211860657, 0), (-0.00000762939453125, 0.0000019073486328125, -0.0000152587890625, 1) ), ( (0.9999998211860657, 2.9000078782814853e-8, 8.639915449748514e-8, 0), (5.409573233805531e-9, 0.9999998807907104, -1.0521600479762583e-8, 0), (-8.258870565214238e-8, 6.2078187035297105e-9, 0.9999998211860657, 0), (11.908878326416016, 0, -0.00000762939453125, 1) ), ( (0.9999998211860657, 2.9000078782814853e-8, 8.639915449748514e-8, 0), (5.409573233805531e-9, 0.9999998807907104, -1.0521600479762583e-8, 0), (-8.258870565214238e-8, 6.2078187035297105e-9, 0.9999998211860657, 0), (22.086776733398438, 0, -0.00000762939453125, 1) ), ( (0.9999998211860657, 2.9000078782814853e-8, 8.639915449748514e-8, 0), (5.409573233805531e-9, 0.9999998807907104, -1.0521600479762583e-8, 0), (-8.258870565214238e-8, 6.2078187035297105e-9, 0.9999998211860657, 0), (27.97454071044922, 0, -0.0000152587890625, 1) ), ( (0.999107837677002, -0.023667654022574425, -0.03497234731912613, 0), (0.034962546080350876, -0.0008279147441498935, 0.9993882775306702, 0), (-0.023682108148932457, -0.9997194409370422, 3.5868100667357794e-7, 0), (27.97454071044922, 0, -0.0000152587890625, 1) ), ( (0.9791544079780579, 0.11641577631235123, -0.1664460450410843, 0), (-0.11924467980861664, 0.9928397536277771, -0.007070053834468126, 0), (0.16443105041980743, 0.02677048183977604, 0.9860252141952515, 0), (5.085899353027344, 1.1650924682617188, -2.160825729370117, 1) ), ( (0.9175006747245789, 0.35427263379096985, -0.18078526854515076, 0), (-0.3704094886779785, 0.9266653060913086, -0.06393646448850632, 0), (0.14487655460834503, 0.1256263107061386, 0.9814422726631165, 0), (12.188591003417969, -0.980621337890625, 0.14887237548828125, 1) ), ( (0.9183983206748962, 0.3955909311771393, -0.007215965539216995, 0), (-0.3953946828842163, 0.9169739484786987, -0.053120631724596024, 0), (-0.014397190883755684, 0.05163910984992981, 0.9985619783401489, 0), (7.1693115234375, -0.000030517578125, 0.000003814697265625, 1) ), ( (0.9816136956214905, 0.18567125499248505, 0.04428144916892052, 0), (-0.1837112307548523, 0.9819551110267639, -0.044884178787469864, 0), (-0.051816169172525406, 0.0359237976372242, 0.9980103969573975, 0), (5.131416320800781, 0.0000152587890625, 0.00000286102294921875, 1) ), ( (0.9952196478843689, 0.09653503447771072, -0.014802769757807255, 0), (-0.09654589742422104, 0.995328426361084, -0.00002191963176301215, 0), (0.014731382019817829, 0.0014509606407955289, 0.9998905062675476, 0), (5.342628479003906, 0.80633544921875, -0.3871593475341797, 1) ), ( (0.9171168804168701, 0.3956815302371979, 0.04829549044370651, 0), (-0.38824519515037537, 0.9141310453414917, -0.11674895882606506, 0), (-0.09034370630979538, 0.08832193911075592, 0.9919866323471069, 0), (11.76080322265625, -1.106201171875, 0.2438201904296875, 1.0000001192092896) ), ( (0.922480583190918, 0.3860435485839844, -0.0006380369304679334, 0), (-0.38594570755958557, 0.922206699848175, -0.02409358322620392, 0), (-0.0087127685546875, 0.02247215062379837, 0.99970942735672, 0), (7.917232513427734, 0, -0.0000069141387939453125, 0.9999998807907104) ), ( (0.9896866679191589, 0.143071249127388, -0.0071462406776845455, 0), (-0.14322233200073242, 0.9872933030128479, -0.0688447654247284, 0), (-0.0027942948509007692, 0.06915823370218277, 0.9976016283035278, 0), (5.616914749145508, -0.0000152587890625, 9.5367431640625e-7, 1) ), ( (1.0000001192092896, 0.000004701093985204352, -0.0000028883753202535445, 0), (-0.0000046642512643302325, 0.9999999403953552, -0.00002234522980870679, 0), (0.0000027646683520288207, 0.00002233123996120412, 1, 0), (-0.12731170654296875, 0.17169952392578125, -0.014926910400390625, 1) ), ( (0.959937572479248, 0.09357532858848572, 0.2641282081604004, 0), (0.022653887048363686, 0.9135923385620117, -0.40599963068962097, 0), (-0.2792971432209015, 0.39571765065193176, 0.8748718500137329, 0), (4.969657897949219, 1.5808868408203125, 3.425321578979492, 1) ), ( (0.8227425813674927, 0.26381024718284607, 0.5034865140914917, 0), (-0.3735363483428955, 0.9185904860496521, 0.12908127903938293, 0), (-0.4284447133541107, -0.29427123069763184, 0.8543062210083008, 0), (9.820457458496094, 0.0001678466796875, -0.000331878662109375, 1) ), ( (0.9457017183303833, 0.32016125321388245, 0.05608223006129265, 0), (-0.3137985169887543, 0.9442901015281677, -0.09923150390386581, 0), (-0.08472786098718643, 0.07624495029449463, 0.9934831261634827, 0), (6.091236114501953, -0.0000152587890625, 0.00000762939453125, 1) ), ( (0.9685251712799072, 0.23020079731941223, -0.09469114989042282, 0), (-0.22874189913272858, 0.973136305809021, 0.026131950318813324, 0), (0.09816291928291321, -0.0036495456006377935, 0.9951634407043457, 0), (4.534223556518555, -0.0000152587890625, -0.00000762939453125, 1) ), ( (0.9845125675201416, 0.12775519490242004, 0.12005748599767685, 0), (-0.12940290570259094, 0.9915738701820374, 0.005998109932988882, 0), (-0.11827971786260605, -0.021441014483571053, 0.9927487969398499, 0), (5.281837463378906, 1.0587310791015625, 1.4208641052246094, 1) ), ( (0.892368495464325, 0.39118921756744385, 0.2250540852546692, 0), (-0.36622998118400574, 0.9190916419029236, -0.14541718363761902, 0), (-0.26373085379600525, 0.04734417423605919, 0.9634339809417725, 0), (10.881072998046875, -0.920806884765625, 0.23678874969482422, 1) ), ( (0.9206953644752502, 0.38972997665405273, -0.02074870839715004, 0), (-0.3902365267276764, 0.9184744954109192, -0.06418775022029877, 0), (-0.005958789959549904, 0.06719429045915604, 0.9977218508720398, 0), (7.329204559326172, 0.000030517578125, 0.000003814697265625, 1) ), ( (0.9719351530075073, 0.22793693840503693, -0.05819977819919586, 0), (-0.22786274552345276, 0.9736604690551758, 0.007997212000191212, 0), (0.058489639312028885, 0.0054888189770281315, 0.9982729554176331, 0), (5.47089958190918, -0.000030517578125, -0.00000762939453125, 1) ), ( (0.36099380254745483, 0.7544870972633362, -0.5481177568435669, 0), (0.080118328332901, 0.5604863166809082, 0.8242793679237366, 0), (0.9291204810142517, -0.3414739668369293, 0.14188361167907715, 0), (2.871002197265625, 1.898223876953125, -1.5809516906738281, 1) ), ( (0.991038978099823, 0.1274029165506363, 0.04012379050254822, 0), (-0.11326315999031067, 0.6423211693763733, 0.7580204606056213, 0), (0.07080163806676865, -0.7557723522186279, 0.6509952545166016, 0), (6.7093658447265625, 0, 0, 1) ), ( (0.9835184812545776, -0.09095592796802521, 0.15626320242881775, 0), (0.11624574661254883, 0.980053186416626, -0.16119025647640228, 0), (-0.13848502933979034, 0.1766987144947052, 0.9744740128517151, 0), (6.3593902587890625, -0.00002288818359375, -0.00000762939453125, 1) ), ( (0.9756025075912476, -0.16227032244205475, -0.14787977933883667, 0), (0.18427270650863647, 0.9713972806930542, 0.14976929128170013, 0), (0.11934678256511688, -0.1733654886484146, 0.9775996208190918, 0), (6.550910949707031, 0.0000152587890625, 0, 1) ), ( (0.985892117023468, -0.0029804285150021315, 0.16735580563545227, 0), (-0.010541641153395176, -0.9989621043205261, 0.04431024193763733, 0), (0.16705013811588287, -0.04544929787516594, -0.9849003553390503, 0), (8.722114562988281, 14.00079345703125, -0.7610874176025391, 1) ), ( (1.0000001192092896, 4.3076056499558035e-8, 2.7907507416102817e-8, 0), (8.358273517750092e-10, 1.0000001192092896, -1.4146569249362528e-8, 0), (-1.0083697432605732e-8, -1.8329782136561334e-11, 1.0000001192092896, 0), (12.91507339477539, 9.5367431640625e-7, 0.0000152587890625, 1) ), ( (1.0000001192092896, 4.3076056499558035e-8, 2.7907507416102817e-8, 0), (8.358273517750092e-10, 1.0000001192092896, -1.4146569249362528e-8, 0), (-1.0083697432605732e-8, -1.8329782136561334e-11, 1.0000001192092896, 0), (21.502696990966797, 0.0000019073486328125, 0.0000152587890625, 1) ), ( (1.0000001192092896, 4.3076056499558035e-8, 2.7907507416102817e-8, 0), (8.358273517750092e-10, 1.0000001192092896, -1.4146569249362528e-8, 0), (-1.0083697432605732e-8, -1.8329782136561334e-11, 1.0000001192092896, 0), (30.822757720947266, 0.00000286102294921875, 0.00000762939453125, 1) ), ( (0.9720253348350525, 0.2348766326904297, 0.000008231526408053469, 0), (-0.23487675189971924, 0.9720251560211182, 5.433068039906175e-8, 0), (-0.000007988507604750339, -0.0000019860867723764386, 1, 0), (16.546730041503906, -2.7511138916015625, 0, 1) ), ( (1, -2.061831594346586e-8, -5.423648374858203e-8, 0), (9.507931508778711e-8, 1, 2.6283058218723454e-7, 0), (5.425757265697939e-8, -2.6281693976670795e-7, 1, 0), (10.220123291015625, 0.000003814697265625, 0, 1) ), ( (1, -2.061831594346586e-8, -5.423648374858203e-8, 0), (9.507931508778711e-8, 1, 0.000001820351144488086, 0), (5.42522258228928e-8, -0.0000018203746776634944, 1, 0), (21.783782958984375, 0, 0, 1) ), ( (0.9671186208724976, -0.2543255388736725, 0.000004316888407629449, 0), (0.2543256878852844, 0.9671187400817871, -0.000004473480203159852, 0), (-0.0000030372009405255085, 0.000005424259597930359, 1, 0), (21.783782958984375, 0, 0, 1) ), ( (-0.0017046864377334714, -0.07132771611213684, 0.9974507093429565, 0), (0.9997138977050781, -0.02390415407717228, -2.6822729637387965e-7, 0), (0.023843783885240555, 0.997165858745575, 0.0713486596941948, 0), (9.281768798828125, 9.595388412475586, 1.1920928955078125e-7, 1) ), ( (-5.8203757369312825e-9, 0.0698605552315712, 0.9975570440292358, 0), (0.9997274875640869, -0.023301828652620316, 0.0016315876273438334, 0), (0.023358499631285667, 0.9972850680351257, -0.06984185427427292, 0), (9.28179931640625, 9.595389366149902, -5.239811897277832, 1) ), ( (1, -1.5965488930902438e-9, 6.075388636617163e-9, 0), (1.934540305725818e-9, 0.9999998807907104, 2.2489221152000027e-8, 0), (-2.6821730614301487e-8, 4.818935028794158e-9, 0.9999998211860657, 0), (-0.000002384185791015625, -0.0000457763671875, -0.0000019073486328125, 1) ), ( (-2.342879668049136e-7, -0.06986261904239655, 0.9975564479827881, 0), (0.9997274875640869, -0.02330130897462368, -0.0016315877437591553, 0), (0.023358257487416267, 0.997284471988678, 0.06984351575374603, 0), (9.281768798828125, 9.595388412475586, 5.239665985107422, 1) ), ( (1.0000001192092896, 7.296075965612658e-10, 3.008011617566808e-8, 0), (-1.8164003634524306e-10, 0.9999997019767761, -3.147647475998383e-9, 0), (1.3208383720098027e-8, -2.5730033215154435e-8, 0.9999999403953552, 0), (4.76837158203125e-7, 0, -0.0000019073486328125, 1) ), ( (-0.00006021905210218392, -3.7277400610769007e-10, 0.9999999403953552, 0), (0.99993497133255, -0.011419335380196571, 0.00006024488902767189, 0), (0.011419342830777168, 0.9999347925186157, 6.878981366753578e-7, 0), (20.646484375, -0.000001430511474609375, 0, 1) ), ( (0.1705097258090973, 0.2597329914569855, 0.950507640838623, 0), (0.03601168468594551, -0.9656317234039307, 0.25740566849708557, 0), (0.984697699546814, -0.009660753421485424, -0.17400264739990234, 0), (13.055259704589844, 0.8139230012893677, -4.8231611251831055, 1) ), ( (0.9566007256507874, 0.257201224565506, -0.1369771510362625, 0), (-0.25564783811569214, 0.966331422328949, 0.029118737205863, 0), (0.13985469937324524, 0.007162918336689472, 0.9901462197303772, 0), (-19.67380142211914, 0.000007152557373046875, 0.0001678466796875, 1) ), ( (0.9814357757568359, 0.19179090857505798, -2.4620323557655865e-8, 0), (-0.19179099798202515, 0.9814357161521912, -1.2890135181464757e-8, 0), (-2.2140707045537056e-8, -2.0272628020734373e-9, 0.9999998211860657, 0), (-30.82233238220215, 0.0000324249267578125, 0.00057220458984375, 0.9999999403953552) ), ( (1, 7.604491258916823e-9, 1.2876844834863732e-7, 0), (7.718350758523229e-8, 1.0000001192092896, 3.19024806572088e-8, 0), (-1.0112767512282517e-7, -3.6172735917716636e-8, 0.9999999403953552, 0), (0.00000762939453125, -0.000003814697265625, -0.00002288818359375, 1) ), ( (1, 7.604491258916823e-9, 1.2876844834863732e-7, 0), (7.718350758523229e-8, 1.0000001192092896, 3.19024806572088e-8, 0), (-1.0112767512282517e-7, -3.6172735917716636e-8, 0.9999999403953552, 0), (-11.909355163574219, 0.0000152587890625, -0.0005035400390625, 1) ), ( (1, 7.604491258916823e-9, 1.2876844834863732e-7, 0), (7.718350758523229e-8, 1.0000001192092896, 3.19024806572088e-8, 0), (-1.0112767512282517e-7, -3.6172735917716636e-8, 0.9999999403953552, 0), (-22.086639404296875, -0.0000152587890625, 0.0000457763671875, 1) ), ( (1, 7.604491258916823e-9, 1.2876844834863732e-7, 0), (7.718350758523229e-8, 1.0000001192092896, 3.19024806572088e-8, 0), (-1.0112767512282517e-7, -3.6172735917716636e-8, 0.9999999403953552, 0), (-27.97454071044922, -0.00000762939453125, -0.0001373291015625, 1) ), ( (0.9991078972816467, -0.0236675888299942, -0.03497229143977165, 0), (0.03496253490447998, -0.0008279254543595016, 0.9993883967399597, 0), (-0.023682167753577232, -0.9997197389602661, 3.498451519590162e-7, 0), (-27.97454071044922, -0.00000762939453125, -0.0001373291015625, 1) ), ( (0.9791545271873474, 0.11641576141119003, -0.16644598543643951, 0), (-0.11924469470977783, 0.9928397536277771, -0.007070066872984171, 0), (0.16443121433258057, 0.02677047811448574, 0.9860250353813171, 0), (-5.086151123046875, -1.165374755859375, 2.1608238220214844, 1) ), ( (0.9175006151199341, 0.35427266359329224, -0.1807851940393448, 0), (-0.3704094886779785, 0.9266654849052429, -0.06393652409315109, 0), (0.1448764055967331, 0.1256263107061386, 0.981442391872406, 0), (-12.188674926757812, 0.9805755615234375, -0.14890289306640625, 1.0000001192092896) ), ( (0.9183984994888306, 0.39559078216552734, -0.007216015364974737, 0), (-0.3953947126865387, 0.9169739484786987, -0.05312056839466095, 0), (-0.014397090300917625, 0.05163907632231712, 0.9985619187355042, 0), (-7.169313430786133, 0.0000762939453125, 0.000003814697265625, 1) ), ( (0.9816136360168457, 0.18567125499248505, 0.0442814975976944, 0), (-0.18371105194091797, 0.9819549918174744, -0.04488413408398628, 0), (-0.051816172897815704, 0.035923879593610764, 0.9980102777481079, 0), (-5.131381988525391, -0.000091552734375, 0.000019073486328125, 1) ), ( (0.9952196478843689, 0.09653497487306595, -0.01480271015316248, 0), (-0.09654590487480164, 0.995328426361084, -0.00002193585896748118, 0), (0.014731529168784618, 0.0014509628526866436, 0.9998903274536133, 0), (-5.3430023193359375, -0.8065719604492188, 0.38714599609375, 1) ), ( (0.9171171188354492, 0.3956816494464874, 0.048295535147190094, 0), (-0.38824528455734253, 0.9141313433647156, -0.11674895882606506, 0), (-0.0903438851237297, 0.08832196146249771, 0.9919866919517517, 0), (-11.760795593261719, 1.1062164306640625, -0.24381446838378906, 1.0000001192092896) ), ( (0.9224802851676941, 0.38604339957237244, -0.0006380465347319841, 0), (-0.3859456777572632, 0.9222065210342407, -0.024093592539429665, 0), (-0.0087126474827528, 0.022472089156508446, 0.9997091889381409, 0), (-7.917139053344727, -0.0000457763671875, -8.344650268554688e-7, 0.9999998807907104) ), ( (0.9896866083145142, 0.14307118952274323, -0.007146288640797138, 0), (-0.14322225749492645, 0.9872930645942688, -0.06884481757879257, 0), (-0.002794395899400115, 0.06915830820798874, 0.9976019859313965, 0), (-5.616985321044922, -0.0000457763671875, 0.00000476837158203125, 1) ), ( (1.0000001192092896, -2.3471660881568823e-7, -1.3208381943741188e-8, 0), (2.244908756665609e-7, 1, 0.00002292703175044153, 0), (5.378836576142021e-8, -0.00002294314617756754, 0.9999999403953552, 0), (0.12732696533203125, -0.1716766357421875, 0.014926910400390625, 1) ), ( (0.9599377512931824, 0.09357529878616333, 0.2641282379627228, 0), (0.022653844207525253, 0.913592517375946, -0.4059995114803314, 0), (-0.2792971134185791, 0.39571771025657654, 0.8748716711997986, 0), (-4.969940185546875, -1.5811386108398438, -3.4253177642822266, 1) ), ( (0.8227424621582031, 0.26381024718284607, 0.5034865140914917, 0), (-0.3735363781452179, 0.9185904860496521, 0.12908115983009338, 0), (-0.42844483256340027, -0.2942711114883423, 0.8543063998222351, 0), (-9.820533752441406, -0.0001373291015625, 0.000339508056640625, 1.0000001192092896) ), ( (0.9457018375396729, 0.3201610743999481, 0.05608221888542175, 0), (-0.3137985169887543, 0.944290041923523, -0.09923150390386581, 0), (-0.08472790569067001, 0.07624480128288269, 0.993482768535614, 0), (-6.091257095336914, -0.000030517578125, -0.000019073486328125, 1) ), ( (0.9685251116752625, 0.23020072281360626, -0.09469139575958252, 0), (-0.22874197363853455, 0.9731362462043762, 0.02613210678100586, 0), (0.09816315025091171, -0.0036497400142252445, 0.9951637983322144, 0), (-4.534128189086914, -0.0000762939453125, -0.000030517578125, 1) ), ( (0.9845127463340759, 0.12775510549545288, 0.12005757540464401, 0), (-0.12940289080142975, 0.9915740489959717, 0.005998089909553528, 0), (-0.11827962845563889, -0.021441001445055008, 0.9927486777305603, 0), (-5.28216552734375, -1.0590362548828125, -1.4208736419677734, 1) ), ( (0.8923683762550354, 0.39118918776512146, 0.22505412995815277, 0), (-0.36622998118400574, 0.9190912246704102, -0.14541716873645782, 0), (-0.26373085379600525, 0.047344107180833817, 0.9634337425231934, 0), (-10.881088256835938, 0.9207305908203125, -0.23678874969482422, 1) ), ( (0.9206954836845398, 0.38973018527030945, -0.020748818293213844, 0), (-0.3902362287044525, 0.9184749126434326, -0.06418771296739578, 0), (-0.0059587531723082066, 0.0671943798661232, 0.9977221488952637, 0), (-7.329185485839844, 0.000030517578125, 0.00000762939453125, 1) ), ( (0.9719350934028625, 0.22793695330619812, -0.0581996776163578, 0), (-0.22786282002925873, 0.9736602306365967, 0.00799708440899849, 0), (0.05848964303731918, 0.005488748662173748, 0.9982728958129883, 0), (-5.470865249633789, 0.000030517578125, -0.0000095367431640625, 1) ), ( (0.36099380254745483, 0.754487156867981, -0.5481175780296326, 0), (0.08011843264102936, 0.560486376285553, 0.8242791891098022, 0), (0.9291206002235413, -0.3414740264415741, 0.14188368618488312, 0), (-2.8713226318359375, -1.898468017578125, 1.5809402465820312, 1) ), ( (0.9910390973091125, 0.12740275263786316, 0.04012377932667732, 0), (-0.11326320469379425, 0.6423212289810181, 0.7580205202102661, 0), (0.07080191373825073, -0.7557723522186279, 0.6509953737258911, 0), (-6.709419250488281, -0.00006866455078125, 0.0001220703125, 1.0000001192092896) ), ( (0.9835186004638672, -0.09095592051744461, 0.15626318752765656, 0), (0.11624572426080704, 0.980053186416626, -0.16119040548801422, 0), (-0.13848534226417542, 0.1766984909772873, 0.9744741916656494, 0), (-6.359371185302734, -0.00000762939453125, -0.00000762939453125, 1) ), ( (0.9756022691726685, -0.16227038204669952, -0.14787960052490234, 0), (0.1842726618051529, 0.9713972210884094, 0.14976933598518372, 0), (0.11934689432382584, -0.17336544394493103, 0.9775992631912231, 0), (-6.550937652587891, -0.000049591064453125, -0.0001220703125, 1) ), ( (0.9857720732688904, -0.0030931062065064907, 0.16806121170520782, 0), (0.010684339329600334, 0.9989619255065918, -0.044286131858825684, 0), (-0.16774976253509521, 0.04545155540108681, 0.9847811460494995, 0), (-8.727294921875, -14.284942626953125, 0.7733478546142578, 1) ), ( (1, -1.2450180442158398e-8, -1.5404234332550004e-8, 0), (-3.1188658766723165e-8, 0.9999998807907104, -1.853338993385023e-8, 0), (7.636503873698075e-9, 9.13387232515106e-9, 0.9999998211860657, 0), (-12.91453742980957, 0.000026702880859375, 0.0004730224609375, 0.9999999403953552) ), ( (1, -1.2450180442158398e-8, -1.5404234332550004e-8, 0), (-3.1188658766723165e-8, 0.9999998807907104, -1.853338993385023e-8, 0), (7.636503873698075e-9, 9.13387232515106e-9, 0.9999998211860657, 0), (-21.502737045288086, 0.00000762939453125, 0.000091552734375, 0.9999999403953552) ), ( (1, -1.2450180442158398e-8, -1.5404234332550004e-8, 0), (-3.1188658766723165e-8, 0.9999998807907104, -1.853338993385023e-8, 0), (7.636503873698075e-9, 9.13387232515106e-9, 0.9999998211860657, 0), (-30.82233238220215, 0.0000324249267578125, 0.00057220458984375, 0.9999999403953552) ), ( (-0.00007254080264829099, -9.201177597617516e-10, 0.9999999403953552, 0), (0.9995048642158508, -0.03147298842668533, 0.00007253461080836132, 0), (0.03147302567958832, 0.9995045065879822, 0.0000022840897599962773, 0), (0, -28.051288604736328, 1.1920928955078125e-7, 1) ), ( (-0.9987397193908691, 0.05007070675492287, 0.0034862717147916555, 0), (-0.05007040128111839, -0.9987457990646362, 0.0001747793285176158, 0), (0.00349065032787621, 0, 0.9999939203262329, 0), (-11.228225708007812, -1.5375956296920776, 20.429338455200195, 1) ), ( (0.9977511167526245, 0.06702776998281479, 1.5786225660008313e-9, 0), (-0.06702776998281479, 0.9977511167526245, -2.041568719635123e-10, 0), (-1.4396532854732413e-9, 7.031890347786174e-11, 1, 0), (32.4245491027832, -4.76837158203125e-7, 0.0000019073486328125, 1) ), ( (0.994424045085907, -0.060755226761102676, 0.08619468659162521, 0), (-0.06423936784267426, -0.9972013831138611, 0.03823857381939888, 0), (0.08363027125597, -0.043562449514865875, -0.995543897151947, 0), (24.819957733154297, 0.0000023990869522094727, -0.0000057220458984375, 1) ), ( (0.00000220278229789983, 1.0000001192092896, -0.0000010340991138946265, 0), (1.0000001192092896, -0.0000021399082470452413, 5.8951266090900845e-9, 0), (-6.749068859335239e-9, -0.0000010317315854990738, -1.0000001192092896, 0), (6.671350002288818, 17.055755615234375, -0.0000095367431640625, 1) ), ( (0.9999998807907104, 1.0059698851705434e-8, 0.0000010459629038450657, 0), (6.039719835371216e-10, 0.9999998211860657, -2.976655366637715e-7, 0), (-0.0000010508673540243763, 3.104251220520382e-7, 0.9999999403953552, 0), (4.739107131958008, 0.00001619011163711548, -0.00000762939453125, 1) ), ( (0.9999975562095642, -0.002344082109630108, 0.0000024117725843098015, 0), (0.0023440856020897627, 0.9999973177909851, 4.2480803585931426e-7, 0), (-0.000002374593805143377, -4.219716913667071e-7, 1.0000001192092896, 0), (-0.000008106231689453125, -3.5762786865234375e-7, -0.0000019073486328125, 1) ), ( (0.08629997819662094, -0.03375648707151413, -0.9956976175308228, 0), (-0.995004415512085, 0.047427933663129807, -0.08784788101911545, 0), (0.05018927529454231, 0.9983044266700745, -0.02949482575058937, 0), (8.296531677246094, 8.291412353515625, 0.43798065185546875, 1) ), ( (0.9999955296516418, -0.002923771971836686, -0.0000012605535175680416, 0), (0.0029237689450383186, 0.9999956488609314, 6.380003014783142e-7, 0), (0.000001259174268852803, -6.416613018700446e-7, 0.9999999403953552, 0), (-0.000728607177734375, 0.000008285045623779297, 0.00000762939453125, 1) ), ( (0.9999999403953552, 2.880659044635081e-10, -0.000001537894149805652, 0), (-1.489943457499976e-8, 0.9999225735664368, -0.012440880760550499, 0), (0.000001537579692012514, 0.012440879829227924, 0.9999226331710815, 0), (11.199615478515625, 0.035014644265174866, 0.04354286193847656, 1) ), ( (0.9999999403953552, 2.880659044635081e-10, -0.000004035701294924365, 0), (-9.450545945810518e-8, 0.9996904730796814, -0.02487984113395214, 0), (0.0000040342865759157576, 0.02487984113395214, 0.9996904730796814, 0), (18.009780883789062, 0.03501635789871216, 0.04354667663574219, 1) ), ( (0.9999999403953552, 2.880659044635081e-10, -0.000004818012257601367, 0), (-1.7552740416704182e-7, 0.9992893934249878, -0.03769167885184288, 0), (0.0000048151555347430985, 0.03769167885184288, 0.999289333820343, 0), (24.819963455200195, 0.035019487142562866, 0.04354286193847656, 1) ), ( (1, -5.107807510285056e-10, -0.0000011498516414576443, 0), (-1.324557352688771e-9, 0.9999999403953552, 4.265193922492472e-7, 0), (0.000001150122102444584, -4.2653431364669814e-7, 1, 0), (4.795917510986328, -0.038744449615478516, 0.08710861206054688, 1) ), ( (0.9999999403953552, -5.107807510285056e-10, -0.0000029996911052876385, 0), (-1.324557352688771e-9, 0.9999999403953552, -1.1804502687839946e-11, 0), (0.0000030000046535860747, 6.594655377334391e-13, 1, 0), (15.934383392333984, -0.038744211196899414, 0.08711624145507812, 1) ), ( (0.9999999403953552, -5.107807510285056e-10, -0.000002689793518584338, 0), (-1.324557352688771e-9, 0.9999999403953552, 0.000001272305780730676, 0), (0.0000026900984266831074, -0.0000012723029385597329, 1, 0), (30.206478118896484, -0.019376754760742188, 0.04355430603027344, 1) ), ( (0.9987396001815796, -0.05007070302963257, 0.0034862717147916555, 0), (0.05007040128111839, 0.9987456798553467, 0.00017477931396570057, 0), (-0.00349065032787621, 0, 0.9999939203262329, 0), (-11.228248596191406, -1.5375957489013672, -20.42933464050293, 1) ), ( (0.9977511763572693, 0.06702776998281479, 1.428153373339569e-9, 0), (-0.06702776998281479, 0.9977511763572693, -1.6294619820111933e-10, 0), (-1.4379272217368566e-9, 7.208066088448817e-11, 1, 0), (-32.4245491027832, 7.152557373046875e-7, -0.0000095367431640625, 1) ), ( (0.9944239854812622, -0.060755226761102676, 0.08619468659162521, 0), (-0.06423935294151306, -0.9972013235092163, 0.03823857009410858, 0), (0.08363027125597, -0.043562449514865875, -0.9955438375473022, 0), (-24.819927215576172, -0.0000028759241104125977, 0.0000057220458984375, 1) ), ( (0.0000021989555989421206, 1, -0.0000010374421890446683, 0), (1, -0.00000214928763853095, 6.079904135702918e-9, 0), (5.316532103449845e-9, -0.0000010297367225575726, -1.0000001192092896, 0), (-6.671350479125977, -17.055753707885742, 0.0000057220458984375, 1) ), ( (1.0000001192092896, 5.078842235661796e-9, -5.282441151166495e-12, 0), (-1.9965833431001556e-9, 1.0000001192092896, 3.362119116445683e-7, 0), (4.629738814543316e-9, -3.419580139052414e-7, 1.0000001192092896, 0), (-4.739053726196289, -0.000031113624572753906, 0.0000057220458984375, 1) ), ( (0.9999974370002747, -0.002344089560210705, 0.0000023991278794710524, 0), (0.0023440842051059008, 0.9999973773956299, 4.163582900673646e-7, 0), (-0.0000023867899017204763, -4.239727502408641e-7, 1.000000238418579, 0), (0.000007152557373046875, -4.76837158203125e-7, 0, 1) ), ( (0.08627026528120041, -0.03374494984745979, -0.9957006573677063, 0), (0.9950070381164551, -0.04742679372429848, 0.08781752735376358, 0), (-0.05018622428178787, -0.9983049631118774, 0.029484948143363, 0), (-8.576325416564941, -8.278082847595215, -0.4625290334224701, 1.0000001192092896) ), ( (0.9999955892562866, -0.002923771273344755, -0.000001260450858353579, 0), (0.0029237603303045034, 0.9999955892562866, 6.383781965269009e-7, 0), (0.0000012588574236360728, -6.420614795388246e-7, 1, 0), (0.000728607177734375, -0.000008448958396911621, -0.0000019073486328125, 1) ), ( (0.9999999403953552, 5.024443083812002e-10, 2.8275988217529857e-9, 0), (-5.748116649328949e-9, 0.9999226331710815, -0.012440881691873074, 0), (-2.9515156985127078e-9, 0.012440880760550499, 0.9999226331710815, 0), (-11.19957160949707, -0.03501570224761963, -0.04354667663574219, 1) ), ( (0.9999999403953552, -6.947061148565581e-9, 3.400986436918885e-11, 0), (-5.418414161795226e-9, 0.9996904730796814, -0.02487984113395214, 0), (-7.307617844176661e-10, 0.024879837408661842, 0.9996904134750366, 0), (-18.009735107421875, -0.03501740097999573, -0.043544769287109375, 1) ), ( (0.9999999403953552, -6.947061148565581e-9, 2.595146986195118e-9, 0), (-6.280698627847414e-9, 0.9992893934249878, -0.03769168257713318, 0), (-3.0178231025246305e-9, 0.03769168257713318, 0.9992893934249878, 0), (-24.81993293762207, -0.0350203663110733, -0.04354286193847656, 1) ), ( (1, -2.3106649926774026e-9, -6.529071033822831e-11, 0), (1.381913250497746e-9, 1, 4.2670546918088803e-7, 0), (-8.937144080345405e-11, -4.267064923624275e-7, 1, 0), (-4.795967102050781, 0.038744211196899414, -0.08711814880371094, 1) ), ( (1, -2.3106649926774026e-9, -6.529071033822831e-11, 0), (-2.343377047964168e-9, 1, -3.366404377480592e-13, 0), (-3.5657907182518045e-11, -5.009308939873947e-13, 1, 0), (-15.934417724609375, 0.038744449615478516, -0.08711624145507812, 1) ), ( (1, -2.3106649926774026e-9, -6.529071033822831e-11, 0), (-2.343377047964168e-9, 1, 0.0000012723572808681638, 0), (-1.195103738194092e-10, -0.000001272375584449037, 1, 0), (-30.20648193359375, 0.01937699317932129, -0.0435638427734375, 1) ), ( (-0.000015229093150992412, 0.00005085442535346374, 1, 0), (1, 0.000002115964889526367, 0.0000152587890625, 0), (-0.0000020853881324001122, 1, -0.00005085449083708227, 0), (0, 26.531980514526367, 24.471586227416992, 1) ), ( (-0.000015229093150992412, 0.00005085442535346374, 1, 0), (1, 0.000002115964889526367, 0.0000152587890625, 0), (-0.0000020853881324001122, 1, -0.00005085449083708227, 0), (-0.00000762939453125, -34.37637710571289, 21.88419532775879, 1) ), ( (-0.000015229093150992412, 0.00005085442535346374, 1, 0), (1, 0.000002115964889526367, 0.0000152587890625, 0), (-0.0000020853881324001122, 1, -0.00005085449083708227, 0), (0, 25.991790771484375, -23.973352432250977, 1) ), ( (-0.000015229093150992412, 0.00005085442535346374, 1, 0), (1, 0.000002115964889526367, 0.0000152587890625, 0), (-0.0000020853881324001122, 1, -0.00005085449083708227, 0), (-0.00002288818359375, -34.37859344482422, -21.65941619873047, 1) )]
        rel skel:animationSource = </SkelRoot/Skeleton/Animation>

        def SkelAnimation "Animation"
        {
            uniform token[] joints = ["root_joint", "root_joint/pelvis_joint", "root_joint/pelvis_joint/spineLower_joint", "root_joint/pelvis_joint/spineLower_joint/spineMiddle_joint", "root_joint/pelvis_joint/spineLower_joint/spineMiddle_joint/spineUpper_joint", "root_joint/pelvis_joint/spineLower_joint/spineMiddle_joint/spineUpper_joint/chest_joint", "root_joint/pelvis_joint/spineLower_joint/spineMiddle_joint/spineUpper_joint/chest_joint/clavicle_left_joint", "root_joint/pelvis_joint/spineLower_joint/spineMiddle_joint/spineUpper_joint/chest_joint/clavicle_left_joint/shoulder_left_joint", "root_joint/pelvis_joint/spineLower_joint/spineMiddle_joint/spineUpper_joint/chest_joint/clavicle_left_joint/shoulder_left_joint/elbow_left_joint", "root_joint/pelvis_joint/spineLower_joint/spineMiddle_joint/spineUpper_joint/chest_joint/clavicle_left_joint/shoulder_left_joint/elbow_left_joint/elbow_partial_left_joint", "root_joint/pelvis_joint/spineLower_joint/spineMiddle_joint/spineUpper_joint/chest_joint/clavicle_left_joint/shoulder_left_joint/elbow_left_joint/armLower_twist_01_left_joint", "root_joint/pelvis_joint/spineLower_joint/spineMiddle_joint/spineUpper_joint/chest_joint/clavicle_left_joint/shoulder_left_joint/elbow_left_joint/armLower_twist_02_left_joint", "root_joint/pelvis_joint/spineLower_joint/spineMiddle_joint/spineUpper_joint/chest_joint/clavicle_left_joint/shoulder_left_joint/elbow_left_joint/armLower_twist_03_left_joint", "root_joint/pelvis_joint/spineLower_joint/spineMiddle_joint/spineUpper_joint/chest_joint/clavicle_left_joint/shoulder_left_joint/elbow_left_joint/handWrist_left_joint", "root_joint/pelvis_joint/spineLower_joint/spineMiddle_joint/spineUpper_joint/chest_joint/clavicle_left_joint/shoulder_left_joint/elbow_left_joint/handWrist_left_joint/handIndexMeta_left_joint", "root_joint/pelvis_joint/spineLower_joint/spineMiddle_joint/spineUpper_joint/chest_joint/clavicle_left_joint/shoulder_left_joint/elbow_left_joint/handWrist_left_joint/handIndexMeta_left_joint/handIndex_00_left_joint", "root_joint/pelvis_joint/spineLower_joint/spineMiddle_joint/spineUpper_joint/chest_joint/clavicle_left_joint/shoulder_left_joint/elbow_left_joint/handWrist_left_joint/handIndexMeta_left_joint/handIndex_00_left_joint/handIndex_01_left_joint", "root_joint/pelvis_joint/spineLower_joint/spineMiddle_joint/spineUpper_joint/chest_joint/clavicle_left_joint/shoulder_left_joint/elbow_left_joint/handWrist_left_joint/handIndexMeta_left_joint/handIndex_00_left_joint/handIndex_01_left_joint/handIndex_02_left_joint", "root_joint/pelvis_joint/spineLower_joint/spineMiddle_joint/spineUpper_joint/chest_joint/clavicle_left_joint/shoulder_left_joint/elbow_left_joint/handWrist_left_joint/handMiddleMeta_left_joint", "root_joint/pelvis_joint/spineLower_joint/spineMiddle_joint/spineUpper_joint/chest_joint/clavicle_left_joint/shoulder_left_joint/elbow_left_joint/handWrist_left_joint/handMiddleMeta_left_joint/handMiddle_00_left_joint", "root_joint/pelvis_joint/spineLower_joint/spineMiddle_joint/spineUpper_joint/chest_joint/clavicle_left_joint/shoulder_left_joint/elbow_left_joint/handWrist_left_joint/handMiddleMeta_left_joint/handMiddle_00_left_joint/handMiddle_01_left_joint", "root_joint/pelvis_joint/spineLower_joint/spineMiddle_joint/spineUpper_joint/chest_joint/clavicle_left_joint/shoulder_left_joint/elbow_left_joint/handWrist_left_joint/handMiddleMeta_left_joint/handMiddle_00_left_joint/handMiddle_01_left_joint/handMiddle_02_left_joint", "root_joint/pelvis_joint/spineLower_joint/spineMiddle_joint/spineUpper_joint/chest_joint/clavicle_left_joint/shoulder_left_joint/elbow_left_joint/handWrist_left_joint/handWrist_partial_left_joint", "root_joint/pelvis_joint/spineLower_joint/spineMiddle_joint/spineUpper_joint/chest_joint/clavicle_left_joint/shoulder_left_joint/elbow_left_joint/handWrist_left_joint/handPinkyMeta_left_joint", "root_joint/pelvis_joint/spineLower_joint/spineMiddle_joint/spineUpper_joint/chest_joint/clavicle_left_joint/shoulder_left_joint/elbow_left_joint/handWrist_left_joint/handPinkyMeta_left_joint/handPinky_00_left_joint", "root_joint/pelvis_joint/spineLower_joint/spineMiddle_joint/spineUpper_joint/chest_joint/clavicle_left_joint/shoulder_left_joint/elbow_left_joint/handWrist_left_joint/handPinkyMeta_left_joint/handPinky_00_left_joint/handPinky_01_left_joint", "root_joint/pelvis_joint/spineLower_joint/spineMiddle_joint/spineUpper_joint/chest_joint/clavicle_left_joint/shoulder_left_joint/elbow_left_joint/handWrist_left_joint/handPinkyMeta_left_joint/handPinky_00_left_joint/handPinky_01_left_joint/handPinky_02_left_joint", "root_joint/pelvis_joint/spineLower_joint/spineMiddle_joint/spineUpper_joint/chest_joint/clavicle_left_joint/shoulder_left_joint/elbow_left_joint/handWrist_left_joint/handRingMeta_left_joint", "root_joint/pelvis_joint/spineLower_joint/spineMiddle_joint/spineUpper_joint/chest_joint/clavicle_left_joint/shoulder_left_joint/elbow_left_joint/handWrist_left_joint/handRingMeta_left_joint/handRing_00_left_joint", "root_joint/pelvis_joint/spineLower_joint/spineMiddle_joint/spineUpper_joint/chest_joint/clavicle_left_joint/shoulder_left_joint/elbow_left_joint/handWrist_left_joint/handRingMeta_left_joint/handRing_00_left_joint/handRing_01_left_joint", "root_joint/pelvis_joint/spineLower_joint/spineMiddle_joint/spineUpper_joint/chest_joint/clavicle_left_joint/shoulder_left_joint/elbow_left_joint/handWrist_left_joint/handRingMeta_left_joint/handRing_00_left_joint/handRing_01_left_joint/handRing_02_left_joint", "root_joint/pelvis_joint/spineLower_joint/spineMiddle_joint/spineUpper_joint/chest_joint/clavicle_left_joint/shoulder_left_joint/elbow_left_joint/handWrist_left_joint/handThumbMeta_left_joint", "root_joint/pelvis_joint/spineLower_joint/spineMiddle_joint/spineUpper_joint/chest_joint/clavicle_left_joint/shoulder_left_joint/elbow_left_joint/handWrist_left_joint/handThumbMeta_left_joint/handThumb_00_left_joint", "root_joint/pelvis_joint/spineLower_joint/spineMiddle_joint/spineUpper_joint/chest_joint/clavicle_left_joint/shoulder_left_joint/elbow_left_joint/handWrist_left_joint/handThumbMeta_left_joint/handThumb_00_left_joint/handThumb_01_left_joint", "root_joint/pelvis_joint/spineLower_joint/spineMiddle_joint/spineUpper_joint/chest_joint/clavicle_left_joint/shoulder_left_joint/elbow_left_joint/handWrist_left_joint/handThumbMeta_left_joint/handThumb_00_left_joint/handThumb_01_left_joint/handThumb_02_left_joint", "root_joint/pelvis_joint/spineLower_joint/spineMiddle_joint/spineUpper_joint/chest_joint/clavicle_left_joint/shoulder_left_joint/elbow_left_joint/handWrist_left_joint/hand_l_socket", "root_joint/pelvis_joint/spineLower_joint/spineMiddle_joint/spineUpper_joint/chest_joint/clavicle_left_joint/shoulder_left_joint/armUpper_twist_01_left_joint", "root_joint/pelvis_joint/spineLower_joint/spineMiddle_joint/spineUpper_joint/chest_joint/clavicle_left_joint/shoulder_left_joint/armUpper_twist_02_left_joint", "root_joint/pelvis_joint/spineLower_joint/spineMiddle_joint/spineUpper_joint/chest_joint/clavicle_left_joint/shoulder_left_joint/armUpper_twist_03_left_joint", "root_joint/pelvis_joint/spineLower_joint/spineMiddle_joint/spineUpper_joint/chest_joint/neck_joint", "root_joint/pelvis_joint/spineLower_joint/spineMiddle_joint/spineUpper_joint/chest_joint/neck_joint/neck_twist_01_joint", "root_joint/pelvis_joint/spineLower_joint/spineMiddle_joint/spineUpper_joint/chest_joint/neck_joint/neck_twist_02_joint", "root_joint/pelvis_joint/spineLower_joint/spineMiddle_joint/spineUpper_joint/chest_joint/neck_joint/head_joint", "root_joint/pelvis_joint/spineLower_joint/spineMiddle_joint/spineUpper_joint/chest_joint/neck_joint/head_joint/head_tracker_target", "root_joint/pelvis_joint/spineLower_joint/spineMiddle_joint/spineUpper_joint/chest_joint/neck_joint/head_joint/eye_offset_right_joint", "root_joint/pelvis_joint/spineLower_joint/spineMiddle_joint/spineUpper_joint/chest_joint/neck_joint/head_joint/eye_offset_right_joint/eye_right_joint", "root_joint/pelvis_joint/spineLower_joint/spineMiddle_joint/spineUpper_joint/chest_joint/neck_joint/head_joint/eye_offset_left_joint", "root_joint/pelvis_joint/spineLower_joint/spineMiddle_joint/spineUpper_joint/chest_joint/neck_joint/head_joint/eye_offset_left_joint/eye_left_joint", "root_joint/pelvis_joint/spineLower_joint/spineMiddle_joint/spineUpper_joint/chest_joint/neck_joint/head_joint/head_socket", "root_joint/pelvis_joint/spineLower_joint/spineMiddle_joint/spineUpper_joint/chest_joint/clavicle_right_joint", "root_joint/pelvis_joint/spineLower_joint/spineMiddle_joint/spineUpper_joint/chest_joint/clavicle_right_joint/shoulder_right_joint", "root_joint/pelvis_joint/spineLower_joint/spineMiddle_joint/spineUpper_joint/chest_joint/clavicle_right_joint/shoulder_right_joint/elbow_right_joint", "root_joint/pelvis_joint/spineLower_joint/spineMiddle_joint/spineUpper_joint/chest_joint/clavicle_right_joint/shoulder_right_joint/elbow_right_joint/elbow_partial_right_joint", "root_joint/pelvis_joint/spineLower_joint/spineMiddle_joint/spineUpper_joint/chest_joint/clavicle_right_joint/shoulder_right_joint/elbow_right_joint/armLower_twist_01_right_joint", "root_joint/pelvis_joint/spineLower_joint/spineMiddle_joint/spineUpper_joint/chest_joint/clavicle_right_joint/shoulder_right_joint/elbow_right_joint/armLower_twist_02_right_joint", "root_joint/pelvis_joint/spineLower_joint/spineMiddle_joint/spineUpper_joint/chest_joint/clavicle_right_joint/shoulder_right_joint/elbow_right_joint/armLower_twist_03_right_joint", "root_joint/pelvis_joint/spineLower_joint/spineMiddle_joint/spineUpper_joint/chest_joint/clavicle_right_joint/shoulder_right_joint/elbow_right_joint/handWrist_right_joint", "root_joint/pelvis_joint/spineLower_joint/spineMiddle_joint/spineUpper_joint/chest_joint/clavicle_right_joint/shoulder_right_joint/elbow_right_joint/handWrist_right_joint/handIndexMeta_right_joint", "root_joint/pelvis_joint/spineLower_joint/spineMiddle_joint/spineUpper_joint/chest_joint/clavicle_right_joint/shoulder_right_joint/elbow_right_joint/handWrist_right_joint/handIndexMeta_right_joint/handIndex_00_right_joint", "root_joint/pelvis_joint/spineLower_joint/spineMiddle_joint/spineUpper_joint/chest_joint/clavicle_right_joint/shoulder_right_joint/elbow_right_joint/handWrist_right_joint/handIndexMeta_right_joint/handIndex_00_right_joint/handIndex_01_right_joint", "root_joint/pelvis_joint/spineLower_joint/spineMiddle_joint/spineUpper_joint/chest_joint/clavicle_right_joint/shoulder_right_joint/elbow_right_joint/handWrist_right_joint/handIndexMeta_right_joint/handIndex_00_right_joint/handIndex_01_right_joint/handIndex_02_right_joint", "root_joint/pelvis_joint/spineLower_joint/spineMiddle_joint/spineUpper_joint/chest_joint/clavicle_right_joint/shoulder_right_joint/elbow_right_joint/handWrist_right_joint/handMiddleMeta_right_joint", "root_joint/pelvis_joint/spineLower_joint/spineMiddle_joint/spineUpper_joint/chest_joint/clavicle_right_joint/shoulder_right_joint/elbow_right_joint/handWrist_right_joint/handMiddleMeta_right_joint/handMiddle_00_right_joint", "root_joint/pelvis_joint/spineLower_joint/spineMiddle_joint/spineUpper_joint/chest_joint/clavicle_right_joint/shoulder_right_joint/elbow_right_joint/handWrist_right_joint/handMiddleMeta_right_joint/handMiddle_00_right_joint/handMiddle_01_right_joint", "root_joint/pelvis_joint/spineLower_joint/spineMiddle_joint/spineUpper_joint/chest_joint/clavicle_right_joint/shoulder_right_joint/elbow_right_joint/handWrist_right_joint/handMiddleMeta_right_joint/handMiddle_00_right_joint/handMiddle_01_right_joint/handMiddle_02_right_joint", "root_joint/pelvis_joint/spineLower_joint/spineMiddle_joint/spineUpper_joint/chest_joint/clavicle_right_joint/shoulder_right_joint/elbow_right_joint/handWrist_right_joint/handWrist_partial_right_joint", "root_joint/pelvis_joint/spineLower_joint/spineMiddle_joint/spineUpper_joint/chest_joint/clavicle_right_joint/shoulder_right_joint/elbow_right_joint/handWrist_right_joint/handPinkyMeta_right_joint", "root_joint/pelvis_joint/spineLower_joint/spineMiddle_joint/spineUpper_joint/chest_joint/clavicle_right_joint/shoulder_right_joint/elbow_right_joint/handWrist_right_joint/handPinkyMeta_right_joint/handPinky_00_right_joint", "root_joint/pelvis_joint/spineLower_joint/spineMiddle_joint/spineUpper_joint/chest_joint/clavicle_right_joint/shoulder_right_joint/elbow_right_joint/handWrist_right_joint/handPinkyMeta_right_joint/handPinky_00_right_joint/handPinky_01_right_joint", "root_joint/pelvis_joint/spineLower_joint/spineMiddle_joint/spineUpper_joint/chest_joint/clavicle_right_joint/shoulder_right_joint/elbow_right_joint/handWrist_right_joint/handPinkyMeta_right_joint/handPinky_00_right_joint/handPinky_01_right_joint/handPinky_02_right_joint", "root_joint/pelvis_joint/spineLower_joint/spineMiddle_joint/spineUpper_joint/chest_joint/clavicle_right_joint/shoulder_right_joint/elbow_right_joint/handWrist_right_joint/handRingMeta_right_joint", "root_joint/pelvis_joint/spineLower_joint/spineMiddle_joint/spineUpper_joint/chest_joint/clavicle_right_joint/shoulder_right_joint/elbow_right_joint/handWrist_right_joint/handRingMeta_right_joint/handRing_00_right_joint", "root_joint/pelvis_joint/spineLower_joint/spineMiddle_joint/spineUpper_joint/chest_joint/clavicle_right_joint/shoulder_right_joint/elbow_right_joint/handWrist_right_joint/handRingMeta_right_joint/handRing_00_right_joint/handRing_01_right_joint", "root_joint/pelvis_joint/spineLower_joint/spineMiddle_joint/spineUpper_joint/chest_joint/clavicle_right_joint/shoulder_right_joint/elbow_right_joint/handWrist_right_joint/handRingMeta_right_joint/handRing_00_right_joint/handRing_01_right_joint/handRing_02_right_joint", "root_joint/pelvis_joint/spineLower_joint/spineMiddle_joint/spineUpper_joint/chest_joint/clavicle_right_joint/shoulder_right_joint/elbow_right_joint/handWrist_right_joint/handThumbMeta_right_joint", "root_joint/pelvis_joint/spineLower_joint/spineMiddle_joint/spineUpper_joint/chest_joint/clavicle_right_joint/shoulder_right_joint/elbow_right_joint/handWrist_right_joint/handThumbMeta_right_joint/handThumb_00_right_joint", "root_joint/pelvis_joint/spineLower_joint/spineMiddle_joint/spineUpper_joint/chest_joint/clavicle_right_joint/shoulder_right_joint/elbow_right_joint/handWrist_right_joint/handThumbMeta_right_joint/handThumb_00_right_joint/handThumb_01_right_joint", "root_joint/pelvis_joint/spineLower_joint/spineMiddle_joint/spineUpper_joint/chest_joint/clavicle_right_joint/shoulder_right_joint/elbow_right_joint/handWrist_right_joint/handThumbMeta_right_joint/handThumb_00_right_joint/handThumb_01_right_joint/handThumb_02_right_joint", "root_joint/pelvis_joint/spineLower_joint/spineMiddle_joint/spineUpper_joint/chest_joint/clavicle_right_joint/shoulder_right_joint/elbow_right_joint/handWrist_right_joint/hand_r_socket", "root_joint/pelvis_joint/spineLower_joint/spineMiddle_joint/spineUpper_joint/chest_joint/clavicle_right_joint/shoulder_right_joint/armUpper_twist_01_right_joint", "root_joint/pelvis_joint/spineLower_joint/spineMiddle_joint/spineUpper_joint/chest_joint/clavicle_right_joint/shoulder_right_joint/armUpper_twist_02_right_joint", "root_joint/pelvis_joint/spineLower_joint/spineMiddle_joint/spineUpper_joint/chest_joint/clavicle_right_joint/shoulder_right_joint/armUpper_twist_03_right_joint", "root_joint/pelvis_joint/spineLower_joint/spineMiddle_joint/spineUpper_joint/chest_joint/back_socket", "root_joint/pelvis_joint/hip_left_joint", "root_joint/pelvis_joint/hip_left_joint/knee_left_joint", "root_joint/pelvis_joint/hip_left_joint/knee_left_joint/footAnkle_left_joint", "root_joint/pelvis_joint/hip_left_joint/knee_left_joint/footAnkle_left_joint/footBall_left_joint", "root_joint/pelvis_joint/hip_left_joint/knee_left_joint/footAnkle_left_joint/footBall_left_joint/footToe_left_joint", "root_joint/pelvis_joint/hip_left_joint/knee_left_joint/footAnkle_left_joint/footAnkle_partial_left_joint", "root_joint/pelvis_joint/hip_left_joint/knee_left_joint/footAnkle_left_joint/foot_l_socket", "root_joint/pelvis_joint/hip_left_joint/knee_left_joint/knee_partial_left_joint", "root_joint/pelvis_joint/hip_left_joint/knee_left_joint/legLower_twist_01_left_joint", "root_joint/pelvis_joint/hip_left_joint/knee_left_joint/legLower_twist_02_left_joint", "root_joint/pelvis_joint/hip_left_joint/knee_left_joint/legLower_twist_03_left_joint", "root_joint/pelvis_joint/hip_left_joint/legUpper_twist_01_left_joint", "root_joint/pelvis_joint/hip_left_joint/legUpper_twist_02_left_joint", "root_joint/pelvis_joint/hip_left_joint/legUpper_twist_03_left_joint", "root_joint/pelvis_joint/hip_right_joint", "root_joint/pelvis_joint/hip_right_joint/knee_right_joint", "root_joint/pelvis_joint/hip_right_joint/knee_right_joint/footAnkle_right_joint", "root_joint/pelvis_joint/hip_right_joint/knee_right_joint/footAnkle_right_joint/footBall_right_joint", "root_joint/pelvis_joint/hip_right_joint/knee_right_joint/footAnkle_right_joint/footBall_right_joint/footToe_right_joint", "root_joint/pelvis_joint/hip_right_joint/knee_right_joint/footAnkle_right_joint/footAnkle_partial_right_joint", "root_joint/pelvis_joint/hip_right_joint/knee_right_joint/footAnkle_right_joint/foot_r_socket", "root_joint/pelvis_joint/hip_right_joint/knee_right_joint/knee_partial_right_joint", "root_joint/pelvis_joint/hip_right_joint/knee_right_joint/legLower_twist_01_right_joint", "root_joint/pelvis_joint/hip_right_joint/knee_right_joint/legLower_twist_02_right_joint", "root_joint/pelvis_joint/hip_right_joint/knee_right_joint/legLower_twist_03_right_joint", "root_joint/pelvis_joint/hip_right_joint/legUpper_twist_01_right_joint", "root_joint/pelvis_joint/hip_right_joint/legUpper_twist_02_right_joint", "root_joint/pelvis_joint/hip_right_joint/legUpper_twist_03_right_joint", "root_joint/pelvis_joint/hip_l_front_socket", "root_joint/pelvis_joint/hip_l_back_socket", "root_joint/pelvis_joint/hip_r_front_socket", "root_joint/pelvis_joint/hip_r_back_socket"]
            quatf[] rotations.timeSamples = {
                0: [(1, 0.00002372924, -0.000014000187, 0.000034905046), (0.47643882, 0.52275956, 0.43922013, 0.553908), (0.9997021, -0.008735205, -0.014628323, 0.01747347), (0.99922645, -0.036131576, -0.0032300323, 0.015183752), (0.99932116, -0.036193863, 0.00039174414, 0.0068491334), (0.99746925, -0.067393295, 0.01532319, 0.016681636), (0.7351393, 0.072094195, -0.6719657, -0.0532403), (0.858372, 0.032290492, -0.47379708, 0.19408946), (0.6158121, -0.19983007, 0.07006691, 0.75890285), (0.99999994, 1.4901163e-8, -7.450581e-8, 7.4505815e-9), (0.99999994, 1.4901163e-8, -7.450581e-8, 7.4505815e-9), (0.99999994, 1.4901163e-8, -7.450581e-8, 7.4505815e-9), (0.99999994, 1.4901163e-8, -7.450581e-8, 7.4505815e-9), (0.59327674, 0.7776223, 0.104695454, -0.17990212), (0.99675614, 0.020351307, 0.050847687, -0.058966734), (0.8299786, 0.0084665585, 0.029737122, 0.55693716), (0.78870195, -0.021733513, -0.018921968, 0.61409956), (-0.6888816, -0.024315407, 0.05695264, -0.72222364), (0.9993074, -0.020572694, 0.016465204, -0.026267368), (0.85529214, -0.018185588, -0.013138266, 0.51765996), (0.7204087, 0.027587745, -0.036622167, 0.69203246), (-0.8214688, -0.025513861, 0.050388627, -0.56744957), (0.9999999, -0.000011160971, 0.000001460314, 0.0000023394825), (0.9973088, 0.0081662405, -0.05224077, 0.050783914), (0.8992202, -0.061449707, 0.15599416, 0.40409452), (-0.69859993, 0.011841552, -0.12708172, -0.7040367), (0.7399628, 0.034835, 0.16032463, 0.65233207), (0.989183, -0.13966168, -0.03880342, 0.022489538), (0.8755386, 0.094106406, 0.035091076, 0.47259355), (-0.6965451, 0.0076365173, -0.060600072, -0.71490836), (0.74163085, -0.00082579267, 0.066126324, 0.66754055), (0.8093419, 0.38565633, 0.44174653, -0.033085775), (0.98040026, 0.09291825, -0.077723324, 0.1553723), (0.9500694, 0.073030345, 0.013563188, 0.30306837), (0.9518501, -0.0046006, 0.0044735526, 0.30649585), (-0.02252524, -0.9962119, 0.0033933655, -0.08391933), (0.99999994, -5.960466e-8, -1.4901165e-8, 0), (0.99999994, -5.960466e-8, -1.4901165e-8, 0), (0.99999994, -5.960466e-8, -1.4901165e-8, 0), (0.98571074, 0.15029866, 0.010317103, 0.075353995), (0.999998, 0.00053772423, -0.001755096, 0.00080092996), (0.9999646, 0.000533374, -0.008203633, -0.0017881934), (0.9957809, 0.0026389868, -0.032936394, -0.08560663), (0.51130694, -0.48755783, -0.47603884, -0.5236788), (0.47614533, -0.52276754, -0.5115028, -0.48822647), (1.0000008, -3.7252903e-9, -7.450581e-9, -4.656613e-10), (0.5115033, -0.4882257, -0.4761448, -0.522768), (1.0000005, 1.1175871e-8, -7.21775e-9, 4.656613e-10), (0.49712205, -0.5028315, -0.4971519, -0.5028619), (0.05413574, 0.7215817, 0.13896999, 0.6760742), (0.9223755, 0.030321766, -0.38122106, -0.054535814), (0.6267923, 0.083743736, -0.25733647, 0.7306818), (0.9999997, 8.940699e-8, -1.0430816e-7, 1.4901165e-8), (0.9999997, 8.940699e-8, -1.0430816e-7, 1.4901165e-8), (0.9999997, 8.940699e-8, -1.0430816e-7, 1.4901165e-8), (0.9999997, 8.940699e-8, -1.0430816e-7, 1.4901165e-8), (0.639728, 0.76148546, -0.042112004, -0.095469795), (0.9968214, 0.017570721, 0.050759368, -0.058835514), (0.79458547, -0.10645339, 0.09311984, 0.59044915), (0.79113823, -0.021727895, -0.01777648, 0.6109927), (-0.6905633, -0.04261529, 0.073671475, -0.7182468), (0.9993587, -0.018939856, 0.016002808, -0.02583105), (0.82333285, -0.12329188, 0.06564651, 0.55010223), (0.72307295, 0.027753904, -0.035403706, 0.689305), (-0.82218087, -0.022935368, 0.04997005, -0.5665643), (0.99999976, 0.000011473896, 4.470349e-8, -8.940698e-8), (0.9863245, -0.11527647, -0.09853522, 0.06454465), (0.8904893, 0.012508141, 0.22231942, 0.39679497), (-0.6996873, 0.013718832, -0.12629467, -0.703064), (0.7380548, 0.035311025, 0.15999046, 0.6545462), (0.9896254, -0.13647623, -0.038949642, 0.0223258), (0.87652665, 0.049547724, 0.088153906, 0.47061095), (-0.6974547, 0.0097910045, -0.060299, -0.7140203), (0.7470249, -0.03753842, 0.09680854, 0.6566374), (0.8102086, 0.35981774, 0.45837185, -0.06315485), (0.984499, 0.08509451, -0.067404985, 0.1377582), (0.9612283, 0.12643695, 0.034581155, 0.24260664), (0.9623635, -0.012170485, 0.005023644, 0.27144644), (0.9961818, -0.022520395, -0.08427443, -0.0034575318), (0.99999976, 7.4505834e-8, -2.9802333e-8, 1.4901167e-8), (0.99999976, 7.4505834e-8, -2.9802333e-8, 1.4901167e-8), (0.99999976, 7.4505834e-8, -2.9802333e-8, 1.4901167e-8), (0.49205104, -0.50778884, -0.49208656, -0.50782573), (-0.16432537, -0.019787183, 0.0060661146, 0.98618907), (0.9898994, -0.08523653, 0.01149869, 0.112702064), (0.013915189, 0.9582437, 0.28511393, 0.0168944), (0.002326101, 0.41905358, 0.9079444, 0.0050664097), (0.9999945, -0.000022520311, 0.000015303493, 0.0032870746), (0.99999934, 1.5832484e-7, -0.0000013262033, -0.0011720955), (0.5254125, -0.51680917, 0.4976501, 0.4573777), (0.99999905, 2.9616058e-7, 5.662441e-7, -0.0014617834), (0.9999808, -0.0062205573, 8.046627e-7, 5.5879354e-9), (0.9999229, -0.01244084, 0.0000020712614, 2.4214387e-8), (0.9998226, -0.018849224, 0.000002399087, 3.1664968e-8), (1, 1.2572855e-7, 5.662441e-7, -4.656613e-8), (1, 5.7742e-8, 0.0000015050173, -3.7252903e-9), (1, 5.8766454e-7, 0.0000013336539, -1.3038516e-8), (0.93139017, -0.006130637, -0.0047702906, -0.3639396), (0.85609794, -0.000041767955, 0.008066893, 0.51675063), (0.060655415, 0.9963844, -0.051326696, 0.030079175), (-0.00008560718, 0.70692384, 0.70728946, -0.000023007397), (0.99999285, -0.0000055581345, 0.0000066757216, 0.0037701493), (0.999999, 2.3283067e-7, -0.0000012442471, -0.0011719839), (0.5167999, 0.52540743, 0.45738873, -0.49765489), (0.99999905, 3.913301e-7, 6.2584877e-7, -0.0014617108), (0.99998087, -0.006220574, -7.450581e-9, 1.2293458e-7), (0.9999229, -0.012440829, -1.4901161e-8, 1.5832484e-7), (0.9998226, -0.018849097, -9.685755e-8, 1.5459955e-7), (1, 1.4714898e-7, -7.450581e-8, -3.7252907e-8), (1, 0, 0, 0), (0.99999994, 6.086193e-7, 0, -2.2351742e-8), (0.49998403, -0.50000834, -0.50001705, -0.49999052), (0.49998403, -0.50000834, -0.50001705, -0.49999052), (0.49998403, -0.50000834, -0.50001705, -0.49999052), (0.49998403, -0.50000834, -0.50001705, -0.49999052)],
                1: [(1, 0.000046748584, -0.00006207004, 0.000066687644), (0.47712654, 0.5218894, 0.434061, 0.5581871), (0.9997426, -0.0051343255, -0.014450503, 0.016719269), (0.9992589, -0.03598105, -0.0028696966, 0.013375423), (0.9993251, -0.03610876, 0.0011755356, 0.006636112), (0.9972923, -0.070497654, 0.014270739, 0.015308723), (0.74070054, 0.07746513, -0.665778, -0.045839902), (0.85385793, 0.03338693, -0.4755277, 0.20901003), (0.59598094, -0.20594092, 0.083094805, 0.77168), (1, 0, -6.7055225e-8, 9.313226e-9), (1, 0, -6.7055225e-8, 9.313226e-9), (1, 0, -6.7055225e-8, 9.313226e-9), (1, 0, -6.7055225e-8, 9.313226e-9), (0.62968737, 0.76000357, 0.09532926, -0.12961748), (0.9967543, 0.020240977, 0.050954968, -0.05894652), (0.8299819, 0.008476183, 0.029728413, 0.5569329), (0.7886994, -0.021734923, -0.018926185, 0.6141031), (-0.6888871, -0.024321184, 0.056953266, -0.7222183), (0.9993043, -0.020678185, 0.016575105, -0.026239954), (0.85529506, -0.018177077, -0.01314573, 0.5176555), (0.7204057, 0.027584963, -0.036627036, 0.6920353), (-0.8214734, -0.02552022, 0.050390117, -0.5674424), (1, -0.00001116842, 0.000001385808, 0.000002361834), (0.99731445, 0.008073926, -0.052120723, 0.050815955), (0.899225, -0.06144341, 0.15598153, 0.40409034), (-0.69860154, 0.0118341, -0.12708524, -0.7040348), (0.73996276, 0.03483101, 0.16032875, 0.65233177), (0.9891726, -0.13975854, -0.038692698, 0.022536337), (0.87554, 0.09411562, 0.035080656, 0.47258976), (-0.6965488, 0.007630907, -0.06060385, -0.71490455), (0.74162984, -0.00082942843, 0.066130355, 0.66754115), (0.8093326, 0.3855602, 0.44184268, -0.033154152), (0.9803987, 0.09292756, -0.07772201, 0.15537848), (0.9500691, 0.07303028, 0.013562806, 0.30306995), (0.95185065, -0.0046011806, 0.004473202, 0.30649525), (-0.022525204, -0.9962121, 0.0033933679, -0.08391932), (0.9999999, -2.9802322e-8, -9.720679e-9, -1.4901161e-8), (0.9999999, -2.9802322e-8, -9.720679e-9, -1.4901161e-8), (0.9999999, -2.9802322e-8, -9.720679e-9, -1.4901161e-8), (0.98619026, 0.14803727, 0.014717254, 0.0727785), (0.9999655, 0.0018415634, -0.007500696, 0.003006183), (0.9999008, 0.0018659388, -0.013945651, 0.00040925073), (0.9957653, 0.0064589526, -0.03709371, -0.08386615), (0.51130676, -0.48755774, -0.47603872, -0.5236786), (0.4761452, -0.5227674, -0.5115027, -0.4882264), (1.0000006, -1.8626451e-9, -2.7939677e-9, -8.1490725e-10), (0.5115032, -0.4882256, -0.4761447, -0.5227679), (1.0000002, 7.450581e-9, -7.494236e-9, 5.820766e-11), (0.49712193, -0.50283146, -0.49715182, -0.50286186), (0.06948467, 0.71618265, 0.12719394, 0.6826973), (0.9243309, 0.026887545, -0.37326983, -0.07455686), (0.6219865, 0.09753155, -0.27748156, 0.72568864), (0.9999995, 8.568169e-8, -5.215407e-8, 1.8626443e-9), (0.9999995, 8.568169e-8, -5.215407e-8, 1.8626443e-9), (0.9999995, 8.568169e-8, -5.215407e-8, 1.8626443e-9), (0.9999995, 8.568169e-8, -5.215407e-8, 1.8626443e-9), (0.6540976, 0.751401, -0.04468148, -0.07453813), (0.9969614, 0.017753746, 0.04966888, -0.057316978), (0.7945789, -0.106462434, 0.09309618, 0.5904598), (0.7911378, -0.021730635, -0.017774792, 0.6109929), (-0.690563, -0.042612657, 0.07367753, -0.71824646), (0.9991559, -0.019544678, 0.018479351, -0.03104085), (0.8200391, -0.12510534, 0.06132608, 0.55508846), (0.7230335, 0.027696254, -0.035396572, 0.68934894), (-0.8221804, -0.022932958, 0.04997702, -0.56656414), (0.99999976, 0.000011496248, 2.2351744e-8, -1.4901163e-7), (0.98613685, -0.115013406, -0.09983636, 0.06586665), (0.8904915, 0.012497851, 0.2222911, 0.39680615), (-0.6996875, 0.0137110725, -0.12629108, -0.70306444), (0.7380552, 0.035312977, 0.15999481, 0.6545447), (0.9895722, -0.1362537, -0.040278103, 0.023640886), (0.87652487, 0.049538303, 0.08812542, 0.47062016), (-0.6974546, 0.009783947, -0.060295504, -0.71402043), (0.7470249, -0.037536483, 0.09681286, 0.6566365), (0.8103284, 0.35948148, 0.4587212, -0.06095513), (0.98445386, 0.08496008, -0.06836045, 0.13769132), (0.96122813, 0.12643091, 0.03457116, 0.24261148), (0.96236336, -0.012170094, 0.005022809, 0.27144614), (0.9961818, -0.022520378, -0.08427443, -0.0034575467), (0.9999996, 6.705523e-8, 0, 2.2351744e-8), (0.9999996, 6.705523e-8, 0, 2.2351744e-8), (0.9999996, 6.705523e-8, 0, 2.2351744e-8), (0.492051, -0.50778884, -0.49208653, -0.50782573), (-0.17697214, -0.02547279, 0.004065013, 0.98387784), (0.9901914, -0.0887237, 0.012280871, 0.10722941), (0.018804979, 0.9689669, 0.24628805, 0.009552551), (0.0021116468, 0.624185, 0.78126556, 0.003482395), (0.9999916, 0.0000464581, -0.00003917144, 0.0040195514), (0.9999989, 1.5995467e-7, -0.0000013634565, -0.0011720961), (0.5254123, -0.516809, 0.49764994, 0.45737752), (0.9999989, 3.2910611e-7, 5.5134296e-7, -0.0014617918), (0.99998057, -0.0062205372, 7.972121e-7, 2.3283064e-8), (0.9999227, -0.012440843, 0.000002078712, 3.8184226e-8), (0.9998225, -0.018849244, 0.0000023916364, -6.519258e-9), (1.0000001, 1.4342368e-7, 5.662441e-7, -5.2154064e-8), (1, 4.1443855e-8, 0.000001527369, 1.4901161e-8), (1.0000001, 5.979091e-7, 0.0000012926757, -1.5832484e-8), (0.9465015, -0.0010978046, 0.0033613539, -0.32268053), (0.92277807, -0.0027219253, 0.011420739, 0.38515344), (0.048763838, 0.9957502, -0.059571207, 0.05054932), (0.0015060299, 0.68335915, 0.730079, 0.0017909495), (0.99999344, -0.00001156237, -0.0000029355288, 0.0036535896), (0.99999934, 2.0768495e-7, -0.0000012768434, -0.0011720081), (0.5168, 0.52540743, 0.4573888, -0.497655), (0.99999934, 4.1653402e-7, 5.606562e-7, -0.0014617266), (0.99998116, -0.006220586, 2.0489097e-8, 9.126961e-8), (0.9999232, -0.012440819, -2.4214387e-8, 1.7415732e-7), (0.9998229, -0.018849125, -5.9604645e-8, 1.5739352e-7), (1.0000002, 1.7072307e-7, -7.8231096e-8, -4.5634806e-8), (1.0000002, 0, 0, 0), (1.0000002, 5.995389e-7, 1.1175871e-8, -7.450581e-9), (0.4999841, -0.50000846, -0.5000171, -0.4999906), (0.4999841, -0.50000846, -0.5000171, -0.4999906), (0.4999841, -0.50000846, -0.5000171, -0.4999906), (0.4999841, -0.50000846, -0.5000171, -0.4999906)],
                2: [(1, 0.00011095625, -0.00003816324, -0.000026673832), (0.4818049, 0.52199924, 0.42181543, 0.56342936), (0.9997984, -0.004171349, -0.013993099, 0.013784476), (0.9991728, -0.03923608, 0.0018809065, 0.010516934), (0.9992058, -0.039397478, 0.0027960911, 0.005250588), (0.99605626, -0.08579091, 0.017576888, 0.014244795), (0.76249856, 0.076826096, -0.6419921, -0.023239687), (0.8371607, 0.03934887, -0.49687243, 0.22523703), (0.53839576, -0.22575027, 0.11962035, 0.80303055), (1.0000002, 0, -5.9604645e-8, 7.450581e-9), (1.0000002, 0, -5.9604645e-8, 7.450581e-9), (1.0000002, 0, -5.9604645e-8, 7.450581e-9), (1.0000002, 0, -5.9604645e-8, 7.450581e-9), (0.6748924, 0.7278439, 0.111714065, -0.04778543), (0.99678016, 0.01935047, 0.051273882, -0.0585292), (0.8299821, 0.008492351, 0.02975452, 0.5569309), (0.7886882, -0.02172187, -0.018955618, 0.6141167), (-0.68892217, -0.02437061, 0.056934774, -0.72218466), (0.99929255, -0.021541506, 0.016906857, -0.025775999), (0.85529613, -0.018167704, -0.013126075, 0.51765454), (0.7204049, 0.02759999, -0.036659226, 0.69203395), (-0.82148135, -0.025567949, 0.050374985, -0.5674299), (1.0000001, -0.000011175871, 0.0000014305115, 0.0000023543835), (0.99731606, 0.0072725415, -0.051703155, 0.051328063), (0.89925146, -0.061436534, 0.15601063, 0.40402138), (-0.69851536, 0.011891067, -0.12708943, -0.70411897), (0.74000055, 0.03482917, 0.16027555, 0.65230227), (0.9890579, -0.14056423, -0.03837821, 0.02309215), (0.8755704, 0.09412536, 0.0351246, 0.47252858), (-0.6964639, 0.0076696873, -0.06060952, -0.7149867), (0.74166924, -0.0008408129, 0.06608999, 0.6675019), (0.80952346, 0.38463598, 0.44229227, -0.03323543), (0.9804011, 0.09297106, -0.077732556, 0.15533166), (0.9500735, 0.07303998, 0.013552189, 0.30305392), (0.95184857, -0.0045984983, 0.0044864714, 0.30650064), (-0.022525221, -0.99621207, 0.0033933958, -0.083919376), (1.0000002, -4.4703484e-8, -1.4901161e-8, 0), (1.0000002, -4.4703484e-8, -1.4901161e-8, 0), (1.0000002, -4.4703484e-8, -1.4901161e-8, 0), (0.9832497, 0.16539821, 0.01741834, 0.07456587), (0.99991584, 0.002745105, -0.011753619, 0.004761718), (0.9998283, 0.00279239, -0.018195793, 0.0021588616), (0.9952153, 0.012026221, -0.047400042, -0.08458933), (0.511307, -0.48755786, -0.47603893, -0.52367884), (0.47614545, -0.5227676, -0.51150286, -0.48822662), (1.0000011, 0, -7.450581e-9, -9.313226e-10), (0.5115034, -0.48822582, -0.4761449, -0.5227681), (1.0000005, 1.4901161e-8, -7.450581e-9, 4.656613e-10), (0.49712217, -0.50283164, -0.49715203, -0.502862), (0.105248794, 0.7023751, 0.105057925, 0.69609946), (0.9306613, 0.022311985, -0.34246182, -0.12685028), (0.6085969, 0.14914207, -0.33271754, 0.7047447), (0.99999964, 1.0430813e-7, -5.9604645e-8, 0), (0.99999964, 1.0430813e-7, -5.9604645e-8, 0), (0.99999964, 1.0430813e-7, -5.9604645e-8, 0), (0.99999964, 1.0430813e-7, -5.9604645e-8, 0), (0.70243, 0.70910394, -0.038416058, -0.047828734), (0.99707055, 0.017171144, 0.049473614, -0.05574432), (0.79458016, -0.10645893, 0.09311226, 0.5904561), (0.7911421, -0.021681458, -0.017792182, 0.6109884), (-0.69056356, -0.042632192, 0.07358289, -0.7182542), (0.99905175, -0.020572692, 0.020793349, -0.03224793), (0.8186935, -0.12630635, 0.058570147, 0.55709696), (0.72307134, 0.027773142, -0.03542031, 0.68930507), (-0.82218385, -0.022948056, 0.0498738, -0.56656796), (0.99999976, 0.000011503696, 5.9604645e-8, -1.4901161e-7), (0.9859514, -0.115371466, -0.100174025, 0.06748405), (0.8904908, 0.012524873, 0.2223519, 0.39677268), (-0.69968414, 0.013819814, -0.12631081, -0.7030617), (0.7380533, 0.035301432, 0.15993205, 0.6545623), (0.98945516, -0.13670331, -0.040671766, 0.02522394), (0.8765276, 0.04956594, 0.08818054, 0.47060215), (-0.69745004, 0.009885162, -0.0603259, -0.7140212), (0.74702775, -0.03755419, 0.09674916, 0.65664196), (0.81152856, 0.35818994, 0.45766217, -0.06055206), (0.98456323, 0.0852164, -0.066600144, 0.13761528), (0.96122885, 0.12645708, 0.0346058, 0.24259084), (0.96236193, -0.012169894, 0.0050341487, 0.271452), (0.9961819, -0.022520393, -0.084274426, -0.0034575462), (0.9999995, 1.1920929e-7, 0, 0), (0.9999995, 1.1920929e-7, 0, 0), (0.9999995, 1.1920929e-7, 0, 0), (0.49205112, -0.50778896, -0.49208665, -0.50782585), (-0.16972049, -0.022600297, 0.0035205185, 0.98522687), (0.97340477, -0.09943862, 0.025984883, 0.20474419), (0.040913373, 0.93898934, 0.34148785, 0.0033355951), (0.0074156225, 0.8028206, 0.59617317, 0.0012423694), (0.9999788, -0.000035472214, -0.00009985268, 0.006522633), (0.99999917, 1.527369e-7, -0.0000013113022, -0.0011720881), (0.52541244, -0.5168091, 0.49765003, 0.45737764), (0.99999905, 3.1199306e-7, 5.066395e-7, -0.0014617816), (0.9999808, -0.006220539, 7.4505806e-7, 2.6077032e-8), (0.9999229, -0.012440845, 0.0000020861626, 3.3527613e-8), (0.9998226, -0.018849256, 0.000002413988, -3.7252903e-9), (1.0000002, 1.3411045e-7, 5.662441e-7, -4.8428774e-8), (1.0000001, 3.3527613e-8, 0.0000015199184, 3.7252903e-9), (1.0000002, 5.811453e-7, 0.0000013113022, -1.8626451e-8), (0.97301686, -0.0011045169, 0.032846518, -0.22838172), (0.99973166, -0.0040432233, 0.009771742, 0.020610627), (0.01688637, 0.9951724, -0.024397697, 0.093548894), (0.0049543083, 0.58596706, 0.8102547, 0.010249466), (0.9999976, -0.0001087226, 0.000030040741, 0.0021445677), (0.9999988, 2.2724271e-7, -0.0000012814999, -0.0011719763), (0.5167998, 0.52540725, 0.45738855, -0.49765477), (0.99999905, 3.8556755e-7, 5.289912e-7, -0.0014617592), (0.9999808, -0.006220598, -7.450581e-9, 1.15484e-7), (0.99992293, -0.012440825, -5.9604645e-8, 1.8253922e-7), (0.9998226, -0.018849116, -4.4703484e-8, 1.6391277e-7), (1, 1.4156103e-7, -4.4703484e-8, -5.2154064e-8), (1, 0, 0, 0), (1, 6.1653554e-7, 0, -7.450581e-9), (0.49998406, -0.50000846, -0.5000171, -0.49999058), (0.49998406, -0.50000846, -0.5000171, -0.49999058), (0.49998406, -0.50000846, -0.5000171, -0.49999058), (0.49998406, -0.50000846, -0.5000171, -0.49999058)],
                3: [(1, 0.00006397385, 0.00005104885, -0.00008706618), (0.48279497, 0.5271712, 0.42024902, 0.55891883), (0.99978817, -0.0075035077, -0.009801067, 0.016468909), (0.9992045, -0.037989423, 0.0052076727, 0.010956682), (0.99926674, -0.03798206, 0.001513645, 0.0045714974), (0.99632186, -0.08459767, 0.012195066, 0.006066546), (0.7711952, 0.08458963, -0.6309423, -0.0037045553), (0.83788544, 0.03953111, -0.5075847, 0.19683054), (0.5297184, -0.21464777, 0.11125472, 0.8129861), (0.99999976, -1.4901161e-8, -5.9604645e-8, 7.450581e-9), (0.99999976, -1.4901161e-8, -5.9604645e-8, 7.450581e-9), (0.99999976, -1.4901161e-8, -5.9604645e-8, 7.450581e-9), (0.99999976, -1.4901161e-8, -5.9604645e-8, 7.450581e-9), (0.6948219, 0.7087205, 0.121901184, -0.00878942), (0.9967592, 0.019785047, 0.051252574, -0.058755428), (0.8299821, 0.008484691, 0.029748052, 0.55693084), (0.788709, -0.021727115, -0.018918231, 0.6140906), (-0.68886983, -0.024311513, 0.05694607, -0.72223496), (0.9992955, -0.021117479, 0.016879678, -0.026019424), (0.8552964, -0.018168777, -0.013129801, 0.51765347), (0.7204193, 0.02760014, -0.036615223, 0.6920209), (-0.82145315, -0.02550456, 0.05037853, -0.5674727), (0.9999999, -0.000011175871, 0.0000014305115, 0.0000023543835), (0.99732256, 0.007676482, -0.051775843, 0.051062703), (0.89923656, -0.06144625, 0.15601942, 0.4040485), (-0.6985641, 0.011879802, -0.12706183, -0.7040749), (0.7399758, 0.03485191, 0.1602956, 0.6523232), (0.98911995, -0.14016432, -0.038397312, 0.02281794), (0.8755526, 0.09411585, 0.035121977, 0.4725631), (-0.69651014, 0.0076690316, -0.060581878, -0.71494365), (0.7416469, -0.0008121133, 0.06610048, 0.66752523), (0.8093639, 0.38510913, 0.44217002, -0.033257484), (0.9804029, 0.092942216, -0.07773008, 0.15533589), (0.9500708, 0.073031425, 0.013565421, 0.30306256), (0.95184845, -0.0045977384, 0.0044768155, 0.3065007), (-0.022525232, -0.9962119, 0.0033933301, -0.08391934), (0.99999964, -4.4703484e-8, -1.4901161e-8, 2.9802322e-8), (0.99999964, -4.4703484e-8, -1.4901161e-8, 2.9802322e-8), (0.99999964, -4.4703484e-8, -1.4901161e-8, 2.9802322e-8), (0.9815744, 0.1657995, 0.03925407, 0.08649133), (0.99990946, 0.0027062222, -0.011831179, 0.005782619), (0.9998239, 0.0027584173, -0.018273532, 0.0031802915), (0.9934422, 0.007708014, -0.06482702, -0.093862064), (0.5113068, -0.4875577, -0.4760387, -0.5236786), (0.47614518, -0.52276736, -0.5115026, -0.48822638), (1.0000005, 7.450581e-9, -7.450581e-9, -1.8626451e-9), (0.5115032, -0.48822558, -0.47614467, -0.52276784), (1.0000001, 1.4901161e-8, -7.450581e-9, 0), (0.49712205, -0.50283146, -0.49715182, -0.5028618), (0.12518227, 0.6885907, 0.099488676, 0.7073), (0.9217428, 0.0241113, -0.363262, -0.13359842), (0.61082435, 0.17000556, -0.3442089, 0.69246733), (0.9999994, 7.4505806e-8, -8.940697e-8, 7.450581e-9), (0.9999994, 7.4505806e-8, -8.940697e-8, 7.450581e-9), (0.9999994, 7.4505806e-8, -8.940697e-8, 7.450581e-9), (0.9999994, 7.4505806e-8, -8.940697e-8, 7.450581e-9), (0.749264, 0.6616959, -0.011600703, -0.025030613), (0.99694335, 0.016855389, 0.050495, -0.057174742), (0.7945994, -0.10644007, 0.09312853, 0.5904305), (0.7911457, -0.021677136, -0.017820202, 0.6109827), (-0.69055676, -0.04268238, 0.073569745, -0.718259), (0.9992208, -0.020193696, 0.019184768, -0.027946532), (0.82150924, -0.1250121, 0.061873734, 0.5528699), (0.7232157, 0.027911276, -0.03557226, 0.6891396), (-0.8221273, -0.023130745, 0.049820423, -0.5666464), (0.99999946, 0.000011503696, 2.9802322e-8, -1.4901161e-7), (0.9861133, -0.11576179, -0.09893808, 0.0662584), (0.89049864, 0.012574166, 0.22237185, 0.39674193), (-0.6996835, 0.013836414, -0.1263736, -0.70305073), (0.7380556, 0.03526409, 0.15992004, 0.6545647), (0.98948807, -0.13705173, -0.03941503, 0.02399975), (0.8765403, 0.049609095, 0.08820167, 0.4705696), (-0.69744647, 0.009897679, -0.060386155, -0.7140192), (0.74702936, -0.037590608, 0.096738726, 0.65663934), (0.8120756, 0.35840917, 0.45614272, -0.063317746), (0.9847082, 0.085407704, -0.064204276, 0.1375957), (0.96122736, 0.12644851, 0.03457755, 0.24260354), (0.96236205, -0.012174927, 0.005038291, 0.27145007), (0.9961815, -0.022520363, -0.08427441, -0.0034575462), (0.9999993, 8.940697e-8, 0, 0), (0.9999993, 8.940697e-8, 0, 0), (0.9999993, 8.940697e-8, 0, 0), (0.49205095, -0.5077888, -0.49208644, -0.5078257), (-0.07095747, 0.0045525185, 0.004501343, 0.9974588), (0.8913567, -0.09306477, 0.05248952, 0.44053045), (0.03125178, 0.96846527, 0.24705546, -0.007853717), (0.01216957, 0.79288715, 0.6092408, 0.00269109), (0.9999938, -0.00006554648, -0.00002335012, 0.003458716), (0.9999989, 1.5646219e-7, -0.0000013709068, -0.0011720937), (0.5254124, -0.51680905, 0.49764994, 0.45737755), (0.999999, 3.1851232e-7, 5.662441e-7, -0.0014617685), (0.99998075, -0.006220539, 7.748604e-7, 3.3527613e-8), (0.9999228, -0.012440836, 0.000002026558, 2.6077032e-8), (0.9998225, -0.018849231, 0.0000024437904, 3.7252903e-9), (1.0000001, 1.3783574e-7, 5.662441e-7, -7.4505806e-8), (1.0000001, 1.8626451e-9, 0.0000015050173, 1.1175871e-8), (1.0000001, 5.7555735e-7, 0.000001296401, -7.450581e-9), (0.98021156, -0.0046757283, 0.040751524, -0.19365598), (0.9996637, -0.0006159786, 0.013448499, 0.022157662), (-0.0028801598, 0.99774104, -0.026387945, 0.061704457), (0.001735568, 0.63092273, 0.7757659, 0.010940045), (0.9999894, 0.00002922304, 0.000041246414, 0.0044619665), (0.99999857, 1.899898e-7, -0.000001296401, -0.0011719689), (0.5167996, 0.5254071, 0.45738843, -0.49765462), (0.99999875, 4.0233135e-7, 5.736947e-7, -0.0014617182), (0.9999806, -0.006220557, 7.450581e-9, 8.940697e-8), (0.99992263, -0.012440786, -8.195639e-8, 1.6391277e-7), (0.99982226, -0.018849105, -4.4703484e-8, 1.6018748e-7), (1, 1.4156103e-7, -5.9604645e-8, -5.2154064e-8), (0.99999994, 0, 0, 0), (0.99999994, 6.109476e-7, -7.450581e-9, -1.4901161e-8), (0.499984, -0.50000834, -0.50001705, -0.49999052), (0.499984, -0.50000834, -0.50001705, -0.49999052), (0.499984, -0.50000834, -0.50001705, -0.49999052), (0.499984, -0.50000834, -0.50001705, -0.49999052)],
                4: [(1, 0.00010356435, -0.00014968544, 0.0001737157), (0.48501474, 0.52935654, 0.42128828, 0.5541286), (0.9995971, -0.008548496, -0.006105341, 0.026364252), (0.99923533, -0.034855247, 0.006395191, 0.016514368), (0.9993925, -0.03451214, 0.00018681586, 0.0048106536), (0.9972104, -0.07327445, 0.013079554, -0.0055622607), (0.7673063, 0.08583838, -0.6353247, 0.01532767), (0.84018844, 0.04628539, -0.5169241, 0.15725748), (0.53513896, -0.20184398, 0.07411441, 0.81694055), (1, 0, -5.9604645e-8, 0), (1, 0, -5.9604645e-8, 0), (1, 0, -5.9604645e-8, 0), (1, 0, -5.9604645e-8, 0), (0.7163856, 0.687109, 0.11520347, 0.03742662), (0.9967469, 0.019859672, 0.051768392, -0.058486998), (0.82998496, 0.008489788, 0.029733896, 0.5569273), (0.7887133, -0.021738201, -0.01891315, 0.6140851), (-0.6888608, -0.024303943, 0.056961983, -0.72224283), (0.9992966, -0.021016687, 0.017380476, -0.02573517), (0.855299, -0.018161952, -0.013141096, 0.51764977), (0.72042215, 0.027587384, -0.036607698, 0.6920197), (-0.82145244, -0.025497586, 0.0503951, -0.56747377), (0.9999999, -0.000011175871, 0.0000014603138, 0.0000023543835), (0.9973337, 0.007836729, -0.05127868, 0.051323295), (0.8992321, -0.061444223, 0.15599859, 0.40406695), (-0.69859403, 0.011848003, -0.12705995, -0.70404637), (0.7399641, 0.03485179, 0.16031948, 0.6523309), (0.98914975, -0.14002466, -0.03794065, 0.0231511), (0.8755451, 0.094118625, 0.035099864, 0.47257832), (-0.6965412, 0.007645011, -0.060579047, -0.7149139), (0.74163425, -0.00080901384, 0.066120505, 0.667537), (0.80910385, 0.38507727, 0.44267833, -0.03319639), (0.98040175, 0.09293825, -0.077720754, 0.15535119), (0.95006925, 0.073029436, 0.013567165, 0.30306843), (0.9518495, -0.004598826, 0.0044717193, 0.3064975), (-0.022525158, -0.996212, 0.0033933735, -0.08391935), (0.99999976, -1.4901161e-8, -1.1175871e-8, -2.9802322e-8), (0.99999976, -1.4901161e-8, -1.1175871e-8, -2.9802322e-8), (0.99999976, -1.4901161e-8, -1.1175871e-8, -2.9802322e-8), (0.9824493, 0.1555335, 0.049470305, 0.09030454), (0.99999225, 0.0005142987, -0.003414601, 0.0016858578), (0.9999505, 0.00051859766, -0.009863198, -0.0009032525), (0.9922327, -0.00026700087, -0.06886943, -0.10358787), (0.51130664, -0.4875576, -0.47603863, -0.52367854), (0.4761451, -0.5227673, -0.51150256, -0.48822632), (1.0000005, 0, -7.450581e-9, -9.313226e-10), (0.5115031, -0.48822552, -0.4761446, -0.5227677), (1, 0, -7.450581e-9, 4.656613e-10), (0.4971218, -0.50283134, -0.49715173, -0.5028617), (0.13280407, 0.6973811, 0.100498855, 0.6970813), (0.91472757, 0.027109325, -0.39042187, -0.10054302), (0.6254851, 0.14017756, -0.31075373, 0.7018192), (0.99999934, 8.940697e-8, -1.1920929e-7, 1.4901161e-8), (0.99999934, 8.940697e-8, -1.1920929e-7, 1.4901161e-8), (0.99999934, 8.940697e-8, -1.1920929e-7, 1.4901161e-8), (0.99999934, 8.940697e-8, -1.1920929e-7, 1.4901161e-8), (0.77721786, 0.6282839, 0.002903849, -0.034387052), (0.99681246, 0.017334312, 0.050653398, -0.059143484), (0.79456687, -0.10645664, 0.093064874, 0.59048164), (0.7911364, -0.021721601, -0.017787077, 0.61099434), (-0.69056547, -0.042625904, 0.07365614, -0.7182451), (0.9993386, -0.019189894, 0.01598233, -0.026414692), (0.82321686, -0.12330359, 0.06558612, 0.5502798), (0.7230382, 0.027652472, -0.035406366, 0.68934524), (-0.8221814, -0.022946417, 0.049943417, -0.5665651), (0.9999996, 0.000011473894, 2.9802322e-8, -1.4901161e-7), (0.9863045, -0.11557078, -0.098570615, 0.064264596), (0.8904891, 0.01252225, 0.22226453, 0.3968248), (-0.69968975, 0.013739526, -0.12630716, -0.70305824), (0.7380545, 0.035299823, 0.15997908, 0.65454936), (0.98959243, -0.1367512, -0.038988173, 0.022029608), (0.8765178, 0.049563944, 0.088095516, 0.4706362), (-0.6974538, 0.009810299, -0.060315512, -0.71401906), (0.74702525, -0.037551194, 0.09679702, 0.65663767), (0.8102876, 0.35975975, 0.45823142, -0.06348309), (0.9844858, 0.08504416, -0.067500025, 0.13783373), (0.96122473, 0.12645924, 0.034615308, 0.24260269), (0.96236306, -0.012167834, 0.0050281584, 0.2714462), (0.9961816, -0.022520363, -0.08427441, -0.0034575462), (0.9999996, 8.940697e-8, 2.9802322e-8, 0), (0.9999996, 8.940697e-8, 2.9802322e-8, 0), (0.9999996, 8.940697e-8, 2.9802322e-8, 0), (0.492051, -0.50778884, -0.4920866, -0.50782573), (0.02661378, 0.022095371, 0.005209774, 0.999388), (0.77253354, -0.07335234, 0.06441769, 0.62742484), (0.008624472, 0.9798703, 0.19885251, -0.015412867), (0.0060019493, 0.7539158, 0.65694153, 0.0017078817), (0.9999933, 0.000032929704, -0.000041887164, 0.0036490262), (0.9999992, 1.5459955e-7, -0.0000013709068, -0.0011720909), (0.52541244, -0.51680917, 0.4976501, 0.4573777), (0.99999917, 3.1245872e-7, 5.662441e-7, -0.0014617713), (0.9999808, -0.0062205503, 8.046627e-7, 2.7939677e-8), (0.999923, -0.012440838, 0.000002026558, 2.9802322e-8), (0.9998226, -0.018849239, 0.0000024437904, 1.8626451e-9), (1, 1.359731e-7, 5.811453e-7, -4.8428774e-8), (1, -2.561137e-9, 0.0000015236437, 1.4901161e-8), (1, 6.1420724e-7, 0.0000013373792, -2.9802322e-8), (0.973258, -0.0055431025, 0.041108653, -0.225938), (0.9723104, -0.0013283882, 0.013294145, 0.23331058), (0.013731174, 0.9942643, -0.09444906, 0.04826194), (-0.00012794137, 0.7257841, 0.68792224, 0.00010377169), (0.99999094, 0.000010820106, -0.00008520484, 0.0042172708), (0.9999989, 1.8067658e-7, -0.0000012726523, -0.0011719726), (0.51679975, 0.5254073, 0.4573886, -0.49765483), (0.99999905, 4.1350722e-7, 5.662441e-7, -0.0014616996), (0.9999808, -0.006220538, 1.4901161e-8, 1.0058284e-7), (0.9999229, -0.012440769, -2.2351742e-8, 1.899898e-7), (0.9998226, -0.018849121, -5.2154064e-8, 1.3038516e-7), (0.9999999, 1.4156103e-7, -4.4703484e-8, -3.7252903e-8), (0.9999999, 0, 0, 0), (0.99999994, 6.1653554e-7, 1.4901161e-8, 7.450581e-9), (0.49998397, -0.5000084, -0.500017, -0.49999058), (0.49998397, -0.5000084, -0.500017, -0.49999058), (0.49998397, -0.5000084, -0.500017, -0.49999058), (0.49998397, -0.5000084, -0.500017, -0.49999058)],
                5: [(1, 0.00004237177, 0.0000019510778, -0.00007094209), (0.4924611, 0.528177, 0.42933345, 0.54238725), (0.99921525, -0.006128574, -0.0024130195, 0.03905883), (0.99918336, -0.023949962, 0.011426225, 0.030467916), (0.9997042, -0.023371914, 0.00085036457, 0.0066350475), (0.99842274, -0.0538307, 0.014572471, -0.006424792), (0.7586558, 0.08783063, -0.6449731, 0.027130596), (0.8379482, 0.05444771, -0.5273192, 0.12965965), (0.54740644, -0.19484824, 0.020494968, 0.81360877), (0.99999964, 7.450581e-9, -8.940697e-8, 7.450581e-9), (0.99999964, 7.450581e-9, -8.940697e-8, 7.450581e-9), (0.99999964, 7.450581e-9, -8.940697e-8, 7.450581e-9), (0.99999964, 7.450581e-9, -8.940697e-8, 7.450581e-9), (0.71077454, 0.6926329, 0.118858665, 0.030512065), (0.9967567, 0.020158738, 0.050979495, -0.058906257), (0.8299813, 0.008474201, 0.029741943, 0.5569322), (0.7887172, -0.021732002, -0.018908575, 0.6140797), (-0.6888528, -0.024298042, 0.056955695, -0.7222507), (0.9993029, -0.020759076, 0.016600132, -0.026194364), (0.85529506, -0.01817596, -0.013133675, 0.51765466), (0.7204251, 0.02759394, -0.036603674, 0.6920153), (-0.8214462, -0.025492787, 0.050388277, -0.5674821), (0.99999964, -0.000011146069, 0.0000014007092, 0.0000023543835), (0.99731326, 0.007998943, -0.05208686, 0.05087486), (0.89923066, -0.06145373, 0.15600306, 0.4040664), (-0.6985894, 0.011847168, -0.12706697, -0.70404947), (0.7399651, 0.03484893, 0.16031915, 0.65232974), (0.989161, -0.13983497, -0.038670123, 0.022588521), (0.87554324, 0.094107985, 0.035104543, 0.47258243), (-0.69653773, 0.007643074, -0.060585156, -0.714916), (0.7416346, -0.0008110404, 0.0661208, 0.6675359), (0.80934894, 0.38548058, 0.44188148, -0.033150524), (0.98040175, 0.09292585, -0.07773267, 0.15535066), (0.95006907, 0.073028006, 0.013568699, 0.30306834), (0.9518494, -0.0045984685, 0.0044716895, 0.3064971), (-0.022525191, -0.99621177, 0.0033933558, -0.083919294), (0.9999995, -1.4901161e-8, -1.4901161e-8, 0), (0.9999995, -1.4901161e-8, -1.4901161e-8, 0), (0.9999995, -1.4901161e-8, -1.4901161e-8, 0), (0.9913399, 0.11702636, 0.02755943, 0.052815594), (0.9999964, -0.000013567507, -0.0023498982, 0.000806978), (0.9999591, -0.000016750768, -0.008799806, -0.0017787665), (0.9951848, -0.008100793, -0.04182954, -0.08826587), (0.51130664, -0.4875576, -0.4760386, -0.52367854), (0.47614506, -0.5227672, -0.5115025, -0.4882263), (1.0000004, 0, -7.450581e-9, -9.313226e-10), (0.511503, -0.4882254, -0.47614455, -0.5227677), (0.9999998, 0, -7.916242e-9, 2.3283064e-10), (0.49712178, -0.5028313, -0.49715164, -0.5028616), (0.13477872, 0.7103751, 0.09816429, 0.6837869), (0.91076744, 0.027298808, -0.40908724, -0.049027443), (0.6417803, 0.093317844, -0.27007046, 0.7116672), (0.99999905, 7.4505806e-8, -5.9604645e-8, 0), (0.99999905, 7.4505806e-8, -5.9604645e-8, 0), (0.99999905, 7.4505806e-8, -5.9604645e-8, 0), (0.99999905, 7.4505806e-8, -5.9604645e-8, 0), (0.7805531, 0.6182915, -0.042660683, -0.08143178), (0.9968379, 0.017454773, 0.050454408, -0.058846056), (0.7945832, -0.106443405, 0.09312993, 0.59045196), (0.79113734, -0.021723509, -0.017780386, 0.61099356), (-0.6905645, -0.042619854, 0.07366675, -0.7182455), (0.9993416, -0.019128174, 0.015979975, -0.026341349), (0.8230884, -0.123420656, 0.06532803, 0.5504762), (0.7230702, 0.027755797, -0.035408035, 0.6893071), (-0.82218206, -0.022939682, 0.04996589, -0.5665622), (0.9999994, 0.000011503696, 2.9802322e-8, -1.1920929e-7), (0.9862801, -0.11542776, -0.09881824, 0.06451374), (0.89048445, 0.012516022, 0.22232908, 0.3967991), (-0.69968724, 0.0137189925, -0.1262945, -0.70306337), (0.73805356, 0.035309464, 0.15998945, 0.6545475), (0.9895953, -0.13661578, -0.039240718, 0.022280872), (0.8765219, 0.04956004, 0.088164926, 0.47061583), (-0.69745547, 0.009791672, -0.0603029, -0.7140187), (0.7470242, -0.037542254, 0.09680694, 0.656638), (0.8103868, 0.35973287, 0.45812824, -0.063111514), (0.98449904, 0.08509828, -0.067404926, 0.13775158), (0.96122825, 0.12643847, 0.03458053, 0.24260361), (0.96236247, -0.012170084, 0.005023867, 0.27144706), (0.99618137, -0.022520393, -0.08427441, -0.0034575462), (0.9999991, 8.940697e-8, 0, 0), (0.9999991, 8.940697e-8, 0, 0), (0.9999991, 8.940697e-8, 0, 0), (0.4920509, -0.50778866, -0.49208644, -0.50782555), (0.13829128, 0.038767673, 0.0025429726, 0.98962927), (0.62824285, -0.05519083, 0.068160534, 0.7730582), (-0.015025027, 0.976879, 0.21266474, -0.015970051), (0.00023132563, 0.70913416, 0.7050731, 0.00018370152), (0.9999932, 0.000034495257, -0.00003607571, 0.003585305), (0.99999905, 1.4528632e-7, -0.0000013411045, -0.0011720881), (0.5254123, -0.51680905, 0.49764994, 0.45737758), (0.9999989, 3.11411e-7, 5.364418e-7, -0.0014617748), (0.9999807, -0.006220548, 7.748604e-7, 3.085006e-8), (0.99992275, -0.012440838, 0.000002026558, 2.7939677e-8), (0.9998224, -0.018849235, 0.000002413988, 5.122274e-9), (1, 1.5739352e-7, 5.1409006e-7, -3.3527613e-8), (1, 1.1175871e-8, 0.000001475215, 7.450581e-9), (0.99999994, 5.662441e-7, 0.0000013411045, 7.450581e-9), (0.9743396, -0.0037915213, 0.041159518, -0.2212556), (0.91971076, -0.0058140196, 0.011960097, 0.39237145), (0.018634833, 0.97006595, -0.2401107, 0.03116861), (0.00016799569, 0.718789, 0.69522774, -0.0003412962), (0.99999285, 0.000010674819, 8.940697e-7, 0.0036756173), (0.9999988, 1.6391277e-7, -0.0000012954697, -0.0011720061), (0.5167997, 0.52540725, 0.45738855, -0.49765483), (0.999999, 3.8929284e-7, 6.4074993e-7, -0.0014617033), (0.9999808, -0.006220566, 4.4703484e-8, 1.0803342e-7), (0.9999229, -0.01244081, -1.4901161e-8, 1.899898e-7), (0.99982256, -0.01884912, -4.4703484e-8, 1.3411045e-7), (1.0000001, 1.5646219e-7, -4.4703484e-8, -4.0978193e-8), (1, 0, 0, 0), (1, 6.156042e-7, 0, -1.1175871e-8), (0.49998406, -0.5000084, -0.5000171, -0.4999906), (0.49998406, -0.5000084, -0.5000171, -0.4999906), (0.49998406, -0.5000084, -0.5000171, -0.4999906), (0.49998406, -0.5000084, -0.5000171, -0.4999906)],
                6: [(1, 0.000018098233, 0.000013523912, -0.000009791559), (0.49076074, 0.52732885, 0.44472158, 0.53226006), (0.99904287, -0.0015732255, 0.0032157972, 0.0435939), (0.99917555, -0.0075846277, 0.008602425, 0.038946237), (0.9999288, -0.0074401265, -0.00035010278, 0.009305622), (0.99945927, -0.032749627, 0.0020971, -0.0018394962), (0.7330846, 0.121774584, -0.66902626, 0.012674746), (0.8512586, 0.048433185, -0.51184666, 0.10500021), (0.5828802, -0.1494011, -0.06538783, 0.79602385), (0.9999999, 7.450581e-9, -8.940697e-8, 0), (0.9999999, 7.450581e-9, -8.940697e-8, 0), (0.9999999, 7.450581e-9, -8.940697e-8, 0), (0.9999999, 7.450581e-9, -8.940697e-8, 0), (0.6881411, 0.7219212, 0.06885594, 0.023448527), (0.9967757, 0.02031812, 0.050712317, -0.058761418), (0.8299837, 0.008476466, 0.029763728, 0.5569276), (0.7887152, -0.021737069, -0.018911496, 0.6140822), (-0.688858, -0.024303228, 0.056961745, -0.7222452), (0.9993142, -0.020603597, 0.01632148, -0.026065648), (0.85529673, -0.018173635, -0.01311025, 0.51765305), (0.7204223, 0.027587146, -0.036606982, 0.69201857), (-0.82145166, -0.025499165, 0.05039552, -0.56747353), (0.9999997, -0.000011146069, 0.0000014305115, 0.0000023841858), (0.9972909, 0.0081395805, -0.052372634, 0.050999433), (0.899225, -0.061448216, 0.15601909, 0.4040738), (-0.6986, 0.011833876, -0.12707122, -0.7040383), (0.73996043, 0.034844995, 0.16032887, 0.6523328), (0.9891685, -0.13968685, -0.03896877, 0.022673398), (0.87553835, 0.09411088, 0.035121083, 0.47259068), (-0.69654924, 0.00763157, -0.060588747, -0.71490526), (0.74162984, -0.00081419945, 0.06612936, 0.66754115), (0.8094169, 0.3855489, 0.44171876, -0.03286457), (0.98040396, 0.09293224, -0.07773647, 0.15533173), (0.95006907, 0.07302876, 0.01356715, 0.3030684), (0.9518498, -0.0045995396, 0.004470587, 0.3064958), (-0.022525197, -0.99621177, 0.003393337, -0.083919324), (0.99999976, -4.4703484e-8, -2.9802322e-8, -2.2351742e-8), (0.99999976, -4.4703484e-8, -2.9802322e-8, -2.2351742e-8), (0.99999976, -4.4703484e-8, -2.9802322e-8, -2.2351742e-8), (0.9965392, 0.06340751, 0.04001546, 0.03587815), (0.99999976, -0.00004814565, -0.000037893653, 0.000046463683), (0.99997556, -0.00006180629, -0.0064879954, -0.0025385823), (0.9963516, -0.017892502, -0.037963733, -0.074307844), (0.5113068, -0.48755765, -0.47603872, -0.52367866), (0.47614518, -0.52276736, -0.5115027, -0.48822638), (1.0000006, 0, -7.450581e-9, -1.3096724e-9), (0.5115032, -0.48822555, -0.47614473, -0.52276784), (1.0000002, 7.450581e-9, -7.4360287e-9, 2.3283064e-10), (0.49712196, -0.5028314, -0.4971518, -0.5028618), (0.116482005, 0.72503567, 0.08713323, 0.673173), (0.901306, 0.022895187, -0.43245718, 0.0101415515), (0.66316116, 0.024281405, -0.20032662, 0.7207604), (0.99999905, 7.4505806e-8, -2.9802322e-8, 0), (0.99999905, 7.4505806e-8, -2.9802322e-8, 0), (0.99999905, 7.4505806e-8, -2.9802322e-8, 0), (0.99999905, 7.4505806e-8, -2.9802322e-8, 0), (0.7476578, 0.64507216, -0.077527404, -0.13739648), (0.9968308, 0.017644703, 0.050426394, -0.05893162), (0.7945812, -0.10646203, 0.09312332, 0.59045184), (0.7911372, -0.021728933, -0.01778203, 0.6109929), (-0.6905639, -0.04262373, 0.07367104, -0.71824515), (0.99934316, -0.018942386, 0.015949935, -0.026434422), (0.82308614, -0.12343991, 0.06532031, 0.5504763), (0.7230712, 0.027751148, -0.035410292, 0.68930596), (-0.8221816, -0.022944301, 0.049969733, -0.5665619), (0.9999993, 0.000011473894, 5.9604645e-8, -1.1920929e-7), (0.9863034, -0.115259886, -0.09885633, 0.06439635), (0.89048547, 0.012501627, 0.22231814, 0.3968029), (-0.6996899, 0.013715535, -0.1263007, -0.7030592), (0.7380533, 0.035305113, 0.15999302, 0.6545467), (0.9896208, -0.13643974, -0.03926778, 0.022175014), (0.876524, 0.04954365, 0.08815244, 0.47061592), (-0.69745636, 0.0097874105, -0.060308717, -0.71401733), (0.74702334, -0.0375461, 0.096811116, 0.65663785), (0.81033576, 0.35992453, 0.45806968, -0.06309724), (0.9844986, 0.08508524, -0.06740767, 0.13776065), (0.96122813, 0.12643757, 0.034579754, 0.2426047), (0.9623626, -0.012170427, 0.005023986, 0.2714466), (0.99618125, -0.022520393, -0.08427438, -0.0034575164), (0.9999991, 5.9604645e-8, -1.4901161e-8, 0), (0.9999991, 5.9604645e-8, -1.4901161e-8, 0), (0.9999991, 5.9604645e-8, -1.4901161e-8, 0), (0.4920508, -0.50778866, -0.49208638, -0.50782555), (0.24839947, 0.044209957, -0.00090008974, 0.9676478), (0.62102973, -0.04330292, 0.054576263, 0.7806846), (-0.027481802, 0.9740571, 0.2235822, -0.02164638), (-0.000020593405, 0.7072194, 0.70699406, 0.00006145239), (0.99999297, 4.786998e-7, -0.0000012218952, 0.0037291981), (0.99999917, 1.6577542e-7, -0.0000013709068, -0.0011720918), (0.5254125, -0.5168091, 0.49765003, 0.45737764), (0.99999905, 3.1199306e-7, 5.662441e-7, -0.0014617753), (0.9999808, -0.0062205503, 7.748604e-7, 2.7474016e-8), (0.9999229, -0.012440843, 0.000002026558, 2.8871e-8), (0.9998226, -0.018849239, 0.000002413988, -2.7939677e-9), (0.9999999, 1.7508864e-7, 6.109476e-7, -3.7252903e-8), (0.99999994, 4.4703484e-8, 0.0000014901161, -1.8626451e-9), (0.99999994, 6.03497e-7, 0.0000013262033, -1.6763806e-8), (0.9933989, -0.0006497395, 0.033510394, -0.10970444), (0.9352923, -0.016003273, 0.010984883, 0.35334307), (0.008356154, 0.9579334, -0.28546792, 0.02830565), (-0.00015312433, 0.71005327, 0.70414746, -0.000052779913), (0.99999285, 0.0000016307458, -0.0000011622906, 0.003685372), (0.9999987, 2.1792948e-7, -0.0000012591481, -0.0011719652), (0.5167997, 0.52540714, 0.4573885, -0.49765468), (0.9999989, 4.04194e-7, 5.662441e-7, -0.0014617033), (0.9999807, -0.0062205475, 0, 8.381903e-8), (0.99992275, -0.012440789, -2.9802322e-8, 2.1792948e-7), (0.9998224, -0.01884912, -2.9802322e-8, 1.3038516e-7), (1, 1.6670674e-7, -7.4505806e-8, -6.3329935e-8), (1, 0, 0, 0), (0.9999999, 6.221235e-7, 1.1175871e-8, -1.1175871e-8), (0.49998394, -0.50000834, -0.50001705, -0.49999052), (0.49998394, -0.50000834, -0.50001705, -0.49999052), (0.49998394, -0.50000834, -0.50001705, -0.49999052), (0.49998394, -0.50000834, -0.50001705, -0.49999052)],
                7: [(1, 0.0000065545087, 0.000033185166, 0.000053444703), (0.47547936, 0.5337286, 0.460608, 0.52620643), (0.9992702, 0.0014774483, 0.0029447079, 0.038047735), (0.9992868, 0.01276274, 0.007989362, 0.034618404), (0.9998705, 0.013168291, 0.00051137805, 0.009183227), (0.99996054, 0.008058522, -0.003466338, 0.00085979886), (0.70112884, 0.14387546, -0.69835186, -0.004641056), (0.88293993, 0.031821966, -0.46608374, 0.04657159), (0.62720054, -0.056050368, -0.14642534, 0.762913), (0.99999946, 1.4901161e-8, -2.9802322e-8, -1.4901161e-8), (0.99999946, 1.4901161e-8, -2.9802322e-8, -1.4901161e-8), (0.99999946, 1.4901161e-8, -2.9802322e-8, -1.4901161e-8), (0.99999946, 1.4901161e-8, -2.9802322e-8, -1.4901161e-8), (0.6593584, 0.7515757, 0.013883799, -0.013660699), (0.9967766, 0.02037555, 0.050698817, -0.058735847), (0.8299825, 0.0084756315, 0.029761195, 0.55692947), (0.7887133, -0.021755666, -0.018919095, 0.61408377), (-0.68886346, -0.024320424, 0.056992024, -0.72223705), (0.99931604, -0.02054584, 0.016304046, -0.026043862), (0.8552941, -0.018173307, -0.01311028, 0.5176567), (0.72041863, 0.027563155, -0.036613956, 0.69202244), (-0.8214608, -0.025518388, 0.050429255, -0.56745595), (0.9999995, -0.000011205673, 0.0000014007092, 0.0000022947788), (0.99728847, 0.00819546, -0.052390933, 0.051014513), (0.8992146, -0.061449796, 0.15599272, 0.40410656), (-0.6986324, 0.011782408, -0.12707847, -0.7040057), (0.7399478, 0.03483367, 0.16036454, 0.6523389), (0.98917514, -0.13962924, -0.038991064, 0.022687107), (0.8755243, 0.09410778, 0.0350976, 0.47261846), (-0.6965861, 0.0075881183, -0.060594782, -0.714869), (0.74161434, -0.00082200766, 0.06616187, 0.66755474), (0.8093997, 0.38558695, 0.441719, -0.032833695), (0.980402, 0.09292166, -0.07772964, 0.15535307), (0.9500684, 0.073027566, 0.013565898, 0.3030708), (0.9518516, -0.004601385, 0.004465103, 0.30649006), (-0.022525208, -0.9962115, 0.0033933895, -0.0839193), (0.9999994, -2.9802322e-8, -2.9802322e-8, 1.4901161e-8), (0.9999994, -2.9802322e-8, -2.9802322e-8, 1.4901161e-8), (0.9999994, -2.9802322e-8, -2.9802322e-8, 1.4901161e-8), (0.99820626, -0.023417754, 0.018407702, 0.05192096), (0.99999917, -0.00047318265, 0.00023761392, 0.00016643526), (0.99997693, -0.0004866924, -0.006213635, -0.00241567), (0.99682033, -0.021923091, -0.008991912, -0.07606822), (0.5113066, -0.4875575, -0.47603858, -0.5236784), (0.47614506, -0.5227672, -0.51150244, -0.48822618), (1.0000002, -7.450581e-9, -1.4901161e-8, -4.656613e-10), (0.51150304, -0.48822537, -0.47614455, -0.5227677), (0.9999999, 7.450581e-9, -7.450581e-9, 4.656613e-10), (0.49712178, -0.50283116, -0.49715164, -0.5028617), (0.10122718, 0.71276385, 0.09429613, 0.68762434), (0.88632613, 0.030595005, -0.45418522, 0.084874734), (0.6768804, -0.060833722, -0.11457822, 0.7245701), (0.9999987, 1.0430813e-7, -2.9802322e-8, -1.4901161e-8), (0.9999987, 1.0430813e-7, -2.9802322e-8, -1.4901161e-8), (0.9999987, 1.0430813e-7, -2.9802322e-8, -1.4901161e-8), (0.9999987, 1.0430813e-7, -2.9802322e-8, -1.4901161e-8), (0.69264853, 0.6956936, -0.033740044, -0.18737039), (0.99679995, 0.017943084, 0.050496787, -0.059293985), (0.7945695, -0.106485486, 0.09310791, 0.59046495), (0.79113686, -0.021742165, -0.017796427, 0.61099154), (-0.6905608, -0.04265195, 0.07368821, -0.71824366), (0.99933696, -0.018654376, 0.016025096, -0.026804864), (0.82307434, -0.12346339, 0.0653038, 0.5504893), (0.723072, 0.027735293, -0.035426263, 0.689304), (-0.82217985, -0.022975326, 0.049987435, -0.5665604), (0.99999875, 0.000011503696, 0, -1.1920929e-7), (0.98636603, -0.115012825, -0.0987702, 0.06400034), (0.8904842, 0.012486577, 0.22227988, 0.39682645), (-0.69969213, 0.013690531, -0.12632978, -0.7030518), (0.7380546, 0.035283595, 0.16000703, 0.6545424), (0.9896694, -0.13617295, -0.039162576, 0.021801114), (0.8765199, 0.049531937, 0.08811653, 0.4706299), (-0.6974568, 0.009763032, -0.060340095, -0.71401346), (0.74702215, -0.03756842, 0.09682602, 0.6566345), (0.8101845, 0.36031532, 0.4579992, -0.06331259), (0.98449636, 0.08505649, -0.06739882, 0.13779548), (0.9612275, 0.12643786, 0.034576893, 0.24260528), (0.9623627, -0.012170866, 0.0050234497, 0.27144447), (0.9961808, -0.022520363, -0.08427435, -0.0034575462), (0.9999988, 5.9604645e-8, -7.450581e-9, 1.1175871e-8), (0.9999988, 5.9604645e-8, -7.450581e-9, 1.1175871e-8), (0.9999988, 5.9604645e-8, -7.450581e-9, 1.1175871e-8), (0.49205077, -0.5077886, -0.4920863, -0.5078255), (0.3267875, 0.03831938, -0.0020790398, 0.94431806), (0.66841847, -0.029610628, 0.03264506, 0.742478), (-0.037408043, 0.9845455, 0.16622615, -0.0404796), (0.000084102154, 0.7070074, 0.7072053, 0.00005555153), (0.9999924, 0.0000027306378, -0.0000032819808, 0.0037511364), (0.9999987, 1.5646219e-7, -0.0000013709068, -0.0011720918), (0.5254122, -0.51680887, 0.49764982, 0.45737743), (0.99999857, 3.1711534e-7, 5.364418e-7, -0.0014617816), (0.99998045, -0.0062205456, 7.748604e-7, 2.7939677e-8), (0.9999224, -0.012440829, 0.0000020563602, 1.6763806e-8), (0.99982214, -0.018849248, 0.0000024437904, 7.450581e-9), (0.99999964, 1.5087426e-7, 5.9604645e-7, -2.8871e-8), (0.99999964, 7.450581e-9, 0.0000014603138, 9.313226e-9), (0.9999997, 5.736947e-7, 0.0000012516975, -1.44355e-8), (0.9980255, 0.00026892032, 0.027439803, 0.0564949), (0.98098475, -0.03499667, 0.009649038, 0.19065863), (-0.0030262396, 0.97232306, -0.23212096, 0.026418775), (-0.0044146776, 0.67135596, 0.7411202, -0.0012551248), (0.9999927, 0.000015802681, 0.0000023543835, 0.0036849044), (0.9999987, 1.9185245e-7, -0.0000013187528, -0.0011719614), (0.5167997, 0.52540714, 0.45738852, -0.49765465), (0.9999989, 4.1350722e-7, 5.364418e-7, -0.0014616847), (0.9999807, -0.0062205577, -2.9802322e-8, 9.313226e-8), (0.9999229, -0.0124408025, -2.9802322e-8, 2.1606684e-7), (0.99982244, -0.018849093, -5.9604645e-8, 1.4901161e-7), (0.9999998, 1.3038516e-7, -6.7055225e-8, -4.9592927e-8), (0.9999998, 0, 0, 0), (0.9999998, 6.0908496e-7, 0, -3.236346e-8), (0.49998394, -0.5000083, -0.500017, -0.49999052), (0.49998394, -0.5000083, -0.500017, -0.49999052), (0.49998394, -0.5000083, -0.500017, -0.49999052), (0.49998394, -0.5000083, -0.500017, -0.49999052)],
                8: [(1, 0.000039002505, 0.00006251611, -0.000013794029), (0.45804608, 0.5450016, 0.47294852, 0.51912117), (0.99967486, 0.0029483917, 0.0047853515, 0.024872456), (0.99919844, 0.029386032, 0.0053274333, 0.026659586), (0.9995292, 0.029318012, 0.0010210723, 0.008996267), (0.9989921, 0.042741977, -0.002357483, 0.013512164), (0.6864251, 0.14738752, -0.7112547, -0.034852207), (0.90369594, 0.03426549, -0.42676687, -0.0054583102), (0.64747214, 0.03774728, -0.21123695, 0.73125505), (1.0000001, -1.4901161e-8, -5.9604645e-8, 1.4901161e-8), (1.0000001, -1.4901161e-8, -5.9604645e-8, 1.4901161e-8), (1.0000001, -1.4901161e-8, -5.9604645e-8, 1.4901161e-8), (1.0000001, -1.4901161e-8, -5.9604645e-8, 1.4901161e-8), (0.6430042, 0.7618898, -0.019319713, -0.075472414), (0.9967711, 0.020270318, 0.050667644, -0.05889961), (0.82997775, 0.008479178, 0.029761344, 0.5569374), (0.78871614, -0.02173844, -0.018912971, 0.61408186), (-0.68885666, -0.024305701, 0.056963086, -0.72224724), (0.9993104, -0.020658493, 0.01628396, -0.026204318), (0.8552908, -0.018168807, -0.013113797, 0.51766336), (0.7204223, 0.027583763, -0.03660977, 0.692019), (-0.8214526, -0.025504977, 0.050397366, -0.5674721), (0.9999999, -0.000011175871, 0.0000014305115, 0.0000023543835), (0.9972965, 0.00807032, -0.052409828, 0.05086553), (0.8992201, -0.06143537, 0.15600432, 0.40409285), (-0.6986079, 0.011817992, -0.12708692, -0.70402825), (0.73995805, 0.03483516, 0.16033956, 0.652334), (0.98916197, -0.139752, -0.038986474, 0.022533566), (0.8755287, 0.09412134, 0.035105288, 0.47260782), (-0.6965595, 0.007617444, -0.0606031, -0.7148944), (0.7416258, -0.0008225441, 0.06613964, 0.6675444), (0.80944866, 0.3855612, 0.44164085, -0.032997936), (0.98040247, 0.09292607, -0.07772651, 0.15535335), (0.95006895, 0.07302771, 0.0135677755, 0.30307156), (0.95185137, -0.0046009347, 0.004469499, 0.30649367), (-0.022525197, -0.996212, 0.0033933667, -0.08391933), (1.0000001, 0, -2.9802322e-8, 0), (1.0000001, 0, -2.9802322e-8, 0), (1.0000001, 0, -2.9802322e-8, 0), (0.99271965, -0.09824602, -0.0064834654, 0.06938118), (1.0000002, -0.000043695793, 0.00022366643, 0.00013899617), (0.9999778, -0.00005742442, -0.0062263906, -0.0024457201), (0.996204, -0.021278698, 0.024252504, -0.08085046), (0.511307, -0.48755792, -0.47603893, -0.52367884), (0.47614542, -0.5227676, -0.51150286, -0.48822656), (1.0000011, 0, -1.1175871e-8, -9.313226e-10), (0.51150346, -0.4882258, -0.4761449, -0.522768), (1.0000006, 7.450581e-9, -7.450581e-9, -4.656613e-10), (0.49712217, -0.50283164, -0.49715203, -0.50286204), (0.0759696, 0.69325644, 0.08211818, 0.7119556), (0.870479, 0.027904332, -0.46885806, 0.14717253), (0.66001266, -0.14324725, -0.016737312, 0.73728096), (0.99999964, 8.940697e-8, -5.9604645e-8, 0), (0.99999964, 8.940697e-8, -5.9604645e-8, 0), (0.99999964, 8.940697e-8, -5.9604645e-8, 0), (0.99999964, 8.940697e-8, -5.9604645e-8, 0), (0.6271539, 0.7491852, 0.064510405, -0.20307061), (0.9967971, 0.017886668, 0.050777376, -0.059134394), (0.7945705, -0.10648626, 0.09309971, 0.59046626), (0.7911379, -0.021740943, -0.017798625, 0.6109915), (-0.69056237, -0.04265204, 0.07368666, -0.7182437), (0.99933726, -0.01869604, 0.016301692, -0.02663371), (0.82307565, -0.123464644, 0.06529534, 0.5504899), (0.72307324, 0.027736753, -0.03542871, 0.6893042), (-0.82218134, -0.022975206, 0.049985766, -0.5665607), (0.99999976, 0.000011473894, 2.9802322e-8, -1.1920929e-7), (0.9863806, -0.115009725, -0.098510504, 0.064199984), (0.8904876, 0.012486786, 0.22227219, 0.39682594), (-0.6996926, 0.01369068, -0.12632975, -0.703053), (0.7380568, 0.035282105, 0.16000617, 0.6545422), (0.98967326, -0.1361925, -0.03890723, 0.022005796), (0.8765222, 0.04953432, 0.08810854, 0.47062874), (-0.69745725, 0.009764254, -0.060341552, -0.71401405), (0.7470236, -0.037570745, 0.09682453, 0.6566342), (0.81008077, 0.36019865, 0.45827872, -0.06329697), (0.9844967, 0.08505523, -0.06739524, 0.13780276), (0.96122855, 0.12643805, 0.034576386, 0.24260502), (0.9623636, -0.012170047, 0.0050238967, 0.27144474), (0.9961817, -0.022520363, -0.08427444, -0.003457576), (0.9999998, 8.940697e-8, -1.1874363e-8, 0), (0.9999998, 8.940697e-8, -1.1874363e-8, 0), (0.9999998, 8.940697e-8, -1.1874363e-8, 0), (0.4920511, -0.507789, -0.49208668, -0.50782585), (0.3621633, 0.024152078, -0.00030303, 0.9318017), (0.75114435, -0.014650102, 0.012576383, 0.6598557), (-0.024368953, 0.99531907, 0.06821082, -0.06398094), (0.00011149049, 0.70695263, 0.707261, -0.000068604946), (0.9999931, 0.000004976988, 0.000005155802, 0.0037608817), (0.99999934, 1.6018748e-7, -0.0000013411045, -0.0011720988), (0.5254125, -0.51680917, 0.49765003, 0.45737767), (0.99999905, 2.8871e-7, 5.9604645e-7, -0.0014617778), (0.99998075, -0.0062205484, 7.748604e-7, 2.2351742e-8), (0.9999229, -0.0124408305, 0.0000019967556, 1.8626451e-8), (0.9998226, -0.018849224, 0.000002413988, 1.4901161e-8), (1.0000001, 1.4901161e-7, 5.662441e-7, -3.1664968e-8), (1.0000001, 3.5390258e-8, 0.0000014603138, 1.1175871e-8), (1.0000001, 5.5879354e-7, 0.0000012814999, -1.3038516e-8), (0.9897759, 0.00041091535, 0.028100401, 0.13983569), (0.99021804, -0.059934653, 0.010198057, 0.12558731), (-0.01000688, 0.9997295, 0.0017089602, 0.020922601), (0.0037511885, 0.47809538, 0.87829864, 0.0014393181), (0.9999949, 0.000025410205, -0.000008910894, 0.0031814554), (0.9999989, 2.2631139e-7, -0.0000012218952, -0.0011719745), (0.51679987, 0.5254073, 0.45738864, -0.49765483), (0.999999, 3.9255247e-7, 5.9604645e-7, -0.0014617406), (0.9999808, -0.0062205745, -2.9802322e-8, 8.568168e-8), (0.99992293, -0.01244079, 0, 1.9744039e-7), (0.9998226, -0.018849108, -2.9802322e-8, 1.6391277e-7), (1, 1.4342368e-7, -5.9604645e-8, -7.0780516e-8), (1, 0, 0, 0), (1, 6.109476e-7, 0, 3.7252903e-9), (0.49998403, -0.50000834, -0.50001705, -0.49999064), (0.49998403, -0.50000834, -0.50001705, -0.49999064), (0.49998403, -0.50000834, -0.50001705, -0.49999064), (0.49998403, -0.50000834, -0.50001705, -0.49999064)],
                9: [(1, 0.000048491354, 0.00008359868, -0.000054510274), (0.44549116, 0.55899423, 0.4778852, 0.51057696), (0.9997902, 0.002376035, 0.008909196, 0.01828523), (0.99903166, 0.039056513, 0.0022931546, 0.020116713), (0.9992092, 0.03893133, 0.0005126521, 0.008033469), (0.99743325, 0.07017888, -0.0013588965, 0.014134273), (0.6797709, 0.13872634, -0.7181982, -0.053457975), (0.9238227, 0.031223595, -0.37783214, -0.05309567), (0.6474966, 0.09129274, -0.2505362, 0.7138943), (0.9999999, -1.4901161e-8, -2.9802322e-8, 1.4901161e-8), (0.9999999, -1.4901161e-8, -2.9802322e-8, 1.4901161e-8), (0.9999999, -1.4901161e-8, -2.9802322e-8, 1.4901161e-8), (0.9999999, -1.4901161e-8, -2.9802322e-8, 1.4901161e-8), (0.63895184, 0.7603008, -0.055384845, -0.10303122), (0.9969146, 0.020424694, 0.050020218, -0.05693814), (0.82996696, 0.008477956, 0.029747576, 0.55695415), (0.7887142, -0.021731943, -0.018913053, 0.61408436), (-0.6888603, -0.024303839, 0.056951046, -0.7222444), (0.9991642, -0.02097167, 0.017868489, -0.0301916), (0.85223967, -0.018914059, -0.015533492, 0.52257824), (0.72036684, 0.027557284, -0.03660646, 0.69207764), (-0.82145345, -0.02550292, 0.05038449, -0.5674718), (1.0000001, -0.00001116097, 0.0000014305115, 0.0000023543835), (0.99715734, 0.008346751, -0.05310604, 0.05279556), (0.8992169, -0.061432257, 0.1559957, 0.4041045), (-0.6985993, 0.011836797, -0.12708649, -0.70403683), (0.73996174, 0.03483671, 0.16032685, 0.6523328), (0.9891182, -0.13948336, -0.039956033, 0.02434954), (0.87552583, 0.09412235, 0.03509268, 0.47261393), (-0.69654834, 0.0076332837, -0.060603656, -0.71490514), (0.74163055, -0.0008224547, 0.06612809, 0.6675407), (0.8097413, 0.38489816, 0.44182253, -0.031068236), (0.9804014, 0.09291327, -0.07770854, 0.15537632), (0.9500687, 0.073028676, 0.013566703, 0.303071), (0.9518504, -0.004600769, 0.0044716503, 0.30649543), (-0.022525212, -0.996212, 0.0033933262, -0.08391934), (0.9999999, -2.9802322e-8, 0, 0), (0.9999999, -2.9802322e-8, 0, 0), (0.9999999, -2.9802322e-8, 0, 0), (0.9855156, -0.1487578, -0.0127170235, 0.08042627), (0.9999994, -0.00022300519, 0.0009885281, 0.00033365935), (0.9999826, -0.00023754872, -0.005461991, -0.0022500418), (0.9954268, -0.02083641, 0.04265046, -0.082898974), (0.5113068, -0.4875578, -0.47603872, -0.5236787), (0.47614527, -0.5227675, -0.51150274, -0.4882264), (1.0000007, 0, -1.1175871e-8, -9.313226e-10), (0.5115032, -0.48822567, -0.47614476, -0.52276796), (1.0000004, 7.450581e-9, -7.450581e-9, -9.313226e-10), (0.49712202, -0.50283146, -0.4971519, -0.5028619), (0.05370383, 0.66997504, 0.07249528, 0.73688096), (0.8554826, 0.032946408, -0.47975028, 0.19210228), (0.6134515, -0.19942208, 0.06923553, 0.76099557), (0.99999964, 8.940697e-8, -8.940697e-8, 0), (0.99999964, 8.940697e-8, -8.940697e-8, 0), (0.99999964, 8.940697e-8, -8.940697e-8, 0), (0.99999964, 8.940697e-8, -8.940697e-8, 0), (0.5906006, 0.7782044, 0.1073167, -0.18458566), (0.9968139, 0.017715156, 0.050780773, -0.0589045), (0.79458296, -0.10647294, 0.0931012, 0.5904525), (0.79113877, -0.021732986, -0.017793078, 0.61099195), (-0.6905637, -0.042639703, 0.07367566, -0.718245), (0.99934065, -0.018858463, 0.016301274, -0.026398301), (0.8230872, -0.123452544, 0.065298826, 0.5504751), (0.7230729, 0.02774617, -0.035422396, 0.6893046), (-0.8221819, -0.022961378, 0.049974352, -0.56656146), (1, 0.000011503696, 2.9802322e-8, -5.9604645e-8), (0.9863478, -0.11514208, -0.0985212, 0.06445277), (0.8904926, 0.012496591, 0.2222903, 0.39680478), (-0.6996912, 0.013705701, -0.12631683, -0.70305675), (0.7380568, 0.035291582, 0.15999743, 0.65454406), (0.98964703, -0.13633958, -0.038928807, 0.02224809), (0.8765297, 0.049543023, 0.088124156, 0.47061187), (-0.69745624, 0.00977841, -0.060328234, -0.7140167), (0.747025, -0.037561268, 0.096815884, 0.6566353), (0.8101498, 0.35996687, 0.45835721, -0.06316671), (0.98449725, 0.08507679, -0.06740475, 0.13778225), (0.96122885, 0.12643823, 0.03457743, 0.24260429), (0.9623635, -0.012169912, 0.0050246716, 0.27144605), (0.996182, -0.022520393, -0.08427441, -0.003457576), (0.9999995, 1.0430813e-7, 0, -2.9802322e-8), (0.9999995, 1.0430813e-7, 0, -2.9802322e-8), (0.9999995, 1.0430813e-7, 0, -2.9802322e-8), (0.49205104, -0.5077889, -0.4920866, -0.50782573), (0.35557836, 0.014666805, 0.0053599477, 0.93451595), (0.85363245, -0.0031530936, 0.0030214153, 0.5208576), (0.008912465, 0.99532723, -0.062271938, -0.07325715), (0.00007343292, 0.7068566, 0.7073567, -0.00021022558), (0.9999928, 0.0000026896596, 0.000013381243, 0.0037726834), (0.9999991, 1.7508864e-7, -0.0000013262033, -0.0011720806), (0.5254124, -0.51680905, 0.49764997, 0.45737767), (0.99999905, 3.2084063e-7, 5.811453e-7, -0.0014617778), (0.9999808, -0.0062205195, 7.748604e-7, 4.8428774e-8), (0.9999229, -0.012440865, 0.0000020861626, 3.7252903e-8), (0.9998227, -0.018849224, 0.000002399087, -1.8626451e-8), (0.9999999, 1.6391277e-7, 5.9604645e-7, -2.9802322e-8), (0.99999994, 2.9802322e-8, 0.0000014901161, 1.3038516e-8), (0.9999999, 5.736947e-7, 0.0000012814999, 1.8626451e-8), (0.9791378, 0.0018164739, 0.038489908, 0.19951008), (0.9947808, -0.080687076, 0.01011011, 0.061630778), (-0.025702566, 0.95150787, 0.30637878, -0.010195076), (0.0022877753, 0.41908765, 0.9079269, 0.0053540915), (0.9999944, 0.000024074689, 0.000040084124, 0.0032891408), (0.99999887, 2.1606684e-7, -0.0000012218952, -0.0011719912), (0.51679975, 0.52540725, 0.45738858, -0.4976548), (0.9999988, 3.9022416e-7, 5.662441e-7, -0.0014616996), (0.9999807, -0.0062205438, -2.9802322e-8, 6.7055225e-8), (0.99992275, -0.012440806, 0, 1.6391277e-7), (0.9998224, -0.018849092, -8.940697e-8, 1.4901161e-7), (0.9999999, 1.5646219e-7, -5.9604645e-8, -6.3329935e-8), (0.9999999, 0, 0, 0), (0.9999998, 6.2584877e-7, 2.9802322e-8, 0), (0.499984, -0.5000084, -0.50001705, -0.49999055), (0.499984, -0.5000084, -0.50001705, -0.49999055), (0.499984, -0.5000084, -0.50001705, -0.49999055), (0.499984, -0.5000084, -0.50001705, -0.49999055)],
                10: [(1, 0.00004086312, 0.00004818705, 0.000004511925), (0.43298593, 0.5610753, 0.4830215, 0.5142061), (0.99986285, 0.0028292998, 0.0053485334, 0.015419573), (0.9989361, 0.042694293, -0.0040720254, 0.016953401), (0.99907136, 0.042512488, -0.0004983172, 0.007004507), (0.99686813, 0.077845715, -0.005232841, 0.012919828), (0.6833687, 0.12189771, -0.714424, -0.08801524), (0.93299353, 0.022176474, -0.3477583, -0.089975625), (0.6218273, 0.11794774, -0.2941183, 0.7161801), (1.0000005, -1.4901161e-8, -5.9604645e-8, 1.4901161e-8), (1.0000005, -1.4901161e-8, -5.9604645e-8, 1.4901161e-8), (1.0000005, -1.4901161e-8, -5.9604645e-8, 1.4901161e-8), (1.0000005, -1.4901161e-8, -5.9604645e-8, 1.4901161e-8), (0.6590059, 0.74659485, -0.060203493, -0.06843442), (0.9969858, 0.020508707, 0.049588084, -0.05603507), (0.8299849, 0.008479431, 0.029736966, 0.55692816), (0.78871155, -0.021728083, -0.01891376, 0.61408794), (-0.68886375, -0.024303809, 0.05694458, -0.7222416), (0.99905527, -0.021300495, 0.019294918, -0.032601297), (0.85047936, -0.019547015, -0.017525166, 0.5253531), (0.72042024, 0.027595654, -0.036614694, 0.69202065), (-0.8214555, -0.025501832, 0.050378382, -0.56747043), (1.0000002, -0.000011146069, 0.0000014305115, 0.0000023245811), (0.99708456, 0.0084781945, -0.053561777, 0.053681612), (0.8992308, -0.061436847, 0.15600306, 0.40406963), (-0.69859123, 0.011855364, -0.12708195, -0.70404524), (0.7399658, 0.03484036, 0.16031478, 0.6523312), (0.9890927, -0.13935384, -0.040535748, 0.02516362), (0.8755453, 0.09412086, 0.035100073, 0.47257787), (-0.6965368, 0.007648483, -0.060599953, -0.7149169), (0.7416354, -0.00082042813, 0.06611675, 0.66753685), (0.8099374, 0.3846088, 0.44178218, -0.030105233), (0.9804023, 0.09293576, -0.07772973, 0.15534829), (0.9500698, 0.073028915, 0.013566017, 0.30306894), (0.9518502, -0.0046000816, 0.0044738874, 0.30649745), (-0.022525217, -0.99621224, 0.0033933476, -0.083919354), (1.0000001, 0, 0, -2.9802322e-8), (1.0000001, 0, 0, -2.9802322e-8), (1.0000001, 0, 0, -2.9802322e-8), (0.98336923, -0.16322832, -0.007985979, 0.079232685), (0.99997926, -0.0011476856, 0.0059210956, 0.0022822395), (0.9999991, -0.0011635479, -0.00053188205, -0.0002948083), (0.9949597, -0.022207867, 0.04577221, -0.086410105), (0.5113069, -0.48755777, -0.47603878, -0.5236787), (0.4761453, -0.5227674, -0.51150274, -0.48822644), (1.0000007, 0, -1.21071935e-8, -4.656613e-10), (0.5115032, -0.48822564, -0.47614476, -0.52276796), (1.0000004, 7.450581e-9, -7.450581e-9, -9.313226e-10), (0.49712205, -0.5028315, -0.4971519, -0.5028619), (0.02897352, 0.6531363, 0.068933606, 0.75353926), (0.84181064, 0.033768892, -0.49160308, 0.22031921), (0.57256395, -0.22180271, 0.11416897, 0.78098613), (0.99999964, 1.0430813e-7, -5.9604645e-8, -7.450581e-9), (0.99999964, 1.0430813e-7, -5.9604645e-8, -7.450581e-9), (0.99999964, 1.0430813e-7, -5.9604645e-8, -7.450581e-9), (0.99999964, 1.0430813e-7, -5.9604645e-8, -7.450581e-9), (0.6259366, 0.76379514, 0.10914394, -0.113612086), (0.9968219, 0.017569035, 0.050694436, -0.058886766), (0.79459226, -0.1064574, 0.0931015, 0.5904426), (0.7911376, -0.021718234, -0.01777719, 0.61099434), (-0.69056696, -0.04261127, 0.073654056, -0.71824586), (0.9993396, -0.019007087, 0.01621905, -0.026378602), (0.8230969, -0.12343657, 0.06529945, 0.55046403), (0.7230701, 0.027763635, -0.035405114, 0.68930763), (-0.8221841, -0.022929758, 0.04995179, -0.56656164), (0.9999999, 0.000011473894, 2.9802322e-8, -8.940697e-8), (0.9863208, -0.11529234, -0.09859207, 0.06448692), (0.89049625, 0.012505442, 0.22231534, 0.39678216), (-0.69968957, 0.013737559, -0.12628908, -0.70306265), (0.7380539, 0.03531286, 0.15998042, 0.6545502), (0.98962295, -0.13648832, -0.03900528, 0.022265911), (0.8765336, 0.049547583, 0.088145584, 0.4705996), (-0.69745564, 0.009808868, -0.060297713, -0.7140192), (0.74702466, -0.037538618, 0.096797734, 0.65663946), (0.8102399, 0.3598449, 0.4582919, -0.06317738), (0.9844971, 0.08509648, -0.06741224, 0.13776577), (0.9612287, 0.12643674, 0.034581363, 0.24260457), (0.9623629, -0.012169823, 0.005025506, 0.27144808), (0.9961819, -0.022520393, -0.08427444, -0.003457576), (0.99999964, 8.940697e-8, 2.9802322e-8, -2.9802322e-8), (0.99999964, 8.940697e-8, 2.9802322e-8, -2.9802322e-8), (0.99999964, 8.940697e-8, 2.9802322e-8, -2.9802322e-8), (0.4920511, -0.5077889, -0.49208665, -0.5078258), (0.29971796, -0.0075423545, 0.0043729544, 0.9539881), (0.95607233, -0.0018427074, 0.003958769, 0.29309872), (0.03992096, 0.99086344, -0.11774066, -0.052280992), (0.002138853, 0.67526233, 0.7375709, 0.0022937953), (0.9999929, -0.0000074356794, -1.7881393e-7, 0.0036996268), (0.9999993, 2.0116568e-7, -0.0000013746321, -0.0011720955), (0.5254125, -0.5168091, 0.49765006, 0.45737773), (0.99999917, 3.1804666e-7, 5.1409006e-7, -0.0014617965), (0.9999809, -0.0062205684, 7.8976154e-7, 4.0978193e-8), (0.9999229, -0.0124408435, 0.0000020563602, 1.8626451e-8), (0.99982274, -0.018849248, 0.0000024288893, 7.450581e-9), (1, 1.3969839e-7, 5.662441e-7, -4.0978193e-8), (1.0000001, 5.820766e-9, 0.0000014901161, -1.1175871e-8), (1.0000001, 5.881302e-7, 0.0000013411045, -3.7252903e-8), (0.97296846, 0.0032499153, 0.038247526, 0.22772574), (0.994315, -0.092869595, 0.011465788, 0.050810546), (-0.030496582, 0.9380071, 0.3442757, -0.0262115), (0.0016841292, 0.6694369, 0.7428563, 0.0039979517), (0.9999927, -0.000005181879, -0.0000114142895, 0.003820628), (0.99999905, 2.0861626e-7, -0.0000013411045, -0.0011719856), (0.51679987, 0.5254074, 0.4573887, -0.49765486), (0.99999917, 3.9860606e-7, 5.662441e-7, -0.0014617108), (0.9999809, -0.006220555, -2.9802322e-8, 8.195639e-8), (0.9999231, -0.012440817, -2.9802322e-8, 2.1979213e-7), (0.9998227, -0.018849127, 0, 1.3038516e-7), (1, 1.5646219e-7, -2.9802322e-8, -7.0780516e-8), (1.0000001, 0, 0, 0), (1, 6.2584877e-7, 0, -2.2351742e-8), (0.49998403, -0.5000084, -0.50001705, -0.4999906), (0.49998403, -0.5000084, -0.50001705, -0.4999906), (0.49998403, -0.5000084, -0.50001705, -0.4999906), (0.49998403, -0.5000084, -0.50001705, -0.4999906)],
                11: [(1, 0.000034777073, 0.00002770426, -0.00005156644), (0.426645, 0.5634607, 0.48267266, 0.51721686), (0.9998629, 0.0031562243, 0.00444711, 0.015643928), (0.99892557, 0.04319888, -0.0059016943, 0.015725173), (0.9990478, 0.04316409, -0.000549607, 0.0063625127), (0.9960363, 0.08834856, -0.0026055872, 0.00999409), (0.6961235, 0.1025507, -0.702653, -0.10570957), (0.93164086, 0.01930663, -0.34206396, -0.12109837), (0.6136547, 0.1491058, -0.32661033, 0.7032219), (1.0000001, 0, -5.9604645e-8, 1.4901161e-8), (1.0000001, 0, -5.9604645e-8, 1.4901161e-8), (1.0000001, 0, -5.9604645e-8, 1.4901161e-8), (1.0000001, 0, -5.9604645e-8, 1.4901161e-8), (0.7045705, 0.707235, -0.043168426, -0.03918612), (0.99703264, 0.020407587, 0.049060613, -0.055696905), (0.829986, 0.008493066, 0.029711068, 0.5569274), (0.78871095, -0.02172777, -0.018916693, 0.61408854), (-0.68886524, -0.024305329, 0.05694267, -0.7222401), (0.9989599, -0.021997333, 0.021377236, -0.03373757), (0.84971464, -0.020328611, -0.020118237, 0.5264665), (0.7204082, 0.027553216, -0.0366187, 0.6920345), (-0.8214556, -0.02550301, 0.050375283, -0.56747043), (1.0000001, -0.000011175871, 0.0000014305115, 0.0000023245811), (0.99703896, 0.008355439, -0.054081023, 0.054023623), (0.8992386, -0.061426133, 0.15597866, 0.40406325), (-0.69858783, 0.011858046, -0.12708274, -0.70404845), (0.73996854, 0.034839436, 0.16031197, 0.65232885), (0.9890466, -0.13946673, -0.041103274, 0.025423706), (0.8755497, 0.094134286, 0.03507629, 0.472569), (-0.69653404, 0.0076515973, -0.060600594, -0.7149197), (0.74163806, -0.0008215159, 0.06611499, 0.66753453), (0.81022227, 0.38439298, 0.44147527, -0.02968809), (0.98039734, 0.09294243, -0.07773021, 0.1553722), (0.9500688, 0.073029496, 0.0135656595, 0.3030702), (0.95184964, -0.0046003163, 0.00447426, 0.30649757), (-0.022525184, -0.9962121, 0.0033933632, -0.08391936), (1.0000001, 0, 0, 0), (1.0000001, 0, 0, 0), (1.0000001, 0, 0, 0), (0.98260534, -0.17385256, -0.0136338025, 0.06384969), (0.99986553, -0.0032158587, 0.0149270445, 0.006011877), (0.99995327, -0.0032290556, 0.0084692985, 0.003447555), (0.9955569, -0.023345176, 0.04480584, -0.07946352), (0.51130706, -0.4875579, -0.4760389, -0.5236789), (0.47614548, -0.52276766, -0.5115029, -0.48822668), (1.0000012, 0, -1.1175871e-8, -9.313226e-10), (0.5115034, -0.48822588, -0.4761449, -0.52276814), (1.0000006, 7.450581e-9, -1.1175871e-8, -9.313226e-10), (0.4971222, -0.50283164, -0.4971521, -0.50286204), (0.023203343, 0.64388305, 0.078207016, 0.760763), (0.8366547, 0.039372504, -0.4968286, 0.22720136), (0.5406142, -0.22450563, 0.12488818, 0.8010849), (0.99999994, 1.0430813e-7, -2.9802322e-8, -3.7252903e-9), (0.99999994, 1.0430813e-7, -2.9802322e-8, -3.7252903e-9), (0.99999994, 1.0430813e-7, -2.9802322e-8, -3.7252903e-9), (0.99999994, 1.0430813e-7, -2.9802322e-8, -3.7252903e-9), (0.6734052, 0.72836804, 0.116887, -0.04841152), (0.9968215, 0.017274171, 0.050997615, -0.05872765), (0.7945969, -0.10644215, 0.09309015, 0.5904419), (0.79114056, -0.021711916, -0.017790794, 0.6109912), (-0.69056594, -0.042629227, 0.07364327, -0.71824735), (0.9993346, -0.019285738, 0.016525537, -0.026199788), (0.8231016, -0.1234231, 0.06528789, 0.5504626), (0.72307324, 0.027770698, -0.03542058, 0.68930423), (-0.82218367, -0.022948653, 0.049938828, -0.5665636), (1.0000005, 0.000011444092, 5.9604645e-8, -1.4901161e-7), (0.9863101, -0.1155175, -0.09828493, 0.064724594), (0.8905, 0.012533337, 0.22231114, 0.3967761), (-0.6996891, 0.01375024, -0.12630856, -0.7030598), (0.73805714, 0.035299093, 0.15997076, 0.6545503), (0.98959535, -0.13673887, -0.038711697, 0.022496343), (0.87653744, 0.04957643, 0.08814013, 0.47059172), (-0.6974537, 0.009820372, -0.06031978, -0.7140196), (0.74702764, -0.037554175, 0.096788764, 0.6566367), (0.81020355, 0.35952982, 0.45859224, -0.06326783), (0.98449624, 0.08511245, -0.06740579, 0.13777173), (0.9612294, 0.12643866, 0.034578323, 0.24260485), (0.9623635, -0.012170523, 0.0050277114, 0.2714489), (0.99618256, -0.022520423, -0.0842745, -0.0034575462), (1, 8.940697e-8, 1.4901161e-8, -2.9802322e-8), (1, 8.940697e-8, 1.4901161e-8, -2.9802322e-8), (1, 8.940697e-8, 1.4901161e-8, -2.9802322e-8), (0.4920512, -0.507789, -0.49208677, -0.507826), (0.22160202, -0.025660325, 0.0029532015, 0.9747951), (0.99985564, -0.004083352, 0.0073649287, 0.014766321), (0.045726266, 0.99843514, -0.023809928, -0.021674067), (0.006367743, 0.580867, 0.81390953, 0.010219783), (0.9999949, -0.000040873885, -0.000021845102, 0.003223103), (0.99999934, 2.1234155e-7, -0.000001385808, -0.0011720732), (0.5254125, -0.5168092, 0.49765015, 0.4573777), (0.99999917, 2.8871e-7, 5.438924e-7, -0.0014617965), (0.99998087, -0.0062205438, 7.8976154e-7, 3.3527613e-8), (0.9999229, -0.012440858, 0.000002026558, 4.8428774e-8), (0.9998226, -0.018849242, 0.0000024214387, -2.2351742e-8), (1.0000001, 1.7136335e-7, 5.811453e-7, -5.2154064e-8), (1.0000001, 2.4214387e-8, 0.0000015199184, 3.3527613e-8), (1.0000001, 6.2584877e-7, 0.0000013411045, -1.8626451e-8), (0.983145, 0.0033239499, 0.03130646, 0.18009719), (0.97589517, -0.09362517, 0.027010173, 0.19527814), (-0.03896153, 0.93824023, 0.34312606, -0.021255463), (0.007569641, 0.8108579, 0.58519334, 0.00078341365), (0.9999888, -0.00008697435, -0.000022187829, 0.00467423), (0.9999989, 2.1234155e-7, -0.0000012516975, -0.0011719875), (0.5167998, 0.5254073, 0.4573886, -0.49765486), (0.99999905, 3.9674342e-7, 6.2584877e-7, -0.0014617238), (0.99998087, -0.0062205708, 0, 7.8231096e-8), (0.9999229, -0.012440807, -2.9802322e-8, 1.7136335e-7), (0.9998226, -0.018849138, -2.9802322e-8, 1.2665987e-7), (1.0000002, 1.5646219e-7, -8.940697e-8, -6.3329935e-8), (1.0000001, 0, 0, 0), (1.0000001, 6.109476e-7, 2.9802322e-8, 7.450581e-9), (0.49998406, -0.50000846, -0.5000171, -0.49999064), (0.49998406, -0.50000846, -0.5000171, -0.49999064), (0.49998406, -0.50000846, -0.5000171, -0.49999064), (0.49998406, -0.50000846, -0.5000171, -0.49999064)],
                12: [(1, 0.000052947835, -0.000016693777, 0.000060270115), (0.4237295, 0.55989754, 0.4829934, 0.52314955), (0.9997886, 0.005753056, 0.0017459989, 0.019659434), (0.99896693, 0.041197106, -0.01046484, 0.016060196), (0.99914163, 0.04113735, -0.00034020096, 0.0047927722), (0.9960023, 0.08924366, -0.0025629103, 0.0027928203), (0.7083697, 0.093875185, -0.6877922, -0.1278333), (0.9234984, 0.022739619, -0.36160105, -0.12600765), (0.61525816, 0.1645079, -0.3386246, 0.69262385), (1.0000001, 0, -5.9604645e-8, 1.4901161e-8), (1.0000001, 0, -5.9604645e-8, 1.4901161e-8), (1.0000001, 0, -5.9604645e-8, 1.4901161e-8), (1.0000001, 0, -5.9604645e-8, 1.4901161e-8), (0.7500154, 0.660985, -0.01747799, -0.01643008), (0.99690104, 0.019123852, 0.05022368, -0.057444453), (0.82999945, 0.008487225, 0.029776812, 0.5569037), (0.7886933, -0.021688938, -0.018945768, 0.61411154), (-0.688915, -0.024348885, 0.056874007, -0.7221965), (0.9991412, -0.022226125, 0.019535631, -0.028994918), (0.8530254, -0.019672632, -0.016748369, 0.52122915), (0.7204852, 0.02769208, -0.036659665, 0.6919464), (-0.8214816, -0.025558054, 0.05031246, -0.5674353), (0.99999994, -0.000011175871, 0.0000014305115, 0.0000023245811), (0.9972054, 0.0070378482, -0.05274895, 0.052431703), (0.8992615, -0.061400235, 0.15604934, 0.4039886), (-0.6985171, 0.011916459, -0.1271476, -0.7041056), (0.7399987, 0.03480491, 0.16026086, 0.6523083), (0.9889577, -0.14078057, -0.039573222, 0.02402255), (0.8755797, 0.09415406, 0.035155833, 0.472503), (-0.6964635, 0.0076896846, -0.06066458, -0.71498203), (0.7416678, -0.0008638203, 0.06607494, 0.6675047), (0.8102089, 0.38398296, 0.44168645, -0.032114893), (0.9804177, 0.09303069, -0.07757586, 0.15526748), (0.95007145, 0.0730403, 0.01355505, 0.30305928), (0.95184815, -0.004603438, 0.0044889003, 0.306501), (-0.022525208, -0.996212, 0.0033933092, -0.08391933), (1, 0, 0, 0), (1, 0, 0, 0), (1, 0, 0, 0), (0.98236775, -0.17638864, -0.014924288, 0.060146667), (0.99985844, -0.0034331363, 0.015230224, 0.0062571354), (0.9999486, -0.0034458544, 0.008771852, 0.0036942586), (0.99575543, -0.017167464, 0.041676387, -0.08024499), (0.511307, -0.48755783, -0.4760388, -0.5236788), (0.4761454, -0.5227676, -0.51150286, -0.48822656), (1.000001, 0, -1.1175871e-8, -9.313226e-10), (0.5115034, -0.48822576, -0.47614488, -0.5227681), (1.0000006, 1.4901161e-8, -7.450581e-9, 0), (0.4971221, -0.5028316, -0.497152, -0.502862), (0.007294059, 0.63530844, 0.084607095, 0.76757467), (0.8360065, 0.040734887, -0.51124525, 0.19509313), (0.52460647, -0.21080324, 0.11026454, 0.8174295), (0.9999993, 8.940697e-8, -2.9802322e-8, 0), (0.9999993, 8.940697e-8, -2.9802322e-8, 0), (0.9999993, 8.940697e-8, -2.9802322e-8, 0), (0.9999993, 8.940697e-8, -2.9802322e-8, 0), (0.6915983, 0.7111783, 0.12498206, -0.017206997), (0.99681807, 0.017012328, 0.051202953, -0.058670998), (0.79458666, -0.10645591, 0.09311789, 0.5904473), (0.79114056, -0.0216887, -0.017788097, 0.6109905), (-0.690565, -0.04262799, 0.07359734, -0.7182518), (0.9993274, -0.019538224, 0.016738325, -0.026123583), (0.8230922, -0.12343824, 0.06531224, 0.55046916), (0.7230713, 0.027796507, -0.03541866, 0.6893046), (-0.8221838, -0.022942841, 0.049892038, -0.5665668), (0.9999998, 0.000011473894, 5.9604645e-8, -1.1920929e-7), (0.98629904, -0.11573252, -0.09805277, 0.06485316), (0.8904918, 0.012501776, 0.22235104, 0.3967721), (-0.69968444, 0.013790339, -0.1262909, -0.7030661), (0.7380538, 0.035309702, 0.15994921, 0.6545579), (0.98956835, -0.13697144, -0.03849569, 0.022612184), (0.87653047, 0.04955548, 0.08818245, 0.47059774), (-0.69745106, 0.009859085, -0.06031394, -0.7140215), (0.74702656, -0.037549525, 0.09676626, 0.6566411), (0.81019765, 0.3592774, 0.45878294, -0.063385636), (0.98450035, 0.085097425, -0.06740818, 0.13774493), (0.961231, 0.12644072, 0.034578085, 0.24259432), (0.9623615, -0.012167349, 0.0050303936, 0.27145338), (0.99618185, -0.022520393, -0.08427447, -0.0034575462), (0.9999994, 7.4505806e-8, -1.4901161e-8, 0), (0.9999994, 7.4505806e-8, -1.4901161e-8, 0), (0.9999994, 7.4505806e-8, -1.4901161e-8, 0), (0.49205092, -0.5077888, -0.49208647, -0.50782573), (0.19443502, -0.036109798, -0.0013198256, 0.9802497), (0.9996357, -0.0028782412, 0.008026637, 0.025612045), (0.006532144, 0.9996541, -0.025385613, 0.0021601617), (0.0013990104, 0.63033366, 0.7762752, 0.008633226), (0.9999888, 0.00008422136, 0.00003799796, 0.0047864458), (0.9999993, 1.5087426e-7, -0.0000013485551, -0.0011721067), (0.52541256, -0.5168091, 0.49765006, 0.45737767), (0.99999905, 3.427267e-7, 5.736947e-7, -0.0014617853), (0.9999808, -0.0062205587, 7.674098e-7, 5.5879354e-8), (0.9999229, -0.012440812, 0.0000020340085, 8.568168e-8), (0.9998226, -0.018849228, 0.0000024437904, -2.6077032e-8), (1.0000001, 1.7695129e-7, 5.662441e-7, -4.4703484e-8), (1.0000001, -2.7939677e-8, 0.000001475215, -7.450581e-9), (1.0000002, 6.0908496e-7, 0.0000013560057, -3.3527613e-8), (0.9972396, 0.0019200947, 0.009189375, 0.073655464), (0.89312774, -0.092671394, 0.049065888, 0.43741012), (-0.03347171, 0.96782106, 0.24903812, -0.013491929), (0.012046576, 0.7927273, 0.6094539, 0.0019444227), (0.9999944, -0.00008004345, -0.00003710389, 0.0032887235), (0.9999988, 2.1234155e-7, -0.0000012814999, -0.001171995), (0.51679975, 0.5254073, 0.45738855, -0.4976548), (0.99999917, 4.125759e-7, 5.662441e-7, -0.001461722), (0.99998105, -0.006220559, -2.9802322e-8, 9.49949e-8), (0.999923, -0.012440808, -2.9802322e-8, 1.8253922e-7), (0.9998226, -0.018849138, -5.9604645e-8, 1.4901161e-7), (1.0000001, 1.5832484e-7, -4.4703484e-8, -8.940697e-8), (1.0000001, 0, 0, 0), (1.0000001, 6.2957406e-7, -2.9802322e-8, -3.7252903e-9), (0.499984, -0.5000084, -0.500017, -0.49999058), (0.499984, -0.5000084, -0.500017, -0.49999058), (0.499984, -0.5000084, -0.500017, -0.49999058), (0.499984, -0.5000084, -0.500017, -0.49999058)],
                13: [(1, 0.00016363767, 0.00019529235, -0.000059166487), (0.4203585, 0.5586024, 0.48027042, 0.5297193), (0.99975663, 0.0075062253, -0.00028672814, 0.020744387), (0.9991497, 0.03605095, -0.014042705, 0.014253497), (0.99934834, 0.035753418, -0.0008071214, 0.0048993453), (0.99713707, 0.07526685, -0.0064931214, -0.0032072067), (0.69825965, 0.100001514, -0.69679546, -0.13003471), (0.91767263, 0.024932265, -0.38542506, -0.09328595), (0.62862647, 0.12944329, -0.29859084, 0.70633996), (0.99999994, 0, -5.9604645e-8, 0), (0.99999994, 0, -5.9604645e-8, 0), (0.99999994, 0, -5.9604645e-8, 0), (0.99999994, 0, -5.9604645e-8, 0), (0.77801204, 0.6275028, -0.0049566925, -0.030208707), (0.9967592, 0.019983739, 0.050774634, -0.05910495), (0.82995003, 0.008493304, 0.029714257, 0.5569806), (0.78870493, -0.021727562, -0.018918017, 0.6140959), (-0.68887043, -0.024308711, 0.05694115, -0.7222352), (0.9993089, -0.02088502, 0.016194016, -0.026135594), (0.8554696, -0.018036276, -0.012858242, 0.517379), (0.72034407, 0.027496934, -0.03661391, 0.69210386), (-0.82145584, -0.025507957, 0.05036661, -0.5674708), (0.99999994, -0.000011175871, 0.0000014305115, 0.0000023841858), (0.99731535, 0.007774681, -0.052267134, 0.050687104), (0.8992147, -0.061415523, 0.15595606, 0.4041262), (-0.6985855, 0.011851519, -0.1270909, -0.7040491), (0.73996663, 0.034831613, 0.16031611, 0.65232986), (0.98912996, -0.14004868, -0.03882408, 0.022377402), (0.875517, 0.094143, 0.03505218, 0.47262946), (-0.6965363, 0.0076473355, -0.060610138, -0.71491635), (0.74163526, -0.00082856417, 0.066119045, 0.6675366), (0.8094357, 0.3853988, 0.44178444, -0.03328532), (0.980376, 0.09288511, -0.077938825, 0.15543646), (0.95006835, 0.07307791, 0.013644993, 0.3030559), (0.9518501, -0.0045967475, 0.0044759065, 0.3064955), (-0.022525208, -0.996212, 0.0033933436, -0.083919324), (0.99999964, 2.9802322e-8, 0, 0), (0.99999964, 2.9802322e-8, 0, 0), (0.99999964, 2.9802322e-8, 0, 0), (0.98516554, -0.1608021, -0.014255971, 0.05820857), (0.99985033, -0.0029708426, 0.01571384, 0.0065904036), (0.99994445, -0.0029830672, 0.009256601, 0.0040248856), (0.99591446, -0.007650103, 0.04079003, -0.080197856), (0.5113069, -0.4875577, -0.47603878, -0.52367866), (0.47614524, -0.5227674, -0.5115027, -0.48822647), (1.0000007, -7.450581e-9, -1.1641532e-8, -4.656613e-10), (0.5115032, -0.4882256, -0.47614476, -0.5227679), (1.0000002, 7.450581e-9, -7.450581e-9, -4.656613e-10), (0.497122, -0.50283146, -0.49715188, -0.5028619), (-0.011385433, 0.6394007, 0.089306265, 0.7635845), (0.8367673, 0.051366866, -0.5199282, 0.16387866), (0.52937245, -0.20119919, 0.07361668, 0.8208922), (0.9999996, 1.1920929e-7, -2.9802322e-8, -7.450581e-9), (0.9999996, 1.1920929e-7, -2.9802322e-8, -7.450581e-9), (0.9999996, 1.1920929e-7, -2.9802322e-8, -7.450581e-9), (0.9999996, 1.1920929e-7, -2.9802322e-8, -7.450581e-9), (0.7135798, 0.68977827, 0.11856946, 0.030838132), (0.9968168, 0.017163843, 0.05152425, -0.05836785), (0.7945944, -0.106449276, 0.09309545, 0.5904417), (0.791138, -0.02171734, -0.017772079, 0.61099356), (-0.6905668, -0.042603403, 0.0736559, -0.718246), (0.99933386, -0.019366473, 0.017041475, -0.025816917), (0.82309955, -0.12342876, 0.06529331, 0.5504631), (0.7230711, 0.0277645, -0.03539896, 0.6893071), (-0.8221837, -0.022920817, 0.049955696, -0.56656235), (0.9999999, 0.000011444092, 2.9802322e-8, -1.1920929e-7), (0.9863303, -0.11550379, -0.09780565, 0.0651581), (0.8904951, 0.012500197, 0.22231595, 0.3967841), (-0.69969046, 0.01373294, -0.12627065, -0.7030648), (0.73805356, 0.03532356, 0.1599828, 0.6545489), (0.98959863, -0.13677064, -0.038241774, 0.022938758), (0.8765345, 0.049546212, 0.08814517, 0.47059882), (-0.69745606, 0.00980556, -0.060283303, -0.7140205), (0.7470253, -0.037530005, 0.09679985, 0.6566392), (0.8100096, 0.35927927, 0.4591414, -0.06318396), (0.9844981, 0.08509931, -0.06740326, 0.13776371), (0.9612293, 0.12643714, 0.034582496, 0.24260342), (0.9623629, -0.012168169, 0.0050237477, 0.27144933), (0.99618196, -0.022520393, -0.08427444, -0.003457576), (0.99999964, 7.4505806e-8, -7.450581e-9, 2.9802322e-8), (0.99999964, 7.4505806e-8, -7.450581e-9, 2.9802322e-8), (0.99999964, 7.4505806e-8, -7.450581e-9, 2.9802322e-8), (0.49205106, -0.5077889, -0.4920866, -0.5078258), (0.23877087, -0.03565973, -0.003343612, 0.97041523), (0.9710064, -0.0040690973, 0.010459876, 0.23879062), (0.008561, 0.99560124, -0.09291452, 0.008482844), (0.0000019967556, 0.72577226, 0.6879352, -0.0000385046), (0.9999912, 6.686896e-7, -0.000024110079, 0.0042259786), (0.9999994, 1.4528632e-7, -0.0000013267854, -0.0011720881), (0.5254125, -0.5168092, 0.49765012, 0.45737776), (0.99999905, 3.296882e-7, 5.438924e-7, -0.0014618039), (0.9999809, -0.006220553, 7.4505806e-7, 5.9604645e-8), (0.99992293, -0.012440834, 0.0000020563602, 3.3527613e-8), (0.99982274, -0.01884923, 0.0000024288893, 3.7252903e-8), (1.0000001, 1.5459955e-7, 5.662441e-7, -2.2351742e-8), (1, 3.1664968e-8, 0.0000014901161, -2.6077032e-8), (1.0000001, 5.904585e-7, 0.0000013113022, 7.450581e-9), (0.9991164, 0.0035992358, -0.013075665, -0.03978215), (0.7685827, -0.06861978, 0.065339, 0.632695), (-0.010505438, 0.98006016, 0.19796199, -0.013507098), (0.0060696304, 0.7539165, 0.65693974, 0.0015886128), (0.99999297, -0.0000116699375, 0.000009641051, 0.0036520176), (0.99999875, 2.1327287e-7, -0.0000012516975, -0.0011719894), (0.5167997, 0.5254072, 0.45738852, -0.49765474), (0.9999989, 4.125759e-7, 5.662441e-7, -0.0014617256), (0.9999808, -0.0062205666, 2.9802322e-8, 8.312054e-8), (0.99992293, -0.012440804, -5.9604645e-8, 1.8114224e-7), (0.9998226, -0.018849125, -5.9604645e-8, 1.4808029e-7), (1.0000002, 1.6205013e-7, -6.7055225e-8, -3.7252903e-8), (1.0000001, 0, 0, 0), (1.0000001, 5.834736e-7, -3.7252903e-9, 3.7252903e-9), (0.49998403, -0.5000084, -0.50001705, -0.49999058), (0.49998403, -0.5000084, -0.50001705, -0.49999058), (0.49998403, -0.5000084, -0.50001705, -0.49999058), (0.49998403, -0.5000084, -0.50001705, -0.49999058)],
                14: [(1, 0.00011971453, 0.00008437093, 0.00007397689), (0.41775796, 0.5577142, 0.47767442, 0.53503305), (0.99979544, 0.003241539, -0.002442941, 0.01981353), (0.99941766, 0.02398338, -0.018585682, 0.015605699), (0.99970686, 0.023394454, -0.0018651038, 0.005901128), (0.9985162, 0.05338985, -0.008655518, 0.0062743723), (0.6824575, 0.10001731, -0.71144414, -0.13451742), (0.9149851, 0.024704307, -0.40060306, -0.041332304), (0.64293194, 0.083535016, -0.25719938, 0.71659476), (0.99999976, 0, -5.9604645e-8, 0), (0.99999976, 0, -5.9604645e-8, 0), (0.99999976, 0, -5.9604645e-8, 0), (0.99999976, 0, -5.9604645e-8, 0), (0.7810656, 0.61738807, -0.049523503, -0.07946789), (0.99678177, 0.02008757, 0.05057922, -0.058855355), (0.8299775, 0.008494973, 0.029768676, 0.55693674), (0.7887096, -0.021733344, -0.018915812, 0.61408997), (-0.68886817, -0.02430746, 0.05695504, -0.72223634), (0.99930894, -0.020842075, 0.016198844, -0.026156396), (0.8552922, -0.018153757, -0.0131061375, 0.51766133), (0.7204154, 0.027589053, -0.036613353, 0.6920253), (-0.8214592, -0.025504917, 0.05038917, -0.5674632), (0.99999976, -0.000011146069, 0.0000014305115, 0.0000023245811), (0.99729115, 0.0078859925, -0.05248007, 0.05092472), (0.8992202, -0.06142336, 0.15602365, 0.40408662), (-0.69859755, 0.011841118, -0.12707654, -0.70404005), (0.73996174, 0.03484091, 0.16032338, 0.65233356), (0.9891319, -0.1399329, -0.039067775, 0.022581846), (0.87553054, 0.094133854, 0.035123408, 0.47260034), (-0.6965465, 0.0076376796, -0.060595214, -0.7149075), (0.741631, -0.00081938505, 0.06612429, 0.6675408), (0.80955374, 0.3853924, 0.44159523, -0.03299445), (0.9804027, 0.09293856, -0.0777252, 0.15534183), (0.950069, 0.07303076, 0.013566136, 0.30306828), (0.95184976, -0.0046007633, 0.004472047, 0.30649626), (-0.022525182, -0.99621177, 0.0033933586, -0.08391933), (0.9999997, 0, -2.9802322e-8, -2.9802322e-8), (0.9999997, 0, -2.9802322e-8, -2.9802322e-8), (0.9999997, 0, -2.9802322e-8, -2.9802322e-8), (0.9921239, -0.11716524, 0.0030214787, 0.044194847), (0.9998852, -0.0022422876, 0.014170617, 0.004857937), (0.9999651, -0.0022618277, 0.007715106, 0.0022876058), (0.99638057, -0.004035201, 0.025733352, -0.08091515), (0.51130694, -0.48755786, -0.4760388, -0.52367884), (0.47614536, -0.52276754, -0.5115028, -0.4882265), (1.0000008, 0, -1.1175871e-8, -4.656613e-10), (0.51150334, -0.48822582, -0.47614485, -0.522768), (1.0000005, 1.4901161e-8, -7.450581e-9, 0), (0.49712214, -0.5028316, -0.49715197, -0.502862), (-0.025370914, 0.6498353, 0.08904749, 0.7544138), (0.83589363, 0.058059663, -0.5279361, 0.13854), (0.5423158, -0.19603403, 0.017514914, 0.8167965), (0.99999917, 8.940697e-8, -2.9802322e-8, -7.450581e-9), (0.99999917, 8.940697e-8, -2.9802322e-8, -7.450581e-9), (0.99999917, 8.940697e-8, -2.9802322e-8, -7.450581e-9), (0.99999917, 8.940697e-8, -2.9802322e-8, -7.450581e-9), (0.7080493, 0.69506323, 0.12225762, 0.024598837), (0.99681574, 0.017431527, 0.051003605, -0.058754116), (0.79458934, -0.106462926, 0.09310743, 0.59044325), (0.79113674, -0.021719337, -0.017763585, 0.6109941), (-0.69056594, -0.04259211, 0.07365891, -0.71824604), (0.99933565, -0.01913017, 0.016527295, -0.026229352), (0.82309437, -0.12344071, 0.06530458, 0.5504652), (0.72307, 0.02776292, -0.035389394, 0.6893077), (-0.82218266, -0.022909105, 0.049959034, -0.56656283), (0.9999993, 0.000011473894, 0, -1.1920929e-7), (0.9863292, -0.11536652, -0.09828979, 0.064679086), (0.89049506, 0.0124819875, 0.22232075, 0.39678162), (-0.6996865, 0.013731033, -0.12626438, -0.70306975), (0.73805344, 0.03532988, 0.15998384, 0.6545486), (0.9896165, -0.13658497, -0.038711816, 0.022456437), (0.87653196, 0.049525976, 0.088154346, 0.47060266), (-0.6974546, 0.009804994, -0.06027201, -0.71402204), (0.74702454, -0.037521094, 0.09680036, 0.65663946), (0.8101458, 0.35966825, 0.45858926, -0.06322491), (0.9844984, 0.08508836, -0.06741242, 0.13775837), (0.9612284, 0.12643531, 0.03458418, 0.24260418), (0.9623623, -0.012167998, 0.005023092, 0.27144808), (0.99618137, -0.022520393, -0.08427441, -0.003457576), (0.9999993, 7.4505806e-8, -3.7252903e-9, 2.9802322e-8), (0.9999993, 7.4505806e-8, -3.7252903e-9, 2.9802322e-8), (0.9999993, 7.4505806e-8, -3.7252903e-9, 2.9802322e-8), (0.492051, -0.5077888, -0.49208656, -0.50782573), (0.25492278, -0.03704545, 0.0008265078, 0.9662512), (0.9170383, -0.008767026, 0.0070491172, 0.3986408), (0.011225171, 0.97106653, -0.23841405, 0.007917166), (0.00005427003, 0.7195598, 0.6944306, -0.00014004111), (0.99999315, 0.0000011557713, 0.0000055730343, 0.0037026433), (0.9999992, 1.7974526e-7, -0.0000013243407, -0.0011720732), (0.5254125, -0.51680917, 0.49765003, 0.45737773), (0.99999917, 3.3341348e-7, 5.066395e-7, -0.0014617965), (0.999981, -0.006220553, 7.4505806e-7, 2.2351742e-8), (0.999923, -0.012440872, 0.0000020712614, 2.9802322e-8), (0.99982274, -0.018849226, 0.000002413988, 4.0978193e-8), (1.0000001, 1.6856939e-7, 5.662441e-7, -5.2154064e-8), (1.0000001, 3.259629e-8, 0.000001475215, -1.1175871e-8), (1, 5.7462603e-7, 0.000001296401, -2.2351742e-8), (0.98455346, -0.00068200007, -0.023267832, -0.17353036), (0.6256278, -0.054769114, 0.068074495, 0.7752137), (0.018317804, 0.97539616, 0.2181629, -0.025918186), (0.00036752224, 0.70917845, 0.70502883, 0.00007292628), (0.99999344, -0.00000823196, 0.000036388636, 0.0035851002), (0.9999989, 2.0768493e-7, -0.0000012814999, -0.0011720061), (0.51679987, 0.5254074, 0.45738867, -0.49765486), (0.9999991, 4.1443855e-7, 5.9604645e-7, -0.0014617229), (0.9999809, -0.0062205642, 2.9802322e-8, 8.568168e-8), (0.999923, -0.012440804, -5.9604645e-8, 1.8440187e-7), (0.99982274, -0.018849129, -5.9604645e-8, 1.4901161e-7), (1.0000001, 1.6530976e-7, -8.940697e-8, -4.8428774e-8), (1.0000001, 0, 0, 0), (1.0000001, 6.0914317e-7, 3.7252903e-8, -7.450581e-9), (0.49998403, -0.5000084, -0.5000171, -0.49999058), (0.49998403, -0.5000084, -0.5000171, -0.49999058), (0.49998403, -0.5000084, -0.5000171, -0.49999058), (0.49998403, -0.5000084, -0.5000171, -0.49999058)],
                15: [(1, -0.0000035005576, 0.000034184974, -0.00018782074), (0.43179786, 0.5509413, 0.46860355, 0.53891104), (0.99976087, 0.002739665, -0.0046914145, 0.021188583), (0.9996724, 0.0077723647, -0.01631257, 0.018133223), (0.99994755, 0.007241086, -0.0013372302, 0.00711444), (0.99956775, 0.02775788, -0.0045191646, 0.008571304), (0.67460346, 0.09791547, -0.72129995, -0.12267409), (0.9089344, 0.025271088, -0.41584975, 0.016382113), (0.6667819, 0.024301589, -0.19431761, 0.7190633), (1.0000001, 1.4901161e-8, -8.940697e-8, 0), (1.0000001, 1.4901161e-8, -8.940697e-8, 0), (1.0000001, 1.4901161e-8, -8.940697e-8, 0), (1.0000001, 1.4901161e-8, -8.940697e-8, 0), (0.74955857, 0.6433144, -0.07776362, -0.13513508), (0.99677575, 0.02028948, 0.05038488, -0.05905813), (0.8299774, 0.008472204, 0.029758006, 0.5569382), (0.7887052, -0.021732897, -0.018919392, 0.6140956), (-0.6888776, -0.024313629, 0.05695066, -0.7222275), (0.9993106, -0.020653397, 0.016007751, -0.026373744), (0.8552909, -0.018178403, -0.013117552, 0.51766294), (0.7204116, 0.027589142, -0.036619347, 0.6920296), (-0.8214667, -0.025513202, 0.050385326, -0.5674531), (1.0000002, -0.000011175871, 0.0000014305115, 0.0000023543835), (0.99729055, 0.00804311, -0.0526931, 0.05069834), (0.89921683, -0.061439842, 0.15601352, 0.40409636), (-0.6986032, 0.011840731, -0.12708661, -0.7040329), (0.73996013, 0.03483361, 0.16032583, 0.6523353), (0.9891542, -0.13976845, -0.03924042, 0.022333562), (0.87553287, 0.09411442, 0.035110652, 0.47260118), (-0.69654924, 0.0076361597, -0.06060528, -0.7149041), (0.74162865, -0.00082689524, 0.066126674, 0.66754293), (0.8095721, 0.38563287, 0.4413505, -0.033020884), (0.9804021, 0.09292427, -0.07772836, 0.15535626), (0.95006955, 0.07303049, 0.013563573, 0.30306914), (0.95185065, -0.004601456, 0.0044727027, 0.30649576), (-0.022525236, -0.99621224, 0.0033933548, -0.083919376), (1, 0, 0, 0), (1, 0, 0, 0), (1, 0, 0, 0), (0.9973452, -0.05837322, 0.012570918, 0.041680627), (0.9999974, 0.0000535883, 0.0022786856, 0.00059966), (0.9999895, 0.000036196783, -0.0041712075, -0.0019850535), (0.996958, 0.00039695506, 0.0111346245, -0.077142924), (0.51130706, -0.48755798, -0.476039, -0.5236789), (0.47614548, -0.52276766, -0.5115029, -0.4882266), (1.0000012, 0, -1.1175871e-8, -8.1490725e-10), (0.51150346, -0.48822588, -0.47614497, -0.52276814), (1.0000007, 7.450581e-9, -7.450581e-9, 1.1641532e-9), (0.49712226, -0.50283164, -0.4971521, -0.50286204), (-0.022863945, 0.67010283, 0.11633217, 0.73273873), (0.8428719, 0.04763505, -0.525668, 0.10473992), (0.58438253, -0.14874049, -0.07162812, 0.7945074), (0.9999993, 8.940697e-8, -8.940697e-8, -7.450581e-9), (0.9999993, 8.940697e-8, -8.940697e-8, -7.450581e-9), (0.9999993, 8.940697e-8, -8.940697e-8, -7.450581e-9), (0.9999993, 8.940697e-8, -8.940697e-8, -7.450581e-9), (0.68591595, 0.72409654, 0.069794744, 0.018202662), (0.99683785, 0.017733783, 0.050610334, -0.05863163), (0.7945909, -0.106461704, 0.09312686, 0.59043884), (0.7911374, -0.021735221, -0.017759264, 0.6109937), (-0.690563, -0.042591274, 0.07368928, -0.7182465), (0.99935067, -0.018836617, 0.01611939, -0.026131243), (0.82309455, -0.12343928, 0.065325946, 0.55046344), (0.7230723, 0.027744383, -0.035383686, 0.68930686), (-0.82217944, -0.022910118, 0.049993187, -0.5665649), (0.99999964, 0.000011473894, 5.9604645e-8, -1.1920929e-7), (0.98631525, -0.1151028, -0.098724514, 0.06470227), (0.8904943, 0.012470484, 0.22231847, 0.3967848), (-0.69968307, 0.013688654, -0.12626263, -0.703074), (0.7380551, 0.035331458, 0.16000676, 0.65454054), (0.9896374, -0.13630727, -0.039141715, 0.022488356), (0.87653124, 0.04951653, 0.08815962, 0.47060448), (-0.6974542, 0.009766877, -0.060267076, -0.71402353), (0.7470249, -0.037517905, 0.09682399, 0.656636), (0.8102358, 0.3598766, 0.45831716, -0.062860936), (0.98450035, 0.08508949, -0.06741989, 0.13774168), (0.9612287, 0.12643512, 0.03458464, 0.24260354), (0.9623631, -0.012167569, 0.0050192177, 0.27144605), (0.9961815, -0.022520393, -0.08427438, -0.0034576058), (0.9999995, 5.9604645e-8, 1.4901161e-8, 7.450581e-9), (0.9999995, 5.9604645e-8, 1.4901161e-8, 7.450581e-9), (0.9999995, 5.9604645e-8, 1.4901161e-8, 7.450581e-9), (0.49205106, -0.5077889, -0.49208662, -0.5078258), (0.15658742, -0.022280987, -0.0008957982, 0.9874123), (0.9303092, -0.018018415, 0.009865083, 0.36620045), (0.0016003251, 0.9580446, -0.2863754, 0.011700988), (-0.000315696, 0.7111942, 0.70299524, 0.000282228), (0.9999931, 7.415656e-8, -0.0000011324883, 0.0036694116), (0.9999991, 1.618173e-7, -0.0000013299286, -0.0011720359), (0.5254124, -0.516809, 0.49764997, 0.45737758), (0.9999989, 3.0826777e-7, 5.9604645e-7, -0.0014617853), (0.9999806, -0.0062205372, 7.4505806e-7, 3.7252903e-8), (0.99992275, -0.012440846, 0.0000020563602, 5.9604645e-8), (0.9998225, -0.018849215, 0.0000024735928, 1.8626451e-8), (0.9999999, 1.383014e-7, 5.289912e-7, -3.1664968e-8), (0.9999999, 2.3748726e-8, 0.0000015050173, -5.5879354e-9), (0.9999999, 5.848706e-7, 0.000001296401, -3.1664968e-8), (0.95539033, -0.0007526807, -0.028140437, -0.29400158), (0.61851203, -0.043933995, 0.056412503, 0.7825155), (0.044361643, 0.9707854, 0.23422533, -0.027321488), (0.000011503696, 0.70723045, 0.706983, -0.000055402517), (0.9999931, 0.000002425164, 0.000011309981, 0.0037258342), (0.9999989, 2.104789e-7, -0.0000012814999, -0.0011719954), (0.51679987, 0.5254074, 0.45738867, -0.4976549), (0.99999917, 4.1816384e-7, 5.662441e-7, -0.0014617192), (0.99998087, -0.0062205717, 5.9604645e-8, 8.242205e-8), (0.999923, -0.012440802, 0, 1.823064e-7), (0.99982274, -0.018849129, -2.9802322e-8, 1.4761463e-7), (1.0000002, 1.5646219e-7, -5.9604645e-8, -5.5879354e-8), (1.0000001, 0, 0, 0), (1.0000001, 6.03497e-7, 0, -1.8626451e-9), (0.49998406, -0.5000084, -0.50001705, -0.49999058), (0.49998406, -0.5000084, -0.50001705, -0.49999058), (0.49998406, -0.5000084, -0.50001705, -0.49999058), (0.49998406, -0.5000084, -0.50001705, -0.49999058)],
                16: [(1, 0.000024196717, 0.00007218734, 0.000073098105), (0.4504937, 0.54374015, 0.45840096, 0.53969496), (0.9997453, -0.0038393405, -0.0038478374, 0.02190584), (0.9996431, -0.012434022, -0.0157163, 0.017665433), (0.9998892, -0.012487644, -0.002158761, 0.0077920742), (0.999917, 0.00033298135, 0.0029373765, 0.012524204), (0.6862651, 0.08814487, -0.71623844, -0.09095404), (0.8956078, 0.021449, -0.43602327, 0.08549645), (0.67992145, -0.0628588, -0.10750672, 0.72263235), (0.9999999, 1.4901161e-8, -2.9802322e-8, 0), (0.9999999, 1.4901161e-8, -2.9802322e-8, 0), (0.9999999, 1.4901161e-8, -2.9802322e-8, 0), (0.9999999, 1.4901161e-8, -2.9802322e-8, 0), (0.6935929, 0.69590235, -0.03700593, -0.18242577), (0.99675024, 0.020490974, 0.05059132, -0.059239626), (0.82997215, 0.008458972, 0.02974543, 0.55694664), (0.7887026, -0.021736294, -0.0189212, 0.6140988), (-0.68888, -0.024315864, 0.05695641, -0.72222483), (0.9993065, -0.020451754, 0.01621586, -0.026554585), (0.85528576, -0.01819107, -0.013130963, 0.5176707), (0.72040844, 0.027584404, -0.0366211, 0.69203323), (-0.82146966, -0.025514662, 0.05039206, -0.56744826), (1, -0.000011146069, 0.0000014603138, 0.0000023543835), (0.99730873, 0.008245528, -0.05250722, 0.050495327), (0.8992092, -0.061452687, 0.15599793, 0.40411663), (-0.6986118, 0.011833042, -0.12708233, -0.70402485), (0.7399573, 0.03483382, 0.16033238, 0.6523365), (0.9891945, -0.13957074, -0.03902179, 0.022166908), (0.87552834, 0.09409991, 0.0350928, 0.47261375), (-0.69655657, 0.007629931, -0.060600936, -0.7148974), (0.7416251, -0.0008261502, 0.066132426, 0.6675463), (0.8094001, 0.38587517, 0.44144228, -0.03317514), (0.98040056, 0.0929043, -0.07772046, 0.1553804), (0.9500692, 0.07302932, 0.013563961, 0.30306977), (0.9518507, -0.0046011247, 0.004471779, 0.30649486), (-0.022525249, -0.996212, 0.0033933502, -0.083919324), (0.9999998, -2.9802322e-8, 0, -1.1175871e-8), (0.9999998, -2.9802322e-8, 0, -1.1175871e-8), (0.9999998, -2.9802322e-8, 0, -1.1175871e-8), (0.99788296, 0.022304205, 0.021942496, 0.05700883), (0.9999995, 0.00011374382, 0.00039198995, 0.00010539021), (0.9999781, 0.00009933044, -0.0060577244, -0.0024811048), (0.9965023, -0.002331134, -0.0064766556, -0.08327578), (0.51130664, -0.4875576, -0.47603858, -0.52367854), (0.47614515, -0.5227673, -0.5115025, -0.48822626), (1.0000005, 0, -1.1175871e-8, -3.4924597e-10), (0.51150304, -0.48822546, -0.4761446, -0.5227677), (0.99999994, 7.450581e-9, -7.450581e-9, 0), (0.49712184, -0.50283134, -0.49715173, -0.50286174), (0.013164215, 0.69786376, 0.1531854, 0.6995331), (0.87607235, 0.03599921, -0.47787228, 0.053281024), (0.62863207, -0.05630721, -0.15420622, 0.7601783), (0.9999993, 8.195639e-8, -5.9604645e-8, 0), (0.9999993, 8.195639e-8, -5.9604645e-8, 0), (0.9999993, 8.195639e-8, -5.9604645e-8, 0), (0.9999993, 8.195639e-8, -5.9604645e-8, 0), (0.6575364, 0.7530923, 0.015229464, -0.01628974), (0.9968307, 0.017697722, 0.050640553, -0.058739603), (0.7945894, -0.106458604, 0.09312254, 0.59044206), (0.79113936, -0.021748215, -0.017771557, 0.6109902), (-0.6905567, -0.042614847, 0.07370767, -0.71824926), (0.9993466, -0.018875271, 0.016154408, -0.026237875), (0.8230924, -0.12343636, 0.06532234, 0.55046755), (0.7230762, 0.027729243, -0.035397053, 0.68930256), (-0.8221748, -0.022937208, 0.050011247, -0.5665691), (0.99999976, 0.000011473894, 5.9604645e-8, -1.1920929e-7), (0.9863212, -0.115151584, -0.09867501, 0.06460133), (0.8904961, 0.012484193, 0.22229517, 0.3967936), (-0.69968134, 0.013666451, -0.12629229, -0.70307094), (0.7380583, 0.035312265, 0.16001865, 0.654535), (0.9896358, -0.13634968, -0.039091825, 0.022388786), (0.87653136, 0.04952845, 0.08813915, 0.47060716), (-0.6974519, 0.009743929, -0.060293943, -0.71402395), (0.74702626, -0.037536055, 0.09683803, 0.6566314), (0.81022716, 0.35988873, 0.45830673, -0.06298298), (0.9844992, 0.085089356, -0.06741351, 0.13775568), (0.9612291, 0.1264357, 0.03458166, 0.24260497), (0.9623643, -0.012169106, 0.0050188005, 0.27144402), (0.9961817, -0.022520334, -0.08427441, -0.003457576), (0.9999995, 1.1920929e-7, 1.4901161e-8, 0), (0.9999995, 1.1920929e-7, 1.4901161e-8, 0), (0.9999995, 1.1920929e-7, 1.4901161e-8, 0), (0.492051, -0.5077888, -0.4920865, -0.5078257), (-0.009633669, -0.013229141, 0.0027507246, 0.99986243), (0.97458124, -0.03838788, 0.009827584, 0.22050318), (-0.0101655945, 0.9705948, -0.24023792, 0.011335105), (-0.0044545233, 0.6712758, 0.74119353, -0.0011245906), (0.9999933, 0.000008685514, -0.0000011622906, 0.003675582), (0.9999994, 1.329463e-7, -0.0000013634562, -0.0011720601), (0.5254126, -0.5168092, 0.49765012, 0.45737773), (0.9999992, 3.1013042e-7, 5.662441e-7, -0.001461789), (0.999981, -0.0062205233, 7.4505806e-7, 3.7252903e-8), (0.9999231, -0.0124408305, 0.000002026558, 2.6077032e-8), (0.9998228, -0.018849235, 0.0000024437904, -7.450581e-9), (1.0000001, 1.3317913e-7, 6.03497e-7, -4.4237822e-8), (1.0000002, -3.7252903e-9, 0.0000014901161, -1.5366822e-8), (1.0000002, 5.9697777e-7, 0.0000013113022, -4.2375177e-8), (0.932812, -0.007882746, -0.026647896, -0.35929078), (0.66871953, -0.027870284, 0.037030727, 0.7420691), (0.05598376, 0.982429, 0.17739019, -0.015226543), (0.0000074207783, 0.70706147, 0.707152, -0.00004428625), (0.99999297, -0.0000025480986, 0.0000074990094, 0.003749825), (0.99999905, 2.1606684e-7, -0.0000012814999, -0.0011719912), (0.51679987, 0.5254073, 0.45738864, -0.49765486), (0.99999934, 4.04194e-7, 5.9604645e-7, -0.0014617173), (0.99998105, -0.006220564, -2.9802322e-8, 8.381903e-8), (0.9999231, -0.012440797, -5.9604645e-8, 1.7695129e-7), (0.99982285, -0.01884912, -5.9604645e-8, 1.5459955e-7), (1.0000002, 1.4714897e-7, -8.940697e-8, -3.3993274e-8), (1.0000002, 0, 0, 0), (1.0000001, 5.7742e-7, 2.9802322e-8, 1.7229468e-8), (0.49998406, -0.50000846, -0.5000171, -0.49999058), (0.49998406, -0.50000846, -0.5000171, -0.49999058), (0.49998406, -0.50000846, -0.5000171, -0.49999058), (0.49998406, -0.50000846, -0.5000171, -0.49999058)],
                17: [(1, 0.000020420292, -0.000042917563, 0.00006870482), (0.4676318, 0.5277998, 0.44552624, 0.55159235), (0.99970657, -0.0065131946, -0.011526525, 0.020288637), (0.9993383, -0.030177882, -0.01068057, 0.017278243), (0.9995019, -0.030680846, -0.0010799582, 0.0073368987), (0.99840397, -0.05433512, 0.008252079, 0.013014214), (0.71375346, 0.08944674, -0.6905958, -0.07505081), (0.87376463, 0.029498633, -0.45544773, 0.1680261), (0.6364858, -0.16185942, 0.014314852, 0.75397784), (1.0000002, 0, -8.381903e-8, 1.3504177e-8), (1.0000002, 0, -8.381903e-8, 1.3504177e-8), (1.0000002, 0, -8.381903e-8, 1.3504177e-8), (1.0000002, 0, -8.381903e-8, 1.3504177e-8), (0.63033026, 0.7521553, 0.070335306, -0.17888403), (0.9967289, 0.020586614, 0.051049583, -0.059179604), (0.8299655, 0.008455094, 0.029727004, 0.55695844), (0.78868544, -0.02174545, -0.018937562, 0.6141205), (-0.6889134, -0.024340127, 0.056969393, -0.7221913), (0.9993037, -0.020338466, 0.016668798, -0.026481202), (0.8552785, -0.018196758, -0.013148781, 0.5176828), (0.7203891, 0.02756711, -0.03664099, 0.6920532), (-0.8214984, -0.025540236, 0.050411694, -0.56740427), (1.0000004, -0.0000111516565, 0.0000014193356, 0.0000023785979), (0.99732924, 0.008397669, -0.052059516, 0.050540123), (0.8991974, -0.061462574, 0.15595755, 0.40415865), (-0.6986346, 0.011792224, -0.1270856, -0.7040031), (0.7399497, 0.03481879, 0.16035981, 0.65233994), (0.9892286, -0.13943335, -0.038586114, 0.022287026), (0.87551636, 0.0940921, 0.03505407, 0.47264132), (-0.69658303, 0.0075962227, -0.060605288, -0.7148723), (0.7416138, -0.0008396879, 0.066158086, 0.66755664), (0.80915654, 0.38593185, 0.44183287, -0.033271283), (0.98039764, 0.09288655, -0.07769758, 0.15542538), (0.9500689, 0.07303023, 0.013559872, 0.30307326), (0.9518529, -0.00460279, 0.004469296, 0.3064906), (-0.022525214, -0.9962125, 0.00339337, -0.083919354), (1.0000001, -2.9802322e-8, 1.9354047e-9, 1.8626451e-8), (1.0000001, -2.9802322e-8, 1.9354047e-9, 1.8626451e-8), (1.0000001, -2.9802322e-8, 1.9354047e-9, 1.8626451e-8), (0.98980504, 0.12255437, 0.021452405, 0.06932779), (0.9999978, 0.0010221258, -0.0016913951, 0.00088418217), (0.999965, 0.0010181454, -0.008138766, -0.0017078895), (0.9959994, 0.00095644704, -0.026908739, -0.085208654), (0.51130694, -0.48755795, -0.47603893, -0.52367884), (0.4761454, -0.5227676, -0.51150286, -0.4882266), (1.000001, -6.0535967e-9, -9.080395e-9, -5.529728e-10), (0.5115034, -0.48822576, -0.47614488, -0.5227681), (1.0000006, 7.450581e-9, -7.4614945e-9, 1.891749e-10), (0.49712214, -0.50283164, -0.49715203, -0.50286204), (0.034609325, 0.71513754, 0.13511667, 0.68492633), (0.9070922, 0.029816777, -0.41908732, -0.025702126), (0.636793, 0.043967087, -0.23159774, 0.7341145), (0.9999998, 7.729979e-8, -3.5390265e-8, -1.07102105e-8), (0.9999998, 7.729979e-8, -3.5390265e-8, -1.07102105e-8), (0.9999998, 7.729979e-8, -3.5390265e-8, -1.07102105e-8), (0.9999998, 7.729979e-8, -3.5390265e-8, -1.07102105e-8), (0.6450552, 0.7607798, -0.023288002, -0.06764261), (0.9968611, 0.017699799, 0.0503289, -0.058495507), (0.7945836, -0.10645687, 0.09311967, 0.5904511), (0.79113877, -0.021749478, -0.017770719, 0.6109914), (-0.69055736, -0.04261417, 0.073713, -0.71824867), (0.9992995, -0.019061426, 0.016671138, -0.027552018), (0.8223302, -0.12384987, 0.06432679, 0.5516306), (0.7230661, 0.027715053, -0.035394993, 0.68931437), (-0.8221751, -0.022937333, 0.050015464, -0.56656873), (1, 0.000011479484, 5.587937e-9, -1.4901163e-7), (0.9862735, -0.11515587, -0.09901733, 0.06480246), (0.8904934, 0.01249438, 0.22229192, 0.396802), (-0.69968086, 0.013668643, -0.12629743, -0.70307106), (0.738059, 0.035311393, 0.16001695, 0.65453553), (0.9896173, -0.13635373, -0.039438497, 0.022582483), (0.8765267, 0.04953378, 0.088134766, 0.47061643), (-0.6974513, 0.009744502, -0.060294293, -0.7140248), (0.7470269, -0.037534557, 0.09683653, 0.6566313), (0.8102815, 0.35982147, 0.45832196, -0.062556654), (0.9844879, 0.08505714, -0.06764656, 0.1377426), (0.96122783, 0.12643398, 0.03457984, 0.24261013), (0.9623646, -0.012170454, 0.0050190208, 0.27144262), (0.996182, -0.022520367, -0.08427444, -0.0034575465), (0.9999999, 8.3819046e-8, 0, 5.5879372e-9), (0.9999999, 8.3819046e-8, 0, 5.5879372e-9), (0.9999999, 8.3819046e-8, 0, 5.5879372e-9), (0.4920511, -0.50778896, -0.49208665, -0.50782573), (-0.11632268, -0.019471688, 0.004234701, 0.9930116), (0.9851821, -0.07000072, 0.012372176, 0.15608734), (-0.0039827856, 0.9986294, 0.04912379, 0.017624704), (0.0031790729, 0.5166122, 0.8562114, 0.0019631889), (0.9999952, 0.0000057891043, -0.00007570816, 0.0031541698), (0.9999993, 1.678127e-7, -0.0000013466926, -0.0011721055), (0.52541256, -0.5168092, 0.49765015, 0.45737776), (0.99999917, 3.236055e-7, 5.1781535e-7, -0.001461773), (0.9999807, -0.006220539, 7.804483e-7, 8.614734e-9), (0.99992293, -0.012440836, 0.0000020619482, 2.3515895e-8), (0.9998226, -0.018849267, 0.0000024084002, -1.2805685e-8), (1, 1.4761463e-7, 5.662441e-7, -6.053597e-8), (1.0000001, 1.7345883e-8, 0.0000015441328, -1.8626451e-9), (1.0000001, 5.8533624e-7, 0.0000013178214, -2.6309863e-8), (0.9300683, -0.0049099093, -0.014666531, -0.36706135), (0.8035649, -0.009455831, 0.01651793, 0.59491295), (0.05810666, 0.997207, 0.04466811, 0.014380178), (0.000337765, 0.701054, 0.7131082, 0.00040198787), (0.9999931, -0.0000059276354, 0.0000082962215, 0.003743603), (0.9999992, 2.2235326e-7, -0.000001257984, -0.0011720122), (0.5167999, 0.52540743, 0.45738876, -0.49765497), (0.9999993, 4.065805e-7, 5.6484714e-7, -0.001461712), (0.9999811, -0.006220566, -1.7229468e-8, 7.869676e-8), (0.9999231, -0.0124408025, -2.8405339e-8, 1.8044375e-7), (0.99982285, -0.018849125, -5.9604645e-8, 1.5110709e-7), (1.0000002, 1.5304249e-7, -8.6613e-8, -3.934838e-8), (1.0000002, 0, 0, 0), (1.0000002, 5.843467e-7, 2.7939677e-9, 9.313226e-10), (0.4999841, -0.50000846, -0.5000171, -0.4999906), (0.4999841, -0.50000846, -0.5000171, -0.4999906), (0.4999841, -0.50000846, -0.5000171, -0.4999906), (0.4999841, -0.50000846, -0.5000171, -0.4999906)],
                18: [(1, 0.000023688663, -0.000014016625, 0.00003493963), (0.47643906, 0.52276075, 0.4392199, 0.5539068), (0.99970216, -0.008735999, -0.014627486, 0.017474271), (0.99922645, -0.036132224, -0.00322822, 0.01518372), (0.99932116, -0.03619493, 0.00039144614, 0.006848169), (0.9974683, -0.06740811, 0.015322675, 0.016683638), (0.7351353, 0.07210045, -0.67196816, -0.053257395), (0.8583755, 0.032296278, -0.47379318, 0.19408323), (0.61581, -0.19982965, 0.07006551, 0.758905), (1, 1.4901165e-8, -8.19564e-8, 1.1175873e-8), (1, 1.4901165e-8, -8.19564e-8, 1.1175873e-8), (1, 1.4901165e-8, -8.19564e-8, 1.1175873e-8), (1, 1.4901165e-8, -8.19564e-8, 1.1175873e-8), (0.59327674, 0.77762234, 0.10469531, -0.17990236), (0.99675626, 0.020351466, 0.0508479, -0.058966737), (0.82997876, 0.008466537, 0.029737126, 0.55693734), (0.78870213, -0.021733522, -0.018921992, 0.61409974), (-0.6888817, -0.024315415, 0.056952655, -0.72222364), (0.9993075, -0.020572517, 0.016465377, -0.026267378), (0.8552922, -0.01818562, -0.013138282, 0.51766), (0.72040874, 0.027587732, -0.036622204, 0.6920326), (-0.8214688, -0.025513874, 0.050388616, -0.56744957), (1, -0.000011153521, 0.0000014603141, 0.0000023320322), (0.99730885, 0.008166427, -0.052240606, 0.0507839), (0.8992203, -0.061449744, 0.15599415, 0.4040946), (-0.6986, 0.011841561, -0.12708174, -0.7040368), (0.7399629, 0.034834996, 0.16032466, 0.6523321), (0.98918307, -0.13966152, -0.03880325, 0.02248956), (0.8755386, 0.09410639, 0.035091057, 0.47259358), (-0.69654524, 0.007636532, -0.060600083, -0.7149084), (0.7416309, -0.0008258075, 0.06612633, 0.66754055), (0.8093418, 0.38565648, 0.4417467, -0.03308578), (0.9804003, 0.0929182, -0.077723324, 0.15537235), (0.95006955, 0.07303035, 0.013563202, 0.3030684), (0.9518503, -0.004600593, 0.0044735605, 0.3064959), (-0.022525243, -0.996212, 0.003393362, -0.08391935), (1, -5.960466e-8, -1.4901165e-8, 0), (1, -5.960466e-8, -1.4901165e-8, 0), (1, -5.960466e-8, -1.4901165e-8, 0), (0.9857086, 0.15031347, 0.010317773, 0.07535196), (0.999998, 0.00053888606, -0.0017587431, 0.00080218166), (0.9999646, 0.0005345461, -0.008207288, -0.0017869435), (0.99578094, 0.0026405132, -0.03293994, -0.08560541), (0.51130694, -0.48755786, -0.47603887, -0.5236788), (0.47614536, -0.52276754, -0.51150286, -0.4882265), (1.000001, -5.5879354e-9, -7.450581e-9, -4.656613e-10), (0.51150334, -0.48822576, -0.4761448, -0.522768), (1.0000005, 9.313226e-9, -7.3341653e-9, 4.656613e-10), (0.49712208, -0.5028316, -0.4971519, -0.502862), (0.0541315, 0.72157955, 0.13895638, 0.67607963), (0.9223759, 0.030323895, -0.3812206, -0.054533362), (0.6267821, 0.08374908, -0.25734848, 0.7306859), (0.99999976, 8.9407e-8, -1.1175875e-7, 1.4901167e-8), (0.99999976, 8.9407e-8, -1.1175875e-7, 1.4901167e-8), (0.99999976, 8.9407e-8, -1.1175875e-7, 1.4901167e-8), (0.99999976, 8.9407e-8, -1.1175875e-7, 1.4901167e-8), (0.6397276, 0.7614836, -0.042114314, -0.095485516), (0.9968214, 0.017570715, 0.05075926, -0.058835816), (0.79458547, -0.10645338, 0.093119875, 0.59044915), (0.7911382, -0.02172791, -0.017776478, 0.6109927), (-0.6905634, -0.042615294, 0.07367151, -0.7182469), (0.9993587, -0.018939767, 0.016002182, -0.025830438), (0.8233333, -0.12329162, 0.06564714, 0.5501016), (0.72307307, 0.027753904, -0.03540371, 0.68930507), (-0.82218087, -0.022935381, 0.04997009, -0.5665643), (0.99999976, 0.000011473897, 5.2154075e-8, -8.940699e-8), (0.9863244, -0.11527653, -0.098535284, 0.06454433), (0.8904893, 0.012508149, 0.22231942, 0.39679497), (-0.69968724, 0.013718795, -0.12629467, -0.70306396), (0.7380548, 0.03531101, 0.15999049, 0.6545462), (0.9896255, -0.13647631, -0.03894971, 0.022325499), (0.8765268, 0.04954774, 0.088153906, 0.470611), (-0.6974547, 0.009790983, -0.06029901, -0.7140204), (0.7470249, -0.037538428, 0.096808575, 0.6566374), (0.8102086, 0.35981786, 0.45837167, -0.06315506), (0.9844989, 0.0850945, -0.067404985, 0.1377582), (0.9612283, 0.12643696, 0.034581143, 0.24260665), (0.9623634, -0.012170482, 0.0050236443, 0.2714464), (0.9961818, -0.022520397, -0.08427443, -0.0034575395), (0.99999976, 8.195642e-8, -2.9802337e-8, 2.235175e-8), (0.99999976, 8.195642e-8, -2.9802337e-8, 2.235175e-8), (0.99999976, 8.195642e-8, -2.9802337e-8, 2.235175e-8), (0.49205106, -0.5077889, -0.4920866, -0.5078258), (-0.16432512, -0.01978591, 0.006066472, 0.9861891), (0.9898993, -0.08523652, 0.0114984065, 0.11270349), (0.013914999, 0.95824444, 0.28511173, 0.01689443), (0.0023261309, 0.41905516, 0.9079437, 0.005066268), (0.9999946, -0.000022552442, 0.000015310943, 0.003286602), (0.9999994, 1.5739352e-7, -0.0000013336539, -0.0011720937), (0.52541256, -0.5168092, 0.49765012, 0.45737776), (0.9999991, 2.924353e-7, 5.662441e-7, -0.0014617844), (0.99998087, -0.0062205484, 7.8976154e-7, 9.313226e-10), (0.999923, -0.012440838, 0.000002078712, 3.4458935e-8), (0.9998227, -0.018849222, 0.0000024065375, 4.004687e-8), (1, 1.2619421e-7, 5.5879354e-7, -4.5634806e-8), (1, 5.7742e-8, 0.0000015124679, -7.450581e-9), (1, 5.871989e-7, 0.0000013373792, -1.21071935e-8), (0.93139005, -0.0061318506, -0.004769137, -0.36393976), (0.8560978, -0.00004169508, 0.008066757, 0.5167508), (0.060655743, 0.9963843, -0.051326185, 0.030078987), (-0.00008580835, 0.70692354, 0.7072898, -0.000022992497), (0.99999285, -0.000005559997, 0.0000066906227, 0.0037702052), (0.9999991, 2.3562468e-7, -0.0000012479726, -0.0011719916), (0.5167999, 0.52540743, 0.45738873, -0.49765489), (0.99999905, 3.874593e-7, 6.2584877e-7, -0.0014617108), (0.99998087, -0.006220579, -1.1175871e-8, 1.15484e-7), (0.9999229, -0.01244083, -1.4901161e-8, 1.5925616e-7), (0.9998226, -0.018849095, -1.0058284e-7, 1.611188e-7), (0.99999994, 1.4714897e-7, -8.195639e-8, -3.7252903e-8), (1, 0, 0, 0), (0.99999994, 6.0885213e-7, 0, -2.2351742e-8), (0.49998406, -0.5000084, -0.5000171, -0.49999055), (0.49998406, -0.5000084, -0.5000171, -0.49999055), (0.49998406, -0.5000084, -0.5000171, -0.49999055), (0.49998406, -0.5000084, -0.5000171, -0.49999055)],
            }
            half3[] scales.timeSamples = {
                0: [(1, 1, 1), (1, 1, 1), (1, 1, 1), (1, 1, 1), (1, 1, 1), (1, 1, 1), (1, 1, 1), (1, 1, 1), (1, 1, 1), (1, 1, 1), (1, 1, 1), (1, 1, 1), (1, 1, 1), (1, 1, 1), (1, 1, 1), (1, 1, 1), (1, 1, 1), (1, 1, 1), (1, 1, 1), (1, 1, 1), (1, 1, 1), (1, 1, 1), (1, 1, 1), (1, 1, 1), (1, 1, 1), (1, 1, 1), (1, 1, 1), (1, 1, 1), (1, 1, 1), (1, 1, 1), (1, 1, 1), (1, 1, 1), (1, 1, 1), (1, 1, 1), (1, 1, 1), (1, 1, 1), (1, 1, 1), (1, 1, 1), (1, 1, 1), (1, 1, 1), (1, 1, 1), (1, 1, 1), (1, 1, 1), (1, 1, 1), (1, 1, 1), (1, 1, 1), (1, 1, 1), (1, 1, 1), (1, 1, 1), (1, 1, 1), (1, 1, 1), (1, 1, 1), (1, 1, 1), (1, 1, 1), (1, 1, 1), (1, 1, 1), (1, 1, 1), (1, 1, 1), (1, 1, 1), (1, 1, 1), (1, 1, 1), (1, 1, 1), (1, 1, 1), (1, 1, 1), (1, 1, 1), (1, 1, 1), (1, 1, 1), (1, 1, 1), (1, 1, 1), (1, 1, 1), (1, 1, 1), (1, 1, 1), (1, 1, 1), (1, 1, 1), (1, 1, 1), (1, 1, 1), (1, 1, 1), (1, 1, 1), (1, 1, 1), (1, 1, 1), (1, 1, 1), (1, 1, 1), (1, 1, 1), (1, 1, 1), (1, 1, 1), (1, 1, 1), (1, 1, 1), (1, 1, 1), (1, 1, 1), (1, 1, 1), (1, 1, 1), (1, 1, 1), (1, 1, 1), (1, 1, 1), (1, 1, 1), (1, 1, 1), (1, 1, 1), (1, 1, 1), (1, 1, 1), (1, 1, 1), (1, 1, 1), (1, 1, 1), (1, 1, 1), (1, 1, 1), (1, 1, 1), (1, 1, 1), (1, 1, 1), (1, 1, 1), (1, 1, 1), (1, 1, 1), (1, 1, 1), (1, 1, 1), (1, 1, 1), (1, 1, 1), (1, 1, 1)],
                1: [(1, 1, 1), (1, 1, 1), (1, 1, 1), (1, 1, 1), (1, 1, 1), (1, 1, 1), (1, 1, 1), (1, 1, 1), (1, 1, 1), (1, 1, 1), (1, 1, 1), (1, 1, 1), (1, 1, 1), (1, 1, 1), (1, 1, 1), (1, 1, 1), (1, 1, 1), (1, 1, 1), (1, 1, 1), (1, 1, 1), (1, 1, 1), (1, 1, 1), (1, 1, 1), (1, 1, 1), (1, 1, 1), (1, 1, 1), (1, 1, 1), (1, 1, 1), (1, 1, 1), (1, 1, 1), (1, 1, 1), (1, 1, 1), (1, 1, 1), (1, 1, 1), (1, 1, 1), (1, 1, 1), (1, 1, 1), (1, 1, 1), (1, 1, 1), (1, 1, 1), (1, 1, 1), (1, 1, 1), (1, 1, 1), (1, 1, 1), (1, 1, 1), (1, 1, 1), (1, 1, 1), (1, 1, 1), (1, 1, 1), (1, 1, 1), (1, 1, 1), (1, 1, 1), (1, 1, 1), (1, 1, 1), (1, 1, 1), (1, 1, 1), (1, 1, 1), (1, 1, 1), (1, 1, 1), (1, 1, 1), (1, 1, 1), (1, 1, 1), (1, 1, 1), (1, 1, 1), (1, 1, 1), (1, 1, 1), (1, 1, 1), (1, 1, 1), (1, 1, 1), (1, 1, 1), (1, 1, 1), (1, 1, 1), (1, 1, 1), (1, 1, 1), (1, 1, 1), (1, 1, 1), (1, 1, 1), (1, 1, 1), (1, 1, 1), (1, 1, 1), (1, 1, 1), (1, 1, 1), (1, 1, 1), (1, 1, 1), (1, 1, 1), (1, 1, 1), (1, 1, 1), (1, 1, 1), (1, 1, 1), (1, 1, 1), (1, 1, 1), (1, 1, 1), (1, 1, 1), (1, 1, 1), (1, 1, 1), (1, 1, 1), (1, 1, 1), (1, 1, 1), (1, 1, 1), (1, 1, 1), (1, 1, 1), (1, 1, 1), (1, 1, 1), (1, 1, 1), (1, 1, 1), (1, 1, 1), (1, 1, 1), (1, 1, 1), (1, 1, 1), (1, 1, 1), (1, 1, 1), (1, 1, 1), (1, 1, 1), (1, 1, 1), (1, 1, 1)],
                2: [(1, 1, 1), (1, 1, 1), (1, 1, 1), (1, 1, 1), (1, 1, 1), (1, 1, 1), (1, 1, 1), (1, 1, 1), (1, 1, 1), (1, 1, 1), (1, 1, 1), (1, 1, 1), (1, 1, 1), (1, 1, 1), (1, 1, 1), (1, 1, 1), (1, 1, 1), (1, 1, 1), (1, 1, 1), (1, 1, 1), (1, 1, 1), (1, 1, 1), (1, 1, 1), (1, 1, 1), (1, 1, 1), (1, 1, 1), (1, 1, 1), (1, 1, 1), (1, 1, 1), (1, 1, 1), (1, 1, 1), (1, 1, 1), (1, 1, 1), (1, 1, 1), (1, 1, 1), (1, 1, 1), (1, 1, 1), (1, 1, 1), (1, 1, 1), (1, 1, 1), (1, 1, 1), (1, 1, 1), (1, 1, 1), (1, 1, 1), (1, 1, 1), (1, 1, 1), (1, 1, 1), (1, 1, 1), (1, 1, 1), (1, 1, 1), (1, 1, 1), (1, 1, 1), (1, 1, 1), (1, 1, 1), (1, 1, 1), (1, 1, 1), (1, 1, 1), (1, 1, 1), (1, 1, 1), (1, 1, 1), (1, 1, 1), (1, 1, 1), (1, 1, 1), (1, 1, 1), (1, 1, 1), (1, 1, 1), (1, 1, 1), (1, 1, 1), (1, 1, 1), (1, 1, 1), (1, 1, 1), (1, 1, 1), (1, 1, 1), (1, 1, 1), (1, 1, 1), (1, 1, 1), (1, 1, 1), (1, 1, 1), (1, 1, 1), (1, 1, 1), (1, 1, 1), (1, 1, 1), (1, 1, 1), (1, 1, 1), (1, 1, 1), (1, 1, 1), (1, 1, 1), (1, 1, 1), (1, 1, 1), (1, 1, 1), (1, 1, 1), (1, 1, 1), (1, 1, 1), (1, 1, 1), (1, 1, 1), (1, 1, 1), (1, 1, 1), (1, 1, 1), (1, 1, 1), (1, 1, 1), (1, 1, 1), (1, 1, 1), (1, 1, 1), (1, 1, 1), (1, 1, 1), (1, 1, 1), (1, 1, 1), (1, 1, 1), (1, 1, 1), (1, 1, 1), (1, 1, 1), (1, 1, 1), (1, 1, 1), (1, 1, 1), (1, 1, 1)],
                3: [(1, 1, 1), (1, 1, 1), (1, 1, 1), (1, 1, 1), (1, 1, 1), (1, 1, 1), (1, 1, 1), (1, 1, 1), (1, 1, 1), (1, 1, 1), (1, 1, 1), (1, 1, 1), (1, 1, 1), (1, 1, 1), (1, 1, 1), (1, 1, 1), (1, 1, 1), (1, 1, 1), (1, 1, 1), (1, 1, 1), (1, 1, 1), (1, 1, 1), (1, 1, 1), (1, 1, 1), (1, 1, 1), (1, 1, 1), (1, 1, 1), (1, 1, 1), (1, 1, 1), (1, 1, 1), (1, 1, 1), (1, 1, 1), (1, 1, 1), (1, 1, 1), (1, 1, 1), (1, 1, 1), (1, 1, 1), (1, 1, 1), (1, 1, 1), (1, 1, 1), (1, 1, 1), (1, 1, 1), (1, 1, 1), (1, 1, 1), (1, 1, 1), (1, 1, 1), (1, 1, 1), (1, 1, 1), (1, 1, 1), (1, 1, 1), (1, 1, 1), (1, 1, 1), (1, 1, 1), (1, 1, 1), (1, 1, 1), (1, 1, 1), (1, 1, 1), (1, 1, 1), (1, 1, 1), (1, 1, 1), (1, 1, 1), (1, 1, 1), (1, 1, 1), (1, 1, 1), (1, 1, 1), (1, 1, 1), (1, 1, 1), (1, 1, 1), (1, 1, 1), (1, 1, 1), (1, 1, 1), (1, 1, 1), (1, 1, 1), (1, 1, 1), (1, 1, 1), (1, 1, 1), (1, 1, 1), (1, 1, 1), (1, 1, 1), (1, 1, 1), (1, 1, 1), (1, 1, 1), (1, 1, 1), (1, 1, 1), (1, 1, 1), (1, 1, 1), (1, 1, 1), (1, 1, 1), (1, 1, 1), (1, 1, 1), (1, 1, 1), (1, 1, 1), (1, 1, 1), (1, 1, 1), (1, 1, 1), (1, 1, 1), (1, 1, 1), (1, 1, 1), (1, 1, 1), (1, 1, 1), (1, 1, 1), (1, 1, 1), (1, 1, 1), (1, 1, 1), (1, 1, 1), (1, 1, 1), (1, 1, 1), (1, 1, 1), (1, 1, 1), (1, 1, 1), (1, 1, 1), (1, 1, 1), (1, 1, 1), (1, 1, 1), (1, 1, 1)],
                4: [(1, 1, 1), (1, 1, 1), (1, 1, 1), (1, 1, 1), (1, 1, 1), (1, 1, 1), (1, 1, 1), (1, 1, 1), (1, 1, 1), (1, 1, 1), (1, 1, 1), (1, 1, 1), (1, 1, 1), (1, 1, 1), (1, 1, 1), (1, 1, 1), (1, 1, 1), (1, 1, 1), (1, 1, 1), (1, 1, 1), (1, 1, 1), (1, 1, 1), (1, 1, 1), (1, 1, 1), (1, 1, 1), (1, 1, 1), (1, 1, 1), (1, 1, 1), (1, 1, 1), (1, 1, 1), (1, 1, 1), (1, 1, 1), (1, 1, 1), (1, 1, 1), (1, 1, 1), (1, 1, 1), (1, 1, 1), (1, 1, 1), (1, 1, 1), (1, 1, 1), (1, 1, 1), (1, 1, 1), (1, 1, 1), (1, 1, 1), (1, 1, 1), (1, 1, 1), (1, 1, 1), (1, 1, 1), (1, 1, 1), (1, 1, 1), (1, 1, 1), (1, 1, 1), (1, 1, 1), (1, 1, 1), (1, 1, 1), (1, 1, 1), (1, 1, 1), (1, 1, 1), (1, 1, 1), (1, 1, 1), (1, 1, 1), (1, 1, 1), (1, 1, 1), (1, 1, 1), (1, 1, 1), (1, 1, 1), (1, 1, 1), (1, 1, 1), (1, 1, 1), (1, 1, 1), (1, 1, 1), (1, 1, 1), (1, 1, 1), (1, 1, 1), (1, 1, 1), (1, 1, 1), (1, 1, 1), (1, 1, 1), (1, 1, 1), (1, 1, 1), (1, 1, 1), (1, 1, 1), (1, 1, 1), (1, 1, 1), (1, 1, 1), (1, 1, 1), (1, 1, 1), (1, 1, 1), (1, 1, 1), (1, 1, 1), (1, 1, 1), (1, 1, 1), (1, 1, 1), (1, 1, 1), (1, 1, 1), (1, 1, 1), (1, 1, 1), (1, 1, 1), (1, 1, 1), (1, 1, 1), (1, 1, 1), (1, 1, 1), (1, 1, 1), (1, 1, 1), (1, 1, 1), (1, 1, 1), (1, 1, 1), (1, 1, 1), (1, 1, 1), (1, 1, 1), (1, 1, 1), (1, 1, 1), (1, 1, 1), (1, 1, 1), (1, 1, 1)],
                5: [(1, 1, 1), (1, 1, 1), (1, 1, 1), (1, 1, 1), (1, 1, 1), (1, 1, 1), (1, 1, 1), (1, 1, 1), (1, 1, 1), (1, 1, 1), (1, 1, 1), (1, 1, 1), (1, 1, 1), (1, 1, 1), (1, 1, 1), (1, 1, 1), (1, 1, 1), (1, 1, 1), (1, 1, 1), (1, 1, 1), (1, 1, 1), (1, 1, 1), (1, 1, 1), (1, 1, 1), (1, 1, 1), (1, 1, 1), (1, 1, 1), (1, 1, 1), (1, 1, 1), (1, 1, 1), (1, 1, 1), (1, 1, 1), (1, 1, 1), (1, 1, 1), (1, 1, 1), (1, 1, 1), (1, 1, 1), (1, 1, 1), (1, 1, 1), (1, 1, 1), (1, 1, 1), (1, 1, 1), (1, 1, 1), (1, 1, 1), (1, 1, 1), (1, 1, 1), (1, 1, 1), (1, 1, 1), (1, 1, 1), (1, 1, 1), (1, 1, 1), (1, 1, 1), (1, 1, 1), (1, 1, 1), (1, 1, 1), (1, 1, 1), (1, 1, 1), (1, 1, 1), (1, 1, 1), (1, 1, 1), (1, 1, 1), (1, 1, 1), (1, 1, 1), (1, 1, 1), (1, 1, 1), (1, 1, 1), (1, 1, 1), (1, 1, 1), (1, 1, 1), (1, 1, 1), (1, 1, 1), (1, 1, 1), (1, 1, 1), (1, 1, 1), (1, 1, 1), (1, 1, 1), (1, 1, 1), (1, 1, 1), (1, 1, 1), (1, 1, 1), (1, 1, 1), (1, 1, 1), (1, 1, 1), (1, 1, 1), (1, 1, 1), (1, 1, 1), (1, 1, 1), (1, 1, 1), (1, 1, 1), (1, 1, 1), (1, 1, 1), (1, 1, 1), (1, 1, 1), (1, 1, 1), (1, 1, 1), (1, 1, 1), (1, 1, 1), (1, 1, 1), (1, 1, 1), (1, 1, 1), (1, 1, 1), (1, 1, 1), (1, 1, 1), (1, 1, 1), (1, 1, 1), (1, 1, 1), (1, 1, 1), (1, 1, 1), (1, 1, 1), (1, 1, 1), (1, 1, 1), (1, 1, 1), (1, 1, 1), (1, 1, 1), (1, 1, 1)],
                6: [(1, 1, 1), (1, 1, 1), (1, 1, 1), (1, 1, 1), (1, 1, 1), (1, 1, 1), (1, 1, 1), (1, 1, 1), (1, 1, 1), (1, 1, 1), (1, 1, 1), (1, 1, 1), (1, 1, 1), (1, 1, 1), (1, 1, 1), (1, 1, 1), (1, 1, 1), (1, 1, 1), (1, 1, 1), (1, 1, 1), (1, 1, 1), (1, 1, 1), (1, 1, 1), (1, 1, 1), (1, 1, 1), (1, 1, 1), (1, 1, 1), (1, 1, 1), (1, 1, 1), (1, 1, 1), (1, 1, 1), (1, 1, 1), (1, 1, 1), (1, 1, 1), (1, 1, 1), (1, 1, 1), (1, 1, 1), (1, 1, 1), (1, 1, 1), (1, 1, 1), (1, 1, 1), (1, 1, 1), (1, 1, 1), (1, 1, 1), (1, 1, 1), (1, 1, 1), (1, 1, 1), (1, 1, 1), (1, 1, 1), (1, 1, 1), (1, 1, 1), (1, 1, 1), (1, 1, 1), (1, 1, 1), (1, 1, 1), (1, 1, 1), (1, 1, 1), (1, 1, 1), (1, 1, 1), (1, 1, 1), (1, 1, 1), (1, 1, 1), (1, 1, 1), (1, 1, 1), (1, 1, 1), (1, 1, 1), (1, 1, 1), (1, 1, 1), (1, 1, 1), (1, 1, 1), (1, 1, 1), (1, 1, 1), (1, 1, 1), (1, 1, 1), (1, 1, 1), (1, 1, 1), (1, 1, 1), (1, 1, 1), (1, 1, 1), (1, 1, 1), (1, 1, 1), (1, 1, 1), (1, 1, 1), (1, 1, 1), (1, 1, 1), (1, 1, 1), (1, 1, 1), (1, 1, 1), (1, 1, 1), (1, 1, 1), (1, 1, 1), (1, 1, 1), (1, 1, 1), (1, 1, 1), (1, 1, 1), (1, 1, 1), (1, 1, 1), (1, 1, 1), (1, 1, 1), (1, 1, 1), (1, 1, 1), (1, 1, 1), (1, 1, 1), (1, 1, 1), (1, 1, 1), (1, 1, 1), (1, 1, 1), (1, 1, 1), (1, 1, 1), (1, 1, 1), (1, 1, 1), (1, 1, 1), (1, 1, 1), (1, 1, 1), (1, 1, 1)],
                7: [(1, 1, 1), (1, 1, 1), (1, 1, 1), (1, 1, 1), (1, 1, 1), (1, 1, 1), (1, 1, 1), (1, 1, 1), (1, 1, 1), (1, 1, 1), (1, 1, 1), (1, 1, 1), (1, 1, 1), (1, 1, 1), (1, 1, 1), (1, 1, 1), (1, 1, 1), (1, 1, 1), (1, 1, 1), (1, 1, 1), (1, 1, 1), (1, 1, 1), (1, 1, 1), (1, 1, 1), (1, 1, 1), (1, 1, 1), (1, 1, 1), (1, 1, 1), (1, 1, 1), (1, 1, 1), (1, 1, 1), (1, 1, 1), (1, 1, 1), (1, 1, 1), (1, 1, 1), (1, 1, 1), (1, 1, 1), (1, 1, 1), (1, 1, 1), (1, 1, 1), (1, 1, 1), (1, 1, 1), (1, 1, 1), (1, 1, 1), (1, 1, 1), (1, 1, 1), (1, 1, 1), (1, 1, 1), (1, 1, 1), (1, 1, 1), (1, 1, 1), (1, 1, 1), (1, 1, 1), (1, 1, 1), (1, 1, 1), (1, 1, 1), (1, 1, 1), (1, 1, 1), (1, 1, 1), (1, 1, 1), (1, 1, 1), (1, 1, 1), (1, 1, 1), (1, 1, 1), (1, 1, 1), (1, 1, 1), (1, 1, 1), (1, 1, 1), (1, 1, 1), (1, 1, 1), (1, 1, 1), (1, 1, 1), (1, 1, 1), (1, 1, 1), (1, 1, 1), (1, 1, 1), (1, 1, 1), (1, 1, 1), (1, 1, 1), (1, 1, 1), (1, 1, 1), (1, 1, 1), (1, 1, 1), (1, 1, 1), (1, 1, 1), (1, 1, 1), (1, 1, 1), (1, 1, 1), (1, 1, 1), (1, 1, 1), (1, 1, 1), (1, 1, 1), (1, 1, 1), (1, 1, 1), (1, 1, 1), (1, 1, 1), (1, 1, 1), (1, 1, 1), (1, 1, 1), (1, 1, 1), (1, 1, 1), (1, 1, 1), (1, 1, 1), (1, 1, 1), (1, 1, 1), (1, 1, 1), (1, 1, 1), (1, 1, 1), (1, 1, 1), (1, 1, 1), (1, 1, 1), (1, 1, 1), (1, 1, 1), (1, 1, 1), (1, 1, 1)],
                8: [(1, 1, 1), (1, 1, 1), (1, 1, 1), (1, 1, 1), (1, 1, 1), (1, 1, 1), (1, 1, 1), (1, 1, 1), (1, 1, 1), (1, 1, 1), (1, 1, 1), (1, 1, 1), (1, 1, 1), (1, 1, 1), (1, 1, 1), (1, 1, 1), (1, 1, 1), (1, 1, 1), (1, 1, 1), (1, 1, 1), (1, 1, 1), (1, 1, 1), (1, 1, 1), (1, 1, 1), (1, 1, 1), (1, 1, 1), (1, 1, 1), (1, 1, 1), (1, 1, 1), (1, 1, 1), (1, 1, 1), (1, 1, 1), (1, 1, 1), (1, 1, 1), (1, 1, 1), (1, 1, 1), (1, 1, 1), (1, 1, 1), (1, 1, 1), (1, 1, 1), (1, 1, 1), (1, 1, 1), (1, 1, 1), (1, 1, 1), (1, 1, 1), (1, 1, 1), (1, 1, 1), (1, 1, 1), (1, 1, 1), (1, 1, 1), (1, 1, 1), (1, 1, 1), (1, 1, 1), (1, 1, 1), (1, 1, 1), (1, 1, 1), (1, 1, 1), (1, 1, 1), (1, 1, 1), (1, 1, 1), (1, 1, 1), (1, 1, 1), (1, 1, 1), (1, 1, 1), (1, 1, 1), (1, 1, 1), (1, 1, 1), (1, 1, 1), (1, 1, 1), (1, 1, 1), (1, 1, 1), (1, 1, 1), (1, 1, 1), (1, 1, 1), (1, 1, 1), (1, 1, 1), (1, 1, 1), (1, 1, 1), (1, 1, 1), (1, 1, 1), (1, 1, 1), (1, 1, 1), (1, 1, 1), (1, 1, 1), (1, 1, 1), (1, 1, 1), (1, 1, 1), (1, 1, 1), (1, 1, 1), (1, 1, 1), (1, 1, 1), (1, 1, 1), (1, 1, 1), (1, 1, 1), (1, 1, 1), (1, 1, 1), (1, 1, 1), (1, 1, 1), (1, 1, 1), (1, 1, 1), (1, 1, 1), (1, 1, 1), (1, 1, 1), (1, 1, 1), (1, 1, 1), (1, 1, 1), (1, 1, 1), (1, 1, 1), (1, 1, 1), (1, 1, 1), (1, 1, 1), (1, 1, 1), (1, 1, 1), (1, 1, 1), (1, 1, 1)],
                9: [(1, 1, 1), (1, 1, 1), (1, 1, 1), (1, 1, 1), (1, 1, 1), (1, 1, 1), (1, 1, 1), (1, 1, 1), (1, 1, 1), (1, 1, 1), (1, 1, 1), (1, 1, 1), (1, 1, 1), (1, 1, 1), (1, 1, 1), (1, 1, 1), (1, 1, 1), (1, 1, 1), (1, 1, 1), (1, 1, 1), (1, 1, 1), (1, 1, 1), (1, 1, 1), (1, 1, 1), (1, 1, 1), (1, 1, 1), (1, 1, 1), (1, 1, 1), (1, 1, 1), (1, 1, 1), (1, 1, 1), (1, 1, 1), (1, 1, 1), (1, 1, 1), (1, 1, 1), (1, 1, 1), (1, 1, 1), (1, 1, 1), (1, 1, 1), (1, 1, 1), (1, 1, 1), (1, 1, 1), (1, 1, 1), (1, 1, 1), (1, 1, 1), (1, 1, 1), (1, 1, 1), (1, 1, 1), (1, 1, 1), (1, 1, 1), (1, 1, 1), (1, 1, 1), (1, 1, 1), (1, 1, 1), (1, 1, 1), (1, 1, 1), (1, 1, 1), (1, 1, 1), (1, 1, 1), (1, 1, 1), (1, 1, 1), (1, 1, 1), (1, 1, 1), (1, 1, 1), (1, 1, 1), (1, 1, 1), (1, 1, 1), (1, 1, 1), (1, 1, 1), (1, 1, 1), (1, 1, 1), (1, 1, 1), (1, 1, 1), (1, 1, 1), (1, 1, 1), (1, 1, 1), (1, 1, 1), (1, 1, 1), (1, 1, 1), (1, 1, 1), (1, 1, 1), (1, 1, 1), (1, 1, 1), (1, 1, 1), (1, 1, 1), (1, 1, 1), (1, 1, 1), (1, 1, 1), (1, 1, 1), (1, 1, 1), (1, 1, 1), (1, 1, 1), (1, 1, 1), (1, 1, 1), (1, 1, 1), (1, 1, 1), (1, 1, 1), (1, 1, 1), (1, 1, 1), (1, 1, 1), (1, 1, 1), (1, 1, 1), (1, 1, 1), (1, 1, 1), (1, 1, 1), (1, 1, 1), (1, 1, 1), (1, 1, 1), (1, 1, 1), (1, 1, 1), (1, 1, 1), (1, 1, 1), (1, 1, 1), (1, 1, 1), (1, 1, 1)],
                10: [(1, 1, 1), (1, 1, 1), (1, 1, 1), (1, 1, 1), (1, 1, 1), (1, 1, 1), (1, 1, 1), (1, 1, 1), (1, 1, 1), (1, 1, 1), (1, 1, 1), (1, 1, 1), (1, 1, 1), (1, 1, 1), (1, 1, 1), (1, 1, 1), (1, 1, 1), (1, 1, 1), (1, 1, 1), (1, 1, 1), (1, 1, 1), (1, 1, 1), (1, 1, 1), (1, 1, 1), (1, 1, 1), (1, 1, 1), (1, 1, 1), (1, 1, 1), (1, 1, 1), (1, 1, 1), (1, 1, 1), (1, 1, 1), (1, 1, 1), (1, 1, 1), (1, 1, 1), (1, 1, 1), (1, 1, 1), (1, 1, 1), (1, 1, 1), (1, 1, 1), (1, 1, 1), (1, 1, 1), (1, 1, 1), (1, 1, 1), (1, 1, 1), (1, 1, 1), (1, 1, 1), (1, 1, 1), (1, 1, 1), (1, 1, 1), (1, 1, 1), (1, 1, 1), (1, 1, 1), (1, 1, 1), (1, 1, 1), (1, 1, 1), (1, 1, 1), (1, 1, 1), (1, 1, 1), (1, 1, 1), (1, 1, 1), (1, 1, 1), (1, 1, 1), (1, 1, 1), (1, 1, 1), (1, 1, 1), (1, 1, 1), (1, 1, 1), (1, 1, 1), (1, 1, 1), (1, 1, 1), (1, 1, 1), (1, 1, 1), (1, 1, 1), (1, 1, 1), (1, 1, 1), (1, 1, 1), (1, 1, 1), (1, 1, 1), (1, 1, 1), (1, 1, 1), (1, 1, 1), (1, 1, 1), (1, 1, 1), (1, 1, 1), (1, 1, 1), (1, 1, 1), (1, 1, 1), (1, 1, 1), (1, 1, 1), (1, 1, 1), (1, 1, 1), (1, 1, 1), (1, 1, 1), (1, 1, 1), (1, 1, 1), (1, 1, 1), (1, 1, 1), (1, 1, 1), (1, 1, 1), (1, 1, 1), (1, 1, 1), (1, 1, 1), (1, 1, 1), (1, 1, 1), (1, 1, 1), (1, 1, 1), (1, 1, 1), (1, 1, 1), (1, 1, 1), (1, 1, 1), (1, 1, 1), (1, 1, 1), (1, 1, 1), (1, 1, 1)],
                11: [(1, 1, 1), (1, 1, 1), (1, 1, 1), (1, 1, 1), (1, 1, 1), (1, 1, 1), (1, 1, 1), (1, 1, 1), (1, 1, 1), (1, 1, 1), (1, 1, 1), (1, 1, 1), (1, 1, 1), (1, 1, 1), (1, 1, 1), (1, 1, 1), (1, 1, 1), (1, 1, 1), (1, 1, 1), (1, 1, 1), (1, 1, 1), (1, 1, 1), (1, 1, 1), (1, 1, 1), (1, 1, 1), (1, 1, 1), (1, 1, 1), (1, 1, 1), (1, 1, 1), (1, 1, 1), (1, 1, 1), (1, 1, 1), (1, 1, 1), (1, 1, 1), (1, 1, 1), (1, 1, 1), (1, 1, 1), (1, 1, 1), (1, 1, 1), (1, 1, 1), (1, 1, 1), (1, 1, 1), (1, 1, 1), (1, 1, 1), (1, 1, 1), (1, 1, 1), (1, 1, 1), (1, 1, 1), (1, 1, 1), (1, 1, 1), (1, 1, 1), (1, 1, 1), (1, 1, 1), (1, 1, 1), (1, 1, 1), (1, 1, 1), (1, 1, 1), (1, 1, 1), (1, 1, 1), (1, 1, 1), (1, 1, 1), (1, 1, 1), (1, 1, 1), (1, 1, 1), (1, 1, 1), (1, 1, 1), (1, 1, 1), (1, 1, 1), (1, 1, 1), (1, 1, 1), (1, 1, 1), (1, 1, 1), (1, 1, 1), (1, 1, 1), (1, 1, 1), (1, 1, 1), (1, 1, 1), (1, 1, 1), (1, 1, 1), (1, 1, 1), (1, 1, 1), (1, 1, 1), (1, 1, 1), (1, 1, 1), (1, 1, 1), (1, 1, 1), (1, 1, 1), (1, 1, 1), (1, 1, 1), (1, 1, 1), (1, 1, 1), (1, 1, 1), (1, 1, 1), (1, 1, 1), (1, 1, 1), (1, 1, 1), (1, 1, 1), (1, 1, 1), (1, 1, 1), (1, 1, 1), (1, 1, 1), (1, 1, 1), (1, 1, 1), (1, 1, 1), (1, 1, 1), (1, 1, 1), (1, 1, 1), (1, 1, 1), (1, 1, 1), (1, 1, 1), (1, 1, 1), (1, 1, 1), (1, 1, 1), (1, 1, 1), (1, 1, 1)],
                12: [(1, 1, 1), (1, 1, 1), (1, 1, 1), (1, 1, 1), (1, 1, 1), (1, 1, 1), (1, 1, 1), (1, 1, 1), (1, 1, 1), (1, 1, 1), (1, 1, 1), (1, 1, 1), (1, 1, 1), (1, 1, 1), (1, 1, 1), (1, 1, 1), (1, 1, 1), (1, 1, 1), (1, 1, 1), (1, 1, 1), (1, 1, 1), (1, 1, 1), (1, 1, 1), (1, 1, 1), (1, 1, 1), (1, 1, 1), (1, 1, 1), (1, 1, 1), (1, 1, 1), (1, 1, 1), (1, 1, 1), (1, 1, 1), (1, 1, 1), (1, 1, 1), (1, 1, 1), (1, 1, 1), (1, 1, 1), (1, 1, 1), (1, 1, 1), (1, 1, 1), (1, 1, 1), (1, 1, 1), (1, 1, 1), (1, 1, 1), (1, 1, 1), (1, 1, 1), (1, 1, 1), (1, 1, 1), (1, 1, 1), (1, 1, 1), (1, 1, 1), (1, 1, 1), (1, 1, 1), (1, 1, 1), (1, 1, 1), (1, 1, 1), (1, 1, 1), (1, 1, 1), (1, 1, 1), (1, 1, 1), (1, 1, 1), (1, 1, 1), (1, 1, 1), (1, 1, 1), (1, 1, 1), (1, 1, 1), (1, 1, 1), (1, 1, 1), (1, 1, 1), (1, 1, 1), (1, 1, 1), (1, 1, 1), (1, 1, 1), (1, 1, 1), (1, 1, 1), (1, 1, 1), (1, 1, 1), (1, 1, 1), (1, 1, 1), (1, 1, 1), (1, 1, 1), (1, 1, 1), (1, 1, 1), (1, 1, 1), (1, 1, 1), (1, 1, 1), (1, 1, 1), (1, 1, 1), (1, 1, 1), (1, 1, 1), (1, 1, 1), (1, 1, 1), (1, 1, 1), (1, 1, 1), (1, 1, 1), (1, 1, 1), (1, 1, 1), (1, 1, 1), (1, 1, 1), (1, 1, 1), (1, 1, 1), (1, 1, 1), (1, 1, 1), (1, 1, 1), (1, 1, 1), (1, 1, 1), (1, 1, 1), (1, 1, 1), (1, 1, 1), (1, 1, 1), (1, 1, 1), (1, 1, 1), (1, 1, 1), (1, 1, 1), (1, 1, 1)],
                13: [(1, 1, 1), (1, 1, 1), (1, 1, 1), (1, 1, 1), (1, 1, 1), (1, 1, 1), (1, 1, 1), (1, 1, 1), (1, 1, 1), (1, 1, 1), (1, 1, 1), (1, 1, 1), (1, 1, 1), (1, 1, 1), (1, 1, 1), (1, 1, 1), (1, 1, 1), (1, 1, 1), (1, 1, 1), (1, 1, 1), (1, 1, 1), (1, 1, 1), (1, 1, 1), (1, 1, 1), (1, 1, 1), (1, 1, 1), (1, 1, 1), (1, 1, 1), (1, 1, 1), (1, 1, 1), (1, 1, 1), (1, 1, 1), (1, 1, 1), (1, 1, 1), (1, 1, 1), (1, 1, 1), (1, 1, 1), (1, 1, 1), (1, 1, 1), (1, 1, 1), (1, 1, 1), (1, 1, 1), (1, 1, 1), (1, 1, 1), (1, 1, 1), (1, 1, 1), (1, 1, 1), (1, 1, 1), (1, 1, 1), (1, 1, 1), (1, 1, 1), (1, 1, 1), (1, 1, 1), (1, 1, 1), (1, 1, 1), (1, 1, 1), (1, 1, 1), (1, 1, 1), (1, 1, 1), (1, 1, 1), (1, 1, 1), (1, 1, 1), (1, 1, 1), (1, 1, 1), (1, 1, 1), (1, 1, 1), (1, 1, 1), (1, 1, 1), (1, 1, 1), (1, 1, 1), (1, 1, 1), (1, 1, 1), (1, 1, 1), (1, 1, 1), (1, 1, 1), (1, 1, 1), (1, 1, 1), (1, 1, 1), (1, 1, 1), (1, 1, 1), (1, 1, 1), (1, 1, 1), (1, 1, 1), (1, 1, 1), (1, 1, 1), (1, 1, 1), (1, 1, 1), (1, 1, 1), (1, 1, 1), (1, 1, 1), (1, 1, 1), (1, 1, 1), (1, 1, 1), (1, 1, 1), (1, 1, 1), (1, 1, 1), (1, 1, 1), (1, 1, 1), (1, 1, 1), (1, 1, 1), (1, 1, 1), (1, 1, 1), (1, 1, 1), (1, 1, 1), (1, 1, 1), (1, 1, 1), (1, 1, 1), (1, 1, 1), (1, 1, 1), (1, 1, 1), (1, 1, 1), (1, 1, 1), (1, 1, 1), (1, 1, 1), (1, 1, 1)],
                14: [(1, 1, 1), (1, 1, 1), (1, 1, 1), (1, 1, 1), (1, 1, 1), (1, 1, 1), (1, 1, 1), (1, 1, 1), (1, 1, 1), (1, 1, 1), (1, 1, 1), (1, 1, 1), (1, 1, 1), (1, 1, 1), (1, 1, 1), (1, 1, 1), (1, 1, 1), (1, 1, 1), (1, 1, 1), (1, 1, 1), (1, 1, 1), (1, 1, 1), (1, 1, 1), (1, 1, 1), (1, 1, 1), (1, 1, 1), (1, 1, 1), (1, 1, 1), (1, 1, 1), (1, 1, 1), (1, 1, 1), (1, 1, 1), (1, 1, 1), (1, 1, 1), (1, 1, 1), (1, 1, 1), (1, 1, 1), (1, 1, 1), (1, 1, 1), (1, 1, 1), (1, 1, 1), (1, 1, 1), (1, 1, 1), (1, 1, 1), (1, 1, 1), (1, 1, 1), (1, 1, 1), (1, 1, 1), (1, 1, 1), (1, 1, 1), (1, 1, 1), (1, 1, 1), (1, 1, 1), (1, 1, 1), (1, 1, 1), (1, 1, 1), (1, 1, 1), (1, 1, 1), (1, 1, 1), (1, 1, 1), (1, 1, 1), (1, 1, 1), (1, 1, 1), (1, 1, 1), (1, 1, 1), (1, 1, 1), (1, 1, 1), (1, 1, 1), (1, 1, 1), (1, 1, 1), (1, 1, 1), (1, 1, 1), (1, 1, 1), (1, 1, 1), (1, 1, 1), (1, 1, 1), (1, 1, 1), (1, 1, 1), (1, 1, 1), (1, 1, 1), (1, 1, 1), (1, 1, 1), (1, 1, 1), (1, 1, 1), (1, 1, 1), (1, 1, 1), (1, 1, 1), (1, 1, 1), (1, 1, 1), (1, 1, 1), (1, 1, 1), (1, 1, 1), (1, 1, 1), (1, 1, 1), (1, 1, 1), (1, 1, 1), (1, 1, 1), (1, 1, 1), (1, 1, 1), (1, 1, 1), (1, 1, 1), (1, 1, 1), (1, 1, 1), (1, 1, 1), (1, 1, 1), (1, 1, 1), (1, 1, 1), (1, 1, 1), (1, 1, 1), (1, 1, 1), (1, 1, 1), (1, 1, 1), (1, 1, 1), (1, 1, 1), (1, 1, 1)],
                15: [(1, 1, 1), (1, 1, 1), (1, 1, 1), (1, 1, 1), (1, 1, 1), (1, 1, 1), (1, 1, 1), (1, 1, 1), (1, 1, 1), (1, 1, 1), (1, 1, 1), (1, 1, 1), (1, 1, 1), (1, 1, 1), (1, 1, 1), (1, 1, 1), (1, 1, 1), (1, 1, 1), (1, 1, 1), (1, 1, 1), (1, 1, 1), (1, 1, 1), (1, 1, 1), (1, 1, 1), (1, 1, 1), (1, 1, 1), (1, 1, 1), (1, 1, 1), (1, 1, 1), (1, 1, 1), (1, 1, 1), (1, 1, 1), (1, 1, 1), (1, 1, 1), (1, 1, 1), (1, 1, 1), (1, 1, 1), (1, 1, 1), (1, 1, 1), (1, 1, 1), (1, 1, 1), (1, 1, 1), (1, 1, 1), (1, 1, 1), (1, 1, 1), (1, 1, 1), (1, 1, 1), (1, 1, 1), (1, 1, 1), (1, 1, 1), (1, 1, 1), (1, 1, 1), (1, 1, 1), (1, 1, 1), (1, 1, 1), (1, 1, 1), (1, 1, 1), (1, 1, 1), (1, 1, 1), (1, 1, 1), (1, 1, 1), (1, 1, 1), (1, 1, 1), (1, 1, 1), (1, 1, 1), (1, 1, 1), (1, 1, 1), (1, 1, 1), (1, 1, 1), (1, 1, 1), (1, 1, 1), (1, 1, 1), (1, 1, 1), (1, 1, 1), (1, 1, 1), (1, 1, 1), (1, 1, 1), (1, 1, 1), (1, 1, 1), (1, 1, 1), (1, 1, 1), (1, 1, 1), (1, 1, 1), (1, 1, 1), (1, 1, 1), (1, 1, 1), (1, 1, 1), (1, 1, 1), (1, 1, 1), (1, 1, 1), (1, 1, 1), (1, 1, 1), (1, 1, 1), (1, 1, 1), (1, 1, 1), (1, 1, 1), (1, 1, 1), (1, 1, 1), (1, 1, 1), (1, 1, 1), (1, 1, 1), (1, 1, 1), (1, 1, 1), (1, 1, 1), (1, 1, 1), (1, 1, 1), (1, 1, 1), (1, 1, 1), (1, 1, 1), (1, 1, 1), (1, 1, 1), (1, 1, 1), (1, 1, 1), (1, 1, 1), (1, 1, 1)],
                16: [(1, 1, 1), (1, 1, 1), (1, 1, 1), (1, 1, 1), (1, 1, 1), (1, 1, 1), (1, 1, 1), (1, 1, 1), (1, 1, 1), (1, 1, 1), (1, 1, 1), (1, 1, 1), (1, 1, 1), (1, 1, 1), (1, 1, 1), (1, 1, 1), (1, 1, 1), (1, 1, 1), (1, 1, 1), (1, 1, 1), (1, 1, 1), (1, 1, 1), (1, 1, 1), (1, 1, 1), (1, 1, 1), (1, 1, 1), (1, 1, 1), (1, 1, 1), (1, 1, 1), (1, 1, 1), (1, 1, 1), (1, 1, 1), (1, 1, 1), (1, 1, 1), (1, 1, 1), (1, 1, 1), (1, 1, 1), (1, 1, 1), (1, 1, 1), (1, 1, 1), (1, 1, 1), (1, 1, 1), (1, 1, 1), (1, 1, 1), (1, 1, 1), (1, 1, 1), (1, 1, 1), (1, 1, 1), (1, 1, 1), (1, 1, 1), (1, 1, 1), (1, 1, 1), (1, 1, 1), (1, 1, 1), (1, 1, 1), (1, 1, 1), (1, 1, 1), (1, 1, 1), (1, 1, 1), (1, 1, 1), (1, 1, 1), (1, 1, 1), (1, 1, 1), (1, 1, 1), (1, 1, 1), (1, 1, 1), (1, 1, 1), (1, 1, 1), (1, 1, 1), (1, 1, 1), (1, 1, 1), (1, 1, 1), (1, 1, 1), (1, 1, 1), (1, 1, 1), (1, 1, 1), (1, 1, 1), (1, 1, 1), (1, 1, 1), (1, 1, 1), (1, 1, 1), (1, 1, 1), (1, 1, 1), (1, 1, 1), (1, 1, 1), (1, 1, 1), (1, 1, 1), (1, 1, 1), (1, 1, 1), (1, 1, 1), (1, 1, 1), (1, 1, 1), (1, 1, 1), (1, 1, 1), (1, 1, 1), (1, 1, 1), (1, 1, 1), (1, 1, 1), (1, 1, 1), (1, 1, 1), (1, 1, 1), (1, 1, 1), (1, 1, 1), (1, 1, 1), (1, 1, 1), (1, 1, 1), (1, 1, 1), (1, 1, 1), (1, 1, 1), (1, 1, 1), (1, 1, 1), (1, 1, 1), (1, 1, 1), (1, 1, 1), (1, 1, 1)],
                17: [(1, 1, 1), (1, 1, 1), (1, 1, 1), (1, 1, 1), (1, 1, 1), (1, 1, 1), (1, 1, 1), (1, 1, 1), (1, 1, 1), (1, 1, 1), (1, 1, 1), (1, 1, 1), (1, 1, 1), (1, 1, 1), (1, 1, 1), (1, 1, 1), (1, 1, 1), (1, 1, 1), (1, 1, 1), (1, 1, 1), (1, 1, 1), (1, 1, 1), (1, 1, 1), (1, 1, 1), (1, 1, 1), (1, 1, 1), (1, 1, 1), (1, 1, 1), (1, 1, 1), (1, 1, 1), (1, 1, 1), (1, 1, 1), (1, 1, 1), (1, 1, 1), (1, 1, 1), (1, 1, 1), (1, 1, 1), (1, 1, 1), (1, 1, 1), (1, 1, 1), (1, 1, 1), (1, 1, 1), (1, 1, 1), (1, 1, 1), (1, 1, 1), (1, 1, 1), (1, 1, 1), (1, 1, 1), (1, 1, 1), (1, 1, 1), (1, 1, 1), (1, 1, 1), (1, 1, 1), (1, 1, 1), (1, 1, 1), (1, 1, 1), (1, 1, 1), (1, 1, 1), (1, 1, 1), (1, 1, 1), (1, 1, 1), (1, 1, 1), (1, 1, 1), (1, 1, 1), (1, 1, 1), (1, 1, 1), (1, 1, 1), (1, 1, 1), (1, 1, 1), (1, 1, 1), (1, 1, 1), (1, 1, 1), (1, 1, 1), (1, 1, 1), (1, 1, 1), (1, 1, 1), (1, 1, 1), (1, 1, 1), (1, 1, 1), (1, 1, 1), (1, 1, 1), (1, 1, 1), (1, 1, 1), (1, 1, 1), (1, 1, 1), (1, 1, 1), (1, 1, 1), (1, 1, 1), (1, 1, 1), (1, 1, 1), (1, 1, 1), (1, 1, 1), (1, 1, 1), (1, 1, 1), (1, 1, 1), (1, 1, 1), (1, 1, 1), (1, 1, 1), (1, 1, 1), (1, 1, 1), (1, 1, 1), (1, 1, 1), (1, 1, 1), (1, 1, 1), (1, 1, 1), (1, 1, 1), (1, 1, 1), (1, 1, 1), (1, 1, 1), (1, 1, 1), (1, 1, 1), (1, 1, 1), (1, 1, 1), (1, 1, 1), (1, 1, 1)],
                18: [(1, 1, 1), (1, 1, 1), (1, 1, 1), (1, 1, 1), (1, 1, 1), (1, 1, 1), (1, 1, 1), (1, 1, 1), (1, 1, 1), (1, 1, 1), (1, 1, 1), (1, 1, 1), (1, 1, 1), (1, 1, 1), (1, 1, 1), (1, 1, 1), (1, 1, 1), (1, 1, 1), (1, 1, 1), (1, 1, 1), (1, 1, 1), (1, 1, 1), (1, 1, 1), (1, 1, 1), (1, 1, 1), (1, 1, 1), (1, 1, 1), (1, 1, 1), (1, 1, 1), (1, 1, 1), (1, 1, 1), (1, 1, 1), (1, 1, 1), (1, 1, 1), (1, 1, 1), (1, 1, 1), (1, 1, 1), (1, 1, 1), (1, 1, 1), (1, 1, 1), (1, 1, 1), (1, 1, 1), (1, 1, 1), (1, 1, 1), (1, 1, 1), (1, 1, 1), (1, 1, 1), (1, 1, 1), (1, 1, 1), (1, 1, 1), (1, 1, 1), (1, 1, 1), (1, 1, 1), (1, 1, 1), (1, 1, 1), (1, 1, 1), (1, 1, 1), (1, 1, 1), (1, 1, 1), (1, 1, 1), (1, 1, 1), (1, 1, 1), (1, 1, 1), (1, 1, 1), (1, 1, 1), (1, 1, 1), (1, 1, 1), (1, 1, 1), (1, 1, 1), (1, 1, 1), (1, 1, 1), (1, 1, 1), (1, 1, 1), (1, 1, 1), (1, 1, 1), (1, 1, 1), (1, 1, 1), (1, 1, 1), (1, 1, 1), (1, 1, 1), (1, 1, 1), (1, 1, 1), (1, 1, 1), (1, 1, 1), (1, 1, 1), (1, 1, 1), (1, 1, 1), (1, 1, 1), (1, 1, 1), (1, 1, 1), (1, 1, 1), (1, 1, 1), (1, 1, 1), (1, 1, 1), (1, 1, 1), (1, 1, 1), (1, 1, 1), (1, 1, 1), (1, 1, 1), (1, 1, 1), (1, 1, 1), (1, 1, 1), (1, 1, 1), (1, 1, 1), (1, 1, 1), (1, 1, 1), (1, 1, 1), (1, 1, 1), (1, 1, 1), (1, 1, 1), (1, 1, 1), (1, 1, 1), (1, 1, 1), (1, 1, 1), (1, 1, 1)],
            }
            float3[] translations.timeSamples = {
                0: [(0, 0, 0), (-1.0747639, 82.57773, 5.2465177), (1.6430024, 7.4505806e-7, 4.1909516e-7), (13.892761, 0.0000022351742, 0.0000037252903), (12.020988, 0.0000029802322, 0.0000031664968), (12.513335, 0.0000014901161, 0.0000026077032), (13.055581, 0.8139238, 4.8231573), (19.673864, -0.0000015832484, -0.000015925616), (30.822748, -0.00001564622, 0.0000014901161), (-0.0000076293945, 0.0000019073486, -0.000015258789), (11.90887, 0, -0.000011920929), (22.08677, 0.0000014901161, -0.0000074505806), (27.974514, 0.0000067055225, -0.000011920929), (27.974522, 0.0000029802322, -0.000017881393), (5.0858936, 1.1650907, -2.1608217), (12.188582, -0.9806216, 0.14888123), (7.169297, -0.000033341348, 0.0000074505806), (5.131407, 0.000014342368, 0.0000026077032), (5.342625, 0.8063322, -0.38715935), (11.760797, -1.1062012, 0.24382472), (7.9172277, -6.2864274e-7, -0.000004284084), (5.61691, -0.000014528632, -0.0000029802322), (-0.1273117, 0.17169951, -0.0149269095), (4.9696565, 1.5808815, 3.4253201), (9.820451, 0.00016391277, -0.00032745302), (6.091226, -0.000014901161, 0.000011920929), (4.5342193, -0.00001359731, -0.000004656613), (5.281834, 1.0587288, 1.4208667), (10.881069, -0.92080903, 0.23678988), (7.329203, 0.000029918738, 0.0000040978193), (5.470898, -0.000030361116, -0.000005029142), (2.8709989, 1.8982239, -1.5809469), (6.709364, 0.0000011175871, 6.519258e-7), (6.359388, -0.000022351742, -0.0000074505806), (6.5509067, 0.000013690442, 0.000005029142), (8.722115, 14.0007925, -0.76108736), (12.915066, -0.0000052154064, 0.000008568168), (21.502686, -0.000008195639, 0.000018253922), (30.822742, -0.000014901161, 0.0000037252903), (16.546722, -2.7511113, 0.0000033527613), (10.22012, 0.0000044703484, 0.0000019790605), (21.783777, 0, 0.0000030267984), (21.783777, 0, 0.0000030267984), (9.281769, 9.595388, 1.1920929e-7), (9.281799, 9.595389, -5.239812), (-0.0000023841856, -0.000045776367, -0.0000019073486), (9.281769, 9.595388, 5.239666), (4.7683716e-7, 0, -0.0000019073486), (20.646484, -0.0000014305115, 0), (13.055256, 0.8139216, -4.8231573), (-19.6738, 0.0000048428774, 0.00016763806), (-30.82232, 0.00002044253, 0.00056773424), (0.0000076293945, -0.0000038146973, -0.000022888184), (-11.909336, 0.000013783574, -0.0004980713), (-22.086605, -0.00001564622, 0.00005401671), (-27.974504, -0.000011175871, -0.00011920929), (-27.974525, -0.000011175871, -0.000120699406), (-5.0861487, -1.1653749, 2.1608245), (-12.188668, 0.98057616, -0.14889929), (-7.1693053, 0.00007376075, 0.000008381903), (-5.131375, -0.0000923872, 0.000018067658), (-5.3430023, -0.8065732, 0.3871439), (-11.760794, 1.1062148, -0.24381486), (-7.9171343, -0.000043958426, -0.0000013038516), (-5.6169767, -0.00004991889, 0.0000059604645), (0.12732697, -0.17167662, 0.0149269095), (-4.9699364, -1.5811377, -3.4253154), (-9.820533, -0.00013783574, 0.00033900142), (-6.091255, -0.000028312206, -0.000021606684), (-4.5341225, -0.00007711351, -0.000030454248), (-5.282161, -1.0590347, -1.4208711), (-10.881085, 0.9207301, -0.23678868), (-7.3291764, 0.00003054738, 0.000009313226), (-5.4708586, 0.000031478703, -0.000011734664), (-2.8713222, -1.8984683, 1.58094), (-6.7094216, -0.00006710179, 0.000121071935), (-6.359372, -0.000012759119, -0.0000070780516), (-6.5509343, -0.000048428774, -0.00012293458), (-8.727295, -14.284943, 0.7733478), (-12.914526, 0.000025006011, 0.0004697591), (-21.502724, 0.000002188608, 0.000086426735), (-30.822319, 0.000024912879, 0.0005632639), (0, -28.051287, 1.1920929e-7), (-11.228217, -1.5375926, 20.429329), (32.424553, 7.4505806e-7, 0), (24.819963, 0.0000044703484, -0.000010430813), (6.6713495, 17.055758, -0.000009080395), (4.739108, 0.000016391277, -0.000008381903), (-0.000008106232, -3.5762787e-7, -0.0000019073486), (8.296532, 8.291412, 0.43798065), (-0.0007286072, 0.000008285046, 0.0000076293945), (11.19962, 0.0350181, 0.043538585), (18.009785, 0.035021454, 0.043542683), (24.819973, 0.03502667, 0.043536723), (4.7959137, -0.038744137, 0.08710902), (15.934387, -0.038746, 0.08711666), (30.206478, -0.01937598, 0.043559074), (-11.228246, -1.5376004, -20.42933), (-32.424545, -0.0000029802322, -0.000011920929), (-24.81993, -0.0000029802322, 0.00000782311), (-6.6713514, -17.05575, 0.000009313226), (-4.739051, -0.000031851232, 0.000005401671), (0.000007152557, -4.7683716e-7, 0), (-8.576325, -8.278082, -0.462529), (0.0007286072, -0.000008448958, -0.0000019073486), (-11.199573, -0.035014376, -0.043549202), (-18.009731, -0.035016984, -0.043547668), (-24.819933, -0.03502071, -0.043545384), (-4.7959633, 0.03874516, -0.0871161), (-15.934417, 0.03874488, -0.08711517), (-30.206478, 0.01937747, -0.043565035), (0, 26.531979, 24.471586), (-0.0000076293945, -34.376377, 21.884195), (0, 25.99179, -23.973352), (-0.000022888184, -34.378593, -21.659416)],
                1: [(0, 0, 0), (-1.1799245, 84.19264, 5.056752), (1.6430048, 4.656613e-8, -2.910383e-7), (13.892772, -0.0000014901161, -0.0000027939677), (12.020995, 7.4505806e-7, -9.778887e-7), (12.513347, -7.4505806e-7, -1.8626451e-7), (13.055572, 0.8139266, 4.8231583), (19.673864, -4.773028e-7, -0.000011600787), (30.822742, -0.000009313226, 0.0000048428774), (-0.0000076293945, 0.0000019073486, -0.000015258789), (11.908874, -3.259629e-7, -0.000010058284), (22.086779, 0.000002514571, -0.000009685755), (27.974522, 0.000005401671, -0.000011920929), (27.974527, 0.0000011175871, -0.000014901161), (5.0858984, 1.1650947, -2.1608236), (12.188597, -0.9806193, 0.14887246), (7.169309, -0.000027340138, 0.000005867332), (5.131416, 0.000016018748, 0.000003259629), (5.3426304, 0.8063346, -0.38716066), (11.7608, -1.106201, 0.24382117), (7.9172316, 0.0000014901161, -0.0000033527613), (5.6169143, -0.00001564622, 0.0000034458935), (-0.1273117, 0.17169951, -0.0149269095), (4.9696574, 1.5808861, 3.4253228), (9.82046, 0.00016880222, -0.0003322959), (6.0912333, -0.000013108365, 0.000007636845), (4.5342245, -0.00001611188, -0.000007729977), (5.281835, 1.0587299, 1.4208617), (10.881071, -0.92080736, 0.23678839), (7.329203, 0.000031583477, 0.000006146729), (5.4708953, -0.00003101304, -0.000010803342), (2.871002, 1.8982241, -1.5809506), (6.7093716, -1.8626451e-7, -0.0000014784746), (6.359392, -0.000024260953, -0.000008568168), (6.550914, 0.0000133994035, 3.7252903e-7), (8.722115, 14.0007925, -0.76108736), (12.915069, -0.0000033527613, 0.000009872019), (21.50269, -0.0000048428774, 0.00002104789), (30.822742, -0.000008195639, 0.0000059604645), (16.546719, -2.75111, 0.000003911555), (10.220119, 0.0000044703484, 0.000002575689), (21.783773, 0.0000040978193, 0.0000054598786), (21.783773, 0.0000040978193, 0.0000054598786), (9.281769, 9.595388, 1.1920929e-7), (9.281799, 9.595389, -5.239812), (-0.0000023841856, -0.000045776367, -0.0000019073486), (9.281769, 9.595388, 5.239666), (4.7683716e-7, 0, -0.0000019073486), (20.646484, -0.0000014305115, 0), (13.055259, 0.81392115, -4.8231587), (-19.673801, 0.000006891787, 0.00017024577), (-30.82232, 0.000023317989, 0.00057034194), (0.0000076293945, -0.0000038146973, -0.000022888184), (-11.909336, 0.0000128522515, -0.0004982576), (-22.086607, -0.000016391277, 0.00005569309), (-27.97451, -0.0000052154064, -0.000120699406), (-27.974522, -0.000014901161, -0.0001180917), (-5.086147, -1.1653713, 2.1608248), (-12.188669, 0.9805766, -0.1489018), (-7.169304, 0.000075343996, 0.000005867332), (-5.1313744, -0.00009024516, 0.000016298145), (-5.3429985, -0.8065707, 0.38714698), (-11.76079, 1.1062176, -0.24381247), (-7.917127, -0.000045634806, 0.0000018626451), (-5.616976, -0.00004572794, 0.0000019557774), (0.12732697, -0.17167662, 0.0149269095), (-4.9699373, -1.5811381, -3.4253166), (-9.820531, -0.00013913959, 0.0003398396), (-6.0912523, -0.000029336661, -0.000017974526), (-4.5341234, -0.00007469207, -0.00003320165), (-5.2821646, -1.0590369, -1.420874), (-10.881081, 0.9207305, -0.23678523), (-7.3291736, 0.000031478703, 0.0000069849193), (-5.470856, 0.00003008172, -0.000010803342), (-2.871324, -1.8984683, 1.580938), (-6.7094183, -0.00006934861, 0.0001212582), (-6.3593664, -0.000007636845, -0.00000782311), (-6.5509305, -0.000047963113, -0.00012367964), (-8.727295, -14.284943, 0.7733478), (-12.914528, 0.000026317139, 0.00046994537), (-21.502724, 0.0000061605533, 0.000089779496), (-30.822325, 0.000027753413, 0.00056251884), (0, -28.051287, 1.1920929e-7), (-11.228231, -1.5375979, 20.429346), (32.424553, 0.0000018626451, 0), (24.819954, 5.5879354e-7, -0.0000044703484), (6.671344, 17.055723, -0.000015692785), (4.7391047, 0.000014551915, -0.0000071246177), (-0.000008106232, -3.5762787e-7, -0.0000019073486), (8.296532, 8.291412, 0.43798065), (-0.0007286072, 0.000008285046, 0.0000076293945), (11.199617, 0.035015773, 0.04353784), (18.00978, 0.03501922, 0.04354529), (24.819963, 0.035024434, 0.04353933), (4.795916, -0.0387453, 0.08710949), (15.934388, -0.038745627, 0.08711796), (30.206478, -0.019376352, 0.043558702), (-11.228245, -1.5375923, -20.429337), (-32.424564, 0.0000059604645, -0.0000044703484), (-24.819944, 0.0000044703484, 0.000015832484), (-6.6713495, -17.05576, 0.0000024097972), (-4.7390547, -0.000030640513, 0.000006146729), (0.000007152557, -4.7683716e-7, 0), (-8.576325, -8.278082, -0.462529), (0.0007286072, -0.000008448958, -0.0000019073486), (-11.199581, -0.035011023, -0.04354408), (-18.009745, -0.035012513, -0.04354082), (-24.81995, -0.03501512, -0.043533184), (-4.7959695, 0.038744602, -0.08711563), (-15.934425, 0.038750097, -0.08711144), (-30.2065, 0.01938492, -0.0435628), (0, 26.531979, 24.471586), (-0.0000076293945, -34.376377, 21.884195), (0, 25.99179, -23.973352), (-0.000022888184, -34.378593, -21.659416)],
                2: [(0, 0, 0), (-1.5375469, 87.438515, 5.163215), (1.6430048, 0, -4.656613e-8), (13.89277, 0, 3.7252903e-7), (12.020998, 0.0000014901161, -5.5879354e-7), (12.51334, 0.0000029802322, 0.0000013038516), (13.055587, 0.8139223, 4.823155), (19.673866, -7.4505806e-7, -0.000016018748), (30.822758, 0.0000074505806, 0.0000059604645), (-0.0000076293945, 0.0000019073486, -0.000015258789), (11.908881, -0.0000014901161, -0.000011920929), (22.0868, 0, -0.000008940697), (27.97454, 0.0000014901161, -0.0000059604645), (27.974552, -0.0000037252903, -0.000008940697), (5.0858965, 1.1650923, -2.160824), (12.188585, -0.9806216, 0.14887378), (7.169305, -0.000033155084, -9.313226e-7), (5.13141, 0.000013783574, 7.4505806e-7), (5.3426285, 0.8063346, -0.38715488), (11.7608, -1.1061996, 0.2438195), (7.9172316, 7.4505806e-7, -0.0000040978193), (5.616915, -0.000013783574, 0.0000014901161), (-0.1273117, 0.17169951, -0.0149269095), (4.96966, 1.5808866, 3.425324), (9.820459, 0.00016838312, -0.00033080578), (6.0912356, -0.000013783574, 0.000011920929), (4.534226, -0.00001527369, -0.0000070780516), (5.2818403, 1.0587289, 1.4208634), (10.881072, -0.92080534, 0.23679063), (7.3292084, 0.00003054738, 0.0000011175871), (5.470904, -0.000029429793, -0.0000011175871), (2.871, 1.8982232, -1.5809529), (6.709374, -0.0000037252903, -0.0000010244548), (6.3593874, -0.000025331974, -0.000007171184), (6.550907, 0.00001527369, 0.0000029802322), (8.722115, 14.0007925, -0.76108736), (12.915071, 0.0000022351742, 0.000008940697), (21.502699, 0.0000074505806, 0.000022351742), (30.822754, 0.000008940697, 0.000010430813), (16.546726, -2.7511134, 0), (10.220128, 0.0000014901161, -0.0000014901161), (21.783789, -0.0000029802322, -1.8626451e-7), (21.783789, -0.0000029802322, -1.8626451e-7), (9.281769, 9.595388, 1.1920929e-7), (9.281799, 9.595389, -5.239812), (-0.0000023841856, -0.000045776367, -0.0000019073486), (9.281769, 9.595388, 5.239666), (4.7683716e-7, 0, -0.0000019073486), (20.646484, -0.0000014305115, 0), (13.055261, 0.8139238, -4.8231616), (-19.673798, 0.0000044703484, 0.00016912818), (-30.82232, 0.00002188608, 0.0005662441), (0.0000076293945, -0.0000038146973, -0.000022888184), (-11.909336, 0.000011920929, -0.00049993396), (-22.08661, -0.000013411045, 0.00004991889), (-27.974516, -0.0000059604645, -0.00013038516), (-27.974527, -0.000011920929, -0.00012591481), (-5.086151, -1.1653762, 2.1608229), (-12.188675, 0.9805732, -0.14890507), (-7.1693034, 0.00007562339, 0.0000070780516), (-5.131375, -0.00009536743, 0.000021234155), (-5.3430004, -0.8065712, 0.3871469), (-11.760792, 1.1062205, -0.24381074), (-7.917138, -0.000040978193, -0.0000040978193), (-5.616979, -0.00004582107, 0.0000033527613), (0.12732697, -0.17167662, 0.0149269095), (-4.9699416, -1.581138, -3.4253192), (-9.820533, -0.00013932586, 0.00033937395), (-6.0912533, -0.00002719462, -0.000021606684), (-4.5341177, -0.000075250864, -0.00003222376), (-5.282165, -1.0590355, -1.4208736), (-10.881085, 0.9207301, -0.23678727), (-7.3291807, 0.00003427267, 0.0000059604645), (-5.470867, 0.000029057264, -0.0000067055225), (-2.8713238, -1.8984679, 1.5809387), (-6.7094183, -0.00007059425, 0.00012218952), (-6.3593717, -0.000006891787, -0.0000059604645), (-6.550941, -0.000051409006, -0.00012218952), (-8.727295, -14.284943, 0.7733478), (-12.914526, 0.000026077032, 0.0004708767), (-21.502724, 0.000005029142, 0.00008791685), (-30.822319, 0.000024493784, 0.00056028366), (0, -28.051287, 1.1920929e-7), (-11.2282295, -1.5375957, 20.429342), (32.424557, 0.0000029802322, 0), (24.819963, 0, -0.0000059604645), (6.671348, 17.055748, -0.000012665987), (4.739108, 0.000017881393, -0.00000782311), (-0.000008106232, -3.5762787e-7, -0.0000019073486), (8.296532, 8.291412, 0.43798065), (-0.0007286072, 0.000008285046, 0.0000076293945), (11.199622, 0.0350181, 0.043537468), (18.00978, 0.0350222, 0.043545663), (24.819973, 0.03502518, 0.043538213), (4.7959185, -0.038745627, 0.08710809), (15.934391, -0.03874451, 0.08711517), (30.206486, -0.019373, 0.043556094), (-11.228247, -1.5375941, -20.429335), (-32.424545, 0, -0.000008940697), (-24.819931, -0.0000029802322, 0.0000044703484), (-6.6713533, -17.055746, 0.000010430813), (-4.7390537, -0.00003091991, 0.0000052154064), (0.000007152557, -4.7683716e-7, 0), (-8.576325, -8.278082, -0.462529), (0.0007286072, -0.000008448958, -0.0000019073486), (-11.199572, -0.035015494, -0.04354939), (-18.009735, -0.03501773, -0.043547153), (-24.819937, -0.03501773, -0.043542683), (-4.7959666, 0.038744137, -0.087116286), (-15.9344225, 0.038746, -0.08711442), (-30.206486, 0.01938045, -0.043563545), (0, 26.531979, 24.471586), (-0.0000076293945, -34.376377, 21.884195), (0, 25.99179, -23.973352), (-0.000022888184, -34.378593, -21.659416)],
                3: [(0, 0, 0), (-1.6166838, 85.00665, 5.0302243), (1.6430031, 1.8626451e-7, 1.8626451e-7), (13.892767, 0, 0.0000014901161), (12.020991, 0, 0), (12.513338, 0.0000029802322, 0.0000029802322), (13.055569, 0.81392896, 4.823159), (19.673866, -0.0000018626451, -0.000013038516), (30.822737, -0.000016391277, 0), (-0.0000076293945, 0.0000019073486, -0.000015258789), (11.908863, 3.7252903e-7, -0.000010430813), (22.086763, 0, -0.0000029802322), (27.974504, 0.0000044703484, -0.000011920929), (27.974506, 0.0000022351742, -0.000011920929), (5.085897, 1.1650913, -2.1608255), (12.18858, -0.9806223, 0.14887303), (7.1693, -0.000029336661, 0.0000022351742), (5.1314077, 0.000016018748, 0.0000055879354), (5.342624, 0.8063346, -0.38715824), (11.7608, -1.1062033, 0.24381876), (7.917221, 0.0000040978193, -0.0000029802322), (5.6169047, -0.000014528632, -0.0000026077032), (-0.1273117, 0.17169951, -0.0149269095), (4.969653, 1.5808837, 3.4253247), (9.820449, 0.00016763806, -0.00032633543), (6.0912237, -0.000014901161, 0.000013783574), (4.53422, -0.000013783574, -0.00000782311), (5.281832, 1.0587286, 1.4208634), (10.881065, -0.9208076, 0.23678914), (7.3292027, 0.00002849847, 0.0000057742), (5.470898, -0.000030174851, -0.0000063329935), (2.8709946, 1.8982235, -1.5809495), (6.709356, 0, -0.0000015832484), (6.359385, -0.000025331974, -0.0000035390258), (6.5509024, 0.0000128522515, 0.0000074505806), (8.722115, 14.0007925, -0.76108736), (12.915061, -0.000009685755, 0.0000052154064), (21.50269, -0.000008940697, 0.000018626451), (30.822737, -0.00001937151, 0.0000029802322), (16.54672, -2.7511075, 0.0000037252903), (10.220113, 0.000008195639, 0.0000025844201), (21.783773, 0.0000029802322, 0.000008987263), (21.783773, 0.0000029802322, 0.000008987263), (9.281769, 9.595388, 1.1920929e-7), (9.281799, 9.595389, -5.239812), (-0.0000023841856, -0.000045776367, -0.0000019073486), (9.281769, 9.595388, 5.239666), (4.7683716e-7, 0, -0.0000019073486), (20.646484, -0.0000014305115, 0), (13.055247, 0.81392527, -4.8231554), (-19.673794, 0, 0.00015869737), (-30.822313, 0.000010267831, 0.0005662441), (0.0000076293945, -0.0000038146973, -0.000022888184), (-11.909336, 0.000017136335, -0.0004965812), (-22.086601, -0.00001937151, 0.00005811453), (-27.9745, -0.000014901161, -0.000115484), (-27.974522, -0.000014901161, -0.00011846423), (-5.0861464, -1.1653736, 2.1608255), (-12.188665, 0.9805776, -0.14889874), (-7.169296, 0.00007636845, 0.000011175871), (-5.1313715, -0.00009126961, 0.000016763806), (-5.3430014, -0.8065712, 0.3871439), (-11.760783, 1.1062168, -0.24380702), (-7.9171224, -0.000044703484, 0.0000026077032), (-5.6169744, -0.000047683716, 0.0000063329935), (0.12732697, -0.17167662, 0.0149269095), (-4.9699388, -1.5811398, -3.4253194), (-9.820524, -0.00013634562, 0.00034496188), (-6.09125, -0.00003054738, -0.000016018748), (-4.5341163, -0.00007562339, -0.000033713877), (-5.282161, -1.0590334, -1.4208715), (-10.881084, 0.9207301, -0.23678708), (-7.3291755, 0.000033527613, 0.00000782311), (-5.4708652, 0.000029802322, -0.0000067055225), (-2.871319, -1.8984652, 1.580942), (-6.709414, -0.00006482005, 0.00012367964), (-6.3593664, -0.0000067055225, -0.0000067055225), (-6.5509276, -0.0000461936, -0.000121444464), (-8.727295, -14.284943, 0.7733478), (-12.91452, 0.000021251617, 0.00046938658), (-21.502716, -0.000002514571, 0.0000834465), (-30.822308, 0.000019639265, 0.00056028366), (0, -28.051287, 1.1920929e-7), (-11.228222, -1.5375957, 20.429335), (32.424557, 0.0000029802322, -0.0000029802322), (24.819956, 3.7252903e-7, -0.000008940697), (6.6713476, 17.055737, -0.000014156103), (4.7391047, 0.000016763806, -0.0000070780516), (-0.000008106232, -3.5762787e-7, -0.0000019073486), (8.296532, 8.291412, 0.43798065), (-0.0007286072, 0.000008285046, 0.0000076293945), (11.199619, 0.03501922, 0.043537468), (18.00978, 0.035023317, 0.043544173), (24.81997, 0.03502369, 0.043535233), (4.795914, -0.038744137, 0.08710809), (15.93439, -0.03874451, 0.08711666), (30.206484, -0.01937449, 0.043556094), (-11.22825, -1.537598, -20.429333), (-32.42454, 0, -0.000010430813), (-24.819914, -0.000008940697, 0), (-6.671352, -17.055737, 0.000016391277), (-4.7390475, -0.000029802322, 0.0000052154064), (0.000007152557, -4.7683716e-7, 0), (-8.576325, -8.278082, -0.462529), (0.0007286072, -0.000008448958, -0.0000019073486), (-11.199567, -0.035018474, -0.043551624), (-18.009722, -0.0350222, -0.043551624), (-24.819923, -0.03502518, -0.043551624), (-4.795967, 0.038744137, -0.087117404), (-15.934422, 0.03874451, -0.08711517), (-30.206478, 0.01938045, -0.043565035), (0, 26.531979, 24.471586), (-0.0000076293945, -34.376377, 21.884195), (0, 25.99179, -23.973352), (-0.000022888184, -34.378593, -21.659416)],
                4: [(0, 0, 0), (-1.50864, 80.695274, 4.329512), (1.6430031, 5.5879354e-7, 2.7939677e-7), (13.892761, 0.0000029802322, 0.0000014901161), (12.020995, 0.0000014901161, 0.0000018626451), (12.513335, 0.0000014901161, 0.0000024214387), (13.055579, 0.81392527, 4.823157), (19.673864, 3.7252903e-7, -0.00000782311), (30.822744, -0.000013411045, 0), (-0.0000076293945, 0.0000019073486, -0.000015258789), (11.908873, 3.7252903e-7, -0.000010430813), (22.08678, 0.0000040978193, -0.000011920929), (27.974525, 0.000011175871, -0.000011920929), (27.974531, -0.0000044703484, -0.000011920929), (5.085895, 1.1650931, -2.1608262), (12.188582, -0.9806223, 0.1488775), (7.1693, -0.000029243529, 0.000010337681), (5.131415, 0.00001564622, 0.0000048428774), (5.3426285, 0.80633235, -0.38716012), (11.7608, -1.1062012, 0.24382472), (7.917238, -7.4505806e-7, -0.000009685755), (5.6169195, -0.000016763806, 0.0000018626451), (-0.1273117, 0.17169951, -0.0149269095), (4.969654, 1.5808845, 3.4253187), (9.82045, 0.00016614795, -0.00033527613), (6.09123, -0.000013411045, 0.0000067055225), (4.5342236, -0.000013038516, -0.00000782311), (5.2818327, 1.0587298, 1.4208615), (10.881071, -0.9208076, 0.23678392), (7.3292055, 0.00002849847, 9.313226e-7), (5.4709005, -0.000029429793, -0.0000067055225), (2.870998, 1.8982232, -1.5809504), (6.709365, -0.0000022351742, 0.0000024214387), (6.3593807, -0.000021606684, -0.000008288771), (6.550904, 0.000016391277, 0.0000033527613), (8.722115, 14.0007925, -0.76108736), (12.915063, -0.0000067055225, 0.0000044703484), (21.502687, -0.0000074505806, 0.000014901161), (30.822744, -0.000013411045, 0.0000029802322), (16.546726, -2.7511106, 0.0000037252903), (10.22012, 0.0000037252903, 0.0000050175004), (21.783766, 0.0000044703484, 0.000012200326), (21.783766, 0.0000044703484, 0.000012200326), (9.281769, 9.595388, 1.1920929e-7), (9.281799, 9.595389, -5.239812), (-0.0000023841856, -0.000045776367, -0.0000019073486), (9.281769, 9.595388, 5.239666), (4.7683716e-7, 0, -0.0000019073486), (20.646484, -0.0000014305115, 0), (13.055262, 0.8139208, -4.823158), (-19.673798, 0.0000052154064, 0.00016838312), (-30.82232, 0.000024586916, 0.0005722046), (0.0000076293945, -0.0000038146973, -0.000022888184), (-11.909336, 0.000018626451, -0.0004976988), (-22.086603, -0.000016391277, 0.000058859587), (-27.974504, -0.000010430813, -0.00011175871), (-27.974522, -0.000008940697, -0.00011473894), (-5.0861516, -1.1653749, 2.1608202), (-12.18867, 0.98057985, -0.14889725), (-7.169302, 0.000074878335, 0.000008568168), (-5.13137, -0.00009275973, 0.000018626451), (-5.342999, -0.8065727, 0.38714576), (-11.76079, 1.106216, -0.24381298), (-7.917133, -0.000043958426, -0.0000022351742), (-5.6169744, -0.00004656613, -0.0000011175871), (0.12732697, -0.17167662, 0.0149269095), (-4.9699335, -1.5811373, -3.4253128), (-9.820524, -0.00013634562, 0.00034626573), (-6.0912466, -0.000030174851, -0.000012665987), (-4.5341187, -0.00007599592, -0.00003091991), (-5.2821608, -1.0590355, -1.4208705), (-10.881083, 0.9207301, -0.236783), (-7.329171, 0.000032037497, 0.000016391277), (-5.4708605, 0.00003129244, -0.000010803342), (-2.8713198, -1.8984655, 1.5809419), (-6.7094126, -0.00006761402, 0.00012218952), (-6.359364, -0.0000019557774, -0.0000052154064), (-6.550929, -0.00005029142, -0.000120699406), (-8.727295, -14.284943, 0.7733478), (-12.91453, 0.000026077032, 0.00046789646), (-21.502726, 0.0000059604645, 0.00008940697), (-30.822325, 0.000028684735, 0.00056028366), (0, -28.051287, 1.1920929e-7), (-11.228223, -1.5375926, 20.42933), (32.424553, 0.0000029802322, -0.0000029802322), (24.819965, 8.381903e-7, -0.0000059604645), (6.671348, 17.055746, -0.000010430813), (4.739108, 0.000014901161, -0.00000782311), (-0.000008106232, -3.5762787e-7, -0.0000019073486), (8.296532, 8.291412, 0.43798065), (-0.0007286072, 0.000008285046, 0.0000076293945), (11.19962, 0.035020567, 0.043539703), (18.009789, 0.035017915, 0.043544173), (24.819979, 0.03502341, 0.043538213), (4.7959156, -0.03874488, 0.08710865), (15.934383, -0.038746, 0.08711666), (30.206478, -0.01937747, 0.043557584), (-11.228247, -1.5375985, -20.429335), (-32.424538, -0.0000029802322, -0.000010430813), (-24.81993, 0, 0.000008195639), (-6.671353, -17.05575, 0.000008940697), (-4.739052, -0.00003192399, 0.0000048428774), (0.000007152557, -4.7683716e-7, 0), (-8.576325, -8.278082, -0.462529), (0.0007286072, -0.000008448958, -0.0000019073486), (-11.199572, -0.03501624, -0.04354827), (-18.009735, -0.03501624, -0.043547526), (-24.819933, -0.03501773, -0.04354492), (-4.795967, 0.03874339, -0.08711703), (-15.934422, 0.03874451, -0.08711666), (-30.20648, 0.01937747, -0.043565035), (0, 26.531979, 24.471586), (-0.0000076293945, -34.376377, 21.884195), (0, 25.99179, -23.973352), (-0.000022888184, -34.378593, -21.659416)],
                5: [(0, 0, 0), (-1.3605734, 75.59037, 3.3562036), (1.6430047, 1.8626451e-7, -1.3969839e-7), (13.892767, 0, -0.0000011175871), (12.0209875, 0.0000029802322, 0.0000029802322), (12.513338, 0.0000014901161, 0.0000052154064), (13.055568, 0.8139305, 4.82316), (19.673862, -3.7252903e-7, -0.000008754432), (30.822739, -0.000022351742, -0.0000067055225), (-0.0000076293945, 0.0000019073486, -0.000015258789), (11.908863, -0.0000027939677, -0.000008940697), (22.08676, -0.0000033527613, -0.000008940697), (27.974499, 0.000010058284, -0.000008940697), (27.97451, -0.0000037252903, -0.000014901161), (5.085889, 1.165092, -2.1608226), (12.18858, -0.98062456, 0.14888272), (7.1692877, -0.000029895455, 0.0000040978193), (5.1314073, 0.000016018748, 0.0000037252903), (5.3426194, 0.8063335, -0.38715637), (11.760788, -1.1062033, 0.24382845), (7.917212, -0.000003632158, -0.000008940697), (5.6169043, -0.000014901161, -0.0000048428774), (-0.1273117, 0.17169951, -0.0149269095), (4.969651, 1.5808828, 3.4253201), (9.820443, 0.00016540289, -0.00033006072), (6.091224, -0.000014156103, 0.000010803342), (4.5342193, -0.000010617077, -0.0000059604645), (5.2818317, 1.0587265, 1.4208645), (10.881061, -0.9208106, 0.23678914), (7.329186, 0.000027753413, 0.0000035390258), (5.470892, -0.00002682209, -0.000009313226), (2.870998, 1.8982217, -1.5809487), (6.709361, -0.0000029802322, -4.1909516e-7), (6.3593826, -0.000026077032, -0.0000031664968), (6.550897, 0.000012974488, 0.0000052154064), (8.722115, 14.0007925, -0.76108736), (12.915061, -0.000009685755, 0.0000031664968), (21.502686, -0.000013411045, 0.000013411045), (30.822737, -0.00001937151, -0.0000052154064), (16.546715, -2.7511091, 0.0000070780516), (10.220105, 0.000010430813, 0.0000067520887), (21.783756, 0.000011920929, 0.000015459955), (21.783756, 0.000011920929, 0.000015459955), (9.281769, 9.595388, 1.1920929e-7), (9.281799, 9.595389, -5.239812), (-0.0000023841856, -0.000045776367, -0.0000019073486), (9.281769, 9.595388, 5.239666), (4.7683716e-7, 0, -0.0000019073486), (20.646484, -0.0000014305115, 0), (13.055244, 0.8139238, -4.8231516), (-19.673796, 0.0000014901161, 0.00016056001), (-30.822308, 0.0000037252903, 0.0005736947), (0.0000076293945, -0.0000038146973, -0.000022888184), (-11.90933, 0.000018626451, -0.0004902482), (-22.086588, -0.000023841858, 0.000071525574), (-27.974487, -0.000016391277, -0.00009685755), (-27.974504, -0.000011920929, -0.000101327896), (-5.0861444, -1.1653712, 2.1608295), (-12.18867, 0.9805776, -0.14890134), (-7.1693063, 0.00007599592, 0.000008195639), (-5.1313734, -0.00008940697, 0.000014156103), (-5.3429966, -0.8065712, 0.38714856), (-11.760789, 1.1062168, -0.24381168), (-7.91713, -0.00004172325, -3.7252903e-7), (-5.616973, -0.000043958426, 0.0000026077032), (0.12732697, -0.17167662, 0.0149269095), (-4.9699326, -1.5811354, -3.4253113), (-9.820525, -0.00013783574, 0.00034235418), (-6.0912457, -0.000029057264, -0.000014901161), (-4.534123, -0.000075250864, -0.00002719462), (-5.2821593, -1.0590345, -1.4208689), (-10.88108, 0.92072934, -0.2367828), (-7.329172, 0.00003390014, 0.000011920929), (-5.470861, 0.000030174851, -0.000010058284), (-2.8713176, -1.8984646, 1.5809424), (-6.7094116, -0.00006193295, 0.00012293458), (-6.3593636, -0.000003911555, -0.0000074505806), (-6.550926, -0.000050477684, -0.00012293458), (-8.727295, -14.284943, 0.7733478), (-12.91452, 0.000018067658, 0.0004708767), (-21.502716, -0.00000782311, 0.000086426735), (-30.82231, 0.000008568168, 0.0005558133), (0, -28.051287, 1.1920929e-7), (-11.2282295, -1.5375957, 20.429342), (32.424553, 0, 0), (24.819956, 0.0000034458935, -0.0000029802322), (6.6713476, 17.05574, -0.000014901161), (4.7391033, 0.000016763806, -0.0000063329935), (-0.000008106232, -3.5762787e-7, -0.0000019073486), (8.296532, 8.291412, 0.43798065), (-0.0007286072, 0.000008285046, 0.0000076293945), (11.199617, 0.03501694, 0.043536723), (18.009783, 0.035022154, 0.043542683), (24.81997, 0.03502574, 0.043535233), (4.795912, -0.038745627, 0.08711014), (15.934382, -0.03874749, 0.08711591), (30.20648, -0.01937747, 0.043560565), (-11.22825, -1.5375932, -20.429337), (-32.424553, 0.0000029802322, -0.0000074505806), (-24.819927, -0.0000029802322, 0.0000055879354), (-6.671352, -17.055746, 0.000011920929), (-4.739051, -0.000031886157, 0.0000067055225), (0.000007152557, -4.7683716e-7, 0), (-8.576325, -8.278082, -0.462529), (0.0007286072, -0.000008448958, -0.0000019073486), (-11.199571, -0.035015494, -0.043549296), (-18.009731, -0.03501773, -0.043548085), (-24.819935, -0.03502071, -0.043546967), (-4.7959676, 0.03874451, -0.08711703), (-15.934424, 0.038746, -0.08711293), (-30.206486, 0.01938194, -0.043565035), (0, 26.531979, 24.471586), (-0.0000076293945, -34.376377, 21.884195), (0, 25.99179, -23.973352), (-0.000022888184, -34.378593, -21.659416)],
                6: [(0, 0, 0), (-1.0238959, 74.66571, 3.239056), (1.6430031, 5.5879354e-7, 2.7939677e-7), (13.89277, 0, -0.0000014901161), (12.020999, -0.0000014901161, 1.8626451e-7), (12.51334, 0.0000014901161, 0.0000052154064), (13.055571, 0.8139312, 4.8231616), (19.673864, 0.0000022351742, -0.000011944212), (30.822748, -0.000008940697, -0.0000052154064), (-0.0000076293945, 0.0000019073486, -0.000015258789), (11.908873, -0.000002316665, -0.000013411045), (22.086777, 0.0000022351742, -0.0000059604645), (27.97452, -9.080395e-7, -0.000014901161), (27.974525, -1.6298145e-7, -0.000014901161), (5.0858936, 1.1650897, -2.1608279), (12.188583, -0.9806268, 0.14887452), (7.1692944, -0.000028824434, 0.000009126961), (5.131405, 0.000017136335, 0.0000022351742), (5.3426228, 0.80633295, -0.38715714), (11.760797, -1.1062052, 0.243821), (7.9172215, -0.0000027939677, -0.00000782311), (5.616907, -0.000012293458, -3.7252903e-7), (-0.1273117, 0.17169951, -0.0149269095), (4.969654, 1.5808821, 3.4253232), (9.82045, 0.0001648441, -0.00032931566), (6.0912237, -0.000016577542, 0.000012665987), (4.534218, -0.000012200326, -0.0000074505806), (5.2818327, 1.0587269, 1.4208608), (10.881071, -0.92080945, 0.23679361), (7.3292017, 0.000032316893, 0.0000063329935), (5.470897, -0.000030361116, -0.000013038516), (2.8709986, 1.8982217, -1.5809526), (6.709362, -0.0000044703484, 7.4505806e-7), (6.35938, -0.000020116568, -0.0000022351742), (6.550899, 0.00000949949, 0.0000048428774), (8.722115, 14.0007925, -0.76108736), (12.915066, -0.0000029802322, 0.0000048428774), (21.50269, -0.0000059604645, 0.000012293458), (30.822742, -0.0000059604645, -9.313226e-7), (16.546715, -2.7511046, 0.000011175871), (10.220123, 0.0000052154064, 0.0000027939677), (21.783777, 0.0000029802322, 0.0000067055225), (21.783777, 0.0000029802322, 0.0000067055225), (9.281769, 9.595388, 1.1920929e-7), (9.281799, 9.595389, -5.239812), (-0.0000023841856, -0.000045776367, -0.0000019073486), (9.281769, 9.595388, 5.239666), (4.7683716e-7, 0, -0.0000019073486), (20.646484, -0.0000014305115, 0), (13.055243, 0.8139238, -4.8231473), (-19.673798, 0.0000018626451, 0.00016130507), (-30.822313, 0.000009685755, 0.0005751848), (0.0000076293945, -0.0000038146973, -0.000022888184), (-11.909327, 0.000017881393, -0.00049099326), (-22.086588, -0.00001937151, 0.00007301569), (-27.974483, -0.000008940697, -0.00009685755), (-27.9745, -0.0000029802322, -0.000098347664), (-5.086145, -1.1653697, 2.1608288), (-12.188667, 0.9805746, -0.14890246), (-7.1692934, 0.00007674098, 0.000011920929), (-5.1313715, -0.0000923872, 0.000021606684), (-5.3429947, -0.80656743, 0.38715136), (-11.760784, 1.1062175, -0.24380982), (-7.917127, -0.000043958426, 0.0000018626451), (-5.616971, -0.000048801303, 0.0000048428774), (0.12732697, -0.17167662, 0.0149269095), (-4.969935, -1.5811384, -3.425316), (-9.820524, -0.00013485551, 0.00034198165), (-6.091239, -0.000029429793, -0.0000115484), (-4.5341134, -0.00007674098, -0.000029802322), (-5.282157, -1.0590334, -1.4208677), (-10.881078, 0.9207308, -0.2367828), (-7.32917, 0.000032410026, 0.000014156103), (-5.470858, 0.000029802322, -0.000009313226), (-2.8713171, -1.8984627, 1.5809431), (-6.70941, -0.000070314854, 0.000121444464), (-6.359361, -0.000004749745, -0.000008195639), (-6.550924, -0.000051781535, -0.0001244247), (-8.727295, -14.284943, 0.7733478), (-12.91453, 0.000017136335, 0.00046864152), (-21.502716, -0.0000044703484, 0.000093877316), (-30.82231, 0.00001564622, 0.00056922436), (0, -28.051287, 1.1920929e-7), (-11.22822, -1.5375926, 20.429333), (32.42454, -0.0000029802322, 0.0000055879354), (24.819963, 0.0000040978193, -0.0000029802322), (6.671349, 17.055754, -0.000010430813), (4.739108, 0.000014901161, -0.0000074505806), (-0.000008106232, -3.5762787e-7, -0.0000019073486), (8.296532, 8.291412, 0.43798065), (-0.0007286072, 0.000008285046, 0.0000076293945), (11.199619, 0.035018567, 0.043539703), (18.009789, 0.03502015, 0.043542683), (24.819977, 0.03502462, 0.043538213), (4.7959156, -0.038745254, 0.087109625), (15.934382, -0.03874749, 0.087119356), (30.206478, -0.01937747, 0.04356373), (-11.228247, -1.5375983, -20.429333), (-32.42454, -0.0000029802322, -0.000013411045), (-24.819923, -0.0000029802322, 0.0000037252903), (-6.671353, -17.055742, 0.000016391277), (-4.7390513, -0.00003192108, 0.0000070780516), (0.000007152557, -4.7683716e-7, 0), (-8.576325, -8.278082, -0.462529), (0.0007286072, -0.000008448958, -0.0000019073486), (-11.199568, -0.035015494, -0.043550506), (-18.009726, -0.03501922, -0.043553114), (-24.81993, -0.03502071, -0.043551624), (-4.7959633, 0.038744137, -0.087116845), (-15.934422, 0.03874451, -0.08711442), (-30.20648, 0.01937747, -0.043568015), (0, 26.531979, 24.471586), (-0.0000076293945, -34.376377, 21.884195), (0, 25.99179, -23.973352), (-0.000022888184, -34.378593, -21.659416)],
                7: [(0, 0, 0), (-0.5979233, 76.03675, 4.401497), (1.6430073, -1.8626451e-7, 4.656613e-7), (13.892757, 0.0000059604645, 0.0000070780516), (12.020985, 0.0000059604645, 0.000007636845), (12.513332, 0.0000074505806, 0.000010058284), (13.055572, 0.8139342, 4.823161), (19.673864, 0.0000029802322, -0.00002272427), (30.822737, -0.0000059604645, -0.00001937151), (-0.0000076293945, 0.0000019073486, -0.000015258789), (11.908862, 0.0000011175871, -0.000011920929), (22.08676, -0.00000782311, -0.000008940697), (27.974499, -0.0000067055225, -0.000011920929), (27.97451, -0.000015087426, -0.000011920929), (5.085891, 1.1650883, -2.1608214), (12.188579, -0.9806268, 0.14887825), (7.1692934, -0.000035762787, 0.0000059604645), (5.131405, 0.000020116568, -0.0000029802322), (5.3426204, 0.8063298, -0.38715786), (11.760794, -1.1062092, 0.2438277), (7.917212, -0.000008195639, 0.0000013038516), (5.616901, -0.000013224781, 0), (-0.1273117, 0.17169951, -0.0149269095), (4.969652, 1.580878, 3.4253201), (9.820445, 0.00015925616, -0.00032261014), (6.091226, -0.000018812716, 0.000013411045), (4.5342174, -0.000014790567, -0.0000063329935), (5.281828, 1.0587221, 1.4208615), (10.881059, -0.9208159, 0.23679361), (7.3291974, 0.00002719462, 0.0000067055225), (5.4708915, -0.000028312206, -0.000008940697), (2.8709958, 1.8982202, -1.5809454), (6.709358, -0.0000052154064, 0.0000029802322), (6.359382, -0.000026344787, -0.0000029802322), (6.5508976, 0.000011920929, 0.0000067055225), (8.722115, 14.0007925, -0.76108736), (12.915057, -0.0000059604645, -0.0000037252903), (21.50268, -0.0000074505806, 0.0000022351742), (30.822737, -0.0000059604645, -0.000017136335), (16.546703, -2.7511, 0.000012665987), (10.220103, 0.000012665987, 0.000010570511), (21.783749, 0.000013411045, 0.000023655593), (21.783749, 0.000013411045, 0.000023655593), (9.281769, 9.595388, 1.1920929e-7), (9.281799, 9.595389, -5.239812), (-0.0000023841856, -0.000045776367, -0.0000019073486), (9.281769, 9.595388, 5.239666), (4.7683716e-7, 0, -0.0000019073486), (20.646484, -0.0000014305115, 0), (13.055235, 0.81392974, -4.823142), (-19.673801, 0.0000027939677, 0.00015934929), (-30.822304, 0.0000059604645, 0.00058859587), (0.0000076293945, -0.0000038146973, -0.000022888184), (-11.909313, 0.000016391277, -0.00047832727), (-22.086565, -0.000008940697, 0.00008791685), (-27.974453, -0.0000044703484, -0.00007748604), (-27.974468, -0.0000044703484, -0.000071525574), (-5.0861397, -1.1653656, 2.1608279), (-12.188658, 0.9805802, -0.14889874), (-7.169281, 0.00007599592, 0.000010430813), (-5.13136, -0.00009518117, 0.000012293458), (-5.34299, -0.80656636, 0.38715416), (-11.760775, 1.1062238, -0.24380386), (-7.917106, -0.000044703484, 0.0000026077032), (-5.616956, -0.000047683716, -0.0000048428774), (0.12732697, -0.17167662, 0.0149269095), (-4.9699264, -1.581137, -3.425312), (-9.82051, -0.00013262033, 0.00035203993), (-6.0912313, -0.000024959445, -0.000014528632), (-4.5341077, -0.00007711351, -0.00003501773), (-5.2821507, -1.05903, -1.4208652), (-10.881068, 0.9207345, -0.23677759), (-7.3291516, 0.000033155084, 0.000010430813), (-5.470843, 0.000026449561, -0.000012293458), (-2.8713171, -1.898463, 1.5809368), (-6.7094007, -0.00006896444, 0.00012218952), (-6.3593507, -0.000003259629, -0.0000074505806), (-6.5509124, -0.000051409006, -0.00012218952), (-8.727295, -14.284943, 0.7733478), (-12.914523, 0.000017136335, 0.00047534704), (-21.502716, -0.0000074505806, 0.000098347664), (-30.8223, 0.000011920929, 0.0005826354), (0, -28.051287, 1.1920929e-7), (-11.228216, -1.5375926, 20.429327), (32.424522, -0.000011920929, 0.000019744039), (24.819937, -0.0000026077032, -0.0000029802322), (6.6713386, 17.055714, -0.000016018748), (4.739102, 0.000013783574, -0.0000044703484), (-0.000008106232, -3.5762787e-7, -0.0000019073486), (8.296532, 8.291412, 0.43798065), (-0.0007286072, 0.000008285046, 0.0000076293945), (11.19961, 0.035016984, 0.043539703), (18.00977, 0.035018846, 0.043545663), (24.81995, 0.03502071, 0.043535233), (4.79591, -0.03874749, 0.087112606), (15.934374, -0.03875345, 0.08712765), (30.206459, -0.01938641, 0.0435777), (-11.228251, -1.5376022, -20.429329), (-32.424538, -0.0000059604645, -0.00001564622), (-24.819923, -0.0000029802322, 0.0000033527613), (-6.6713543, -17.055742, 0.000014156103), (-4.739049, -0.0000316184, 0.0000052154064), (0.000007152557, -4.7683716e-7, 0), (-8.576325, -8.278082, -0.462529), (0.0007286072, -0.000008448958, -0.0000019073486), (-11.199568, -0.03501624, -0.043550134), (-18.009727, -0.03501773, -0.043550134), (-24.81993, -0.03502369, -0.04354678), (-4.795961, 0.03874302, -0.087117314), (-15.934412, 0.03874302, -0.08711927), (-30.206472, 0.01937747, -0.04357174), (0, 26.531979, 24.471586), (-0.0000076293945, -34.376377, 21.884195), (0, 25.99179, -23.973352), (-0.000022888184, -34.378593, -21.659416)],
                8: [(0, 0, 0), (-0.17683163, 79.11995, 5.5485134), (1.6430035, 1.8626451e-7, 4.656613e-8), (13.892773, -0.0000014901161, -0.0000014901161), (12.020999, -0.0000014901161, -9.313226e-7), (12.51334, 0.0000014901161, -1.8626451e-7), (13.055578, 0.8139238, 4.8231544), (19.673866, -0.0000029802322, -0.00001564622), (30.82276, 0.0000029802322, 0.000011175871), (-0.0000076293945, 0.0000019073486, -0.000015258789), (11.908874, 0.000005029142, -0.000014901161), (22.086782, 0.0000011175871, -0.000010430813), (27.974527, 0.0000070780516, -0.000011920929), (27.974543, -0.0000022351742, -0.000014901161), (5.0858965, 1.1650918, -2.160824), (12.188593, -0.98061895, 0.14887527), (7.1693106, -0.000032410026, 0.000008102506), (5.1314154, 0.000014062971, 0.0000040978193), (5.342625, 0.8063309, -0.38716084), (11.760801, -1.1062032, 0.24381652), (7.917228, -0.0000029802322, -0.0000029802322), (5.6169124, -0.000014610123, 7.4505806e-7), (-0.1273117, 0.17169951, -0.0149269095), (4.969654, 1.5808824, 3.4253168), (9.82045, 0.00016279519, -0.00033304095), (6.0912294, -0.00001695007, 0.000008195639), (4.5342193, -0.000016018748, -0.0000048428774), (5.281837, 1.0587289, 1.4208652), (10.881072, -0.92081016, 0.23678988), (7.329207, 0.000029802322, 0.0000048428774), (5.4708967, -0.00002766028, -0.000008568168), (2.8710043, 1.8982259, -1.580948), (6.709367, 0.0000022351742, -7.4505806e-7), (6.3593955, -0.000020116568, -0.0000067055225), (6.5509124, 0.000012665987, -0.0000016763806), (8.722115, 14.0007925, -0.76108736), (12.915068, 0, 0.000005401671), (21.502699, 0.0000044703484, 0.000024586916), (30.822754, 0.0000059604645, 0.000011920929), (16.546732, -2.751118, -0.0000026077032), (10.220124, 0.0000037252903, -0.0000027823262), (21.78379, -0.0000044703484, -0.0000057043508), (21.78379, -0.0000044703484, -0.0000057043508), (9.281769, 9.595388, 1.1920929e-7), (9.281799, 9.595389, -5.239812), (-0.0000023841856, -0.000045776367, -0.0000019073486), (9.281769, 9.595388, 5.239666), (4.7683716e-7, 0, -0.0000019073486), (20.646484, -0.0000014305115, 0), (13.055261, 0.8139223, -4.8231645), (-19.673801, 0.0000071246177, 0.00016973354), (-30.822334, 0.00003427267, 0.0005699694), (0.0000076293945, -0.0000038146973, -0.000022888184), (-11.909334, 0.000021792948, -0.00050365925), (-22.086607, -0.00000782311, 0.000050663948), (-27.97451, 0.0000022351742, -0.00012516975), (-27.974527, -0.000010058284, -0.00012516975), (-5.0861487, -1.1653715, 2.1608274), (-12.188668, 0.9805787, -0.14890209), (-7.169307, 0.00007972121, 0.0000074505806), (-5.1313734, -0.00009497162, 0.000020861626), (-5.342998, -0.80656856, 0.3871493), (-11.760791, 1.1062171, -0.24381578), (-7.9171343, -0.00004544854, 0.0000052154064), (-5.6169806, -0.00004293397, -3.7252903e-7), (0.12732697, -0.17167662, 0.0149269095), (-4.9699397, -1.5811414, -3.4253213), (-9.820535, -0.00013560057, 0.0003412366), (-6.0912566, -0.00003054738, -0.00001937151), (-4.5341277, -0.00007599592, -0.000035762787), (-5.282166, -1.0590371, -1.4208745), (-10.881088, 0.9207323, -0.23678765), (-7.3291726, 0.0000346452, 0.000010430813), (-5.470862, 0.000029150397, -0.000014528632), (-2.8713222, -1.8984659, 1.5809431), (-6.7094216, -0.00006314367, 0.00012293458), (-6.3593664, -0.00000949949, -0.0000067055225), (-6.5509334, -0.00004717149, -0.00012293458), (-8.727295, -14.284943, 0.7733478), (-12.9145355, 0.000029057264, 0.0004671514), (-21.502733, 0.000011175871, 0.00008717179), (-30.82233, 0.000037252903, 0.0005610287), (0, -28.051287, 1.1920929e-7), (-11.228225, -1.5375942, 20.429337), (32.42456, 0.0000059604645, -0.0000052154064), (24.819962, 0.0000052154064, -0.000008940697), (6.6713505, 17.055756, -0.000008195639), (4.739109, 0.000016018748, -0.000008568168), (-0.000008106232, -3.5762787e-7, -0.0000019073486), (8.296532, 8.291412, 0.43798065), (-0.0007286072, 0.000008285046, 0.0000076293945), (11.19962, 0.035018474, 0.043538958), (18.009785, 0.035022944, 0.043544173), (24.819977, 0.03502667, 0.043541193), (4.7959137, -0.038746, 0.08710828), (15.934387, -0.038746, 0.08711442), (30.20649, -0.01937151, 0.043553114), (-11.22825, -1.5375971, -20.429335), (-32.424553, 0.0000029802322, -0.000004982576), (-24.819925, -0.0000029802322, 0.0000067055225), (-6.6713495, -17.055754, 0.0000067055225), (-4.7390532, -0.000030791853, 0.0000055879354), (0.000007152557, -4.7683716e-7, 0), (-8.576325, -8.278082, -0.462529), (0.0007286072, -0.000008448958, -0.0000019073486), (-11.199572, -0.035015494, -0.04354939), (-18.00973, -0.03501773, -0.043549016), (-24.819935, -0.03502369, -0.04354641), (-4.7959642, 0.038744137, -0.0871156), (-15.934424, 0.03874749, -0.087113366), (-30.206484, 0.01938045, -0.043562394), (0, 26.531979, 24.471586), (-0.0000076293945, -34.376377, 21.884195), (0, 25.99179, -23.973352), (-0.000022888184, -34.378593, -21.659416)],
                9: [(0, 0, 0), (0.19589613, 82.60982, 6.1329346), (1.643006, 0, 1.8626451e-7), (13.892762, 0.0000029802322, 0.0000040978193), (12.020991, 0.0000044703484, 0.0000037252903), (12.513333, 0.0000044703484, 0.0000035390258), (13.055579, 0.813926, 4.8231564), (19.673862, 0.0000018626451, -0.000017881393), (30.822748, 0, -0.0000022351742), (-0.0000076293945, 0.0000019073486, -0.000015258789), (11.9088745, -0.0000026077032, -0.000009685755), (22.08678, -0.0000067055225, -0.000008940697), (27.974525, -0.0000029802322, -0.000013411045), (27.974527, -0.0000014901161, -0.000017881393), (5.0859, 1.1650933, -2.1608245), (12.188586, -0.9806253, 0.14887154), (7.1693106, -0.000032782555, 0.0000062398612), (5.131412, 0.000018277206, 3.7252903e-7), (5.3426294, 0.80633533, -0.38715824), (11.760798, -1.106204, 0.24382025), (7.917221, -0.0000033527613, -0.000006146729), (5.616904, -0.000016391277, 0.0000026077032), (-0.1273117, 0.17169951, -0.0149269095), (4.9696574, 1.5808843, 3.4253201), (9.82046, 0.00016763806, -0.00033006072), (6.091233, -0.000014528632, 0.0000052154064), (4.534225, -0.000012293458, -0.0000115484), (5.281832, 1.0587289, 1.4208609), (10.881071, -0.92080903, 0.23678765), (7.329206, 0.000030174851, 0.000005401671), (5.470902, -0.000027567148, -0.000010058284), (2.8709996, 1.8982209, -1.5809522), (6.709367, 0.000002514571, -3.7252903e-7), (6.359392, -0.000021234155, -0.000008940697), (6.550904, 0.000013411045, 0.0000022351742), (8.722115, 14.0007925, -0.76108736), (12.915068, -7.4505806e-7, 0.0000067055225), (21.502691, 0.0000029802322, 0.00001564622), (30.822744, 0.0000029802322, -0.0000014901161), (16.54673, -2.7511134, -0.0000011175871), (10.220123, 0.0000029802322, 7.1013346e-7), (21.783781, 0, 4.5401976e-7), (21.783781, 0, 4.5401976e-7), (9.281769, 9.595388, 1.1920929e-7), (9.281799, 9.595389, -5.239812), (-0.0000023841856, -0.000045776367, -0.0000019073486), (9.281769, 9.595388, 5.239666), (4.7683716e-7, 0, -0.0000019073486), (20.646484, -0.0000014305115, 0), (13.055258, 0.8139238, -4.8231606), (-19.673801, 0.000009313226, 0.00017117709), (-30.82232, 0.000028312206, 0.00057742), (0.0000076293945, -0.0000038146973, -0.000022888184), (-11.909339, 0.00001359731, -0.0005029142), (-22.086605, -0.000009685755, 0.000049173832), (-27.974504, 0.0000011175871, -0.00012814999), (-27.974527, -0.0000074505806, -0.00012814999), (-5.0861487, -1.1653761, 2.1608226), (-12.188678, 0.98057145, -0.14890581), (-7.169321, 0.000076927245, 0.0000048428774), (-5.131388, -0.00009145588, 0.000017881393), (-5.343005, -0.8065717, 0.38714558), (-11.760794, 1.106219, -0.24381056), (-7.9171376, -0.000046752393, -0.0000037252903), (-5.61698, -0.000046286732, 0.0000044703484), (0.12732697, -0.17167662, 0.0149269095), (-4.969943, -1.5811398, -3.4253185), (-9.820538, -0.00013932586, 0.00033825636), (-6.0912585, -0.000030943193, -0.000014901161), (-4.5341296, -0.00007592607, -0.000027567148), (-5.282169, -1.0590372, -1.4208748), (-10.881092, 0.92072654, -0.2367951), (-7.3291855, 0.000031851232, 0.000011175871), (-5.4708652, 0.00003273599, -0.0000037252903), (-2.8713222, -1.8984653, 1.5809427), (-6.709425, -0.000071153045, 0.000120699406), (-6.35937, -0.000013411045, -0.0000067055225), (-6.550936, -0.000053085387, -0.00011995435), (-8.727295, -14.284943, 0.7733478), (-12.914534, 0.000029057264, 0.00047050416), (-21.502724, 0.000010430813, 0.00009313226), (-30.822319, 0.000037252903, 0.0005707145), (0, -28.051287, 1.1920929e-7), (-11.228226, -1.5375972, 20.429335), (32.424545, -0.0000029802322, 0.0000059604645), (24.819965, 0.0000074505806, -0.000008940697), (6.6713467, 17.055746, -0.000008940697), (4.7391067, 0.000016763806, -0.0000063329935), (-0.000008106232, -3.5762787e-7, -0.0000019073486), (8.296532, 8.291412, 0.43798065), (-0.0007286072, 0.000008285046, 0.0000076293945), (11.199622, 0.03501773, 0.043537468), (18.009789, 0.035022944, 0.043542683), (24.819977, 0.03502816, 0.043535233), (4.7959146, -0.038745254, 0.087109864), (15.934387, -0.03874451, 0.08711927), (30.206472, -0.01937747, 0.043560565), (-11.228249, -1.5375972, -20.429333), (-32.424538, -0.0000029802322, -0.000016018748), (-24.81992, -0.0000059604645, 7.4505806e-7), (-6.671348, -17.055754, 0.0000067055225), (-4.739052, -0.00003091991, 0.0000055879354), (0.000007152557, -4.7683716e-7, 0), (-8.576325, -8.278082, -0.462529), (0.0007286072, -0.000008448958, -0.0000019073486), (-11.19957, -0.035015494, -0.043550134), (-18.009727, -0.03501922, -0.04355423), (-24.819925, -0.03502369, -0.04354939), (-4.7959657, 0.03874451, -0.08711703), (-15.934415, 0.03874451, -0.087117404), (-30.206478, 0.01937449, -0.043569878), (0, 26.531979, 24.471586), (-0.0000076293945, -34.376377, 21.884195), (0, 25.99179, -23.973352), (-0.000022888184, -34.378593, -21.659416)],
                10: [(0, 0, 0), (0.49247676, 85.90784, 5.919287), (1.6430099, -9.313226e-7, -4.656613e-8), (13.892773, 0, -0.0000011175871), (12.020993, 0.0000014901161, -0.0000016763806), (12.513347, -0.0000014901161, -0.0000024214387), (13.055579, 0.81392455, 4.823156), (19.673866, -0.0000026077032, -0.000014901161), (30.82276, 0.0000029802322, 0.000010430813), (-0.0000076293945, 0.0000019073486, -0.000015258789), (11.908887, -3.7252903e-7, -0.000008940697), (22.08679, 0.00000782311, -0.000008940697), (27.974548, 0.000010058284, -0.000010430813), (27.974548, 0.000011175871, -0.000013411045), (5.0859, 1.1650922, -2.1608274), (12.188593, -0.98062086, 0.14887005), (7.1693106, -0.000032410026, 0.000004656613), (5.1314116, 0.000016088597, 0.0000026077032), (5.34263, 0.8063383, -0.38716012), (11.760804, -1.1061974, 0.24381876), (7.9172344, 0, -0.000006519258), (5.616916, -0.000011269003, -0.0000018626451), (-0.1273117, 0.17169951, -0.0149269095), (4.9696617, 1.5808884, 3.4253244), (9.820456, 0.00016763806, -0.00033266842), (6.0912313, -0.000018253922, 0.000008568168), (4.5342216, -0.000017881393, -0.000004284084), (5.2818346, 1.0587308, 1.4208615), (10.881071, -0.9208098, 0.23678541), (7.3292046, 0.00003390014, -7.4505806e-7), (5.4709053, -0.000032782555, -0.0000063329935), (2.871007, 1.8982264, -1.5809495), (6.7093716, 8.8475645e-7, -0.0000029802322), (6.359393, -0.000023841858, -0.000010058284), (6.55092, 0.00001937151, -0.0000022002496), (8.722115, 14.0007925, -0.76108736), (12.915073, 0.0000037252903, 0.000011920929), (21.502699, 0.0000044703484, 0.000023841858), (30.822754, 0.0000029802322, 0.000010430813), (16.546736, -2.7511165, -0.0000011175871), (10.220127, 0.0000022351742, -9.313226e-8), (21.783785, -0.0000014901161, 0.0000011874363), (21.783785, -0.0000014901161, 0.0000011874363), (9.281769, 9.595388, 1.1920929e-7), (9.281799, 9.595389, -5.239812), (-0.0000023841856, -0.000045776367, -0.0000019073486), (9.281769, 9.595388, 5.239666), (4.7683716e-7, 0, -0.0000019073486), (20.646484, -0.0000014305115, 0), (13.055262, 0.8139223, -4.823163), (-19.673801, 0.000008754432, 0.00016875565), (-30.822334, 0.00003129244, 0.0005699694), (0.0000076293945, -0.0000038146973, -0.000022888184), (-11.909339, 0.000020489097, -0.0005066395), (-22.086615, -0.00001564622, 0.000047683716), (-27.974514, -0.0000022351742, -0.00013560057), (-27.974533, -0.0000059604645, -0.00013113022), (-5.0861487, -1.1653757, 2.1608207), (-12.188678, 0.9805714, -0.1489073), (-7.1693206, 0.00007825438, 0.0000055879354), (-5.1313796, -0.00008866191, 0.0000230968), (-5.343002, -0.8065704, 0.38714707), (-11.76079, 1.1062189, -0.24381429), (-7.9171352, -0.000048358925, -7.4505806e-7), (-5.6169868, -0.000046938658, 0.0000011175871), (0.12732697, -0.17167662, 0.0149269095), (-4.9699416, -1.5811367, -3.4253128), (-9.820539, -0.00013690442, 0.00033974648), (-6.0912585, -0.000032782555, -0.000016763806), (-4.534132, -0.0000762986, -0.000031664968), (-5.282166, -1.0590347, -1.4208704), (-10.881084, 0.92073095, -0.23679286), (-7.3291802, 0.000032014214, 0.00000782311), (-5.4708614, 0.000033760443, -0.0000067055225), (-2.8713238, -1.8984675, 1.5809417), (-6.709422, -0.000063702464, 0.00012256205), (-6.359365, -0.0000055879354, -0.0000067055225), (-6.5509334, -0.000051409006, -0.000120699406), (-8.727295, -14.284943, 0.7733478), (-12.914526, 0.000029057264, 0.00047311187), (-21.502733, 0.0000074505806, 0.00008866191), (-30.82233, 0.00003427267, 0.00056549907), (0, -28.051287, 1.1920929e-7), (-11.228225, -1.5375942, 20.429338), (32.424553, 0, 5.5879354e-7), (24.819967, 0.000008940697, -0.000008940697), (6.6713476, 17.055758, -0.000010430813), (4.739108, 0.000015366822, -0.0000063329935), (-0.000008106232, -3.5762787e-7, -0.0000019073486), (8.296532, 8.291412, 0.43798065), (-0.0007286072, 0.000008285046, 0.0000076293945), (11.199623, 0.035018474, 0.043535978), (18.009789, 0.03502518, 0.043538958), (24.819979, 0.03502816, 0.043533742), (4.7959156, -0.038744137, 0.08710852), (15.934383, -0.03874749, 0.08711647), (30.206484, -0.01937151, 0.043556746), (-11.22825, -1.5375957, -20.429335), (-32.424553, 0, -0.0000044703484), (-24.819935, 0, 0.000011175871), (-6.6713505, -17.055754, 0.0000074505806), (-4.7390532, -0.000031664968, 0.0000059604645), (0.000007152557, -4.7683716e-7, 0), (-8.576325, -8.278082, -0.462529), (0.0007286072, -0.000008448958, -0.0000019073486), (-11.199576, -0.03501475, -0.04354678), (-18.009737, -0.03501624, -0.043542683), (-24.81994, -0.03501773, -0.043539703), (-4.7959642, 0.038742647, -0.08711573), (-15.934418, 0.03874451, -0.08711219), (-30.20649, 0.01938045, -0.043559074), (0, 26.531979, 24.471586), (-0.0000076293945, -34.376377, 21.884195), (0, 25.99179, -23.973352), (-0.000022888184, -34.378593, -21.659416)],
                11: [(0, 0, 0), (0.6602662, 87.4726, 5.4571486), (1.6430113, -9.313226e-7, 0), (13.89278, -0.0000044703484, -0.0000037252903), (12.021001, -0.0000029802322, -0.000004284084), (12.513343, -0.0000014901161, -0.0000029802322), (13.055578, 0.8139216, 4.823154), (19.673866, -0.0000011175871, -0.000014156103), (30.822754, 0.0000014901161, 0.000008940697), (-0.0000076293945, 0.0000019073486, -0.000015258789), (11.90888, -0.0000022351742, -0.000011175871), (22.086788, 7.4505806e-7, -0.0000059604645), (27.974527, 0.000008568168, -0.000013411045), (27.97454, 0, -0.000013411045), (5.085895, 1.1650892, -2.1608279), (12.188592, -0.9806227, 0.1488775), (7.169305, -0.000030174851, 0.0000013038516), (5.13141, 0.000012980308, 0.0000052154064), (5.342631, 0.8063359, -0.38715637), (11.760802, -1.1062015, 0.24381876), (7.9172316, 0, -0.0000052154064), (5.6169157, -0.000012572855, -0.0000018626451), (-0.1273117, 0.17169951, -0.0149269095), (4.9696608, 1.5808873, 3.4253232), (9.820455, 0.00016465783, -0.00033155084), (6.0912304, -0.00001527369, 0.0000070780516), (4.534222, -0.000018067658, -0.0000037252903), (5.281834, 1.0587279, 1.4208617), (10.881071, -0.92080605, 0.2367869), (7.3292146, 0.00003054738, 0.0000059604645), (5.470912, -0.000033155084, -0.00000782311), (2.871002, 1.8982221, -1.580951), (6.709365, 0.0000024680048, 0.0000037252903), (6.359384, -0.000028312206, -0.0000067055225), (6.550905, 0.000012665987, 0.0000013038516), (8.722115, 14.0007925, -0.76108736), (12.915069, 0.0000014901161, 0.000009313226), (21.502695, 0.0000014901161, 0.000018626451), (30.82275, 0.0000044703484, 0.000010430813), (16.546736, -2.751121, -0.0000052154064), (10.220133, -7.4505806e-7, -0.00000433065), (21.783798, -0.000008940697, -0.000009778887), (21.783798, -0.000008940697, -0.000009778887), (9.281769, 9.595388, 1.1920929e-7), (9.281799, 9.595389, -5.239812), (-0.0000023841856, -0.000045776367, -0.0000019073486), (9.281769, 9.595388, 5.239666), (4.7683716e-7, 0, -0.0000019073486), (20.646484, -0.0000014305115, 0), (13.055261, 0.8139208, -4.823167), (-19.673801, 0.0000052154064, 0.00016987324), (-30.82234, 0.00003427267, 0.0005662441), (0.0000076293945, -0.0000038146973, -0.000022888184), (-11.90935, 0.00001899898, -0.000513345), (-22.086632, -0.000017136335, 0.000028312206), (-27.974546, -0.000011920929, -0.00014901161), (-27.974558, -0.0000074505806, -0.00015050173), (-5.0861588, -1.1653794, 2.1608245), (-12.188692, 0.98056215, -0.1489088), (-7.1693344, 0.00007515773, -1.3969839e-7), (-5.1313944, -0.000087264925, 0.000021979213), (-5.3430114, -0.806575, 0.38714892), (-11.76081, 1.1062093, -0.24381727), (-7.9171576, -0.000047311187, 0.000002142042), (-5.6169925, -0.000043958426, 0.0000026077032), (0.12732697, -0.17167662, 0.0149269095), (-4.9699464, -1.5811436, -3.4253285), (-9.820546, -0.00014458783, 0.0003375113), (-6.0912685, -0.000029057264, -0.000017369166), (-4.534131, -0.00007149065, -0.000028684735), (-5.2821746, -1.0590391, -1.4208741), (-10.881104, 0.9207226, -0.23679584), (-7.3291965, 0.000028312206, 0.0000014901161), (-5.470868, 0.000033946708, -0.0000037252903), (-2.871324, -1.8984739, 1.5809394), (-6.709437, -0.00007227063, 0.00012423843), (-6.359385, -0.000016018748, -0.0000067055225), (-6.5509543, -0.000048056245, -0.0001244247), (-8.727295, -14.284943, 0.7733478), (-12.91454, 0.000032037497, 0.00046622008), (-21.502737, 0.000011920929, 0.00008419156), (-30.822336, 0.00003874302, 0.0005595386), (0, -28.051287, 1.1920929e-7), (-11.228228, -1.5375957, 20.42934), (32.424557, 0.0000029802322, -0.0000014901161), (24.819963, 0.000008940697, -0.000013411045), (6.671352, 17.05576, -0.000011920929), (4.739107, 0.00001527369, -0.000008940697), (-0.000008106232, -3.5762787e-7, -0.0000019073486), (8.296532, 8.291412, 0.43798065), (-0.0007286072, 0.000008285046, 0.0000076293945), (11.199623, 0.035019964, 0.043535605), (18.009789, 0.03502369, 0.043540448), (24.819977, 0.03502965, 0.04353486), (4.795915, -0.03874451, 0.08710823), (15.934388, -0.03874302, 0.08711591), (30.206484, -0.01937449, 0.04355386), (-11.228247, -1.5375952, -20.429335), (-32.424557, 0.0000029802322, -0.0000011175871), (-24.819931, -0.0000029802322, 0.000011920929), (-6.671348, -17.05575, 0.0000044703484), (-4.7390532, -0.000032410026, 0.0000051921234), (0.000007152557, -4.7683716e-7, 0), (-8.576325, -8.278082, -0.462529), (0.0007286072, -0.000008448958, -0.0000019073486), (-11.19957, -0.035016984, -0.0435479), (-18.009733, -0.03501773, -0.043545663), (-24.819937, -0.03501773, -0.043544173), (-4.795967, 0.038745254, -0.08711526), (-15.934424, 0.03874749, -0.08711051), (-30.206495, 0.01938641, -0.04355982), (0, 26.531979, 24.471586), (-0.0000076293945, -34.376377, 21.884195), (0, 25.99179, -23.973352), (-0.000022888184, -34.378593, -21.659416)],
                12: [(0, 0, 0), (0.7247697, 84.985794, 4.820649), (1.643005, 1.8626451e-7, 4.656613e-8), (13.892761, 0.0000029802322, 0.0000029802322), (12.020993, 0.0000044703484, 0.000005029142), (12.51333, 0.0000044703484, 0.000006519258), (13.055581, 0.81392825, 4.823156), (19.673862, 0.0000018626451, -0.000013411045), (30.822754, 0.0000029802322, 0.000010430813), (-0.0000076293945, 0.0000019073486, -0.000015258789), (11.9088745, 0.0000020489097, -0.000013411045), (22.08678, 0.0000040978193, -0.000010430813), (27.974533, 7.4505806e-7, -0.000011920929), (27.974537, 3.7252903e-7, -0.000017881393), (5.0858965, 1.165089, -2.160824), (12.188586, -0.980627, 0.1488693), (7.169305, -0.000032410026, 0.0000052154064), (5.131409, 0.000013411045, 0.0000055879354), (5.342629, 0.80633444, -0.38715526), (11.760801, -1.1062043, 0.24382249), (7.9172254, 0.0000014901161, -0.00000782311), (5.6169095, -0.000016577542, 0.0000033527613), (-0.1273117, 0.17169951, -0.0149269095), (4.969653, 1.5808824, 3.425316), (9.820453, 0.00016279519, -0.00033080578), (6.091229, -0.000016577542, 0.0000067055225), (4.534215, -0.00001359731, -0.0000069849193), (5.281834, 1.0587271, 1.4208629), (10.881073, -0.92080945, 0.23679063), (7.329203, 0.000032037497, 0.0000018626451), (5.470898, -0.000032782555, -0.0000037252903), (2.8709974, 1.8982221, -1.5809536), (6.709364, 0.0000013038516, 0.0000029802322), (6.3593864, -0.000024214387, -0.0000033527613), (6.5509057, 0.000012665987, 0.0000033527613), (8.722115, 14.0007925, -0.76108736), (12.915069, 0.0000014901161, 0.0000074505806), (21.502695, 0.0000029802322, 0.000022351742), (30.82275, 0.0000044703484, 0.000011920929), (16.546724, -2.7511075, 0.0000040978193), (10.220117, 0.0000074505806, 0.0000028405339), (21.783775, 0.0000029802322, 0.000004004687), (21.783775, 0.0000029802322, 0.000004004687), (9.281769, 9.595388, 1.1920929e-7), (9.281799, 9.595389, -5.239812), (-0.0000023841856, -0.000045776367, -0.0000019073486), (9.281769, 9.595388, 5.239666), (4.7683716e-7, 0, -0.0000019073486), (20.646484, -0.0000014305115, 0), (13.055256, 0.81392527, -4.823154), (-19.6738, 0.000009126961, 0.00017024577), (-30.822319, 0.000032782555, 0.00058338046), (0.0000076293945, -0.0000038146973, -0.000022888184), (-11.909328, 0.00001527369, -0.0004954636), (-22.08659, -0.000013411045, 0.000059604645), (-27.974483, 0.0000052154064, -0.00011771917), (-27.974504, -7.4505806e-7, -0.00011473894), (-5.086154, -1.1653724, 2.160824), (-12.188671, 0.98057705, -0.1489073), (-7.169313, 0.00007562339, 0.0000063329935), (-5.1313777, -0.000093411654, 0.000020116568), (-5.3430004, -0.8065709, 0.38714632), (-11.760788, 1.1062195, -0.24381727), (-7.917141, -0.00004284084, 0.0000020256266), (-5.6169825, -0.000046379864, 0.0000074505806), (0.12732697, -0.17167662, 0.0149269095), (-4.9699383, -1.5811384, -3.425315), (-9.820538, -0.00013913959, 0.00033974648), (-6.0912566, -0.000027567148, -0.000020132575), (-4.534124, -0.00007590279, -0.00003091991), (-5.2821674, -1.0590335, -1.4208689), (-10.881085, 0.92073, -0.23679212), (-7.329182, 0.000032410026, 0.000013131648), (-5.4708624, 0.00002947636, -0.000009685755), (-2.8713179, -1.8984679, 1.5809367), (-6.709418, -0.00007003546, 0.00012461096), (-6.359368, -0.000008195639, -0.0000067055225), (-6.5509334, -0.000052899122, -0.00011920929), (-8.727295, -14.284943, 0.7733478), (-12.914526, 0.000027567148, 0.0004708767), (-21.502718, 0.000008940697, 0.00009611249), (-30.822313, 0.000037252903, 0.00057294965), (0, -28.051287, 1.1920929e-7), (-11.228225, -1.5375972, 20.429335), (32.424557, 0.0000029802322, -0.0000037252903), (24.819962, 0.0000059604645, -0.0000074505806), (6.6713514, 17.055756, -0.000008940697), (4.739111, 0.000016205013, -0.000009685755), (-0.000008106232, -3.5762787e-7, -0.0000019073486), (8.296532, 8.291412, 0.43798065), (-0.0007286072, 0.000008285046, 0.0000076293945), (11.199619, 0.035018474, 0.043537095), (18.009789, 0.03502369, 0.043541566), (24.819977, 0.03502965, 0.043535978), (4.795918, -0.038743764, 0.08710912), (15.93439, -0.03874302, 0.08711405), (30.206484, -0.01937449, 0.04355088), (-11.228249, -1.5375979, -20.429333), (-32.424553, 0.0000059604645, -0.0000044703484), (-24.81993, -0.0000029802322, 0.000008940697), (-6.671348, -17.055754, 0.0000044703484), (-4.739052, -0.00003129244, 0.000004444155), (0.000007152557, -4.7683716e-7, 0), (-8.576325, -8.278082, -0.462529), (0.0007286072, -0.000008448958, -0.0000019073486), (-11.199574, -0.03501512, -0.04354641), (-18.009735, -0.03501773, -0.043544173), (-24.819937, -0.03502071, -0.043539703), (-4.7959695, 0.038745627, -0.0871162), (-15.934422, 0.03874749, -0.08711219), (-30.20649, 0.01938343, -0.043560937), (0, 26.531979, 24.471586), (-0.0000076293945, -34.376377, 21.884195), (0, 25.99179, -23.973352), (-0.000022888184, -34.378593, -21.659416)],
                13: [(0, 0, 0), (0.65789557, 80.65431, 3.7097323), (1.6430041, 3.7252903e-7, 4.656613e-8), (13.892767, 0.0000014901161, -0.0000014901161), (12.020999, -0.0000014901161, -9.313226e-7), (12.513349, -0.0000014901161, 5.5879354e-7), (13.055581, 0.81392455, 4.8231554), (19.673862, 0.0000029802322, -0.000011920929), (30.822744, 0.0000059604645, -0.0000052154064), (-0.0000076293945, 0.0000019073486, -0.000015258789), (11.908876, -0.0000029802322, -0.000011920929), (22.086782, -0.000005401671, -0.000008940697), (27.97452, 0.0000037252903, -0.000014901161), (27.974531, -0.0000029802322, -0.000014901161), (5.085896, 1.1650906, -2.1608248), (12.188591, -0.9806214, 0.14887825), (7.1693034, -0.000032037497, 0.0000033527613), (5.1314106, 0.000017916318, -0.0000014901161), (5.3426256, 0.8063322, -0.38715973), (11.760799, -1.1062037, 0.24381578), (7.917228, 0, -0.000009685755), (5.6169147, -0.000015366822, 7.4505806e-7), (-0.1273117, 0.17169951, -0.0149269095), (4.969655, 1.5808835, 3.425318), (9.820456, 0.00016205013, -0.0003248453), (6.0912266, -0.00001578519, 0.0000052154064), (4.5342216, -0.000012665987, -0.000011734664), (5.281836, 1.0587295, 1.4208645), (10.881075, -0.9208085, 0.23679286), (7.329212, 0.000031851232, 0.0000052154064), (5.4709053, -0.000030361116, -0.000010430813), (2.8710008, 1.8982241, -1.5809495), (6.709365, 0.0000048428774, 0.0000022351742), (6.3593855, -0.00002393499, -0.0000022351742), (6.5509005, 0.000010430813, 0.000003911555), (8.722115, 14.0007925, -0.76108736), (12.915065, 0.0000029802322, 0.0000033527613), (21.50269, 0.0000044703484, 0.000011920929), (30.822739, 0.000008940697, -0.0000044703484), (16.546722, -2.751112, -7.4505806e-7), (10.220122, 0.0000037252903, 0.0000014901161), (21.783785, 0.0000014901161, 0.0000035390258), (21.783785, 0.0000014901161, 0.0000035390258), (9.281769, 9.595388, 1.1920929e-7), (9.281799, 9.595389, -5.239812), (-0.0000023841856, -0.000045776367, -0.0000019073486), (9.281769, 9.595388, 5.239666), (4.7683716e-7, 0, -0.0000019073486), (20.646484, -0.0000014305115, 0), (13.055258, 0.8139238, -4.8231597), (-19.673801, 0.0000057742, 0.00016540289), (-30.82233, 0.000029802322, 0.0005722046), (0.0000076293945, -0.0000038146973, -0.000022888184), (-11.909333, 0.000021234155, -0.00050514936), (-22.08661, -0.000014901161, 0.000047683716), (-27.974514, -0.000008195639, -0.00013113022), (-27.974527, -0.0000052154064, -0.00013262033), (-5.0861554, -1.1653724, 2.1608262), (-12.188669, 0.9805778, -0.14890432), (-7.1693106, 0.00007301569, 0.0000029802322), (-5.131378, -0.00009043142, 0.000021606684), (-5.343004, -0.80657035, 0.38714594), (-11.7607975, 1.1062126, -0.24381727), (-7.9171433, -0.000050105155, -0.000005029142), (-5.6169844, -0.000047986396, 0.0000014901161), (0.12732697, -0.17167662, 0.0149269095), (-4.969944, -1.5811365, -3.425315), (-9.820533, -0.00013718382, 0.0003412366), (-6.091252, -0.000033155084, -0.000020116568), (-4.5341253, -0.000080186874, -0.000036135316), (-5.282167, -1.0590361, -1.4208689), (-10.881095, 0.9207277, -0.23679286), (-7.329191, 0.00003222376, 0.00001167864), (-5.4708695, 0.000033527613, -0.0000044703484), (-2.871323, -1.8984675, 1.5809383), (-6.7094193, -0.0000718981, 0.00012554228), (-6.3593774, -0.0000055879354, -0.0000048428774), (-6.5509424, -0.000051409006, -0.00012367964), (-8.727295, -14.284943, 0.7733478), (-12.91453, 0.00002682209, 0.0004697591), (-21.50273, 0.000009685755, 0.00008940697), (-30.82233, 0.000035762787, 0.00056400895), (0, -28.051287, 1.1920929e-7), (-11.228225, -1.5375926, 20.42934), (32.424553, 0, -0.0000044703484), (24.819967, 0.0000059604645, -0.000008940697), (6.6713495, 17.05576, -0.000011920929), (4.73911, 0.000016228296, -0.000010058284), (-0.000008106232, -3.5762787e-7, -0.0000019073486), (8.296532, 8.291412, 0.43798065), (-0.0007286072, 0.000008285046, 0.0000076293945), (11.19962, 0.03502071, 0.043536723), (18.009789, 0.03502369, 0.043541193), (24.819977, 0.03502965, 0.043535233), (4.795914, -0.038745254, 0.08710879), (15.934391, -0.03874302, 0.08711498), (30.206484, -0.01937449, 0.043553486), (-11.22825, -1.5375953, -20.429335), (-32.424557, 0.0000059604645, -0.0000074505806), (-24.81993, -0.0000052154064, 0.000008940697), (-6.671346, -17.055754, 0.0000052154064), (-4.739049, -0.000033155084, 0.0000041676685), (0.000007152557, -4.7683716e-7, 0), (-8.576325, -8.278082, -0.462529), (0.0007286072, -0.000008448958, -0.0000019073486), (-11.199572, -0.03501326, -0.043547153), (-18.009731, -0.035018474, -0.043548644), (-24.819931, -0.035021268, -0.043542683), (-4.795966, 0.038745254, -0.08711591), (-15.934422, 0.03874749, -0.08711144), (-30.206495, 0.01938343, -0.04355982), (0, 26.531979, 24.471586), (-0.0000076293945, -34.376377, 21.884195), (0, 25.99179, -23.973352), (-0.000022888184, -34.378593, -21.659416)],
                14: [(0, 0, 0), (0.48960167, 75.54616, 2.4064417), (1.643004, 3.7252903e-7, -1.8626451e-7), (13.892773, 0, 7.4505806e-7), (12.020995, 0.0000014901161, 0.0000037252903), (12.513333, 0.0000044703484, 0.0000059604645), (13.055572, 0.8139305, 4.823156), (19.673862, 0.0000037252903, -0.0000230968), (30.822739, 0.0000029802322, -0.0000115484), (-0.0000076293945, 0.0000019073486, -0.000015258789), (11.908868, 0, -0.000014901161), (22.086765, -0.0000035390258, -0.000010430813), (27.97451, -0.000005401671, -0.000011920929), (27.974522, -0.0000124797225, -0.000016391277), (5.0858984, 1.1650897, -2.1608195), (12.188591, -0.9806216, 0.14887378), (7.1693063, -0.000033155084, 0.0000052154064), (5.1314106, 0.00001512235, 0.0000048428774), (5.342626, 0.8063311, -0.3871575), (11.760796, -1.1062056, 0.24382249), (7.9172225, -0.0000014901161, -0.0000067055225), (5.616903, -0.000013783574, 0.0000014901161), (-0.1273117, 0.17169951, -0.0149269095), (4.9696555, 1.5808806, 3.4253166), (9.820451, 0.00016130507, -0.00033155084), (6.091228, -0.000016146805, 0.0000059604645), (4.534225, -0.000013783574, -0.000012665987), (5.2818375, 1.0587279, 1.4208682), (10.881072, -0.920812, 0.23679286), (7.329203, 0.00003008172, 0.0000044703484), (5.470901, -0.00003129244, -0.0000067055225), (2.8709998, 1.8982202, -1.5809495), (6.709362, -3.7252903e-7, 0.0000052154064), (6.3593855, -0.000020395964, -0.0000022351742), (6.5509, 0.000010803342, 0.0000035390258), (8.722115, 14.0007925, -0.76108736), (12.915068, 0.0000044703484, 0.0000037252903), (21.50269, 0.0000014901161, 0.000014156103), (30.822739, 0.0000059604645, -0.000010058284), (16.546719, -2.751106, 0.0000029802322), (10.22012, 0.0000044703484, 6.519258e-7), (21.783775, 0.0000029802322, 6.519258e-7), (21.783775, 0.0000029802322, 6.519258e-7), (9.281769, 9.595388, 1.1920929e-7), (9.281799, 9.595389, -5.239812), (-0.0000023841856, -0.000045776367, -0.0000019073486), (9.281769, 9.595388, 5.239666), (4.7683716e-7, 0, -0.0000019073486), (20.646484, -0.0000014305115, 0), (13.055251, 0.8139238, -4.823153), (-19.673801, 0.000009872019, 0.00016633421), (-30.822319, 0.00002682209, 0.00058338046), (0.0000076293945, -0.0000038146973, -0.000022888184), (-11.909323, 0.000016315607, -0.0004924834), (-22.086584, -0.000010267831, 0.00006109476), (-27.97448, -3.7252903e-7, -0.00010728836), (-27.974499, 7.916242e-7, -0.00010728836), (-5.0861454, -1.1653701, 2.160822), (-12.188657, 0.9805871, -0.1488924), (-7.169293, 0.00007804483, 3.2014214e-8), (-5.1313696, -0.000095693395, 0.00001564622), (-5.342991, -0.8065668, 0.38714632), (-11.760776, 1.1062243, -0.24380684), (-7.917117, -0.000042654574, -0.000004749745), (-5.6169753, -0.00005159527, -0.0000014901161), (0.12732697, -0.17167662, 0.0149269095), (-4.969933, -1.5811361, -3.4253087), (-9.820522, -0.00013299286, 0.00034421682), (-6.0912495, -0.000029988587, -0.000023655593), (-4.5341244, -0.000078231096, -0.000031664968), (-5.282156, -1.0590334, -1.4208678), (-10.88108, 0.92073417, -0.23678914), (-7.3291698, 0.000029988587, 0.00000949949), (-5.4708643, 0.000027287751, -0.000012665987), (-2.8713162, -1.898463, 1.580936), (-6.709414, -0.000059604645, 0.00012218952), (-6.35936, 0.0000011175871, -0.000009313226), (-6.550923, -0.000045076013, -0.000120699406), (-8.727295, -14.284943, 0.7733478), (-12.914525, 0.000025704503, 0.00047273934), (-21.502722, 0.0000067055225, 0.00009164214), (-30.822313, 0.00003427267, 0.00057145953), (0, -28.051287, 1.1920929e-7), (-11.228226, -1.5375972, 20.42934), (32.424557, 0.0000029802322, -0.0000018626451), (24.81997, 0.000008940697, -0.000008940697), (6.6713476, 17.055756, -0.000008940697), (4.7391086, 0.000016926788, -0.000008568168), (-0.000008106232, -3.5762787e-7, -0.0000019073486), (8.296532, 8.291412, 0.43798065), (-0.0007286072, 0.000008285046, 0.0000076293945), (11.199622, 0.03502071, 0.043535978), (18.009792, 0.03502667, 0.043541193), (24.819983, 0.03502965, 0.043536723), (4.795914, -0.03874488, 0.08710958), (15.934383, -0.038746, 0.087115355), (30.206486, -0.01937449, 0.04355535), (-11.228249, -1.5375944, -20.429335), (-32.424553, 0.0000029802322, -0.0000074505806), (-24.819937, -0.0000018626451, 0.000013411045), (-6.671348, -17.055754, 0.0000044703484), (-4.739053, -0.00003091991, 0.0000060535967), (0.000007152557, -4.7683716e-7, 0), (-8.576325, -8.278082, -0.462529), (0.0007286072, -0.000008448958, -0.0000019073486), (-11.199574, -0.03501568, -0.043545663), (-18.009735, -0.03501717, -0.043545663), (-24.819939, -0.035021454, -0.043539703), (-4.7959685, 0.03874488, -0.08711591), (-15.9344225, 0.03874898, -0.08711293), (-30.206486, 0.01938343, -0.043560565), (0, 26.531979, 24.471586), (-0.0000076293945, -34.376377, 21.884195), (0, 25.99179, -23.973352), (-0.000022888184, -34.378593, -21.659416)],
                15: [(0, 0, 0), (0.11955587, 74.61612, 2.0110078), (1.6430078, -3.7252903e-7, 1.3969839e-7), (13.892768, -0.0000014901161, -0.0000029802322), (12.020992, 0, -0.0000011175871), (12.51334, 0, -3.7252903e-7), (13.055585, 0.813923, 4.823157), (19.673864, -3.7252903e-7, -0.000021606684), (30.822748, -0.0000014901161, 0.0000019732397), (-0.0000076293945, 0.0000019073486, -0.000015258789), (11.908881, -0.0000019092113, -0.000011175871), (22.086788, -0.0000016763806, -0.000008940697), (27.974531, 0.000010430813, -0.000014901161), (27.974543, 1.8626451e-7, -0.000014901161), (5.0859, 1.1650939, -2.1608272), (12.188594, -0.9806217, 0.14887676), (7.1693077, -0.000030733645, 0.0000029802322), (5.13141, 0.00001618173, 0.0000048428774), (5.342631, 0.8063361, -0.38715824), (11.760799, -1.1062022, 0.24381652), (7.9172297, 1.8626451e-7, -0.0000074505806), (5.6169143, -0.000015227124, 0.0000033527613), (-0.1273117, 0.17169951, -0.0149269095), (4.96966, 1.5808891, 3.425324), (9.820454, 0.00016652048, -0.00033155084), (6.0912347, -0.000015972182, 0.000010430813), (4.534223, -0.000014156103, -0.000007264316), (5.2818403, 1.0587327, 1.4208678), (10.881072, -0.9208083, 0.23678914), (7.329206, 0.00003222376, 0.0000022351742), (5.4708996, -0.000030361116, -0.0000067055225), (2.871002, 1.8982239, -1.5809543), (6.709372, 0.0000057742, -7.4505806e-7), (6.359392, -0.000026728958, -0.000010430813), (6.550914, 0.000017881393, -0.0000018626451), (8.722115, 14.0007925, -0.76108736), (12.915071, 7.4505806e-7, 0.0000075640855), (21.502695, 0.0000029802322, 0.000019185245), (30.822748, 0.0000029802322, 0.0000028405339), (16.546726, -2.7511148, -7.4505806e-7), (10.220124, 0.0000022351742, -0.000002142042), (21.783787, -0.0000014901161, -0.0000060535967), (21.783787, -0.0000014901161, -0.0000060535967), (9.281769, 9.595388, 1.1920929e-7), (9.281799, 9.595389, -5.239812), (-0.0000023841856, -0.000045776367, -0.0000019073486), (9.281769, 9.595388, 5.239666), (4.7683716e-7, 0, -0.0000019073486), (20.646484, -0.0000014305115, 0), (13.055258, 0.8139223, -4.823161), (-19.6738, 0.000008463394, 0.00016884878), (-30.82232, 0.000029802322, 0.00057816505), (0.0000076293945, -0.0000038146973, -0.000022888184), (-11.909327, 0.00001899898, -0.00049844384), (-22.086594, -0.000014901161, 0.00006407499), (-27.974487, -0.0000014901161, -0.000113248825), (-27.974504, -0.0000044703484, -0.00011026859), (-5.086147, -1.1653712, 2.1608245), (-12.188666, 0.9805787, -0.14889985), (-7.169305, 0.000075559365, 0.0000063329935), (-5.1313767, -0.00009406358, 0.000018253922), (-5.3429956, -0.8065706, 0.3871426), (-11.760781, 1.1062212, -0.24381056), (-7.9171314, -0.000042669126, 0.0000048428774), (-5.6169777, -0.00004824251, -0.0000022351742), (0.12732697, -0.17167662, 0.0149269095), (-4.969935, -1.5811391, -3.4253168), (-9.820528, -0.00013634562, 0.00033900142), (-6.0912466, -0.00002719462, -0.000014901161), (-4.5341215, -0.00007916242, -0.000035390258), (-5.282161, -1.0590345, -1.4208697), (-10.881085, 0.92073154, -0.23678914), (-7.329178, 0.00003396999, 0.0000055879354), (-5.4708624, 0.000029988587, -0.0000048428774), (-2.8713217, -1.8984662, 1.5809377), (-6.7094164, -0.00006519258, 0.000121444464), (-6.359364, -0.000006891787, -0.0000074505806), (-6.5509276, -0.000052293763, -0.0001244247), (-8.727295, -14.284943, 0.7733478), (-12.914523, 0.000028312206, 0.00047050416), (-21.502724, 0.000008195639, 0.00009164214), (-30.822325, 0.000029802322, 0.0005617738), (0, -28.051287, 1.1920929e-7), (-11.228228, -1.5375957, 20.429342), (32.42454, 0, 0.0000052154064), (24.819958, 0.0000029802322, -0.0000044703484), (6.671344, 17.055748, -0.0000074505806), (4.739106, 0.00001587905, -0.0000063329935), (-0.000008106232, -3.5762787e-7, -0.0000019073486), (8.296532, 8.291412, 0.43798065), (-0.0007286072, 0.000008285046, 0.0000076293945), (11.199617, 0.03501624, 0.043539703), (18.009779, 0.03501922, 0.043542683), (24.819967, 0.03502518, 0.043538213), (4.795917, -0.03874488, 0.08710902), (15.934383, -0.03874749, 0.087118894), (30.206474, -0.01938045, 0.04355833), (-11.228249, -1.5375938, -20.429335), (-32.424557, 0.0000044703484, -0.000008940697), (-24.819931, -0.0000029802322, 0.000011920929), (-6.6713505, -17.055754, 0.0000059604645), (-4.7390537, -0.00003091991, 0.0000053085387), (0.000007152557, -4.7683716e-7, 0), (-8.576325, -8.278082, -0.462529), (0.0007286072, -0.000008448958, -0.0000019073486), (-11.199574, -0.035014004, -0.0435479), (-18.009735, -0.0350181, -0.043544173), (-24.819939, -0.03502071, -0.043542683), (-4.795965, 0.038746372, -0.08711591), (-15.934424, 0.03874898, -0.08711219), (-30.20649, 0.01938641, -0.043563545), (0, 26.531979, 24.471586), (-0.0000076293945, -34.376377, 21.884195), (0, 25.99179, -23.973352), (-0.000022888184, -34.378593, -21.659416)],
                16: [(0, 0, 0), (-0.25163385, 75.97456, 3.288779), (1.6430037, 3.7252903e-7, -1.8626451e-7), (13.89277, 0, -3.7252903e-7), (12.020999, 0, -1.8626451e-7), (12.513341, 0.0000014901161, 0.0000037252903), (13.055571, 0.81392974, 4.823158), (19.673866, 0.0000026077032, -0.000012665987), (30.822744, -0.0000059604645, -0.0000037252903), (-0.0000076293945, 0.0000019073486, -0.000015258789), (11.9088745, -0.0000023283064, -0.000010430813), (22.086779, -0.0000024214387, -0.0000074505806), (27.974522, 0.000005494803, -0.000011920929), (27.974537, -0.0000053085387, -0.000014901161), (5.085898, 1.1650916, -2.1608248), (12.188588, -0.9806227, 0.14887303), (7.1693063, -0.000029802322, 0.0000037252903), (5.1314125, 0.000020489097, -7.4505806e-7), (5.3426266, 0.8063333, -0.38715935), (11.760801, -1.1062019, 0.24381578), (7.9172335, 0, -0.000011920929), (5.6169205, -0.000014249235, -0.0000014901161), (-0.1273117, 0.17169951, -0.0149269095), (4.9696565, 1.5808858, 3.4253201), (9.82045, 0.0001616776, -0.0003285706), (6.0912294, -0.000017462298, 0.0000059604645), (4.5342164, -0.000014249235, -0.0000040978193), (5.281834, 1.0587275, 1.4208618), (10.881075, -0.92080766, 0.23679212), (7.3292055, 0.000031106174, 0.0000037252903), (5.4708996, -0.000030506635, -0.000012293458), (2.8710003, 1.8982217, -1.5809525), (6.7093654, 0.0000029802322, 0), (6.3593907, -0.000022538006, -0.0000067055225), (6.550908, 0.000011175871, -1.8626451e-7), (8.722115, 14.0007925, -0.76108736), (12.9150715, 7.4505806e-7, 0.000008381903), (21.502691, -0.0000029802322, 0.00001527369), (30.822742, -0.0000059604645, 0.0000022351742), (16.546726, -2.7511106, 0.0000033527613), (10.22011, 0.000009685755, 0.0000067055225), (21.783766, 0.000008940697, 0.0000124797225), (21.783766, 0.000008940697, 0.0000124797225), (9.281769, 9.595388, 1.1920929e-7), (9.281799, 9.595389, -5.239812), (-0.0000023841856, -0.000045776367, -0.0000019073486), (9.281769, 9.595388, 5.239666), (4.7683716e-7, 0, -0.0000019073486), (20.646484, -0.0000014305115, 0), (13.055255, 0.8139238, -4.8231554), (-19.673803, 0.000007264316, 0.00017010607), (-30.82232, 0.000029802322, 0.0005751848), (0.0000076293945, -0.0000038146973, -0.000022888184), (-11.909331, 0.000014901161, -0.0004969537), (-22.086594, -0.000020861626, 0.00006109476), (-27.974499, -0.0000059604645, -0.000113248825), (-27.974514, -0.000013411045, -0.00011026859), (-5.08615, -1.1653738, 2.1608222), (-12.188668, 0.9805776, -0.14889911), (-7.1693034, 0.00007599592, 0.000008568168), (-5.1313767, -0.00009443611, 0.00001899898), (-5.343, -0.80656934, 0.3871467), (-11.760788, 1.1062168, -0.24381578), (-7.9171286, -0.00004544854, -0.0000029802322), (-5.616977, -0.000047683716, -7.4505806e-7), (0.12732697, -0.17167662, 0.0149269095), (-4.969939, -1.5811406, -3.425321), (-9.820533, -0.00013709068, 0.00033602118), (-6.0912514, -0.000027753413, -0.000021606684), (-4.5341215, -0.000078231096, -0.000032782555), (-5.282161, -1.0590348, -1.4208697), (-10.881086, 0.92072934, -0.2367869), (-7.3291802, 0.000029057264, 0.000010430813), (-5.470862, 0.000029429793, -0.0000115484), (-2.8713212, -1.8984656, 1.5809431), (-6.7094207, -0.00007180497, 0.000120699406), (-6.3593717, -0.000012194505, -0.000008195639), (-6.5509424, -0.000052526593, -0.00012293458), (-8.727295, -14.284943, 0.7733478), (-12.914528, 0.000028312206, 0.00047460198), (-21.502726, 0.0000067055225, 0.00009089708), (-30.822329, 0.00003129244, 0.00056028366), (0, -28.051287, 1.1920929e-7), (-11.22823, -1.5375972, 20.429342), (32.424564, 0.0000059604645, -0.0000059604645), (24.819971, 0.000008940697, -0.000008940697), (6.671353, 17.05576, -0.000008940697), (4.7391086, 0.000016251579, -0.000008940697), (-0.000008106232, -3.5762787e-7, -0.0000019073486), (8.296532, 8.291412, 0.43798065), (-0.0007286072, 0.000008285046, 0.0000076293945), (11.199623, 0.03501922, 0.043535978), (18.00979, 0.03502667, 0.043542683), (24.819984, 0.03503114, 0.043535233), (4.795915, -0.038743764, 0.087108836), (15.934388, -0.03874153, 0.08711517), (30.206495, -0.01937151, 0.043557584), (-11.228251, -1.5375919, -20.429337), (-32.424557, 0.000008940697, -0.000011920929), (-24.81994, -0.0000014901161, 0.00001937151), (-6.6713505, -17.055754, 0.0000052154064), (-4.7390532, -0.00003129244, 0.0000057742), (0.000007152557, -4.7683716e-7, 0), (-8.576325, -8.278082, -0.462529), (0.0007286072, -0.000008448958, -0.0000019073486), (-11.199578, -0.035014004, -0.043542683), (-18.009743, -0.03501624, -0.043539703), (-24.819948, -0.03501624, -0.043533742), (-4.795966, 0.038746372, -0.08711591), (-15.934428, 0.038746744, -0.08711219), (-30.206495, 0.01938492, -0.043562055), (0, 26.531979, 24.471586), (-0.0000076293945, -34.376377, 21.884195), (0, 25.99179, -23.973352), (-0.000022888184, -34.378593, -21.659416)],
                17: [(0, 0, 0), (-0.8080622, 80.3481, 4.680518), (1.6430066, -2.6775524e-7, -3.1723175e-7), (13.89277, -0.0000014901161, -0.0000032130629), (12.020997, -9.313226e-7, -0.0000031781383), (12.513347, -0.0000024214387, -0.0000022817403), (13.055576, 0.81392455, 4.823156), (19.673862, -7.1304385e-7, -0.000015071419), (30.822754, 0.000003259629, 0.000009033829), (-0.0000076293945, 0.0000019073486, -0.000015258789), (11.908881, -0.00000273576, -0.0000092200935), (22.086796, 0.0000048195943, -0.000011362135), (27.974546, 0.0000074971467, -0.000011920929), (27.974552, 0.0000053085387, -0.000014901161), (5.0859017, 1.1650969, -2.1608255), (12.1886, -0.980616, 0.14886786), (7.169317, -0.000026672205, 0.0000056577846), (5.1314163, 0.000014342368, 0.0000055646524), (5.342632, 0.8063348, -0.38716444), (11.76081, -1.1061991, 0.24380986), (7.9172425, 0.0000056810677, -0.000007543713), (5.6169214, -0.00001564622, 0.0000019790605), (-0.1273117, 0.17169951, -0.0149269095), (4.9696593, 1.580888, 3.4253187), (9.820463, 0.0001680688, -0.00033900142), (6.091239, -0.000012846431, 0.0000055413693), (4.5342264, -0.000017159618, -0.000010873191), (5.2818394, 1.0587308, 1.4208596), (10.881077, -0.92080534, 0.23678169), (7.329212, 0.0000334956, -0.000001816079), (5.4709063, -0.00003122259, -0.000008288771), (2.8710058, 1.8982261, -1.5809517), (6.7093806, -0.0000022817403, -0.000008472125), (6.3594036, -0.000026042107, -0.00001611188), (6.5509253, 0.000017040293, -0.000011362135), (8.722115, 14.0007925, -0.76108736), (12.915075, 0.000002514571, 0.000011967495), (21.5027, 0.000004377216, 0.000024819747), (30.822754, 0.0000035390258, 0.000009313226), (16.546726, -2.7511127, 1.3969839e-7), (10.220125, 0.0000027939677, -0.0000021063897), (21.78379, -0.0000034458935, -0.000004886533), (21.78379, -0.0000034458935, -0.000004886533), (9.281769, 9.595388, 1.1920929e-7), (9.281799, 9.595389, -5.239812), (-0.0000023841856, -0.000045776367, -0.0000019073486), (9.281769, 9.595388, 5.239666), (4.7683716e-7, 0, -0.0000019073486), (20.646484, -0.0000014305115, 0), (13.055265, 0.813922, -4.823163), (-19.673803, 0.000007310882, 0.00017024577), (-30.822329, 0.000032930984, 0.0005728565), (0.0000076293945, -0.0000038146973, -0.000022888184), (-11.909339, 0.000011594966, -0.0005028676), (-22.086617, -0.000013038516, 0.00004521571), (-27.974522, -0.0000035390258, -0.00013411045), (-27.974533, -0.0000115484, -0.00013234094), (-5.08615, -1.1653724, 2.1608248), (-12.188675, 0.9805734, -0.14890622), (-7.1693125, 0.000077229924, 0.0000023050234), (-5.1313787, -0.000089616515, 0.000016088597), (-5.3430014, -0.80657303, 0.38714552), (-11.760794, 1.1062169, -0.24381466), (-7.9171367, -0.00004437752, -0.0000014901161), (-5.616979, -0.00004551839, 4.8894435e-7), (0.12732697, -0.17167662, 0.0149269095), (-4.96994, -1.5811378, -3.425318), (-9.820532, -0.0001387205, 0.00034004916), (-6.0912576, -0.000030803494, -0.000020698644), (-4.5341263, -0.000075949356, -0.00003288733), (-5.2821636, -1.0590361, -1.4208722), (-10.881088, 0.9207313, -0.23678732), (-7.3291836, 0.000030221418, 0.000005098991), (-5.4708643, 0.000031548552, -0.000009965152), (-2.8713236, -1.898469, 1.5809387), (-6.7094216, -0.000068641384, 0.000120839104), (-6.359368, -0.0000034458935, -0.0000086613), (-6.5509334, -0.000046915375, -0.00012367964), (-8.727295, -14.284943, 0.7733478), (-12.914531, 0.000029908915, 0.0004678499), (-21.502733, 0.00000922355, 0.000087264925), (-30.822336, 0.00003403984, 0.00056084245), (0, -28.051287, 1.1920929e-7), (-11.2282295, -1.5375996, 20.429342), (32.424553, 0.0000027008355, 0), (24.819963, 0.0000034924597, -0.00000782311), (6.6713495, 17.055754, -0.000012863893), (4.7391086, 0.000016280683, -0.000010163058), (-0.000008106232, -3.5762787e-7, -0.0000019073486), (8.296532, 8.291412, 0.43798065), (-0.0007286072, 0.000008285046, 0.0000076293945), (11.199619, 0.03501808, 0.043537002), (18.009789, 0.03502257, 0.043544453), (24.819973, 0.03502611, 0.043538492), (4.7959137, -0.038744148, 0.087109275), (15.93439, -0.03874479, 0.087117545), (30.206484, -0.019373838, 0.043557864), (-11.228244, -1.5375932, -20.429335), (-32.42456, 0.0000059604645, -0.00000782311), (-24.819942, 0.0000011175871, 0.000016251579), (-6.6713505, -17.055754, 0.0000044790795), (-4.739055, -0.000030430965, 0.000006565824), (0.000007152557, -4.7683716e-7, 0), (-8.576325, -8.278082, -0.462529), (0.0007286072, -0.000008448958, -0.0000019073486), (-11.199579, -0.0350127, -0.04354387), (-18.009743, -0.03501419, -0.043539982), (-24.819948, -0.03501596, -0.0435336), (-4.7959685, 0.03874481, -0.08711585), (-15.934425, 0.03874926, -0.08711312), (-30.206495, 0.01938492, -0.043564476), (0, 26.531979, 24.471586), (-0.0000076293945, -34.376377, 21.884195), (0, 25.99179, -23.973352), (-0.000022888184, -34.378593, -21.659416)],
                18: [(0, 0, 0), (-1.0736868, 82.5775, 5.2468443), (1.6430024, 7.4505806e-7, 3.958121e-7), (13.892762, 0.0000018626451, 0.0000037252903), (12.02099, 0.0000022351742, 0.0000027008355), (12.513335, 0.0000014901161, 0.0000027008355), (13.055581, 0.8139234, 4.823157), (19.673866, -0.0000020023435, -0.000017276034), (30.822748, -0.000012293458, 0.0000022351742), (-0.0000076293945, 0.0000019073486, -0.000015258789), (11.90887, -0.0000016763806, -0.000011175871), (22.08677, -3.7252903e-7, -0.0000067055225), (27.974516, 0.0000067055225, -0.000011920929), (27.974522, 0.0000033527613, -0.000016391277), (5.0858936, 1.1650919, -2.16082), (12.188585, -0.9806223, 0.14887787), (7.1693, -0.00003236346, 0.0000059604645), (5.1314073, 0.000014062971, 0.0000013038516), (5.3426266, 0.8063321, -0.38716066), (11.760798, -1.1062, 0.24382398), (7.9172297, -2.910383e-7, -0.0000041909516), (5.6169124, -0.000013969839, -0.0000026077032), (-0.1273117, 0.17169951, -0.0149269095), (4.969657, 1.5808821, 3.425321), (9.820453, 0.00016503036, -0.00032614917), (6.0912275, -0.000014901161, 0.000011920929), (4.5342207, -0.000013131648, -0.0000049360096), (5.281834, 1.0587299, 1.420868), (10.881071, -0.9208083, 0.23678914), (7.3292055, 0.000029092189, 0.0000029802322), (5.4708986, -0.000030267984, -0.0000053085387), (2.8709986, 1.8982246, -1.5809469), (6.7093654, 0.0000016763806, -3.259629e-7), (6.3593907, -0.000022910535, -0.000008009374), (6.550909, 0.000013364479, 0.000003259629), (8.722115, 14.0007925, -0.76108736), (12.915066, -0.0000033527613, 0.000008009374), (21.502687, -0.0000063329935, 0.000019185245), (30.822744, -0.000011920929, 0.0000048428774), (16.546724, -2.7511115, 0.0000027939677), (10.220123, 0.0000037252903, 0.0000017462298), (21.783781, -0.0000014901161, 0.0000017229468), (21.783781, -0.0000014901161, 0.0000017229468), (9.281769, 9.595388, 1.1920929e-7), (9.281799, 9.595389, -5.239812), (-0.0000023841856, -0.000045776367, -0.0000019073486), (9.281769, 9.595388, 5.239666), (4.7683716e-7, 0, -0.0000019073486), (20.646484, -0.0000014305115, 0), (13.055258, 0.81392115, -4.823158), (-19.673798, 0.000004284084, 0.00016614795), (-30.822319, 0.000018649735, 0.0005684793), (0.0000076293945, -0.0000038146973, -0.000022888184), (-11.909335, 0.000014342368, -0.00049676746), (-22.086603, -0.00001527369, 0.000056438148), (-27.974504, -0.0000115484, -0.00011622906), (-27.974522, -0.000010803342, -0.000116974115), (-5.0861483, -1.1653745, 2.1608245), (-12.188668, 0.98057634, -0.14889939), (-7.169304, 0.00007338822, 0.000008475035), (-5.1313744, -0.00009089708, 0.00001611188), (-5.3430014, -0.80657274, 0.38714445), (-11.760793, 1.1062151, -0.24381383), (-7.917134, -0.000044330955, -8.381903e-7), (-5.616977, -0.00004954636, 0.0000059604645), (0.12732697, -0.17167662, 0.0149269095), (-4.969935, -1.5811367, -3.425315), (-9.820531, -0.00013709068, 0.00033937395), (-6.091254, -0.000028684735, -0.000021234155), (-4.5341215, -0.00007711351, -0.000030035153), (-5.282161, -1.0590346, -1.4208717), (-10.881084, 0.9207301, -0.23678741), (-7.329175, 0.00003054738, 0.000008568168), (-5.4708576, 0.000031199306, -0.000011269003), (-2.8713233, -1.8984692, 1.5809387), (-6.7094207, -0.000065541826, 0.0001212582), (-6.3593717, -0.00001299195, -0.000007264316), (-6.5509334, -0.000049732625, -0.00012293458), (-8.727295, -14.284943, 0.7733478), (-12.914526, 0.000023911707, 0.00046808273), (-21.502724, 5.820766e-7, 0.00008568168), (-30.822315, 0.000023678876, 0.0005632639), (0, -28.051287, 1.1920929e-7), (-11.228218, -1.5375926, 20.429329), (32.424553, 0.0000011175871, 0), (24.819967, 0.0000052154064, -0.000011920929), (6.6713514, 17.055763, -0.000008032657), (4.739108, 0.000016205013, -0.000009033829), (-0.000008106232, -3.5762787e-7, -0.0000019073486), (8.296532, 8.291412, 0.43798065), (-0.0007286072, 0.000008285046, 0.0000076293945), (11.199622, 0.035017915, 0.0435384), (18.009789, 0.035022944, 0.043542683), (24.819977, 0.03502816, 0.043536723), (4.795914, -0.03874395, 0.087108746), (15.934387, -0.038746372, 0.08711666), (30.206478, -0.01937449, 0.043559074), (-11.228246, -1.5376004, -20.42933), (-32.424545, -0.0000022351742, -0.000011920929), (-24.81993, -0.0000014901161, 0.000008475035), (-6.6713505, -17.05575, 0.000010244548), (-4.7390513, -0.000032153912, 0.0000053085387), (0.000007152557, -4.7683716e-7, 0), (-8.576325, -8.278082, -0.462529), (0.0007286072, -0.000008448958, -0.0000019073486), (-11.199572, -0.035014562, -0.043549202), (-18.009731, -0.035017356, -0.043547224), (-24.819935, -0.03502071, -0.043545246), (-4.7959633, 0.03874521, -0.08711657), (-15.934417, 0.038745813, -0.08711517), (-30.206478, 0.01937747, -0.043565035), (0, 26.531979, 24.471586), (-0.0000076293945, -34.376377, 21.884195), (0, 25.99179, -23.973352), (-0.000022888184, -34.378593, -21.659416)],
            }
        }
    }
}

