#usda 1.0
(
    endTimeCode = 18
    framesPerSecond = 30
    startTimeCode = 0
    timeCodesPerSecond = 30
)

def SkelRoot "SkelRoot"
{
    def Skeleton "Skeleton" (
        prepend apiSchemas = ["SkelBindingAPI"]
    )
    {
        uniform matrix4d[] bindTransforms = [( (1, 0, 6.540741992466792e-7, 0), (0, 1, 0, 0), (-6.540741992466792e-7, 0, 1, 0), (0.3417639434337616, 0, -1.628903865814209, 1) ), ( (0.0000023841948859626427, 1, -0.000013828275768901221, 0), (-6.540741992466792e-7, 0.000013828277587890625, 1, 0), (1, -0.000002384185791015625, 6.540741992466792e-7, 0), (0.3417631685733795, 50.01359558105469, -0.452406644821167, 1) ), ( (0.000002228002813353669, 0.9998816847801208, 0.015385703183710575, 0), (-6.976455892981903e-7, -0.015385703183710575, 0.9998816847801208, 0), (1, -0.000002238472916360479, 6.63250602883636e-7, 0), (0.341765820980072, 51.10527038574219, -0.45242178440093994, 1) ), ( (0.000001828348899834964, 0.9977016448974609, 0.06776067614555359, 0), (-0.000001020553327180096, -0.06776068359613419, 0.9977016448974609, 0), (1, -0.000001893299895527889, 8.942845397541532e-7, 0), (0.34177833795547485, 56.748477935791016, -0.36558663845062256, 1) ), ( (0.0000013666077620655415, 0.9962535500526428, 0.08648060262203217, 0), (-0.0000018813776705428609, -0.08648060262203217, 0.9962536096572876, 0), (1, -0.0000015241905657603638, 0.0000017561110325914342, 0), (0.34178638458251953, 61.13855743408203, -0.06742620468139648, 1) ), ( (0.000001079888647836924, 0.9961666464805603, 0.08747688680887222, 0), (-0.000002165972091461299, -0.08747688680887222, 0.9961665272712708, 0), (1, -0.000001265221158064378, 0.000002063170313704177, 0), (0.34179529547691345, 67.63495635986328, 0.49649858474731445, 1) ), ( (0.950508177280426, -0.1471366435289383, -0.27365103363990784, 0), (0.2538699507713318, -0.13996681571006775, 0.957057774066925, 0), (-0.179120272397995, -0.979162871837616, -0.09568595141172409, 0), (2.683448076248169, 76.22900390625, 1.7940590381622314, 1) ), ( (0.9990877509117126, -0.042627666145563126, -0.0025115925818681717, 0), (-0.002888571936637163, -0.12615108489990234, 0.9920070171356201, 0), (-0.042603764683008194, -0.9910947680473328, -0.12615914642810822, 0), (13.467875480651855, 74.55960083007812, -1.3107736110687256, 1) ), ( (0.9800893068313599, -0.06596984714269638, 0.18727803230285645, 0), (-0.19393290579319, -0.11566847562789917, 0.9741716980934143, 0), (-0.04260377958416939, -0.9910947680473328, -0.12615914642810822, 0), (32.91816329956055, 73.72972869873047, -1.3596667051315308, 1) ), ( (0.9800891280174255, -0.06596992164850235, 0.18727800250053406, 0), (-0.1939328908920288, -0.11566848307847977, 0.9741719365119934, 0), (-0.04260389879345894, -0.991094708442688, -0.12615914642810822, 0), (32.91816711425781, 73.72972869873047, -1.3596677780151367, 1) ), ( (0.9800891280174255, -0.06596992164850235, 0.18727800250053406, 0), (-0.1939328908920288, -0.11566848307847977, 0.9741719365119934, 0), (-0.04260389879345894, -0.991094708442688, -0.12615914642810822, 0), (40.673309326171875, 73.20771789550781, 0.12220394611358643, 1) ), ( (0.9800891280174255, -0.06596992164850235, 0.18727800250053406, 0), (-0.1939328908920288, -0.11566848307847977, 0.9741719365119934, 0), (-0.04260389879345894, -0.991094708442688, -0.12615914642810822, 0), (47.10291290283203, 72.77495574951172, 1.3507943153381348, 1) ), ( (0.9800891280174255, -0.06596992164850235, 0.18727800250053406, 0), (-0.1939328908920288, -0.11566848307847977, 0.9741719365119934, 0), (-0.04260389879345894, -0.991094708442688, -0.12615914642810822, 0), (50.143802642822266, 72.57026672363281, 1.9318532943725586, 1) ), ( (0.9852948784828186, -0.02851250022649765, 0.1684666872024536, 0), (-0.0081507982686162, -0.9926993250846863, -0.12034081667661667, 0), (0.1706678718328476, 0.11719802767038345, -0.9783340096473694, 0), (50.143802642822266, 72.57026672363281, 1.9318532943725586, 1) ), ( (0.9353997111320496, -0.16299107670783997, 0.31378501653671265, 0), (-0.12679018080234528, -0.9830199480056763, -0.13265100121498108, 0), (0.3300779163837433, 0.08429679274559021, -0.9401822090148926, 0), (52.95048522949219, 71.62831115722656, 3.64670991897583, 1) ), ( (0.7169294357299805, -0.5098361968994141, 0.4754783809185028, 0), (-0.487601101398468, -0.8541663885116577, -0.18067999184131622, 0), (0.4982547163963318, -0.10230887681245804, -0.8609737157821655, 0), (56.57194900512695, 71.60720825195312, 4.82029914855957, 0.9999999403953552) ), ( (0.46210429072380066, -0.8052706122398376, 0.37148258090019226, 0), (-0.7569552063941956, -0.5764008164405823, -0.30786487460136414, 0), (0.46203699707984924, -0.13893002271652222, -0.8759111762046814, 0), (58.386409759521484, 70.3168716430664, 6.023674488067627, 1) ), ( (0.35100194811820984, -0.8949304223060608, 0.2754945158958435, 0), (-0.8418511152267456, -0.43042078614234924, -0.3256143629550934, 0), (0.4099805951118469, -0.1176341325044632, -0.9044767022132874, 0), (58.98541259765625, 69.2730484008789, 6.505201816558838, 1) ), ( (0.977271318435669, -0.1259412169456482, 0.17052625119686127, 0), (-0.10324258357286453, -0.9853115677833557, -0.1360219568014145, 0), (0.18515223264694214, 0.11532478034496307, -0.9759196043014526, 0), (53.28889846801758, 71.96556854248047, 2.647815704345703, 1) ), ( (0.8644866347312927, -0.4995821416378021, 0.0555032379925251, 0), (-0.4951913356781006, -0.8654000163078308, -0.07660644501447678, 0), (0.0863037109375, 0.038740549236536026, -0.995515763759613, 0), (56.805912017822266, 72.20211791992188, 3.1916637420654297, 1) ), ( (0.6064110994338989, -0.7948393821716309, 0.022276170551776886, 0), (-0.7922710180282593, -0.6063598990440369, -0.06807830929756165, 0), (0.06761864572763443, 0.02363463118672371, -0.9974312782287598, 0), (59.385536193847656, 70.71139526367188, 3.3572874069213867, 1) ), ( (0.4946574866771698, -0.8688700795173645, 0.01944994553923607, 0), (-0.8690187931060791, -0.4947766065597534, -0.0015497499844059348, 0), (0.010969866067171097, -0.016135836020112038, -0.999809741973877, 0), (60.349952697753906, 69.447265625, 3.392712116241455, 1) ), ( (0.9852944016456604, -0.028517482802271843, 0.16846895217895508, 0), (-0.008159160614013672, -0.9927017688751221, -0.12031972408294678, 0), (0.1706705093383789, 0.11717573553323746, -0.9783360958099365, 0), (50.06541061401367, 72.46815490722656, 1.9151909351348877, 1) ), ( (0.9901370406150818, -0.08930701017379761, -0.10794907063245773, 0), (-0.054416853934526443, -0.9551507830619812, 0.2910771071910858, 0), (-0.12910285592079163, -0.28233203291893005, -0.9505900740623474, 0), (53.45663833618164, 71.77687072753906, 0.2936195135116577, 1) ), ( (0.6147582530975342, -0.4314337968826294, -0.6602550745010376, 0), (-0.4931108057498932, -0.8635866641998291, 0.10516633838415146, 0), (-0.6155596971511841, 0.2609269618988037, -0.7436420321464539, 0), (55.75825881958008, 71.56925201416016, 0.0429079532623291, 1) ), ( (0.38908055424690247, -0.6697443723678589, -0.632502555847168, 0), (-0.5974022150039673, -0.7060961723327637, 0.3801824450492859, 0), (-0.7012325525283813, 0.2299368679523468, -0.674835205078125, 0), (56.91261291503906, 70.75912475585938, -1.1968798637390137, 1) ), ( (0.30580633878707886, -0.8329088091850281, -0.4612429738044739, 0), (-0.6886360049247742, -0.5280344486236572, 0.49695104360580444, 0), (-0.6574668288230896, 0.16565769910812378, -0.7350472211837769, 0), (57.27619934082031, 70.13328552246094, -1.7879287004470825, 1) ), ( (0.9894838333129883, -0.14082279801368713, 0.03302701935172081, 0), (-0.13455839455127716, -0.979942262172699, -0.14699503779411316, 0), (0.053064800798892975, 0.14100509881973267, -0.9885856509208679, 0), (53.43831253051758, 71.94319152832031, 1.551589012145996, 1) ), ( (0.8174188137054443, -0.4647425711154938, -0.34035369753837585, 0), (-0.503821611404419, -0.863240659236908, -0.03128702566027641, 0), (-0.27926668524742126, 0.19705212116241455, -0.9397769570350647, 0), (56.456825256347656, 72.09224700927734, 1.5897676944732666, 1) ), ( (0.5540949702262878, -0.7748274207115173, -0.30433768033981323, 0), (-0.7695870995521545, -0.6161637902259827, 0.16756445169448853, 0), (-0.31735530495643616, 0.14136777818202972, -0.9377105832099915, 0), (58.60481643676758, 70.87101745605469, 0.6954102516174316, 1) ), ( (0.36266085505485535, -0.9106115698814392, -0.19815169274806976, 0), (-0.8861002326011658, -0.4027966856956482, 0.22930511832237244, 0), (-0.28862264752388, 0.09242221713066101, -0.9529718160629272, 0), (59.43701934814453, 69.7072982788086, 0.2383124828338623, 1) ), ( (-0.6436881422996521, -0.30843502283096313, 0.7003811001777649, 0), (0.656620979309082, -0.6926661729812622, 0.29843270778656006, 0), (0.3930831253528595, 0.6519824862480164, 0.6483860611915588, 0), (51.68470001220703, 71.26683044433594, 3.023515224456787, 1) ), ( (-0.53595370054245, -0.43752098083496094, 0.72203129529953, 0), (0.8375406861305237, -0.16796082258224487, 0.519917905330658, 0), (-0.10620199888944626, 0.8833823204040527, 0.4564608037471771, 0), (51.40167236328125, 71.13119506835938, 3.3314967155456543, 1) ), ( (-0.6509352326393127, -0.262205570936203, 0.7124125957489014, 0), (0.7497919797897339, -0.36883485317230225, 0.5493388175964355, 0), (0.11872295290231705, 0.8917451500892639, 0.4366874098777771, 0), (50.30820846557617, 70.23857116699219, 4.804577827453613, 1) ), ( (-0.7993751168251038, -0.31632256507873535, 0.5108222365379333, 0), (0.5938072800636292, -0.2862968444824219, 0.7519490718841553, 0), (-0.09161170572042465, 0.9044193625450134, 0.41669291257858276, 0), (48.904659271240234, 69.67321014404297, 6.3406982421875, 1) ), ( (0.9999998807907104, 1.500490043326863e-8, -4.043846502099768e-8, 0), (-1.6170745853472113e-9, 0.9999999403953552, -1.067201171878196e-8, 0), (-8.837491805024911e-8, -1.5515508877683715e-8, 1, 0), (53.47486877441406, 69.7846908569336, 2.5617613792419434, 1) ), ( (0.9990876317024231, -0.042627666145563126, -0.002511606551706791, 0), (-0.002888608258217573, -0.12615108489990234, 0.9920068979263306, 0), (-0.04260377958416939, -0.9910947680473328, -0.12615913152694702, 0), (22.041290283203125, 74.19380187988281, -1.3323255777359009, 1) ), ( (0.9990876317024231, -0.042627666145563126, -0.002511606551706791, 0), (-0.002888608258217573, -0.12615108489990234, 0.9920068979263306, 0), (-0.04260377958416939, -0.9910947680473328, -0.12615913152694702, 0), (27.236618041992188, 73.97213745117188, -1.3453855514526367, 1) ), ( (0.9990876317024231, -0.042627666145563126, -0.002511606551706791, 0), (-0.002888608258217573, -0.12615108489990234, 0.9920068979263306, 0), (-0.04260377958416939, -0.9910947680473328, -0.12615913152694702, 0), (32.91816329956055, 73.72972869873047, -1.3596667051315308, 1) ), ( (5.754862968387897e-7, 0.947749674320221, 0.31901463866233826, 0), (-0.0000023047889499139274, -0.3190145492553711, 0.9477499127388, 0), (1, -0.000001280678361581522, 0.0000020007416878797812, 0), (0.3418112099170685, 78.74697875976562, -0.36269164085388184, 1) ), ( (5.212481823946291e-7, 0.9477499127388, 0.31901469826698303, 0), (-0.0000020419342945388053, -0.31901466846466064, 0.9477499723434448, 0), (1, -0.000001145419219028554, 0.0000017689239939500112, 0), (0.34181609749794006, 86.91857147216797, 2.3878870010375977, 1) ), ( (5.212484097683046e-7, 0.9477499127388, 0.31901469826698303, 0), (-4.843984129365708e-7, -0.31901466846466064, 0.9477499723434448, 0), (1, -6.485429366875906e-7, 2.9276995405780326e-7, 0), (0.3418300449848175, 109.82246398925781, 10.097389221191406, 1) ), ( (-0.0000014722531886945944, 0.9977185130119324, 0.06751816719770432, 0), (2.4526630681975803e-7, -0.06751818209886551, 0.9977183938026428, 0), (1, 0.0000014854558685328811, -1.4533634384861216e-7, 0), (0.3418300449848175, 109.82246398925781, 10.097389221191406, 1) ), ( (0.9974507093429565, 0.0031165920663625, -0.07128018885850906, 0), (-0.0000017459163927924237, 0.9990463256835938, 0.04364917427301407, 0), (0.0713488757610321, -0.04353725165128708, 0.9965001344680786, 0), (0.3418138921260834, 122.09188842773438, 24.628225326538086, 1) ), ( (0.9975571632385254, -0.004715378396213055, 0.06970100849866867, 0), (0.0016301099676638842, 0.9990193247795105, 0.04425106197595596, 0), (-0.0698416531085968, -0.04402966424822807, 0.9965864419937134, 0), (-7.12265157699585, 122.09187316894531, 24.62822151184082, 1) ), ( (0.9975571036338806, -0.004715378861874342, 0.06970101594924927, 0), (0.001630110084079206, 0.9990194439888, 0.04425107315182686, 0), (-0.0698416605591774, -0.04402969405055046, 0.9965864419937134, 0), (-7.122652530670166, 122.09187316894531, 24.628225326538086, 1) ), ( (0.9975564479827881, 0.004718235228210688, -0.06970333307981491, 0), (-0.0016330655198544264, 0.9990190267562866, 0.04425149783492088, 0), (0.06984373927116394, -0.044029656797647476, 0.9965858459472656, 0), (7.806069850921631, 122.0918960571289, 24.628225326538086, 1) ), ( (0.9975565671920776, 0.0047182366251945496, -0.0697033554315567, 0), (-0.0016330656362697482, 0.9990191459655762, 0.044251542538404465, 0), (0.06984374672174454, -0.04402966797351837, 0.9965859651565552, 0), (7.8060712814331055, 122.0918960571289, 24.628225326538086, 1) ), ( (1, -6.821210263296962e-13, -2.4582732294220477e-7, 0), (1.7953604640290333e-13, 0.9999998211860657, 7.31379259377718e-8, 0), (2.458271808336576e-7, -4.444426338068297e-8, 0.9999997615814209, 0), (0.34174296259880066, 168.78866577148438, 14.08778190612793, 1) ), ( (0.950507402420044, 0.14713412523269653, 0.27365490794181824, 0), (0.2538743019104004, 0.1399661749601364, -0.9570562839508057, 0), (-0.1791178286075592, 0.979163408279419, 0.09568538516759872, 0), (-1.9998440742492676, 76.22879791259766, 1.7940304279327393, 1) ), ( (0.9990878701210022, 0.042625099420547485, 0.002515752799808979, 0), (-0.002884187502786517, 0.1261511743068695, -0.9920067191123962, 0), (-0.04260145500302315, 0.9910949468612671, 0.12615910172462463, 0), (-12.784238815307617, 74.55952453613281, -1.3108322620391846, 1) ), ( (0.9800900220870972, 0.06596735864877701, -0.18727387487888336, 0), (-0.19392859935760498, 0.11566908657550812, -0.9741724729537964, 0), (-0.04260144382715225, 0.9910948872566223, 0.12615911662578583, 0), (-32.234249114990234, 73.73009490966797, -1.3597822189331055, 1) ), ( (0.9800899028778076, 0.06596744805574417, -0.18727384507656097, 0), (-0.19392859935760498, 0.11566908657550812, -0.9741725921630859, 0), (-0.04260155186057091, 0.9910947680473328, 0.12615914642810822, 0), (-32.23426055908203, 73.73008728027344, -1.3597804307937622, 1) ), ( (0.9800899028778076, 0.06596744805574417, -0.18727384507656097, 0), (-0.19392859935760498, 0.11566908657550812, -0.9741725921630859, 0), (-0.04260155186057091, 0.9910947680473328, 0.12615914642810822, 0), (-39.98973083496094, 73.20777893066406, 0.12207138538360596, 1) ), ( (0.9800899028778076, 0.06596744805574417, -0.18727384507656097, 0), (-0.19392859935760498, 0.11566908657550812, -0.9741725921630859, 0), (-0.04260155186057091, 0.9910947680473328, 0.12615914642810822, 0), (-46.4189567565918, 72.775390625, 1.3506181240081787, 1) ), ( (0.9800899028778076, 0.06596744805574417, -0.18727384507656097, 0), (-0.19392859935760498, 0.11566908657550812, -0.9741725921630859, 0), (-0.04260155186057091, 0.9910947680473328, 0.12615914642810822, 0), (-49.459930419921875, 72.57060241699219, 1.9316651821136475, 1) ), ( (0.9852954745292664, 0.028510015457868576, -0.16846251487731934, 0), (-0.00814842153340578, 0.992699146270752, 0.12034091353416443, 0), (0.17066358029842377, -0.11719854921102524, 0.9783345460891724, 0), (-49.459930419921875, 72.57060241699219, 1.9316651821136475, 1) ), ( (0.9354016184806824, 0.16298869252204895, -0.31378114223480225, 0), (-0.1267879605293274, 0.9830201268196106, 0.13265059888362885, 0), (0.3300737142562866, -0.08429775387048721, 0.9401835799217224, 0), (-52.26677322387695, 71.62845611572266, 3.646510601043701, 1) ), ( (0.7169326543807983, 0.5098345279693604, -0.47547537088394165, 0), (-0.48759913444519043, 0.8541680574417114, 0.1806780993938446, 0), (0.49825146794319153, 0.10230762511491776, 0.8609752655029297, 0), (-55.88825988769531, 71.60733032226562, 4.820084571838379, 1) ), ( (0.46210795640945435, 0.8052693605422974, -0.3714803457260132, 0), (-0.7569548487663269, 0.5764025449752808, 0.3078616261482239, 0), (0.46203377842903137, 0.13892877101898193, 0.8759127259254456, 0), (-57.702728271484375, 70.3170394897461, 6.0234503746032715, 1) ), ( (0.3510056436061859, 0.8949297070503235, -0.27549266815185547, 0), (-0.8418511748313904, 0.4304227828979492, 0.32561108469963074, 0), (0.4099771976470947, 0.11763302236795425, 0.9044784903526306, 0), (-58.30172348022461, 69.27317810058594, 6.504971981048584, 1) ), ( (0.9772724509239197, 0.1259387880563736, -0.1705220490694046, 0), (-0.10324034094810486, 0.9853118658065796, 0.13602164387702942, 0), (0.18514792621135712, -0.11532531678676605, 0.9759202599525452, 0), (-52.60523223876953, 71.96574401855469, 2.6476221084594727, 1) ), ( (0.8644882440567017, 0.49957987666130066, -0.055499643087387085, 0), (-0.4951891303062439, 0.8654015064239502, 0.07660464197397232, 0), (0.08629953861236572, -0.03874081373214722, 0.9955154061317444, 0), (-56.12226486206055, 72.20231628417969, 3.191462516784668, 1) ), ( (0.6064132452011108, 0.7948379516601562, -0.022273490205407143, 0), (-0.7922695875167847, 0.606361448764801, 0.06807506084442139, 0), (0.06761451065540314, -0.023634880781173706, 0.9974314570426941, 0), (-58.701805114746094, 70.71158599853516, 3.3570637702941895, 1) ), ( (0.4946601986885071, 0.868868887424469, -0.019447823986411095, 0), (-0.8690173029899597, 0.4947792887687683, 0.0015462158480659127, 0), (0.010965807363390923, 0.01613573543727398, 0.9998095035552979, 0), (-59.66624450683594, 69.44744873046875, 3.3924875259399414, 1) ), ( (0.9852955341339111, 0.02850974351167679, -0.1684625893831253, 0), (-0.008144295774400234, 0.9926965832710266, 0.12036330252885818, 0), (0.1706637442111969, -0.11722133308649063, 0.9783316850662231, 0), (-49.38151168823242, 72.4684829711914, 1.915003776550293, 1) ), ( (0.9901369214057922, 0.08930446207523346, 0.10795312374830246, 0), (-0.05441294237971306, 0.9551512002944946, -0.2910771369934082, 0), (-0.12910588085651398, 0.282332181930542, 0.9505894780158997, 0), (-52.772891998291016, 71.77704620361328, 0.29342544078826904, 1) ), ( (0.6147568225860596, 0.4314322769641876, 0.6602574586868286, 0), (-0.4931076467037201, 0.8635878562927246, -0.10516811907291412, 0), (-0.6155630946159363, -0.26092538237571716, 0.7436392307281494, 0), (-55.0745735168457, 71.56944274902344, 0.04270327091217041, 1) ), ( (0.38907986879348755, 0.6697432398796082, 0.6325036883354187, 0), (-0.5973989963531494, 0.7060979008674622, -0.38018471002578735, 0), (-0.7012356519699097, -0.22993503510951996, 0.6748319864273071, 0), (-56.22892379760742, 70.75931549072266, -1.1971030235290527, 1) ), ( (0.3058067560195923, 0.8329078555107117, 0.4612445831298828, 0), (-0.6886321902275085, 0.5280359983444214, -0.4969538748264313, 0), (-0.657470703125, -0.16565605998039246, 0.7350446581840515, 0), (-56.592437744140625, 70.13346099853516, -1.7881191968917847, 1) ), ( (0.9894845485687256, 0.14082030951976776, -0.033022936433553696, 0), (-0.13455617427825928, 0.9799423813819885, 0.14699459075927734, 0), (0.053060371428728104, -0.14100529253482819, 0.9885857105255127, 0), (-52.754600524902344, 71.9433364868164, 1.551389217376709, 1) ), ( (0.8174186944961548, 0.4647405445575714, 0.3403570353984833, 0), (-0.5038190484046936, 0.8632420301437378, 0.031285129487514496, 0), (-0.2792711555957794, -0.19705158472061157, 0.9397756457328796, 0), (-55.77316665649414, 72.09236145019531, 1.5895557403564453, 1) ), ( (0.5540955066680908, 0.7748258709907532, 0.304340124130249, 0), (-0.7695844173431396, 0.6161655187606812, -0.16756755113601685, 0), (-0.31735944747924805, -0.14136697351932526, 0.9377089738845825, 0), (-57.92111587524414, 70.87117004394531, 0.695192813873291, 1) ), ( (0.3626629114151001, 0.910610556602478, 0.19815325736999512, 0), (-0.8860982060432434, 0.40279924869537354, -0.2293085902929306, 0), (-0.28862667083740234, -0.09242165088653564, 0.952970564365387, 0), (-58.75333023071289, 69.70744323730469, 0.2380967140197754, 1) ), ( (-0.6436845064163208, 0.3084368109703064, -0.7003832459449768, 0), (0.6566241383552551, 0.6926649212837219, -0.2984299063682556, 0), (0.3930838704109192, -0.6519834995269775, -0.6483846306800842, 0), (-51.00102233886719, 71.26700592041016, 3.023324489593506, 1) ), ( (-0.535949170589447, 0.4375223219394684, -0.722033679485321, 0), (0.8375434279441833, 0.1679585576057434, -0.5199139714241028, 0), (-0.106202632188797, -0.8833822011947632, -0.45646119117736816, 0), (-50.71797180175781, 71.13130187988281, 3.331310510635376, 1.0000001192092896) ), ( (-0.650931715965271, 0.2622072398662567, -0.712414562702179, 0), (0.7497952580451965, 0.3688330352306366, -0.5493353009223938, 0), (0.11872215569019318, -0.8917450904846191, -0.4366869032382965, 0), (-49.624534606933594, 70.2386703491211, 4.804391860961914, 0.9999999403953552) ), ( (-0.7993719577789307, 0.31632474064826965, -0.5108254551887512, 0), (0.5938106775283813, 0.28629523515701294, -0.7519464492797852, 0), (-0.09161257743835449, -0.9044190645217896, -0.4166935682296753, 0), (-48.22099304199219, 69.67333984375, 6.340572357177734, 1) ), ( (0.9999999403953552, -1.595535081833077e-8, -1.1231071539441473e-7, 0), (-1.949459083050442e-8, 0.9999999403953552, 4.147567267409613e-8, 0), (-8.34558022688725e-9, -3.041686014171319e-8, 1, 0), (-52.79106140136719, 69.8175277709961, 2.5615572929382324, 1) ), ( (0.9990877509117126, 0.04262511804699898, 0.002515724627301097, 0), (-0.002884218469262123, 0.1261511743068695, -0.9920065999031067, 0), (-0.04260144382715225, 0.9910948872566223, 0.12615910172462463, 0), (-21.357315063476562, 74.194091796875, -1.3323960304260254, 1) ), ( (0.9990877509117126, 0.04262511804699898, 0.002515724627301097, 0), (-0.002884218469262123, 0.1261511743068695, -0.9920065999031067, 0), (-0.04260144382715225, 0.9910948872566223, 0.12615910172462463, 0), (-26.55301856994629, 73.97215270996094, -1.3454985618591309, 1) ), ( (0.9990877509117126, 0.04262511804699898, 0.002515724627301097, 0), (-0.002884218469262123, 0.1261511743068695, -0.9920065999031067, 0), (-0.04260144382715225, 0.9910948872566223, 0.12615910172462463, 0), (-32.234249114990234, 73.73009490966797, -1.3597822189331055, 1) ), ( (1, 2.2737367544323206e-13, 0.000002174307610403048, 0), (-2.252660270775017e-13, 0.9999999403953552, -3.2223397283814847e-9, 0), (-0.000002174307610403048, -1.641292612930556e-8, 1.0000001192092896, 0), (0.34182125329971313, 68.68336486816406, -11.44261360168457, 1) ), ( (0.00348382955417037, -0.9987308979034424, 0.05024438351392746, 0), (0.0001758708240231499, -0.05024407431483269, -0.9987369775772095, 0), (0.9999939203262329, 0.003488265909254551, 6.058005510567455e-7, 0), (10.962040901184082, 42.55311584472656, -1.4739314317703247, 1) ), ( (0.0034877886064350605, -0.9998539686203003, -0.016732053831219673, 0), (-0.00005776024772785604, 0.016731955111026764, -0.9998600482940674, 0), (0.9999938607215881, 0.003488267306238413, 6.056294523659744e-7, 0), (11.037065505981445, 21.0458927154541, -0.3919411897659302, 1) ), ( (0.08967004716396332, -0.9949924349784851, 0.04415490850806236, 0), (0.043622177094221115, 0.04821452870965004, 0.997883677482605, 0), (-0.9950156807899475, -0.08755415678024292, 0.04772711917757988, 0), (11.095900535583496, 4.178199768066406, -0.6742150187492371, 1) ), ( (0.043622344732284546, 0.04822399467229843, 0.9978830814361572, 0), (0.08967043459415436, -0.9949919581413269, 0.044164370745420456, 0), (0.9950155019760132, 0.08755411952733994, -0.04772814363241196, 0), (11.818719863891602, 1.4857368469238281, 9.455804824829102, 1) ), ( (0.04362339526414871, 0.0482240729033947, 0.997883141040802, 0), (0.08967015147209167, -0.9949918985366821, 0.04416438937187195, 0), (0.9950156211853027, 0.08755376935005188, -0.047729190438985825, 0), (11.91760540008545, 1.595062255859375, 11.71784782409668, 1) ), ( (0.08956515043973923, -0.9951026439666748, 0.04181578755378723, 0), (0.04383181780576706, 0.04588202014565468, 0.9979841709136963, 0), (-0.9950157999992371, -0.08755180984735489, 0.0477265939116478, 0), (11.095901489257812, 4.178203582763672, -0.6742148995399475, 1) ), ( (0.9974637627601624, 2.2102767616161145e-8, -0.07117311656475067, 0), (-1.4455729058227007e-8, 0.9999998211860657, -1.1532402588443347e-8, 0), (0.07117311656475067, 1.0500123437395814e-8, 0.9974640607833862, 0), (11.457311630249023, 0.7371872663497925, 4.39079475402832, 0.9999999403953552) ), ( (0.003486682428047061, -0.9998984932899475, -0.013808616437017918, 0), (-0.00004692454604082741, 0.013808528892695904, -0.9999046325683594, 0), (0.9999939203262329, 0.003486997913569212, 0.000001226160293299472, 0), (11.037069320678711, 21.046382904052734, -0.3919382095336914, 1) ), ( (0.0034862514585256577, -0.9998539686203003, -0.016732053831219673, 0), (-0.014338783919811249, 0.01668044924736023, -0.9997580647468567, 0), (0.9998911023139954, 0.0037253249902278185, -0.014278538525104523, 0), (11.092215538024902, 13.530277252197266, -0.5409806966781616, 1) ), ( (0.003483753651380539, -0.9998539686203003, -0.016732053831219673, 0), (-0.028616888448596, 0.01662561297416687, -0.9994521141052246, 0), (0.9995843768119812, 0.003960664849728346, -0.02855478972196579, 0), (11.108526229858398, 8.854476928710938, -0.6192289590835571, 1) ), ( (0.003482971340417862, -0.9998539686203003, -0.016732053831219673, 0), (-0.04332151263952255, 0.016565565019845963, -0.9989238381385803, 0), (0.9990550875663757, 0.004204080440104008, -0.043257493525743484, 0), (11.124835014343262, 4.178680419921875, -0.6974784731864929, 1) ), ( (0.0034826791379600763, -0.9987308382987976, 0.05024438351392746, 0), (0.00017629735521040857, -0.05024407431483269, -0.9987369179725647, 0), (0.9999938607215881, 0.003487138543277979, 0.0000010895552122747176, 0), (11.031004905700684, 39.37522888183594, -1.2882717847824097, 1) ), ( (0.0034808290656656027, -0.9987307786941528, 0.05024437978863716, 0), (0.00017587080947123468, -0.05024407058954239, -0.9987369179725647, 0), (0.9999938607215881, 0.0034852696117013693, 7.565064947812061e-7, 0), (11.056782722473145, 31.986984252929688, -0.9165821671485901, 1) ), ( (0.003481138963252306, -0.9987307786941528, 0.05024437978863716, 0), (0.00017714311252348125, -0.05024406686425209, -0.9987369179725647, 0), (0.9999938607215881, 0.00348564307205379, 0.000002011632432186161, 0), (11.060864448547363, 22.518539428710938, -0.45313167572021484, 1) ), ( (0.0034886575303971767, 0.9987308382987976, -0.050244372338056564, 0), (0.0001748038484947756, 0.05024407431483269, 0.9987369179725647, 0), (0.9999939203262329, -0.003493034280836582, 7.023398893579724e-7, 0), (-10.278547286987305, 42.55315017700195, -1.4739450216293335, 1) ), ( (0.0034925350919365883, 0.9998539686203003, 0.016732053831219673, 0), (-0.00005914806388318539, -0.01673194393515587, 0.9998600482940674, 0), (0.9999939203262329, -0.0034930354449898005, 7.024652859399794e-7, 0), (-10.353679656982422, 21.045927047729492, -0.39195501804351807, 1) ), ( (0.08967483788728714, 0.9949918389320374, -0.04415478557348251, 0), (0.043623246252536774, -0.048214733600616455, -0.997883677482605, 0), (-0.9950149059295654, 0.08755888789892197, -0.04772841930389404, 0), (-10.41259479522705, 4.178260803222656, -0.6742287874221802, 1) ), ( (0.0436234325170517, -0.04822421073913574, -0.997883141040802, 0), (0.08967524021863937, 0.9949914216995239, -0.044164255261421204, 0), (0.9950149655342102, -0.08755883574485779, 0.047729458659887314, 0), (-11.135440826416016, 1.4858038425445557, 9.455791473388672, 1.0000001192092896) ), ( (0.0436234213411808, -0.04822419956326485, -0.9978830814361572, 0), (0.08967559039592743, 0.9949914216995239, -0.044164229184389114, 0), (0.9950149655342102, -0.08755919337272644, 0.04772946238517761, 0), (-11.234321594238281, 1.5951080322265625, 11.717802047729492, 1) ), ( (0.08956997096538544, 0.9951021075248718, -0.04181566461920738, 0), (0.043832916766405106, -0.04588222876191139, -0.9979842305183411, 0), (-0.9950152635574341, 0.08755654096603394, -0.04772790148854256, 0), (-10.412595748901367, 4.178267002105713, -0.6742293238639832, 1.0000001192092896) ), ( (0.9974638819694519, -7.330640983127523e-9, 0.07117576152086258, 0), (-1.3480914162755653e-9, 1, -1.0813892892258536e-8, 0), (-0.07117578387260437, 2.169500135096314e-9, 0.9974637627601624, 0), (-10.774018287658691, 0.7631323337554932, 4.390780448913574, 1.0000001192092896) ), ( (0.0034914319403469563, 0.9998984336853027, 0.01380861271172762, 0), (-0.000048298075853381306, -0.0138085363432765, 0.9999045729637146, 0), (0.9999939203262329, -0.003491766285151243, 8.157792308338685e-8, 0), (-10.353678703308105, 21.04641342163086, -0.3919522762298584, 1) ), ( (0.003492537420243025, 0.9998539090156555, 0.016732050105929375, 0), (-0.014340171590447426, -0.01668035238981247, 0.9997580051422119, 0), (0.9998911023139954, -0.0037316333036869764, 0.014279818162322044, 0), (-10.40886402130127, 13.530338287353516, -0.5409950017929077, 1) ), ( (0.0034925348591059446, 0.9998539090156555, 0.016732042655348778, 0), (-0.02861827053129673, -0.01662536710500717, 0.9994521141052246, 0), (0.9995843768119812, -0.003969463985413313, 0.02855602279305458, 0), (-10.425196647644043, 8.854549407958984, -0.6192432641983032, 1) ), ( (0.003492537420243025, 0.9998539090156555, 0.016732042655348778, 0), (-0.04332290589809418, -0.01656516268849373, 0.9989238381385803, 0), (0.9990551471710205, -0.004213658627122641, 0.04325871542096138, 0), (-10.4415283203125, 4.178741455078125, -0.697492241859436, 1) ), ( (0.003488657297566533, 0.9987307786941528, -0.050244372338056564, 0), (0.00017523056885693222, 0.050244078040122986, 0.9987369179725647, 0), (0.9999939203262329, -0.0034930554684251547, 2.7615683961812465e-7, 0), (-10.347532272338867, 39.37523651123047, -1.288284420967102, 1) ), ( (0.003488657297566533, 0.9987307786941528, -0.050244372338056564, 0), (0.0001748038484947756, 0.05024407431483269, 0.9987369179725647, 0), (0.9999939203262329, -0.0034930340480059385, 7.02322097367869e-7, 0), (-10.37333869934082, 31.986995697021484, -0.9165949821472168, 1) ), ( (0.003488657297566533, 0.9987307786941528, -0.050244372338056564, 0), (0.00017607620975468308, 0.05024407058954239, 0.9987369179725647, 0), (0.9999939203262329, -0.0034930980764329433, -5.684397024197096e-7, 0), (-10.377473831176758, 22.518571853637695, -0.45314550399780273, 1) ), ( (1, 0, 0, 0), (0, 1, 0, 0), (0, 2.594763867744959e-13, 1, 0), (14.558891296386719, 50.01377487182617, 14.961751937866211, 1) ), ( (1, 0, 0, 0), (0, 1, 0, 0), (0, 2.594763867744959e-13, 1, 0), (12.971755027770996, 50.01325607299805, -22.76622200012207, 1) ), ( (1, 0, 0, 0), (0, 1, 0, 0), (0, 2.594763867744959e-13, 1, 0), (-13.884785652160645, 50.01384353637695, 14.971927642822266, 1) ), ( (1, 0, 0, 0), (0, 1, 0, 0), (0, 2.594763867744959e-13, 1, 0), (-10.72104549407959, 50.013343811035156, -19.997486114501953, 1) )]
        uniform token[] joints = ["root_joint", "root_joint/pelvis_joint", "root_joint/pelvis_joint/spineLower_joint", "root_joint/pelvis_joint/spineLower_joint/spineMiddle_joint", "root_joint/pelvis_joint/spineLower_joint/spineMiddle_joint/spineUpper_joint", "root_joint/pelvis_joint/spineLower_joint/spineMiddle_joint/spineUpper_joint/chest_joint", "root_joint/pelvis_joint/spineLower_joint/spineMiddle_joint/spineUpper_joint/chest_joint/clavicle_left_joint", "root_joint/pelvis_joint/spineLower_joint/spineMiddle_joint/spineUpper_joint/chest_joint/clavicle_left_joint/shoulder_left_joint", "root_joint/pelvis_joint/spineLower_joint/spineMiddle_joint/spineUpper_joint/chest_joint/clavicle_left_joint/shoulder_left_joint/elbow_left_joint", "root_joint/pelvis_joint/spineLower_joint/spineMiddle_joint/spineUpper_joint/chest_joint/clavicle_left_joint/shoulder_left_joint/elbow_left_joint/elbow_partial_left_joint", "root_joint/pelvis_joint/spineLower_joint/spineMiddle_joint/spineUpper_joint/chest_joint/clavicle_left_joint/shoulder_left_joint/elbow_left_joint/armLower_twist_01_left_joint", "root_joint/pelvis_joint/spineLower_joint/spineMiddle_joint/spineUpper_joint/chest_joint/clavicle_left_joint/shoulder_left_joint/elbow_left_joint/armLower_twist_02_left_joint", "root_joint/pelvis_joint/spineLower_joint/spineMiddle_joint/spineUpper_joint/chest_joint/clavicle_left_joint/shoulder_left_joint/elbow_left_joint/armLower_twist_03_left_joint", "root_joint/pelvis_joint/spineLower_joint/spineMiddle_joint/spineUpper_joint/chest_joint/clavicle_left_joint/shoulder_left_joint/elbow_left_joint/handWrist_left_joint", "root_joint/pelvis_joint/spineLower_joint/spineMiddle_joint/spineUpper_joint/chest_joint/clavicle_left_joint/shoulder_left_joint/elbow_left_joint/handWrist_left_joint/handIndexMeta_left_joint", "root_joint/pelvis_joint/spineLower_joint/spineMiddle_joint/spineUpper_joint/chest_joint/clavicle_left_joint/shoulder_left_joint/elbow_left_joint/handWrist_left_joint/handIndexMeta_left_joint/handIndex_00_left_joint", "root_joint/pelvis_joint/spineLower_joint/spineMiddle_joint/spineUpper_joint/chest_joint/clavicle_left_joint/shoulder_left_joint/elbow_left_joint/handWrist_left_joint/handIndexMeta_left_joint/handIndex_00_left_joint/handIndex_01_left_joint", "root_joint/pelvis_joint/spineLower_joint/spineMiddle_joint/spineUpper_joint/chest_joint/clavicle_left_joint/shoulder_left_joint/elbow_left_joint/handWrist_left_joint/handIndexMeta_left_joint/handIndex_00_left_joint/handIndex_01_left_joint/handIndex_02_left_joint", "root_joint/pelvis_joint/spineLower_joint/spineMiddle_joint/spineUpper_joint/chest_joint/clavicle_left_joint/shoulder_left_joint/elbow_left_joint/handWrist_left_joint/handMiddleMeta_left_joint", "root_joint/pelvis_joint/spineLower_joint/spineMiddle_joint/spineUpper_joint/chest_joint/clavicle_left_joint/shoulder_left_joint/elbow_left_joint/handWrist_left_joint/handMiddleMeta_left_joint/handMiddle_00_left_joint", "root_joint/pelvis_joint/spineLower_joint/spineMiddle_joint/spineUpper_joint/chest_joint/clavicle_left_joint/shoulder_left_joint/elbow_left_joint/handWrist_left_joint/handMiddleMeta_left_joint/handMiddle_00_left_joint/handMiddle_01_left_joint", "root_joint/pelvis_joint/spineLower_joint/spineMiddle_joint/spineUpper_joint/chest_joint/clavicle_left_joint/shoulder_left_joint/elbow_left_joint/handWrist_left_joint/handMiddleMeta_left_joint/handMiddle_00_left_joint/handMiddle_01_left_joint/handMiddle_02_left_joint", "root_joint/pelvis_joint/spineLower_joint/spineMiddle_joint/spineUpper_joint/chest_joint/clavicle_left_joint/shoulder_left_joint/elbow_left_joint/handWrist_left_joint/handWrist_partial_left_joint", "root_joint/pelvis_joint/spineLower_joint/spineMiddle_joint/spineUpper_joint/chest_joint/clavicle_left_joint/shoulder_left_joint/elbow_left_joint/handWrist_left_joint/handPinkyMeta_left_joint", "root_joint/pelvis_joint/spineLower_joint/spineMiddle_joint/spineUpper_joint/chest_joint/clavicle_left_joint/shoulder_left_joint/elbow_left_joint/handWrist_left_joint/handPinkyMeta_left_joint/handPinky_00_left_joint", "root_joint/pelvis_joint/spineLower_joint/spineMiddle_joint/spineUpper_joint/chest_joint/clavicle_left_joint/shoulder_left_joint/elbow_left_joint/handWrist_left_joint/handPinkyMeta_left_joint/handPinky_00_left_joint/handPinky_01_left_joint", "root_joint/pelvis_joint/spineLower_joint/spineMiddle_joint/spineUpper_joint/chest_joint/clavicle_left_joint/shoulder_left_joint/elbow_left_joint/handWrist_left_joint/handPinkyMeta_left_joint/handPinky_00_left_joint/handPinky_01_left_joint/handPinky_02_left_joint", "root_joint/pelvis_joint/spineLower_joint/spineMiddle_joint/spineUpper_joint/chest_joint/clavicle_left_joint/shoulder_left_joint/elbow_left_joint/handWrist_left_joint/handRingMeta_left_joint", "root_joint/pelvis_joint/spineLower_joint/spineMiddle_joint/spineUpper_joint/chest_joint/clavicle_left_joint/shoulder_left_joint/elbow_left_joint/handWrist_left_joint/handRingMeta_left_joint/handRing_00_left_joint", "root_joint/pelvis_joint/spineLower_joint/spineMiddle_joint/spineUpper_joint/chest_joint/clavicle_left_joint/shoulder_left_joint/elbow_left_joint/handWrist_left_joint/handRingMeta_left_joint/handRing_00_left_joint/handRing_01_left_joint", "root_joint/pelvis_joint/spineLower_joint/spineMiddle_joint/spineUpper_joint/chest_joint/clavicle_left_joint/shoulder_left_joint/elbow_left_joint/handWrist_left_joint/handRingMeta_left_joint/handRing_00_left_joint/handRing_01_left_joint/handRing_02_left_joint", "root_joint/pelvis_joint/spineLower_joint/spineMiddle_joint/spineUpper_joint/chest_joint/clavicle_left_joint/shoulder_left_joint/elbow_left_joint/handWrist_left_joint/handThumbMeta_left_joint", "root_joint/pelvis_joint/spineLower_joint/spineMiddle_joint/spineUpper_joint/chest_joint/clavicle_left_joint/shoulder_left_joint/elbow_left_joint/handWrist_left_joint/handThumbMeta_left_joint/handThumb_00_left_joint", "root_joint/pelvis_joint/spineLower_joint/spineMiddle_joint/spineUpper_joint/chest_joint/clavicle_left_joint/shoulder_left_joint/elbow_left_joint/handWrist_left_joint/handThumbMeta_left_joint/handThumb_00_left_joint/handThumb_01_left_joint", "root_joint/pelvis_joint/spineLower_joint/spineMiddle_joint/spineUpper_joint/chest_joint/clavicle_left_joint/shoulder_left_joint/elbow_left_joint/handWrist_left_joint/handThumbMeta_left_joint/handThumb_00_left_joint/handThumb_01_left_joint/handThumb_02_left_joint", "root_joint/pelvis_joint/spineLower_joint/spineMiddle_joint/spineUpper_joint/chest_joint/clavicle_left_joint/shoulder_left_joint/elbow_left_joint/handWrist_left_joint/hand_l_socket", "root_joint/pelvis_joint/spineLower_joint/spineMiddle_joint/spineUpper_joint/chest_joint/clavicle_left_joint/shoulder_left_joint/armUpper_twist_01_left_joint", "root_joint/pelvis_joint/spineLower_joint/spineMiddle_joint/spineUpper_joint/chest_joint/clavicle_left_joint/shoulder_left_joint/armUpper_twist_02_left_joint", "root_joint/pelvis_joint/spineLower_joint/spineMiddle_joint/spineUpper_joint/chest_joint/clavicle_left_joint/shoulder_left_joint/armUpper_twist_03_left_joint", "root_joint/pelvis_joint/spineLower_joint/spineMiddle_joint/spineUpper_joint/chest_joint/neck_joint", "root_joint/pelvis_joint/spineLower_joint/spineMiddle_joint/spineUpper_joint/chest_joint/neck_joint/neck_twist_01_joint", "root_joint/pelvis_joint/spineLower_joint/spineMiddle_joint/spineUpper_joint/chest_joint/neck_joint/neck_twist_02_joint", "root_joint/pelvis_joint/spineLower_joint/spineMiddle_joint/spineUpper_joint/chest_joint/neck_joint/head_joint", "root_joint/pelvis_joint/spineLower_joint/spineMiddle_joint/spineUpper_joint/chest_joint/neck_joint/head_joint/head_tracker_target", "root_joint/pelvis_joint/spineLower_joint/spineMiddle_joint/spineUpper_joint/chest_joint/neck_joint/head_joint/eye_offset_right_joint", "root_joint/pelvis_joint/spineLower_joint/spineMiddle_joint/spineUpper_joint/chest_joint/neck_joint/head_joint/eye_offset_right_joint/eye_right_joint", "root_joint/pelvis_joint/spineLower_joint/spineMiddle_joint/spineUpper_joint/chest_joint/neck_joint/head_joint/eye_offset_left_joint", "root_joint/pelvis_joint/spineLower_joint/spineMiddle_joint/spineUpper_joint/chest_joint/neck_joint/head_joint/eye_offset_left_joint/eye_left_joint", "root_joint/pelvis_joint/spineLower_joint/spineMiddle_joint/spineUpper_joint/chest_joint/neck_joint/head_joint/head_socket", "root_joint/pelvis_joint/spineLower_joint/spineMiddle_joint/spineUpper_joint/chest_joint/clavicle_right_joint", "root_joint/pelvis_joint/spineLower_joint/spineMiddle_joint/spineUpper_joint/chest_joint/clavicle_right_joint/shoulder_right_joint", "root_joint/pelvis_joint/spineLower_joint/spineMiddle_joint/spineUpper_joint/chest_joint/clavicle_right_joint/shoulder_right_joint/elbow_right_joint", "root_joint/pelvis_joint/spineLower_joint/spineMiddle_joint/spineUpper_joint/chest_joint/clavicle_right_joint/shoulder_right_joint/elbow_right_joint/elbow_partial_right_joint", "root_joint/pelvis_joint/spineLower_joint/spineMiddle_joint/spineUpper_joint/chest_joint/clavicle_right_joint/shoulder_right_joint/elbow_right_joint/armLower_twist_01_right_joint", "root_joint/pelvis_joint/spineLower_joint/spineMiddle_joint/spineUpper_joint/chest_joint/clavicle_right_joint/shoulder_right_joint/elbow_right_joint/armLower_twist_02_right_joint", "root_joint/pelvis_joint/spineLower_joint/spineMiddle_joint/spineUpper_joint/chest_joint/clavicle_right_joint/shoulder_right_joint/elbow_right_joint/armLower_twist_03_right_joint", "root_joint/pelvis_joint/spineLower_joint/spineMiddle_joint/spineUpper_joint/chest_joint/clavicle_right_joint/shoulder_right_joint/elbow_right_joint/handWrist_right_joint", "root_joint/pelvis_joint/spineLower_joint/spineMiddle_joint/spineUpper_joint/chest_joint/clavicle_right_joint/shoulder_right_joint/elbow_right_joint/handWrist_right_joint/handIndexMeta_right_joint", "root_joint/pelvis_joint/spineLower_joint/spineMiddle_joint/spineUpper_joint/chest_joint/clavicle_right_joint/shoulder_right_joint/elbow_right_joint/handWrist_right_joint/handIndexMeta_right_joint/handIndex_00_right_joint", "root_joint/pelvis_joint/spineLower_joint/spineMiddle_joint/spineUpper_joint/chest_joint/clavicle_right_joint/shoulder_right_joint/elbow_right_joint/handWrist_right_joint/handIndexMeta_right_joint/handIndex_00_right_joint/handIndex_01_right_joint", "root_joint/pelvis_joint/spineLower_joint/spineMiddle_joint/spineUpper_joint/chest_joint/clavicle_right_joint/shoulder_right_joint/elbow_right_joint/handWrist_right_joint/handIndexMeta_right_joint/handIndex_00_right_joint/handIndex_01_right_joint/handIndex_02_right_joint", "root_joint/pelvis_joint/spineLower_joint/spineMiddle_joint/spineUpper_joint/chest_joint/clavicle_right_joint/shoulder_right_joint/elbow_right_joint/handWrist_right_joint/handMiddleMeta_right_joint", "root_joint/pelvis_joint/spineLower_joint/spineMiddle_joint/spineUpper_joint/chest_joint/clavicle_right_joint/shoulder_right_joint/elbow_right_joint/handWrist_right_joint/handMiddleMeta_right_joint/handMiddle_00_right_joint", "root_joint/pelvis_joint/spineLower_joint/spineMiddle_joint/spineUpper_joint/chest_joint/clavicle_right_joint/shoulder_right_joint/elbow_right_joint/handWrist_right_joint/handMiddleMeta_right_joint/handMiddle_00_right_joint/handMiddle_01_right_joint", "root_joint/pelvis_joint/spineLower_joint/spineMiddle_joint/spineUpper_joint/chest_joint/clavicle_right_joint/shoulder_right_joint/elbow_right_joint/handWrist_right_joint/handMiddleMeta_right_joint/handMiddle_00_right_joint/handMiddle_01_right_joint/handMiddle_02_right_joint", "root_joint/pelvis_joint/spineLower_joint/spineMiddle_joint/spineUpper_joint/chest_joint/clavicle_right_joint/shoulder_right_joint/elbow_right_joint/handWrist_right_joint/handWrist_partial_right_joint", "root_joint/pelvis_joint/spineLower_joint/spineMiddle_joint/spineUpper_joint/chest_joint/clavicle_right_joint/shoulder_right_joint/elbow_right_joint/handWrist_right_joint/handPinkyMeta_right_joint", "root_joint/pelvis_joint/spineLower_joint/spineMiddle_joint/spineUpper_joint/chest_joint/clavicle_right_joint/shoulder_right_joint/elbow_right_joint/handWrist_right_joint/handPinkyMeta_right_joint/handPinky_00_right_joint", "root_joint/pelvis_joint/spineLower_joint/spineMiddle_joint/spineUpper_joint/chest_joint/clavicle_right_joint/shoulder_right_joint/elbow_right_joint/handWrist_right_joint/handPinkyMeta_right_joint/handPinky_00_right_joint/handPinky_01_right_joint", "root_joint/pelvis_joint/spineLower_joint/spineMiddle_joint/spineUpper_joint/chest_joint/clavicle_right_joint/shoulder_right_joint/elbow_right_joint/handWrist_right_joint/handPinkyMeta_right_joint/handPinky_00_right_joint/handPinky_01_right_joint/handPinky_02_right_joint", "root_joint/pelvis_joint/spineLower_joint/spineMiddle_joint/spineUpper_joint/chest_joint/clavicle_right_joint/shoulder_right_joint/elbow_right_joint/handWrist_right_joint/handRingMeta_right_joint", "root_joint/pelvis_joint/spineLower_joint/spineMiddle_joint/spineUpper_joint/chest_joint/clavicle_right_joint/shoulder_right_joint/elbow_right_joint/handWrist_right_joint/handRingMeta_right_joint/handRing_00_right_joint", "root_joint/pelvis_joint/spineLower_joint/spineMiddle_joint/spineUpper_joint/chest_joint/clavicle_right_joint/shoulder_right_joint/elbow_right_joint/handWrist_right_joint/handRingMeta_right_joint/handRing_00_right_joint/handRing_01_right_joint", "root_joint/pelvis_joint/spineLower_joint/spineMiddle_joint/spineUpper_joint/chest_joint/clavicle_right_joint/shoulder_right_joint/elbow_right_joint/handWrist_right_joint/handRingMeta_right_joint/handRing_00_right_joint/handRing_01_right_joint/handRing_02_right_joint", "root_joint/pelvis_joint/spineLower_joint/spineMiddle_joint/spineUpper_joint/chest_joint/clavicle_right_joint/shoulder_right_joint/elbow_right_joint/handWrist_right_joint/handThumbMeta_right_joint", "root_joint/pelvis_joint/spineLower_joint/spineMiddle_joint/spineUpper_joint/chest_joint/clavicle_right_joint/shoulder_right_joint/elbow_right_joint/handWrist_right_joint/handThumbMeta_right_joint/handThumb_00_right_joint", "root_joint/pelvis_joint/spineLower_joint/spineMiddle_joint/spineUpper_joint/chest_joint/clavicle_right_joint/shoulder_right_joint/elbow_right_joint/handWrist_right_joint/handThumbMeta_right_joint/handThumb_00_right_joint/handThumb_01_right_joint", "root_joint/pelvis_joint/spineLower_joint/spineMiddle_joint/spineUpper_joint/chest_joint/clavicle_right_joint/shoulder_right_joint/elbow_right_joint/handWrist_right_joint/handThumbMeta_right_joint/handThumb_00_right_joint/handThumb_01_right_joint/handThumb_02_right_joint", "root_joint/pelvis_joint/spineLower_joint/spineMiddle_joint/spineUpper_joint/chest_joint/clavicle_right_joint/shoulder_right_joint/elbow_right_joint/handWrist_right_joint/hand_r_socket", "root_joint/pelvis_joint/spineLower_joint/spineMiddle_joint/spineUpper_joint/chest_joint/clavicle_right_joint/shoulder_right_joint/armUpper_twist_01_right_joint", "root_joint/pelvis_joint/spineLower_joint/spineMiddle_joint/spineUpper_joint/chest_joint/clavicle_right_joint/shoulder_right_joint/armUpper_twist_02_right_joint", "root_joint/pelvis_joint/spineLower_joint/spineMiddle_joint/spineUpper_joint/chest_joint/clavicle_right_joint/shoulder_right_joint/armUpper_twist_03_right_joint", "root_joint/pelvis_joint/spineLower_joint/spineMiddle_joint/spineUpper_joint/chest_joint/back_socket", "root_joint/pelvis_joint/hip_left_joint", "root_joint/pelvis_joint/hip_left_joint/knee_left_joint", "root_joint/pelvis_joint/hip_left_joint/knee_left_joint/footAnkle_left_joint", "root_joint/pelvis_joint/hip_left_joint/knee_left_joint/footAnkle_left_joint/footBall_left_joint", "root_joint/pelvis_joint/hip_left_joint/knee_left_joint/footAnkle_left_joint/footBall_left_joint/footToe_left_joint", "root_joint/pelvis_joint/hip_left_joint/knee_left_joint/footAnkle_left_joint/footAnkle_partial_left_joint", "root_joint/pelvis_joint/hip_left_joint/knee_left_joint/footAnkle_left_joint/foot_l_socket", "root_joint/pelvis_joint/hip_left_joint/knee_left_joint/knee_partial_left_joint", "root_joint/pelvis_joint/hip_left_joint/knee_left_joint/legLower_twist_01_left_joint", "root_joint/pelvis_joint/hip_left_joint/knee_left_joint/legLower_twist_02_left_joint", "root_joint/pelvis_joint/hip_left_joint/knee_left_joint/legLower_twist_03_left_joint", "root_joint/pelvis_joint/hip_left_joint/legUpper_twist_01_left_joint", "root_joint/pelvis_joint/hip_left_joint/legUpper_twist_02_left_joint", "root_joint/pelvis_joint/hip_left_joint/legUpper_twist_03_left_joint", "root_joint/pelvis_joint/hip_right_joint", "root_joint/pelvis_joint/hip_right_joint/knee_right_joint", "root_joint/pelvis_joint/hip_right_joint/knee_right_joint/footAnkle_right_joint", "root_joint/pelvis_joint/hip_right_joint/knee_right_joint/footAnkle_right_joint/footBall_right_joint", "root_joint/pelvis_joint/hip_right_joint/knee_right_joint/footAnkle_right_joint/footBall_right_joint/footToe_right_joint", "root_joint/pelvis_joint/hip_right_joint/knee_right_joint/footAnkle_right_joint/footAnkle_partial_right_joint", "root_joint/pelvis_joint/hip_right_joint/knee_right_joint/footAnkle_right_joint/foot_r_socket", "root_joint/pelvis_joint/hip_right_joint/knee_right_joint/knee_partial_right_joint", "root_joint/pelvis_joint/hip_right_joint/knee_right_joint/legLower_twist_01_right_joint", "root_joint/pelvis_joint/hip_right_joint/knee_right_joint/legLower_twist_02_right_joint", "root_joint/pelvis_joint/hip_right_joint/knee_right_joint/legLower_twist_03_right_joint", "root_joint/pelvis_joint/hip_right_joint/legUpper_twist_01_right_joint", "root_joint/pelvis_joint/hip_right_joint/legUpper_twist_02_right_joint", "root_joint/pelvis_joint/hip_right_joint/legUpper_twist_03_right_joint", "root_joint/pelvis_joint/hip_l_front_socket", "root_joint/pelvis_joint/hip_l_back_socket", "root_joint/pelvis_joint/hip_r_front_socket", "root_joint/pelvis_joint/hip_r_back_socket"]
        uniform matrix4d[] restTransforms = [( (1, 0, 6.540741992466792e-7, 0), (0, 1, 0, 0), (-6.540741992466792e-7, 0, 1, 0), (0.3417639434337616, 0, -1.628903865814209, 1) ), ( (0.000002384185791015625, 1, -0.000013828277587890625, 0), (0, 0.000013828277587890625, 1, 0), (1, -0.000002384185791015625, 0, 0), (0, 50.01359558105469, 1.176497220993042, 1) ), ( (0.9998814463615417, 0.015399529598653316, -1.4583699226022873e-7, 0), (-0.015399529598653316, 0.9998814463615417, -6.933446261569998e-9, 0), (1.4571280360087258e-7, 9.178393156616949e-9, 1, 0), (1.0916748046875, -2.9802322387695312e-8, 2.9802322387695312e-8, 1) ), ( (0.9986260533332825, 0.0524023175239563, -3.6003453374178207e-7, 0), (-0.0524023212492466, 0.9986260533332825, -2.0711379988824774e-7, 0), (3.486867967694707e-7, 2.256959277247006e-7, 1, 0), (5.6438751220703125, 1.1920928955078125e-7, -2.9802322387695312e-8, 1) ), ( (0.9998236894607544, 0.01877501606941223, -4.4225777173778624e-7, 0), (-0.018775010481476784, 0.9998237490653992, -8.266768531939306e-7, 0), (4.2665885757742217e-7, 8.348344522346451e-7, 1, 0), (4.4001922607421875, 4.76837158203125e-7, 0, 1) ), ( (0.9999995827674866, 0.0010000744368880987, -2.8483714231697377e-7, 0), (-0.0010000787442550063, 0.999999463558197, -2.832287577803072e-7, 0), (2.845539484042092e-7, 2.835132306699961e-7, 1, 0), (6.5208282470703125, -4.76837158203125e-7, 0, 1) ), ( (-0.1705096960067749, -0.2597329914569855, 0.9505078196525574, 0), (-0.05570952966809273, 0.9656322002410889, 0.2538721263408661, 0), (-0.9837797284126282, -0.009664644487202168, -0.17911922931671143, 0), (8.674613952636719, 0.5408005714416504, 2.341644287109375, 1) ), ( (0.9566006660461426, 0.2572011649608612, -0.1369771659374237, 0), (-0.25564783811569214, 0.966331422328949, 0.02911868505179882, 0), (0.13985471427440643, 0.007162920199334621, 0.990146279335022, 0), (11.345959663391113, 9.5367431640625e-7, 0, 1) ), ( (0.9815371036529541, 0.1912720799446106, 2.3524481918002493e-8, 0), (-0.19127212464809418, 0.9815368056297302, 3.86269540797457e-8, 0), (-2.091369388779185e-8, 4.449488777424904e-9, 1, 0), (19.46804428100586, 9.5367431640625e-7, -0.00000762939453125, 1) ), ( (0.9999999403953552, 1.503357083265655e-8, 8.688491703878753e-8, 0), (4.192003544289946e-8, 1.000000238418579, -1.9438214593492376e-8, 0), (-1.1797811794167501e-7, 1.6837677918601912e-8, 1, 0), (0.000003814697265625, -0.0000019073486328125, 0, 1) ), ( (0.9999999403953552, 1.503357083265655e-8, 8.688491703878753e-8, 0), (4.192003544289946e-8, 1.000000238418579, -1.9438214593492376e-8, 0), (-1.1797811794167501e-7, 1.6837677918601912e-8, 1, 0), (7.912696838378906, -0.0000019073486328125, 0.00000762939453125, 1) ), ( (0.9999999403953552, 1.503357083265655e-8, 8.688491703878753e-8, 0), (4.192003544289946e-8, 1.000000238418579, -1.9438214593492376e-8, 0), (-1.1797811794167501e-7, 1.6837677918601912e-8, 1, 0), (14.472923278808594, 0.0000019073486328125, 0, 1) ), ( (0.9999999403953552, 1.503357083265655e-8, 8.688491703878753e-8, 0), (4.192003544289946e-8, 1.000000238418579, -1.9438214593492376e-8, 0), (-1.1797811794167501e-7, 1.6837677918601912e-8, 1, 0), (17.575592041015625, -0.0000019073486328125, 0, 1) ), ( (0.9991079568862915, -0.023667672649025917, -0.034972336143255234, 0), (0.03496250510215759, -0.0008279189351014793, 0.9993883967399597, 0), (-0.02368217334151268, -0.9997198581695557, 3.587649359815259e-7, 0), (17.575592041015625, -0.0000019073486328125, 0, 1) ), ( (0.9791542291641235, 0.11641571670770645, -0.16644595563411713, 0), (-0.11924463510513306, 0.9928396344184875, -0.007070058956742287, 0), (0.16443119943141937, 0.02677048183977604, 0.9860250949859619, 0), (3.0811614990234375, 0.7058334350585938, -1.309086799621582, 1) ), ( (0.902912437915802, 0.3472067713737488, -0.2533714473247528, 0), (-0.3735751807689667, 0.9254527688026428, -0.06307772547006607, 0), (0.212582066655159, 0.15160682797431946, 0.9653105735778809, 0), (3.7592124938964844, -0.5941009521484375, 0.09019660949707031, 0.9999999403953552) ), ( (0.9184838533401489, 0.3953929841518402, -0.007204504683613777, 0), (-0.3951963484287262, 0.9170592427253723, -0.05312211811542511, 0), (-0.01439708098769188, 0.05163916200399399, 0.9985618591308594, 0), (2.530876636505127, 0.00000762939453125, 0.000003814697265625, 1.0000001192092896) ), ( (0.9852017164230347, 0.16533079743385315, 0.04519999772310257, 0), (-0.16337789595127106, 0.9855837821960449, -0.04395906999707222, 0), (-0.05181606113910675, 0.03592374548316002, 0.9980102777481079, 0), (1.2962379455566406, 0, 0.0000019073486328125, 1) ), ( (0.9952194094657898, 0.09653497487306595, -0.014802730642259121, 0), (-0.09654585272073746, 0.9953283667564392, -0.00002191980638599489, 0), (0.014731476083397865, 0.0014509615721181035, 0.9998903870582581, 0), (3.2367019653320312, 0.488494873046875, -0.23455238342285156, 1) ), ( (0.9172210693359375, 0.39544251561164856, 0.048280760645866394, 0), (-0.38801032304763794, 0.9142337441444397, -0.11672612279653549, 0), (-0.09029838442802429, 0.0883302092552185, 0.9919900298118591, 0), (3.500030517578125, -0.6701583862304688, 0.14771080017089844, 1) ), ( (0.922558069229126, 0.38585785031318665, -0.0006332339253276587, 0), (-0.3857598900794983, 0.9222845435142517, -0.02409360557794571, 0), (-0.00871266145259142, 0.02247210033237934, 0.9997092485427856, 0), (2.983975410461426, -0.0000152587890625, -0.000002384185791015625, 1) ), ( (0.9910110831260681, 0.13362067937850952, -0.006487380713224411, 0), (-0.13374930620193481, 0.988616406917572, -0.06891005486249924, 0), (-0.002794326050207019, 0.06915830820798874, 0.9976019263267517, 0), (1.5903968811035156, 0.00002288818359375, 0.0000011920928955078125, 1) ), ( (1, 0.0000046614677557954565, -0.0000028728809411404654, 0), (-0.000004621324478648603, 0.9999998807907104, -0.000022342088414006867, 0), (0.000002867508101189742, 0.0000223415408981964, 0.9999998211860657, 0), (-0.07713699340820312, 0.1040191650390625, -0.009045600891113281, 1) ), ( (0.9599375128746033, 0.09357525408267975, 0.2641282081604004, 0), (0.022653868421912193, 0.9135923385620117, -0.4059995412826538, 0), (-0.2792970538139343, 0.39571768045425415, 0.8748717308044434, 0), (3.0107421875, 0.9577484130859375, 2.0751476287841797, 1) ), ( (0.718498945236206, 0.18644607067108154, 0.6700721383094788, 0), (-0.4224754869937897, 0.8823004364967346, 0.2075100541114807, 0), (-0.5525155067443848, -0.43218493461608887, 0.7127009630203247, 0), (2.3245277404785156, 0.000091552734375, -0.0002040863037109375, 1) ), ( (0.9457540512084961, 0.3200044333934784, 0.056098517030477524, 0), (-0.31364163756370544, 0.9443430304527283, -0.09922225028276443, 0), (-0.08472791314125061, 0.07624498009681702, 0.9934828877449036, 0), (1.8777415752410889, 0, 9.5367431640625e-7, 1) ), ( (0.9685562252998352, 0.2300678789615631, -0.09469474107027054, 0), (-0.22860944271087646, 0.9731678366661072, 0.026119330897927284, 0), (0.09816312044858932, -0.0036498713307082653, 0.9951633214950562, 0), (0.9344596862792969, -0.00000762939453125, -0.0000019073486328125, 1) ), ( (0.9845125079154968, 0.1277550905942917, 0.12005753815174103, 0), (-0.12940286099910736, 0.9915738701820374, 0.005998105276376009, 0), (-0.11827957630157471, -0.02144099771976471, 0.9927486181259155, 0), (3.1998748779296875, 0.6414108276367188, 0.8607978820800781, 1) ), ( (0.8630281090736389, 0.39546042680740356, 0.3143139183521271, 0), (-0.3779926002025604, 0.9183183312416077, -0.11752662062644958, 0), (-0.335117369890213, -0.017379486933350563, 0.9420162439346313, 0), (2.9670448303222656, -0.5578460693359375, 0.14345169067382812, 1) ), ( (0.9166054129600525, 0.3992195725440979, -0.021412286907434464, 0), (-0.39974886178970337, 0.9143900275230408, -0.0639694482088089, 0), (-0.005958763882517815, 0.06719425320625305, 0.9977222084999084, 0), (2.627758026123047, -0.00000762939453125, -0.000007867813110351562, 1) ), ( (0.9668201804161072, 0.24878333508968353, -0.05801459774374962, 0), (-0.24867196381092072, 0.9685435891151428, 0.00924448762089014, 0), (0.058489564806222916, 0.005488885100930929, 0.9982728958129883, 0), (1.5019149780273438, -0.00000762939453125, 0.00000667572021484375, 1) ), ( (-0.507437527179718, 0.22714538872241974, -0.8312112092971802, 0), (0.7169908881187439, 0.6463435292243958, -0.2610817849636078, 0), (0.4779445230960846, -0.728453516960144, -0.49084019660949707, 0), (1.7393150329589844, 1.149993896484375, -0.9577865600585938, 1) ), ( (0.9856306314468384, 0.1666153073310852, -0.027775393798947334, 0), (-0.12316955626010895, 0.8214483857154846, 0.556823194026947, 0), (0.11559122800827026, -0.5454009175300598, 0.8301664590835571, 0), (0.4397239685058594, 0.0000133514404296875, 0.00000762939453125, 1) ), ( (0.9779756665229797, -0.13074886798858643, 0.16269125044345856, 0), (0.15615858137607574, 0.9755422472953796, -0.15470007061958313, 0), (-0.13848528265953064, 0.17669866979122162, 0.9744741916656494, 0), (2.0401992797851562, -0.0000152587890625, 0.000003814697265625, 1) ), ( (0.9671990871429443, -0.20207999646663666, -0.15391363203525543, 0), (0.22423624992370605, 0.9639025330543518, 0.1435612291097641, 0), (0.11934678256511688, -0.17336559295654297, 0.9775993824005127, 0), (2.1562156677246094, 0.00000667572021484375, 0.00000762939453125, 1) ), ( (0.985294759273529, -0.00815078429877758, 0.17066790163516998, 0), (-0.028512505814433098, -0.9926989674568176, 0.11719801276922226, 0), (0.16846653819084167, -0.1203407272696495, -0.978333592414856, 0), (3.467620849609375, 2.6622848510742188, -0.3742189407348633, 1) ), ( (0.9999999403953552, 1.3736509707484856e-8, 2.9834337222922613e-9, 0), (-2.2815171973888937e-8, 0.9999998807907104, 3.3599057758237905e-8, 0), (-6.049960088461148e-9, 1.9231539027941835e-8, 1, 0), (8.581244468688965, 0, 0, 1) ), ( (0.9999999403953552, 1.3736509707484856e-8, 2.9834337222922613e-9, 0), (-2.2815171973888937e-8, 0.9999998807907104, 3.3599057758237905e-8, 0), (-6.049960088461148e-9, 1.9231539027941835e-8, 1, 0), (13.7813138961792, 0, -0.00000762939453125, 1) ), ( (0.9999999403953552, 1.3736509707484856e-8, 2.9834337222922613e-9, 0), (-2.2815171973888937e-8, 0.9999998807907104, 3.3599057758237905e-8, 0), (-6.049960088461148e-9, 1.9231539027941835e-8, 1, 0), (19.46804428100586, 9.5367431640625e-7, -0.00000762939453125, 1) ), ( (0.9720229506492615, 0.23488551378250122, 3.4565587725410296e-8, 0), (-0.23488543927669525, 0.9720231294631958, 5.423608229193633e-8, 0), (-2.0859092231262366e-8, -6.083725878625046e-8, 1, 0), (10.9942626953125, -1.8279414176940918, 5.960464477539063e-8, 1) ), ( (1.000000238418579, -2.2616488237758858e-8, -5.423844129381905e-8, 0), (-7.087960085527811e-8, 1.0000001192092896, 2.6285508170076355e-7, 0), (5.423856919151149e-8, -2.6285479748366924e-7, 1, 0), (8.622100830078125, 0.0000019073486328125, -5.960464477539063e-8, 1) ), ( (1.000000238418579, -2.2616488237758858e-8, -5.423821392014361e-8, 0), (-7.087960085527811e-8, 1.0000001192092896, 0.0000018203908211944508, 0), (5.423834537054972e-8, -0.0000018203902527602622, 1, 0), (32.78871154785156, 0.0000019073486328125, -2.9802322387695312e-8, 1) ), ( (0.9671267867088318, -0.2542964518070221, -0.0000026149214136239607, 0), (0.25429633259773254, 0.9671265482902527, 0.000002327944685021066, 0), (0.000001936972694238648, -0.0000029163820727262646, 1, 0), (32.78871154785156, 0.0000019073486328125, -2.9802322387695312e-8, 1) ), ( (-0.001704694819636643, -0.07132769376039505, 0.9974507689476013, 0), (0.9997132420539856, -0.023904185742139816, -2.682220099359256e-7, 0), (0.02384384535253048, 0.9971655011177063, 0.07134866714477539, 0), (13.222503662109375, 13.669266700744629, -2.9802322387695312e-8, 1) ), ( (-1.1701506430483732e-9, 0.0698605477809906, 0.9975571036338806, 0), (0.9997269511222839, -0.02330184541642666, 0.0016315876273438334, 0), (0.023358594626188278, 0.9972847104072571, -0.06984186172485352, 0), (13.222503662109375, 13.669264793395996, -7.464465618133545, 1) ), ( (0.9999999403953552, -3.1479663320510554e-10, 1.3864060122159572e-8, 0), (5.811338077421624e-10, 1.0000001192092896, 9.418929636240136e-9, 0), (-1.0088157864629466e-8, -1.2790795089756557e-8, 1, 0), (-4.76837158203125e-7, 0, 0.000003814697265625, 1) ), ( (-2.4060634018496785e-7, -0.06986258178949356, 0.9975565075874329, 0), (0.9997267127037048, -0.023301366716623306, -0.001631587860174477, 0), (0.023358333855867386, 0.9972841739654541, 0.06984353065490723, 0), (13.222503662109375, 13.669268608093262, 7.4642558097839355, 1) ), ( (1.0000001192092896, 2.5603300035648147e-10, -1.177336628188641e-8, 0), (-4.018416155382454e-10, 1.0000001192092896, 6.217500736482862e-9, 0), (2.2182153891492362e-9, -7.502595877895146e-9, 1.0000001192092896, 0), (0.000001430511474609375, 0, 0, 1) ), ( (-0.0000014888505575072486, 3.3748608074812836e-11, 1, 0), (0.9977174401283264, -0.06751805543899536, 0.0000014854525716145872, 0), (0.06751808524131775, 0.9977174997329712, 1.0052472987354122e-7, 0), (59.101043701171875, -0.000002384185791015625, -5.960464477539063e-8, 1) ), ( (0.17050960659980774, 0.2597329616546631, 0.9505077600479126, 0), (0.0557095929980278, -0.9656318426132202, 0.2538721263408661, 0), (0.983779788017273, 0.00966479629278183, -0.17911887168884277, 0), (8.674400329589844, 0.5408000946044922, -2.3416478633880615, 1) ), ( (0.9566006660461426, 0.2572011649608612, -0.13697712123394012, 0), (-0.2556478977203369, 0.9663314819335938, 0.02911873534321785, 0), (0.13985468447208405, 0.007162926718592644, 0.9901462197303772, 0), (-11.345916748046875, 0.00000667572021484375, 0.00009918212890625, 1) ), ( (0.9815369844436646, 0.1912720799446106, 4.881903947762112e-8, 0), (-0.19127210974693298, 0.9815369844436646, 2.1495464963550148e-8, 0), (-3.945362259116791e-9, -2.600558701715272e-8, 0.9999999403953552, 0), (-19.467756271362305, 0.00002193450927734375, 0.0003814697265625, 1) ), ( (1, -1.8953596025994557e-8, 8.798261319498124e-8, 0), (3.2016934881085035e-8, 1.0000001192092896, 6.831637477944241e-10, 0), (-1.1340087269218202e-7, -1.3931910736175723e-8, 0.9999999403953552, 0), (-0.0000095367431640625, 0, 0, 1) ), ( (1, -1.8953596025994557e-8, 8.798261319498124e-8, 0), (3.2016934881085035e-8, 1.0000001192092896, 6.831637477944241e-10, 0), (-1.1340087269218202e-7, -1.3931910736175723e-8, 0.9999999403953552, 0), (-7.91303825378418, 0.0000133514404296875, -0.00031280517578125, 1) ), ( (1, -1.8953596025994557e-8, 8.798261319498124e-8, 0), (3.2016934881085035e-8, 1.0000001192092896, 6.831637477944241e-10, 0), (-1.1340087269218202e-7, -1.3931910736175723e-8, 0.9999999403953552, 0), (-14.472856521606445, -0.00000762939453125, 0.00003814697265625, 1) ), ( (1, -1.8953596025994557e-8, 8.798261319498124e-8, 0), (3.2016934881085035e-8, 1.0000001192092896, 6.831637477944241e-10, 0), (-1.1340087269218202e-7, -1.3931910736175723e-8, 0.9999999403953552, 0), (-17.57560920715332, -0.000003814697265625, -0.0000762939453125, 1) ), ( (0.999108076095581, -0.02366766333580017, -0.03497233986854553, 0), (0.03496251255273819, -0.0008279125904664397, 0.9993882775306702, 0), (-0.023682139813899994, -0.9997196793556213, 3.680596307731321e-7, 0), (-17.57560920715332, -0.000003814697265625, -0.0000762939453125, 1) ), ( (0.9791544079780579, 0.11641571670770645, -0.16644598543643951, 0), (-0.11924467980861664, 0.9928398132324219, -0.0070700873620808125, 0), (0.1644311547279358, 0.02677048370242119, 0.9860252141952515, 0), (-3.081317901611328, -0.706024169921875, 1.3090858459472656, 1) ), ( (0.9029122591018677, 0.34720686078071594, -0.2533714175224304, 0), (-0.37357497215270996, 0.9254530668258667, -0.0630776658654213, 0), (0.21258221566677094, 0.15160687267780304, 0.965310275554657, 0), (-3.7592315673828125, 0.5940704345703125, -0.09020233154296875, 1) ), ( (0.9184834957122803, 0.3953927457332611, -0.007204525638371706, 0), (-0.3951966464519501, 0.9170588850975037, -0.05312236770987511, 0), (-0.014397252351045609, 0.05163908749818802, 0.9985619783401489, 0), (-2.5308609008789062, 0.000030517578125, 0.0000019073486328125, 1) ), ( (0.9852019548416138, 0.16533084213733673, 0.045200053602457047, 0), (-0.16337783634662628, 0.9855838418006897, -0.043958816677331924, 0), (-0.0518161840736866, 0.03592387214303017, 0.998010516166687, 0), (-1.2962627410888672, -0.000030517578125, -0.00000667572021484375, 1) ), ( (0.9952195286750793, 0.09653498977422714, -0.014802700839936733, 0), (-0.09654588997364044, 0.9953286051750183, -0.00002194722037529573, 0), (0.014731470495462418, 0.001450986135751009, 0.9998904466629028, 0), (-3.2369117736816406, -0.4886474609375, 0.2345447540283203, 1) ), ( (0.9172210097312927, 0.3954424560070038, 0.04828065633773804, 0), (-0.38801026344299316, 0.9142338633537292, -0.11672601848840714, 0), (-0.09029830247163773, 0.08833016455173492, 0.9919897317886353, 0), (-3.5000343322753906, 0.6701736450195312, -0.14770793914794922, 1) ), ( (0.9225579500198364, 0.38585788011550903, -0.0006332008633762598, 0), (-0.38576018810272217, 0.9222842454910278, -0.024093763902783394, 0), (-0.008712700568139553, 0.02247210405766964, 0.9997096657752991, 0), (-2.983915328979492, -0.000030517578125, -0.00000286102294921875, 1) ), ( (0.9910112619400024, 0.1336205154657364, -0.0064873904921114445, 0), (-0.13374873995780945, 0.9886166453361511, -0.06890998035669327, 0), (-0.0027942932210862637, 0.06915830820798874, 0.9976017475128174, 0), (-1.590423583984375, -0.00000762939453125, -7.152557373046875e-7, 1) ), ( (1.0000001192092896, -2.6354933879702003e-7, 1.9032828646459166e-9, 0), (2.3049484809689602e-7, 1.0000001192092896, 0.000022917802198207937, 0), (3.878099619214481e-8, -0.000022939861082704738, 0.9999999403953552, 0), (0.0771636962890625, -0.10401153564453125, 0.009050369262695312, 1) ), ( (0.9599376916885376, 0.09357523173093796, 0.264128178358078, 0), (0.022653866559267044, 0.9135926961898804, -0.4059996008872986, 0), (-0.2792970836162567, 0.3957177698612213, 0.8748718500137329, 0), (-3.0108985900878906, -0.9579086303710938, -2.075145721435547, 1) ), ( (0.7184988260269165, 0.18644610047340393, 0.670072078704834, 0), (-0.42247533798217773, 0.8823001980781555, 0.20750996470451355, 0), (-0.5525152087211609, -0.43218469619750977, 0.7127008438110352, 0), (-2.3245773315429688, -0.00006866455078125, 0.000213623046875, 1) ), ( (0.9457539319992065, 0.32000449299812317, 0.056098535656929016, 0), (-0.313641756772995, 0.9443433284759521, -0.09922222048044205, 0), (-0.08472804725170135, 0.07624500244855881, 0.9934830069541931, 0), (-1.8777523040771484, -0.0000152587890625, -0.000011444091796875, 1) ), ( (0.9685564637184143, 0.23006759583950043, -0.09469448029994965, 0), (-0.2286095768213272, 0.9731674194335938, 0.026119112968444824, 0), (0.09816309809684753, -0.003649761201813817, 0.9951637983322144, 0), (-0.934417724609375, -0.00005340576171875, -0.0000171661376953125, 1) ), ( (0.9845127463340759, 0.12775512039661407, 0.12005751579999924, 0), (-0.12940287590026855, 0.9915739893913269, 0.00599809130653739, 0), (-0.11827962100505829, -0.021440984681248665, 0.9927486777305603, 0), (-3.2000503540039062, -0.6415939331054688, -0.8608016967773438, 1) ), ( (0.8630278706550598, 0.3954605460166931, 0.3143139183521271, 0), (-0.37799251079559326, 0.918318510055542, -0.11752662807703018, 0), (-0.33511731028556824, -0.01737956516444683, 0.9420161843299866, 0), (-2.967090606689453, 0.5578079223632812, -0.1434497833251953, 1) ), ( (0.9166052341461182, 0.39921945333480835, -0.021412162110209465, 0), (-0.3997490108013153, 0.9143898487091064, -0.0639694482088089, 0), (-0.005958703812211752, 0.06719429790973663, 0.9977220296859741, 0), (-2.6277198791503906, 0.00002288818359375, -2.384185791015625e-7, 1) ), ( (0.9668204188346863, 0.24878308176994324, -0.05801479145884514, 0), (-0.24867181479930878, 0.9685438871383667, 0.009244594722986221, 0), (0.05848956108093262, 0.005488795693963766, 0.9982730746269226, 0), (-1.501922607421875, 0, -9.5367431640625e-7, 1) ), ( (-0.5074377655982971, 0.2271455079317093, -0.8312110900878906, 0), (0.7169910073280334, 0.6463438868522644, -0.26108187437057495, 0), (0.47794458270072937, -0.7284537553787231, -0.49084028601646423, 0), (-1.739501953125, -1.150146484375, 0.9577789306640625, 1) ), ( (0.9856306910514832, 0.1666155606508255, -0.02777487225830555, 0), (-0.12316994369029999, 0.8214480876922607, 0.556823194026947, 0), (0.11559117585420609, -0.545400857925415, 0.8301663398742676, 0), (-0.43976593017578125, -0.0000514984130859375, 0.00005340576171875, 1.0000001192092896) ), ( (0.9779754281044006, -0.13074946403503418, 0.1626909375190735, 0), (0.15615883469581604, 0.9755421280860901, -0.1547001749277115, 0), (-0.13848501443862915, 0.17669880390167236, 0.9744739532470703, 0), (-2.0401763916015625, -0.000003814697265625, -0.00000762939453125, 0.9999998211860657) ), ( (0.9671992659568787, -0.20207957923412323, -0.1539134979248047, 0), (0.22423651814460754, 0.963902473449707, 0.1435614973306656, 0), (0.11934679746627808, -0.17336557805538177, 0.9775996804237366, 0), (-2.15625, -0.00002193450927734375, -0.00006103515625, 1.0000001192092896) ), ( (0.985295832157135, -0.00814878474920988, 0.1706634908914566, 0), (0.02850969135761261, 0.9926992058753967, -0.1171986535191536, 0), (-0.16846266388893127, 0.12034083157777786, 0.9783345460891724, 0), (-3.4667587280273438, -2.6300201416015625, 0.37039756774902344, 1) ), ( (0.9999998807907104, 2.944287835759951e-8, 1.1014704703882217e-8, 0), (-2.8831774301352198e-8, 0.9999998807907104, 3.7348231174405555e-9, 0), (1.0918311588170582e-8, -1.122353232574369e-8, 0.9999999403953552, 0), (-8.580888748168945, 0.0000171661376953125, 0.00032806396484375, 1) ), ( (0.9999998807907104, 2.944287835759951e-8, 1.1014704703882217e-8, 0), (-2.8831774301352198e-8, 0.9999998807907104, 3.7348231174405555e-9, 0), (1.0918311588170582e-8, -1.122353232574369e-8, 0.9999999403953552, 0), (-13.781349182128906, 0.000003814697265625, 0.00006103515625, 1) ), ( (0.9999998807907104, 2.944287835759951e-8, 1.1014704703882217e-8, 0), (-2.8831774301352198e-8, 0.9999998807907104, 3.7348231174405555e-9, 0), (1.0918311588170582e-8, -1.122353232574369e-8, 0.9999999403953552, 0), (-19.467756271362305, 0.00002193450927734375, 0.0003814697265625, 1) ), ( (0.000001270092752747587, 3.356656966269078e-11, 1, 0), (0.9961664080619812, -0.08747687935829163, -0.0000012652212717512157, 0), (0.08747687935829163, 0.9961666464805603, -1.111036240786234e-7, 0), (0, -11.985055923461914, 0, 1) ), ( (-0.9987316131591797, 0.05023057013750076, 0.0034862435422837734, 0), (-0.05023026466369629, -0.9987376928329468, 0.00017533733625896275, 0), (0.0034906500950455666, 0, 0.9999939203262329, 0), (-7.460441589355469, -1.021634817123413, 10.620295524597168, 1) ), ( (0.9977564215660095, 0.06694826483726501, 1.2345244826406088e-9, 0), (-0.06694826483726501, 0.9977564215660095, -1.5997944635692818e-10, 0), (-1.5913190765104446e-9, 9.120756233604865e-11, 0.9999999403953552, 0), (21.534549713134766, -5.960464477539063e-8, 9.5367431640625e-7, 1) ), ( (0.9944209456443787, -0.06080207601189613, 0.08619873225688934, 0), (-0.06475198268890381, -0.9969397783279419, 0.043790701776742935, 0), (0.08327239006757736, -0.04912791773676872, -0.9953150153160095, 0), (16.870155334472656, 0.0000015497207641601562, -0.00000286102294921875, 1) ), ( (-0.000009427188160771038, 0.9999998807907104, -0.0000010262248224535142, 0), (0.9999999403953552, 0.000009482600034971256, 1.1865842530767168e-8, 0), (-2.112307129209512e-8, -0.0000010336447076042532, -0.9999998807907104, 0), (3.191084623336792, 10.010302543640137, -0.00000286102294921875, 1) ), ( (1.0000001192092896, 1.6214350750942685e-8, 0.0000010461552619744907, 0), (2.3509141300337433e-9, 0.9999999403953552, -2.893513340040954e-7, 0), (-0.0000010536017498452566, 3.1573924275107856e-7, 1.0000001192092896, 0), (2.2668418884277344, -0.00000169465783983469, 0, 1) ), ( (0.999997079372406, -0.0023440744262188673, 0.0000023898314793768805, 0), (0.002344071865081787, 0.999997079372406, 4.253389249697648e-7, 0), (-0.000002368092282267753, -4.1593179389565194e-7, 0.9999998807907104, 0), (-0.000003814697265625, 2.4028122425079346e-7, -9.5367431640625e-7, 1) ), ( (0.08629994839429855, -0.027510985732078552, -0.9958891868591309, 0), (-0.9949920177459717, 0.04821452125906944, -0.08755414932966232, 0), (0.050425030291080475, 0.9984583854675293, -0.02321227453649044, 0), (3.6798365116119385, 4.904151916503906, 0.18340423703193665, 0.9999999403953552) ), ( (0.9999956488609314, -0.002923778258264065, -0.0000012600895615832997, 0), (0.0029237752314656973, 0.9999957084655762, 6.379423211910762e-7, 0), (0.0000012591065114975208, -6.416881319637469e-7, 1.0000001192092896, 0), (-0.00048828125, 0.000005185604095458984, 0.0000057220458984375, 1) ), ( (1, 5.308121719949099e-10, -0.000001537308094157197, 0), (-1.7309575994772786e-8, 0.9998980164527893, -0.014281117357313633, 0), (0.0000015378519719888573, 0.014281117357313633, 0.9998980760574341, 0), (7.517206192016602, 0.023264646530151367, 0.02893352508544922, 1) ), ( (1, 5.308121719949099e-10, -0.000004035115125589073, 0), (-1.1007826117293007e-7, 0.9995920658111572, -0.028559327125549316, 0), (0.000004033743607578799, 0.028559325262904167, 0.9995921850204468, 0), (12.193682670593262, 0.023265719413757324, 0.028934478759765625, 1) ), ( (1, 5.308121719949099e-10, -0.000004817426088266075, 0), (-2.0137321143920417e-7, 0.9990636706352234, -0.04326407238841057, 0), (0.000004814064595848322, 0.04326407238841057, 0.9990637302398682, 0), (16.870159149169922, 0.02326834201812744, 0.028932571411132812, 1) ), ( (0.9999999403953552, -1.998220255927663e-9, -0.0000011500881100801053, 0), (3.178643126489078e-9, 0.9999999403953552, 4.2653553578020365e-7, 0), (0.0000011500535492814379, -4.265097004463314e-7, 0.9999999403953552, 0), (3.183422088623047, -0.02574300765991211, 0.05787849426269531, 1) ), ( (0.9999998807907104, -1.998220255927663e-9, -0.0000029999275739100995, 0), (-5.466471719728361e-10, 0.9999999403953552, 4.340128083313299e-12, 0), (0.0000029998793706909055, 2.110271679622855e-11, 0.9999999403953552, 0), (10.581056594848633, -0.025742948055267334, 0.057883262634277344, 1) ), ( (0.9999998807907104, -1.998220255927663e-9, -0.000002690029987206799, 0), (-5.466471719728361e-10, 0.9999999403953552, 0.0000012723058944175136, 0), (0.0000026899558633886045, -0.000001272283725484158, 0.9999999403953552, 0), (20.060781478881836, -0.012874364852905273, 0.02893829345703125, 1) ), ( (0.9987315535545349, -0.050230566412210464, 0.0034862435422837734, 0), (0.05023026466369629, 0.998737633228302, 0.00017533733625896275, 0), (-0.0034906500950455666, 0, 0.9999939203262329, 0), (-7.460456848144531, -1.021634578704834, -10.620292663574219, 1) ), ( (0.9977564811706543, 0.06694826483726501, 1.4436775108706001e-9, 0), (-0.06694826483726501, 0.9977564811706543, -1.6916766598651378e-10, 0), (-1.1709661018599604e-9, 6.66359536993788e-11, 1, 0), (-21.5345516204834, 0, -0.0000057220458984375, 1) ), ( (0.9944208264350891, -0.06080206483602524, 0.08619871735572815, 0), (-0.06475196778774261, -0.9969397783279419, 0.04379069432616234, 0), (0.08327238261699677, -0.049127914011478424, -0.9953147768974304, 0), (-16.87013053894043, -0.000002086162567138672, 0.00000476837158203125, 1) ), ( (-0.000009433300874661654, 0.9999999403953552, -0.0000010392803915237891, 0), (1, 0.000009486577255302109, 7.880593955178483e-9, 0), (8.541008789109128e-9, -0.0000010383367907706997, -1.0000001192092896, 0), (-3.191084861755371, -10.010303497314453, 0.000003814697265625, 1.0000001192092896) ), ( (0.9999999403953552, 5.275064829390885e-9, -5.333887109770785e-9, 0), (-7.855472716755685e-9, 1, 3.493691167477664e-7, 0), (1.2634085777563087e-8, -3.554634702140902e-7, 1, 0), (-2.2668113708496094, -0.000010482966899871826, 0.00000476837158203125, 0.9999998807907104) ), ( (0.9999971985816956, -0.002344070468097925, 0.0000023757991129969014, 0), (0.002344065811485052, 0.9999971389770508, 4.124154031615035e-7, 0), (-0.000002390469944657525, -4.224077940762072e-7, 1.0000001192092896, 0), (0.000003814697265625, 1.9371509552001953e-7, 9.5367431640625e-7, 1.0000001192092896) ), ( (0.086304672062397, -0.02751253731548786, -0.9958892464637756, 0), (0.9949918389320374, -0.048214733600616455, 0.08755894005298615, 0), (-0.050425492227077484, -0.9984582662582397, 0.02321361005306244, 0), (-3.65408992767334, -4.905399322509766, -0.18114852905273438, 1.0000001192092896) ), ( (0.9999955892562866, -0.0029237763956189156, -0.0000012606576547113946, 0), (0.0029237628914415836, 0.9999956488609314, 6.383814366017759e-7, 0), (0.0000012586093589561642, -6.420363547476882e-7, 1, 0), (0.000484466552734375, -0.000005364418029785156, -9.5367431640625e-7, 1) ), ( (0.9999999403953552, 5.308121719949099e-10, 2.6105297923351145e-9, 0), (-1.5412751075416509e-9, 0.9998979568481445, -0.014281116425991058, 0), (-3.1506224296151686e-9, 0.014281115494668484, 0.9998980164527893, 0), (-7.517178535461426, -0.023265540599822998, -0.028931617736816406, 1) ), ( (0.9999999403953552, -6.918725148352678e-9, 4.938746980820419e-11, 0), (-1.175423314236923e-9, 0.9995920658111572, -0.02855932153761387, 0), (-2.025628553781189e-10, 0.02855931967496872, 0.999592125415802, 0), (-12.193650245666504, -0.02326667308807373, -0.028931617736816406, 1) ), ( (0.9999999403953552, -6.918725148352678e-9, 2.6105244632645963e-9, 0), (-4.92211871261361e-9, 0.9990636706352234, -0.04326407611370087, 0), (-2.171039570342259e-9, 0.04326406866312027, 0.9990637302398682, 0), (-16.87014389038086, -0.023268401622772217, -0.028929710388183594, 1) ), ( (0.9999999403953552, -4.27193747043475e-9, -3.5034963211805215e-12, 0), (2.4528563624670596e-9, 1, 4.2670529865063145e-7, 0), (2.5061658304181833e-10, -4.267094482202083e-7, 1, 0), (-3.1834487915039062, 0.025742828845977783, -0.05788421630859375, 1) ), ( (0.9999999403953552, -4.27193747043475e-9, -3.5034963211805215e-12, 0), (-1.2724339359948544e-9, 1, -5.164870267582167e-13, 0), (2.3143940930392404e-10, -6.170145991357678e-12, 1, 0), (-10.581079483032227, 0.02574288845062256, -0.057883262634277344, 1) ), ( (0.9999999403953552, -4.27193747043475e-9, -3.5034963211805215e-12, 0), (-1.2724339359948544e-9, 1, 0.0000012723737654596334, 0), (1.329092669255516e-10, -0.0000012723800182357081, 1, 0), (-20.0607852935791, 0.012874245643615723, -0.028944015502929688, 1) ), ( (0.0000023841948859626427, -6.540412300637399e-7, 1, 0), (1, 0.000013828277587890625, -0.000002384185791015625, 0), (-0.000013828275768901221, 1, 6.541071684296185e-7, 0), (0, 15.414149284362793, 14.217138290405273, 1) ), ( (0.0000023841948859626427, -6.540412300637399e-7, 1, 0), (1, 0.000013828277587890625, -0.000002384185791015625, 0), (-0.000013828275768901221, 1, 6.541071684296185e-7, 0), (0, -22.31382179260254, 12.62997817993164, 1) ), ( (0.0000023841948859626427, -6.540412300637399e-7, 1, 0), (1, 0.000013828277587890625, -0.000002384185791015625, 0), (-0.000013828275768901221, 1, 6.541071684296185e-7, 0), (0, 15.424344062805176, -14.22653865814209, 1) ), ( (0.0000023841948859626427, -6.540412300637399e-7, 1, 0), (1, 0.000013828277587890625, -0.000002384185791015625, 0), (-0.000013828275768901221, 1, 6.541071684296185e-7, 0), (-0.00000762939453125, -19.54507064819336, -11.062821388244629, 1) )]
        rel skel:animationSource = </SkelRoot/Skeleton/Animation>

        def SkelAnimation "Animation"
        {
            uniform token[] joints = ["root_joint", "root_joint/pelvis_joint", "root_joint/pelvis_joint/spineLower_joint", "root_joint/pelvis_joint/spineLower_joint/spineMiddle_joint", "root_joint/pelvis_joint/spineLower_joint/spineMiddle_joint/spineUpper_joint", "root_joint/pelvis_joint/spineLower_joint/spineMiddle_joint/spineUpper_joint/chest_joint", "root_joint/pelvis_joint/spineLower_joint/spineMiddle_joint/spineUpper_joint/chest_joint/clavicle_left_joint", "root_joint/pelvis_joint/spineLower_joint/spineMiddle_joint/spineUpper_joint/chest_joint/clavicle_left_joint/shoulder_left_joint", "root_joint/pelvis_joint/spineLower_joint/spineMiddle_joint/spineUpper_joint/chest_joint/clavicle_left_joint/shoulder_left_joint/elbow_left_joint", "root_joint/pelvis_joint/spineLower_joint/spineMiddle_joint/spineUpper_joint/chest_joint/clavicle_left_joint/shoulder_left_joint/elbow_left_joint/elbow_partial_left_joint", "root_joint/pelvis_joint/spineLower_joint/spineMiddle_joint/spineUpper_joint/chest_joint/clavicle_left_joint/shoulder_left_joint/elbow_left_joint/armLower_twist_01_left_joint", "root_joint/pelvis_joint/spineLower_joint/spineMiddle_joint/spineUpper_joint/chest_joint/clavicle_left_joint/shoulder_left_joint/elbow_left_joint/armLower_twist_02_left_joint", "root_joint/pelvis_joint/spineLower_joint/spineMiddle_joint/spineUpper_joint/chest_joint/clavicle_left_joint/shoulder_left_joint/elbow_left_joint/armLower_twist_03_left_joint", "root_joint/pelvis_joint/spineLower_joint/spineMiddle_joint/spineUpper_joint/chest_joint/clavicle_left_joint/shoulder_left_joint/elbow_left_joint/handWrist_left_joint", "root_joint/pelvis_joint/spineLower_joint/spineMiddle_joint/spineUpper_joint/chest_joint/clavicle_left_joint/shoulder_left_joint/elbow_left_joint/handWrist_left_joint/handIndexMeta_left_joint", "root_joint/pelvis_joint/spineLower_joint/spineMiddle_joint/spineUpper_joint/chest_joint/clavicle_left_joint/shoulder_left_joint/elbow_left_joint/handWrist_left_joint/handIndexMeta_left_joint/handIndex_00_left_joint", "root_joint/pelvis_joint/spineLower_joint/spineMiddle_joint/spineUpper_joint/chest_joint/clavicle_left_joint/shoulder_left_joint/elbow_left_joint/handWrist_left_joint/handIndexMeta_left_joint/handIndex_00_left_joint/handIndex_01_left_joint", "root_joint/pelvis_joint/spineLower_joint/spineMiddle_joint/spineUpper_joint/chest_joint/clavicle_left_joint/shoulder_left_joint/elbow_left_joint/handWrist_left_joint/handIndexMeta_left_joint/handIndex_00_left_joint/handIndex_01_left_joint/handIndex_02_left_joint", "root_joint/pelvis_joint/spineLower_joint/spineMiddle_joint/spineUpper_joint/chest_joint/clavicle_left_joint/shoulder_left_joint/elbow_left_joint/handWrist_left_joint/handMiddleMeta_left_joint", "root_joint/pelvis_joint/spineLower_joint/spineMiddle_joint/spineUpper_joint/chest_joint/clavicle_left_joint/shoulder_left_joint/elbow_left_joint/handWrist_left_joint/handMiddleMeta_left_joint/handMiddle_00_left_joint", "root_joint/pelvis_joint/spineLower_joint/spineMiddle_joint/spineUpper_joint/chest_joint/clavicle_left_joint/shoulder_left_joint/elbow_left_joint/handWrist_left_joint/handMiddleMeta_left_joint/handMiddle_00_left_joint/handMiddle_01_left_joint", "root_joint/pelvis_joint/spineLower_joint/spineMiddle_joint/spineUpper_joint/chest_joint/clavicle_left_joint/shoulder_left_joint/elbow_left_joint/handWrist_left_joint/handMiddleMeta_left_joint/handMiddle_00_left_joint/handMiddle_01_left_joint/handMiddle_02_left_joint", "root_joint/pelvis_joint/spineLower_joint/spineMiddle_joint/spineUpper_joint/chest_joint/clavicle_left_joint/shoulder_left_joint/elbow_left_joint/handWrist_left_joint/handWrist_partial_left_joint", "root_joint/pelvis_joint/spineLower_joint/spineMiddle_joint/spineUpper_joint/chest_joint/clavicle_left_joint/shoulder_left_joint/elbow_left_joint/handWrist_left_joint/handPinkyMeta_left_joint", "root_joint/pelvis_joint/spineLower_joint/spineMiddle_joint/spineUpper_joint/chest_joint/clavicle_left_joint/shoulder_left_joint/elbow_left_joint/handWrist_left_joint/handPinkyMeta_left_joint/handPinky_00_left_joint", "root_joint/pelvis_joint/spineLower_joint/spineMiddle_joint/spineUpper_joint/chest_joint/clavicle_left_joint/shoulder_left_joint/elbow_left_joint/handWrist_left_joint/handPinkyMeta_left_joint/handPinky_00_left_joint/handPinky_01_left_joint", "root_joint/pelvis_joint/spineLower_joint/spineMiddle_joint/spineUpper_joint/chest_joint/clavicle_left_joint/shoulder_left_joint/elbow_left_joint/handWrist_left_joint/handPinkyMeta_left_joint/handPinky_00_left_joint/handPinky_01_left_joint/handPinky_02_left_joint", "root_joint/pelvis_joint/spineLower_joint/spineMiddle_joint/spineUpper_joint/chest_joint/clavicle_left_joint/shoulder_left_joint/elbow_left_joint/handWrist_left_joint/handRingMeta_left_joint", "root_joint/pelvis_joint/spineLower_joint/spineMiddle_joint/spineUpper_joint/chest_joint/clavicle_left_joint/shoulder_left_joint/elbow_left_joint/handWrist_left_joint/handRingMeta_left_joint/handRing_00_left_joint", "root_joint/pelvis_joint/spineLower_joint/spineMiddle_joint/spineUpper_joint/chest_joint/clavicle_left_joint/shoulder_left_joint/elbow_left_joint/handWrist_left_joint/handRingMeta_left_joint/handRing_00_left_joint/handRing_01_left_joint", "root_joint/pelvis_joint/spineLower_joint/spineMiddle_joint/spineUpper_joint/chest_joint/clavicle_left_joint/shoulder_left_joint/elbow_left_joint/handWrist_left_joint/handRingMeta_left_joint/handRing_00_left_joint/handRing_01_left_joint/handRing_02_left_joint", "root_joint/pelvis_joint/spineLower_joint/spineMiddle_joint/spineUpper_joint/chest_joint/clavicle_left_joint/shoulder_left_joint/elbow_left_joint/handWrist_left_joint/handThumbMeta_left_joint", "root_joint/pelvis_joint/spineLower_joint/spineMiddle_joint/spineUpper_joint/chest_joint/clavicle_left_joint/shoulder_left_joint/elbow_left_joint/handWrist_left_joint/handThumbMeta_left_joint/handThumb_00_left_joint", "root_joint/pelvis_joint/spineLower_joint/spineMiddle_joint/spineUpper_joint/chest_joint/clavicle_left_joint/shoulder_left_joint/elbow_left_joint/handWrist_left_joint/handThumbMeta_left_joint/handThumb_00_left_joint/handThumb_01_left_joint", "root_joint/pelvis_joint/spineLower_joint/spineMiddle_joint/spineUpper_joint/chest_joint/clavicle_left_joint/shoulder_left_joint/elbow_left_joint/handWrist_left_joint/handThumbMeta_left_joint/handThumb_00_left_joint/handThumb_01_left_joint/handThumb_02_left_joint", "root_joint/pelvis_joint/spineLower_joint/spineMiddle_joint/spineUpper_joint/chest_joint/clavicle_left_joint/shoulder_left_joint/elbow_left_joint/handWrist_left_joint/hand_l_socket", "root_joint/pelvis_joint/spineLower_joint/spineMiddle_joint/spineUpper_joint/chest_joint/clavicle_left_joint/shoulder_left_joint/armUpper_twist_01_left_joint", "root_joint/pelvis_joint/spineLower_joint/spineMiddle_joint/spineUpper_joint/chest_joint/clavicle_left_joint/shoulder_left_joint/armUpper_twist_02_left_joint", "root_joint/pelvis_joint/spineLower_joint/spineMiddle_joint/spineUpper_joint/chest_joint/clavicle_left_joint/shoulder_left_joint/armUpper_twist_03_left_joint", "root_joint/pelvis_joint/spineLower_joint/spineMiddle_joint/spineUpper_joint/chest_joint/neck_joint", "root_joint/pelvis_joint/spineLower_joint/spineMiddle_joint/spineUpper_joint/chest_joint/neck_joint/neck_twist_01_joint", "root_joint/pelvis_joint/spineLower_joint/spineMiddle_joint/spineUpper_joint/chest_joint/neck_joint/neck_twist_02_joint", "root_joint/pelvis_joint/spineLower_joint/spineMiddle_joint/spineUpper_joint/chest_joint/neck_joint/head_joint", "root_joint/pelvis_joint/spineLower_joint/spineMiddle_joint/spineUpper_joint/chest_joint/neck_joint/head_joint/head_tracker_target", "root_joint/pelvis_joint/spineLower_joint/spineMiddle_joint/spineUpper_joint/chest_joint/neck_joint/head_joint/eye_offset_right_joint", "root_joint/pelvis_joint/spineLower_joint/spineMiddle_joint/spineUpper_joint/chest_joint/neck_joint/head_joint/eye_offset_right_joint/eye_right_joint", "root_joint/pelvis_joint/spineLower_joint/spineMiddle_joint/spineUpper_joint/chest_joint/neck_joint/head_joint/eye_offset_left_joint", "root_joint/pelvis_joint/spineLower_joint/spineMiddle_joint/spineUpper_joint/chest_joint/neck_joint/head_joint/eye_offset_left_joint/eye_left_joint", "root_joint/pelvis_joint/spineLower_joint/spineMiddle_joint/spineUpper_joint/chest_joint/neck_joint/head_joint/head_socket", "root_joint/pelvis_joint/spineLower_joint/spineMiddle_joint/spineUpper_joint/chest_joint/clavicle_right_joint", "root_joint/pelvis_joint/spineLower_joint/spineMiddle_joint/spineUpper_joint/chest_joint/clavicle_right_joint/shoulder_right_joint", "root_joint/pelvis_joint/spineLower_joint/spineMiddle_joint/spineUpper_joint/chest_joint/clavicle_right_joint/shoulder_right_joint/elbow_right_joint", "root_joint/pelvis_joint/spineLower_joint/spineMiddle_joint/spineUpper_joint/chest_joint/clavicle_right_joint/shoulder_right_joint/elbow_right_joint/elbow_partial_right_joint", "root_joint/pelvis_joint/spineLower_joint/spineMiddle_joint/spineUpper_joint/chest_joint/clavicle_right_joint/shoulder_right_joint/elbow_right_joint/armLower_twist_01_right_joint", "root_joint/pelvis_joint/spineLower_joint/spineMiddle_joint/spineUpper_joint/chest_joint/clavicle_right_joint/shoulder_right_joint/elbow_right_joint/armLower_twist_02_right_joint", "root_joint/pelvis_joint/spineLower_joint/spineMiddle_joint/spineUpper_joint/chest_joint/clavicle_right_joint/shoulder_right_joint/elbow_right_joint/armLower_twist_03_right_joint", "root_joint/pelvis_joint/spineLower_joint/spineMiddle_joint/spineUpper_joint/chest_joint/clavicle_right_joint/shoulder_right_joint/elbow_right_joint/handWrist_right_joint", "root_joint/pelvis_joint/spineLower_joint/spineMiddle_joint/spineUpper_joint/chest_joint/clavicle_right_joint/shoulder_right_joint/elbow_right_joint/handWrist_right_joint/handIndexMeta_right_joint", "root_joint/pelvis_joint/spineLower_joint/spineMiddle_joint/spineUpper_joint/chest_joint/clavicle_right_joint/shoulder_right_joint/elbow_right_joint/handWrist_right_joint/handIndexMeta_right_joint/handIndex_00_right_joint", "root_joint/pelvis_joint/spineLower_joint/spineMiddle_joint/spineUpper_joint/chest_joint/clavicle_right_joint/shoulder_right_joint/elbow_right_joint/handWrist_right_joint/handIndexMeta_right_joint/handIndex_00_right_joint/handIndex_01_right_joint", "root_joint/pelvis_joint/spineLower_joint/spineMiddle_joint/spineUpper_joint/chest_joint/clavicle_right_joint/shoulder_right_joint/elbow_right_joint/handWrist_right_joint/handIndexMeta_right_joint/handIndex_00_right_joint/handIndex_01_right_joint/handIndex_02_right_joint", "root_joint/pelvis_joint/spineLower_joint/spineMiddle_joint/spineUpper_joint/chest_joint/clavicle_right_joint/shoulder_right_joint/elbow_right_joint/handWrist_right_joint/handMiddleMeta_right_joint", "root_joint/pelvis_joint/spineLower_joint/spineMiddle_joint/spineUpper_joint/chest_joint/clavicle_right_joint/shoulder_right_joint/elbow_right_joint/handWrist_right_joint/handMiddleMeta_right_joint/handMiddle_00_right_joint", "root_joint/pelvis_joint/spineLower_joint/spineMiddle_joint/spineUpper_joint/chest_joint/clavicle_right_joint/shoulder_right_joint/elbow_right_joint/handWrist_right_joint/handMiddleMeta_right_joint/handMiddle_00_right_joint/handMiddle_01_right_joint", "root_joint/pelvis_joint/spineLower_joint/spineMiddle_joint/spineUpper_joint/chest_joint/clavicle_right_joint/shoulder_right_joint/elbow_right_joint/handWrist_right_joint/handMiddleMeta_right_joint/handMiddle_00_right_joint/handMiddle_01_right_joint/handMiddle_02_right_joint", "root_joint/pelvis_joint/spineLower_joint/spineMiddle_joint/spineUpper_joint/chest_joint/clavicle_right_joint/shoulder_right_joint/elbow_right_joint/handWrist_right_joint/handWrist_partial_right_joint", "root_joint/pelvis_joint/spineLower_joint/spineMiddle_joint/spineUpper_joint/chest_joint/clavicle_right_joint/shoulder_right_joint/elbow_right_joint/handWrist_right_joint/handPinkyMeta_right_joint", "root_joint/pelvis_joint/spineLower_joint/spineMiddle_joint/spineUpper_joint/chest_joint/clavicle_right_joint/shoulder_right_joint/elbow_right_joint/handWrist_right_joint/handPinkyMeta_right_joint/handPinky_00_right_joint", "root_joint/pelvis_joint/spineLower_joint/spineMiddle_joint/spineUpper_joint/chest_joint/clavicle_right_joint/shoulder_right_joint/elbow_right_joint/handWrist_right_joint/handPinkyMeta_right_joint/handPinky_00_right_joint/handPinky_01_right_joint", "root_joint/pelvis_joint/spineLower_joint/spineMiddle_joint/spineUpper_joint/chest_joint/clavicle_right_joint/shoulder_right_joint/elbow_right_joint/handWrist_right_joint/handPinkyMeta_right_joint/handPinky_00_right_joint/handPinky_01_right_joint/handPinky_02_right_joint", "root_joint/pelvis_joint/spineLower_joint/spineMiddle_joint/spineUpper_joint/chest_joint/clavicle_right_joint/shoulder_right_joint/elbow_right_joint/handWrist_right_joint/handRingMeta_right_joint", "root_joint/pelvis_joint/spineLower_joint/spineMiddle_joint/spineUpper_joint/chest_joint/clavicle_right_joint/shoulder_right_joint/elbow_right_joint/handWrist_right_joint/handRingMeta_right_joint/handRing_00_right_joint", "root_joint/pelvis_joint/spineLower_joint/spineMiddle_joint/spineUpper_joint/chest_joint/clavicle_right_joint/shoulder_right_joint/elbow_right_joint/handWrist_right_joint/handRingMeta_right_joint/handRing_00_right_joint/handRing_01_right_joint", "root_joint/pelvis_joint/spineLower_joint/spineMiddle_joint/spineUpper_joint/chest_joint/clavicle_right_joint/shoulder_right_joint/elbow_right_joint/handWrist_right_joint/handRingMeta_right_joint/handRing_00_right_joint/handRing_01_right_joint/handRing_02_right_joint", "root_joint/pelvis_joint/spineLower_joint/spineMiddle_joint/spineUpper_joint/chest_joint/clavicle_right_joint/shoulder_right_joint/elbow_right_joint/handWrist_right_joint/handThumbMeta_right_joint", "root_joint/pelvis_joint/spineLower_joint/spineMiddle_joint/spineUpper_joint/chest_joint/clavicle_right_joint/shoulder_right_joint/elbow_right_joint/handWrist_right_joint/handThumbMeta_right_joint/handThumb_00_right_joint", "root_joint/pelvis_joint/spineLower_joint/spineMiddle_joint/spineUpper_joint/chest_joint/clavicle_right_joint/shoulder_right_joint/elbow_right_joint/handWrist_right_joint/handThumbMeta_right_joint/handThumb_00_right_joint/handThumb_01_right_joint", "root_joint/pelvis_joint/spineLower_joint/spineMiddle_joint/spineUpper_joint/chest_joint/clavicle_right_joint/shoulder_right_joint/elbow_right_joint/handWrist_right_joint/handThumbMeta_right_joint/handThumb_00_right_joint/handThumb_01_right_joint/handThumb_02_right_joint", "root_joint/pelvis_joint/spineLower_joint/spineMiddle_joint/spineUpper_joint/chest_joint/clavicle_right_joint/shoulder_right_joint/elbow_right_joint/handWrist_right_joint/hand_r_socket", "root_joint/pelvis_joint/spineLower_joint/spineMiddle_joint/spineUpper_joint/chest_joint/clavicle_right_joint/shoulder_right_joint/armUpper_twist_01_right_joint", "root_joint/pelvis_joint/spineLower_joint/spineMiddle_joint/spineUpper_joint/chest_joint/clavicle_right_joint/shoulder_right_joint/armUpper_twist_02_right_joint", "root_joint/pelvis_joint/spineLower_joint/spineMiddle_joint/spineUpper_joint/chest_joint/clavicle_right_joint/shoulder_right_joint/armUpper_twist_03_right_joint", "root_joint/pelvis_joint/spineLower_joint/spineMiddle_joint/spineUpper_joint/chest_joint/back_socket", "root_joint/pelvis_joint/hip_left_joint", "root_joint/pelvis_joint/hip_left_joint/knee_left_joint", "root_joint/pelvis_joint/hip_left_joint/knee_left_joint/footAnkle_left_joint", "root_joint/pelvis_joint/hip_left_joint/knee_left_joint/footAnkle_left_joint/footBall_left_joint", "root_joint/pelvis_joint/hip_left_joint/knee_left_joint/footAnkle_left_joint/footBall_left_joint/footToe_left_joint", "root_joint/pelvis_joint/hip_left_joint/knee_left_joint/footAnkle_left_joint/footAnkle_partial_left_joint", "root_joint/pelvis_joint/hip_left_joint/knee_left_joint/footAnkle_left_joint/foot_l_socket", "root_joint/pelvis_joint/hip_left_joint/knee_left_joint/knee_partial_left_joint", "root_joint/pelvis_joint/hip_left_joint/knee_left_joint/legLower_twist_01_left_joint", "root_joint/pelvis_joint/hip_left_joint/knee_left_joint/legLower_twist_02_left_joint", "root_joint/pelvis_joint/hip_left_joint/knee_left_joint/legLower_twist_03_left_joint", "root_joint/pelvis_joint/hip_left_joint/legUpper_twist_01_left_joint", "root_joint/pelvis_joint/hip_left_joint/legUpper_twist_02_left_joint", "root_joint/pelvis_joint/hip_left_joint/legUpper_twist_03_left_joint", "root_joint/pelvis_joint/hip_right_joint", "root_joint/pelvis_joint/hip_right_joint/knee_right_joint", "root_joint/pelvis_joint/hip_right_joint/knee_right_joint/footAnkle_right_joint", "root_joint/pelvis_joint/hip_right_joint/knee_right_joint/footAnkle_right_joint/footBall_right_joint", "root_joint/pelvis_joint/hip_right_joint/knee_right_joint/footAnkle_right_joint/footBall_right_joint/footToe_right_joint", "root_joint/pelvis_joint/hip_right_joint/knee_right_joint/footAnkle_right_joint/footAnkle_partial_right_joint", "root_joint/pelvis_joint/hip_right_joint/knee_right_joint/footAnkle_right_joint/foot_r_socket", "root_joint/pelvis_joint/hip_right_joint/knee_right_joint/knee_partial_right_joint", "root_joint/pelvis_joint/hip_right_joint/knee_right_joint/legLower_twist_01_right_joint", "root_joint/pelvis_joint/hip_right_joint/knee_right_joint/legLower_twist_02_right_joint", "root_joint/pelvis_joint/hip_right_joint/knee_right_joint/legLower_twist_03_right_joint", "root_joint/pelvis_joint/hip_right_joint/legUpper_twist_01_right_joint", "root_joint/pelvis_joint/hip_right_joint/legUpper_twist_02_right_joint", "root_joint/pelvis_joint/hip_right_joint/legUpper_twist_03_right_joint", "root_joint/pelvis_joint/hip_l_front_socket", "root_joint/pelvis_joint/hip_l_back_socket", "root_joint/pelvis_joint/hip_r_front_socket", "root_joint/pelvis_joint/hip_r_back_socket"]
            quatf[] rotations.timeSamples = {
                0: [(1, 0.00004407386, 0.000088262874, 0.00019292886), (0.4514346, 0.51834357, 0.4586674, 0.5631619), (0.99908066, -0.027535565, -0.026289493, 0.019723268), (0.9991754, -0.0369171, -0.0052111484, 0.016089221), (0.9992441, -0.036586665, 0.00815573, 0.010320734), (0.99752146, -0.055014342, 0.016531177, 0.04063845), (0.69370127, 0.033589423, -0.71488667, -0.08116412), (0.8824431, 0.02519828, -0.41500664, 0.22006597), (0.65030324, -0.23073056, 0.058810085, 0.72139513), (1.0000001, 3.7252903e-8, -5.9604645e-8, 1.4901161e-8), (1.0000001, 3.7252903e-8, -5.9604645e-8, 1.4901161e-8), (1.0000001, 3.7252903e-8, -5.9604645e-8, 1.4901161e-8), (1.0000001, 3.7252903e-8, -5.9604645e-8, 1.4901161e-8), (0.5971823, 0.7779171, 0.10986136, -0.16170792), (0.9967081, 0.019742921, 0.05196835, -0.059020326), (0.8299758, 0.008464858, 0.029776305, 0.5569405), (0.7886879, -0.021752268, -0.018972302, 0.6141165), (-0.68890643, -0.024340257, 0.056994945, -0.7221964), (0.99927616, -0.021159261, 0.017628118, -0.026254922), (0.85528713, -0.018183619, -0.013153449, 0.5176686), (0.7203976, 0.027592748, -0.036667235, 0.6920418), (-0.8214854, -0.025537074, 0.05042568, -0.56742144), (1.0000005, -0.000011205673, 0.0000014901161, 0.0000023543835), (0.9973755, 0.007603258, -0.050899833, 0.050934613), (0.8993781, -0.061424345, 0.15568902, 0.40386578), (-0.6984806, 0.011724189, -0.12713021, -0.7041489), (0.7399602, 0.034836397, 0.16030136, 0.65234125), (0.98914856, -0.14020629, -0.037605688, 0.02267307), (0.8755338, 0.094124585, 0.035008892, 0.47260582), (-0.6965544, 0.0075852573, -0.060583767, -0.7149019), (0.7416212, -0.0008214265, 0.06610127, 0.6675543), (0.8099898, 0.3863222, 0.4399606, -0.03327263), (0.98093617, 0.092620954, -0.07550658, 0.15324849), (0.9500784, 0.073105685, 0.0135141015, 0.30302608), (0.95185494, -0.004596494, 0.0044647455, 0.30648345), (-0.05971163, -0.99452645, 0.009216273, -0.085250326), (1.0000004, -8.940697e-8, 7.450581e-9, 1.4901161e-8), (1.0000004, -8.940697e-8, 7.450581e-9, 1.4901161e-8), (1.0000004, -8.940697e-8, 7.450581e-9, 1.4901161e-8), (0.9898579, 0.13726044, -0.011434786, 0.034792546), (0.9999961, 0.00051730685, -0.0013114959, 0.0024988055), (0.99996996, 0.00052361423, -0.007759884, -0.00009039696), (0.99593997, 0.0026348815, -0.03248637, -0.08391538), (0.5113072, -0.487558, -0.47603914, -0.5236789), (0.47614557, -0.52276766, -0.51150304, -0.48822656), (1.0000011, 0, 0, 0), (0.5115035, -0.48822582, -0.4761451, -0.522768), (1.0000005, 1.4901161e-8, 3.958121e-9, 6.9849193e-10), (0.48282552, -0.5166035, -0.48282617, -0.51660436), (0.10410335, 0.74564195, 0.11176363, 0.64860606), (0.96907103, 0.024131134, -0.24555765, -0.0045457035), (0.6512408, -0.08540532, -0.24985245, 0.7114528), (1, 1.4901163e-8, -7.450582e-8, -7.4505815e-9), (1, 1.4901163e-8, -7.450582e-8, -7.4505815e-9), (1, 1.4901163e-8, -7.450582e-8, -7.4505815e-9), (1, 1.4901163e-8, -7.450582e-8, -7.4505815e-9), (0.62595475, 0.7692404, -0.12532529, -0.027265266), (0.9968596, 0.01680015, 0.052394867, -0.056952402), (0.7945696, -0.10646104, 0.09314391, 0.59046566), (0.79113775, -0.021749362, -0.017819429, 0.61099154), (-0.6905678, -0.04263603, 0.07372016, -0.7182366), (0.9993498, -0.019670265, 0.017889233, -0.024355028), (0.8230822, -0.12343261, 0.065286, 0.55048853), (0.7230719, 0.02775764, -0.035439886, 0.68930423), (-0.822181, -0.022954347, 0.050012015, -0.56656), (1, 0.000011473894, 0, -1.1920929e-7), (0.9862888, -0.115688436, -0.09681792, 0.066910595), (0.89078665, 0.012570858, 0.22176187, 0.3964375), (-0.6994966, 0.01350099, -0.12643987, -0.7032319), (0.73805606, 0.035316415, 0.15996313, 0.6545515), (0.9895602, -0.13697147, -0.03753616, 0.024505809), (0.8765325, 0.049560696, 0.08805433, 0.47061774), (-0.69745004, 0.009736165, -0.06028567, -0.7140268), (0.7470199, -0.037529483, 0.09678218, 0.65664744), (0.81187296, 0.3592205, 0.45590284, -0.06305224), (0.9850887, 0.08503908, -0.06273557, 0.13576838), (0.96122265, 0.12648073, 0.034498215, 0.24261798), (0.9623669, -0.012167542, 0.005016916, 0.27143475), (0.99452615, -0.059711695, -0.08524814, -0.009215072), (1.0000001, 4.4703484e-8, 1.4901161e-8, 0), (1.0000001, 4.4703484e-8, 1.4901161e-8, 0), (1.0000001, 4.4703484e-8, 1.4901161e-8, 0), (0.47763085, -0.52141124, -0.47763014, -0.5214106), (-0.15823346, -0.04168044, 0.028372243, 0.9861139), (0.98983693, -0.084724955, 0.013925746, 0.11336358), (0.013828807, 0.95855665, 0.28406495, 0.016907975), (0.0023242086, 0.41978097, 0.90760887, 0.0050362423), (0.99999565, -0.00003674999, 0.000021800399, 0.0030751047), (0.99999946, 2.3655593e-7, -0.0000011622906, -0.0011719838), (0.52709186, -0.51509655, 0.4962679, 0.45887744), (0.99999934, 2.393499e-7, 7.1525574e-7, -0.0014618468), (0.99997497, -0.0071408027, 7.748604e-7, 1.1175871e-8), (0.9998984, -0.014281123, 0.0000019818544, 5.2154064e-8), (0.9997663, -0.02163716, 0.0000024586916, 9.49949e-8), (1.0000005, 1.2479722e-7, 5.662441e-7, -3.9115548e-8), (1.0000004, -1.3038516e-8, 0.0000014156103, -1.13621354e-7), (1.0000004, 5.494803e-7, 0.000001296401, -5.7742e-8), (0.92872953, -0.008159442, -0.025959343, -0.36975858), (0.8562045, -0.0062954873, -0.0022169687, 0.5165944), (0.06072534, 0.9964019, -0.050973512, 0.029959112), (-0.00017647445, 0.7067677, 0.7074456, 0.000011652708), (0.9999927, -0.0000071525574, 0.000013127923, 0.003790875), (0.9999991, 2.7194625e-7, -0.0000012293461, -0.0011718834), (-0.51509786, -0.52709246, -0.4588756, 0.49626687), (0.99999917, 3.199675e-7, 5.9604645e-7, -0.0014617965), (0.9999748, -0.007140712, 0, 2.4214387e-8), (0.99989825, -0.014281091, 4.4703484e-8, -1.8626451e-9), (0.9997662, -0.021636982, 2.9802322e-8, -2.2351742e-8), (1.0000001, 2.0032167e-7, 0, -2.2351742e-8), (1.0000001, 1.9237632e-8, -2.9802322e-8, 2.3283064e-8), (1.0000002, 6.966875e-7, 0, 4.1909516e-8), (0.5000043, -0.49999714, -0.50000286, -0.49999624), (0.5000043, -0.49999714, -0.50000286, -0.49999624), (0.5000043, -0.49999714, -0.50000286, -0.49999624), (0.5000043, -0.49999714, -0.50000286, -0.49999624)],
                1: [(1, -0.000006795708, 0.00010816782, 0.000104329316), (0.45503286, 0.51984304, 0.45658708, 0.5605679), (0.99911624, -0.02796321, -0.024308078, 0.0198511), (0.99920446, -0.03668501, -0.0021174795, 0.0155027425), (0.99925494, -0.03642896, 0.0089210505, 0.009111681), (0.99746186, -0.057525516, 0.016620995, 0.038530484), (0.7017577, 0.038026035, -0.70850265, -0.064141475), (0.87846845, 0.020914445, -0.41909888, 0.22849908), (0.6358259, -0.2386036, 0.07084307, 0.730599), (0.9999999, 3.3527613e-8, -2.9802322e-8, 5.5879354e-9), (0.9999999, 3.3527613e-8, -2.9802322e-8, 5.5879354e-9), (0.9999999, 3.3527613e-8, -2.9802322e-8, 5.5879354e-9), (0.9999999, 3.3527613e-8, -2.9802322e-8, 5.5879354e-9), (0.6332744, 0.75963223, 0.10295136, -0.1064121), (0.9966866, 0.019130671, 0.052918047, -0.058734354), (0.82998466, 0.008486249, 0.029757425, 0.5569277), (0.7886902, -0.021751747, -0.018974144, 0.61411315), (-0.688902, -0.02434089, 0.056990497, -0.7222005), (0.99925536, -0.021728633, 0.018584484, -0.025911506), (0.8552962, -0.01816371, -0.013170369, 0.5176537), (0.7204009, 0.027594075, -0.036668427, 0.69203824), (-0.8214818, -0.025537759, 0.050420597, -0.56742716), (1.0000004, -0.000011198223, 0.0000014454126, 0.0000023245811), (0.99741113, 0.0071378406, -0.04989176, 0.051292624), (0.8993962, -0.061407484, 0.1556713, 0.40383476), (-0.6984714, 0.011727706, -0.1271341, -0.70415723), (0.7399639, 0.034836307, 0.16029719, 0.652338), (0.98910147, -0.1407026, -0.03667206, 0.023160636), (0.87554383, 0.09414611, 0.034995116, 0.47258353), (-0.6965494, 0.007588826, -0.060586993, -0.7149064), (0.741625, -0.00082179904, 0.06609871, 0.6675504), (0.81013584, 0.38596097, 0.43999624, -0.03342784), (0.9810936, 0.09271291, -0.07476863, 0.15254301), (0.9500621, 0.07309369, 0.013494514, 0.30307993), (0.9518537, -0.004597608, 0.0044650435, 0.30648637), (-0.05971158, -0.9945263, 0.00921625, -0.08525029), (1, -1.1175871e-7, 0, 2.9802322e-8), (1, -1.1175871e-7, 0, 2.9802322e-8), (1, -1.1175871e-7, 0, 2.9802322e-8), (0.9901421, 0.13530925, -0.011214773, 0.034418266), (0.99996495, 0.0009614392, -0.0035031054, 0.007551562), (0.99993765, 0.0010062224, -0.0099501815, 0.0049595027), (0.9962808, 0.0053850417, -0.033158366, -0.07934958), (0.5113071, -0.48755795, -0.47603908, -0.52367884), (0.47614548, -0.52276766, -0.511503, -0.48822647), (1.000001, 9.313226e-9, 1.8626451e-9, -2.3283064e-10), (0.51150346, -0.48822585, -0.47614497, -0.522768), (1.0000006, 1.4901161e-8, 3.7252903e-9, 5.820766e-10), (0.48282543, -0.5166034, -0.4828261, -0.5166043), (0.12355797, 0.7397856, 0.10886722, 0.6523792), (0.9705891, 0.023857227, -0.23890018, -0.017725162), (0.651802, -0.057397727, -0.27217272, 0.70553625), (0.9999998, 1.4901163e-8, -6.705523e-8, -5.587936e-9), (0.9999998, 1.4901163e-8, -6.705523e-8, -5.587936e-9), (0.9999998, 1.4901163e-8, -6.705523e-8, -5.587936e-9), (0.9999998, 1.4901163e-8, -6.705523e-8, -5.587936e-9), (0.6420958, 0.7573062, -0.118919805, -0.0076077757), (0.99684316, 0.016781973, 0.052557528, -0.057091065), (0.79457843, -0.10645281, 0.093131766, 0.59045655), (0.7911374, -0.02174357, -0.01781827, 0.61099166), (-0.69057024, -0.04262957, 0.07371012, -0.718235), (0.999343, -0.019686705, 0.018058013, -0.024488313), (0.82309103, -0.12342652, 0.06527522, 0.5504778), (0.7230709, 0.027764082, -0.03543868, 0.68930495), (-0.82218313, -0.022946436, 0.05000209, -0.5665578), (0.9999997, 0.000011444094, 0, -1.2665988e-7), (0.9863122, -0.11570169, -0.09664097, 0.066794075), (0.8907884, 0.012572202, 0.22176842, 0.3964295), (-0.6995009, 0.013512315, -0.12642615, -0.7032294), (0.73805535, 0.035321336, 0.15995836, 0.65455306), (0.98956746, -0.13698703, -0.037352916, 0.024394292), (0.8765389, 0.049566615, 0.08805114, 0.47060543), (-0.69745123, 0.009745697, -0.060278535, -0.714026), (0.7470197, -0.037526514, 0.09677675, 0.65664846), (0.8119711, 0.35921827, 0.45567372, -0.06345119), (0.98510295, 0.0850874, -0.062337216, 0.13581544), (0.96122193, 0.12648883, 0.034509145, 0.24261466), (0.9623663, -0.012166289, 0.0050174044, 0.27143636), (0.9945259, -0.059711687, -0.08524815, -0.009215073), (0.9999998, 5.960465e-8, 0, 2.2351744e-8), (0.9999998, 5.960465e-8, 0, 2.2351744e-8), (0.9999998, 5.960465e-8, 0, 2.2351744e-8), (0.47763073, -0.52141124, -0.47763014, -0.5214105), (-0.17654377, -0.04170311, 0.030176487, 0.9829458), (0.99018747, -0.088290125, 0.014028474, 0.10741096), (0.018814648, 0.96889573, 0.24656717, 0.00959239), (0.002060736, 0.623609, 0.7817253, 0.0036502716), (0.9999903, 0.000090829824, -0.000050501923, 0.0044361837), (0.99999934, 2.3678876e-7, -0.0000011622906, -0.0011719833), (0.5270918, -0.5150965, 0.49626786, 0.45887744), (0.99999905, 2.7322676e-7, 6.92904e-7, -0.0014618486), (0.9999748, -0.0071408083, 8.2701445e-7, 2.7939677e-9), (0.9998981, -0.014281131, 0.0000019967556, 6.798655e-8), (0.99976593, -0.021637151, 0.000002451241, 9.872019e-8), (1.0000002, 1.4994293e-7, 5.6251884e-7, -4.9360096e-8), (1.0000002, -4.8661605e-8, 0.0000014528632, -1.17346644e-7), (1.0000001, 5.487818e-7, 0.0000012852252, -7.8231096e-8), (0.9458935, -0.0116533935, -0.015779821, -0.32388344), (0.9227114, -0.007046969, 0.0023923332, 0.3854195), (0.048934523, 0.9957341, -0.05973918, 0.050496656), (0.0014349675, 0.68343204, 0.7300099, 0.0018914859), (0.99999326, -0.000020924956, -0.000004231929, 0.0035914772), (0.99999875, 2.5983906e-7, -0.000001200475, -0.0011718853), (-0.5150977, -0.5270924, -0.45887542, 0.4962667), (0.9999988, 3.4761618e-7, 5.2712863e-7, -0.0014618306), (0.9999744, -0.0071406863, 5.5879354e-9, 2.0489097e-8), (0.99989796, -0.014281054, 4.284084e-8, -8.381903e-9), (0.9997659, -0.021636995, 1.6763808e-8, -9.313226e-10), (0.9999998, 2.0093286e-7, -2.2351744e-8, -1.047738e-8), (0.9999998, 1.816079e-8, 2.6077032e-8, 2.0954767e-9), (0.9999999, 7.058261e-7, 0, 1.8859282e-8), (0.50000423, -0.49999702, -0.50000274, -0.49999616), (0.50000423, -0.49999702, -0.50000274, -0.49999616), (0.50000423, -0.49999702, -0.50000274, -0.49999616), (0.50000423, -0.49999702, -0.50000274, -0.49999616)],
                2: [(1, -0.00005622006, 0.0001416322, 0.000047458227), (0.45606935, 0.5221916, 0.45387, 0.5597487), (0.99883366, -0.037927717, -0.023443364, 0.018520962), (0.9991282, -0.039831597, 0.0019369572, 0.012343176), (0.9991294, -0.03954026, 0.011253074, 0.0070947707), (0.99685496, -0.06848474, 0.021278016, 0.033727273), (0.72455007, 0.030692875, -0.68812805, -0.023769572), (0.8647553, 0.013556689, -0.4414443, 0.239043), (0.59705234, -0.26519987, 0.11073285, 0.7489567), (1, 2.9802322e-8, -2.9802322e-8, 1.4901161e-8), (1, 2.9802322e-8, -2.9802322e-8, 1.4901161e-8), (1, 2.9802322e-8, -2.9802322e-8, 1.4901161e-8), (1, 2.9802322e-8, -2.9802322e-8, 1.4901161e-8), (0.6789014, 0.7237461, 0.12317771, -0.010588795), (0.99666, 0.018174976, 0.055056125, -0.057512313), (0.8299858, 0.008503109, 0.029741973, 0.5569263), (0.7887005, -0.02174446, -0.018966317, 0.6141002), (-0.6888823, -0.024327323, 0.056978762, -0.72222084), (0.9992291, -0.022570997, 0.020699888, -0.024572194), (0.85529935, -0.01814577, -0.013187736, 0.5176492), (0.7204132, 0.027606398, -0.03665836, 0.6920258), (-0.8214642, -0.025523096, 0.050404757, -0.5674551), (1.0000005, -0.000011175871, 0.0000014305115, 0.0000023543835), (0.99745375, 0.0065570176, -0.0476875, 0.05262655), (0.8994117, -0.0613921, 0.15567373, 0.40380153), (-0.6984497, 0.011759073, -0.12713055, -0.7041789), (0.73997223, 0.03484544, 0.16027656, 0.65233344), (0.9890399, -0.1413584, -0.0346978, 0.024787366), (0.8755538, 0.094165444, 0.034992248, 0.47256157), (-0.69652796, 0.007613629, -0.060584337, -0.7149271), (0.74163514, -0.0008139014, 0.06608006, 0.66754055), (0.81061, 0.3851874, 0.43977588, -0.033761114), (0.98144764, 0.0928841, -0.07236024, 0.15131967), (0.95005834, 0.07309862, 0.013503015, 0.3030908), (0.9518527, -0.004596129, 0.0044673383, 0.30648988), (-0.059711564, -0.99452627, 0.00921626, -0.08525031), (1.0000002, -8.940697e-8, 0, 2.9802322e-8), (1.0000002, -8.940697e-8, 0, 2.9802322e-8), (1.0000002, -8.940697e-8, 0, 2.9802322e-8), (0.9881644, 0.14841002, -0.011647537, 0.03701467), (0.9998572, 0.0015794709, -0.007054642, 0.0152864605), (0.9998271, 0.0016826056, -0.013499394, 0.012690447), (0.99627024, 0.01086315, -0.04277602, -0.07414915), (0.51130706, -0.48755786, -0.476039, -0.5236788), (0.47614542, -0.52276754, -0.5115029, -0.48822647), (1.0000008, 7.450581e-9, 7.450581e-9, -9.313226e-10), (0.5115034, -0.48822576, -0.47614497, -0.52276796), (1.0000004, 1.4901161e-8, 4.1909516e-9, 4.656613e-10), (0.48282534, -0.5166034, -0.48282605, -0.51660424), (0.1663987, 0.72436565, 0.09843497, 0.66175264), (0.97592145, 0.023137122, -0.20956981, -0.055880517), (0.6537968, 0.004054904, -0.3217098, 0.6848623), (1, 1.4901161e-8, -1.1920929e-7, -7.450581e-9), (1, 1.4901161e-8, -1.1920929e-7, -7.450581e-9), (1, 1.4901161e-8, -1.1920929e-7, -7.450581e-9), (1, 1.4901161e-8, -1.1920929e-7, -7.450581e-9), (0.69279605, 0.7121406, -0.11032502, 0.026794553), (0.9968307, 0.016694695, 0.052719682, -0.05719307), (0.79458547, -0.1064384, 0.09310946, 0.5904543), (0.79113805, -0.021729797, -0.017822448, 0.6109922), (-0.69057477, -0.04262793, 0.07368502, -0.7182343), (0.99933624, -0.019771636, 0.01822716, -0.024582982), (0.8230988, -0.12341368, 0.0652529, 0.5504725), (0.72306967, 0.027779788, -0.035443958, 0.6893061), (-0.82218707, -0.02294311, 0.04997474, -0.5665554), (1.0000001, 0.000011503696, 2.9802322e-8, -1.4901161e-7), (0.98632526, -0.115779266, -0.09646648, 0.06672484), (0.89078856, 0.012595832, 0.22177829, 0.39642322), (-0.699507, 0.013548672, -0.1264221, -0.70322376), (0.7380544, 0.035320476, 0.1599409, 0.6545587), (0.9895649, -0.13706951, -0.037171036, 0.02432546), (0.87654376, 0.049589515, 0.08804402, 0.47059554), (-0.6974524, 0.00977549, -0.060280334, -0.7140244), (0.74702, -0.03752908, 0.096758604, 0.65665114), (0.8120582, 0.3589989, 0.4555898, -0.06418496), (0.9850683, 0.085121214, -0.061889857, 0.13625383), (0.96121955, 0.12650226, 0.034519166, 0.24261695), (0.96236587, -0.012165863, 0.0050203055, 0.27143866), (0.9945264, -0.059711695, -0.08524817, -0.009215057), (1.0000001, 5.9604645e-8, 0, 2.9802322e-8), (1.0000001, 5.9604645e-8, 0, 2.9802322e-8), (1.0000001, 5.9604645e-8, 0, 2.9802322e-8), (0.47763073, -0.52141124, -0.47763008, -0.5214105), (-0.17466234, -0.035002574, 0.041314602, 0.9831381), (0.9731746, -0.096769705, 0.032092273, 0.2062434), (0.04092358, 0.9399568, 0.33881947, 0.0025755465), (0.007616937, 0.81085026, 0.585202, 0.0010126829), (0.9999884, -0.00001866743, -0.000026762486, 0.0046965927), (0.99999833, 2.3841858e-7, -0.0000011622906, -0.0011719838), (0.52709126, -0.5150959, 0.4962674, 0.45887694), (0.99999857, 2.5704503e-7, 7.4505806e-7, -0.0014618374), (0.99997425, -0.007140806, 8.34465e-7, 1.8626451e-8), (0.9998977, -0.0142811425, 0.0000019967556, 7.8231096e-8), (0.9997655, -0.021637153, 0.0000024735928, 9.313226e-8), (0.99999964, 1.3411045e-7, 5.662441e-7, -4.8428774e-8), (0.99999976, -2.6077032e-8, 0.0000014603138, -1.0058284e-7), (0.99999964, 5.3830445e-7, 0.0000012516975, -6.7055225e-8), (0.9739778, -0.026009068, 0.003146248, -0.22512339), (0.999864, -0.0023694318, 0.008078307, 0.014160078), (0.0152259655, 0.9953331, -0.017147254, 0.093731046), (0.006390333, 0.58081305, 0.8139467, 0.010265559), (0.9999944, -0.000043723732, -0.000029921532, 0.0032264069), (0.99999857, 2.4959445e-7, -0.0000012367964, -0.0011718944), (-0.5150976, -0.5270923, -0.4588754, 0.49626663), (0.9999985, 3.4458935e-7, 5.662441e-7, -0.0014618076), (0.99997425, -0.0071407426, -1.4901161e-8, 3.7252903e-9), (0.9998977, -0.014281064, 5.9604645e-8, -1.4901161e-8), (0.99976563, -0.021637017, 2.9802322e-8, -2.9802322e-8), (0.9999996, 2.2538006e-7, -2.9802322e-8, 2.2351742e-8), (0.99999964, 2.0489097e-8, 2.9802322e-8, -3.7252903e-9), (0.99999976, 7.171184e-7, 2.9802322e-8, 1.8626451e-8), (0.5000041, -0.49999693, -0.5000027, -0.4999961), (0.5000041, -0.49999693, -0.5000027, -0.4999961), (0.5000041, -0.49999693, -0.5000027, -0.4999961), (0.5000041, -0.49999693, -0.5000027, -0.4999961)],
                3: [(1, 0.00008279364, -0.00010628959, 0.0000073967826), (0.45416507, 0.5268358, 0.4526957, 0.557893), (0.998698, -0.041814383, -0.020746298, 0.020575097), (0.99917555, -0.03831732, 0.003645733, 0.012904905), (0.9992149, -0.038113102, 0.0089760125, 0.006004803), (0.9972737, -0.066909716, 0.014522523, 0.027513564), (0.73457175, 0.035369575, -0.67756796, -0.0073956326), (0.8692146, 0.017119855, -0.447937, 0.20862713), (0.5854453, -0.26000607, 0.10026014, 0.7613137), (0.9999999, 4.4703484e-8, -5.9604645e-8, 7.450581e-9), (0.9999999, 4.4703484e-8, -5.9604645e-8, 7.450581e-9), (0.9999999, 4.4703484e-8, -5.9604645e-8, 7.450581e-9), (0.9999999, 4.4703484e-8, -5.9604645e-8, 7.450581e-9), (0.6971256, 0.70461637, 0.1298595, 0.025855958), (0.9966736, 0.018350154, 0.05529836, -0.056987733), (0.8299811, 0.008490741, 0.02975905, 0.55693287), (0.7887064, -0.021746367, -0.018957414, 0.6140932), (-0.68887126, -0.02431798, 0.056985855, -0.7222313), (0.99924195, -0.022370845, 0.020914316, -0.024043351), (0.8552946, -0.018155843, -0.013171703, 0.5176569), (0.72041786, 0.027605921, -0.03664723, 0.69202155), (-0.8214571, -0.025511444, 0.050410897, -0.5674654), (1.0000005, -0.000011175871, 0.0000014305115, 0.0000023543835), (0.9974352, 0.0068095624, -0.04747206, 0.053137302), (0.8994057, -0.061412305, 0.15568835, 0.40380657), (-0.69845444, 0.0117536485, -0.12711658, -0.7041772), (0.73996687, 0.034854293, 0.16028157, 0.6523381), (0.9890652, -0.14112109, -0.034558207, 0.025323391), (0.8755466, 0.09414837, 0.03500873, 0.47257727), (-0.69653535, 0.007611066, -0.06057231, -0.7149211), (0.7416308, -0.0008048713, 0.06608242, 0.66754556), (0.81070757, 0.38492215, 0.4398148, -0.033936262), (0.9814295, 0.09298801, -0.07169087, 0.15169239), (0.9500637, 0.073094174, 0.0135075, 0.30307615), (0.9518535, -0.004594803, 0.004465252, 0.30648854), (-0.05971157, -0.9945263, 0.009216296, -0.08525034), (1.0000001, -8.940697e-8, 0, 2.9802322e-8), (1.0000001, -8.940697e-8, 0, 2.9802322e-8), (1.0000001, -8.940697e-8, 0, 2.9802322e-8), (0.9874859, 0.14950854, 0.0133865625, 0.048364222), (0.99989057, 0.0013315454, -0.0060582757, 0.013406441), (0.9998621, 0.0014187582, -0.012504011, 0.010811888), (0.9944799, 0.006081757, -0.05949276, -0.08621469), (0.51130694, -0.48755774, -0.47603887, -0.52367854), (0.47614533, -0.5227674, -0.51150274, -0.48822632), (1.0000006, 7.450581e-9, 0, -9.313226e-10), (0.5115032, -0.48822552, -0.47614482, -0.52276784), (1, 1.4901161e-8, 4.1909516e-9, 4.656613e-10), (0.4828253, -0.5166033, -0.48282593, -0.5166041), (0.18733549, 0.71079314, 0.0889149, 0.67214006), (0.9696999, 0.022915065, -0.23531622, -0.061502516), (0.6529729, 0.019568652, -0.3364655, 0.6782576), (0.9999994, 0, -8.940697e-8, -7.450581e-9), (0.9999994, 0, -8.940697e-8, -7.450581e-9), (0.9999994, 0, -8.940697e-8, -7.450581e-9), (0.9999994, 0, -8.940697e-8, -7.450581e-9), (0.7423512, 0.6625397, -0.09247059, 0.037470937), (0.9968448, 0.016876519, 0.052521855, -0.057062805), (0.7945856, -0.10643315, 0.093102634, 0.5904546), (0.7911378, -0.021726668, -0.017826136, 0.6109909), (-0.69057393, -0.04263097, 0.07367882, -0.718234), (0.9993458, -0.019592583, 0.018018693, -0.024466515), (0.8230996, -0.12340817, 0.06524584, 0.5504724), (0.72306955, 0.027783602, -0.035448276, 0.68930507), (-0.8221872, -0.022946537, 0.049966812, -0.5665551), (0.99999946, 0.000011473894, -2.9802322e-8, -1.4901161e-7), (0.98631644, -0.11561164, -0.09669167, 0.06681141), (0.8908032, 0.012609988, 0.22176096, 0.39639843), (-0.69949675, 0.013554394, -0.12643579, -0.70323086), (0.7380549, 0.035314932, 0.15993476, 0.65455943), (0.98957765, -0.13689741, -0.03739962, 0.024406731), (0.8765445, 0.04960218, 0.08803889, 0.47059318), (-0.69745183, 0.009784937, -0.060287435, -0.7140238), (0.7470205, -0.037533507, 0.09675211, 0.6566509), (0.812321, 0.35877368, 0.4552099, -0.064799964), (0.98501027, 0.08519323, -0.061184406, 0.13693829), (0.96121675, 0.12650841, 0.03452301, 0.24262127), (0.9623654, -0.012166679, 0.005021751, 0.27143854), (0.9945257, -0.059711665, -0.08524808, -0.009215057), (0.99999946, 2.9802322e-8, 0, 0), (0.99999946, 2.9802322e-8, 0, 0), (0.99999946, 2.9802322e-8, 0, 0), (0.47763056, -0.521411, -0.47762996, -0.5214103), (-0.07623484, -0.01128507, 0.041613042, 0.99615717), (0.89082634, -0.0830079, 0.0604634, 0.4425854), (0.031144224, 0.9698014, 0.24177873, -0.007593751), (0.012176186, 0.792986, 0.60911226, 0.002500981), (0.99999225, -0.0000059343874, -0.000021651387, 0.0037779063), (0.9999987, 2.3469329e-7, -0.0000011920929, -0.0011719875), (0.5270915, -0.5150961, 0.49626756, 0.45887712), (0.9999987, 2.5797635e-7, 6.556511e-7, -0.00146183), (0.9999743, -0.0071407994, 8.046627e-7, 1.1175871e-8), (0.99989784, -0.014281151, 0.0000020563602, 5.9604645e-8), (0.99976563, -0.021637157, 0.0000024437904, 8.568168e-8), (0.9999999, 1.6298145e-7, 5.2154064e-7, -4.8428774e-8), (0.9999999, -2.514571e-8, 0.0000014305115, -1.15484e-7), (0.99999976, 5.578622e-7, 0.0000012814999, -5.2154064e-8), (0.9788577, -0.03245608, 0.005263945, -0.20188147), (0.99940014, -0.00077277236, 0.0149974525, 0.03120039), (-0.0038039237, 0.99774694, -0.027131507, 0.061237156), (0.00259462, 0.63238686, 0.7745836, 0.009985536), (0.9999922, 0.000009421259, -0.0000526309, 0.0038441904), (0.99999857, 2.4214387e-7, -0.000001244247, -0.0011718757), (-0.5150976, -0.5270923, -0.4588754, 0.49626666), (0.9999988, 3.5390258e-7, 5.662441e-7, -0.0014618076), (0.9999745, -0.007140724, 2.2351742e-8, 1.1175871e-8), (0.99989796, -0.014281061, 1.4901161e-8, -5.5879354e-8), (0.99976593, -0.02163697, 6.7055225e-8, -1.4901161e-8), (0.99999964, 2.4214387e-7, -2.9802322e-8, 2.6077032e-8), (0.9999997, 3.7252903e-8, 2.9802322e-8, -3.7252903e-9), (0.9999998, 7.171184e-7, 2.2351742e-8, 1.1175871e-8), (0.50000405, -0.49999693, -0.5000026, -0.499996), (0.50000405, -0.49999693, -0.5000026, -0.499996), (0.50000405, -0.49999693, -0.5000026, -0.499996), (0.50000405, -0.49999693, -0.5000026, -0.499996)],
                4: [(1, -0.00011000241, 0.0001282067, -0.0000397444), (0.4552156, 0.52936846, 0.4562288, 0.55172753), (0.99826694, -0.0459847, -0.015210867, 0.03342932), (0.9991078, -0.03574771, 0.0060748383, 0.021658469), (0.9993416, -0.035031527, 0.0069551766, 0.0064096004), (0.9978129, -0.06371815, 0.0051616877, 0.016826883), (0.73628306, 0.040516764, -0.67543924, 0.0052904114), (0.8742187, 0.01279673, -0.45729816, 0.16265476), (0.58287144, -0.24095789, 0.05274868, 0.7742209), (1, 4.4703484e-8, -5.9604645e-8, 7.450581e-9), (1, 4.4703484e-8, -5.9604645e-8, 7.450581e-9), (1, 4.4703484e-8, -5.9604645e-8, 7.450581e-9), (1, 4.4703484e-8, -5.9604645e-8, 7.450581e-9), (0.7163563, 0.684536, 0.12083343, 0.06036386), (0.9967071, 0.01814267, 0.0553793, -0.056385398), (0.8299721, 0.008480996, 0.02979201, 0.55694425), (0.78872764, -0.021744758, -0.018944591, 0.6140658), (-0.6888241, -0.024306819, 0.056999087, -0.72227496), (0.999251, -0.02255541, 0.020979643, -0.023424953), (0.85528946, -0.018167257, -0.013148934, 0.5176652), (0.7204467, 0.027620733, -0.036620244, 0.69199204), (-0.8214065, -0.025477111, 0.050418943, -0.56753886), (1.0000004, -0.000011175871, 0.0000014305115, 0.0000023245811), (0.9974065, 0.0066829324, -0.0473741, 0.053774476), (0.89941454, -0.061483234, 0.15576524, 0.40374562), (-0.6983825, 0.011825919, -0.12701003, -0.7042659), (0.7399932, 0.034921497, 0.16023144, 0.6523163), (0.9890282, -0.14126414, -0.034556806, 0.025957555), (0.8755705, 0.09409237, 0.035072833, 0.4725393), (-0.69645727, 0.0076640844, -0.060476005, -0.715005), (0.7416643, -0.000744462, 0.06603739, 0.66751313), (0.8107799, 0.38431343, 0.44021562, -0.033908278), (0.981374, 0.09302607, -0.071573265, 0.15208161), (0.95006967, 0.07309007, 0.013515443, 0.3030573), (0.95184964, -0.004580438, 0.004470825, 0.3064998), (-0.059711613, -0.99452627, 0.0092162965, -0.08525032), (1.0000001, -8.940697e-8, 1.4901161e-8, 0), (1.0000001, -8.940697e-8, 1.4901161e-8, 0), (1.0000001, -8.940697e-8, 1.4901161e-8, 0), (0.9876397, 0.14615272, 0.03711076, 0.042781465), (0.99989724, 0.0012844205, -0.00538747, 0.013239149), (0.99987257, 0.001369752, -0.011833206, 0.010644995), (0.99325895, 0.0014396831, -0.07041671, -0.09206876), (0.51130724, -0.487558, -0.47603914, -0.5236789), (0.47614563, -0.5227677, -0.51150304, -0.4882266), (1.0000012, 7.450581e-9, 0, 0), (0.5115036, -0.48822585, -0.47614512, -0.52276814), (1.0000006, 1.4901161e-8, 3.7252903e-9, 4.656613e-10), (0.48282555, -0.5166035, -0.4828262, -0.51660436), (0.18708211, 0.71818215, 0.08309871, 0.66506344), (0.9594196, 0.031692535, -0.27906984, -0.025088608), (0.66313547, -0.014455155, -0.29353866, 0.6883874), (0.9999998, 1.4901161e-8, -8.940697e-8, 0), (0.9999998, 1.4901161e-8, -8.940697e-8, 0), (0.9999998, 1.4901161e-8, -8.940697e-8, 0), (0.9999998, 1.4901161e-8, -8.940697e-8, 0), (0.7735624, 0.627422, -0.087614715, 0.016315043), (0.99686587, 0.015947819, 0.052056998, -0.05739236), (0.7945831, -0.106456816, 0.09314141, 0.5904482), (0.7911506, -0.021694899, -0.017902803, 0.61097383), (-0.6905521, -0.0427759, 0.07360163, -0.7182549), (0.9993267, -0.020544589, 0.01759696, -0.0247747), (0.82309437, -0.123437375, 0.06528351, 0.55046904), (0.7230818, 0.02781874, -0.035537746, 0.689286), (-0.82217336, -0.023099631, 0.049871445, -0.56657696), (0.99999976, 0.000011473894, 0, -8.940697e-8), (0.986182, -0.11663377, -0.09699479, 0.06658381), (0.89080125, 0.01270172, 0.22180516, 0.39637578), (-0.69949543, 0.013647914, -0.12661529, -0.7031984), (0.7380583, 0.035218745, 0.15988025, 0.6545744), (0.98943734, -0.13786995, -0.03772971, 0.02411595), (0.8765507, 0.049651653, 0.0880833, 0.47056824), (-0.6974403, 0.009856969, -0.06045696, -0.7140197), (0.74702466, -0.037632257, 0.09670141, 0.65664774), (0.81256366, 0.35839778, 0.45498687, -0.065406024), (0.9850147, 0.08481681, -0.06145194, 0.13702375), (0.96122146, 0.12650573, 0.034499913, 0.24260907), (0.9623664, -0.012177981, 0.0050378144, 0.2714355), (0.994526, -0.059711695, -0.08524814, -0.009214997), (0.9999998, 2.9802322e-8, 2.9802322e-8, 2.9802322e-8), (0.9999998, 2.9802322e-8, 2.9802322e-8, 2.9802322e-8), (0.9999998, 2.9802322e-8, 2.9802322e-8, 2.9802322e-8), (0.4776308, -0.5214113, -0.47763017, -0.5214105), (0.0076458454, 0.007801419, 0.0411292, 0.9990943), (0.785846, -0.07369297, 0.081811786, 0.6085413), (0.009228557, 0.97869533, 0.20444527, -0.016503453), (0.00666517, 0.75536513, 0.6552618, 0.0033010542), (0.9999969, 0.00008898787, 0.00011482835, 0.002363272), (0.99999905, 2.3469329e-7, -0.0000011324883, -0.0011719863), (0.5270917, -0.51509637, 0.49626768, 0.45887727), (0.9999989, 2.5890768e-7, 7.4505806e-7, -0.0014618328), (0.9999746, -0.0071408004, 8.046627e-7, 1.4901161e-8), (0.99989796, -0.014281142, 0.000002026558, 5.9604645e-8), (0.9997659, -0.021637157, 0.0000024735928, 9.313226e-8), (1.0000002, 1.4156103e-7, 5.736947e-7, -3.3527613e-8), (1.0000002, -3.0733645e-8, 0.0000014156103, -1.2293458e-7), (1.0000001, 5.122274e-7, 0.0000013262033, -1.2293458e-7), (0.97266054, -0.035493094, -0.00040432625, -0.22950387), (0.9730786, -0.0032903273, 0.018742468, 0.22968796), (0.013781201, 0.9952549, -0.082166575, 0.050270736), (-0.0019676983, 0.716281, 0.69780576, 0.0023362935), (0.99997956, 0.00020537898, -0.00008523464, 0.0064518247), (0.9999993, 2.3283064e-7, -0.0000012353994, -0.0011719614), (-0.515098, -0.5270926, -0.45887566, 0.496267), (0.9999993, 3.46452e-7, 5.2154064e-7, -0.0014618039), (0.9999749, -0.0071407314, 2.2351742e-8, 1.8626451e-8), (0.99989843, -0.014281062, 2.2351742e-8, -1.8626451e-8), (0.9997663, -0.021637037, 1.4901161e-8, 3.7252903e-9), (1.0000001, 2.2724271e-7, -2.9802322e-8, 1.8626451e-8), (1.0000002, 2.0489097e-8, 2.9802322e-8, -3.7252903e-9), (1.0000004, 7.376075e-7, 2.9802322e-8, 2.6077032e-8), (0.50000423, -0.49999705, -0.5000028, -0.4999962), (0.50000423, -0.49999705, -0.5000028, -0.4999962), (0.50000423, -0.49999705, -0.5000028, -0.4999962), (0.50000423, -0.49999705, -0.5000028, -0.4999962)],
                5: [(0.99999994, -0.00033129586, 0.00021044094, -0.000021307193), (0.45772153, 0.5297691, 0.46565324, 0.5412972), (0.9977831, -0.047393244, -0.015575469, 0.044046067), (0.99907184, -0.025147993, 0.0069051385, 0.034281153), (0.9996503, -0.024048736, 0.006303355, 0.009005673), (0.99862397, -0.049889952, 0.0074669123, 0.014340505), (0.73342407, 0.048689455, -0.67791975, 0.011963658), (0.8698814, 0.01562205, -0.47110617, 0.14533028), (0.6024209, -0.23737377, 0.000641495, 0.7620643), (0.99999976, 3.7252903e-8, -5.9604645e-8, 0), (0.99999976, 3.7252903e-8, -5.9604645e-8, 0), (0.99999976, 3.7252903e-8, -5.9604645e-8, 0), (0.99999976, 3.7252903e-8, -5.9604645e-8, 0), (0.7108347, 0.69041145, 0.12237123, 0.055418044), (0.99672455, 0.019197792, 0.05446303, -0.05661398), (0.82998264, 0.008475125, 0.029752672, 0.5569303), (0.7887657, -0.021716624, -0.018910617, 0.61401874), (-0.68873703, -0.024245828, 0.05693373, -0.72236514), (0.9992853, -0.021545082, 0.02003643, -0.023729742), (0.8552997, -0.018158436, -0.013183504, 0.51764745), (0.7204779, 0.027646184, -0.036586136, 0.6919603), (-0.82135534, -0.025434315, 0.050354928, -0.56762064), (1.0000001, -0.000011205673, 0.0000014603138, 0.0000023245811), (0.9973677, 0.0075894296, -0.048413455, 0.053444445), (0.8994319, -0.061427623, 0.15569755, 0.40374148), (-0.69840527, 0.011763185, -0.12709697, -0.7042286), (0.7399871, 0.03489968, 0.16026974, 0.6523149), (0.9891387, -0.14033845, -0.03550124, 0.025481224), (0.8755689, 0.094138145, 0.034992278, 0.47253853), (-0.6964841, 0.007607639, -0.060548887, -0.71497256), (0.7416551, -0.0007562041, 0.06607312, 0.6675189), (0.8107296, 0.38486636, 0.43982288, -0.03392738), (0.98122185, 0.09314214, -0.07171312, 0.15292299), (0.9500608, 0.07306764, 0.0135203, 0.30308902), (0.95185196, -0.0045842826, 0.0044673383, 0.30649137), (-0.059711535, -0.994526, 0.009216292, -0.08525027), (0.99999994, -7.4505806e-8, 2.2351742e-8, 0), (0.99999994, -7.4505806e-8, 2.2351742e-8, 0), (0.99999994, -7.4505806e-8, 2.2351742e-8, 0), (0.9931326, 0.11428351, 0.020595863, 0.014246702), (0.99998045, 0.00043026358, -0.0035800189, 0.0051278695), (0.9999464, 0.0004561022, -0.010028422, 0.0025391057), (0.99546933, -0.007527654, -0.04383453, -0.084042266), (0.51130724, -0.487558, -0.4760391, -0.5236789), (0.47614557, -0.5227677, -0.51150304, -0.4882266), (1.0000011, 7.450581e-9, 0, -2.3283064e-10), (0.5115035, -0.48822585, -0.4761451, -0.52276814), (1.0000006, 1.4901161e-8, 3.7252903e-9, 4.656613e-10), (0.48282552, -0.5166035, -0.4828262, -0.51660436), (0.17541362, 0.7333863, 0.0799849, 0.6519027), (0.9540361, 0.031058073, -0.29797232, 0.0079340935), (0.6587535, -0.052196532, -0.25907534, 0.7044141), (0.9999999, 0, -1.1920929e-7, 0), (0.9999999, 0, -1.1920929e-7, 0), (0.9999999, 0, -1.1920929e-7, 0), (0.9999999, 0, -1.1920929e-7, 0), (0.77326787, 0.62022525, -0.12465435, -0.04287702), (0.99690497, 0.017127216, 0.050569534, -0.057702452), (0.7945898, -0.10645148, 0.093092114, 0.5904479), (0.7911383, -0.021715403, -0.017809499, 0.61099184), (-0.6905759, -0.04260081, 0.07365972, -0.71823645), (0.9993646, -0.01942709, 0.016084373, -0.025182247), (0.8231038, -0.12343037, 0.06523502, 0.55046314), (0.72306854, 0.02779594, -0.035430025, 0.689307), (-0.8221879, -0.022910506, 0.0499523, -0.5665572), (0.9999999, 0.000011444092, -2.9802322e-8, -5.9604645e-8), (0.98618585, -0.11568874, -0.0985454, 0.06589526), (0.8908001, 0.012538224, 0.22177777, 0.39639905), (-0.6994982, 0.013563335, -0.12637301, -0.70324075), (0.7380552, 0.03534265, 0.15993205, 0.65455854), (0.98953414, -0.13686374, -0.03924039, 0.02346176), (0.87655246, 0.049559027, 0.08804056, 0.4705829), (-0.6974478, 0.009793103, -0.060248036, -0.7140311), (0.74702203, -0.037512332, 0.09674877, 0.65665054), (0.81274754, 0.35898188, 0.45429188, -0.064747155), (0.98486453, 0.08521591, -0.06198564, 0.13761401), (0.9612206, 0.12650192, 0.034514487, 0.2426119), (0.96236455, -0.012159377, 0.005020529, 0.2714429), (0.994526, -0.059711695, -0.08524811, -0.009215027), (1, 5.9604645e-8, 0, 2.9802322e-8), (1, 5.9604645e-8, 0, 2.9802322e-8), (1, 5.9604645e-8, 0, 2.9802322e-8), (0.4776307, -0.5214111, -0.47763008, -0.5214105), (0.12810293, 0.027729604, 0.035957426, 0.99072087), (0.6296793, -0.04444205, 0.0971694, 0.7694719), (-0.015353739, 0.97824395, 0.20616072, -0.017340034), (0.000035136938, 0.7115277, 0.7026527, 0.0027136505), (0.9999976, 0.00016300846, 0.000082314014, 0.002143219), (0.99999905, 2.1979213e-7, -0.0000011622906, -0.0011719763), (0.5270916, -0.51509625, 0.49626768, 0.4588772), (0.99999887, 2.5890768e-7, 6.854534e-7, -0.0014618398), (0.9999745, -0.0071407976, 8.34465e-7, 1.5832484e-8), (0.99989796, -0.014281138, 0.000002026558, 5.96483e-8), (0.99976575, -0.02163716, 0.0000024735928, 9.639189e-8), (1, 1.4901161e-7, 5.5506825e-7, -2.2351742e-8), (1.0000001, -2.6077032e-8, 0.0000014789402, -1.15484e-7), (1, 5.401671e-7, 0.0000012591481, -7.4505806e-8), (0.9726552, -0.03790083, -0.0101147555, -0.22891667), (0.9192368, -0.003574594, 0.020909976, 0.39313293), (0.016295023, 0.9714477, -0.23501968, 0.028091043), (0.00039294362, 0.71996653, 0.694008, 0.00023773313), (0.99999154, -0.0000012158416, -0.00010344386, 0.003998832), (0.99999845, 2.4866313e-7, -0.000001209788, -0.0011719018), (-0.5150976, -0.5270923, -0.45887536, 0.4962666), (0.9999988, 3.6880374e-7, 5.066395e-7, -0.0014618095), (0.9999745, -0.007140722, 1.4901161e-8, 2.6077032e-8), (0.9998979, -0.014281069, 1.4901161e-8, -1.4901161e-8), (0.9997658, -0.02163697, 4.4703484e-8, 2.6077032e-8), (0.99999976, 2.135057e-7, -1.4901161e-8, 1.4901161e-8), (0.99999976, 3.585592e-8, 1.4901161e-8, -2.2351742e-8), (0.9999999, 7.1153045e-7, 0, 3.3527613e-8), (0.5000042, -0.499997, -0.50000274, -0.49999607), (0.5000042, -0.499997, -0.50000274, -0.49999607), (0.5000042, -0.499997, -0.50000274, -0.49999607), (0.5000042, -0.499997, -0.50000274, -0.49999607)],
                6: [(1, -0.00023644166, 0.0002060788, -0.00011127764), (0.46096528, 0.53269, 0.4732929, 0.5289107), (0.9982027, -0.038158663, -0.0076370984, 0.045577385), (0.99907696, -0.00845867, 0.006384298, 0.04163306), (0.9999179, -0.007739499, 0.0018625706, 0.010064043), (0.9993992, -0.028725617, -0.004416287, 0.018897131), (0.7034879, 0.09177843, -0.7047489, -0.0032975348), (0.8905434, 0.0124349, -0.43574828, 0.1300056), (0.6297676, -0.19679865, -0.10487001, 0.74408716), (1.0000004, 2.9802322e-8, -8.940697e-8, 0), (1.0000004, 2.9802322e-8, -8.940697e-8, 0), (1.0000004, 2.9802322e-8, -8.940697e-8, 0), (1.0000004, 2.9802322e-8, -8.940697e-8, 0), (0.6896462, 0.7192002, 0.075647265, 0.037651688), (0.99679315, 0.020258456, 0.053980738, -0.055500835), (0.82996917, 0.008466333, 0.029765934, 0.5569511), (0.78879416, -0.02175498, -0.01888159, 0.6139829), (-0.68866825, -0.024214685, 0.057012558, -0.72242665), (0.9993442, -0.020467907, 0.019475907, -0.022673815), (0.85528713, -0.01816076, -0.013177931, 0.5176696), (0.72050744, 0.027607858, -0.036539495, 0.6919346), (-0.82130575, -0.025387794, 0.050444096, -0.5676878), (1.0000007, -0.000011175871, 0.0000014305115, 0.0000023245811), (0.997276, 0.008696228, -0.04900703, 0.054446995), (0.8994216, -0.06151253, 0.15565142, 0.40377036), (-0.6984093, 0.011657745, -0.12700695, -0.7042432), (0.7399827, 0.03495264, 0.16032493, 0.65230423), (0.9892435, -0.13924518, -0.0362328, 0.026393563), (0.8755547, 0.09408024, 0.03496319, 0.47257984), (-0.69649905, 0.0075221956, -0.060459852, -0.7149673), (0.74165004, -0.00069746375, 0.06612387, 0.6675204), (0.81113636, 0.38498846, 0.43905556, -0.03275934), (0.9812453, 0.09354989, -0.07077524, 0.15296547), (0.9500686, 0.07307122, 0.013547152, 0.30306533), (0.95185506, -0.0045715924, 0.0044568777, 0.3064849), (-0.05971159, -0.9945267, 0.009216225, -0.08525033), (1.0000004, -7.4505806e-8, -7.450581e-9, 1.4901161e-8), (1.0000004, -7.4505806e-8, -7.450581e-9, 1.4901161e-8), (1.0000004, -7.4505806e-8, -7.450581e-9, 1.4901161e-8), (0.9974257, 0.061417513, 0.036095962, 0.0082301535), (1.0000001, -0.0006914288, 0.00012914836, 0.0002851328), (0.99997747, -0.0007052347, -0.006322518, -0.0022964226), (0.99633133, -0.018436706, -0.03823343, -0.074317925), (0.51130736, -0.4875581, -0.47603926, -0.523679), (0.47614574, -0.52276784, -0.5115032, -0.48822674), (1.0000014, 7.450581e-9, 0, -2.0918378e-10), (0.5115037, -0.48822603, -0.47614527, -0.52276826), (1.000001, 1.4901161e-8, 3.7252903e-9, 6.9849193e-10), (0.4828256, -0.5166037, -0.48282638, -0.51660454), (0.15912467, 0.7493027, 0.08347908, 0.63738245), (0.94311905, 0.03846103, -0.3253921, 0.05627942), (0.67070985, -0.088613436, -0.20000482, 0.7087271), (1, 0, -8.940697e-8, 0), (1, 0, -8.940697e-8, 0), (1, 0, -8.940697e-8, 0), (1, 0, -8.940697e-8, 0), (0.7444872, 0.64758766, -0.12674296, -0.101514995), (0.9968043, 0.018277466, 0.050817907, -0.058862507), (0.7945994, -0.10643178, 0.09310961, 0.5904362), (0.79113674, -0.0217942, -0.017809376, 0.61099136), (-0.69056153, -0.042622447, 0.073806405, -0.71823436), (0.99935085, -0.018307745, 0.016338736, -0.0263803), (0.82310706, -0.12340921, 0.06526068, 0.55046016), (0.72307634, 0.027705193, -0.035426248, 0.68930304), (-0.82217455, -0.022943974, 0.050111085, -0.5665616), (1, 0.000011444092, -2.9802322e-8, -1.1920929e-7), (0.9864148, -0.114714116, -0.09826887, 0.06457487), (0.89079154, 0.012541294, 0.2216875, 0.3964689), (-0.6995072, 0.013371885, -0.12640105, -0.7032306), (0.7380623, 0.03532663, 0.16002986, 0.6545275), (0.9897212, -0.1358099, -0.038901925, 0.022231936), (0.8765492, 0.049559653, 0.08798984, 0.4705984), (-0.69745064, 0.009625018, -0.060259707, -0.71402955), (0.74702144, -0.0375216, 0.09685066, 0.6566359), (0.811696, 0.36045823, 0.45502687, -0.06457764), (0.98480576, 0.08524056, -0.06322548, 0.1374573), (0.96122354, 0.12648393, 0.034499973, 0.24261269), (0.962368, -0.012161553, 0.0050055087, 0.2714306), (0.99452615, -0.059711665, -0.08524814, -0.009215087), (1, 5.9604645e-8, 0, 0), (1, 5.9604645e-8, 0, 0), (1, 5.9604645e-8, 0, 0), (0.47763082, -0.52141124, -0.4776302, -0.5214106), (0.24935113, 0.041415308, 0.0230968, 0.9672516), (0.6145934, -0.025544902, 0.073138624, 0.7850309), (-0.027232438, 0.97573185, 0.21629503, -0.020558804), (0.000026136637, 0.7075994, 0.7066138, 0.0004905164), (0.99999374, 0.00004870817, -0.00003567338, 0.003529407), (0.9999992, 2.3841858e-7, -0.0000011324883, -0.00117198), (0.52709174, -0.5150964, 0.49626786, 0.4588774), (0.99999917, 2.6007183e-7, 7.1525574e-7, -0.0014618379), (0.99997485, -0.0071408027, 8.34465e-7, 1.5832484e-8), (0.9998982, -0.014281141, 0.0000019967556, 6.239861e-8), (0.9997661, -0.021637166, 0.0000024437904, 9.49949e-8), (1.0000001, 1.3783574e-7, 5.5134296e-7, -5.5879354e-8), (1.0000001, -5.5879354e-8, 0.000001475215, -1.0058284e-7), (1.0000001, 5.5506825e-7, 0.0000012814999, -9.126961e-8), (0.99228114, -0.037683003, -0.012058676, -0.11753002), (0.93073076, -0.0068793315, 0.02509325, 0.36477926), (0.008722872, 0.95454395, -0.29678902, 0.02620545), (-0.00023037195, 0.7143772, 0.6997613, 0.00042784214), (0.9999939, 0.0000028070062, 0.00001052022, 0.0035897726), (0.9999993, 2.924353e-7, -0.0000012237579, -0.0011719018), (-0.515098, -0.52709264, -0.4588757, 0.49626696), (0.9999992, 3.6880374e-7, 5.662441e-7, -0.0014618337), (0.99997485, -0.0071407, -2.9802322e-8, 2.9802322e-8), (0.99989843, -0.014281116, 5.9604645e-8, 0), (0.99976635, -0.02163699, 2.9802322e-8, 2.9802322e-8), (1.0000002, 2.0582229e-7, -2.6077032e-8, 4.8428774e-8), (1.0000002, 4.1443855e-8, 1.8626451e-8, -1.8626451e-8), (1.0000005, 7.18981e-7, 4.8428774e-8, 2.4214387e-8), (0.5000043, -0.4999971, -0.50000286, -0.49999622), (0.5000043, -0.4999971, -0.50000286, -0.49999622), (0.5000043, -0.4999971, -0.50000286, -0.49999622), (0.5000043, -0.4999971, -0.50000286, -0.49999622)],
                7: [(0.9999998, 0.000046898123, -0.00018128128, -0.0005776804), (0.47650725, 0.54534686, 0.46034747, 0.5134372), (0.9990101, -0.008623901, 0.014539503, 0.04114589), (0.9992024, 0.013398115, 0.004357107, 0.037359845), (0.9998696, 0.013168753, -0.00250116, 0.008974692), (0.9995052, 0.010388463, -0.011698246, 0.027272899), (0.6871231, 0.11964074, -0.71552014, -0.039720517), (0.9344303, 0.01990357, -0.3481031, 0.07257256), (0.6238925, -0.17017436, -0.16948198, 0.7436889), (0.9999993, 2.9802322e-8, -8.940697e-8, 1.4901161e-8), (0.9999993, 2.9802322e-8, -8.940697e-8, 1.4901161e-8), (0.9999993, 2.9802322e-8, -8.940697e-8, 1.4901161e-8), (0.9999993, 2.9802322e-8, -8.940697e-8, 1.4901161e-8), (0.65937495, 0.75079846, -0.037555933, 0.010722309), (0.9968443, 0.019473761, 0.05314657, -0.05565104), (0.82997483, 0.00845167, 0.029777586, 0.55694044), (0.78870803, -0.021778554, -0.018960774, 0.6140885), (-0.6888699, -0.02433607, 0.057040185, -0.7222264), (0.99933827, -0.021276593, 0.01866883, -0.022830933), (0.85528475, -0.01818943, -0.013149828, 0.5176713), (0.72041667, 0.027565211, -0.036647886, 0.6920233), (-0.82146657, -0.025533557, 0.05047092, -0.56744385), (0.9999999, -0.000011146069, 0.0000013709068, 0.0000023245811), (0.99725187, 0.007804811, -0.0497379, 0.05434525), (0.89938897, -0.06145513, 0.1556327, 0.4038571), (-0.69850945, 0.011643499, -0.12713301, -0.7041204), (0.7399399, 0.034836084, 0.1603505, 0.6523517), (0.9891025, -0.14008039, -0.03697908, 0.026192337), (0.87551725, 0.09410739, 0.03498432, 0.4726407), (-0.6966066, 0.007526964, -0.060583785, -0.71485096), (0.7415998, -0.00081574917, 0.066144556, 0.667573), (0.8113073, 0.3847948, 0.4389478, -0.032209665), (0.98127353, 0.09317642, -0.07172218, 0.15256305), (0.9500659, 0.07306117, 0.013495594, 0.30307463), (0.95185614, -0.004598709, 0.004454151, 0.30647737), (-0.05971158, -0.9945258, 0.009216234, -0.08525024), (0.99999934, -8.940697e-8, -1.4901161e-8, 0), (0.99999934, -8.940697e-8, -1.4901161e-8, 0), (0.99999934, -8.940697e-8, -1.4901161e-8, 0), (0.9988303, -0.02410619, 0.03629729, 0.020945787), (0.99999934, -0.0003859708, 0.000655517, 0.00006361259), (0.9999796, -0.0004013162, -0.0057951957, -0.0025192313), (0.99681866, -0.021871503, -0.008568466, -0.07615951), (0.51130694, -0.48755774, -0.47603884, -0.5236786), (0.4761453, -0.5227674, -0.51150274, -0.4882263), (1.0000005, 1.4901161e-8, 7.450581e-9, -2.3283064e-10), (0.5115033, -0.48822564, -0.47614488, -0.52276784), (1.0000001, 1.4901161e-8, 3.7252903e-9, 0), (0.48282525, -0.5166033, -0.48282596, -0.5166041), (0.14656012, 0.7481619, 0.09269178, 0.64045393), (0.9190312, 0.04371661, -0.3746973, 0.11433065), (0.6808565, -0.10788577, -0.13768765, 0.7112216), (0.9999994, 1.4901161e-8, -8.940697e-8, -1.4901161e-8), (0.9999994, 1.4901161e-8, -8.940697e-8, -1.4901161e-8), (0.9999994, 1.4901161e-8, -8.940697e-8, -1.4901161e-8), (0.9999994, 1.4901161e-8, -8.940697e-8, -1.4901161e-8), (0.6938909, 0.6988821, -0.03704241, -0.16942808), (0.9967487, 0.017920822, 0.05089429, -0.059827298), (0.7945607, -0.10649368, 0.093126446, 0.59047294), (0.7911357, -0.021762371, -0.017834086, 0.6109919), (-0.6905688, -0.042659372, 0.073732674, -0.7182317), (0.9993155, -0.018696994, 0.016464293, -0.027322471), (0.8230727, -0.12346771, 0.06526902, 0.5504959), (0.723071, 0.027741492, -0.035456695, 0.68930435), (-0.8221833, -0.02297917, 0.05002591, -0.5665537), (0.9999993, 0.000011473894, 0, -8.940697e-8), (0.9864378, -0.11520144, -0.09801677, 0.063723505), (0.89078164, 0.01253587, 0.22172114, 0.39647093), (-0.6995078, 0.013471872, -0.126456, -0.7032175), (0.7380551, 0.03529626, 0.15998077, 0.6545485), (0.98969054, -0.13624585, -0.038641065, 0.021342099), (0.87653077, 0.049537808, 0.088014334, 0.47062945), (-0.6974547, 0.009711176, -0.06031286, -0.7140193), (0.74701667, -0.03755319, 0.096799284, 0.65664625), (0.81017435, 0.36069906, 0.45757926, -0.06429654), (0.9845801, 0.084774815, -0.0666213, 0.1377542), (0.9612197, 0.12647955, 0.034487337, 0.2426309), (0.9623667, -0.012165355, 0.0050169826, 0.2714347), (0.9945256, -0.059711665, -0.08524811, -0.009215087), (0.9999995, 5.9604645e-8, -1.4901161e-8, -3.7252903e-9), (0.9999995, 5.9604645e-8, -1.4901161e-8, -3.7252903e-9), (0.9999995, 5.9604645e-8, -1.4901161e-8, -3.7252903e-9), (0.47763053, -0.5214109, -0.47762987, -0.5214103), (0.314026, 0.045249455, 0.012806207, 0.948249), (0.6775044, -0.02649182, 0.026705787, 0.7345562), (-0.03811875, 0.984516, 0.16457607, -0.046799183), (0.00015097857, 0.7070288, 0.7071849, 0.00012496114), (0.99999297, 0.000007882714, -0.000006504357, 0.00375247), (0.99999917, 2.3841858e-7, -0.0000011920929, -0.0011719875), (0.5270917, -0.51509637, 0.4962678, 0.45887733), (0.99999905, 2.6868656e-7, 6.854534e-7, -0.0014618356), (0.99997467, -0.007140817, 8.6426735e-7, 1.6763806e-8), (0.9998981, -0.014281137, 0.000002026558, 7.4505806e-8), (0.99976593, -0.021637157, 0.0000024437904, 8.940697e-8), (1, 1.4714897e-7, 5.5134296e-7, -4.5634806e-8), (1, -5.029142e-8, 0.0000014603138, -1.1175871e-7), (1, 5.5879354e-7, 0.0000013560057, -7.7299774e-8), (0.99774694, -0.0105919065, 0.035000354, 0.056248434), (0.9805268, -0.032829404, 0.017430231, 0.19283575), (-0.0027936697, 0.97149634, -0.23553509, 0.026651591), (-0.0044542253, 0.6726157, 0.73997754, -0.0011340976), (0.9999933, 0.000029984862, -0.0000052154064, 0.0036033094), (0.9999988, 2.4028122e-7, -0.0000012144446, -0.001171913), (-0.51509774, -0.5270924, -0.45887554, 0.49626675), (0.9999989, 3.380701e-7, 5.662441e-7, -0.00146183), (0.9999747, -0.007140698, -2.9802322e-8, 4.4703484e-8), (0.9998981, -0.014281111, 0, -2.9802322e-8), (0.99976605, -0.021636996, 2.9802322e-8, -2.2351742e-8), (0.99999994, 2.1699816e-7, -1.4901161e-8, -2.188608e-8), (1, 0, -7.4505806e-8, -1.1175871e-8), (1, 7.1618706e-7, 3.7252903e-8, 4.656613e-10), (0.5000042, -0.49999702, -0.5000027, -0.49999604), (0.5000042, -0.49999702, -0.5000027, -0.49999604), (0.5000042, -0.49999702, -0.5000027, -0.49999604), (0.5000042, -0.49999702, -0.5000027, -0.49999604)],
                8: [(0.99999994, 0.00019335921, -0.00021645155, -0.00031261944), (0.47217214, 0.5533488, 0.45597416, 0.51278293), (0.99935734, 0.0136657525, 0.015918322, 0.029069379), (0.99918014, 0.030388094, 0.002959475, 0.026597004), (0.9994718, 0.029885462, -0.0048786253, 0.011815928), (0.99854016, 0.03887243, -0.0035290122, 0.037341252), (0.6707078, 0.120173484, -0.7281573, -0.07413819), (0.9535388, 0.02568844, -0.29890597, 0.027557194), (0.6485008, -0.12756996, -0.2086467, 0.72086024), (1.0000001, 4.4703484e-8, -5.9604645e-8, 0), (1.0000001, 4.4703484e-8, -5.9604645e-8, 0), (1.0000001, 4.4703484e-8, -5.9604645e-8, 0), (1.0000001, 4.4703484e-8, -5.9604645e-8, 0), (0.6323266, 0.766575, -0.110110104, -0.020058662), (0.9968386, 0.019607097, 0.0519661, -0.05682248), (0.82997686, 0.0084525645, 0.02977556, 0.5569393), (0.7887165, -0.021758378, -0.018951774, 0.61408013), (-0.6888531, -0.024316281, 0.057008117, -0.7222469), (0.99933195, -0.021223158, 0.017534554, -0.024051607), (0.8552879, -0.01818797, -0.013153106, 0.51766723), (0.7204255, 0.027589604, -0.036640145, 0.69201446), (-0.82145107, -0.025514811, 0.050435662, -0.5674714), (1.0000006, -0.000011175871, 0.0000014007092, 0.0000023245811), (0.99725765, 0.007689446, -0.050911516, 0.053168476), (0.8994026, -0.061443537, 0.15565382, 0.40382144), (-0.69847965, 0.011683047, -0.12714285, -0.704148), (0.73995316, 0.034838647, 0.16032442, 0.65234345), (0.98909044, -0.1401518, -0.037959635, 0.024848104), (0.87553024, 0.0941197, 0.034994602, 0.47261447), (-0.6965749, 0.0075547695, -0.060593225, -0.71488154), (0.74161494, -0.0008145273, 0.06612226, 0.66755944), (0.81106687, 0.38510007, 0.43909484, -0.032636374), (0.98105747, 0.09301044, -0.07322416, 0.153345), (0.9500638, 0.073061496, 0.013486117, 0.30308446), (0.951856, -0.004597433, 0.0044583157, 0.30648047), (-0.0597116, -0.9945265, 0.009216278, -0.08525033), (1.0000004, -5.9604645e-8, 0, 0), (1.0000004, -5.9604645e-8, 0, 0), (1.0000004, -5.9604645e-8, 0, 0), (0.9950183, -0.092482194, 0.013742313, 0.034599997), (1, -0.00033569895, 0.0005362779, -0.00003531389), (0.9999792, -0.00035137776, -0.005914405, -0.0026184674), (0.9961772, -0.021594403, 0.024536565, -0.08101307), (0.5113072, -0.48755792, -0.47603908, -0.5236788), (0.47614554, -0.5227676, -0.51150304, -0.48822653), (1.000001, 7.450581e-9, 3.7252903e-9, -4.656613e-10), (0.5115035, -0.48822588, -0.4761451, -0.52276814), (1.0000007, 1.4901161e-8, 3.7252903e-9, 4.656613e-10), (0.48282552, -0.5166035, -0.4828262, -0.51660436), (0.11801198, 0.73299134, 0.06566945, 0.6666967), (0.8992001, 0.03503406, -0.39810497, 0.17811316), (0.6773958, -0.18299398, -0.037834823, 0.711489), (1, 0, -8.940697e-8, 0), (1, 0, -8.940697e-8, 0), (1, 0, -8.940697e-8, 0), (1, 0, -8.940697e-8, 0), (0.63046575, 0.7503907, 0.06754279, -0.18672132), (0.9967526, 0.017863661, 0.05122435, -0.059510022), (0.7945521, -0.10649499, 0.09311861, 0.5904872), (0.7911373, -0.021773845, -0.017849326, 0.6109904), (-0.6905667, -0.042684704, 0.073750824, -0.7182314), (0.99931926, -0.018732786, 0.01678443, -0.026992708), (0.82306373, -0.12346971, 0.06525898, 0.5505115), (0.72307396, 0.027728379, -0.035473686, 0.6893021), (-0.82218164, -0.023007482, 0.050044656, -0.5665545), (1.0000001, 0.000011473894, -2.9802322e-8, -1.1920929e-7), (0.98644817, -0.11517063, -0.097724706, 0.06407726), (0.8907809, 0.0125383735, 0.22168168, 0.39649677), (-0.6995076, 0.0134394765, -0.12648305, -0.7032147), (0.73805976, 0.035274714, 0.15999365, 0.65454257), (0.9896939, -0.13624859, -0.038362265, 0.021708578), (0.87652576, 0.049548715, 0.0879876, 0.4706447), (-0.69745433, 0.009685874, -0.060341995, -0.714019), (0.7470193, -0.037575364, 0.096812904, 0.65664166), (0.81005585, 0.36057684, 0.4579131, -0.06410815), (0.9845929, 0.084722556, -0.066640496, 0.13768956), (0.96122146, 0.12649977, 0.034514874, 0.24261108), (0.96236795, -0.012165174, 0.0050160587, 0.27143177), (0.99452627, -0.059711725, -0.08524814, -0.009215027), (0.99999994, 5.9604645e-8, 1.8626451e-8, 1.4901161e-8), (0.99999994, 5.9604645e-8, 1.8626451e-8, 1.4901161e-8), (0.99999994, 5.9604645e-8, 1.8626451e-8, 1.4901161e-8), (0.47763082, -0.52141124, -0.47763014, -0.5214106), (0.35698724, 0.039118074, 0.001134932, 0.9332893), (0.7569598, -0.021438416, 0.005020097, 0.65309054), (-0.024663448, 0.99527764, 0.06861806, -0.064076215), (0.00012797117, 0.7068502, 0.70736325, -0.00013515353), (0.99999285, 0.000009622425, 0.0000056922436, 0.0037762374), (0.9999991, 2.4959445e-7, -0.0000011622906, -0.0011719767), (0.5270917, -0.5150963, 0.49626774, 0.4588773), (0.9999989, 2.59839e-7, 6.556511e-7, -0.0014618523), (0.9999746, -0.0071408125, 8.34465e-7, -3.7252903e-9), (0.9998981, -0.014281136, 0.000002026558, 7.4505806e-8), (0.9997659, -0.02163718, 0.0000024735928, 7.0780516e-8), (1.0000001, 1.2759119e-7, 5.066395e-7, -7.636845e-8), (1.0000001, -4.0978193e-8, 0.0000014603138, -9.406358e-8), (1, 5.3923577e-7, 0.0000012814999, -4.9360096e-8), (0.9894366, 0.013520454, 0.04605329, 0.1367906), (0.99016535, -0.059057303, 0.012918323, 0.12616742), (-0.009894893, 0.99973637, 0.0006806897, 0.020709872), (0.0036889017, 0.47892618, 0.87784564, 0.0016403794), (0.999996, 0.000054672826, -0.000026613474, 0.0027939032), (0.9999987, 2.6077032e-7, -0.0000012218952, -0.0011719111), (-0.5150977, -0.52709234, -0.45887542, 0.49626666), (0.99999917, 3.593159e-7, 5.364418e-7, -0.0014618225), (0.99997485, -0.0071407435, 2.9802322e-8, 4.0978193e-8), (0.9998983, -0.014281079, 5.9604645e-8, -1.8626451e-8), (0.9997662, -0.021636963, 0, 1.1175871e-8), (1, 2.104789e-7, 1.4901161e-8, 9.313226e-9), (1.0000001, 1.4901161e-8, -4.4703484e-8, 7.450581e-9), (1.0000002, 7.6182187e-7, -1.4901161e-8, 2.0489097e-8), (0.5000042, -0.49999702, -0.50000274, -0.49999616), (0.5000042, -0.49999702, -0.50000274, -0.49999616), (0.5000042, -0.49999702, -0.50000274, -0.49999616), (0.5000042, -0.49999702, -0.50000274, -0.49999616)],
                9: [(1, -0.000019921114, -0.00022276556, -0.00013085986), (0.472439, 0.55491346, 0.4540248, 0.5125759), (0.9990345, 0.033102002, 0.01680018, 0.023498073), (0.9989924, 0.039928693, -0.00022703409, 0.020500246), (0.9991343, 0.039523955, -0.0076212287, 0.010529771), (0.99733144, 0.060992222, -0.008742064, 0.039168164), (0.6573628, 0.11978358, -0.73647046, -0.105535336), (0.9700045, 0.030935854, -0.24086365, -0.01091513), (0.6672025, -0.06382358, -0.24405539, 0.7008599), (1.0000001, 2.9802322e-8, -5.9604645e-8, 1.4901161e-8), (1.0000001, 2.9802322e-8, -5.9604645e-8, 1.4901161e-8), (1.0000001, 2.9802322e-8, -5.9604645e-8, 1.4901161e-8), (1.0000001, 2.9802322e-8, -5.9604645e-8, 1.4901161e-8), (0.6250442, 0.7688954, -0.13184835, -0.02713272), (0.9967569, 0.019125521, 0.051719338, -0.058614522), (0.8299874, 0.008461714, 0.029785126, 0.5569225), (0.7887113, -0.021745369, -0.018954292, 0.61408687), (-0.68886495, -0.024316445, 0.05698508, -0.7222371), (0.99927855, -0.021771058, 0.017379433, -0.025834858), (0.855299, -0.018183142, -0.013141647, 0.5176501), (0.7204217, 0.027604848, -0.036644787, 0.69201815), (-0.82145613, -0.025514215, 0.050411433, -0.5674669), (1.0000006, -0.000011175871, 0.0000014305115, 0.0000023245811), (0.9973453, 0.007010132, -0.0510806, 0.05142954), (0.8994081, -0.06143108, 0.1556957, 0.4037958), (-0.6984649, 0.011725068, -0.1271401, -0.7041632), (0.7399614, 0.03484185, 0.1602985, 0.65234107), (0.9890444, -0.14079878, -0.03787443, 0.023096293), (0.8755456, 0.09412891, 0.03502655, 0.47258213), (-0.69655186, 0.007587105, -0.06059274, -0.714904), (0.74162436, -0.0008147359, 0.06609854, 0.6675515), (0.8103381, 0.38609767, 0.439606, -0.0320639), (0.981102, 0.092618205, -0.0757021, 0.15208668), (0.9500761, 0.07304578, 0.013449401, 0.30304992), (0.9518546, -0.004598161, 0.0044622533, 0.30648372), (-0.059711628, -0.9945265, 0.00921625, -0.08525035), (1.0000002, -1.1920929e-7, -2.9802322e-8, 0), (1.0000002, -1.1920929e-7, -2.9802322e-8, 0), (1.0000002, -1.1920929e-7, -2.9802322e-8, 0), (0.9894934, -0.13677023, 0.015096024, 0.044377588), (0.99999195, -0.0006359853, 0.002372533, 0.0032717958), (0.9999915, -0.00063400157, -0.0040790737, 0.00069029257), (0.9955984, -0.021491304, 0.04393217, -0.07995324), (0.5113071, -0.48755786, -0.47603905, -0.5236788), (0.47614548, -0.5227676, -0.5115029, -0.4882265), (1.000001, 7.450581e-9, 3.7252903e-9, -4.656613e-10), (0.51150346, -0.48822576, -0.476145, -0.52276796), (1.0000004, 1.4901161e-8, 3.7252903e-9, 0), (0.4828255, -0.51660347, -0.4828261, -0.5166043), (0.079332076, 0.7201517, 0.038656145, 0.68818164), (0.8832953, 0.024424314, -0.41407531, 0.21848279), (0.6512771, -0.23609567, 0.055221945, 0.7190603), (1.0000001, 0, -8.940697e-8, 1.4901161e-8), (1.0000001, 0, -8.940697e-8, 1.4901161e-8), (1.0000001, 0, -8.940697e-8, 1.4901161e-8), (1.0000001, 0, -8.940697e-8, 1.4901161e-8), (0.59523755, 0.77851135, 0.113571584, -0.16344401), (0.99675584, 0.016973436, 0.052259147, -0.05881104), (0.79456854, -0.10647538, 0.09313512, 0.5904655), (0.79113835, -0.021757305, -0.01784676, 0.6109892), (-0.6905682, -0.042675287, 0.07372567, -0.71823263), (0.99930567, -0.019562453, 0.01781997, -0.026225746), (0.82307947, -0.123452455, 0.06527838, 0.5504892), (0.7230736, 0.027747095, -0.03547079, 0.6893016), (-0.822183, -0.02299571, 0.050017864, -0.5665554), (1, 0.000011473894, -2.9802322e-8, -1.4901161e-7), (0.9864115, -0.11580384, -0.096710145, 0.065032065), (0.89078337, 0.012558013, 0.22173241, 0.3964622), (-0.69950616, 0.013474107, -0.12647031, -0.7032176), (0.73805916, 0.035284072, 0.15997547, 0.65454715), (0.9896097, -0.1369755, -0.03738925, 0.022637993), (0.87653434, 0.04956615, 0.088027656, 0.47061855), (-0.69745326, 0.009714752, -0.060331054, -0.71402), (0.7470199, -0.03756714, 0.09679443, 0.6566435), (0.81093013, 0.3604839, 0.45655352, -0.06326637), (0.9850281, 0.08476763, -0.064831674, 0.13539371), (0.9612308, 0.12651458, 0.034531236, 0.24256445), (0.9623674, -0.012165219, 0.005018443, 0.2714337), (0.99452615, -0.059711695, -0.0852482, -0.009215057), (1.0000001, 5.9604645e-8, 0, 2.9802322e-8), (1.0000001, 5.9604645e-8, 0, 2.9802322e-8), (1.0000001, 5.9604645e-8, 0, 2.9802322e-8), (0.47763082, -0.52141124, -0.47763017, -0.5214106), (0.35048473, 0.036401287, -0.0125594735, 0.93577653), (0.85547775, -0.008110408, -0.004568249, 0.51775575), (0.008532226, 0.9953264, -0.061834723, -0.073679835), (0.00010174513, 0.70664656, 0.7075665, -0.00037515163), (0.9999927, 0.000010482967, 0.000016599894, 0.003793843), (0.999999, 2.4214387e-7, -0.0000011622906, -0.0011720024), (0.5270916, -0.51509625, 0.49626774, 0.45887727), (0.99999875, 2.4586916e-7, 6.7055225e-7, -0.00146183), (0.9999745, -0.007140815, 8.34465e-7, 2.6077032e-8), (0.99989784, -0.014281157, 0.0000019967556, 7.8231096e-8), (0.9997657, -0.021637151, 0.0000024735928, 8.568168e-8), (1.0000001, 1.4039688e-7, 5.066395e-7, -7.4505806e-8), (1, -4.9592927e-8, 0.0000014901161, -8.754432e-8), (0.99999994, 5.7555735e-7, 0.0000013113022, -8.195639e-8), (0.977334, 0.035270166, 0.05188012, 0.20219457), (0.9947945, -0.08016643, 0.010682344, 0.061993036), (-0.025568247, 0.95185137, 0.3053127, -0.010456771), (0.0022426844, 0.4198508, 0.9075732, 0.0055357665), (0.999995, 0.000043245032, 0.000074118376, 0.0030731931), (0.99999875, 2.5331974e-7, -0.0000012516975, -0.0011719046), (-0.5150977, -0.52709234, -0.45887542, 0.49626675), (0.99999905, 3.2410026e-7, 5.066395e-7, -0.00146183), (0.9999747, -0.007140722, 0, 4.0978193e-8), (0.9998982, -0.014281111, 5.9604645e-8, -1.1175871e-8), (0.9997661, -0.021636995, 0, 0), (0.99999976, 2.30968e-7, -2.9802322e-8, -7.450581e-9), (0.9999999, 4.8428774e-8, -2.9802322e-8, 0), (0.9999999, 7.3201954e-7, 2.9802322e-8, 2.2351742e-8), (0.5000042, -0.49999702, -0.5000027, -0.49999616), (0.5000042, -0.49999702, -0.5000027, -0.49999616), (0.5000042, -0.49999702, -0.5000027, -0.49999616), (0.5000042, -0.49999702, -0.5000027, -0.49999616)],
                10: [(1, -0.000057085148, -0.00007092929, -0.0000215102), (0.4656526, 0.55933595, 0.45568633, 0.5125045), (0.99896175, 0.035878405, 0.01882375, 0.02082701), (0.99889904, 0.04333116, -0.0049503893, 0.017287523), (0.99899447, 0.04309144, -0.008148253, 0.0093428865), (0.9968344, 0.070542306, -0.0066999346, 0.03606257), (0.65440905, 0.10491112, -0.7358446, -0.1388351), (0.9754562, 0.024537146, -0.21633711, -0.032884985), (0.65267104, -0.034685194, -0.28645903, 0.70054173), (1, 2.9802322e-8, -2.9802322e-8, 0), (1, 2.9802322e-8, -2.9802322e-8, 0), (1, 2.9802322e-8, -2.9802322e-8, 0), (1, 2.9802322e-8, -2.9802322e-8, 0), (0.6453799, 0.7521838, -0.13299112, 0.004247457), (0.9967617, 0.019545704, 0.052422106, -0.057762057), (0.8299873, 0.0084973425, 0.029758781, 0.5569235), (0.7887037, -0.021741435, -0.018961512, 0.6140969), (-0.6888794, -0.02432248, 0.05697781, -0.72222424), (0.99929875, -0.021298409, 0.018033981, -0.024973452), (0.8553002, -0.01815091, -0.0131697655, 0.5176477), (0.720415, 0.027610093, -0.03665342, 0.6920239), (-0.82146263, -0.025518104, 0.050403148, -0.56745744), (1.0000004, -0.000011205673, 0.0000014305115, 0.0000023245811), (0.9973316, 0.0075922757, -0.05045387, 0.0522196), (0.8994045, -0.061393857, 0.15569715, 0.40380794), (-0.6984572, 0.011759579, -0.12712966, -0.7041713), (0.7399682, 0.034846023, 0.16027802, 0.652337), (0.98912024, -0.14025171, -0.037351727, 0.024000347), (0.8755512, 0.09416081, 0.03501177, 0.47256577), (-0.6965329, 0.0076130927, -0.06058427, -0.71492225), (0.74163175, -0.0008133203, 0.06608021, 0.6675443), (0.8107695, 0.38549513, 0.43921977, -0.033655465), (0.98104656, 0.09292847, -0.07331887, 0.15341541), (0.95006216, 0.07308809, 0.013494432, 0.30308127), (0.95185316, -0.0045971945, 0.004466139, 0.3064882), (-0.059711587, -0.99452627, 0.0092162825, -0.08525031), (1.0000001, -8.940697e-8, 2.9802322e-8, 0), (1.0000001, -8.940697e-8, 2.9802322e-8, 0), (1.0000001, -8.940697e-8, 2.9802322e-8, 0), (0.9871025, -0.15428397, 0.014898136, 0.04004299), (0.9999257, -0.0012559518, 0.005599603, 0.0107763335), (0.99996537, -0.0012134705, -0.0008531362, 0.008198734), (0.9956707, -0.022643311, 0.04527442, -0.077961996), (0.5113072, -0.487558, -0.4760391, -0.5236789), (0.47614557, -0.52276766, -0.51150304, -0.4882266), (1.0000011, 0, 4.656613e-9, -9.313226e-10), (0.5115035, -0.48822588, -0.4761451, -0.52276814), (1.0000006, 1.4901161e-8, 3.7252903e-9, 9.313226e-10), (0.48282558, -0.5166035, -0.48282623, -0.5166044), (0.048542537, 0.70159155, 0.033139765, 0.7101512), (0.8711024, 0.018549532, -0.42743635, 0.24111143), (0.62140405, -0.25827205, 0.10229778, 0.7325898), (0.9999999, 0, -5.9604645e-8, 0), (0.9999999, 0, -5.9604645e-8, 0), (0.9999999, 0, -5.9604645e-8, 0), (0.9999999, 0, -5.9604645e-8, 0), (0.6297944, 0.76281315, 0.11884925, -0.08573133), (0.99674314, 0.015951037, 0.053308457, -0.05837059), (0.79459417, -0.10644677, 0.09310913, 0.5904408), (0.7911406, -0.021733224, -0.017841533, 0.6109877), (-0.69057095, -0.042658985, 0.07368669, -0.71823555), (0.9992801, -0.020532727, 0.01888439, -0.025713474), (0.82310534, -0.12342596, 0.06525561, 0.55045915), (0.7230734, 0.027775347, -0.035465494, 0.6893008), (-0.8221847, -0.022976488, 0.049975127, -0.56655705), (1, 0.000011503696, -2.9802322e-8, -1.1920929e-7), (0.9863744, -0.11660051, -0.095633626, 0.06575832), (0.89079857, 0.012597561, 0.2217645, 0.39640775), (-0.69950414, 0.013536751, -0.12645653, -0.70322), (0.7380581, 0.03529671, 0.15994379, 0.65455425), (0.9895105, -0.13785356, -0.03635004, 0.023326904), (0.87655354, 0.049595475, 0.08803859, 0.4705777), (-0.6974506, 0.00976643, -0.06031683, -0.7140231), (0.7470223, -0.03755486, 0.09676272, 0.65664625), (0.81163865, 0.35999432, 0.45568618, -0.06322083), (0.985328, 0.08489267, -0.063236475, 0.13387698), (0.96121854, 0.12650517, 0.03451559, 0.24261883), (0.96236545, -0.012167081, 0.0050221384, 0.27143955), (0.99452615, -0.059711725, -0.08524811, -0.009215057), (1, 5.9604645e-8, -1.4901161e-8, 2.9802322e-8), (1, 5.9604645e-8, -1.4901161e-8, 2.9802322e-8), (1, 5.9604645e-8, -1.4901161e-8, 2.9802322e-8), (0.47763073, -0.5214112, -0.4776301, -0.5214105), (0.29602113, 0.022987215, -0.016379386, 0.95476407), (0.95619726, -0.003772771, -0.0020394474, 0.2926908), (0.03993281, 0.99078727, -0.11813362, -0.052818924), (0.0019300878, 0.67543626, 0.737412, 0.0022412837), (0.9999934, -0.000015649945, 0.000005364418, 0.0035372116), (0.9999988, 2.5704503e-7, -0.0000011511147, -0.0011719838), (0.5270915, -0.5150961, 0.49626753, 0.4588772), (0.9999987, 2.5518239e-7, 7.0780516e-7, -0.0014618635), (0.9999743, -0.0071408087, 8.121133e-7, -7.450581e-9), (0.99989784, -0.014281128, 0.0000020042062, 8.195639e-8), (0.99976563, -0.021637153, 0.0000024810433, 1.0803342e-7), (0.9999999, 1.3317913e-7, 5.364418e-7, -5.5879354e-8), (0.99999976, -2.561137e-8, 0.0000014603138, -1.2293458e-7), (0.9999997, 5.653128e-7, 0.0000012814999, -8.195639e-8), (0.9700904, 0.04072695, 0.058303684, 0.23209116), (0.99435514, -0.092707545, 0.010933012, 0.050429635), (-0.030354634, 0.9376682, 0.34521538, -0.02612248), (0.0013341904, 0.6678762, 0.74425936, 0.004075706), (0.9999871, 0.00004435703, -0.00012844801, 0.0049736463), (0.99999833, 2.5331974e-7, -0.0000012516975, -0.0011719074), (-0.5150975, -0.52709216, -0.45887524, 0.4962666), (0.9999985, 3.078021e-7, 5.662441e-7, -0.0014618486), (0.99997425, -0.0071407044, 2.9802322e-8, 4.0978193e-8), (0.9998977, -0.0142811, 8.940697e-8, -1.1175871e-8), (0.9997657, -0.021636996, 0, 1.4901161e-8), (0.9999997, 2.1606684e-7, 0, 1.8626451e-8), (0.99999976, 4.8428774e-8, -5.9604645e-8, 0), (0.9999999, 7.264316e-7, -2.9802322e-8, 2.2351742e-8), (0.5000041, -0.499997, -0.5000027, -0.49999607), (0.5000041, -0.499997, -0.5000027, -0.49999607), (0.5000041, -0.499997, -0.5000027, -0.49999607), (0.5000041, -0.499997, -0.5000027, -0.49999607)],
                11: [(1, -0.000035878304, -0.00010639944, -0.000021574873), (0.46159977, 0.5575242, 0.4560123, 0.5178274), (0.9988644, 0.040119946, 0.0145499855, 0.02117887), (0.9988757, 0.04385186, -0.0076325685, 0.016314954), (0.99898505, 0.043544006, -0.008487709, 0.0078028142), (0.99677306, 0.07388141, -0.0053364187, 0.03093578), (0.66668946, 0.09650245, -0.72043043, -0.16490264), (0.9752808, 0.023227662, -0.2132689, -0.052957237), (0.6539106, 0.0024753362, -0.3179323, 0.6865232), (1.0000002, 1.4901161e-8, -2.9802322e-8, 7.450581e-9), (1.0000002, 1.4901161e-8, -2.9802322e-8, 7.450581e-9), (1.0000002, 1.4901161e-8, -2.9802322e-8, 7.450581e-9), (1.0000002, 1.4901161e-8, -2.9802322e-8, 7.450581e-9), (0.69326586, 0.7104562, -0.11629939, 0.03330806), (0.99677205, 0.01937154, 0.05269614, -0.05739352), (0.8299837, 0.008501887, 0.029750258, 0.55692923), (0.7887059, -0.021741897, -0.018959906, 0.61409396), (-0.6888732, -0.024319232, 0.05697903, -0.72223014), (0.9993003, -0.021451592, 0.018297762, -0.024588317), (0.85529745, -0.018145412, -0.0131800175, 0.5176522), (0.7204174, 0.027610227, -0.03665083, 0.6920214), (-0.8214579, -0.025513977, 0.050403774, -0.56746405), (1.0000005, -0.000011175871, 0.0000014305115, 0.0000023245811), (0.99732643, 0.0074878335, -0.050167352, 0.052609593), (0.89940786, -0.061393827, 0.15568548, 0.40380535), (-0.69845355, 0.011759371, -0.12712514, -0.7041763), (0.739969, 0.034849107, 0.16027758, 0.6523365), (0.98910177, -0.14036906, -0.03712967, 0.024422288), (0.8755498, 0.09416406, 0.035001546, 0.47256875), (-0.6965317, 0.0076138675, -0.06057994, -0.714924), (0.74163294, -0.0008099377, 0.066079676, 0.6675433), (0.81097823, 0.3850646, 0.43918154, -0.03405562), (0.98104453, 0.09301603, -0.072638035, 0.15370086), (0.9500627, 0.0730917, 0.013496757, 0.30307934), (0.95185316, -0.0045954958, 0.004465878, 0.3064888), (-0.059711594, -0.9945264, 0.0092162695, -0.085250296), (1.0000002, -8.940697e-8, -2.9802322e-8, 0), (1.0000002, -8.940697e-8, -2.9802322e-8, 0), (1.0000002, -8.940697e-8, -2.9802322e-8, 0), (0.9865172, -0.15997961, 0.019176245, 0.028690293), (0.9998691, -0.0015892023, 0.0074636936, 0.014277961), (0.99993, -0.0015301993, 0.0010102391, 0.011702608), (0.9965251, -0.021336045, 0.037363723, -0.071322925), (0.5113071, -0.48755795, -0.47603908, -0.5236788), (0.47614557, -0.5227677, -0.511503, -0.48822656), (1.0000011, 0, 3.7252903e-9, 0), (0.51150346, -0.48822588, -0.4761451, -0.5227681), (1.0000005, 1.4901161e-8, 7.450581e-9, 0), (0.4828255, -0.5166035, -0.48282617, -0.51660424), (0.02549345, 0.6906289, 0.033760846, 0.7219712), (0.8674221, 0.014815867, -0.43705925, 0.23735885), (0.59453106, -0.26599234, 0.11112088, 0.7506223), (1.0000004, -1.4901161e-8, -5.9604645e-8, -1.4901161e-8), (1.0000004, -1.4901161e-8, -5.9604645e-8, -1.4901161e-8), (1.0000004, -1.4901161e-8, -5.9604645e-8, -1.4901161e-8), (1.0000004, -1.4901161e-8, -5.9604645e-8, -1.4901161e-8), (0.6762403, 0.7255065, 0.12693518, -0.015083462), (0.9967464, 0.015656054, 0.053943902, -0.057813734), (0.79458904, -0.1064377, 0.09310062, 0.59045094), (0.79113966, -0.021727145, -0.01783295, 0.61098963), (-0.6905731, -0.04264319, 0.07367861, -0.7182352), (0.99927807, -0.0207887, 0.019507438, -0.025124103), (0.82310206, -0.123414755, 0.065244734, 0.55046844), (0.72307163, 0.0277825, -0.035456046, 0.6893034), (-0.8221866, -0.022959173, 0.04996687, -0.56655633), (1.0000004, 0.000011473894, -5.9604645e-8, -8.940697e-8), (0.9863703, -0.116728514, -0.09505728, 0.0664306), (0.8907961, 0.01260519, 0.22176756, 0.39641288), (-0.6995046, 0.013552532, -0.12644073, -0.7032232), (0.73805684, 0.035308123, 0.15993676, 0.65455794), (0.9894886, -0.1380443, -0.03579077, 0.023997903), (0.8765488, 0.04960069, 0.08803636, 0.47058734), (-0.6974511, 0.009780079, -0.060300082, -0.7140246), (0.74702245, -0.03754279, 0.09675503, 0.6566488), (0.8121964, 0.35945442, 0.4550354, -0.06382266), (0.98543465, 0.08500842, -0.061523378, 0.13382058), (0.96121514, 0.12650874, 0.034524858, 0.24263121), (0.9623657, -0.01216656, 0.005022168, 0.2714403), (0.9945265, -0.059711725, -0.0852482, -0.009215087), (1.0000004, 5.9604645e-8, -1.4901161e-8, 5.9604645e-8), (1.0000004, 5.9604645e-8, -1.4901161e-8, 5.9604645e-8), (1.0000004, 5.9604645e-8, -1.4901161e-8, 5.9604645e-8), (0.47763082, -0.52141124, -0.4776302, -0.5214106), (0.21765578, 0.0057237903, -0.026914746, 0.97563773), (0.99984926, -0.004175063, 0.006250873, 0.01565845), (0.04571501, 0.9984345, -0.023761183, -0.02177903), (0.006363243, 0.5808599, 0.81391466, 0.010227948), (0.99999505, -0.000044733286, -0.000021398067, 0.0032211873), (0.99999917, 2.30968e-7, -0.0000011026859, -0.0011720061), (0.5270916, -0.51509637, 0.49626774, 0.45887735), (0.99999905, 2.682209e-7, 7.1525574e-7, -0.0014618412), (0.9999747, -0.0071408153, 8.1956387e-7, 1.1175871e-8), (0.99989814, -0.014281169, 0.0000020191073, 3.7252903e-8), (0.99976605, -0.021637142, 0.0000024959445, 9.685755e-8), (1.0000002, 1.6205013e-7, 5.066395e-7, -8.195639e-8), (1.0000001, -3.1664968e-8, 0.000001475215, -1.3411045e-7), (1, 5.643815e-7, 0.0000012665987, -1.0058284e-7), (0.9800847, 0.044009775, 0.045926705, 0.1881164), (0.97612107, -0.092944756, 0.03016308, 0.19400786), (-0.039009407, 0.9382333, 0.3431359, -0.021308243), (0.00756371, 0.81083584, 0.58522403, 0.0007888675), (0.9999889, -0.00009267405, -0.000023528934, 0.004696902), (0.9999988, 2.5331974e-7, -0.0000012218952, -0.0011719055), (-0.51509774, -0.52709234, -0.4588755, 0.49626678), (0.99999887, 3.320165e-7, 5.662441e-7, -0.001461817), (0.9999746, -0.007140722, -2.9802322e-8, 2.6077032e-8), (0.9998981, -0.014281062, 5.9604645e-8, 7.450581e-9), (0.9997659, -0.021636995, 2.9802322e-8, -3.7252903e-9), (0.9999999, 2.30968e-7, 0, -7.450581e-9), (1, 1.4901161e-8, -2.9802322e-8, -1.8626451e-8), (1, 7.636845e-7, 0, 1.4901161e-8), (0.50000423, -0.499997, -0.50000274, -0.49999613), (0.50000423, -0.499997, -0.50000274, -0.49999613), (0.50000423, -0.499997, -0.50000274, -0.49999613), (0.50000423, -0.499997, -0.50000274, -0.49999613)],
                12: [(1, 0.000090904316, 0.000033237022, -0.00006887655), (0.4592771, 0.5570967, 0.45200455, 0.52383167), (0.99865687, 0.044355534, 0.013029955, 0.023391828), (0.9989513, 0.041673005, -0.009732842, 0.016267933), (0.9991002, 0.041310508, -0.0073172376, 0.0061731637), (0.9971646, 0.07134505, -0.0016203225, 0.023864374), (0.6758826, 0.08620888, -0.70798916, -0.18574598), (0.9694164, 0.022256702, -0.23727286, -0.058631063), (0.6533604, 0.016409397, -0.33063644, 0.6808306), (1, 2.9802322e-8, -5.9604645e-8, 7.450581e-9), (1, 2.9802322e-8, -5.9604645e-8, 7.450581e-9), (1, 2.9802322e-8, -5.9604645e-8, 7.450581e-9), (1, 2.9802322e-8, -5.9604645e-8, 7.450581e-9), (0.7430855, 0.6605699, -0.098223224, 0.042706132), (0.9967897, 0.019471109, 0.052768677, -0.056983322), (0.82998395, 0.008506507, 0.029741108, 0.55692935), (0.7887052, -0.021735907, -0.01896161, 0.614095), (-0.68887424, -0.024319738, 0.056967646, -0.72222984), (0.9993118, -0.021336168, 0.018349707, -0.024179608), (0.85529816, -0.018140674, -0.013189107, 0.51765156), (0.7204167, 0.027615964, -0.036654472, 0.6920223), (-0.82145905, -0.025516897, 0.05039242, -0.56746423), (1.0000004, -0.000011175871, 0.0000014305115, 0.0000022947788), (0.9973069, 0.007633686, -0.050115794, 0.053006798), (0.89941126, -0.061378777, 0.155678, 0.40380317), (-0.69844925, 0.01176548, -0.12713876, -0.704178), (0.73997176, 0.03484261, 0.16027331, 0.6523348), (0.98911107, -0.14023063, -0.037132412, 0.024827272), (0.8755516, 0.09417623, 0.034991622, 0.47256374), (-0.69652706, 0.0076176524, -0.060592063, -0.7149278), (0.7416355, -0.000816375, 0.06607655, 0.6675415), (0.81115305, 0.38474065, 0.43910992, -0.034470677), (0.98099893, 0.09309922, -0.071953475, 0.15426204), (0.9500612, 0.07309836, 0.013500959, 0.3030817), (0.9518529, -0.0045958087, 0.004467249, 0.30648866), (-0.05971159, -0.99452627, 0.009216266, -0.08525033), (1, -8.940697e-8, 0, 0), (1, -8.940697e-8, 0, 0), (1, -8.940697e-8, 0, 0), (0.9867755, -0.1597808, 0.012495965, 0.024240747), (0.99987245, -0.0017072838, 0.008423403, 0.013458803), (0.9999374, -0.0016566887, 0.0019696355, 0.010884371), (0.996598, -0.014918761, 0.034937277, -0.0731372), (0.51130694, -0.4875577, -0.47603887, -0.52367866), (0.47614536, -0.5227674, -0.5115028, -0.48822635), (1.0000007, 7.450581e-9, 3.7252903e-9, -4.656613e-10), (0.5115033, -0.48822564, -0.47614488, -0.5227678), (1.0000001, 1.4901161e-8, 7.450581e-9, 9.313226e-10), (0.48282525, -0.5166033, -0.4828259, -0.5166041), (0.010160565, 0.6803785, 0.037559956, 0.7318266), (0.87021875, 0.01918444, -0.44581366, 0.20880656), (0.58264697, -0.26074857, 0.10018501, 0.7632131), (0.9999992, 0, -5.9604645e-8, -7.450581e-9), (0.9999992, 0, -5.9604645e-8, -7.450581e-9), (0.9999992, 0, -5.9604645e-8, -7.450581e-9), (0.9999992, 0, -5.9604645e-8, -7.450581e-9), (0.69440305, 0.70671594, 0.13376644, 0.02149582), (0.996752, 0.015829206, 0.054196417, -0.05741033), (0.79457927, -0.10644752, 0.09312181, 0.59045696), (0.79113644, -0.021731138, -0.017818585, 0.6109923), (-0.69057393, -0.042623162, 0.073687315, -0.7182333), (0.99928653, -0.020594537, 0.01973942, -0.024716616), (0.82309276, -0.123422295, 0.065264404, 0.5504761), (0.7230681, 0.02777806, -0.0354397, 0.68930614), (-0.8221861, -0.022937983, 0.049977988, -0.5665542), (0.99999917, 0.000011473894, -2.9802322e-8, -8.940697e-8), (0.9863894, -0.11646831, -0.09488344, 0.0668318), (0.8907856, 0.012577921, 0.22178209, 0.39642602), (-0.6995044, 0.01354152, -0.12641475, -0.70322657), (0.738053, 0.03532511, 0.15994468, 0.6545577), (0.98951507, -0.13781786, -0.035616696, 0.024416506), (0.8765396, 0.049575478, 0.08805242, 0.47060177), (-0.6974522, 0.009770691, -0.060273975, -0.7140242), (0.747019, -0.037525, 0.09676188, 0.65665096), (0.8122946, 0.35915104, 0.45505038, -0.06415367), (0.9854038, 0.08510627, -0.060839348, 0.1342887), (0.9612187, 0.12650323, 0.034529284, 0.24261427), (0.962365, -0.01216495, 0.005019784, 0.27143878), (0.9945254, -0.059711635, -0.08524808, -0.009215027), (0.9999993, 2.9802322e-8, -1.4901161e-8, 5.9604645e-8), (0.9999993, 2.9802322e-8, -1.4901161e-8, 5.9604645e-8), (0.9999993, 2.9802322e-8, -1.4901161e-8, 5.9604645e-8), (0.4776306, -0.521411, -0.47762987, -0.52141035), (0.19995679, 0.00796219, -0.034197897, 0.9791753), (0.9993163, -0.0033508725, 0.016946375, 0.032687765), (0.0058869934, 0.9996119, -0.026945377, 0.0038695335), (0.0025999546, 0.6323922, 0.77458215, 0.009758443), (0.99999213, -0.000050209463, -0.0000014901161, 0.0038374905), (0.9999988, 2.4959445e-7, -0.0000011771917, -0.00117198), (0.5270915, -0.51509625, 0.49626762, 0.4588772), (0.99999887, 3.0361116e-7, 7.0780516e-7, -0.0014618449), (0.9999745, -0.007140789, 8.419156e-7, 2.6077032e-8), (0.99989796, -0.014281146, 0.0000019744039, 7.4505806e-8), (0.99976575, -0.021637158, 0.0000024288893, 5.2154064e-8), (0.99999994, 1.7788261e-7, 5.5134296e-7, -2.9802322e-8), (1, -3.3527613e-8, 0.0000014901161, -1.2293458e-7), (0.99999994, 5.48549e-7, 0.0000013038516, -9.685755e-8), (0.9958942, 0.044220425, 0.019708611, 0.076489635), (0.889544, -0.07769963, 0.062122256, 0.44588673), (-0.032837063, 0.97003275, 0.24040651, -0.012752563), (0.012162, 0.7929739, 0.60912895, 0.0024394393), (0.99999255, -0.000022867694, -0.0000036507845, 0.0037834197), (0.9999987, 2.5331974e-7, -0.0000012218952, -0.0011719018), (-0.5150977, -0.52709234, -0.45887542, 0.4962667), (0.99999887, 3.3032848e-7, 5.364418e-7, -0.001461817), (0.9999746, -0.007140721, 2.9802322e-8, 2.2351742e-8), (0.9998981, -0.014281092, 8.940697e-8, -1.3038516e-8), (0.9997659, -0.021636987, 0, 5.5879354e-9), (0.99999976, 1.9650906e-7, -2.9802322e-8, 2.9802322e-8), (1, 1.4901161e-8, -4.4703484e-8, 3.7252903e-9), (1, 7.2456896e-7, 2.9802322e-8, 4.0978193e-8), (0.5000041, -0.49999696, -0.5000027, -0.49999607), (0.5000041, -0.49999696, -0.5000027, -0.49999607), (0.5000041, -0.49999696, -0.5000027, -0.49999607), (0.5000041, -0.49999696, -0.5000027, -0.49999607)],
                13: [(1, -0.0000035039652, -0.00011529303, -0.0000719551), (0.46035215, 0.5557022, 0.44838554, 0.52746695), (0.9983393, 0.047896296, 0.012602851, 0.029426966), (0.9990783, 0.036965597, -0.012265079, 0.018050313), (0.9992877, 0.036314033, -0.008351684, 0.005989574), (0.99756944, 0.066563845, -0.0028559417, 0.02040711), (0.670306, 0.08315024, -0.71417004, -0.18367669), (0.9616999, 0.029607385, -0.27162802, -0.021792144), (0.66171527, -0.025360972, -0.2823423, 0.69409823), (0.9999999, 2.9802322e-8, -2.9802322e-8, 0), (0.9999999, 2.9802322e-8, -2.9802322e-8, 0), (0.9999999, 2.9802322e-8, -2.9802322e-8, 0), (0.9999999, 2.9802322e-8, -2.9802322e-8, 0), (0.7742939, 0.6252411, -0.095575154, 0.0201976), (0.9968178, 0.018532664, 0.052171618, -0.057350963), (0.8299873, 0.008473694, 0.029774576, 0.55692285), (0.788678, -0.021696657, -0.018998154, 0.61413026), (-0.68894905, -0.024373561, 0.05689159, -0.72216284), (0.9992918, -0.02230385, 0.017799139, -0.024531811), (0.8552996, -0.018179119, -0.013156861, 0.51764756), (0.7203912, 0.027649075, -0.036709167, 0.6920438), (-0.82150686, -0.025589764, 0.05032319, -0.5673967), (1.0000002, -0.000011175871, 0.0000014007092, 0.0000023245811), (0.997304, 0.006591201, -0.05060315, 0.05273488), (0.8994242, -0.06134072, 0.15570426, 0.40376943), (-0.6984034, 0.011803508, -0.12724721, -0.7042028), (0.73999345, 0.03478326, 0.16023996, 0.6523213), (0.9889605, -0.14122951, -0.037586987, 0.02447617), (0.8755713, 0.09418303, 0.035020202, 0.47252387), (-0.6964817, 0.0076339245, -0.060690504, -0.71496326), (0.74165416, -0.0008818805, 0.066052735, 0.66752243), (0.81147003, 0.38430586, 0.43886286, -0.034999102), (0.98098963, 0.09274815, -0.07228854, 0.1543746), (0.9500654, 0.07309313, 0.013483107, 0.3030705), (0.9518534, -0.0046049803, 0.0044814944, 0.3064871), (-0.059711564, -0.99452615, 0.009216264, -0.0852503), (1.0000001, -8.940697e-8, 0, 0), (1.0000001, -8.940697e-8, 0, 0), (1.0000001, -8.940697e-8, 0, 0), (0.9879086, -0.15363997, 0.013391808, 0.015882537), (0.99988574, -0.0016777962, 0.00782682, 0.012834098), (0.9999452, -0.001629306, 0.0013729781, 0.010259327), (0.9966957, -0.0060558957, 0.033039756, -0.073957175), (0.5113071, -0.4875579, -0.476039, -0.5236787), (0.47614548, -0.52276754, -0.511503, -0.48822644), (1.0000008, 7.450581e-9, 3.7252903e-9, -4.656613e-10), (0.51150346, -0.48822573, -0.47614497, -0.522768), (1.0000004, 1.4901161e-8, 7.450581e-9, 4.656613e-10), (0.4828254, -0.51660347, -0.48282605, -0.5166043), (-0.0035649985, 0.67823815, 0.04118827, 0.73367834), (0.8700567, 0.01460129, -0.46338832, 0.16751066), (0.5803745, -0.2446591, 0.051647335, 0.77500975), (1, 1.4901161e-8, -1.1920929e-7, -7.450581e-9), (1, 1.4901161e-8, -1.1920929e-7, -7.450581e-9), (1, 1.4901161e-8, -1.1920929e-7, -7.450581e-9), (1, 1.4901161e-8, -1.1920929e-7, -7.450581e-9), (0.71387947, 0.68666923, 0.12492567, 0.05705151), (0.9967804, 0.015530616, 0.054442525, -0.05677694), (0.7945676, -0.10645947, 0.093158126, 0.5904662), (0.79114085, -0.021657467, -0.017778784, 0.6109915), (-0.69058037, -0.04253885, 0.07355809, -0.71824634), (0.9992931, -0.020863593, 0.01997456, -0.024057955), (0.8230861, -0.123435885, 0.06529121, 0.55048144), (0.7230643, 0.02786374, -0.035397887, 0.6893105), (-0.8221921, -0.022836268, 0.04984635, -0.5665637), (0.9999998, 0.000011473894, -2.9802322e-8, -1.7881393e-7), (0.9863422, -0.116613925, -0.09468186, 0.0675669), (0.8907894, 0.012497723, 0.2219016, 0.39635444), (-0.6994739, 0.01368551, -0.126297, -0.7032758), (0.73805094, 0.03539267, 0.15986761, 0.6545755), (0.9894741, -0.13803539, -0.03544441, 0.025115162), (0.8765372, 0.049531132, 0.08815211, 0.4705932), (-0.69743735, 0.009906799, -0.06018567, -0.7140448), (0.7470258, -0.03746909, 0.096680164, 0.6566588), (0.8123666, 0.35844, 0.45547345, -0.064227134), (0.985365, 0.085135356, -0.060622122, 0.1346578), (0.96122545, 0.12649797, 0.0345387, 0.24259181), (0.96236193, -0.012153149, 0.005028218, 0.27145234), (0.994526, -0.059711725, -0.08524814, -0.009215057), (1.0000001, 2.9802322e-8, -1.4901161e-8, 2.9802322e-8), (1.0000001, 2.9802322e-8, -1.4901161e-8, 2.9802322e-8), (1.0000001, 2.9802322e-8, -1.4901161e-8, 2.9802322e-8), (0.4776308, -0.5214111, -0.47763008, -0.5214105), (0.23767322, 0.011614511, -0.03524846, 0.970636), (0.97225624, -0.004022453, 0.016565792, 0.23329654), (0.0074987747, 0.99665093, -0.08098321, 0.008497894), (-0.00094136596, 0.7161742, 0.6979201, 0.00075286627), (0.9999788, 0.00021523051, -0.00010558963, 0.0064461865), (0.9999988, 2.4586916e-7, -0.0000011258526, -0.0011719577), (0.52709156, -0.5150962, 0.49626756, 0.4588772), (0.99999887, 2.5331974e-7, 7.003546e-7, -0.0014618151), (0.9999745, -0.007140817, 8.493662e-7, 3.7252903e-9), (0.99989796, -0.014281135, 0.0000020042062, 1.0803342e-7), (0.99976575, -0.021637108, 0.0000024363399, 9.313226e-8), (1.0000001, 1.4621764e-7, 5.364418e-7, -8.195639e-8), (1.0000001, -5.4948032e-8, 0.0000014305115, -1.3411045e-7), (1.0000001, 5.448237e-7, 0.000001296401, -1.0058284e-7), (0.9988684, 0.043588422, 0.007992223, -0.017265437), (0.7826131, -0.06926461, 0.07991469, 0.6134597), (-0.012203798, 0.9788598, 0.20380619, -0.012149036), (0.006602049, 0.7553991, 0.6552315, 0.00029814243), (0.9999971, 0.00013706926, 0.00006185472, 0.0023636967), (0.9999989, 2.514571e-7, -0.0000011920929, -0.0011719018), (-0.51509774, -0.52709246, -0.45887548, 0.4962668), (0.999999, 3.3096876e-7, 5.662441e-7, -0.0014618156), (0.9999746, -0.0071407245, 0, 2.3283064e-8), (0.99989814, -0.01428109, 5.9604645e-8, -2.7939677e-9), (0.999766, -0.021637006, 2.9802322e-8, 0), (0.9999999, 2.3143366e-7, -5.2154064e-8, 4.0978193e-8), (1, 1.4901161e-8, -7.4505806e-8, 3.7252903e-9), (0.99999994, 7.408671e-7, 1.4901161e-8, 7.450581e-9), (0.5000042, -0.49999696, -0.50000274, -0.49999616), (0.5000042, -0.49999696, -0.50000274, -0.49999616), (0.5000042, -0.49999696, -0.50000274, -0.49999616), (0.5000042, -0.49999696, -0.50000274, -0.49999616)],
                14: [(1, -0.000023382356, -0.0002354222, -0.00006147178), (0.46283606, 0.5525723, 0.4418189, 0.5340814), (0.99821997, 0.050350092, 0.012782492, 0.029305806), (0.999421, 0.024934221, -0.01253441, 0.019469313), (0.9996512, 0.024161398, -0.0073927045, 0.0076889694), (0.9982202, 0.05289483, -0.002254516, 0.027450487), (0.6537923, 0.08261588, -0.73232, -0.1715737), (0.9571475, 0.03035286, -0.2877856, 0.011257023), (0.6552539, -0.063002154, -0.24699779, 0.7111013), (1, 2.9802322e-8, -2.9802322e-8, 0), (1, 2.9802322e-8, -2.9802322e-8, 0), (1, 2.9802322e-8, -2.9802322e-8, 0), (1, 2.9802322e-8, -2.9802322e-8, 0), (0.7736206, 0.6186822, -0.13095236, -0.039941877), (0.9968483, 0.019747615, 0.0507057, -0.057733715), (0.8299887, 0.0084913075, 0.029728353, 0.55692315), (0.7887089, -0.02175954, -0.018956516, 0.61408955), (-0.6888624, -0.024320155, 0.05701801, -0.72223717), (0.9993304, -0.021152496, 0.016311586, -0.025019825), (0.8553027, -0.018160254, -0.013201416, 0.517643), (0.7204231, 0.027595341, -0.03663984, 0.6920171), (-0.8214463, -0.025502443, 0.050442755, -0.5674789), (1.0000005, -0.000011175871, 0.0000014603138, 0.0000022947788), (0.99724317, 0.007611811, -0.052173913, 0.05221808), (0.8994118, -0.061452538, 0.15567595, 0.40379173), (-0.6984472, 0.011760384, -0.12706167, -0.70419407), (0.7399717, 0.03488037, 0.1602765, 0.65233237), (0.9890691, -0.14019114, -0.039060652, 0.02374217), (0.8755628, 0.09412035, 0.034994334, 0.4725537), (-0.6965221, 0.0076164305, -0.060522206, -0.71493804), (0.741637, -0.0007799566, 0.066078156, 0.6675389), (0.8116287, 0.3849336, 0.43806776, -0.034387738), (0.9808316, 0.09310895, -0.07276815, 0.15493865), (0.95006454, 0.073091775, 0.013493419, 0.3030749), (0.9518527, -0.004588634, 0.0044641793, 0.3064912), (-0.059711616, -0.99452645, 0.009216271, -0.08525032), (1, -8.940697e-8, -2.9802322e-8, 0), (1, -8.940697e-8, -2.9802322e-8, 0), (1, -8.940697e-8, -2.9802322e-8, 0), (0.99262583, -0.118844055, 0.022384271, 0.008312181), (0.99995357, -0.00048190588, 0.005905539, 0.0075963363), (0.9999871, -0.00046369806, -0.0005456358, 0.0050140563), (0.99678636, -0.0015975129, 0.01800172, -0.078040466), (0.511307, -0.48755786, -0.47603896, -0.52367866), (0.47614545, -0.5227675, -0.51150286, -0.48822644), (1.0000007, 7.450581e-9, 4.656613e-9, -2.3283064e-10), (0.5115034, -0.48822567, -0.4761449, -0.5227679), (1.0000002, 1.4901161e-8, 3.7252903e-9, 4.656613e-10), (0.48282537, -0.51660335, -0.48282602, -0.5166043), (-0.011080362, 0.67928004, 0.051582932, 0.73198), (0.86551297, 0.01686567, -0.4764945, 0.1534776), (0.59887064, -0.24104983, -0.0021626055, 0.763704), (0.9999997, 0, -8.940697e-8, 0), (0.9999997, 0, -8.940697e-8, 0), (0.9999997, 0, -8.940697e-8, 0), (0.9999997, 0, -8.940697e-8, 0), (0.70835173, 0.69258827, 0.12579647, 0.052288264), (0.99679375, 0.016624987, 0.053590626, -0.057038605), (0.794585, -0.10646513, 0.09311733, 0.590448), (0.7911357, -0.021717846, -0.017707631, 0.610998), (-0.6905811, -0.042411238, 0.07368553, -0.71824014), (0.9993235, -0.019813418, 0.01909411, -0.024390936), (0.82310426, -0.1234262, 0.065256655, 0.5504603), (0.7230644, 0.027800709, -0.035312623, 0.68931687), (-0.82218707, -0.022712082, 0.049981862, -0.56656337), (0.9999997, 0.000011444092, -2.9802322e-8, -1.7881393e-7), (0.9863916, -0.11572686, -0.0956313, 0.06703138), (0.890806, 0.01250428, 0.2218408, 0.39635158), (-0.69946724, 0.013591081, -0.12622595, -0.70329756), (0.7380595, 0.035455823, 0.15992445, 0.6545493), (0.98958856, -0.1370705, -0.036327958, 0.024615854), (0.87655324, 0.04948637, 0.08808464, 0.47058052), (-0.6974325, 0.009819359, -0.060061395, -0.7140613), (0.7470299, -0.037382096, 0.09673557, 0.6566513), (0.81232524, 0.3590239, 0.45507094, -0.06433746), (0.98522997, 0.08529168, -0.060673773, 0.13551766), (0.96121746, 0.12647603, 0.034546897, 0.24263221), (0.9623654, -0.01215487, 0.0050178766, 0.27143878), (0.99452585, -0.059711695, -0.08524814, -0.009215057), (0.99999976, 2.9802322e-8, -1.8626451e-8, 2.9802322e-8), (0.99999976, 2.9802322e-8, -1.8626451e-8, 2.9802322e-8), (0.99999976, 2.9802322e-8, -1.8626451e-8, 2.9802322e-8), (0.4776307, -0.5214111, -0.47763002, -0.52141047), (0.25382546, 0.023913715, -0.039441496, 0.9661499), (0.9177067, -0.005389839, 0.019864194, 0.39672595), (0.008242182, 0.97271, -0.23183736, 0.00440225), (0.0003052354, 0.7199327, 0.6940441, -0.00022223592), (0.99999213, 0.000005610287, -0.000022798777, 0.004002151), (0.9999994, 1.9744039e-7, -0.00000115484, -0.0011720024), (0.5270918, -0.5150964, 0.49626788, 0.45887738), (0.9999993, 2.7753413e-7, 7.003546e-7, -0.0014618523), (0.9999749, -0.007140803, 8.34465e-7, 1.4901161e-8), (0.99989843, -0.014281129, 0.000002026558, 1.1175871e-7), (0.9997661, -0.021637173, 0.0000024586916, 6.3329935e-8), (1.0000004, 1.5308615e-7, 5.662441e-7, -5.5879354e-8), (1.0000004, -5.7043508e-8, 0.0000014454126, -1.1920929e-7), (1.0000002, 5.167676e-7, 0.0000012516975, -9.313226e-8), (0.9868411, 0.03757088, -0.010676799, -0.15690555), (0.62490106, -0.042096905, 0.09811717, 0.7733691), (0.016238742, 0.9774568, 0.20935473, -0.022022665), (0.00091546774, 0.71160716, 0.7025757, -0.0012346506), (0.99999744, 0.00011280179, 0.00008444488, 0.0021431819), (0.9999988, 2.6077032e-7, -0.0000012218952, -0.0011718869), (-0.51509774, -0.5270924, -0.45887545, 0.49626666), (0.9999989, 3.3155084e-7, 5.9604645e-7, -0.0014618188), (0.9999746, -0.0071407254, 2.9802322e-8, 2.514571e-8), (0.9998981, -0.014281088, 8.940697e-8, -5.5879354e-9), (0.999766, -0.021637004, 0, 6.0535967e-9), (1, 1.9557774e-7, -7.450581e-9, 2.9802322e-8), (1, 4.4703484e-8, 0, -7.450581e-9), (1.0000001, 7.096678e-7, -7.450581e-9, 2.6077032e-8), (0.50000423, -0.49999714, -0.50000286, -0.49999624), (0.50000423, -0.49999714, -0.50000286, -0.49999624), (0.50000423, -0.49999714, -0.50000286, -0.49999624), (0.50000423, -0.49999714, -0.50000286, -0.49999624)],
                15: [(1, -0.00006973998, -0.00009532754, 0.00007411772), (0.46387416, 0.54649687, 0.4418886, 0.5393481), (0.9988506, 0.037873082, 0.0066484287, 0.028618384), (0.99963444, 0.008123893, -0.011698626, 0.022979405), (0.99993265, 0.007733878, -0.0038306415, 0.0077402852), (0.99909544, 0.030612018, 0.004591763, 0.029149592), (0.6415001, 0.08794674, -0.74561346, -0.15748969), (0.94672304, 0.036908507, -0.31460428, 0.058111727), (0.6680664, -0.09002189, -0.19330727, 0.7128924), (1.0000002, 4.4703484e-8, -8.940697e-8, 0), (1.0000002, 4.4703484e-8, -8.940697e-8, 0), (1.0000002, 4.4703484e-8, -8.940697e-8, 0), (1.0000002, 4.4703484e-8, -8.940697e-8, 0), (0.743928, 0.64679295, -0.13242453, -0.10341394), (0.9967339, 0.020878106, 0.050634295, -0.059351504), (0.8300009, 0.008500725, 0.029747814, 0.55690414), (0.78870434, -0.021784425, -0.018959109, 0.61409473), (-0.68887067, -0.024330735, 0.05705297, -0.72222614), (0.99931026, -0.020079374, 0.01627165, -0.02668491), (0.8553101, -0.018148392, -0.01317215, 0.517632), (0.720413, 0.02756083, -0.03664321, 0.6920289), (-0.8214665, -0.025520146, 0.050483048, -0.56744534), (1.0000005, -0.000011205673, 0.0000014007092, 0.0000023841858), (0.9973166, 0.008556455, -0.05233559, 0.050479323), (0.89939106, -0.06143579, 0.15564838, 0.40385094), (-0.6985241, 0.011659294, -0.12708572, -0.70411503), (0.7399397, 0.034859776, 0.16034278, 0.6523534), (0.9892497, -0.13922516, -0.038951516, 0.022017866), (0.8755352, 0.094134, 0.034983993, 0.47260296), (-0.6966051, 0.007541299, -0.060542926, -0.7148563), (0.74160117, -0.00079354644, 0.066135675, 0.6675729), (0.8106039, 0.38647962, 0.43859765, -0.034461915), (0.98072225, 0.09306741, -0.07431576, 0.15491937), (0.9500644, 0.07306904, 0.01347658, 0.30307993), (0.95185584, -0.0045948178, 0.004453242, 0.30647987), (-0.05971161, -0.9945265, 0.0092162695, -0.085250326), (0.99999994, -1.1920929e-7, 0, -1.4901161e-8), (0.99999994, -1.1920929e-7, 0, -1.4901161e-8), (0.99999994, -1.1920929e-7, 0, -1.4901161e-8), (0.9979548, -0.06162595, 0.012944594, 0.010979611), (0.99999356, 0.0004979363, 0.0023962855, 0.0025640512), (0.9999914, 0.0004930543, -0.004052222, -0.000024527311), (0.9970952, 0.0008497222, 0.011449501, -0.075290985), (0.5113069, -0.48755768, -0.47603884, -0.5236786), (0.47614527, -0.5227673, -0.51150274, -0.48822626), (1.0000005, 7.450581e-9, 3.7252903e-9, -3.4924597e-10), (0.5115032, -0.48822558, -0.47614482, -0.5227678), (1, 1.4901161e-8, 3.7252903e-9, 4.656613e-10), (0.48282522, -0.51660323, -0.48282593, -0.51660407), (0.004432006, 0.7049182, 0.09506288, 0.70287496), (0.8843064, 0.016088724, -0.4470122, 0.13387637), (0.63019794, -0.19674344, -0.111713156, 0.74273956), (0.99999964, 7.450581e-9, -8.940697e-8, -7.450581e-9), (0.99999964, 7.450581e-9, -8.940697e-8, -7.450581e-9), (0.99999964, 7.450581e-9, -8.940697e-8, -7.450581e-9), (0.99999964, 7.450581e-9, -8.940697e-8, -7.450581e-9), (0.68720114, 0.7213806, 0.07866147, 0.034295738), (0.996857, 0.017620057, 0.05300054, -0.056179076), (0.79457414, -0.10647881, 0.09312788, 0.59045845), (0.791133, -0.02174583, -0.017648816, 0.6110024), (-0.6905807, -0.042315334, 0.07374543, -0.71824014), (0.99937415, -0.018812656, 0.018441767, -0.023587137), (0.8230944, -0.12343612, 0.065261394, 0.5504714), (0.7230637, 0.027770072, -0.035244092, 0.68932176), (-0.82218206, -0.022610903, 0.050059617, -0.56656754), (0.9999996, 0.000011473894, 0, -1.1920929e-7), (0.98639286, -0.11470017, -0.09641838, 0.06764376), (0.89081466, 0.012382925, 0.22178456, 0.39636657), (-0.6994399, 0.013480157, -0.12610793, -0.7033475), (0.738068, 0.035524875, 0.15997687, 0.65452266), (0.9896809, -0.13606852, -0.0371162, 0.025273144), (0.87654835, 0.049405217, 0.08806458, 0.47060165), (-0.69742227, 0.00974071, -0.059944823, -0.71408206), (0.7470339, -0.037310928, 0.096783936, 0.6566434), (0.8127463, 0.35909572, 0.45440483, -0.063318074), (0.985211, 0.08569547, -0.059996784, 0.13570218), (0.9612226, 0.12647396, 0.034567684, 0.24261051), (0.9623672, -0.012142338, 0.005006671, 0.27143332), (0.9945258, -0.059711665, -0.08524808, -0.009215057), (0.9999996, 4.4703484e-8, -4.4703484e-8, 2.9802322e-8), (0.9999996, 4.4703484e-8, -4.4703484e-8, 2.9802322e-8), (0.9999996, 4.4703484e-8, -4.4703484e-8, 2.9802322e-8), (0.47763065, -0.521411, -0.47762996, -0.52141035), (0.15432224, 0.024233183, -0.03564015, 0.9870801), (0.92777455, -0.009596575, 0.0234975, 0.37227708), (0.0015365332, 0.9555738, -0.2945915, 0.009589821), (-0.0004004538, 0.7143813, 0.69975615, 0.00044363737), (0.9999933, -0.0000022801105, 0.000020384789, 0.0036089737), (0.99999887, 2.5716145e-7, -0.0000011399388, -0.0011720136), (0.5270915, -0.5150962, 0.49626762, 0.4588772), (0.9999989, 2.635643e-7, 6.854534e-7, -0.0014618523), (0.9999746, -0.007140794, 8.34465e-7, 7.450581e-9), (0.999898, -0.014281148, 0.000002026558, 8.195639e-8), (0.9997659, -0.02163715, 0.0000024735928, 1.1175871e-7), (1, 1.6950071e-7, 5.1409006e-7, 1.3038516e-8), (1, -5.2154064e-8, 0.0000014305115, -1.2293458e-7), (0.9999999, 6.109476e-7, 0.0000013485551, -9.49949e-8), (0.95626557, 0.019480601, -0.023473509, -0.29090515), (0.6091978, -0.024746927, 0.07475123, 0.78909975), (0.04258064, 0.97288, 0.22533926, -0.030236274), (0.00032913685, 0.7076015, 0.7066119, -0.00026980042), (0.99999386, -0.00003008172, 0.000035122037, 0.0035523623), (0.9999991, 2.5704503e-7, -0.0000012218952, -0.001171907), (-0.51509786, -0.5270926, -0.4588756, 0.49626696), (0.9999992, 3.3341348e-7, 5.364418e-7, -0.0014618165), (0.99997497, -0.007140732, 5.9604645e-8, 2.514571e-8), (0.99989843, -0.014281099, 8.940697e-8, 3.4924597e-10), (0.99976635, -0.021637008, 5.9604645e-8, 6.519258e-9), (1, 2.30968e-7, -1.4901161e-8, 1.8626451e-9), (1.0000001, 5.2154064e-8, 1.4901161e-8, -2.7939677e-8), (1.0000002, 7.227063e-7, 4.4703484e-8, 9.313226e-9), (0.50000423, -0.49999702, -0.50000274, -0.49999613), (0.50000423, -0.49999702, -0.50000274, -0.49999613), (0.50000423, -0.49999702, -0.50000274, -0.49999613), (0.50000423, -0.49999702, -0.50000274, -0.49999613)],
                16: [(0.99999994, -0.000020627456, 0.00026455327, 0.000018987424), (0.45078856, 0.5335296, 0.46508223, 0.5439065), (0.9995179, -0.0010018977, -0.013836496, 0.027776828), (0.9995887, -0.01285179, -0.01121635, 0.023053039), (0.9998934, -0.012697421, -0.0025327206, 0.006742496), (0.9993548, -0.009928236, 0.0010957718, 0.034499757), (0.64581627, 0.09143707, -0.74517983, -0.13880782), (0.9275478, 0.029470772, -0.35332507, 0.11810059), (0.69124186, -0.1070264, -0.13118708, 0.70250946), (0.99999976, 2.9802322e-8, -8.940697e-8, 1.4901161e-8), (0.99999976, 2.9802322e-8, -8.940697e-8, 1.4901161e-8), (0.99999976, 2.9802322e-8, -8.940697e-8, 1.4901161e-8), (0.99999976, 2.9802322e-8, -8.940697e-8, 1.4901161e-8), (0.69487417, 0.6993491, -0.03815335, -0.16311052), (0.99674416, 0.020182967, 0.050617784, -0.059429795), (0.8299689, 0.008469373, 0.029779643, 0.5569497), (0.7887064, -0.02174449, -0.018956982, 0.6140928), (-0.6888702, -0.024317175, 0.056984484, -0.7222321), (0.99929416, -0.020780802, 0.016281575, -0.02673179), (0.85528314, -0.01817432, -0.013154, 0.51767564), (0.7204172, 0.0276075, -0.036647405, 0.692022), (-0.82145655, -0.025511324, 0.050409496, -0.5674659), (1.0000004, -0.000011205673, 0.0000014305115, 0.0000023543835), (0.9973245, 0.007846862, -0.05228588, 0.05048567), (0.89938533, -0.06141922, 0.15570864, 0.4038429), (-0.69846296, 0.011753529, -0.12711892, -0.70416826), (0.73996484, 0.034852654, 0.1602835, 0.65233976), (0.98915315, -0.13992399, -0.03890094, 0.022019088), (0.87553525, 0.0941315, 0.03502065, 0.47260097), (-0.6965368, 0.0076081753, -0.060574453, -0.7149195), (0.74162877, -0.0008062124, 0.06608397, 0.66754735), (0.809592, 0.38587984, 0.44103527, -0.033851177), (0.9804668, 0.092629865, -0.07715613, 0.15540946), (0.95006585, 0.07308699, 0.0134990215, 0.30307066), (0.9518535, -0.0045941453, 0.0044653863, 0.30648744), (-0.05971157, -0.99452615, 0.009216292, -0.085250296), (0.9999999, -8.940697e-8, -1.4901161e-8, 7.450581e-9), (0.9999999, -8.940697e-8, -1.4901161e-8, 7.450581e-9), (0.9999999, -8.940697e-8, -1.4901161e-8, 7.450581e-9), (0.99881047, 0.03285521, 0.017073974, 0.03172972), (0.9999999, 0.00012623891, 0.0005477965, 0.00017333997), (0.99997973, 0.00011215196, -0.005901709, -0.002413138), (0.9965091, -0.0023336702, -0.0063192695, -0.083212614), (0.511307, -0.4875579, -0.47603893, -0.5236787), (0.47614542, -0.52276754, -0.51150286, -0.48822644), (1.0000008, 0, 7.450581e-9, 0), (0.51150334, -0.48822564, -0.47614494, -0.5227679), (1.0000002, 1.4901161e-8, 3.7252903e-9, 6.91216e-10), (0.48282537, -0.51660335, -0.48282605, -0.5166042), (0.037996806, 0.72775507, 0.13066515, 0.6722019), (0.9280506, 0.030309945, -0.36332983, 0.07612146), (0.6287993, -0.15701449, -0.18300878, 0.7392327), (0.99999964, 0, -8.940697e-8, 0), (0.99999964, 0, -8.940697e-8, 0), (0.99999964, 0, -8.940697e-8, 0), (0.99999964, 0, -8.940697e-8, 0), (0.65484804, 0.7554941, -0.018338174, 0.008099824), (0.9968097, 0.016919762, 0.053334177, -0.056908518), (0.7945913, -0.106440425, 0.09315485, 0.59043735), (0.7911372, -0.021738112, -0.017816931, 0.6109917), (-0.69057274, -0.04262179, 0.07369745, -0.718234), (0.99933684, -0.019515365, 0.018823653, -0.02428332), (0.8231027, -0.123416305, 0.065301925, 0.550459), (0.72306967, 0.027770221, -0.03543724, 0.68930584), (-0.8221857, -0.02293703, 0.049988925, -0.5665554), (0.9999994, 0.000011473894, -2.9802322e-8, -1.1920929e-7), (0.98639536, -0.11544323, -0.095915675, 0.06705567), (0.8907955, 0.012582451, 0.22179759, 0.396396), (-0.69949746, 0.0135243535, -0.12642074, -0.7032331), (0.7380532, 0.035324246, 0.15995273, 0.654556), (0.98961735, -0.13677096, -0.03662342, 0.024677396), (0.8765451, 0.04957673, 0.0880819, 0.47058588), (-0.6974526, 0.009758741, -0.060272187, -0.7140241), (0.74701804, -0.037523717, 0.09676972, 0.6566509), (0.8125043, 0.35924894, 0.45458466, -0.06425628), (0.9852574, 0.08526225, -0.060237944, 0.13553071), (0.96121985, 0.12650022, 0.03453529, 0.24261072), (0.96236527, -0.012164669, 0.0050192177, 0.2714374), (0.99452573, -0.059711695, -0.08524808, -0.009215057), (0.9999997, 2.9802322e-8, -1.4901161e-8, 2.2351742e-8), (0.9999997, 2.9802322e-8, -1.4901161e-8, 2.2351742e-8), (0.9999997, 2.9802322e-8, -1.4901161e-8, 2.2351742e-8), (0.4776307, -0.5214112, -0.47763008, -0.52141047), (-0.017013196, -0.013200045, -0.000102072954, 0.9997682), (0.9742824, -0.035767548, 0.02019994, 0.22155541), (-0.010217853, 0.9699229, -0.24293956, 0.011212885), (-0.004460275, 0.67233056, 0.74023676, -0.0010908544), (0.9999931, 0.0000026212074, 0.0000010430813, 0.003705205), (0.99999917, 2.5471672e-7, -0.0000011250377, -0.0011719838), (0.5270916, -0.51509637, 0.4962677, 0.45887727), (0.99999917, 2.3888424e-7, 7.1525574e-7, -0.0014618374), (0.99997485, -0.0071407994, 8.34465e-7, 2.9802322e-8), (0.9998982, -0.014281151, 0.0000019669533, 5.5879354e-8), (0.999766, -0.021637164, 0.0000024437904, 6.7055225e-8), (1.0000002, 1.2805685e-7, 5.438924e-7, -4.7963113e-8), (1.0000002, -3.7660357e-8, 0.0000014454126, -7.566996e-8), (1.0000002, 5.523907e-7, 0.0000012665987, -4.4237822e-8), (0.9384911, 0.00080875447, -0.030160055, -0.34398288), (0.67492425, -0.026707457, 0.02885808, 0.73683864), (0.054889303, 0.9826797, 0.17560007, -0.022182792), (0.000022053719, 0.7071717, 0.7070414, 0.00002798438), (0.9999926, -0.0000030137599, 0.00000333786, 0.0037415698), (0.99999857, 2.5331974e-7, -0.0000011920929, -0.001171913), (-0.5150976, -0.5270923, -0.4588754, 0.4962666), (0.9999989, 3.296882e-7, 5.9604645e-7, -0.0014618142), (0.9999746, -0.0071407286, -5.9604645e-8, 2.4214387e-8), (0.9998981, -0.01428109, 5.9604645e-8, -5.5879354e-9), (0.999766, -0.021636985, 0, 7.450581e-9), (0.9999999, 2.0302832e-7, -2.9802322e-8, -2.6542693e-8), (0.9999999, 1.8626451e-9, 0, 1.8626451e-9), (1, 7.0780516e-7, 0, 1.44355e-8), (0.5000042, -0.49999702, -0.50000274, -0.49999607), (0.5000042, -0.49999702, -0.50000274, -0.49999607), (0.5000042, -0.49999702, -0.50000274, -0.49999607), (0.5000042, -0.49999702, -0.50000274, -0.49999607)],
                17: [(0.99999994, 0.00014497121, 0.00018682376, 0.00021586189), (0.4519959, 0.5241012, 0.4583235, 0.5576355), (0.99934924, -0.018176336, -0.020947827, 0.023064055), (0.9993187, -0.030990127, -0.0062922463, 0.019027963), (0.99947304, -0.03066454, 0.004583614, 0.00961078), (0.99839383, -0.041718718, 0.0060266526, 0.037855286), (0.6759998, 0.05586284, -0.72779113, -0.101111926), (0.8993144, 0.026718594, -0.3920265, 0.19192426), (0.66261405, -0.1973926, -0.002514548, 0.7224767), (1.0000001, 4.1909516e-8, -2.9802322e-8, 1.3969839e-9), (1.0000001, 4.1909516e-8, -2.9802322e-8, 1.3969839e-9), (1.0000001, 4.1909516e-8, -2.9802322e-8, 1.3969839e-9), (1.0000001, 4.1909516e-8, -2.9802322e-8, 1.3969839e-9), (0.63364494, 0.75293183, 0.07510283, -0.16108379), (0.9966964, 0.020233274, 0.051580384, -0.059386138), (0.8299645, 0.008464472, 0.02976041, 0.55695796), (0.78867924, -0.021761503, -0.018981364, 0.61412686), (-0.68892074, -0.024355492, 0.057007045, -0.7221811), (0.999282, -0.020695657, 0.017240709, -0.026655542), (0.8552754, -0.018182687, -0.0131701175, 0.51768786), (0.72038686, 0.02757768, -0.03667771, 0.6920533), (-0.82150185, -0.025552846, 0.05044209, -0.56739587), (1.0000006, -0.000011181459, 0.000001411885, 0.0000023245811), (0.9973719, 0.008004864, -0.051324, 0.05051313), (0.8993656, -0.061428353, 0.15563951, 0.40391243), (-0.69850683, 0.011678118, -0.12713365, -0.7041234), (0.7399485, 0.03482588, 0.16033047, 0.6523483), (0.98920447, -0.13978979, -0.037961926, 0.02220122), (0.8755135, 0.094121516, 0.034970053, 0.47264725), (-0.6965873, 0.0075525995, -0.060586233, -0.71487033), (0.74160683, -0.00082944334, 0.06612726, 0.6675679), (0.8094425, 0.38623604, 0.44099668, -0.033867154), (0.98063153, 0.092615485, -0.0765121, 0.15469512), (0.95006293, 0.073091865, 0.013493961, 0.30307865), (0.951856, -0.0045987563, 0.0044600144, 0.3064802), (-0.059711605, -0.9945266, 0.00921626, -0.08525034), (1.0000001, -9.49949e-8, 0, 2.9802322e-8), (1.0000001, -9.49949e-8, 0, 2.9802322e-8), (1.0000001, -9.49949e-8, 0, 2.9802322e-8), (0.9934292, 0.10986062, 0.0043946574, 0.031777445), (0.999998, 0.00052707683, -0.0007301974, 0.0018255265), (0.99997383, 0.0005268998, -0.007178592, -0.00076391414), (0.9961043, 0.00041122278, -0.025982438, -0.08426801), (0.5113071, -0.4875579, -0.47603902, -0.5236787), (0.47614542, -0.52276754, -0.511503, -0.48822647), (1.0000008, 1.3504177e-8, 6.0535967e-9, -7.566996e-10), (0.51150346, -0.4882258, -0.47614497, -0.522768), (1.0000004, 1.4901161e-8, 3.7252903e-9, 8.440111e-10), (0.4828254, -0.5166034, -0.48282614, -0.5166043), (0.0863925, 0.73787224, 0.11747409, 0.6589996), (0.9559691, 0.02555652, -0.29174843, 0.018774623), (0.64442796, -0.10666231, -0.23314035, 0.7204035), (0.99999964, 1.4901163e-8, -8.381904e-8, -1.3969843e-9), (0.99999964, 1.4901163e-8, -8.381904e-8, -1.3969843e-9), (0.99999964, 1.4901163e-8, -8.381904e-8, -1.3969843e-9), (0.99999964, 1.4901163e-8, -8.381904e-8, -1.3969843e-9), (0.63586265, 0.7650521, -0.09999608, -0.019347731), (0.99686813, 0.016863076, 0.052411668, -0.056761824), (0.7945736, -0.10646014, 0.093142785, 0.59045994), (0.79113793, -0.021760331, -0.017813103, 0.6109904), (-0.6905647, -0.04262855, 0.07374157, -0.7182373), (0.99935526, -0.019600136, 0.01789636, -0.0241666), (0.82308537, -0.12343164, 0.06528627, 0.5504834), (0.7230738, 0.027745333, -0.035432022, 0.6893027), (-0.8221779, -0.022947676, 0.050036255, -0.5665621), (0.99999964, 0.000011444094, 0, -1.4342369e-7), (0.98628587, -0.11559726, -0.09683002, 0.06708858), (0.8907939, 0.012558254, 0.22174267, 0.39643195), (-0.69949126, 0.013469802, -0.12643282, -0.70323867), (0.73805845, 0.035321556, 0.15997773, 0.6545447), (0.98956585, -0.13689029, -0.03755467, 0.024688631), (0.876536, 0.049551204, 0.08804507, 0.470613), (-0.6974475, 0.009710844, -0.06027524, -0.71402997), (0.7470212, -0.037522946, 0.09679758, 0.6566436), (0.81228024, 0.35916528, 0.45520124, -0.06318562), (0.9851519, 0.085153095, -0.06182649, 0.13565283), (0.96122265, 0.12648228, 0.03451112, 0.2426138), (0.9623669, -0.012166207, 0.005014429, 0.27143285), (0.99452585, -0.059711695, -0.08524815, -0.009215106), (0.99999976, 5.960465e-8, 0, 5.5879372e-9), (0.99999976, 5.960465e-8, 0, 5.5879372e-9), (0.99999976, 5.960465e-8, 0, 5.5879372e-9), (0.4776307, -0.5214111, -0.47763005, -0.5214104), (-0.11324389, -0.03358796, 0.017525317, 0.99284476), (0.9851727, -0.06929135, 0.014598049, 0.15627), (-0.0040033143, 0.9986371, 0.048981834, 0.01758263), (0.0031678753, 0.516576, 0.8562331, 0.002057236), (0.9999949, 0.000019071815, -0.00008086537, 0.0032151632), (0.9999992, 2.3312168e-7, -0.0000011622906, -0.0011719739), (0.5270918, -0.5150965, 0.49626786, 0.4588774), (0.9999989, 2.6563066e-7, 7.096678e-7, -0.0014618486), (0.9999747, -0.007140804, 8.1025064e-7, 9.080395e-9), (0.9998981, -0.014281139, 0.0000019967556, 7.0082024e-8), (0.99976593, -0.021637153, 0.0000024680048, 9.452924e-8), (1.0000002, 1.352746e-7, 5.5413693e-7, -5.9837475e-8), (1.0000002, -4.9185473e-8, 0.0000014360994, -1.1315569e-7), (1.0000001, 5.4301927e-7, 0.000001293607, -6.984919e-8), (0.92997634, -0.00424247, -0.02344805, -0.3668462), (0.8057812, -0.017466217, 0.0063898847, 0.59192115), (0.058202356, 0.99720675, 0.044561706, 0.01431933), (0.00026040198, 0.7011043, 0.7130584, 0.00042138126), (0.9999929, -0.00000820961, 0.000010184945, 0.003730816), (0.99999887, 2.6612548e-7, -0.0000011941886, -0.0011719146), (-0.5150978, -0.5270924, -0.45887548, 0.49626672), (0.99999875, 3.3556722e-7, 5.564653e-7, -0.0014618234), (0.9999744, -0.0071407105, 1.3969841e-9, 2.468005e-8), (0.99989796, -0.014281069, 5.5413693e-8, -2.0954758e-9), (0.9997658, -0.021636989, 4.190952e-9, 5.355105e-9), (0.9999999, 2.0040899e-7, -5.587937e-9, -2.5669578e-8), (1, 1.920853e-8, -1.5832486e-8, 2.3574104e-8), (1, 7.097551e-7, 0, 1.9383151e-8), (0.50000423, -0.49999705, -0.50000274, -0.4999962), (0.50000423, -0.49999705, -0.50000274, -0.4999962), (0.50000423, -0.49999705, -0.50000274, -0.4999962), (0.50000423, -0.49999705, -0.50000274, -0.4999962)],
                18: [(1, 0.000044061228, 0.00008821674, 0.00019313127), (0.45144182, 0.518341, 0.45866027, 0.5631643), (0.999081, -0.02752561, -0.02628405, 0.019724796), (0.9991754, -0.036917802, -0.005208576, 0.016089235), (0.9992441, -0.03658758, 0.008158946, 0.010321001), (0.99752164, -0.055013172, 0.01653662, 0.040635504), (0.6936891, 0.033586845, -0.71489793, -0.08117013), (0.88244843, 0.025211379, -0.4149992, 0.22005671), (0.6502952, -0.23073962, 0.058806285, 0.7213997), (1, 3.3527613e-8, -5.9604645e-8, 1.4901161e-8), (1, 3.3527613e-8, -5.9604645e-8, 1.4901161e-8), (1, 3.3527613e-8, -5.9604645e-8, 1.4901161e-8), (1, 3.3527613e-8, -5.9604645e-8, 1.4901161e-8), (0.5971832, 0.7779167, 0.10986129, -0.16170603), (0.99670804, 0.019743256, 0.05196882, -0.05902017), (0.8299757, 0.008464836, 0.029776305, 0.55694056), (0.7886878, -0.021752283, -0.018972326, 0.61411655), (-0.6889065, -0.02434025, 0.056994945, -0.7221963), (0.99927616, -0.021158889, 0.017628588, -0.026254743), (0.8552871, -0.018183649, -0.013153426, 0.5176686), (0.72039753, 0.027592734, -0.03666728, 0.6920419), (-0.82148546, -0.025537074, 0.050425693, -0.5674213), (1.0000005, -0.000011205673, 0.0000014901161, 0.0000023543835), (0.9973755, 0.007603675, -0.0508994, 0.050934732), (0.89937806, -0.06142436, 0.15568897, 0.40386587), (-0.69848067, 0.011724167, -0.12713021, -0.7041489), (0.7399602, 0.03483636, 0.16030137, 0.65234125), (0.9891486, -0.14020592, -0.037605263, 0.022673279), (0.87553376, 0.094124556, 0.03500887, 0.47260588), (-0.6965544, 0.007585272, -0.06058376, -0.71490186), (0.74162114, -0.00082144886, 0.066101305, 0.66755426), (0.80998945, 0.38632232, 0.43996114, -0.033272717), (0.98093617, 0.09262087, -0.07550659, 0.15324876), (0.9500785, 0.07310572, 0.013514116, 0.30302602), (0.95185494, -0.0045964904, 0.0044647455, 0.30648345), (-0.05971165, -0.9945264, 0.00921628, -0.08525032), (1.0000002, -8.940697e-8, 7.450581e-9, 7.450581e-9), (1.0000002, -8.940697e-8, 7.450581e-9, 7.450581e-9), (1.0000002, -8.940697e-8, 7.450581e-9, 7.450581e-9), (0.9898579, 0.13725899, -0.011447433, 0.034795143), (0.9999962, 0.0005175257, -0.0013119802, 0.0024979254), (0.99996996, 0.0005238296, -0.0077603683, -0.00009127753), (0.9959399, 0.0026351193, -0.03248683, -0.08391628), (0.5113072, -0.487558, -0.47603917, -0.5236789), (0.47614557, -0.52276766, -0.51150304, -0.48822656), (1.0000011, 0, 0, 0), (0.5115035, -0.48822582, -0.4761451, -0.522768), (1.0000005, 1.4901161e-8, 4.0745363e-9, 8.1490725e-10), (0.48282552, -0.5166035, -0.48282617, -0.51660436), (0.104100406, 0.7456325, 0.11174843, 0.64862), (0.9690727, 0.024126403, -0.2455522, -0.004536532), (0.6512687, -0.08544304, -0.24983041, 0.71143055), (1, 1.4901161e-8, -6.705523e-8, -3.7252907e-9), (1, 1.4901161e-8, -6.705523e-8, -3.7252907e-9), (1, 1.4901161e-8, -6.705523e-8, -3.7252907e-9), (1, 1.4901161e-8, -6.705523e-8, -3.7252907e-9), (0.62595034, 0.76924145, -0.12534767, -0.027235605), (0.9968598, 0.01679995, 0.052394763, -0.056950606), (0.7945697, -0.10646108, 0.09314394, 0.5904658), (0.7911379, -0.0217494, -0.017819427, 0.6109916), (-0.69056785, -0.042636048, 0.07372022, -0.7182367), (0.99934983, -0.01967042, 0.017889053, -0.024353223), (0.8230822, -0.12343263, 0.065286025, 0.55048865), (0.72307193, 0.027757613, -0.035439882, 0.6893043), (-0.82218105, -0.022954375, 0.050012078, -0.56656003), (1, 0.000011473894, 0, -1.1920929e-7), (0.9862887, -0.11568841, -0.09681824, 0.06691238), (0.89078677, 0.012570828, 0.22176182, 0.3964376), (-0.6994966, 0.013500915, -0.1264399, -0.70323193), (0.7380561, 0.035316426, 0.15996319, 0.65455157), (0.9895601, -0.13697153, -0.037536524, 0.02450759), (0.87653244, 0.04956065, 0.0880543, 0.47061777), (-0.69745004, 0.009736099, -0.060285673, -0.7140268), (0.7470199, -0.03752948, 0.09678222, 0.65664744), (0.8118726, 0.3592195, 0.45590472, -0.063050345), (0.98508865, 0.08503902, -0.062736906, 0.13576868), (0.96122277, 0.1264807, 0.034498155, 0.24261805), (0.96236694, -0.012167551, 0.005016912, 0.27143478), (0.99452627, -0.059711702, -0.08524816, -0.009215079), (1.0000002, 5.2154064e-8, 7.450581e-9, 0), (1.0000002, 5.2154064e-8, 7.450581e-9, 0), (1.0000002, 5.2154064e-8, 7.450581e-9, 0), (0.47763085, -0.5214113, -0.47763014, -0.5214106), (-0.1582328, -0.04167923, 0.028361268, 0.9861144), (0.9898367, -0.08472484, 0.013925128, 0.11336622), (0.013828453, 0.95855796, 0.2840608, 0.016908057), (0.0023242459, 0.41978386, 0.9076076, 0.0050359704), (0.9999957, -0.00003680121, 0.00002180785, 0.0030742763), (0.9999995, 2.3562461e-7, -0.0000011622906, -0.0011719819), (0.52709186, -0.51509655, 0.49626794, 0.45887747), (0.9999994, 2.393499e-7, 7.1525574e-7, -0.0014618458), (0.999975, -0.007140805, 7.8976154e-7, 1.3038516e-8), (0.99989843, -0.01428112, 0.0000019744039, 5.2154064e-8), (0.99976635, -0.021637157, 0.0000024363399, 9.2200935e-8), (1.0000005, 1.2479722e-7, 5.662441e-7, -3.4458935e-8), (1.0000005, -9.313226e-9, 0.0000014156103, -1.1455268e-7), (1.0000005, 5.494803e-7, 0.000001296401, -6.239861e-8), (0.92872906, -0.008152362, -0.02595485, -0.3697604), (0.85620373, -0.006294002, -0.002214997, 0.51659584), (0.06072574, 0.996402, -0.050972328, 0.029958725), (-0.00017682463, 0.70676714, 0.7074462, 0.00001168251), (0.9999928, -0.000007160008, 0.000013150275, 0.0037909583), (0.9999993, 2.7567157e-7, -0.0000012330715, -0.0011718891), (-0.5150979, -0.5270925, -0.45887563, 0.4962669), (0.9999993, 3.1964737e-7, 5.8859587e-7, -0.0014617965), (0.99997485, -0.00714071, 0, 2.7008355e-8), (0.9998983, -0.014281098, 3.7252903e-8, -8.381903e-9), (0.99976623, -0.021636985, 2.9802322e-8, -2.4214387e-8), (1.0000002, 2.0033622e-7, 0, -1.8626451e-8), (1.0000002, 1.922308e-8, -2.9802322e-8, 2.0023435e-8), (1.0000002, 6.966875e-7, 0, 4.1443855e-8), (0.5000043, -0.49999714, -0.50000286, -0.49999627), (0.5000043, -0.49999714, -0.50000286, -0.49999627), (0.5000043, -0.49999714, -0.50000286, -0.49999627), (0.5000043, -0.49999714, -0.50000286, -0.49999627)],
            }
            half3[] scales.timeSamples = {
                0: [(1, 1, 1), (1, 1, 1), (1, 1, 1), (1, 1, 1), (1, 1, 1), (1, 1, 1), (1, 1, 1), (1, 1, 1), (1, 1, 1), (1, 1, 1), (1, 1, 1), (1, 1, 1), (1, 1, 1), (1, 1, 1), (1, 1, 1), (1, 1, 1), (1, 1, 1), (1, 1, 1), (1, 1, 1), (1, 1, 1), (1, 1, 1), (1, 1, 1), (1, 1, 1), (1, 1, 1), (1, 1, 1), (1, 1, 1), (1, 1, 1), (1, 1, 1), (1, 1, 1), (1, 1, 1), (1, 1, 1), (1, 1, 1), (1, 1, 1), (1, 1, 1), (1, 1, 1), (1, 1, 1), (1, 1, 1), (1, 1, 1), (1, 1, 1), (1, 1, 1), (1, 1, 1), (1, 1, 1), (1, 1, 1), (1, 1, 1), (1, 1, 1), (1, 1, 1), (1, 1, 1), (1, 1, 1), (1, 1, 1), (1, 1, 1), (1, 1, 1), (1, 1, 1), (1, 1, 1), (1, 1, 1), (1, 1, 1), (1, 1, 1), (1, 1, 1), (1, 1, 1), (1, 1, 1), (1, 1, 1), (1, 1, 1), (1, 1, 1), (1, 1, 1), (1, 1, 1), (1, 1, 1), (1, 1, 1), (1, 1, 1), (1, 1, 1), (1, 1, 1), (1, 1, 1), (1, 1, 1), (1, 1, 1), (1, 1, 1), (1, 1, 1), (1, 1, 1), (1, 1, 1), (1, 1, 1), (1, 1, 1), (1, 1, 1), (1, 1, 1), (1, 1, 1), (1, 1, 1), (1, 1, 1), (1, 1, 1), (1, 1, 1), (1, 1, 1), (1, 1, 1), (1, 1, 1), (1, 1, 1), (1, 1, 1), (1, 1, 1), (1, 1, 1), (1, 1, 1), (1, 1, 1), (1, 1, 1), (1, 1, 1), (1, 1, 1), (1, 1, 1), (1, 1, 1), (1, 1, 1), (1, 1, 1), (1, 1, 1), (1, 1, 1), (1, 1, 1), (1, 1, 1), (1, 1, 1), (1, 1, 1), (1, 1, 1), (1, 1, 1), (1, 1, 1), (1, 1, 1), (1, 1, 1), (1, 1, 1), (1, 1, 1), (1, 1, 1)],
                1: [(1, 1, 1), (1, 1, 1), (1, 1, 1), (1, 1, 1), (1, 1, 1), (1, 1, 1), (1, 1, 1), (1, 1, 1), (1, 1, 1), (1, 1, 1), (1, 1, 1), (1, 1, 1), (1, 1, 1), (1, 1, 1), (1, 1, 1), (1, 1, 1), (1, 1, 1), (1, 1, 1), (1, 1, 1), (1, 1, 1), (1, 1, 1), (1, 1, 1), (1, 1, 1), (1, 1, 1), (1, 1, 1), (1, 1, 1), (1, 1, 1), (1, 1, 1), (1, 1, 1), (1, 1, 1), (1, 1, 1), (1, 1, 1), (1, 1, 1), (1, 1, 1), (1, 1, 1), (1, 1, 1), (1, 1, 1), (1, 1, 1), (1, 1, 1), (1, 1, 1), (1, 1, 1), (1, 1, 1), (1, 1, 1), (1, 1, 1), (1, 1, 1), (1, 1, 1), (1, 1, 1), (1, 1, 1), (1, 1, 1), (1, 1, 1), (1, 1, 1), (1, 1, 1), (1, 1, 1), (1, 1, 1), (1, 1, 1), (1, 1, 1), (1, 1, 1), (1, 1, 1), (1, 1, 1), (1, 1, 1), (1, 1, 1), (1, 1, 1), (1, 1, 1), (1, 1, 1), (1, 1, 1), (1, 1, 1), (1, 1, 1), (1, 1, 1), (1, 1, 1), (1, 1, 1), (1, 1, 1), (1, 1, 1), (1, 1, 1), (1, 1, 1), (1, 1, 1), (1, 1, 1), (1, 1, 1), (1, 1, 1), (1, 1, 1), (1, 1, 1), (1, 1, 1), (1, 1, 1), (1, 1, 1), (1, 1, 1), (1, 1, 1), (1, 1, 1), (1, 1, 1), (1, 1, 1), (1, 1, 1), (1, 1, 1), (1, 1, 1), (1, 1, 1), (1, 1, 1), (1, 1, 1), (1, 1, 1), (1, 1, 1), (1, 1, 1), (1, 1, 1), (1, 1, 1), (1, 1, 1), (1, 1, 1), (1, 1, 1), (1, 1, 1), (1, 1, 1), (1, 1, 1), (1, 1, 1), (1, 1, 1), (1, 1, 1), (1, 1, 1), (1, 1, 1), (1, 1, 1), (1, 1, 1), (1, 1, 1), (1, 1, 1), (1, 1, 1)],
                2: [(1, 1, 1), (1, 1, 1), (1, 1, 1), (1, 1, 1), (1, 1, 1), (1, 1, 1), (1, 1, 1), (1, 1, 1), (1, 1, 1), (1, 1, 1), (1, 1, 1), (1, 1, 1), (1, 1, 1), (1, 1, 1), (1, 1, 1), (1, 1, 1), (1, 1, 1), (1, 1, 1), (1, 1, 1), (1, 1, 1), (1, 1, 1), (1, 1, 1), (1, 1, 1), (1, 1, 1), (1, 1, 1), (1, 1, 1), (1, 1, 1), (1, 1, 1), (1, 1, 1), (1, 1, 1), (1, 1, 1), (1, 1, 1), (1, 1, 1), (1, 1, 1), (1, 1, 1), (1, 1, 1), (1, 1, 1), (1, 1, 1), (1, 1, 1), (1, 1, 1), (1, 1, 1), (1, 1, 1), (1, 1, 1), (1, 1, 1), (1, 1, 1), (1, 1, 1), (1, 1, 1), (1, 1, 1), (1, 1, 1), (1, 1, 1), (1, 1, 1), (1, 1, 1), (1, 1, 1), (1, 1, 1), (1, 1, 1), (1, 1, 1), (1, 1, 1), (1, 1, 1), (1, 1, 1), (1, 1, 1), (1, 1, 1), (1, 1, 1), (1, 1, 1), (1, 1, 1), (1, 1, 1), (1, 1, 1), (1, 1, 1), (1, 1, 1), (1, 1, 1), (1, 1, 1), (1, 1, 1), (1, 1, 1), (1, 1, 1), (1, 1, 1), (1, 1, 1), (1, 1, 1), (1, 1, 1), (1, 1, 1), (1, 1, 1), (1, 1, 1), (1, 1, 1), (1, 1, 1), (1, 1, 1), (1, 1, 1), (1, 1, 1), (1, 1, 1), (1, 1, 1), (1, 1, 1), (1, 1, 1), (1, 1, 1), (1, 1, 1), (1, 1, 1), (1, 1, 1), (1, 1, 1), (1, 1, 1), (1, 1, 1), (1, 1, 1), (1, 1, 1), (1, 1, 1), (1, 1, 1), (1, 1, 1), (1, 1, 1), (1, 1, 1), (1, 1, 1), (1, 1, 1), (1, 1, 1), (1, 1, 1), (1, 1, 1), (1, 1, 1), (1, 1, 1), (1, 1, 1), (1, 1, 1), (1, 1, 1), (1, 1, 1), (1, 1, 1)],
                3: [(1, 1, 1), (1, 1, 1), (1, 1, 1), (1, 1, 1), (1, 1, 1), (1, 1, 1), (1, 1, 1), (1, 1, 1), (1, 1, 1), (1, 1, 1), (1, 1, 1), (1, 1, 1), (1, 1, 1), (1, 1, 1), (1, 1, 1), (1, 1, 1), (1, 1, 1), (1, 1, 1), (1, 1, 1), (1, 1, 1), (1, 1, 1), (1, 1, 1), (1, 1, 1), (1, 1, 1), (1, 1, 1), (1, 1, 1), (1, 1, 1), (1, 1, 1), (1, 1, 1), (1, 1, 1), (1, 1, 1), (1, 1, 1), (1, 1, 1), (1, 1, 1), (1, 1, 1), (1, 1, 1), (1, 1, 1), (1, 1, 1), (1, 1, 1), (1, 1, 1), (1, 1, 1), (1, 1, 1), (1, 1, 1), (1, 1, 1), (1, 1, 1), (1, 1, 1), (1, 1, 1), (1, 1, 1), (1, 1, 1), (1, 1, 1), (1, 1, 1), (1, 1, 1), (1, 1, 1), (1, 1, 1), (1, 1, 1), (1, 1, 1), (1, 1, 1), (1, 1, 1), (1, 1, 1), (1, 1, 1), (1, 1, 1), (1, 1, 1), (1, 1, 1), (1, 1, 1), (1, 1, 1), (1, 1, 1), (1, 1, 1), (1, 1, 1), (1, 1, 1), (1, 1, 1), (1, 1, 1), (1, 1, 1), (1, 1, 1), (1, 1, 1), (1, 1, 1), (1, 1, 1), (1, 1, 1), (1, 1, 1), (1, 1, 1), (1, 1, 1), (1, 1, 1), (1, 1, 1), (1, 1, 1), (1, 1, 1), (1, 1, 1), (1, 1, 1), (1, 1, 1), (1, 1, 1), (1, 1, 1), (1, 1, 1), (1, 1, 1), (1, 1, 1), (1, 1, 1), (1, 1, 1), (1, 1, 1), (1, 1, 1), (1, 1, 1), (1, 1, 1), (1, 1, 1), (1, 1, 1), (1, 1, 1), (1, 1, 1), (1, 1, 1), (1, 1, 1), (1, 1, 1), (1, 1, 1), (1, 1, 1), (1, 1, 1), (1, 1, 1), (1, 1, 1), (1, 1, 1), (1, 1, 1), (1, 1, 1), (1, 1, 1), (1, 1, 1)],
                4: [(1, 1, 1), (1, 1, 1), (1, 1, 1), (1, 1, 1), (1, 1, 1), (1, 1, 1), (1, 1, 1), (1, 1, 1), (1, 1, 1), (1, 1, 1), (1, 1, 1), (1, 1, 1), (1, 1, 1), (1, 1, 1), (1, 1, 1), (1, 1, 1), (1, 1, 1), (1, 1, 1), (1, 1, 1), (1, 1, 1), (1, 1, 1), (1, 1, 1), (1, 1, 1), (1, 1, 1), (1, 1, 1), (1, 1, 1), (1, 1, 1), (1, 1, 1), (1, 1, 1), (1, 1, 1), (1, 1, 1), (1, 1, 1), (1, 1, 1), (1, 1, 1), (1, 1, 1), (1, 1, 1), (1, 1, 1), (1, 1, 1), (1, 1, 1), (1, 1, 1), (1, 1, 1), (1, 1, 1), (1, 1, 1), (1, 1, 1), (1, 1, 1), (1, 1, 1), (1, 1, 1), (1, 1, 1), (1, 1, 1), (1, 1, 1), (1, 1, 1), (1, 1, 1), (1, 1, 1), (1, 1, 1), (1, 1, 1), (1, 1, 1), (1, 1, 1), (1, 1, 1), (1, 1, 1), (1, 1, 1), (1, 1, 1), (1, 1, 1), (1, 1, 1), (1, 1, 1), (1, 1, 1), (1, 1, 1), (1, 1, 1), (1, 1, 1), (1, 1, 1), (1, 1, 1), (1, 1, 1), (1, 1, 1), (1, 1, 1), (1, 1, 1), (1, 1, 1), (1, 1, 1), (1, 1, 1), (1, 1, 1), (1, 1, 1), (1, 1, 1), (1, 1, 1), (1, 1, 1), (1, 1, 1), (1, 1, 1), (1, 1, 1), (1, 1, 1), (1, 1, 1), (1, 1, 1), (1, 1, 1), (1, 1, 1), (1, 1, 1), (1, 1, 1), (1, 1, 1), (1, 1, 1), (1, 1, 1), (1, 1, 1), (1, 1, 1), (1, 1, 1), (1, 1, 1), (1, 1, 1), (1, 1, 1), (1, 1, 1), (1, 1, 1), (1, 1, 1), (1, 1, 1), (1, 1, 1), (1, 1, 1), (1, 1, 1), (1, 1, 1), (1, 1, 1), (1, 1, 1), (1, 1, 1), (1, 1, 1), (1, 1, 1), (1, 1, 1)],
                5: [(1, 1, 1), (1, 1, 1), (1, 1, 1), (1, 1, 1), (1, 1, 1), (1, 1, 1), (1, 1, 1), (1, 1, 1), (1, 1, 1), (1, 1, 1), (1, 1, 1), (1, 1, 1), (1, 1, 1), (1, 1, 1), (1, 1, 1), (1, 1, 1), (1, 1, 1), (1, 1, 1), (1, 1, 1), (1, 1, 1), (1, 1, 1), (1, 1, 1), (1, 1, 1), (1, 1, 1), (1, 1, 1), (1, 1, 1), (1, 1, 1), (1, 1, 1), (1, 1, 1), (1, 1, 1), (1, 1, 1), (1, 1, 1), (1, 1, 1), (1, 1, 1), (1, 1, 1), (1, 1, 1), (1, 1, 1), (1, 1, 1), (1, 1, 1), (1, 1, 1), (1, 1, 1), (1, 1, 1), (1, 1, 1), (1, 1, 1), (1, 1, 1), (1, 1, 1), (1, 1, 1), (1, 1, 1), (1, 1, 1), (1, 1, 1), (1, 1, 1), (1, 1, 1), (1, 1, 1), (1, 1, 1), (1, 1, 1), (1, 1, 1), (1, 1, 1), (1, 1, 1), (1, 1, 1), (1, 1, 1), (1, 1, 1), (1, 1, 1), (1, 1, 1), (1, 1, 1), (1, 1, 1), (1, 1, 1), (1, 1, 1), (1, 1, 1), (1, 1, 1), (1, 1, 1), (1, 1, 1), (1, 1, 1), (1, 1, 1), (1, 1, 1), (1, 1, 1), (1, 1, 1), (1, 1, 1), (1, 1, 1), (1, 1, 1), (1, 1, 1), (1, 1, 1), (1, 1, 1), (1, 1, 1), (1, 1, 1), (1, 1, 1), (1, 1, 1), (1, 1, 1), (1, 1, 1), (1, 1, 1), (1, 1, 1), (1, 1, 1), (1, 1, 1), (1, 1, 1), (1, 1, 1), (1, 1, 1), (1, 1, 1), (1, 1, 1), (1, 1, 1), (1, 1, 1), (1, 1, 1), (1, 1, 1), (1, 1, 1), (1, 1, 1), (1, 1, 1), (1, 1, 1), (1, 1, 1), (1, 1, 1), (1, 1, 1), (1, 1, 1), (1, 1, 1), (1, 1, 1), (1, 1, 1), (1, 1, 1), (1, 1, 1), (1, 1, 1)],
                6: [(1, 1, 1), (1, 1, 1), (1, 1, 1), (1, 1, 1), (1, 1, 1), (1, 1, 1), (1, 1, 1), (1, 1, 1), (1, 1, 1), (1, 1, 1), (1, 1, 1), (1, 1, 1), (1, 1, 1), (1, 1, 1), (1, 1, 1), (1, 1, 1), (1, 1, 1), (1, 1, 1), (1, 1, 1), (1, 1, 1), (1, 1, 1), (1, 1, 1), (1, 1, 1), (1, 1, 1), (1, 1, 1), (1, 1, 1), (1, 1, 1), (1, 1, 1), (1, 1, 1), (1, 1, 1), (1, 1, 1), (1, 1, 1), (1, 1, 1), (1, 1, 1), (1, 1, 1), (1, 1, 1), (1, 1, 1), (1, 1, 1), (1, 1, 1), (1, 1, 1), (1, 1, 1), (1, 1, 1), (1, 1, 1), (1, 1, 1), (1, 1, 1), (1, 1, 1), (1, 1, 1), (1, 1, 1), (1, 1, 1), (1, 1, 1), (1, 1, 1), (1, 1, 1), (1, 1, 1), (1, 1, 1), (1, 1, 1), (1, 1, 1), (1, 1, 1), (1, 1, 1), (1, 1, 1), (1, 1, 1), (1, 1, 1), (1, 1, 1), (1, 1, 1), (1, 1, 1), (1, 1, 1), (1, 1, 1), (1, 1, 1), (1, 1, 1), (1, 1, 1), (1, 1, 1), (1, 1, 1), (1, 1, 1), (1, 1, 1), (1, 1, 1), (1, 1, 1), (1, 1, 1), (1, 1, 1), (1, 1, 1), (1, 1, 1), (1, 1, 1), (1, 1, 1), (1, 1, 1), (1, 1, 1), (1, 1, 1), (1, 1, 1), (1, 1, 1), (1, 1, 1), (1, 1, 1), (1, 1, 1), (1, 1, 1), (1, 1, 1), (1, 1, 1), (1, 1, 1), (1, 1, 1), (1, 1, 1), (1, 1, 1), (1, 1, 1), (1, 1, 1), (1, 1, 1), (1, 1, 1), (1, 1, 1), (1, 1, 1), (1, 1, 1), (1, 1, 1), (1, 1, 1), (1, 1, 1), (1, 1, 1), (1, 1, 1), (1, 1, 1), (1, 1, 1), (1, 1, 1), (1, 1, 1), (1, 1, 1), (1, 1, 1), (1, 1, 1)],
                7: [(1, 1, 1), (1, 1, 1), (1, 1, 1), (1, 1, 1), (1, 1, 1), (1, 1, 1), (1, 1, 1), (1, 1, 1), (1, 1, 1), (1, 1, 1), (1, 1, 1), (1, 1, 1), (1, 1, 1), (1, 1, 1), (1, 1, 1), (1, 1, 1), (1, 1, 1), (1, 1, 1), (1, 1, 1), (1, 1, 1), (1, 1, 1), (1, 1, 1), (1, 1, 1), (1, 1, 1), (1, 1, 1), (1, 1, 1), (1, 1, 1), (1, 1, 1), (1, 1, 1), (1, 1, 1), (1, 1, 1), (1, 1, 1), (1, 1, 1), (1, 1, 1), (1, 1, 1), (1, 1, 1), (1, 1, 1), (1, 1, 1), (1, 1, 1), (1, 1, 1), (1, 1, 1), (1, 1, 1), (1, 1, 1), (1, 1, 1), (1, 1, 1), (1, 1, 1), (1, 1, 1), (1, 1, 1), (1, 1, 1), (1, 1, 1), (1, 1, 1), (1, 1, 1), (1, 1, 1), (1, 1, 1), (1, 1, 1), (1, 1, 1), (1, 1, 1), (1, 1, 1), (1, 1, 1), (1, 1, 1), (1, 1, 1), (1, 1, 1), (1, 1, 1), (1, 1, 1), (1, 1, 1), (1, 1, 1), (1, 1, 1), (1, 1, 1), (1, 1, 1), (1, 1, 1), (1, 1, 1), (1, 1, 1), (1, 1, 1), (1, 1, 1), (1, 1, 1), (1, 1, 1), (1, 1, 1), (1, 1, 1), (1, 1, 1), (1, 1, 1), (1, 1, 1), (1, 1, 1), (1, 1, 1), (1, 1, 1), (1, 1, 1), (1, 1, 1), (1, 1, 1), (1, 1, 1), (1, 1, 1), (1, 1, 1), (1, 1, 1), (1, 1, 1), (1, 1, 1), (1, 1, 1), (1, 1, 1), (1, 1, 1), (1, 1, 1), (1, 1, 1), (1, 1, 1), (1, 1, 1), (1, 1, 1), (1, 1, 1), (1, 1, 1), (1, 1, 1), (1, 1, 1), (1, 1, 1), (1, 1, 1), (1, 1, 1), (1, 1, 1), (1, 1, 1), (1, 1, 1), (1, 1, 1), (1, 1, 1), (1, 1, 1), (1, 1, 1)],
                8: [(1, 1, 1), (1, 1, 1), (1, 1, 1), (1, 1, 1), (1, 1, 1), (1, 1, 1), (1, 1, 1), (1, 1, 1), (1, 1, 1), (1, 1, 1), (1, 1, 1), (1, 1, 1), (1, 1, 1), (1, 1, 1), (1, 1, 1), (1, 1, 1), (1, 1, 1), (1, 1, 1), (1, 1, 1), (1, 1, 1), (1, 1, 1), (1, 1, 1), (1, 1, 1), (1, 1, 1), (1, 1, 1), (1, 1, 1), (1, 1, 1), (1, 1, 1), (1, 1, 1), (1, 1, 1), (1, 1, 1), (1, 1, 1), (1, 1, 1), (1, 1, 1), (1, 1, 1), (1, 1, 1), (1, 1, 1), (1, 1, 1), (1, 1, 1), (1, 1, 1), (1, 1, 1), (1, 1, 1), (1, 1, 1), (1, 1, 1), (1, 1, 1), (1, 1, 1), (1, 1, 1), (1, 1, 1), (1, 1, 1), (1, 1, 1), (1, 1, 1), (1, 1, 1), (1, 1, 1), (1, 1, 1), (1, 1, 1), (1, 1, 1), (1, 1, 1), (1, 1, 1), (1, 1, 1), (1, 1, 1), (1, 1, 1), (1, 1, 1), (1, 1, 1), (1, 1, 1), (1, 1, 1), (1, 1, 1), (1, 1, 1), (1, 1, 1), (1, 1, 1), (1, 1, 1), (1, 1, 1), (1, 1, 1), (1, 1, 1), (1, 1, 1), (1, 1, 1), (1, 1, 1), (1, 1, 1), (1, 1, 1), (1, 1, 1), (1, 1, 1), (1, 1, 1), (1, 1, 1), (1, 1, 1), (1, 1, 1), (1, 1, 1), (1, 1, 1), (1, 1, 1), (1, 1, 1), (1, 1, 1), (1, 1, 1), (1, 1, 1), (1, 1, 1), (1, 1, 1), (1, 1, 1), (1, 1, 1), (1, 1, 1), (1, 1, 1), (1, 1, 1), (1, 1, 1), (1, 1, 1), (1, 1, 1), (1, 1, 1), (1, 1, 1), (1, 1, 1), (1, 1, 1), (1, 1, 1), (1, 1, 1), (1, 1, 1), (1, 1, 1), (1, 1, 1), (1, 1, 1), (1, 1, 1), (1, 1, 1), (1, 1, 1), (1, 1, 1)],
                9: [(1, 1, 1), (1, 1, 1), (1, 1, 1), (1, 1, 1), (1, 1, 1), (1, 1, 1), (1, 1, 1), (1, 1, 1), (1, 1, 1), (1, 1, 1), (1, 1, 1), (1, 1, 1), (1, 1, 1), (1, 1, 1), (1, 1, 1), (1, 1, 1), (1, 1, 1), (1, 1, 1), (1, 1, 1), (1, 1, 1), (1, 1, 1), (1, 1, 1), (1, 1, 1), (1, 1, 1), (1, 1, 1), (1, 1, 1), (1, 1, 1), (1, 1, 1), (1, 1, 1), (1, 1, 1), (1, 1, 1), (1, 1, 1), (1, 1, 1), (1, 1, 1), (1, 1, 1), (1, 1, 1), (1, 1, 1), (1, 1, 1), (1, 1, 1), (1, 1, 1), (1, 1, 1), (1, 1, 1), (1, 1, 1), (1, 1, 1), (1, 1, 1), (1, 1, 1), (1, 1, 1), (1, 1, 1), (1, 1, 1), (1, 1, 1), (1, 1, 1), (1, 1, 1), (1, 1, 1), (1, 1, 1), (1, 1, 1), (1, 1, 1), (1, 1, 1), (1, 1, 1), (1, 1, 1), (1, 1, 1), (1, 1, 1), (1, 1, 1), (1, 1, 1), (1, 1, 1), (1, 1, 1), (1, 1, 1), (1, 1, 1), (1, 1, 1), (1, 1, 1), (1, 1, 1), (1, 1, 1), (1, 1, 1), (1, 1, 1), (1, 1, 1), (1, 1, 1), (1, 1, 1), (1, 1, 1), (1, 1, 1), (1, 1, 1), (1, 1, 1), (1, 1, 1), (1, 1, 1), (1, 1, 1), (1, 1, 1), (1, 1, 1), (1, 1, 1), (1, 1, 1), (1, 1, 1), (1, 1, 1), (1, 1, 1), (1, 1, 1), (1, 1, 1), (1, 1, 1), (1, 1, 1), (1, 1, 1), (1, 1, 1), (1, 1, 1), (1, 1, 1), (1, 1, 1), (1, 1, 1), (1, 1, 1), (1, 1, 1), (1, 1, 1), (1, 1, 1), (1, 1, 1), (1, 1, 1), (1, 1, 1), (1, 1, 1), (1, 1, 1), (1, 1, 1), (1, 1, 1), (1, 1, 1), (1, 1, 1), (1, 1, 1), (1, 1, 1)],
                10: [(1, 1, 1), (1, 1, 1), (1, 1, 1), (1, 1, 1), (1, 1, 1), (1, 1, 1), (1, 1, 1), (1, 1, 1), (1, 1, 1), (1, 1, 1), (1, 1, 1), (1, 1, 1), (1, 1, 1), (1, 1, 1), (1, 1, 1), (1, 1, 1), (1, 1, 1), (1, 1, 1), (1, 1, 1), (1, 1, 1), (1, 1, 1), (1, 1, 1), (1, 1, 1), (1, 1, 1), (1, 1, 1), (1, 1, 1), (1, 1, 1), (1, 1, 1), (1, 1, 1), (1, 1, 1), (1, 1, 1), (1, 1, 1), (1, 1, 1), (1, 1, 1), (1, 1, 1), (1, 1, 1), (1, 1, 1), (1, 1, 1), (1, 1, 1), (1, 1, 1), (1, 1, 1), (1, 1, 1), (1, 1, 1), (1, 1, 1), (1, 1, 1), (1, 1, 1), (1, 1, 1), (1, 1, 1), (1, 1, 1), (1, 1, 1), (1, 1, 1), (1, 1, 1), (1, 1, 1), (1, 1, 1), (1, 1, 1), (1, 1, 1), (1, 1, 1), (1, 1, 1), (1, 1, 1), (1, 1, 1), (1, 1, 1), (1, 1, 1), (1, 1, 1), (1, 1, 1), (1, 1, 1), (1, 1, 1), (1, 1, 1), (1, 1, 1), (1, 1, 1), (1, 1, 1), (1, 1, 1), (1, 1, 1), (1, 1, 1), (1, 1, 1), (1, 1, 1), (1, 1, 1), (1, 1, 1), (1, 1, 1), (1, 1, 1), (1, 1, 1), (1, 1, 1), (1, 1, 1), (1, 1, 1), (1, 1, 1), (1, 1, 1), (1, 1, 1), (1, 1, 1), (1, 1, 1), (1, 1, 1), (1, 1, 1), (1, 1, 1), (1, 1, 1), (1, 1, 1), (1, 1, 1), (1, 1, 1), (1, 1, 1), (1, 1, 1), (1, 1, 1), (1, 1, 1), (1, 1, 1), (1, 1, 1), (1, 1, 1), (1, 1, 1), (1, 1, 1), (1, 1, 1), (1, 1, 1), (1, 1, 1), (1, 1, 1), (1, 1, 1), (1, 1, 1), (1, 1, 1), (1, 1, 1), (1, 1, 1), (1, 1, 1), (1, 1, 1)],
                11: [(1, 1, 1), (1, 1, 1), (1, 1, 1), (1, 1, 1), (1, 1, 1), (1, 1, 1), (1, 1, 1), (1, 1, 1), (1, 1, 1), (1, 1, 1), (1, 1, 1), (1, 1, 1), (1, 1, 1), (1, 1, 1), (1, 1, 1), (1, 1, 1), (1, 1, 1), (1, 1, 1), (1, 1, 1), (1, 1, 1), (1, 1, 1), (1, 1, 1), (1, 1, 1), (1, 1, 1), (1, 1, 1), (1, 1, 1), (1, 1, 1), (1, 1, 1), (1, 1, 1), (1, 1, 1), (1, 1, 1), (1, 1, 1), (1, 1, 1), (1, 1, 1), (1, 1, 1), (1, 1, 1), (1, 1, 1), (1, 1, 1), (1, 1, 1), (1, 1, 1), (1, 1, 1), (1, 1, 1), (1, 1, 1), (1, 1, 1), (1, 1, 1), (1, 1, 1), (1, 1, 1), (1, 1, 1), (1, 1, 1), (1, 1, 1), (1, 1, 1), (1, 1, 1), (1, 1, 1), (1, 1, 1), (1, 1, 1), (1, 1, 1), (1, 1, 1), (1, 1, 1), (1, 1, 1), (1, 1, 1), (1, 1, 1), (1, 1, 1), (1, 1, 1), (1, 1, 1), (1, 1, 1), (1, 1, 1), (1, 1, 1), (1, 1, 1), (1, 1, 1), (1, 1, 1), (1, 1, 1), (1, 1, 1), (1, 1, 1), (1, 1, 1), (1, 1, 1), (1, 1, 1), (1, 1, 1), (1, 1, 1), (1, 1, 1), (1, 1, 1), (1, 1, 1), (1, 1, 1), (1, 1, 1), (1, 1, 1), (1, 1, 1), (1, 1, 1), (1, 1, 1), (1, 1, 1), (1, 1, 1), (1, 1, 1), (1, 1, 1), (1, 1, 1), (1, 1, 1), (1, 1, 1), (1, 1, 1), (1, 1, 1), (1, 1, 1), (1, 1, 1), (1, 1, 1), (1, 1, 1), (1, 1, 1), (1, 1, 1), (1, 1, 1), (1, 1, 1), (1, 1, 1), (1, 1, 1), (1, 1, 1), (1, 1, 1), (1, 1, 1), (1, 1, 1), (1, 1, 1), (1, 1, 1), (1, 1, 1), (1, 1, 1), (1, 1, 1)],
                12: [(1, 1, 1), (1, 1, 1), (1, 1, 1), (1, 1, 1), (1, 1, 1), (1, 1, 1), (1, 1, 1), (1, 1, 1), (1, 1, 1), (1, 1, 1), (1, 1, 1), (1, 1, 1), (1, 1, 1), (1, 1, 1), (1, 1, 1), (1, 1, 1), (1, 1, 1), (1, 1, 1), (1, 1, 1), (1, 1, 1), (1, 1, 1), (1, 1, 1), (1, 1, 1), (1, 1, 1), (1, 1, 1), (1, 1, 1), (1, 1, 1), (1, 1, 1), (1, 1, 1), (1, 1, 1), (1, 1, 1), (1, 1, 1), (1, 1, 1), (1, 1, 1), (1, 1, 1), (1, 1, 1), (1, 1, 1), (1, 1, 1), (1, 1, 1), (1, 1, 1), (1, 1, 1), (1, 1, 1), (1, 1, 1), (1, 1, 1), (1, 1, 1), (1, 1, 1), (1, 1, 1), (1, 1, 1), (1, 1, 1), (1, 1, 1), (1, 1, 1), (1, 1, 1), (1, 1, 1), (1, 1, 1), (1, 1, 1), (1, 1, 1), (1, 1, 1), (1, 1, 1), (1, 1, 1), (1, 1, 1), (1, 1, 1), (1, 1, 1), (1, 1, 1), (1, 1, 1), (1, 1, 1), (1, 1, 1), (1, 1, 1), (1, 1, 1), (1, 1, 1), (1, 1, 1), (1, 1, 1), (1, 1, 1), (1, 1, 1), (1, 1, 1), (1, 1, 1), (1, 1, 1), (1, 1, 1), (1, 1, 1), (1, 1, 1), (1, 1, 1), (1, 1, 1), (1, 1, 1), (1, 1, 1), (1, 1, 1), (1, 1, 1), (1, 1, 1), (1, 1, 1), (1, 1, 1), (1, 1, 1), (1, 1, 1), (1, 1, 1), (1, 1, 1), (1, 1, 1), (1, 1, 1), (1, 1, 1), (1, 1, 1), (1, 1, 1), (1, 1, 1), (1, 1, 1), (1, 1, 1), (1, 1, 1), (1, 1, 1), (1, 1, 1), (1, 1, 1), (1, 1, 1), (1, 1, 1), (1, 1, 1), (1, 1, 1), (1, 1, 1), (1, 1, 1), (1, 1, 1), (1, 1, 1), (1, 1, 1), (1, 1, 1), (1, 1, 1)],
                13: [(1, 1, 1), (1, 1, 1), (1, 1, 1), (1, 1, 1), (1, 1, 1), (1, 1, 1), (1, 1, 1), (1, 1, 1), (1, 1, 1), (1, 1, 1), (1, 1, 1), (1, 1, 1), (1, 1, 1), (1, 1, 1), (1, 1, 1), (1, 1, 1), (1, 1, 1), (1, 1, 1), (1, 1, 1), (1, 1, 1), (1, 1, 1), (1, 1, 1), (1, 1, 1), (1, 1, 1), (1, 1, 1), (1, 1, 1), (1, 1, 1), (1, 1, 1), (1, 1, 1), (1, 1, 1), (1, 1, 1), (1, 1, 1), (1, 1, 1), (1, 1, 1), (1, 1, 1), (1, 1, 1), (1, 1, 1), (1, 1, 1), (1, 1, 1), (1, 1, 1), (1, 1, 1), (1, 1, 1), (1, 1, 1), (1, 1, 1), (1, 1, 1), (1, 1, 1), (1, 1, 1), (1, 1, 1), (1, 1, 1), (1, 1, 1), (1, 1, 1), (1, 1, 1), (1, 1, 1), (1, 1, 1), (1, 1, 1), (1, 1, 1), (1, 1, 1), (1, 1, 1), (1, 1, 1), (1, 1, 1), (1, 1, 1), (1, 1, 1), (1, 1, 1), (1, 1, 1), (1, 1, 1), (1, 1, 1), (1, 1, 1), (1, 1, 1), (1, 1, 1), (1, 1, 1), (1, 1, 1), (1, 1, 1), (1, 1, 1), (1, 1, 1), (1, 1, 1), (1, 1, 1), (1, 1, 1), (1, 1, 1), (1, 1, 1), (1, 1, 1), (1, 1, 1), (1, 1, 1), (1, 1, 1), (1, 1, 1), (1, 1, 1), (1, 1, 1), (1, 1, 1), (1, 1, 1), (1, 1, 1), (1, 1, 1), (1, 1, 1), (1, 1, 1), (1, 1, 1), (1, 1, 1), (1, 1, 1), (1, 1, 1), (1, 1, 1), (1, 1, 1), (1, 1, 1), (1, 1, 1), (1, 1, 1), (1, 1, 1), (1, 1, 1), (1, 1, 1), (1, 1, 1), (1, 1, 1), (1, 1, 1), (1, 1, 1), (1, 1, 1), (1, 1, 1), (1, 1, 1), (1, 1, 1), (1, 1, 1), (1, 1, 1), (1, 1, 1)],
                14: [(1, 1, 1), (1, 1, 1), (1, 1, 1), (1, 1, 1), (1, 1, 1), (1, 1, 1), (1, 1, 1), (1, 1, 1), (1, 1, 1), (1, 1, 1), (1, 1, 1), (1, 1, 1), (1, 1, 1), (1, 1, 1), (1, 1, 1), (1, 1, 1), (1, 1, 1), (1, 1, 1), (1, 1, 1), (1, 1, 1), (1, 1, 1), (1, 1, 1), (1, 1, 1), (1, 1, 1), (1, 1, 1), (1, 1, 1), (1, 1, 1), (1, 1, 1), (1, 1, 1), (1, 1, 1), (1, 1, 1), (1, 1, 1), (1, 1, 1), (1, 1, 1), (1, 1, 1), (1, 1, 1), (1, 1, 1), (1, 1, 1), (1, 1, 1), (1, 1, 1), (1, 1, 1), (1, 1, 1), (1, 1, 1), (1, 1, 1), (1, 1, 1), (1, 1, 1), (1, 1, 1), (1, 1, 1), (1, 1, 1), (1, 1, 1), (1, 1, 1), (1, 1, 1), (1, 1, 1), (1, 1, 1), (1, 1, 1), (1, 1, 1), (1, 1, 1), (1, 1, 1), (1, 1, 1), (1, 1, 1), (1, 1, 1), (1, 1, 1), (1, 1, 1), (1, 1, 1), (1, 1, 1), (1, 1, 1), (1, 1, 1), (1, 1, 1), (1, 1, 1), (1, 1, 1), (1, 1, 1), (1, 1, 1), (1, 1, 1), (1, 1, 1), (1, 1, 1), (1, 1, 1), (1, 1, 1), (1, 1, 1), (1, 1, 1), (1, 1, 1), (1, 1, 1), (1, 1, 1), (1, 1, 1), (1, 1, 1), (1, 1, 1), (1, 1, 1), (1, 1, 1), (1, 1, 1), (1, 1, 1), (1, 1, 1), (1, 1, 1), (1, 1, 1), (1, 1, 1), (1, 1, 1), (1, 1, 1), (1, 1, 1), (1, 1, 1), (1, 1, 1), (1, 1, 1), (1, 1, 1), (1, 1, 1), (1, 1, 1), (1, 1, 1), (1, 1, 1), (1, 1, 1), (1, 1, 1), (1, 1, 1), (1, 1, 1), (1, 1, 1), (1, 1, 1), (1, 1, 1), (1, 1, 1), (1, 1, 1), (1, 1, 1), (1, 1, 1)],
                15: [(1, 1, 1), (1, 1, 1), (1, 1, 1), (1, 1, 1), (1, 1, 1), (1, 1, 1), (1, 1, 1), (1, 1, 1), (1, 1, 1), (1, 1, 1), (1, 1, 1), (1, 1, 1), (1, 1, 1), (1, 1, 1), (1, 1, 1), (1, 1, 1), (1, 1, 1), (1, 1, 1), (1, 1, 1), (1, 1, 1), (1, 1, 1), (1, 1, 1), (1, 1, 1), (1, 1, 1), (1, 1, 1), (1, 1, 1), (1, 1, 1), (1, 1, 1), (1, 1, 1), (1, 1, 1), (1, 1, 1), (1, 1, 1), (1, 1, 1), (1, 1, 1), (1, 1, 1), (1, 1, 1), (1, 1, 1), (1, 1, 1), (1, 1, 1), (1, 1, 1), (1, 1, 1), (1, 1, 1), (1, 1, 1), (1, 1, 1), (1, 1, 1), (1, 1, 1), (1, 1, 1), (1, 1, 1), (1, 1, 1), (1, 1, 1), (1, 1, 1), (1, 1, 1), (1, 1, 1), (1, 1, 1), (1, 1, 1), (1, 1, 1), (1, 1, 1), (1, 1, 1), (1, 1, 1), (1, 1, 1), (1, 1, 1), (1, 1, 1), (1, 1, 1), (1, 1, 1), (1, 1, 1), (1, 1, 1), (1, 1, 1), (1, 1, 1), (1, 1, 1), (1, 1, 1), (1, 1, 1), (1, 1, 1), (1, 1, 1), (1, 1, 1), (1, 1, 1), (1, 1, 1), (1, 1, 1), (1, 1, 1), (1, 1, 1), (1, 1, 1), (1, 1, 1), (1, 1, 1), (1, 1, 1), (1, 1, 1), (1, 1, 1), (1, 1, 1), (1, 1, 1), (1, 1, 1), (1, 1, 1), (1, 1, 1), (1, 1, 1), (1, 1, 1), (1, 1, 1), (1, 1, 1), (1, 1, 1), (1, 1, 1), (1, 1, 1), (1, 1, 1), (1, 1, 1), (1, 1, 1), (1, 1, 1), (1, 1, 1), (1, 1, 1), (1, 1, 1), (1, 1, 1), (1, 1, 1), (1, 1, 1), (1, 1, 1), (1, 1, 1), (1, 1, 1), (1, 1, 1), (1, 1, 1), (1, 1, 1), (1, 1, 1), (1, 1, 1)],
                16: [(1, 1, 1), (1, 1, 1), (1, 1, 1), (1, 1, 1), (1, 1, 1), (1, 1, 1), (1, 1, 1), (1, 1, 1), (1, 1, 1), (1, 1, 1), (1, 1, 1), (1, 1, 1), (1, 1, 1), (1, 1, 1), (1, 1, 1), (1, 1, 1), (1, 1, 1), (1, 1, 1), (1, 1, 1), (1, 1, 1), (1, 1, 1), (1, 1, 1), (1, 1, 1), (1, 1, 1), (1, 1, 1), (1, 1, 1), (1, 1, 1), (1, 1, 1), (1, 1, 1), (1, 1, 1), (1, 1, 1), (1, 1, 1), (1, 1, 1), (1, 1, 1), (1, 1, 1), (1, 1, 1), (1, 1, 1), (1, 1, 1), (1, 1, 1), (1, 1, 1), (1, 1, 1), (1, 1, 1), (1, 1, 1), (1, 1, 1), (1, 1, 1), (1, 1, 1), (1, 1, 1), (1, 1, 1), (1, 1, 1), (1, 1, 1), (1, 1, 1), (1, 1, 1), (1, 1, 1), (1, 1, 1), (1, 1, 1), (1, 1, 1), (1, 1, 1), (1, 1, 1), (1, 1, 1), (1, 1, 1), (1, 1, 1), (1, 1, 1), (1, 1, 1), (1, 1, 1), (1, 1, 1), (1, 1, 1), (1, 1, 1), (1, 1, 1), (1, 1, 1), (1, 1, 1), (1, 1, 1), (1, 1, 1), (1, 1, 1), (1, 1, 1), (1, 1, 1), (1, 1, 1), (1, 1, 1), (1, 1, 1), (1, 1, 1), (1, 1, 1), (1, 1, 1), (1, 1, 1), (1, 1, 1), (1, 1, 1), (1, 1, 1), (1, 1, 1), (1, 1, 1), (1, 1, 1), (1, 1, 1), (1, 1, 1), (1, 1, 1), (1, 1, 1), (1, 1, 1), (1, 1, 1), (1, 1, 1), (1, 1, 1), (1, 1, 1), (1, 1, 1), (1, 1, 1), (1, 1, 1), (1, 1, 1), (1, 1, 1), (1, 1, 1), (1, 1, 1), (1, 1, 1), (1, 1, 1), (1, 1, 1), (1, 1, 1), (1, 1, 1), (1, 1, 1), (1, 1, 1), (1, 1, 1), (1, 1, 1), (1, 1, 1), (1, 1, 1)],
                17: [(1, 1, 1), (1, 1, 1), (1, 1, 1), (1, 1, 1), (1, 1, 1), (1, 1, 1), (1, 1, 1), (1, 1, 1), (1, 1, 1), (1, 1, 1), (1, 1, 1), (1, 1, 1), (1, 1, 1), (1, 1, 1), (1, 1, 1), (1, 1, 1), (1, 1, 1), (1, 1, 1), (1, 1, 1), (1, 1, 1), (1, 1, 1), (1, 1, 1), (1, 1, 1), (1, 1, 1), (1, 1, 1), (1, 1, 1), (1, 1, 1), (1, 1, 1), (1, 1, 1), (1, 1, 1), (1, 1, 1), (1, 1, 1), (1, 1, 1), (1, 1, 1), (1, 1, 1), (1, 1, 1), (1, 1, 1), (1, 1, 1), (1, 1, 1), (1, 1, 1), (1, 1, 1), (1, 1, 1), (1, 1, 1), (1, 1, 1), (1, 1, 1), (1, 1, 1), (1, 1, 1), (1, 1, 1), (1, 1, 1), (1, 1, 1), (1, 1, 1), (1, 1, 1), (1, 1, 1), (1, 1, 1), (1, 1, 1), (1, 1, 1), (1, 1, 1), (1, 1, 1), (1, 1, 1), (1, 1, 1), (1, 1, 1), (1, 1, 1), (1, 1, 1), (1, 1, 1), (1, 1, 1), (1, 1, 1), (1, 1, 1), (1, 1, 1), (1, 1, 1), (1, 1, 1), (1, 1, 1), (1, 1, 1), (1, 1, 1), (1, 1, 1), (1, 1, 1), (1, 1, 1), (1, 1, 1), (1, 1, 1), (1, 1, 1), (1, 1, 1), (1, 1, 1), (1, 1, 1), (1, 1, 1), (1, 1, 1), (1, 1, 1), (1, 1, 1), (1, 1, 1), (1, 1, 1), (1, 1, 1), (1, 1, 1), (1, 1, 1), (1, 1, 1), (1, 1, 1), (1, 1, 1), (1, 1, 1), (1, 1, 1), (1, 1, 1), (1, 1, 1), (1, 1, 1), (1, 1, 1), (1, 1, 1), (1, 1, 1), (1, 1, 1), (1, 1, 1), (1, 1, 1), (1, 1, 1), (1, 1, 1), (1, 1, 1), (1, 1, 1), (1, 1, 1), (1, 1, 1), (1, 1, 1), (1, 1, 1), (1, 1, 1), (1, 1, 1)],
                18: [(1, 1, 1), (1, 1, 1), (1, 1, 1), (1, 1, 1), (1, 1, 1), (1, 1, 1), (1, 1, 1), (1, 1, 1), (1, 1, 1), (1, 1, 1), (1, 1, 1), (1, 1, 1), (1, 1, 1), (1, 1, 1), (1, 1, 1), (1, 1, 1), (1, 1, 1), (1, 1, 1), (1, 1, 1), (1, 1, 1), (1, 1, 1), (1, 1, 1), (1, 1, 1), (1, 1, 1), (1, 1, 1), (1, 1, 1), (1, 1, 1), (1, 1, 1), (1, 1, 1), (1, 1, 1), (1, 1, 1), (1, 1, 1), (1, 1, 1), (1, 1, 1), (1, 1, 1), (1, 1, 1), (1, 1, 1), (1, 1, 1), (1, 1, 1), (1, 1, 1), (1, 1, 1), (1, 1, 1), (1, 1, 1), (1, 1, 1), (1, 1, 1), (1, 1, 1), (1, 1, 1), (1, 1, 1), (1, 1, 1), (1, 1, 1), (1, 1, 1), (1, 1, 1), (1, 1, 1), (1, 1, 1), (1, 1, 1), (1, 1, 1), (1, 1, 1), (1, 1, 1), (1, 1, 1), (1, 1, 1), (1, 1, 1), (1, 1, 1), (1, 1, 1), (1, 1, 1), (1, 1, 1), (1, 1, 1), (1, 1, 1), (1, 1, 1), (1, 1, 1), (1, 1, 1), (1, 1, 1), (1, 1, 1), (1, 1, 1), (1, 1, 1), (1, 1, 1), (1, 1, 1), (1, 1, 1), (1, 1, 1), (1, 1, 1), (1, 1, 1), (1, 1, 1), (1, 1, 1), (1, 1, 1), (1, 1, 1), (1, 1, 1), (1, 1, 1), (1, 1, 1), (1, 1, 1), (1, 1, 1), (1, 1, 1), (1, 1, 1), (1, 1, 1), (1, 1, 1), (1, 1, 1), (1, 1, 1), (1, 1, 1), (1, 1, 1), (1, 1, 1), (1, 1, 1), (1, 1, 1), (1, 1, 1), (1, 1, 1), (1, 1, 1), (1, 1, 1), (1, 1, 1), (1, 1, 1), (1, 1, 1), (1, 1, 1), (1, 1, 1), (1, 1, 1), (1, 1, 1), (1, 1, 1), (1, 1, 1), (1, 1, 1), (1, 1, 1)],
            }
            float3[] translations.timeSamples = {
                0: [(0, 0, 0), (-1.0096825, 55.6397, 5.0533705), (1.0916754, -2.3283064e-7, -3.3760443e-7), (5.6438766, -7.4505806e-7, -0.0000020023435), (4.4001956, -9.313226e-7, -0.0000015366822), (6.5208344, -0.0000018626451, -0.0000016763806), (8.674611, 0.5408015, 2.3416429), (11.345959, 9.778887e-7, -0.0000018626451), (19.468052, 0.0000074505806, -0.0000037252903), (0.0000038146973, -0.0000019073486, 0), (7.9127016, -2.7939677e-7, 0.000011175871), (14.472925, 0.0000020489097, 0), (17.575592, 0.0000018626451, 0.0000044703484), (17.575602, -0.0000014901161, 7.4505806e-7), (3.0811646, 0.7058352, -1.3090874), (3.7592144, -0.59410065, 0.090194955), (2.5308802, 0.000012025703, 0.0000060535967), (1.2962388, -5.5879354e-7, 0.0000013504177), (3.2367058, 0.48849386, -0.23455825), (3.5000331, -0.6701595, 0.14770794), (2.9839776, -0.00001451117, -0.0000027008355), (1.5903952, 0.000023143366, -0.000002514571), (-0.07713699, 0.104019165, -0.009045601), (3.0107446, 0.9577509, 2.075147), (2.3245306, 0.00008987263, -0.00020945445), (1.877743, 0.000002561137, 0.0000033993274), (0.93445873, -0.000009080395, -0.0000052619725), (3.1998775, 0.6414133, 0.8607978), (2.967047, -0.5578452, 0.14345004), (2.6277614, -0.0000048661605, -0.0000064261258), (1.5019164, -0.0000074040145, 0.000006146729), (1.7393175, 1.1499952, -0.95778835), (0.4397259, 0.000011594966, 0.000007561175), (2.040202, -0.000016437843, 0.0000026542693), (2.1562192, 0.0000070314854, 0.0000057742), (3.4676208, 2.6622849, -0.37421894), (8.581246, 0.0000048428774, 0.0000035390258), (13.78132, 0.000008195639, 0.0000011175871), (19.468052, 0.000010058284, -0.0000055879354), (10.994266, -1.8279423, -0.0000022351742), (8.622104, 0.0000014901161, -0.000001792796), (32.788723, -0.0000014901161, -0.000004982576), (32.788723, -0.0000014901161, -0.000004982576), (13.222504, 13.669266, -2.9802322e-8), (13.222504, 13.669264, -7.4644656), (-4.7683716e-7, 0, 0.0000038146973), (13.222504, 13.669269, 7.4642553), (0.0000014305115, 0, 0), (59.101044, -0.0000023841856, -5.9604645e-8), (8.674405, 0.5407996, -2.3416505), (-11.345916, 0.0000067055225, 0.00009741634), (-19.467756, 0.000023981556, 0.00038221478), (-0.000009536742, 0, 0), (-7.9130397, 0.000013411045, -0.00031720847), (-14.472857, -0.0000040978193, 0.000032037497), (-17.57561, -0.0000014901161, -0.00007934868), (-17.575605, -0.0000037252903, -0.00007227063), (-3.081317, -0.70602393, 1.3090864), (-3.759233, 0.5940699, -0.09020292), (-2.530863, 0.000030826777, 0.0000010244548), (-1.2962632, -0.00003152527, -0.000005401671), (-3.2369125, -0.48864818, 0.23454419), (-3.5000331, 0.67017263, -0.14770779), (-2.9839118, -0.00003054738, -0.0000023283064), (-1.5904218, -0.0000077765435, -0.0000014901161), (0.0771637, -0.104011536, 0.009050369), (-3.0108979, -0.95790774, -2.0751455), (-2.324576, -0.0000692904, 0.00021432061), (-1.8777523, -0.000015459955, -0.000011827797), (-0.93441635, -0.00005327165, -0.000018323772), (-3.2000482, -0.6415927, -0.8608), (-2.9670925, 0.5578073, -0.14345132), (-2.627719, 0.000022538006, 8.381903e-7), (-1.5019232, -5.5879354e-7, 4.656613e-7), (-1.7395027, -1.1501464, 0.957778), (-0.43976632, -0.00005296024, 0.000053388067), (-2.0401764, -0.0000030500814, -0.0000074505806), (-2.1562486, -0.000022072345, -0.000061653554), (-3.4667585, -2.6300201, 0.37039757), (-8.580889, 0.000019487925, 0.00032894313), (-13.781348, 0.0000047963113, 0.000059604645), (-19.46775, 0.00002742745, 0.00038519502), (0, -11.985055, 0), (-7.4604483, -1.0216366, 10.620302), (21.534565, 0.000008195639, -0.0000029802322), (16.870169, 0.0000074505806, -0.0000059604645), (3.1910877, 10.010317, -0.0000010244548), (2.2668433, -9.313226e-7, -0.0000016298145), (-0.0000038146973, 2.4028122e-7, -9.536743e-7), (3.6798365, 4.904152, 0.18340424), (-0.00048828125, 0.000005185604, 0.000005722046), (7.5172095, 0.023268536, 0.028932095), (12.193695, 0.023271888, 0.028930977), (16.87018, 0.023274124, 0.02892688), (3.1834252, -0.025741942, 0.057878066), (10.581063, -0.025739893, 0.057882443), (20.060802, -0.012868643, 0.02893433), (-7.4604554, -1.0216306, -10.620295), (-21.534563, 0.0000022351742, -0.0000037252903), (-16.870138, 0.0000014901161, 0.000010151416), (-3.1910849, -10.0103035, 0.0000037252903), (-2.2668116, -0.000011525117, 0.000005122274), (0.0000038146973, 1.937151e-7, 9.536743e-7), (-3.65409, -4.9053993, -0.18114853), (0.00048446655, -0.000005364418, -9.536743e-7), (-7.51718, -0.02326481, -0.028928813), (-12.193656, -0.023264438, -0.028928183), (-16.87015, -0.023263693, -0.028924784), (-3.1834512, 0.025743153, -0.057883654), (-10.581084, 0.025745295, -0.057881325), (-20.060799, 0.012874231, -0.028941035), (0, 15.414148, 14.217138), (0, -22.313822, 12.629978), (0, 15.424344, -14.226538), (-0.0000076293945, -19.54507, -11.062821)],
                1: [(0, 0, 0), (-1.1326784, 57.194984, 4.884319), (1.0916753, -1.8626451e-7, -4.0745363e-8), (5.6438746, 1.8626451e-7, -7.21775e-7), (4.400198, -0.0000011175871, -9.546056e-7), (6.5208287, -5.5879354e-7, -0.00000144355), (8.674616, 0.5408002, 2.341643), (11.345961, 0.0000013737008, 7.537892e-7), (19.468039, -1.8626451e-7, -0.000010058284), (0.0000038146973, -0.0000019073486, 0), (7.912694, -0.0000038649887, 0.000013783574), (14.472919, 0.000004656613, -7.4505806e-7), (17.575583, 1.8626451e-7, 0.0000067055225), (17.575588, -0.0000033527613, 7.4505806e-7), (3.0811656, 0.70583254, -1.3090919), (3.7592144, -0.5941011, 0.090194404), (2.5308793, 0.0000062325853, -5.5879354e-7), (1.2962371, -1.3969839e-7, 0), (3.236705, 0.4884942, -0.23455653), (3.500033, -0.6701604, 0.1477059), (2.9839768, -0.000016082777, -0.0000055413693), (1.5903987, 0.000022142194, 0.0000020256266), (-0.07713699, 0.104019165, -0.009045601), (3.010744, 0.9577498, 2.0751455), (2.3245275, 0.000093865674, -0.0002015382), (1.8777423, 0.0000019092113, 0.000003585592), (0.9344606, -0.0000071537215, 3.7252903e-7), (3.1998754, 0.6414129, 0.86079687), (2.967046, -0.55784565, 0.14345162), (2.6277595, -0.0000066502253, -0.000006193295), (1.5019157, -0.0000088475645, 0.0000071246177), (1.7393155, 1.1499963, -0.9577834), (0.43972442, 0.000011996599, 0.000006683922), (2.040202, -0.00001740409, 0.000004353933), (2.1562178, 0.000010404619, 0.000004749745), (3.4676208, 2.6622849, -0.37421894), (8.581242, 4.656613e-7, 0.0000013038516), (13.781315, 0.0000018626451, 3.7252903e-7), (19.468039, 5.5879354e-7, -0.000010430813), (10.994267, -1.8279452, -9.778887e-7), (8.622103, 0.0000020489097, -0.0000010506483), (32.78872, 7.4505806e-7, -0.0000031548552), (32.78872, 7.4505806e-7, -0.0000031548552), (13.222504, 13.669266, -2.9802322e-8), (13.222504, 13.669264, -7.4644656), (-4.7683716e-7, 0, 0.0000038146973), (13.222504, 13.669269, 7.4642553), (0.0000014305115, 0, 0), (59.101044, -0.0000023841856, -5.9604645e-8), (8.674398, 0.5408017, -2.3416498), (-11.345916, 0.000005401671, 0.000100629404), (-19.467752, 0.000017217826, 0.00037979335), (-0.000009536742, 0, 0), (-7.913036, 0.000011082739, -0.00031273812), (-14.472853, -0.000008381903, 0.000036507845), (-17.575603, -0.0000013038516, -0.00007376075), (-17.5756, -0.000008009374, -0.00006388873), (-3.0813184, -0.7060247, 1.3090839), (-3.7592273, 0.5940717, -0.09019948), (-2.5308592, 0.000030361116, 0.0000012107193), (-1.2962596, -0.000029848889, -0.000008544885), (-3.236911, -0.48864776, 0.23454456), (-3.500032, 0.6701748, -0.14770626), (-2.9839113, -0.000032270327, -6.053597e-7), (-1.5904207, -0.00000721775, -0.0000021187589), (0.0771637, -0.104011536, 0.009050369), (-3.0108984, -0.9579107, -2.0751467), (-2.324573, -0.000068126246, 0.0002156361), (-1.8777493, -0.000014598481, -0.000011315569), (-0.93441767, -0.0000533415, -0.000016519334), (-3.200052, -0.6415944, -0.8608038), (-2.9670901, 0.55780846, -0.14344947), (-2.6277153, 0.000020721927, 0.0000026542693), (-1.5019197, -0.0000010011718, -0.00000144355), (-1.7395042, -1.1501476, 0.95777625), (-0.43976545, -0.00004702233, 0.00005463371), (-2.040173, -7.21775e-7, -0.000006891787), (-2.1562471, -0.000021024607, -0.00006109476), (-3.4667585, -2.6300201, 0.37039757), (-8.580886, 0.000017057755, 0.00032950193), (-13.781341, 0.000003882451, 0.00006631017), (-19.467745, 0.000022223685, 0.00038389117), (0, -11.985055, 0), (-7.460446, -1.0216335, 10.620297), (21.534554, 0.0000037252903, -7.4505806e-7), (16.870161, 5.5879354e-7, -0.0000029802322), (3.1910868, 10.010313, -0.0000022351742), (2.2668428, -6.7520887e-7, -4.656613e-7), (-0.0000038146973, 2.4028122e-7, -9.536743e-7), (3.6798365, 4.904152, 0.18340424), (-0.00048828125, 0.000005185604, 0.000005722046), (7.5172057, 0.023265835, 0.02893228), (12.193688, 0.02326835, 0.028931536), (16.870173, 0.02327077, 0.028928742), (3.1834245, -0.025742734, 0.057878204), (10.5810585, -0.025743805, 0.057883188), (20.06079, -0.012871996, 0.028935447), (-7.4604554, -1.0216335, -10.620293), (-21.534544, -0.0000022351742, -0.0000074505806), (-16.870125, -0.0000048428774, 6.519258e-7), (-3.1910868, -10.010299, 0.000006821938), (-2.26681, -0.000008573988, 0.000004004687), (0.0000038146973, 1.937151e-7, 9.536743e-7), (-3.65409, -4.9053993, -0.18114853), (0.00048446655, -0.000005364418, -9.536743e-7), (-7.5171723, -0.02326686, -0.02893298), (-12.193644, -0.023268163, -0.028934423), (-16.870134, -0.023269653, -0.028935634), (-3.1834495, 0.025742128, -0.057884213), (-10.581076, 0.02574129, -0.057882443), (-20.060781, 0.012868829, -0.028945878), (0, 15.414148, 14.217138), (0, -22.313822, 12.629978), (0, 15.424344, -14.226538), (-0.0000076293945, -19.54507, -11.062821)],
                2: [(0, 0, 0), (-1.4764352, 60.382145, 5.006141), (1.091676, -2.7939677e-7, 2.0954758e-7), (5.643878, -7.4505806e-7, 4.656613e-7), (4.400186, 0.0000014901161, 2.7939677e-7), (6.5208287, 0, -7.4505806e-7), (8.674617, 0.5407996, 2.3416433), (11.34596, 0.0000011175871, 5.5879354e-7), (19.468048, 0.0000059604645, -0.0000044703484), (0.0000038146973, -0.0000019073486, 0), (7.9126964, -7.4505806e-7, 0.000011920929), (14.472919, -0.0000026077032, 0.0000044703484), (17.575586, -0.0000022351742, 0.0000074505806), (17.575594, -0.0000063329935, 0.0000029802322), (3.0811663, 0.7058334, -1.3090907), (3.759215, -0.5941011, 0.09019561), (2.530878, 0.000005029142, 0.0000027939677), (1.2962339, -0.0000015832484, -0.0000012107193), (3.2367024, 0.48849657, -0.23455304), (3.500033, -0.67015815, 0.14771111), (2.983981, -0.000014342368, -0.0000040978193), (1.5903986, 0.00002272427, 0.000003632158), (-0.07713699, 0.104019165, -0.009045601), (3.010745, 0.95774883, 2.0751448), (2.32453, 0.00009071082, -0.00020712614), (1.8777407, 0.0000017695129, 0.0000035390258), (0.93445843, -0.000008754432, -0.0000028871), (3.1998808, 0.64141023, 0.8607937), (2.9670444, -0.55784583, 0.14345273), (2.6277587, -0.0000053085387, -0.0000029802322), (1.5019155, -0.00000782311, 0.000006519258), (1.7393202, 1.1499932, -0.9577907), (0.43972847, 0.000010989606, 0.000009639189), (2.0401974, -0.000012665987, 0.000001094304), (2.1562166, 0.000011129305, 0.000003632158), (3.4676208, 2.6622849, -0.37421894), (8.581242, 0.0000018626451, 3.7252903e-7), (13.781312, 0.0000029802322, -0.0000029802322), (19.46805, 0.0000067055225, -0.0000052154064), (10.994264, -1.8279419, -0.0000014901161), (8.622097, 0.0000037252903, -0.0000016298145), (32.78872, -0.0000029802322, -0.000006146729), (32.78872, -0.0000029802322, -0.000006146729), (13.222504, 13.669266, -2.9802322e-8), (13.222504, 13.669264, -7.4644656), (-4.7683716e-7, 0, 0.0000038146973), (13.222504, 13.669269, 7.4642553), (0.0000014305115, 0, 0), (59.101044, -0.0000023841856, -5.9604645e-8), (8.674399, 0.5408019, -2.3416498), (-11.345916, 0.0000063329935, 0.00009909272), (-19.467758, 0.000025890768, 0.00038444996), (-0.000009536742, 0, 0), (-7.9130387, 0.000011920929, -0.0003196299), (-14.472861, -0.0000022351742, 0.000023469329), (-17.575611, -0.0000014901161, -0.00008195639), (-17.575611, -0.0000014901161, -0.000078231096), (-3.0813222, -0.70602745, 1.3090826), (-3.7592306, 0.5940729, -0.0901998), (-2.5308635, 0.000029802322, 0.0000027939677), (-1.2962618, -0.000029616058, -0.0000088475645), (-3.2369163, -0.48865044, 0.23454186), (-3.500037, 0.67017376, -0.14770962), (-2.983918, -0.000033155084, -0.0000011175871), (-1.5904233, -0.0000070780516, -0.0000022351742), (0.0771637, -0.104011536, 0.009050369), (-3.0109, -0.95790887, -2.0751464), (-2.3245769, -0.0000692904, 0.00021387823), (-1.877749, -0.000016577542, -0.000007543713), (-0.9344197, -0.000054575503, -0.000014109537), (-3.200055, -0.6415948, -0.86080503), (-2.967093, 0.55780613, -0.14345223), (-2.627718, 0.000021979213, 0.0000013038516), (-1.5019224, -6.519258e-7, -9.313226e-7), (-1.7395003, -1.1501452, 0.95778054), (-0.4397663, -0.000053911936, 0.000051315874), (-2.0401795, -0.000008894131, -0.000009872019), (-2.1562479, -0.000019185245, -0.000059977174), (-3.4667585, -2.6300201, 0.37039757), (-8.580887, 0.000022165477, 0.00033453107), (-13.781346, 0.000008940697, 0.000067055225), (-19.467752, 0.000028125942, 0.00038295984), (0, -11.985055, 0), (-7.4604363, -1.0216333, 10.62029), (21.534534, -0.0000059604645, 0.0000029802322), (16.870142, -0.0000022351742, -0.0000014901161), (3.1910799, 10.010273, -0.000008195639), (2.2668393, -0.0000020489097, 7.4505806e-7), (-0.0000038146973, 2.4028122e-7, -9.536743e-7), (3.6798365, 4.904152, 0.18340424), (-0.00048828125, 0.000005185604, 0.000005722046), (7.517196, 0.023265183, 0.02893284), (12.193676, 0.023265928, 0.028932095), (16.870155, 0.02326481, 0.028930604), (3.183423, -0.02574455, 0.05787909), (10.581047, -0.025745481, 0.05788505), (20.06077, -0.012879074, 0.028942525), (-7.4604554, -1.0216372, -10.620291), (-21.534538, -0.0000029802322, -0.000008940697), (-16.870117, -0.0000074505806, 0), (-3.191085, -10.010296, 0.0000074505806), (-2.2668078, -0.000010803342, 0.000005029142), (0.0000038146973, 1.937151e-7, 9.536743e-7), (-3.65409, -4.9053993, -0.18114853), (0.00048446655, -0.000005364418, -9.536743e-7), (-7.517174, -0.023267418, -0.028933957), (-12.193641, -0.023269653, -0.02893582), (-16.870127, -0.023272634, -0.028938055), (-3.1834505, 0.025741197, -0.05788412), (-10.581073, 0.025740266, -0.057884306), (-20.060772, 0.012867153, -0.028948486), (0, 15.414148, 14.217138), (0, -22.313822, 12.629978), (0, 15.424344, -14.226538), (-0.0000076293945, -19.54507, -11.062821)],
                3: [(0, 0, 0), (-1.5434395, 57.960945, 4.841899), (1.0916758, -1.8626451e-7, 2.0954758e-7), (5.643871, 0.0000014901161, 7.4505806e-7), (4.4001946, 0, 7.4505806e-7), (6.5208197, 0.0000014901161, 0.0000020489097), (8.674608, 0.5408026, 2.3416464), (11.345961, -1.8626451e-7, -0.0000014901161), (19.468042, 7.4505806e-7, -0.000008940697), (0.0000038146973, -0.0000019073486, 0), (7.9126954, 0.0000024214387, 0.000010430813), (14.472916, -0.0000029802322, 0.0000044703484), (17.57558, 0.0000055879354, 0.0000044703484), (17.575588, 0.0000014901161, 0), (3.0811613, 0.7058356, -1.3090854), (3.7592134, -0.59410036, 0.09019934), (2.5308797, 0.000005401671, 0.0000030733645), (1.29624, 9.313226e-8, 0.0000026077032), (3.236705, 0.48849452, -0.23455638), (3.5000339, -0.67015886, 0.14770794), (2.9839804, -0.000015366822, -0.0000037252903), (1.5903974, 0.000022351742, 8.381903e-7), (-0.07713699, 0.104019165, -0.009045601), (3.0107465, 0.9577488, 2.0751445), (2.3245296, 0.000092573464, -0.00020284206), (1.8777441, -7.4505806e-7, 0.000002142042), (0.9344639, -0.0000057742, 0.0000018626451), (3.1998758, 0.64141285, 0.8607995), (2.9670455, -0.55784583, 0.14345534), (2.6277611, -0.000011641532, -0.000011734664), (1.5019171, -0.000007916242, 0.0000086613), (1.7393168, 1.1499941, -0.95779014), (0.4397248, 0.000013690442, 0.0000082247425), (2.040205, -0.000018253922, 0.0000026775524), (2.156221, 0.000004749745, 0.0000062398612), (3.4676208, 2.6622849, -0.37421894), (8.5812435, 0.0000018626451, 0.0000029802322), (13.781309, 7.4505806e-7, -0.0000044703484), (19.468042, 0.0000029802322, -0.000011175871), (10.994256, -1.8279396, 0.0000029802322), (8.622096, 0.0000037252903, 0.0000024680048), (32.788685, 0.000011920929, 0.000013411045), (32.788685, 0.000011920929, 0.000013411045), (13.222504, 13.669266, -2.9802322e-8), (13.222504, 13.669264, -7.4644656), (-4.7683716e-7, 0, 0.0000038146973), (13.222504, 13.669269, 7.4642553), (0.0000014305115, 0, 0), (59.101044, -0.0000023841856, -5.9604645e-8), (8.674391, 0.54080117, -2.3416438), (-11.345913, 0.0000044703484, 0.00009611249), (-19.467745, 0.0000115484, 0.00038146973), (-0.000009536742, 0, 0), (-7.913037, 0.000014901161, -0.0003132969), (-14.472853, -0.0000044703484, 0.00004172325), (-17.5756, -0.0000044703484, -0.00006854534), (-17.575602, -0.0000044703484, -0.00006482005), (-3.0813158, -0.7060248, 1.3090861), (-3.759227, 0.5940715, -0.09019785), (-2.5308564, 0.000029988587, 0.0000035390258), (-1.2962563, -0.000029895455, -0.000010523945), (-3.2369123, -0.48864597, 0.23454307), (-3.500035, 0.67017174, -0.14770995), (-2.9839118, -0.000031106174, -5.5879354e-7), (-1.5904238, -0.000008381903, 0.0000010244548), (0.0771637, -0.104011536, 0.009050369), (-3.0108917, -0.9579072, -2.0751407), (-2.3245766, -0.0000692904, 0.000213366), (-1.877749, -0.000012945384, -0.000012293458), (-0.93441194, -0.00005317852, -0.00002104789), (-3.200045, -0.6415909, -0.86079764), (-2.9670932, 0.55780876, -0.1434522), (-2.6277144, 0.000022351742, 0.0000040978193), (-1.501924, -7.4505806e-7, 0.0000015832484), (-1.739499, -1.1501459, 0.9577806), (-0.4397653, -0.00005349284, 0.000053131953), (-2.0401726, 0.0000012572855, -0.0000048428774), (-2.1562479, -0.000023469329, -0.00006183982), (-3.4667585, -2.6300201, 0.37039757), (-8.58088, 0.000016670674, 0.000333786), (-13.781338, -3.7252903e-7, 0.00006258488), (-19.46774, 0.000014714897, 0.0003784895), (0, -11.985055, 0), (-7.460438, -1.0216333, 10.620293), (21.534544, -0.0000029802322, 0.0000029802322), (16.870146, 0.0000016763806, -0.0000029802322), (3.191083, 10.010288, -0.0000067055225), (2.266841, -0.0000041909516, 9.313226e-7), (-0.0000038146973, 2.4028122e-7, -9.536743e-7), (3.6798365, 4.904152, 0.18340424), (-0.00048828125, 0.000005185604, 0.000005722046), (7.5172, 0.023266394, 0.028932095), (12.193683, 0.02326537, 0.028932095), (16.87016, 0.023268722, 0.028930604), (3.1834216, -0.025743246, 0.057877973), (10.58105, -0.025743991, 0.057885796), (20.060778, -0.0128775835, 0.028939545), (-7.4604526, -1.021637, -10.62029), (-21.534542, -0.0000029802322, -0.000008940697), (-16.870127, -0.0000029802322, 0.0000022351742), (-3.1910844, -10.010296, 0.000008195639), (-2.266809, -0.000009778887, 0.0000044703484), (0.0000038146973, 1.937151e-7, 9.536743e-7), (-3.65409, -4.9053993, -0.18114853), (0.00048446655, -0.000005364418, -9.536743e-7), (-7.5171766, -0.023265928, -0.028932095), (-12.19365, -0.023267418, -0.02893284), (-16.870134, -0.023268163, -0.028932095), (-3.1834464, 0.025742315, -0.057883933), (-10.581079, 0.02573952, -0.05788356), (-20.060776, 0.012868643, -0.028945506), (0, 15.414148, 14.217138), (0, -22.313822, 12.629978), (0, 15.424344, -14.226538), (-0.0000076293945, -19.54507, -11.062821)],
                4: [(0, 0, 0), (-1.4886079, 53.97944, 4.2427683), (1.0916747, -1.8626451e-7, -1.8626451e-7), (5.643879, -0.0000014901161, -0.0000013038516), (4.4001966, -7.4505806e-7, -4.656613e-7), (6.520824, 7.4505806e-7, -0.0000015832484), (8.67462, 0.5407982, 2.341642), (11.34596, 0.0000024214387, 0.0000029802322), (19.468042, 0.0000014901161, -0.000008195639), (0.0000038146973, -0.0000019073486, 0), (7.912697, 0.0000024214387, 0.000012665987), (14.472922, 0.0000067055225, 0), (17.575588, -0.0000026077032, 0.000008940697), (17.575598, -0.0000067055225, 0.0000014901161), (3.081163, 0.7058341, -1.3090866), (3.7592125, -0.5941007, 0.090196356), (2.5308766, 0.0000044237822, -0.000001071021), (1.296241, 0.0000016763806, 0.000005122274), (3.2367013, 0.488496, -0.23454931), (3.5000317, -0.6701585, 0.14770943), (2.9839792, -0.000015739352, -9.778887e-7), (1.5903964, 0.000022351742, 1.8626451e-7), (-0.07713699, 0.104019165, -0.009045601), (3.0107424, 0.95775056, 2.0751474), (2.3245282, 0.00009201467, -0.00020358711), (1.8777393, 0.0000031664968, 0.000004982576), (0.93445975, -0.0000067055225, 0.0000011175871), (3.1998773, 0.6414127, 0.8607978), (2.9670436, -0.55784583, 0.1434559), (2.6277606, -0.000005122274, -0.0000026077032), (1.5019163, -0.00000782311, 0.0000086613), (1.7393149, 1.1499952, -0.9577839), (0.43972623, 0.000011734664, 0.0000080501195), (2.0401983, -0.000011734664, 0.0000026542693), (2.1562197, 0.0000077765435, 0.0000060535967), (3.4676208, 2.6622849, -0.37421894), (8.581245, 0.0000037252903, 0.0000026077032), (13.781315, 0.0000029802322, -0.0000022351742), (19.468042, 0.0000029802322, -0.000009685755), (10.99427, -1.8279463, -0.0000022351742), (8.62211, -7.4505806e-7, -7.916242e-7), (32.788723, -0.0000029802322, -0.0000057742), (32.788723, -0.0000029802322, -0.0000057742), (13.222504, 13.669266, -2.9802322e-8), (13.222504, 13.669264, -7.4644656), (-4.7683716e-7, 0, 0.0000038146973), (13.222504, 13.669269, 7.4642553), (0.0000014305115, 0, 0), (59.101044, -0.0000023841856, -5.9604645e-8), (8.674409, 0.5407974, -2.3416514), (-11.345916, 0.0000063329935, 0.00009946525), (-19.467756, 0.000018905848, 0.0003784895), (-0.000009536742, 0, 0), (-7.913041, 0.000016763806, -0.00031664968), (-14.472855, -0.0000074505806, 0.000037252903), (-17.575607, -0.0000014901161, -0.00007599592), (-17.575602, -0.000009685755, -0.0000692904), (-3.0813196, -0.70602334, 1.3090831), (-3.7592306, 0.59407073, -0.09020074), (-2.5308588, 0.000030174851, 0.000004284084), (-1.2962607, -0.000030826777, -0.0000064261258), (-3.2369077, -0.4886469, 0.2345494), (-3.500033, 0.6701723, -0.1477079), (-2.9839122, -0.000029243529, -0.0000035390258), (-1.5904214, -0.0000063329935, -0.0000030733645), (0.0771637, -0.104011536, 0.009050369), (-3.010895, -0.95790774, -2.0751429), (-2.3245785, -0.00006984919, 0.00021173619), (-1.8777493, -0.0000144355, -0.000008940697), (-0.9344162, -0.00005327165, -0.000019324943), (-3.2000487, -0.6415948, -0.860801), (-2.9670894, 0.5578082, -0.14344826), (-2.6277163, 0.000023655593, 0.0000018626451), (-1.5019221, -6.519258e-7, 0.0000013969839), (-1.7394977, -1.1501454, 0.9577835), (-0.43976557, -0.000051717507, 0.000051921234), (-2.0401757, -0.000008195639, -0.000008940697), (-2.1562514, -0.000024121255, -0.000060722232), (-3.4667585, -2.6300201, 0.37039757), (-8.580884, 0.000020116568, 0.00033453107), (-13.781346, 0.0000049127266, 0.000055134296), (-19.467745, 0.000024819747, 0.00038594007), (0, -11.985055, 0), (-7.4604435, -1.0216348, 10.6203), (21.534555, 0.0000044703484, -0.0000029802322), (16.870155, 4.656613e-7, -0.0000029802322), (3.191085, 10.0103035, -0.0000022351742), (2.2668386, -0.0000020489097, 5.5879354e-7), (-0.0000038146973, 2.4028122e-7, -9.536743e-7), (3.6798365, 4.904152, 0.18340424), (-0.00048828125, 0.000005185604, 0.000005722046), (7.517203, 0.023268769, 0.02893284), (12.1936865, 0.023264624, 0.028933585), (16.870169, 0.023272214, 0.028930604), (3.1834245, -0.025742128, 0.0578776), (10.581061, -0.025741756, 0.057882816), (20.060791, -0.012870133, 0.028935075), (-7.4604588, -1.0216315, -10.620295), (-21.534565, 0.0000044703484, 0.0000014901161), (-16.870144, 0.0000029802322, 0.000010430813), (-3.1910822, -10.010309, -7.4505806e-7), (-2.2668128, -0.000009361247, 0.0000040978193), (0.0000038146973, 1.937151e-7, 9.536743e-7), (-3.65409, -4.9053993, -0.18114853), (0.00048446655, -0.000005364418, -9.536743e-7), (-7.517182, -0.023263693, -0.02892837), (-12.193656, -0.023263693, -0.028928742), (-16.870153, -0.023260713, -0.028924644), (-3.1834536, 0.025742874, -0.057883188), (-10.581086, 0.025745481, -0.05788058), (-20.060795, 0.0128775835, -0.028941035), (0, 15.414148, 14.217138), (0, -22.313822, 12.629978), (0, 15.424344, -14.226538), (-0.0000076293945, -19.54507, -11.062821)],
                5: [(0, 0, 0), (-1.3063227, 49.154766, 3.3528104), (1.0916723, 3.7252903e-7, 6.984919e-8), (5.643875, -3.7252903e-7, -2.7939677e-7), (4.4001923, 3.7252903e-7, 4.1909516e-7), (6.520833, -0.0000029802322, -0.0000013969839), (8.674616, 0.5407996, 2.3416433), (11.345961, 0, -0.0000016763806), (19.468039, -0.0000044703484, -0.000010430813), (0.0000038146973, -0.0000019073486, 0), (7.9126925, 4.656613e-7, 0.000011920929), (14.472914, 0.0000018626451, -0.0000014901161), (17.57558, 0.0000018626451, 0.0000059604645), (17.575583, 5.5879354e-7, 0.0000029802322), (3.081164, 0.7058324, -1.3090918), (3.7592127, -0.5941007, 0.09019524), (2.530875, 0.000008568168, 0.000003259629), (1.2962385, 0.0000012107193, 0.000002142042), (3.236701, 0.48849508, -0.23455042), (3.500028, -0.67015755, 0.14771315), (2.983976, -0.000013737008, 0.0000015832484), (1.590397, 0.000022538006, -0.000002142042), (-0.07713699, 0.104019165, -0.009045601), (3.0107412, 0.9577483, 2.075147), (2.3245285, 0.00009229407, -0.0002052635), (1.8777397, 6.519258e-7, 0.000002142042), (0.9344602, -0.000007264316, -0.0000019557774), (3.1998758, 0.6414104, 0.860798), (2.9670458, -0.55784655, 0.14345217), (2.627758, -0.000008475035, -0.000010244548), (1.5019156, -0.000007543713, 0.000004377216), (1.7393146, 1.1499931, -0.95778686), (0.43972093, 0.000015459955, 0.000006792834), (2.0401976, -0.000013783574, 0.0000044237822), (2.156216, 0.000007927883, 0.0000067055225), (3.4676208, 2.6622849, -0.37421894), (8.581243, 0.0000011175871, 0.0000020489097), (13.781314, 7.4505806e-7, -0.0000026077032), (19.468039, -0.0000029802322, -0.000011175871), (10.994259, -1.8279403, -0.0000011175871), (8.622103, 0.0000014901161, -6.9849193e-7), (32.788723, -0.0000029802322, -9.313226e-7), (32.788723, -0.0000029802322, -9.313226e-7), (13.222504, 13.669266, -2.9802322e-8), (13.222504, 13.669264, -7.4644656), (-4.7683716e-7, 0, 0.0000038146973), (13.222504, 13.669269, 7.4642553), (0.0000014305115, 0, 0), (59.101044, -0.0000023841856, -5.9604645e-8), (8.6744, 0.5408004, -2.3416486), (-11.345916, 0.0000067055225, 0.000102072954), (-19.467758, 0.000021606684, 0.0003784895), (-0.000009536742, 0, 0), (-7.913041, 0.000017881393, -0.00031888485), (-14.472855, -0.0000052154064, 0.000032037497), (-17.575607, -0.0000029802322, -0.00007674098), (-17.575603, -0.0000059604645, -0.000070780516), (-3.081318, -0.7060237, 1.309085), (-3.7592313, 0.59407, -0.09020446), (-2.5308588, 0.000030733645, 0.0000035390258), (-1.2962615, -0.000031199306, -0.000006798655), (-3.2369123, -0.48864746, 0.23454316), (-3.5000336, 0.6701728, -0.1477071), (-2.9839153, -0.000032037497, -0.0000016763806), (-1.5904229, -0.000008102506, -0.0000013969839), (0.0771637, -0.104011536, 0.009050369), (-3.010899, -0.95790774, -2.0751464), (-2.3245785, -0.00006761402, 0.00021317974), (-1.8777503, -0.000015366822, -0.000009685755), (-0.9344154, -0.00005364418, -0.000017462298), (-3.200049, -0.64159334, -0.86079985), (-2.9670906, 0.5578069, -0.14345087), (-2.6277192, 0.00002272427, -1.8626451e-7), (-1.5019199, -3.7252903e-7, -0.0000014901161), (-1.7395033, -1.1501462, 0.9577778), (-0.4397654, -0.00005373149, 0.000051548705), (-2.0401754, -0.0000012107193, -0.0000063329935), (-2.156249, -0.000021606684, -0.00006016344), (-3.4667585, -2.6300201, 0.37039757), (-8.580887, 0.00001997687, 0.0003311783), (-13.781343, 0.000007729977, 0.00006258488), (-19.46775, 0.000027753413, 0.00038594007), (0, -11.985055, 0), (-7.4604406, -1.0216333, 10.620293), (21.534554, 0.0000014901161, 0), (16.870153, 0.0000013504177, -0.0000014901161), (3.1910841, 10.010301, -0.0000044703484), (2.26684, -5.5879354e-7, 3.7252903e-7), (-0.0000038146973, 2.4028122e-7, -9.536743e-7), (3.6798365, 4.904152, 0.18340424), (-0.00048828125, 0.000005185604, 0.000005722046), (7.5172014, 0.023265695, 0.02893135), (12.193686, 0.023265835, 0.028930604), (16.870165, 0.023272308, 0.028929114), (3.1834257, -0.025742501, 0.057877414), (10.581059, -0.025742501, 0.057882816), (20.06079, -0.012873113, 0.02893731), (-7.4604554, -1.0216359, -10.620291), (-21.534546, -0.0000029802322, -0.000008940697), (-16.870127, -0.0000044703484, 5.5879354e-7), (-3.191087, -10.010297, 0.000008940697), (-2.2668095, -0.000010046642, 0.0000052154064), (0.0000038146973, 1.937151e-7, 9.536743e-7), (-3.65409, -4.9053993, -0.18114853), (0.00048446655, -0.000005364418, -9.536743e-7), (-7.5171733, -0.023266673, -0.02893298), (-12.1936455, -0.023268163, -0.0289361), (-16.870134, -0.023269653, -0.028934423), (-3.1834502, 0.025741756, -0.05788356), (-10.5810795, 0.02573952, -0.05788356), (-20.060787, 0.012868643, -0.028944016), (0, 15.414148, 14.217138), (0, -22.313822, 12.629978), (0, 15.424344, -14.226538), (-0.0000076293945, -19.54507, -11.062821)],
                6: [(0, 0, 0), (-1.0153993, 48.133747, 3.1919348), (1.0916737, -9.313226e-8, -2.7939677e-7), (5.643876, -3.7252903e-7, -0.0000012107193), (4.400195, -0.0000011175871, -0.0000016298145), (6.5208344, -0.0000029802322, -0.0000013038516), (8.674622, 0.5407974, 2.3416414), (11.34596, -0.0000017695129, -0.000005052425), (19.468042, 0.0000029802322, -0.0000067055225), (0.0000038146973, -0.0000019073486, 0), (7.912702, 0.0000016996637, 0.000012665987), (14.472929, 0.000003632158, 0), (17.5756, 0.000004051253, 0.0000059604645), (17.575603, -0.000002188608, 0), (3.0811672, 0.70583594, -1.3090898), (3.759218, -0.59410053, 0.09019226), (2.5308807, 0.000008952338, 0.0000044703484), (1.2962399, 4.656613e-7, 0.0000010244548), (3.2367065, 0.4884978, -0.23455508), (3.5000339, -0.67015654, 0.14770627), (2.9839838, -0.00001542503, -0.0000044703484), (1.5903999, 0.000021234155, 0.0000033527613), (-0.07713699, 0.104019165, -0.009045601), (3.0107443, 0.95775276, 2.0751488), (2.3245313, 0.00009201467, -0.00020638108), (1.877743, 0.00000144355, 0.0000010244548), (0.93446046, -0.0000084983185, 2.7939677e-7), (3.1998806, 0.6414146, 0.8607939), (2.9670482, -0.5578448, 0.14345032), (2.627763, -0.000007171184, -0.0000067055225), (1.5019183, -0.000008335337, 0.000010058284), (1.7393178, 1.149996, -0.95779), (0.43972582, 0.000013038516, 0.00000835862), (2.0402057, -0.000016670674, 0.0000013038516), (2.1562214, 0.000008102506, 0.000005494803), (3.4676208, 2.6622849, -0.37421894), (8.581241, 0.0000014901161, 0.0000011175871), (13.781317, 0.0000044703484, -5.5879354e-7), (19.468042, 0.0000029802322, -0.0000074505806), (10.994269, -1.8279463, -0.000004284084), (8.62211, -0.0000014901161, -0.00000433065), (32.78874, -0.000008940697, -0.000017136335), (32.78874, -0.000008940697, -0.000017136335), (13.222504, 13.669266, -2.9802322e-8), (13.222504, 13.669264, -7.4644656), (-4.7683716e-7, 0, 0.0000038146973), (13.222504, 13.669269, 7.4642553), (0.0000014305115, 0, 0), (59.101044, -0.0000023841856, -5.9604645e-8), (8.674408, 0.5407974, -2.3416526), (-11.345918, 0.000005029142, 0.00009611249), (-19.467758, 0.0000230968, 0.00037699938), (-0.000009536742, 0, 0), (-7.913042, 0.00001564622, -0.00031888485), (-14.47286, -0.0000067055225, 0.000028312206), (-17.575613, -0.0000014901161, -0.00008046627), (-17.575607, -0.0000037252903, -0.00007599592), (-3.081319, -0.7060235, 1.3090838), (-3.7592313, 0.5940702, -0.0902025), (-2.5308635, 0.00003008172, 0.0000018626451), (-1.2962611, -0.000029895455, -0.00000782311), (-3.2369115, -0.48864764, 0.23454419), (-3.5000353, 0.67017263, -0.1477086), (-2.9839177, -0.00003129244, -0.0000013038516), (-1.5904244, -0.000006146729, -0.0000019557774), (0.0771637, -0.104011536, 0.009050369), (-3.0109005, -0.9579079, -2.0751476), (-2.3245757, -0.00006724149, 0.00021518208), (-1.877749, -0.000014994293, -0.000008381903), (-0.9344189, -0.000052619725, -0.000016670674), (-3.2000504, -0.6415922, -0.8608003), (-2.9670906, 0.55780745, -0.14344925), (-2.6277173, 0.0000230968, 9.313226e-7), (-1.5019199, 0, -0.0000027939677), (-1.7395025, -1.1501473, 0.95777977), (-0.43976736, -0.00004975591, 0.00005546026), (-2.0401773, -0.0000032130629, -0.000006891787), (-2.1562505, -0.000024586916, -0.00006183982), (-3.4667585, -2.6300201, 0.37039757), (-8.580884, 0.000021327287, 0.00033341348), (-13.781346, 0.000006146729, 0.000059604645), (-19.467752, 0.000025704503, 0.00038519502), (0, -11.985055, 0), (-7.4604445, -1.0216378, 10.620299), (21.534554, 0.0000029802322, -0.0000033527613), (16.870161, 0.0000044703484, -0.0000029802322), (3.1910863, 10.010311, -0.0000014901161), (2.2668414, -0.0000022351742, 0), (-0.0000038146973, 2.4028122e-7, -9.536743e-7), (3.6798365, 4.904152, 0.18340424), (-0.00048828125, 0.000005185604, 0.000005722046), (7.517208, 0.023267418, 0.028932095), (12.193693, 0.023265556, 0.028930604), (16.870174, 0.02326928, 0.028929114), (3.1834211, -0.025743246, 0.057877764), (10.581056, -0.025743991, 0.057881977), (20.060793, -0.012871623, 0.028935261), (-7.4604554, -1.0216322, -10.620296), (-21.534569, 0.000008940697, 0.0000014901161), (-16.870142, 0.0000014901161, 0.000013038516), (-3.1910844, -10.01031, -0.0000014901161), (-2.266813, -0.000010500662, 0.0000044703484), (0.0000038146973, 1.937151e-7, 9.536743e-7), (-3.65409, -4.9053993, -0.18114853), (0.00048446655, -0.000005364418, -9.536743e-7), (-7.517184, -0.023261458, -0.028928928), (-12.193658, -0.023263693, -0.028927252), (-16.870153, -0.023262203, -0.028923899), (-3.1834521, 0.025743246, -0.057883002), (-10.581089, 0.025744736, -0.05787909), (-20.060802, 0.012879074, -0.02893582), (0, 15.414148, 14.217138), (0, -22.313822, 12.629978), (0, 15.424344, -14.226538), (-0.0000076293945, -19.54507, -11.062821)],
                7: [(0, 0, 0), (-0.68431294, 49.33618, 4.236503), (1.0916746, 1.8626451e-7, -4.656613e-8), (5.643875, 0, 7.4505806e-7), (4.400195, 3.7252903e-7, 0.0000012107193), (6.5208287, 0, 0.0000023283064), (8.6746025, 0.5408071, 2.3416474), (11.34596, 0.0000027008355, -0.0000044703484), (19.46803, -0.0000074505806, -0.000028591603), (0.0000038146973, -0.0000019073486, 0), (7.9126844, 1.1641532e-8, 0.000011175871), (14.4729, -0.000006868504, -0.0000014901161), (17.57556, -0.0000059138983, 0.0000044703484), (17.57557, -0.000010849908, 0.0000014901161), (3.08116, 0.7058328, -1.3090826), (3.7592099, -0.59410375, 0.09019785), (2.5308719, 0.000007729977, 0.000006798655), (1.2962352, 9.778887e-7, 0.0000016763806), (3.2366996, 0.4884934, -0.23455247), (3.5000277, -0.6701596, 0.14771074), (2.9839706, -0.000015739352, -0.0000034458935), (1.590395, 0.000022538006, 0.0000020489097), (-0.07713699, 0.104019165, -0.009045601), (3.0107408, 0.9577457, 2.0751452), (2.3245256, 0.00008973293, -0.00020544976), (1.8777391, -2.3283064e-8, 3.7252903e-7), (0.93445843, -0.000006268965, -0.000004004687), (3.199874, 0.6414097, 0.8608002), (2.967046, -0.5578461, 0.1434533), (2.627757, -0.000007310882, -0.000009965152), (1.5019147, -0.0000074505806, 0.000007264316), (1.7393131, 1.1499927, -0.9577876), (0.43972415, 0.000012526289, 0.00000775326), (2.0401962, -0.000016886042, 0.0000048428774), (2.1562154, 0.000008754432, 0.000008195639), (3.4676208, 2.6622849, -0.37421894), (8.581239, -7.4505806e-7, -0.0000045401976), (13.781303, -0.0000044703484, -0.000016158447), (19.468039, -0.0000029802322, -0.000021327287), (10.994248, -1.8279328, 0.0000044703484), (8.622094, 0.0000044703484, 0.0000048195943), (32.788685, 0.000014901161, 0.00001611188), (32.788685, 0.000014901161, 0.00001611188), (13.222504, 13.669266, -2.9802322e-8), (13.222504, 13.669264, -7.4644656), (-4.7683716e-7, 0, 0.0000038146973), (13.222504, 13.669269, 7.4642553), (0.0000014305115, 0, 0), (59.101044, -0.0000023841856, -5.9604645e-8), (8.674392, 0.5408019, -2.3416407), (-11.345916, 0.000004656613, 0.00009778887), (-19.46775, 0.00001564622, 0.0003889203), (-0.000009536742, 0, 0), (-7.91303, 0.000014156103, -0.00030994415), (-14.472839, -0.0000029802322, 0.0000461936), (-17.575588, 0, -0.00006109476), (-17.575586, -0.0000022351742, -0.00005364418), (-3.0813138, -0.70602053, 1.3090868), (-3.7592285, 0.5940711, -0.09020027), (-2.5308533, 0.000030174851, 0.0000027939677), (-1.2962574, -0.000029243529, -0.0000095926225), (-3.2369096, -0.48864448, 0.2345454), (-3.5000312, 0.67017543, -0.14770441), (-2.9839103, -0.000027939677, -0.0000031664968), (-1.5904202, -0.000008475035, -9.313226e-8), (0.0771637, -0.104011536, 0.009050369), (-3.0108948, -0.9579072, -2.0751436), (-2.3245745, -0.000069104135, 0.00021466985), (-1.8777487, -0.000013317913, -0.000012665987), (-0.9344144, -0.000053225085, -0.000019464642), (-3.2000482, -0.6415928, -0.86080164), (-2.9670901, 0.5578069, -0.14344919), (-2.627713, 0.000023841858, 0.0000033527613), (-1.5019172, 4.656613e-7, -0.0000024214387), (-1.7395012, -1.1501456, 0.9577779), (-0.43976587, -0.00004915055, 0.00005424954), (-2.040175, -0.0000050175004, -0.0000074505806), (-2.156249, -0.00002370216, -0.00006146729), (-3.4667585, -2.6300201, 0.37039757), (-8.580881, 0.00001695007, 0.00033564866), (-13.781338, 0.0000022351742, 0.000067055225), (-19.467743, 0.000020116568, 0.0003874302), (0, -11.985055, 0), (-7.460442, -1.0216355, 10.620293), (21.534548, 0, 0.0000022351742), (16.870155, 0.0000037252903, -0.0000029802322), (3.191085, 10.010308, -0.0000020489097), (2.2668421, -0.0000018626451, 2.7939677e-7), (-0.0000038146973, 2.4028122e-7, -9.536743e-7), (3.6798365, 4.904152, 0.18340424), (-0.00048828125, 0.000005185604, 0.000005722046), (7.5172043, 0.023265556, 0.02893284), (12.193688, 0.023269095, 0.028932095), (16.87017, 0.023271516, 0.028929114), (3.1834252, -0.025741756, 0.05787767), (10.581057, -0.025743246, 0.057884306), (20.060783, -0.012874603, 0.028940104), (-7.460454, -1.0216358, -10.620293), (-21.53456, 0.0000029802322, -0.0000040978193), (-16.870134, -0.0000014901161, 0.0000067055225), (-3.1910863, -10.010303, 0.0000052154064), (-2.2668107, -0.00001117005, 0.0000052154064), (0.0000038146973, 1.937151e-7, 9.536743e-7), (-3.65409, -4.9053993, -0.18114853), (0.00048446655, -0.000005364418, -9.536743e-7), (-7.517176, -0.023266673, -0.028930604), (-12.193651, -0.023266673, -0.028932095), (-16.870146, -0.023265183, -0.028929114), (-3.1834524, 0.025743246, -0.057883654), (-10.58108, 0.025742501, -0.057881325), (-20.060787, 0.012873113, -0.028941408), (0, 15.414148, 14.217138), (0, -22.313822, 12.629978), (0, 15.424344, -14.226538), (-0.0000076293945, -19.54507, -11.062821)],
                8: [(0, 0, 0), (-0.22046897, 52.308346, 5.3201904), (1.0916775, -6.519258e-7, -2.7939677e-7), (5.6438804, -0.0000014901161, -0.0000018626451), (4.4001913, 0, -0.0000013969839), (6.5208306, -0.0000014901161, -0.000002142042), (8.674619, 0.5407982, 2.3416438), (11.345961, -5.5879354e-7, -0.0000040978193), (19.468044, 0, -0.0000040978193), (0.0000038146973, -0.0000019073486, 0), (7.912697, 9.313226e-7, 0.000012665987), (14.472919, 0.0000063329935, -0.0000014901161), (17.575588, -0.000002933666, 0.0000074505806), (17.575598, -0.000002933666, -0.0000014901161), (3.0811653, 0.70583767, -1.3090882), (3.7592158, -0.5940975, 0.09019449), (2.530881, 0.000008195639, 0.0000037718564), (1.2962399, 9.080395e-7, 0.0000010244548), (3.2367039, 0.48849696, -0.23455453), (3.5000324, -0.6701571, 0.14771111), (2.98398, -0.000014714897, -8.381903e-7), (1.590398, 0.000019741128, 0.0000022351742), (-0.07713699, 0.104019165, -0.009045601), (3.0107458, 0.9577531, 2.0751512), (2.324527, 0.000091828406, -0.00020675361), (1.877742, -0.0000017695129, 0.0000024214387), (0.9344599, -0.0000074971467, -0.0000022817403), (3.199878, 0.6414162, 0.8607987), (2.9670467, -0.55784583, 0.14345032), (2.6277595, -0.0000057742, -0.00000949949), (1.5019182, -0.000006891787, 0.0000057742), (1.7393161, 1.149995, -0.9577904), (0.43972397, 0.000013253884, 0.000008102506), (2.0402026, -0.00001359731, 0.0000013038516), (2.1562192, 0.0000067055225, 0.0000046100467), (3.4676208, 2.6622849, -0.37421894), (8.581241, 0, -3.7252903e-7), (13.781317, 0.0000037252903, 0.0000033527613), (19.468044, 0.0000029802322, -0.0000055879354), (10.994269, -1.8279448, -0.0000029802322), (8.622106, 7.4505806e-7, -0.0000026309863), (32.788723, -0.0000059604645, -0.0000066356733), (32.788723, -0.0000059604645, -0.0000066356733), (13.222504, 13.669266, -2.9802322e-8), (13.222504, 13.669264, -7.4644656), (-4.7683716e-7, 0, 0.0000038146973), (13.222504, 13.669269, 7.4642553), (0.0000014305115, 0, 0), (59.101044, -0.0000023841856, -5.9604645e-8), (8.674401, 0.5407996, -2.3416517), (-11.345916, 0.00000744476, 0.00010263175), (-19.467756, 0.000020116568, 0.0003837049), (-0.000009536742, 0, 0), (-7.9130397, 0.000015087426, -0.00031739473), (-14.47286, -0.0000044703484, 0.000029802322), (-17.57561, 0.0000014901161, -0.00008195639), (-17.575607, -0.00000782311, -0.00007301569), (-3.081319, -0.7060246, 1.3090863), (-3.7592306, 0.59407234, -0.09019915), (-2.5308635, 0.000031664968, 0.000005401671), (-1.2962607, -0.000031420495, -0.000002142042), (-3.2369123, -0.4886455, 0.23454782), (-3.5000346, 0.6701748, -0.14770441), (-2.9839184, -0.000032037497, -0.000008195639), (-1.5904255, -0.0000067055225, -0.0000018626451), (0.0771637, -0.104011536, 0.009050369), (-3.0108995, -0.9579096, -2.075147), (-2.324576, -0.00006817281, 0.00021569431), (-1.8777527, -0.000016763806, -0.0000128522515), (-0.9344177, -0.000052317046, -0.00001937151), (-3.200052, -0.64159465, -0.8608036), (-2.9670935, 0.5578068, -0.14345273), (-2.6277225, 0.000021606684, -0.0000014901161), (-1.501924, 0.0000012572855, -0.0000033527613), (-1.7395034, -1.1501455, 0.95778036), (-0.4397697, -0.000046775676, 0.00005387701), (-2.040177, -0.00000144355, -0.000008009374), (-2.156251, -0.000025506597, -0.000060349703), (-3.4667585, -2.6300201, 0.37039757), (-8.580892, 0.000018626451, 0.0003270805), (-13.781349, 0.0000052154064, 0.000059232116), (-19.467745, 0.000027567148, 0.00038668513), (0, -11.985055, 0), (-7.460442, -1.0216341, 10.620297), (21.53455, 0.0000029802322, -0.0000029802322), (16.870155, 0.0000022351742, -0.0000014901161), (3.191085, 10.010303, -0.0000026077032), (2.2668417, -0.0000020489097, -2.3283064e-7), (-0.0000038146973, 2.4028122e-7, -9.536743e-7), (3.6798365, 4.904152, 0.18340424), (-0.00048828125, 0.000005185604, 0.000005722046), (7.5172024, 0.02326779, 0.02893284), (12.193688, 0.02326779, 0.028930604), (16.870169, 0.023269653, 0.028929114), (3.1834223, -0.025743619, 0.057877414), (10.581057, -0.025743991, 0.057882257), (20.06079, -0.012871623, 0.028935075), (-7.460457, -1.0216329, -10.620293), (-21.534555, 0.0000014901161, -2.7939677e-7), (-16.870134, 0.0000014901161, 0.000011175871), (-3.1910841, -10.010302, 0.0000059604645), (-2.2668107, -0.000011880184, 0.0000048428774), (0.0000038146973, 1.937151e-7, 9.536743e-7), (-3.65409, -4.9053993, -0.18114853), (0.00048446655, -0.000005364418, -9.536743e-7), (-7.517182, -0.023262203, -0.02892781), (-12.193654, -0.023265183, -0.028927997), (-16.870153, -0.023263693, -0.028925017), (-3.1834505, 0.025742501, -0.05788299), (-10.581082, 0.025742501, -0.057880312), (-20.060793, 0.012873113, -0.028936751), (0, 15.414148, 14.217138), (0, -22.313822, 12.629978), (0, 15.424344, -14.226538), (-0.0000076293945, -19.54507, -11.062821)],
                9: [(0, 0, 0), (0.17778844, 55.66902, 5.9227414), (1.0916724, 2.7939677e-7, 1.3969839e-7), (5.6438723, 0, -0.0000011175871), (4.4001927, -7.4505806e-7, -0.0000011175871), (6.5208344, -0.0000037252903, -0.000002514571), (8.674616, 0.54079664, 2.3416436), (11.345961, -0.0000014901161, -0.0000044703484), (19.468048, 0.0000029802322, 7.4505806e-7), (0.0000038146973, -0.0000019073486, 0), (7.912697, -0.0000023283064, 0.000014156103), (14.4729185, 0.000005401671, -0.0000029802322), (17.575586, 4.656613e-7, 0.0000044703484), (17.575592, 0.0000013038516, -0.0000014901161), (3.0811625, 0.7058356, -1.3090919), (3.7592158, -0.59409934, 0.0901971), (2.5308788, 0.000008381903, 0.0000030267984), (1.2962373, 6.6356733e-7, 0.0000026077032), (3.236705, 0.48849767, -0.23455304), (3.5000331, -0.67015517, 0.14770982), (2.9839835, -0.000011734664, -0.0000027939677), (1.5904022, 0.00002302695, -1.8626451e-7), (-0.07713699, 0.104019165, -0.009045601), (3.0107443, 0.95775276, 2.0751503), (2.3245287, 0.00009369105, -0.00020517036), (1.8777434, 0.0000013038516, 9.313226e-8), (0.9344615, -0.000008800998, -0.0000013038516), (3.1998734, 0.6414127, 0.86079586), (2.9670484, -0.55784446, 0.14345217), (2.6277635, -0.0000044703484, -0.000008754432), (1.5019182, -0.000010337681, 0.000008288771), (1.7393166, 1.1499965, -0.9577895), (0.43972307, 0.000010454096, 0.000007729977), (2.0402002, -0.000014528632, 0.000004004687), (2.1562147, 0.000006519258, 0.000007729977), (3.4676208, 2.6622849, -0.37421894), (8.581243, 0.0000014901161, 0.0000040978193), (13.781311, 0, -0.0000044703484), (19.46805, 0.0000044703484, -7.4505806e-7), (10.994272, -1.8279486, -0.0000040978193), (8.622102, 0.0000022351742, -0.0000029918738), (32.788734, -0.0000059604645, -0.000013038516), (32.788734, -0.0000059604645, -0.000013038516), (13.222504, 13.669266, -2.9802322e-8), (13.222504, 13.669264, -7.4644656), (-4.7683716e-7, 0, 0.0000038146973), (13.222504, 13.669269, 7.4642553), (0.0000014305115, 0, 0), (59.101044, -0.0000023841856, -5.9604645e-8), (8.674402, 0.5407996, -2.3416533), (-11.345916, 0.000006519258, 0.00009913929), (-19.467758, 0.000022351742, 0.00037699938), (-0.000009536742, 0, 0), (-7.9130425, 0.000015925616, -0.00032261014), (-14.472864, -0.000008568168, 0.00002682209), (-17.575623, -0.0000037252903, -0.000086426735), (-17.575613, -0.000003911555, -0.0000834465), (-3.081319, -0.70602185, 1.3090886), (-3.7592318, 0.5940725, -0.09020008), (-2.5308611, 0.00002970919, -5.5879354e-7), (-1.2962613, -0.000030128285, -0.000009406358), (-3.2369123, -0.48864755, 0.23454353), (-3.5000331, 0.6701745, -0.14770794), (-2.9839165, -0.00003222376, -0.0000052154064), (-1.5904258, -0.0000070547685, -0.000004656613), (0.0771637, -0.104011536, 0.009050369), (-3.0109, -0.9579064, -2.0751429), (-2.324577, -0.00006984919, 0.00021159649), (-1.877752, -0.000015750993, -0.00001527369), (-0.93441737, -0.000052410178, -0.000017415732), (-3.2000513, -0.64159685, -0.8608047), (-2.967091, 0.55780786, -0.14345013), (-2.6277184, 0.000022444874, -0.0000024214387), (-1.5019222, -8.032657e-7, -0.000004377216), (-1.7395, -1.1501487, 0.9577751), (-0.43976632, -0.00005122274, 0.00005378388), (-2.0401788, -0.000002142042, -0.000008009374), (-2.1562521, -0.000019930303, -0.00006277114), (-3.4667585, -2.6300201, 0.37039757), (-8.580888, 0.000019744039, 0.0003306195), (-13.781345, 0.0000067055225, 0.00006183982), (-19.46775, 0.000026077032, 0.00038221478), (0, -11.985055, 0), (-7.460442, -1.0216341, 10.6202965), (21.53455, 0.0000014901161, -7.4505806e-7), (16.87015, -0.0000029802322, 0), (3.1910868, 10.0103035, -0.0000044703484), (2.266841, -0.0000011175871, 0.0000011175871), (-0.0000038146973, 2.4028122e-7, -9.536743e-7), (3.6798365, 4.904152, 0.18340424), (-0.00048828125, 0.000005185604, 0.000005722046), (7.5172024, 0.02326332, 0.02893433), (12.193685, 0.023264438, 0.02893284), (16.870161, 0.023268163, 0.028929114), (3.1834223, -0.025743991, 0.05787839), (10.581053, -0.025744736, 0.057884306), (20.060787, -0.012874603, 0.028938055), (-7.460454, -1.0216342, -10.620293), (-21.534548, -0.0000029802322, -0.000009685755), (-16.870134, 0, 0.0000070780516), (-3.1910844, -10.010305, 0.0000048428774), (-2.2668111, -0.000010803342, 0.0000044703484), (0.0000038146973, 1.937151e-7, 9.536743e-7), (-3.65409, -4.9053993, -0.18114853), (0.00048446655, -0.000005364418, -9.536743e-7), (-7.5171766, -0.023265928, -0.02892986), (-12.193651, -0.023266673, -0.028930232), (-16.870146, -0.023263693, -0.02892837), (-3.183447, 0.02574101, -0.05788389), (-10.581077, 0.02573952, -0.05788356), (-20.060783, 0.012870133, -0.02894625), (0, 15.414148, 14.217138), (0, -22.313822, 12.629978), (0, 15.424344, -14.226538), (-0.0000076293945, -19.54507, -11.062821)],
                10: [(0, 0, 0), (0.4696408, 58.843796, 5.7220154), (1.091677, -3.7252903e-7, -2.3283064e-8), (5.643879, -0.0000011175871, -5.5879354e-7), (4.4001884, 7.4505806e-7, -9.313226e-7), (6.5208273, -0.0000022351742, -0.0000023283064), (8.674618, 0.5407982, 2.3416443), (11.345958, 7.4505806e-7, -0.0000014901161), (19.468044, -0.0000014901161, -0.0000052154064), (0.0000038146973, -0.0000019073486, 0), (7.9126964, -0.0000016298145, 0.000011175871), (14.472919, 0.0000015366822, 0.0000022351742), (17.57558, 0.0000033527613, 0.0000044703484), (17.575594, -0.000005401671, 0.0000029802322), (3.0811665, 0.7058364, -1.3090856), (3.75921, -0.59410316, 0.090193), (2.5308785, 0.000008940697, 0.0000027939677), (1.2962397, 0.0000022759195, 6.519258e-7), (3.236703, 0.48849618, -0.23455359), (3.5000358, -0.6701559, 0.14771335), (2.9839742, -0.000011362135, -0.0000057742), (1.590399, 0.00002286397, 3.7252903e-7), (-0.07713699, 0.104019165, -0.009045601), (3.0107398, 0.95775014, 2.0751464), (2.3245323, 0.000093877316, -0.00020228326), (1.877739, 6.519258e-7, -9.313226e-7), (0.93445724, -0.000010197982, 0.0000015366822), (3.1998754, 0.64141154, 0.8607974), (2.9670458, -0.55784553, 0.14345106), (2.6277614, -0.000008009374, -0.000006519258), (1.5019143, -0.00001215376, 0.000010523945), (1.7393192, 1.1499981, -0.9577863), (0.43972513, 0.000017887214, 0.000008381903), (2.040202, -0.000010896474, 0.000003632158), (2.1562128, 0.0000052154064, 0.0000060681487), (3.4676208, 2.6622849, -0.37421894), (8.5812435, 0.0000014901161, 0.0000052154064), (13.781312, -7.4505806e-7, -0.0000037252903), (19.468044, 0.0000014901161, -0.0000067055225), (10.994266, -1.8279433, -0.0000013038516), (8.622104, 0, -0.000002188608), (32.78872, -0.0000059604645, -0.0000055879354), (32.78872, -0.0000059604645, -0.0000055879354), (13.222504, 13.669266, -2.9802322e-8), (13.222504, 13.669264, -7.4644656), (-4.7683716e-7, 0, 0.0000038146973), (13.222504, 13.669269, 7.4642553), (0.0000014305115, 0, 0), (59.101044, -0.0000023841856, -5.9604645e-8), (8.674402, 0.5407996, -2.3416495), (-11.345916, 0.000008568168, 0.00010244548), (-19.467764, 0.000023841858, 0.0003784895), (-0.000009536742, 0, 0), (-7.9130383, 0.000018626451, -0.0003196299), (-14.472856, -0.0000052154064, 0.000032782555), (-17.575607, -0.0000029802322, -0.00007599592), (-17.575602, -0.0000040978193, -0.00007301569), (-3.0813198, -0.70602316, 1.3090881), (-3.7592351, 0.5940712, -0.09019971), (-2.530863, 0.000030477531, 6.519258e-7), (-1.2962642, -0.000031245872, -0.000006798655), (-3.2369123, -0.4886479, 0.2345454), (-3.5000331, 0.670172, -0.14771074), (-2.9839141, -0.000032724347, -0.000008009374), (-1.5904248, -0.000008009374, 0), (0.0771637, -0.104011536, 0.009050369), (-3.0108993, -0.9579074, -2.0751429), (-2.324575, -0.00006961636, 0.00021066517), (-1.8777506, -0.000012665987, -0.0000055879354), (-0.93441534, -0.00005280308, -0.000016856939), (-3.2000494, -0.64159614, -0.8608066), (-2.9670913, 0.5578072, -0.14345162), (-2.627719, 0.000024301698, 0.0000044703484), (-1.501924, -0.0000011525117, -0.0000027939677), (-1.7395003, -1.1501482, 0.95777565), (-0.43976375, -0.00005380716, 0.00005310867), (-2.0401757, -0.0000028871, -0.000006519258), (-2.1562512, -0.0000173226, -0.000063702464), (-3.4667585, -2.6300201, 0.37039757), (-8.580887, 0.000020489097, 0.0003308989), (-13.781343, 0.0000059604645, 0.00006221235), (-19.467752, 0.00002682209, 0.00038221478), (0, -11.985055, 0), (-7.4604406, -1.0216355, 10.620293), (21.534538, -0.0000044703484, 0.00000782311), (16.870144, -0.0000029802322, 0), (3.1910784, 10.010296, 0), (2.2668402, -0.0000030733645, 9.313226e-7), (-0.0000038146973, 2.4028122e-7, -9.536743e-7), (3.6798365, 4.904152, 0.18340424), (-0.00048828125, 0.000005185604, 0.000005722046), (7.5172024, 0.023264438, 0.028933585), (12.193678, 0.023264438, 0.02893433), (16.87016, 0.023265183, 0.028933585), (3.1834207, -0.025744364, 0.057879124), (10.581049, -0.025747716, 0.057887565), (20.060774, -0.012882054, 0.028945133), (-7.4604588, -1.0216355, -10.620291), (-21.534544, -0.0000044703484, -0.0000115484), (-16.870117, -0.0000059604645, -0.0000059604645), (-3.1910822, -10.010305, 0.000004656613), (-2.2668085, -0.000011362135, 0.0000037252903), (0.0000038146973, 1.937151e-7, 9.536743e-7), (-3.65409, -4.9053993, -0.18114853), (0.00048446655, -0.000005364418, -9.536743e-7), (-7.517172, -0.023266673, -0.028936192), (-12.193642, -0.023268908, -0.028939918), (-16.870127, -0.023271143, -0.028941035), (-3.1834497, 0.025742874, -0.057884865), (-10.5810795, 0.025741756, -0.057885423), (-20.060781, 0.012867153, -0.02894774), (0, 15.414148, 14.217138), (0, -22.313822, 12.629978), (0, 15.424344, -14.226538), (-0.0000076293945, -19.54507, -11.062821)],
                11: [(0, 0, 0), (0.6435812, 60.359257, 5.273509), (1.0916753, 9.313226e-8, -6.984919e-8), (5.6438727, 3.7252903e-7, 3.7252903e-7), (4.4001966, -3.7252903e-7, 2.7939677e-7), (6.520836, -0.0000037252903, -0.0000018626451), (8.67462, 0.54079664, 2.3416433), (11.345961, -0.0000033527613, -0.0000037252903), (19.468044, -0.0000014901161, -0.0000074505806), (0.0000038146973, -0.0000019073486, 0), (7.9126983, -0.0000026077032, 0.000014528632), (14.472919, 0.0000031664968, 0.0000014901161), (17.575586, 0.0000023283064, 0.0000067055225), (17.575594, 0.000002514571, 7.4505806e-7), (3.0811627, 0.7058359, -1.3090901), (3.759215, -0.5940992, 0.090197474), (2.5308802, 0.000006798655, 0.0000057742), (1.2962402, -3.8708095e-7, 0.0000012107193), (3.2367017, 0.48849714, -0.23455545), (3.5000317, -0.6701571, 0.14771092), (2.9839776, -0.0000128522515, -0.0000041909516), (1.5904002, 0.00002400484, -0.0000011175871), (-0.07713699, 0.104019165, -0.009045601), (3.0107446, 0.95775276, 2.0751505), (2.3245292, 0.00009313226, -0.00020433217), (1.8777406, 0.000002142042, -0.0000023283064), (0.9344646, -0.0000071246177, -0.0000044936314), (3.199876, 0.64141434, 0.8607977), (2.9670496, -0.55784416, 0.14345366), (2.627762, -0.000007543713, -0.000006519258), (1.5019189, -0.000008335337, 0.0000055879354), (1.7393168, 1.149995, -0.957788), (0.4397244, 0.000014304533, 0.000007636845), (2.0401986, -0.000018719584, 0.0000026077032), (2.1562185, 0.0000070780516, 0.0000053085387), (3.4676208, 2.6622849, -0.37421894), (8.581244, 0.0000014901161, 0.0000063329935), (13.781314, 0, -0.0000011175871), (19.468046, 0, -0.000008195639), (10.994275, -1.8279486, -0.0000024214387), (8.622102, 0, -0.0000022351742), (32.78872, -0.0000029802322, -0.000007636845), (32.78872, -0.0000029802322, -0.000007636845), (13.222504, 13.669266, -2.9802322e-8), (13.222504, 13.669264, -7.4644656), (-4.7683716e-7, 0, 0.0000038146973), (13.222504, 13.669269, 7.4642553), (0.0000014305115, 0, 0), (59.101044, -0.0000023841856, -5.9604645e-8), (8.674407, 0.5407982, -2.3416524), (-11.345916, 0.0000059604645, 0.000095553696), (-19.467768, 0.000022351742, 0.00037141144), (-0.000009536742, 0, 0), (-7.9130464, 0.000012665987, -0.0003233552), (-14.472872, -0.0000070780516, 0.000021606684), (-17.575624, -0.0000059604645, -0.00009089708), (-17.575623, -0.0000052154064, -0.00008791685), (-3.081319, -0.706028, 1.309083), (-3.759233, 0.5940674, -0.09020716), (-2.5308645, 0.00003054738, 0.0000043422915), (-1.2962613, -0.000029592775, -0.000004749745), (-3.2369137, -0.48865044, 0.23454316), (-3.5000377, 0.67017275, -0.14770553), (-2.9839196, -0.000028125942, 0.000001816079), (-1.590425, -0.0000071479008, -0.0000026077032), (0.0771637, -0.104011536, 0.009050369), (-3.010903, -0.957911, -2.075151), (-2.3245807, -0.000069779344, 0.00021476299), (-1.8777535, -0.000016856939, -0.000012759119), (-0.93441916, -0.000053242547, -0.000017415732), (-3.2000537, -0.6415962, -0.86080617), (-2.9670906, 0.5578061, -0.14345497), (-2.6277242, 0.000022770837, -0.0000013038516), (-1.501925, 0.0000012922101, 3.7252903e-7), (-1.7395068, -1.1501471, 0.95778424), (-0.43977186, -0.000049965456, 0.000051769894), (-2.040182, -0.0000020489097, -0.000008195639), (-2.1562538, -0.000020954758, -0.00006202608), (-3.4667585, -2.6300201, 0.37039757), (-8.58089, 0.000020116568, 0.00032698736), (-13.781349, 0.0000059604645, 0.000056251884), (-19.467758, 0.00002682209, 0.0003758818), (0, -11.985055, 0), (-7.4604416, -1.0216355, 10.620297), (21.53456, 0.0000044703484, -0.0000037252903), (16.870157, 0.0000044703484, -0.0000063329935), (3.1910844, 10.010305, -0.0000044703484), (2.2668426, -0.0000016763806, -0.0000013038516), (-0.0000038146973, 2.4028122e-7, -9.536743e-7), (3.6798365, 4.904152, 0.18340424), (-0.00048828125, 0.000005185604, 0.000005722046), (7.517208, 0.023268163, 0.028931443), (12.19369, 0.023269653, 0.02893079), (16.870173, 0.023274124, 0.02892688), (3.1834216, -0.025743246, 0.057878204), (10.581059, -0.025742501, 0.05788356), (20.06079, -0.012873113, 0.028936565), (-7.460458, -1.0216341, -10.620293), (-21.534548, -0.0000014901161, -0.000008195639), (-16.870127, -0.0000044703484, 0.0000037252903), (-3.1910832, -10.010302, 0.0000037252903), (-2.2668128, -0.000009313226, 0.000004854519), (0.0000038146973, 1.937151e-7, 9.536743e-7), (-3.65409, -4.9053993, -0.18114853), (0.00048446655, -0.000005364418, -9.536743e-7), (-7.5171747, -0.023266673, -0.028932467), (-12.193647, -0.023268163, -0.028933585), (-16.870136, -0.023266673, -0.028932095), (-3.1834497, 0.025742874, -0.057884164), (-10.58108, 0.025741756, -0.05788356), (-20.060783, 0.012871623, -0.02894476), (0, 15.414148, 14.217138), (0, -22.313822, 12.629978), (0, 15.424344, -14.226538), (-0.0000076293945, -19.54507, -11.062821)],
                12: [(0, 0, 0), (0.6936732, 57.928596, 4.619917), (1.0916753, -1.8626451e-7, 6.984919e-8), (5.6438713, 3.7252903e-7, 1.8626451e-7), (4.400185, 0.0000029802322, 0.0000020489097), (6.5208273, 7.4505806e-7, 0.0000022351742), (8.67461, 0.5408034, 2.3416455), (11.345957, 0.0000029802322, -0.0000029802322), (19.468042, 0.0000014901161, -0.000008940697), (0.0000038146973, -0.0000019073486, 0), (7.912697, -0.0000033061951, 0.000013038516), (14.472917, 0.0000017695129, 0), (17.575586, -0.0000023283064, 0.0000059604645), (17.575592, -0.0000018626451, 0.0000014901161), (3.0811636, 0.70583415, -1.3090886), (3.7592144, -0.5940985, 0.09019803), (2.5308821, 0.000008009374, 0.0000057742), (1.2962382, -0.0000015657861, 0.0000038184226), (3.236705, 0.48849657, -0.23455136), (3.5000346, -0.67015487, 0.14771223), (2.983984, -0.00001359731, -0.0000018626451), (1.5904022, 0.000024889596, -0.0000023283064), (-0.07713699, 0.104019165, -0.009045601), (3.010741, 0.9577513, 2.0751472), (2.324527, 0.00009248033, -0.00020600855), (1.8777444, -0.0000018626451, 0.0000037252903), (0.934459, -0.000008940697, 0.0000010244548), (3.199876, 0.6414119, 0.860798), (2.967041, -0.55784404, 0.14344734), (2.6277623, -0.000009452924, -0.0000044703484), (1.5019201, -0.0000062398612, 0.0000037252903), (1.7393194, 1.1499972, -0.9577839), (0.4397239, 0.000011373777, 0.0000077765435), (2.0402002, -0.000014994293, 0.0000027939677), (2.15622, 0.000009685755, 0.000008940697), (3.4676208, 2.6622849, -0.37421894), (8.58124, 0.0000011175871, -0.0000029802322), (13.781309, 0.0000029802322, -0.0000033527613), (19.468042, 0.0000044703484, -0.000009685755), (10.994255, -1.8279366, 0.0000035390258), (8.622099, 0.0000029802322, 0.0000011641532), (32.78871, 0.0000059604645, 0.0000055879354), (32.78871, 0.0000059604645, 0.0000055879354), (13.222504, 13.669266, -2.9802322e-8), (13.222504, 13.669264, -7.4644656), (-4.7683716e-7, 0, 0.0000038146973), (13.222504, 13.669269, 7.4642553), (0.0000014305115, 0, 0), (59.101044, -0.0000023841856, -5.9604645e-8), (8.674392, 0.5408026, -2.3416429), (-11.345916, 0.000008568168, 0.00009890646), (-19.467745, 0.000017881393, 0.00038929284), (-0.000009536742, 0, 0), (-7.91302, 0.000018812716, -0.00030845404), (-14.472829, -0.0000044703484, 0.000050663948), (-17.575571, 0.00000782311, -0.00005811453), (-17.575573, -0.0000026077032, -0.000052154064), (-3.0813124, -0.706018, 1.3090866), (-3.7592227, 0.59407467, -0.09020008), (-2.5308535, 0.000033155084, 0.0000055879354), (-1.2962626, -0.00003420282, -0.000011269003), (-3.2369063, -0.4886431, 0.23454688), (-3.5000257, 0.67017645, -0.14770888), (-2.983904, -0.000030640513, -0.000006321352), (-1.5904222, -0.000011525117, -0.000006519258), (0.0771637, -0.104011536, 0.009050369), (-3.0108926, -0.95790374, -2.075137), (-2.3245723, -0.00006589107, 0.00022072345), (-1.877743, -0.00001359731, -0.000012540113), (-0.9344149, -0.000053230906, -0.00001648441), (-3.2000442, -0.64159036, -0.8607995), (-2.9670873, 0.55781025, -0.14344566), (-2.6277125, 0.000025518239, 0.0000023748726), (-1.5019202, -0.0000019790605, -0.0000031664968), (-1.7394996, -1.1501417, 0.9577799), (-0.43976632, -0.00005089678, 0.00005150214), (-2.0401716, -0.0000024214387, -0.000008009374), (-2.1562462, -0.000017881393, -0.00006388873), (-3.4667585, -2.6300201, 0.37039757), (-8.580878, 0.00001937151, 0.00033732504), (-13.781333, 0.0000059604645, 0.00007040799), (-19.467735, 0.0000230968, 0.00039339066), (0, -11.985055, 0), (-7.460439, -1.0216341, 10.620293), (21.534544, 0, 0), (16.87015, 0, -0.0000014901161), (3.1910832, 10.010299, -0.0000014901161), (2.2668407, -0.0000034458935, 0.0000016763806), (-0.0000038146973, 2.4028122e-7, -9.536743e-7), (3.6798365, 4.904152, 0.18340424), (-0.00048828125, 0.000005185604, 0.000005722046), (7.5172005, 0.023265183, 0.028933212), (12.193684, 0.023266673, 0.02893284), (16.870161, 0.023268163, 0.028930604), (3.183423, -0.025742874, 0.057878017), (10.581055, -0.025744736, 0.05788468), (20.060783, -0.012874603, 0.028939545), (-7.460457, -1.0216358, -10.620292), (-21.53455, -0.0000014901161, -0.0000067055225), (-16.870129, -0.0000044703484, 0.0000044703484), (-3.1910837, -10.010301, 0.0000033527613), (-2.266809, -0.000012665987, 0.0000036685378), (0.0000038146973, 1.937151e-7, 9.536743e-7), (-3.65409, -4.9053993, -0.18114853), (0.00048446655, -0.000005364418, -9.536743e-7), (-7.5171766, -0.023268163, -0.02893135), (-12.19365, -0.0232663, -0.028932095), (-16.87014, -0.023265183, -0.028932095), (-3.183449, 0.025742128, -0.057884235), (-10.58108, 0.02574101, -0.057883468), (-20.060785, 0.012871623, -0.028944388), (0, 15.414148, 14.217138), (0, -22.313822, 12.629978), (0, 15.424344, -14.226538), (-0.0000076293945, -19.54507, -11.062821)],
                13: [(0, 0, 0), (0.6121656, 53.94187, 3.657122), (1.0916723, 2.7939677e-7, 9.313226e-8), (5.643877, -0.0000011175871, -7.4505806e-7), (4.4001937, -3.7252903e-7, -2.7939677e-7), (6.5208354, -0.0000029802322, -6.519258e-7), (8.674616, 0.5407989, 2.3416438), (11.34596, -0.0000011175871, -0.0000044703484), (19.468046, 0.0000044703484, -0.0000040978193), (0.0000038146973, -0.0000019073486, 0), (7.912697, -0.000005972106, 0.000014156103), (14.472914, 0.0000035215635, -0.0000022351742), (17.57558, -5.296897e-7, 0.0000074505806), (17.575588, -0.0000010652002, -0.0000014901161), (3.0811646, 0.70583373, -1.3090852), (3.7592144, -0.5941003, 0.090198964), (2.530878, 0.00000805594, 0.0000020489097), (1.296241, -6.0827006e-7, 0.0000016763806), (3.236703, 0.48849648, -0.2345521), (3.5000305, -0.67015713, 0.1477113), (2.9839773, -0.000014528632, -0.0000016763806), (1.5903964, 0.00002128072, 0.0000034458935), (-0.07713699, 0.104019165, -0.009045601), (3.010743, 0.9577496, 2.0751488), (2.3245294, 0.0000921078, -0.00020377338), (1.8777416, -9.262294e-7, 0.0000029802322), (0.93445843, -0.000007962808, 3.0267984e-7), (3.199876, 0.6414108, 0.8607987), (2.967047, -0.5578453, 0.14345217), (2.62776, -0.0000067520887, -0.000009872019), (1.5019172, -0.0000067055225, 0.0000048428774), (1.7393178, 1.1499939, -0.9577846), (0.439724, 0.000013760291, 0.000006798655), (2.0401986, -0.000017997809, 0.0000033527613), (2.156218, 0.000008009374, 0.000007264316), (3.4676208, 2.6622849, -0.37421894), (8.581243, 0.0000018626451, 0.0000026077032), (13.781311, 7.4505806e-7, -0.0000055879354), (19.468046, 0.0000044703484, -0.0000040978193), (10.994268, -1.827944, -9.313226e-7), (8.622107, -0.0000014901161, -0.0000019557774), (32.78872, -0.0000029802322, -0.0000055879354), (32.78872, -0.0000029802322, -0.0000055879354), (13.222504, 13.669266, -2.9802322e-8), (13.222504, 13.669264, -7.4644656), (-4.7683716e-7, 0, 0.0000038146973), (13.222504, 13.669269, 7.4642553), (0.0000014305115, 0, 0), (59.101044, -0.0000023841856, -5.9604645e-8), (8.674397, 0.5408004, -2.3416488), (-11.345916, 0.0000055879354, 0.00009648502), (-19.467756, 0.000025331974, 0.00038072467), (-0.000009536742, 0, 0), (-7.9130397, 0.000018067658, -0.00031888485), (-14.472855, -0.000010989606, 0.00003129244), (-17.575607, -3.7252903e-7, -0.00008046627), (-17.575603, -1.8626451e-7, -0.00007599592), (-3.0813177, -0.706023, 1.3090894), (-3.759232, 0.59407026, -0.09020157), (-2.5308597, 0.000027148053, -0.0000028405339), (-1.2962637, -0.000031664968, -0.000008102506), (-3.2369103, -0.48864597, 0.2345439), (-3.5000343, 0.6701743, -0.14770366), (-2.9839172, -0.000028312206, 8.8475645e-7), (-1.5904237, -0.0000069092494, 7.4505806e-7), (0.0771637, -0.104011536, 0.009050369), (-3.010901, -0.9579067, -2.0751412), (-2.3245757, -0.00006780028, 0.00021178275), (-1.8777467, -0.000014808029, -0.000011839438), (-0.9344157, -0.00005309703, -0.000015925616), (-3.200049, -0.6415939, -0.8608032), (-2.9670897, 0.5578087, -0.14345013), (-2.6277153, 0.0000230968, -0.0000022664608), (-1.5019212, -0.0000020314474, -0.0000040978193), (-1.739501, -1.1501461, 0.9577771), (-0.43976867, -0.00005052425, 0.000051618554), (-2.0401738, -0.000006146729, -0.00000782311), (-2.156249, -0.000021979213, -0.000060535967), (-3.4667585, -2.6300201, 0.37039757), (-8.580894, 0.000017881393, 0.00032559037), (-13.781352, 0.0000059604645, 0.000056251884), (-19.467756, 0.000026077032, 0.00037960708), (0, -11.985055, 0), (-7.460442, -1.0216355, 10.6202965), (21.534554, 0.0000029802322, -0.0000016763806), (16.870153, 0, -0.0000037252903), (3.1910799, 10.010299, -0.0000014901161), (2.2668407, -0.0000030035153, 0.0000016763806), (-0.0000038146973, 2.4028122e-7, -9.536743e-7), (3.6798365, 4.904152, 0.18340424), (-0.00048828125, 0.000005185604, 0.000005722046), (7.5172005, 0.023265183, 0.02893284), (12.193688, 0.023265928, 0.02893284), (16.870169, 0.023268163, 0.02893135), (3.1834245, -0.025742128, 0.057877645), (10.581055, -0.025743246, 0.057882816), (20.060787, -0.012874603, 0.028934143), (-7.460457, -1.0216341, -10.620292), (-21.534554, 0, -0.000008195639), (-16.870134, -0.0000020489097, 0.0000074505806), (-3.1910841, -10.010305, 0.0000037252903), (-2.2668107, -0.000011734664, 0.0000045925844), (0.0000038146973, 1.937151e-7, 9.536743e-7), (-3.65409, -4.9053993, -0.18114853), (0.00048446655, -0.000005364418, -9.536743e-7), (-7.517179, -0.023265928, -0.028930604), (-12.193651, -0.023265556, -0.02892986), (-16.870144, -0.023267418, -0.028929114), (-3.1834505, 0.025742501, -0.057883747), (-10.581081, 0.025741756, -0.057882816), (-20.060785, 0.012871623, -0.02894178), (0, 15.414148, 14.217138), (0, -22.313822, 12.629978), (0, 15.424344, -14.226538), (-0.0000076293945, -19.54507, -11.062821)],
                14: [(0, 0, 0), (0.4357372, 49.11495, 2.421393), (1.0916748, -9.313226e-8, -2.561137e-7), (5.643875, -3.7252903e-7, -0.0000011175871), (4.400191, 7.4505806e-7, -9.313226e-8), (6.5208287, 0, -1.8626451e-7), (8.674611, 0.5408019, 2.3416445), (11.345959, 7.4505806e-7, -0.0000055879354), (19.468039, 0, -0.000011920929), (0.0000038146973, -0.0000019073486, 0), (7.912694, 0.000002537854, 0.000009685755), (14.4729185, 0.0000026775524, 0), (17.575583, 0.0000029802322, 0.0000059604645), (17.575592, -0.0000030733645, 0.0000014901161), (3.0811644, 0.70583546, -1.3090894), (3.7592144, -0.59409964, 0.090197474), (2.5308776, 0.000008102506, 0.0000024214387), (1.2962393, -0.0000013620593, 0.0000026077032), (3.2367039, 0.4884964, -0.23455322), (3.5000303, -0.670156, 0.14770776), (2.9839816, -0.0000124797225, -0.000004284084), (1.5903999, 0.00002044253, 0.000003632158), (-0.07713699, 0.104019165, -0.009045601), (3.0107424, 0.95775163, 2.075148), (2.324528, 0.00009397045, -0.00020582229), (1.8777434, 0.0000015294063, -5.5879354e-7), (0.9344634, -0.00000805594, -0.0000033993274), (3.1998754, 0.64141417, 0.8607959), (2.9670439, -0.5578447, 0.14344957), (2.6277587, -0.00000607688, -0.000009126961), (1.501916, -0.0000081490725, 0.0000074505806), (1.7393169, 1.1499968, -0.9577885), (0.43972433, 0.000011431985, 0.000007171184), (2.0402024, -0.0000142725185, 0.0000022351742), (2.156219, 0.0000059604645, 0.000003632158), (3.4676208, 2.6622849, -0.37421894), (8.581241, 7.4505806e-7, 7.4505806e-7), (13.781312, 0.0000029802322, -0.000004656613), (19.468039, 0.0000029802322, -0.000014528632), (10.994266, -1.8279426, 1.8626451e-7), (8.622095, 0.0000037252903, 1.8626451e-7), (32.78872, 0.0000029802322, 3.7252903e-7), (32.78872, 0.0000029802322, 3.7252903e-7), (13.222504, 13.669266, -2.9802322e-8), (13.222504, 13.669264, -7.4644656), (-4.7683716e-7, 0, 0.0000038146973), (13.222504, 13.669269, 7.4642553), (0.0000014305115, 0, 0), (59.101044, -0.0000023841856, -5.9604645e-8), (8.674401, 0.5408004, -2.3416476), (-11.345916, 0.000008195639, 0.00010188669), (-19.467754, 0.000020861626, 0.0003825873), (-0.000009536742, 0, 0), (-7.9130344, 0.000013411045, -0.0003144145), (-14.472845, -0.0000067055225, 0.00003874302), (-17.575598, -0.0000013969839, -0.00006854534), (-17.575594, -9.313226e-7, -0.000067055225), (-3.0813167, -0.7060216, 1.3090876), (-3.7592306, 0.59407085, -0.09020008), (-2.5308611, 0.00003199093, 0.0000074107447), (-1.2962606, -0.000030023511, -0.000002142042), (-3.2369115, -0.48864466, 0.23454987), (-3.5000346, 0.6701754, -0.14770329), (-2.9839153, -0.000029057264, 0.00000144355), (-1.5904251, -0.000009150244, -0.0000048428774), (0.0771637, -0.104011536, 0.009050369), (-3.0108957, -0.95790756, -2.0751424), (-2.3245769, -0.000068265945, 0.00021420419), (-1.877749, -0.000016018748, -0.0000117579475), (-0.9344167, -0.000053993426, -0.000018067658), (-3.2000477, -0.64159304, -0.86080205), (-2.967088, 0.5578082, -0.14344864), (-2.6277173, 0.000023469329, 0.0000038649887), (-1.5019232, -0.0000010477379, -0.0000016763806), (-1.7395005, -1.150145, 0.95778036), (-0.4397663, -0.00005015172, 0.000054156408), (-2.0401766, 0.0000018626451, -0.000008568168), (-2.1562462, -0.000025052577, -0.00006109476), (-3.4667585, -2.6300201, 0.37039757), (-8.580891, 0.000017508864, 0.00033006072), (-13.781339, 0.0000067055225, 0.00006556511), (-19.467747, 0.000023841858, 0.00038407743), (0, -11.985055, 0), (-7.4604487, -1.0216341, 10.620303), (21.534565, 0.000008940697, -0.000009872019), (16.870167, 0.000008195639, -0.0000059604645), (3.1910896, 10.010309, -0.0000044703484), (2.2668421, -0.0000020721927, -3.7252903e-7), (-0.0000038146973, 2.4028122e-7, -9.536743e-7), (3.6798365, 4.904152, 0.18340424), (-0.00048828125, 0.000005185604, 0.000005722046), (7.5172067, 0.02326928, 0.02893135), (12.193698, 0.023271888, 0.028929114), (16.87018, 0.023274124, 0.028926134), (3.183427, -0.025741383, 0.057876926), (10.581066, -0.025738776, 0.05787965), (20.060799, -0.012867153, 0.0289293), (-7.4604588, -1.0216305, -10.620296), (-21.53456, 0.0000029802322, -0.0000014901161), (-16.870134, -0.000004656613, 0.0000059604645), (-3.1910815, -10.010304, 0.0000029802322), (-2.266811, -0.000010244548, 0.00000402797), (0.0000038146973, 1.937151e-7, 9.536743e-7), (-3.65409, -4.9053993, -0.18114853), (0.00048446655, -0.000005364418, -9.536743e-7), (-7.5171776, -0.023266487, -0.028930604), (-12.193652, -0.0232663, -0.028932095), (-16.870142, -0.023264624, -0.028933585), (-3.1834497, 0.025742874, -0.057883747), (-10.581086, 0.025743246, -0.05788058), (-20.060795, 0.012876093, -0.028941035), (0, 15.414148, 14.217138), (0, -22.313822, 12.629978), (0, 15.424344, -14.226538), (-0.0000076293945, -19.54507, -11.062821)],
                15: [(0, 0, 0), (0.15499173, 48.070114, 1.9914333), (1.0916721, 4.656613e-7, 4.656613e-8), (5.643879, -0.0000014901161, -4.656613e-7), (4.400191, 0.0000011175871, 5.122274e-7), (6.5208235, 7.4505806e-7, 0.0000015832484), (8.674613, 0.5408019, 2.341646), (11.34596, 0.0000022351742, -0.0000033527613), (19.46804, 0, -0.000010011718), (0.0000038146973, -0.0000019073486, 0), (7.9126983, 7.4505806e-7, 0.000011175871), (14.472924, 0.0000022118911, 0.0000014901161), (17.575588, 0.0000038184226, 0.0000074505806), (17.575598, -0.0000020023435, 0.0000029802322), (3.0811636, 0.70583624, -1.3090909), (3.759215, -0.5940998, 0.09019673), (2.5308807, 0.000009033829, 0.0000033527613), (1.2962399, -1.9208528e-7, 0.0000017695129), (3.2367058, 0.48849675, -0.23455285), (3.500032, -0.67015725, 0.14770868), (2.9839818, -0.000012200326, -0.0000037252903), (1.5904022, 0.000023189932, -1.8626451e-7), (-0.07713699, 0.104019165, -0.009045601), (3.010744, 0.9577531, 2.0751493), (2.3245313, 0.000092666596, -0.00020284206), (1.8777444, 2.3283064e-7, 0.0000016763806), (0.9344615, -0.000008242205, -0.0000015366822), (3.1998773, 0.641414, 0.8607987), (2.9670455, -0.55784625, 0.14345106), (2.6277595, -0.000007962808, -0.0000070780516), (1.5019156, -0.000007310882, 0.000007543713), (1.7393168, 1.1499969, -0.95778906), (0.43972397, 0.000014214311, 0.000009406358), (2.0401993, -0.000016577542, 0.0000035390258), (2.1562164, 0.0000055879354, 0.000006519258), (3.4676208, 2.6622849, -0.37421894), (8.581239, 0, -0.0000025844201), (13.781311, 7.4505806e-7, -0.0000051688403), (19.468042, 0.0000029802322, -0.000011222437), (10.994258, -1.8279374, 0.0000027939677), (8.622096, 0.0000044703484, 0.0000027474016), (32.788692, 0.000011920929, 0.000011362135), (32.788692, 0.000011920929, 0.000011362135), (13.222504, 13.669266, -2.9802322e-8), (13.222504, 13.669264, -7.4644656), (-4.7683716e-7, 0, 0.0000038146973), (13.222504, 13.669269, 7.4642553), (0.0000014305115, 0, 0), (59.101044, -0.0000023841856, -5.9604645e-8), (8.674394, 0.5408019, -2.3416448), (-11.345917, 0.0000091444235, 0.00010312069), (-19.46775, 0.00001937151, 0.00038668513), (-0.000009536742, 0, 0), (-7.913032, 0.000016391277, -0.00031292439), (-14.472845, -0.00000782311, 0.000040233135), (-17.575594, 0, -0.000067055225), (-17.575588, -0.0000037252903, -0.00006258488), (-3.0813148, -0.70602316, 1.3090843), (-3.7592313, 0.59407, -0.09020269), (-2.5308614, 0.000031548552, -7.4505806e-7), (-1.2962615, -0.000030733645, -0.000009406358), (-3.2369096, -0.48864493, 0.23454465), (-3.5000296, 0.6701754, -0.14770776), (-2.9839084, -0.00002924935, -0.000004749745), (-1.5904216, -0.000007636845, 0), (0.0771637, -0.104011536, 0.009050369), (-3.010895, -0.9579074, -2.0751426), (-2.3245761, -0.00006761402, 0.00021420419), (-1.8777479, -0.000014621764, -0.000007636845), (-0.93441504, -0.000053131953, -0.000016856939), (-3.2000468, -0.641593, -0.86079985), (-2.9670887, 0.55780935, -0.14344826), (-2.6277158, 0.000022453605, -0.0000020489097), (-1.5019215, -1.8626451e-7, 5.5879354e-7), (-1.7395012, -1.1501455, 0.95777583), (-0.439764, -0.000051688403, 0.00005387701), (-2.040173, -0.0000036787242, -0.0000067055225), (-2.156247, -0.000024068868, -0.00005979091), (-3.4667585, -2.6300201, 0.37039757), (-8.580885, 0.000018440187, 0.0003322959), (-13.781343, 0.0000014901161, 0.00006221235), (-19.467745, 0.000021606684, 0.00038594007), (0, -11.985055, 0), (-7.4604406, -1.0216341, 10.620294), (21.534548, -0.0000014901161, 7.4505806e-7), (16.870155, 0.0000014901161, -0.0000044703484), (3.1910806, 10.010298, -0.0000022351742), (2.266841, -0.0000015599653, 0.0000011175871), (-0.0000038146973, 2.4028122e-7, -9.536743e-7), (3.6798365, 4.904152, 0.18340424), (-0.00048828125, 0.000005185604, 0.000005722046), (7.5172024, 0.023267046, 0.028933585), (12.193686, 0.023266673, 0.02893284), (16.870169, 0.023270398, 0.028930604), (3.1834226, -0.025742874, 0.057878252), (10.581056, -0.025743991, 0.057884306), (20.060787, -0.012874603, 0.0289388), (-7.460454, -1.0216348, -10.620293), (-21.534561, 0.0000029802322, -0.0000014901161), (-16.870142, -7.4505806e-7, 0.000016391277), (-3.1910868, -10.010303, 0.0000044703484), (-2.2668114, -0.000010244548, 0.0000051688403), (0.0000038146973, 1.937151e-7, 9.536743e-7), (-3.65409, -4.9053993, -0.18114853), (0.00048446655, -0.000005364418, -9.536743e-7), (-7.517184, -0.023264252, -0.028926134), (-12.193658, -0.023264438, -0.028923899), (-16.870153, -0.023267418, -0.028918684), (-3.1834512, 0.025742687, -0.057883374), (-10.581087, 0.025742501, -0.057879835), (-20.060795, 0.012874603, -0.028939545), (0, 15.414148, 14.217138), (0, -22.313822, 12.629978), (0, 15.424344, -14.226538), (-0.0000076293945, -19.54507, -11.062821)],
                16: [(0, 0, 0), (-0.24690565, 49.274532, 3.1771712), (1.0916777, -5.5879354e-7, 9.313226e-8), (5.6438775, -3.7252903e-7, -6.519258e-7), (4.40019, 0.0000011175871, 9.313226e-8), (6.520829, -0.0000014901161, -2.7939677e-7), (8.674617, 0.5407996, 2.341644), (11.34596, 0.0000026077032, 0.000005401671), (19.468039, -0.0000029802322, -0.000013411045), (0.0000038146973, -0.0000019073486, 0), (7.9126916, -4.8894435e-7, 0.000013411045), (14.472911, -0.0000019557774, 0.0000014901161), (17.575577, -0.0000033993274, 0.0000074505806), (17.575586, -0.0000049360096, 0), (3.0811617, 0.70583314, -1.3090898), (3.7592113, -0.5941035, 0.090194866), (2.5308766, 0.000006891787, 0.0000038184226), (1.2962373, -0.0000011175871, 0.000003259629), (3.236702, 0.4884949, -0.23455359), (3.500031, -0.6701592, 0.14770868), (2.9839802, -0.000013317913, -0.0000020489097), (1.5903972, 0.000023539178, 5.5879354e-7), (-0.07713699, 0.104019165, -0.009045601), (3.0107417, 0.957749, 2.0751464), (2.3245294, 0.00009317882, -0.00020302832), (1.8777444, 0.0000011641532, -1.8626451e-7), (0.9344619, -0.000007648487, -0.000003259629), (3.1998773, 0.6414121, 0.8608004), (2.9670465, -0.5578429, 0.14345273), (2.6277583, -0.0000060070306, -0.000009685755), (1.5019164, -0.000006998016, 0.000004656613), (1.7393169, 1.1499956, -0.9577865), (0.43972424, 0.000010733493, 0.000006891787), (2.0401995, -0.000012782402, 0.0000029802322), (2.1562173, 0.0000057742, 0.0000064261258), (3.4676208, 2.6622849, -0.37421894), (8.581243, 0.0000011175871, 0.0000011175871), (13.781306, -7.4505806e-7, -0.0000074505806), (19.468044, 0, -0.000010803342), (10.994262, -1.8279411, 0), (8.622107, -0.0000014901161, -2.561137e-7), (32.78871, 0.0000029802322, -0.000001071021), (32.78871, 0.0000029802322, -0.000001071021), (13.222504, 13.669266, -2.9802322e-8), (13.222504, 13.669264, -7.4644656), (-4.7683716e-7, 0, 0.0000038146973), (13.222504, 13.669269, 7.4642553), (0.0000014305115, 0, 0), (59.101044, -0.0000023841856, -5.9604645e-8), (8.674401, 0.5407989, -2.341648), (-11.345918, 0.000007636845, 0.000101700425), (-19.467754, 0.000018067658, 0.00038146973), (-0.000009536742, 0, 0), (-7.9130344, 0.000012293458, -0.00031217933), (-14.472845, -0.0000074505806, 0.000040978193), (-17.575598, -0.0000029802322, -0.00006854534), (-17.575596, -0.0000067055225, -0.00006109476), (-3.0813146, -0.70602196, 1.3090866), (-3.7592273, 0.5940709, -0.09020381), (-2.5308568, 0.000030174851, 0.0000031664968), (-1.2962593, -0.000031059608, -0.0000086613), (-3.2369084, -0.48864615, 0.23454595), (-3.5000298, 0.6701745, -0.1477046), (-2.9839115, -0.000029988587, -0.0000029802322), (-1.5904227, -0.000007729977, -9.313226e-7), (0.0771637, -0.104011536, 0.009050369), (-3.010895, -0.9579072, -2.0751438), (-2.324577, -0.000068731606, 0.00021290034), (-1.8777473, -0.000015366822, -0.0000092200935), (-0.9344155, -0.000053364784, -0.000017881393), (-3.2000468, -0.64159316, -0.8607989), (-2.9670868, 0.5578076, -0.14344566), (-2.6277118, 0.0000230968, -3.7252903e-7), (-1.5019206, -0.0000010244548, -9.313226e-7), (-1.7395, -1.1501445, 0.95777905), (-0.4397664, -0.000049447408, 0.000054808334), (-2.0401719, -0.0000035375706, -0.0000074505806), (-2.1562445, -0.000021513551, -0.00006146729), (-3.4667585, -2.6300201, 0.37039757), (-8.580888, 0.00001695007, 0.0003285706), (-13.781346, 1.8626451e-7, 0.00005811453), (-19.467745, 0.000023283064, 0.00038668513), (0, -11.985055, 0), (-7.4604435, -1.0216326, 10.620295), (21.534555, 0.0000029802322, -0.0000014901161), (16.870161, 0.0000052154064, -0.0000029802322), (3.1910849, 10.010303, -0.0000029802322), (2.266841, -0.0000020023435, 7.4505806e-7), (-0.0000038146973, 2.4028122e-7, -9.536743e-7), (3.6798365, 4.904152, 0.18340424), (-0.00048828125, 0.000005185604, 0.000005722046), (7.5172043, 0.023268908, 0.02893284), (12.193691, 0.023270398, 0.028932095), (16.870173, 0.023272634, 0.028929114), (3.1834233, -0.025741942, 0.057877228), (10.5810585, -0.025741756, 0.057882816), (20.060793, -0.012868643, 0.028935075), (-7.460455, -1.0216346, -10.620293), (-21.534554, 0, -0.0000074505806), (-16.870132, -7.4505806e-7, 0.0000029802322), (-3.1910832, -10.010302, 0.000003911555), (-2.266809, -0.000011175871, 0.000003911555), (0.0000038146973, 1.937151e-7, 9.536743e-7), (-3.65409, -4.9053993, -0.18114853), (0.00048446655, -0.000005364418, -9.536743e-7), (-7.5171776, -0.023262575, -0.028931722), (-12.193648, -0.023267418, -0.028933585), (-16.870138, -0.023269653, -0.028932095), (-3.1834512, 0.025741383, -0.057883747), (-10.58108, 0.02574101, -0.05788207), (-20.060781, 0.012873113, -0.028944016), (0, 15.414148, 14.217138), (0, -22.313822, 12.629978), (0, 15.424344, -14.226538), (-0.0000076293945, -19.54507, -11.062821)],
                17: [(0, 0, 0), (-0.7550965, 53.49246, 4.4893184), (1.0916772, -3.958121e-7, 2.4738256e-8), (5.643874, 6.053597e-7, -2.5029294e-7), (4.4001966, -2.7939677e-7, -5.878974e-7), (6.520829, -1.3969839e-7, -0.0000011292286), (8.674613, 0.54080147, 2.341644), (11.345961, 0.0000011117663, 7.734343e-7), (19.46804, 0.000001071021, -0.0000092200935), (0.0000038146973, -0.0000019073486, 0), (7.9126983, 4.307367e-7, 0.000012945384), (14.472922, 0.000002561137, 9.313226e-7), (17.575588, 0.0000047963113, 0.000005029142), (17.575598, 0.000002514571, -9.313226e-7), (3.0811667, 0.7058333, -1.3090944), (3.7592127, -0.5940994, 0.09019671), (2.5308802, 0.000008403367, 0.0000015366822), (1.2962401, -0.0000017113052, 0.000004400499), (3.2367063, 0.48849428, -0.23455936), (3.5000331, -0.67015964, 0.14770421), (2.98398, -0.000013659883, -0.00000417931), (1.5903986, 0.000022299355, 5.0640665e-7), (-0.07713699, 0.104019165, -0.009045601), (3.010744, 0.9577533, 2.075149), (2.3245296, 0.000093420385, -0.00020489097), (1.877743, 9.662472e-7, -9.1968104e-7), (0.9344615, -0.0000080573955, 0.0000010011718), (3.1998775, 0.64141434, 0.86079687), (2.9670477, -0.5578452, 0.14344952), (2.6277623, -0.000006211485, -0.000010069925), (1.5019172, -0.000009476207, 0.000009324867), (1.7393166, 1.1499965, -0.9577864), (0.43972483, 0.000011119118, 0.0000061937158), (2.0402012, -0.00001800654, 0.0000026251655), (2.1562197, 0.0000068619556, 0.0000049592927), (3.4676208, 2.6622849, -0.37421894), (8.581239, 6.7520887e-7, -7.916242e-7), (13.781315, 0.0000027008355, -4.656613e-7), (19.46804, 0.000001816079, -0.000010430813), (10.994262, -1.8279411, 1.7462298e-7), (8.622103, 0.0000016298145, 4.292815e-8), (32.788715, 0.0000024214387, 0.0000010622898), (32.788715, 0.0000024214387, 0.0000010622898), (13.222504, 13.669266, -2.9802322e-8), (13.222504, 13.669264, -7.4644656), (-4.7683716e-7, 0, 0.0000038146973), (13.222504, 13.669269, 7.4642553), (0.0000014305115, 0, 0), (59.101044, -0.0000023841856, -5.9604645e-8), (8.6743965, 0.5408013, -2.341648), (-11.345915, 0.0000041443855, 0.00009654323), (-19.46775, 0.000017820275, 0.000382727), (-0.000009536742, 0, 0), (-7.9130344, 0.000010873191, -0.00031148084), (-14.47285, -0.000005448237, 0.000039860606), (-17.5756, -8.8475645e-7, -0.000067055225), (-17.575594, -0.00000926666, -0.00005844049), (-3.081317, -0.70602393, 1.3090843), (-3.7592292, 0.5940707, -0.090200625), (-2.5308585, 0.000031199306, 3.7252903e-7), (-1.2962594, -0.000029953662, -0.000009540236), (-3.2369108, -0.48864684, 0.23454393), (-3.5000312, 0.67017543, -0.1477057), (-2.9839103, -0.000030279625, -0.0000032247044), (-1.5904198, -0.0000079511665, -0.0000022759195), (0.0771637, -0.104011536, 0.009050369), (-3.0108957, -0.9579096, -2.0751448), (-2.3245764, -0.00006885966, 0.00021372398), (-1.8777496, -0.000016012928, -0.00000911532), (-0.9344172, -0.00005433685, -0.000015340629), (-3.2000487, -0.6415926, -0.860802), (-2.9670885, 0.5578081, -0.14344801), (-2.6277144, 0.000022503082, 2.4447218e-7), (-1.5019184, -7.392373e-7, -0.000002386514), (-1.7395016, -1.1501454, 0.95777756), (-0.43976587, -0.000046215246, 0.000055079), (-2.0401728, -0.0000010884833, -0.000007729977), (-2.1562452, -0.00002097222, -0.000060675666), (-3.4667585, -2.6300201, 0.37039757), (-8.580884, 0.000017509592, 0.0003324356), (-13.781339, 0.000002978777, 0.00006631017), (-19.467745, 0.000018582796, 0.00038263388), (0, -11.985055, 0), (-7.460446, -1.0216339, 10.620297), (21.534555, 0.0000020489097, -0.0000024214387), (16.87016, 1.3969839e-7, -0.0000029802322), (3.1910882, 10.010312, -0.000003911555), (2.2668417, -0.0000013562385, -2.561137e-7), (-0.0000038146973, 2.4028122e-7, -9.536743e-7), (3.6798365, 4.904152, 0.18340424), (-0.00048828125, 0.000005185604, 0.000005722046), (7.5172057, 0.023264788, 0.0289327), (12.193688, 0.023267092, 0.028931955), (16.87017, 0.023269933, 0.028931256), (3.1834252, -0.025743257, 0.05787831), (10.581057, -0.025743386, 0.057884026), (20.060793, -0.012872834, 0.028936286), (-7.4604554, -1.0216331, -10.620293), (-21.534548, -5.5879354e-7, -0.0000074505806), (-16.870123, -0.0000056810677, -3.958121e-7), (-3.1910856, -10.010302, 0.0000054074917), (-2.2668097, -0.000010106305, 0.00000463333), (0.0000038146973, 1.937151e-7, 9.536743e-7), (-3.65409, -4.9053993, -0.18114853), (0.00048446655, -0.000005364418, -9.536743e-7), (-7.5171733, -0.023267278, -0.028933713), (-12.193644, -0.023268163, -0.028936308), (-16.870134, -0.023269653, -0.02893689), (-3.1834512, 0.02574171, -0.057883583), (-10.581079, 0.02574192, -0.057881605), (-20.060783, 0.012872601, -0.028943364), (0, 15.414148, 14.217138), (0, -22.313822, 12.629978), (0, 15.424344, -14.226538), (-0.0000076293945, -19.54507, -11.062821)],
                18: [(0, 0, 0), (-1.0073391, 55.639362, 5.053177), (1.0916764, -3.4924597e-7, -3.3178367e-7), (5.643878, -9.313226e-7, -0.0000018859282), (4.4001975, -0.0000013969839, -0.0000017462298), (6.5208354, -0.0000020489097, -0.0000022817403), (8.674612, 0.54080135, 2.3416426), (11.345959, 0.0000010011718, -0.0000012572855), (19.46805, 0.0000052154064, -0.0000044703484), (0.0000038146973, -0.0000019073486, 0), (7.9127016, 2.3283064e-7, 0.000011175871), (14.472924, 9.313226e-8, 0), (17.575588, 5.5879354e-7, 0.0000044703484), (17.575598, -0.0000029802322, 0.0000011175871), (3.0811634, 0.70583576, -1.3090862), (3.759215, -0.5941014, 0.090194166), (2.5308802, 0.000012124656, 0.0000060070306), (1.296239, -4.656613e-7, 0.0000016530976), (3.2367058, 0.48849392, -0.23455778), (3.5000339, -0.6701601, 0.14770693), (2.9839773, -0.000013699173, -0.0000012572855), (1.5903952, 0.00002279412, -0.0000017695129), (-0.07713699, 0.104019165, -0.009045601), (3.0107446, 0.95775044, 2.0751462), (2.3245308, 0.00008996576, -0.00020950101), (1.877743, 0.000002910383, 0.0000038417056), (0.9344586, -0.000009033829, -0.0000055646524), (3.1998768, 0.64141357, 0.8607985), (2.9670465, -0.5578454, 0.14344989), (2.627761, -0.000004901085, -0.000005727634), (1.5019168, -0.000007194467, 0.0000067055225), (1.7393179, 1.1499941, -0.9577902), (0.43972507, 0.000012549572, 0.0000070867827), (2.040201, -0.000015250407, 0.0000022118911), (2.156219, 0.0000049592927, 0.000006519258), (3.4676208, 2.6622849, -0.37421894), (8.581244, 0.0000040978193, 0.0000027008355), (13.781318, 0.0000070780516, 0.0000013038516), (19.468052, 0.000008009374, -0.000006146729), (10.994266, -1.8279427, -0.0000027939677), (8.622107, 7.4505806e-7, -0.000001990702), (32.78873, -0.0000037252903, -0.000006449409), (32.78873, -0.0000037252903, -0.000006449409), (13.222504, 13.669266, -2.9802322e-8), (13.222504, 13.669264, -7.4644656), (-4.7683716e-7, 0, 0.0000038146973), (13.222504, 13.669269, 7.4642553), (0.0000014305115, 0, 0), (59.101044, -0.0000023841856, -5.9604645e-8), (8.674409, 0.5407989, -2.3416507), (-11.345917, 0.0000067055225, 0.00009583309), (-19.467758, 0.000024423935, 0.0003810972), (-0.000009536742, 0, 0), (-7.9130397, 0.0000128522515, -0.00031767413), (-14.472858, -0.000003911555, 0.00003054738), (-17.57561, -0.0000022351742, -0.000080652535), (-17.575607, -0.0000026077032, -0.00007562339), (-3.0813172, -0.70602465, 1.3090867), (-3.759234, 0.5940693, -0.090203926), (-2.5308638, 0.000031432137, 2.3283064e-7), (-1.2962635, -0.000031967647, -0.000005355105), (-3.2369132, -0.48864818, 0.2345439), (-3.5000343, 0.6701724, -0.14770836), (-2.983913, -0.000030640513, -0.0000023748726), (-1.5904222, -0.0000069616362, -0.0000020023435), (0.0771637, -0.104011536, 0.009050369), (-3.0109, -0.9579084, -2.075147), (-2.3245761, -0.000069011, 0.00021437882), (-1.8777523, -0.00001564622, -0.000011175871), (-0.9344166, -0.000053737313, -0.000017799903), (-3.2000482, -0.64159274, -0.86079985), (-2.9670925, 0.55780727, -0.14345136), (-2.6277177, 0.00002225861, 0.00000144355), (-1.501923, -5.5879354e-7, 6.053597e-7), (-1.7395025, -1.1501464, 0.9577783), (-0.43976623, -0.000053639815, 0.00005312031), (-2.040178, -0.0000053434633, -0.0000074505806), (-2.156249, -0.000021234155, -0.000061281025), (-3.4667585, -2.6300201, 0.37039757), (-8.580889, 0.00002066372, 0.0003306195), (-13.781349, 0.0000053318217, 0.000059232116), (-19.46775, 0.000029499643, 0.0003863126), (0, -11.985055, 0), (-7.4604483, -1.0216376, 10.620303), (21.534569, 0.000008568168, -0.0000029802322), (16.87017, 0.000008195639, -0.0000059604645), (3.1910882, 10.01032, -0.0000010244548), (2.2668433, -0.0000012107193, -0.0000020721927), (-0.0000038146973, 2.4028122e-7, -9.536743e-7), (3.6798365, 4.904152, 0.18340424), (-0.00048828125, 0.000005185604, 0.000005722046), (7.517209, 0.023269653, 0.028932095), (12.193695, 0.023272634, 0.02893079), (16.870182, 0.023274496, 0.028925762), (3.183426, -0.025741942, 0.057877928), (10.581064, -0.02574008, 0.057882257), (20.060804, -0.012867898, 0.028934702), (-7.4604554, -1.0216302, -10.620295), (-21.534565, 0.0000033527613, -0.0000033527613), (-16.87014, 0.0000022351742, 0.0000128522515), (-3.1910844, -10.010304, 0.0000031664968), (-2.2668118, -0.000011525117, 0.0000051688403), (0.0000038146973, 1.937151e-7, 9.536743e-7), (-3.65409, -4.9053993, -0.18114853), (0.00048446655, -0.000005364418, -9.536743e-7), (-7.5171814, -0.023264252, -0.028927892), (-12.193658, -0.02326332, -0.028926693), (-16.870152, -0.023262948, -0.028922617), (-3.1834505, 0.025743945, -0.057883516), (-10.581085, 0.025745947, -0.057881325), (-20.0608, 0.012875535, -0.02894029), (0, 15.414148, 14.217138), (0, -22.313822, 12.629978), (0, 15.424344, -14.226538), (-0.0000076293945, -19.54507, -11.062821)],
            }
        }
    }
}

