#usda 1.0
(
    endTimeCode = 18
    framesPerSecond = 30
    startTimeCode = 0
    timeCodesPerSecond = 30
)

def SkelRoot "SkelRoot"
{
    def Skeleton "Skeleton" (
        prepend apiSchemas = ["SkelBindingAPI"]
    )
    {
        uniform matrix4d[] bindTransforms = [( (1, 0, -2.2957304679493973e-7, 0), (0, 1, 0, 0), (2.2957304679493973e-7, 0, 1, 0), (-0.09981292486190796, 0, -0.4220740497112274, 1) ), ( (0.0000021457742604980012, 1, 0.000030994415283203125, 0), (2.2957304679493973e-7, -0.000030994415283203125, 1, 0), (1, -0.0000021457672119140625, -2.2957304679493973e-7, 0), (-0.09981260448694229, 62.8568229675293, 0.9714682102203369, 1) ), ( (0.000003099207333434606, 0.9998669624328613, 0.016314398497343063, 0), (1.6491445364863466e-7, -0.016314398497343063, 0.9998669624328613, 0), (1, -0.000003096104364885832, -2.153876863530968e-7, 0), (-0.09980983287096024, 64.14989471435547, 0.971508264541626, 1) ), ( (0.000004675348463933915, 0.9974703192710876, 0.0710844174027443, 0), (-9.081609846361971e-7, -0.07108442485332489, 0.9974702596664429, 0), (1, -0.0000047280764192692, 5.735858508160163e-7, 0), (-0.09979365766048431, 69.36700439453125, 1.0566335916519165, 1) ), ( (0.000006280975867412053, 0.9959221482276917, 0.09021858870983124, 0), (-0.000004634394372260431, -0.09021858125925064, 0.9959221482276917, 0), (1, -0.0000066734710344462655, 0.000004048901246278547, 0), (-0.09977613389492035, 73.10223388671875, 1.3228235244750977, 1) ), ( (0.000006971481525397394, 0.9958305954933167, 0.09122137725353241, 0), (-0.000005890392912988318, -0.09122136980295181, 0.9958305954933167, 0), (1, -0.000007479744454030879, 0.000005229951966612134, 0), (-0.09973224997520447, 80.06391143798828, 1.9534668922424316, 1) ), ( (0.950508177280426, -0.14611269533634186, -0.2741991877555847, 0), (0.25740015506744385, -0.12394766509532928, 0.9583227038383484, 0), (-0.17400942742824554, -0.9814722537994385, -0.08020380884408951, 0), (3.4422647953033447, 90.23756408691406, 3.5286805629730225, 1) ), ( (0.999295711517334, -0.03721172735095024, -0.004831352271139622, 0), (0.000671517918817699, -0.11100033670663834, 0.993820071220398, 0), (-0.03751804679632187, -0.9931235909461975, -0.11089713871479034, 0), (17.676780700683594, 88.0494155883789, -0.5776408910751343, 1) ), ( (0.997334361076355, -0.04416261613368988, 0.05808012932538986, 0), (-0.06257820129394531, -0.10842257738113403, 0.9921336770057678, 0), (-0.03751803934574127, -0.993123471736908, -0.11089714616537094, 0), (42.092777252197266, 87.14021301269531, -0.6956870555877686, 1) ), ( (0.9973344802856445, -0.044162701815366745, 0.058080121874809265, 0), (-0.0625782161951065, -0.10842254757881165, 0.9921334981918335, 0), (-0.03751814737915993, -0.9931234121322632, -0.11089715361595154, 0), (42.0927734375, 87.14022064208984, -0.6956864595413208, 1) ), ( (0.9973344802856445, -0.044162701815366745, 0.058080121874809265, 0), (-0.0625782161951065, -0.10842254757881165, 0.9921334981918335, 0), (-0.03751814737915993, -0.9931234121322632, -0.11089715361595154, 0), (51.440269470214844, 86.7262954711914, -0.1513354778289795, 1) ), ( (0.9973344802856445, -0.044162701815366745, 0.058080121874809265, 0), (-0.0625782161951065, -0.10842254757881165, 0.9921334981918335, 0), (-0.03751814737915993, -0.9931234121322632, -0.11089715361595154, 0), (59.46402359008789, 86.3709945678711, 0.3159312307834625, 1) ), ( (0.9973344802856445, -0.044162701815366745, 0.058080121874809265, 0), (-0.0625782161951065, -0.10842254757881165, 0.9921334981918335, 0), (-0.03751814737915993, -0.9931234121322632, -0.11089715361595154, 0), (64.22527313232422, 86.16018676757812, 0.5932086706161499, 1) ), ( (0.9992381930351257, -0.006825294345617294, 0.03842519223690033, 0), (-0.0025739227421581745, -0.9939703345298767, -0.1096201166510582, 0), (0.0389416366815567, 0.10943766683340073, -0.9932305216789246, 0), (64.22527313232422, 86.16018676757812, 0.5932086706161499, 1) ), ( (0.9716269969940186, -0.14061225950717926, 0.1901819258928299, 0), (-0.12198469042778015, -0.9868133068084717, -0.10639497637748718, 0), (0.20263434946537018, 0.08017698675394058, -0.9759669303894043, 0), (67.83226013183594, 85.1280517578125, 2.1919708251953125, 1) ), ( (0.8839913010597229, -0.15597836673259735, 0.4407154619693756, 0), (-0.06453905254602432, -0.9743898510932922, -0.21540392935276031, 0), (0.46302711963653564, 0.1619718074798584, -0.8714190125465393, 0), (76.49266052246094, 84.59783172607422, 3.8363473415374756, 1) ), ( (0.8899568915367126, -0.16030508279800415, 0.4269412159919739, 0), (-0.09376272559165955, -0.9805006980895996, -0.1727040410041809, 0), (0.44630128145217896, 0.11366801708936691, -0.8876346349716187, 0), (81.06932830810547, 83.79031372070312, 6.1180572509765625, 1) ), ( (0.9179816246032715, -0.011903760954737663, 0.3964444696903229, 0), (0.023419855162501335, -0.996178925037384, -0.0841413363814354, 0), (0.395931214094162, 0.08652479201555252, -0.9141949415206909, 0), (84.36715698242188, 83.19625854492188, 7.700145244598389, 1) ), ( (0.993636429309845, -0.10436554253101349, 0.042361781001091, 0), (-0.09903515875339508, -0.9886701107025146, -0.11279601603746414, 0), (0.05365382134914398, 0.10788294672966003, -0.9927149415016174, 0), (68.06805419921875, 85.52447509765625, 0.9553185701370239, 1) ), ( (0.9934101104736328, -0.11176662147045135, -0.02538464032113552, 0), (-0.11270595341920853, -0.992854654788971, -0.0392078198492527, 0), (-0.02082114666700363, 0.041810423135757446, -0.9989085793495178, 0), (76.59559631347656, 85.44688415527344, 1.23041570186615, 1) ), ( (0.9869909882545471, -0.15696071088314056, -0.03482331708073616, 0), (-0.15755994617938995, -0.9873929023742676, -0.015171132981777191, 0), (-0.03200310468673706, 0.020460529252886772, -0.9992785453796387, 0), (82.2752914428711, 84.80786895751953, 1.0852844715118408, 1) ), ( (0.9984850883483887, 0.028648221865296364, -0.04697250574827194, 0), (0.030814265832304955, -0.9984631538391113, 0.04605862870812416, 0), (-0.04558086395263672, -0.04743630439043045, -0.9978339076042175, 0), (86.27874755859375, 84.17119598388672, 0.9440321922302246, 1) ), ( (0.9992380142211914, -0.006830220576375723, 0.03842748701572418, 0), (-0.0025794776156544685, -0.9939728379249573, -0.1095980852842331, 0), (0.038944412022829056, 0.10941547900438309, -0.9932332038879395, 0), (64.13265228271484, 86.036376953125, 0.5867924690246582, 1) ), ( (0.9692507982254028, -0.07065729796886444, -0.23571230471134186, 0), (0.004474773537367582, -0.9526699781417847, 0.30397361516952515, 0), (-0.24603401124477386, -0.2956814765930176, -0.9230600595474243, 0), (67.90470886230469, 85.27165222167969, -1.8508654832839966, 1) ), ( (0.6026716828346252, -0.17108385264873505, -0.7794339060783386, 0), (-0.13319255411624908, -0.9846119284629822, 0.11313341557979584, 0), (-0.7867952585220337, 0.035632532089948654, -0.616184651851654, 0), (74.77851104736328, 84.77052307128906, -3.522244691848755, 1) ), ( (0.5351116061210632, -0.14421461522579193, -0.8323808908462524, 0), (-0.05655999481678009, -0.9892258048057556, 0.13502833247184753, 0), (-0.8428858518600464, -0.025175753980875015, -0.5375034213066101, 0), (77.42950439453125, 84.0179443359375, -6.950768947601318, 1) ), ( (0.617411732673645, -0.0933729037642479, -0.7810788750648499, 0), (-0.02981448732316494, -0.9949950575828552, 0.09537822753190994, 0), (-0.7860745787620544, -0.03560015186667442, -0.6171054840087891, 0), (79.18165588378906, 83.54576110839844, -9.676289558410645, 1) ), ( (0.9881089925765991, -0.12056552618741989, -0.09541931003332138, 0), (-0.1316230148077011, -0.9840549826622009, -0.1196262314915657, 0), (-0.07947511225938797, 0.13076312839984894, -0.9882232546806335, 0), (68.0745849609375, 85.48649597167969, -0.36316585540771484, 1) ), ( (0.8842236399650574, -0.09027837216854095, -0.4582561254501343, 0), (-0.11323627829551697, -0.9933063983917236, -0.0228084996342659, 0), (-0.4531296193599701, 0.07205897569656372, -0.888527512550354, 0), (75.91278076171875, 85.21583557128906, -1.2023768424987793, 1) ), ( (0.8777152299880981, -0.1278558224439621, -0.46181002259254456, 0), (-0.11581838130950928, -0.991776704788208, 0.054457005113363266, 0), (-0.4649747610092163, 0.005688277073204517, -0.8853057622909546, 0), (80.59274291992188, 84.73802185058594, -3.627807378768921, 1) ), ( (0.9079801440238953, -0.0778801217675209, -0.4117116332054138, 0), (-0.06792675703763962, -0.9969365000724792, 0.03877803310751915, 0), (-0.4134703576564789, -0.007243404630571604, -0.9104889035224915, 0), (84.06043243408203, 84.23287200927734, -5.452321529388428, 1) ), ( (-0.03902723267674446, -0.4484729766845703, 0.8929443955421448, 0), (0.5632611513137817, -0.7479949593544006, -0.351055771112442, 0), (0.8253569602966309, 0.48926013708114624, 0.28179970383644104, 0), (66.24895477294922, 84.6585693359375, 1.6565568447113037, 1) ), ( (0.05613458529114723, -0.5384727120399475, 0.8407714366912842, 0), (0.9596965909004211, -0.2031586617231369, -0.1941879540681839, 0), (0.27537471055984497, 0.817785918712616, 0.505366325378418, 0), (66.05986785888672, 82.48565673828125, 5.9829936027526855, 1) ), ( (0.08846364170312881, -0.41572096943855286, 0.9051800966262817, 0), (0.8984130024909973, -0.3591322600841522, -0.2527407705783844, 0), (0.4301488995552063, 0.8355836868286133, 0.3417190611362457, 0), (66.31764221191406, 80.01277160644531, 9.844149589538574, 1) ), ( (-0.041990336030721664, -0.4945865571498871, 0.8681139945983887, 0), (0.9604362845420837, -0.2594103515148163, -0.10133662819862366, 0), (0.27531740069389343, 0.8295125961303711, 0.48591139912605286, 0), (66.73616027832031, 78.04613494873047, 14.12627124786377, 1) ), ( (1, -1.1148586054332554e-8, -3.243407320496772e-8, 0), (1.5513698103930551e-9, 0.9999998807907104, -3.612513399531281e-9, 0), (3.9395388284901856e-8, -3.3483605221817925e-8, 1.0000001192092896, 0), (70.41039276123047, 81.9677734375, 0.9118082523345947, 1) ), ( (0.999295711517334, -0.03721167892217636, -0.004831376951187849, 0), (0.0006715214694850147, -0.11100033670663834, 0.9938201904296875, 0), (-0.03751802444458008, -0.993123471736908, -0.11089713871479034, 0), (27.833967208862305, 87.67118072509766, -0.6267513632774353, 1) ), ( (0.999295711517334, -0.03721167892217636, -0.004831376951187849, 0), (0.0006715214694850147, -0.11100033670663834, 0.9938201904296875, 0), (-0.03751802444458008, -0.993123471736908, -0.11089713871479034, 0), (34.675350189208984, 87.41642761230469, -0.6598255634307861, 1) ), ( (0.999295711517334, -0.03721167892217636, -0.004831376951187849, 0), (0.0006715214694850147, -0.11100033670663834, 0.9938201904296875, 0), (-0.03751802444458008, -0.993123471736908, -0.11089713871479034, 0), (42.092777252197266, 87.14021301269531, -0.6956870555877686, 1) ), ( (0.00000836187246022746, 0.9398829340934753, 0.3414967656135559, 0), (-0.0000074155527727270965, -0.3414967656135559, 0.9398829936981201, 0), (1, -0.000010391571777290665, 0.0000041142652662529144, 0), (-0.09962865710258484, 93.22966003417969, 0.9852608442306519, 1) ), ( (0.000008307635653181933, 0.9398829340934753, 0.3414967656135559, 0), (-0.000007152696980483597, -0.3414967656135559, 0.9398829936981201, 0), (1, -0.0000102508256532019, 0.000003885736532538431, 0), (-0.09954631328582764, 102.48564147949219, 4.348325252532959, 1) ), ( (0.000008307635653181933, 0.9398829340934753, 0.3414967656135559, 0), (-0.00000559516274734051, -0.3414967656135559, 0.9398829936981201, 0), (1, -0.000009718934052216355, 0.00000242183409682184, 0), (-0.09933440387248993, 126.30461120605469, 13.002703666687012, 1) ), ( (0.000010249641491100192, 0.9958276152610779, 0.0912555456161499, 0), (-0.0000017887076637634891, -0.0912555679678917, 0.9958277344703674, 0), (1, -0.000010370103154855315, 8.459744549327297e-7, 0), (-0.09933440387248993, 126.30461120605469, 13.002703666687012, 1) ), ( (0.9974508285522461, 0.004801124334335327, -0.07118480652570724, 0), (0.000010021240996138658, 0.9977236986160278, 0.0674249604344368, 0), (0.07134715467691422, -0.06725332140922546, 0.9951809644699097, 0), (-0.09920284897089005, 140.42237854003906, 30.553909301757812, 1) ), ( (0.9975570440292358, -0.006385510321706533, 0.0695699006319046, 0), (0.0016418760642409325, 0.9976824522018433, 0.06802602857351303, 0), (-0.06984340399503708, -0.06774595379829407, 0.9952552914619446, 0), (-8.939982414245605, 140.42245483398438, 30.55389976501465, 1) ), ( (0.9975569248199463, -0.006385513115674257, 0.0695699080824852, 0), (0.0016418759478256106, 0.9976823925971985, 0.06802602857351303, 0), (-0.06984341144561768, -0.06774596869945526, 0.9952554106712341, 0), (-8.939985275268555, 140.4224853515625, 30.553903579711914, 1) ), ( (0.9975565671920776, 0.006364765111356974, -0.06957028061151505, 0), (-0.001621299423277378, 0.9976822137832642, 0.06802649796009064, 0), (0.06984198838472366, -0.06774761527776718, 0.9952546954154968, 0), (8.741336822509766, 140.42227172851562, 30.553922653198242, 1) ), ( (0.9975566864013672, 0.0063647679053246975, -0.06957028806209564, 0), (-0.0016212998889386654, 0.9976821541786194, 0.06802648305892944, 0), (0.06984198838472366, -0.06774760037660599, 0.9952548146247864, 0), (8.741334915161133, 140.42227172851562, 30.553916931152344, 0.9999999403953552) ), ( (1, 1.1368683772161603e-12, 0.000001796202695913962, 0), (4.7296350423077765e-15, 1, 2.060187398456037e-8, 0), (-0.000001796202695913962, 3.5611151361081284e-8, 0.9999998211860657, 0), (-0.09882547706365585, 175.75059509277344, 17.533836364746094, 1) ), ( (0.950507402420044, 0.14609839022159576, 0.2742091417312622, 0), (0.25741198658943176, 0.12394387274980545, -0.9583196640014648, 0), (-0.1739952713251114, 0.9814749956130981, 0.0802021324634552, 0), (-3.6415979862213135, 90.23736572265625, 3.5286190509796143, 1) ), ( (0.999296247959137, 0.037196751683950424, 0.004841860383749008, 0), (0.0006836039829067886, 0.1110004112124443, -0.9938198924064636, 0), (-0.03750396892428398, 0.9931238293647766, 0.11089688539505005, 0), (-17.876070022583008, 88.04954528808594, -0.577835738658905, 1) ), ( (0.9973359704017639, 0.044147711247205734, -0.058069635182619095, 0), (-0.06256619095802307, 0.10842358320951462, -0.9921339750289917, 0), (-0.03750401735305786, 0.9931239485740662, 0.11089691519737244, 0), (-42.2917594909668, 87.14118957519531, -0.6961091160774231, 1) ), ( (0.9973358511924744, 0.044147782027721405, -0.05806959047913551, 0), (-0.06256614625453949, 0.10842360556125641, -0.9921339154243469, 0), (-0.03750409185886383, 0.9931239485740662, 0.11089693009853363, 0), (-42.29176712036133, 87.14118194580078, -0.69610995054245, 1) ), ( (0.9973358511924744, 0.044147782027721405, -0.05806959047913551, 0), (-0.06256614625453949, 0.10842360556125641, -0.9921339154243469, 0), (-0.03750409185886383, 0.9931239485740662, 0.11089693009853363, 0), (-51.63962936401367, 86.7270278930664, -0.15188592672348022, 1) ), ( (0.9973358511924744, 0.044147782027721405, -0.05806959047913551, 0), (-0.06256614625453949, 0.10842360556125641, -0.9921339154243469, 0), (-0.03750409185886383, 0.9931239485740662, 0.11089693009853363, 0), (-59.662940979003906, 86.37229919433594, 0.3153367340564728, 1) ), ( (0.9973358511924744, 0.044147782027721405, -0.05806959047913551, 0), (-0.06256614625453949, 0.10842360556125641, -0.9921339154243469, 0), (-0.03750409185886383, 0.9931239485740662, 0.11089693009853363, 0), (-64.42425537109375, 86.16138458251953, 0.592544436454773, 1) ), ( (0.9992384314537048, 0.006810286082327366, -0.03841468319296837, 0), (-0.0025598728097975254, 0.9939704537391663, 0.10962023586034775, 0), (0.038929641246795654, -0.10943830758333206, 0.9932309985160828, 0), (-64.42425537109375, 86.16138458251953, 0.592544436454773, 1) ), ( (0.971630871295929, 0.14059768617153168, -0.1901717483997345, 0), (-0.12197067588567734, 0.9868146181106567, 0.10639383643865585, 0), (0.2026229053735733, -0.08018005639314651, 0.9759683012962341, 0), (-68.03150939941406, 85.12908935546875, 2.1912527084350586, 0.9999999403953552) ), ( (0.883998453617096, 0.155965194106102, -0.44070616364479065, 0), (-0.06452634930610657, 0.9743911027908325, 0.21540339291095734, 0), (0.46301543712615967, -0.16197888553142548, 0.8714238405227661, 0), (-76.6919174194336, 84.59896087646484, 3.835530996322632, 0.9999999403953552) ), ( (0.8899636268615723, 0.16029177606105804, -0.426931768655777, 0), (-0.09374957531690598, 0.9805020093917847, 0.17270322144031525, 0), (0.44629061222076416, -0.11367470771074295, 0.8876388072967529, 0), (-81.26862335205078, 83.7915267944336, 6.117212772369385, 1) ), ( (0.9179857969284058, 0.011890034191310406, -0.39643481373786926, 0), (0.02343420870602131, 0.9961785674095154, 0.08414173126220703, 0), (0.395920068025589, -0.08653079718351364, 0.9141984581947327, 0), (-84.5665283203125, 83.19752502441406, 7.6992316246032715, 1) ), ( (0.9936383366584778, 0.10435064136981964, -0.04235135763883591, 0), (-0.09902115911245346, 0.9886717796325684, 0.11279511451721191, 0), (0.05364181101322174, -0.10788380354642868, 0.9927151203155518, 0), (-68.26738739013672, 85.52555847167969, 0.9546017050743103, 0.9999999403953552) ), ( (0.9934116005897522, 0.11175171285867691, 0.025395039469003677, 0), (-0.11269118636846542, 0.9928562641143799, 0.03920680657029152, 0), (-0.020832205191254616, -0.04181021451950073, 0.998908281326294, 0), (-76.79487609863281, 85.44808197021484, 1.2296079397201538, 1) ), ( (0.9869926571846008, 0.15694595873355865, 0.03483369201421738, 0), (-0.1575450599193573, 0.9873952269554138, 0.015169654041528702, 0), (-0.032013826072216034, -0.020460113883018494, 0.9992777705192566, 0), (-82.47452545166016, 84.80914306640625, 1.0844154357910156, 1) ), ( (0.9984844923019409, -0.028663169592618942, 0.04698300361633301, 0), (0.030830107629299164, 0.998462975025177, -0.04605814069509506, 0), (-0.04559053108096123, 0.047436926513910294, 0.9978331327438354, 0), (-86.47804260253906, 84.1725082397461, 0.9431196451187134, 1) ), ( (0.9992385506629944, 0.006810085382312536, -0.038414742797613144, 0), (-0.0025587729178369045, 0.9939677715301514, 0.10964299738407135, 0), (0.03892960771918297, -0.10946113616228104, 0.9932283759117126, 0), (-64.33161163330078, 86.0375747680664, 0.5861333012580872, 0.9999999403953552) ), ( (0.9692496061325073, 0.07064276933670044, 0.23572228848934174, 0), (0.00449250778183341, 0.9526700973510742, -0.3039732277393341, 0), (-0.24603906273841858, 0.2956849932670593, 0.9230573177337646, 0), (-68.10389709472656, 85.27269744873047, -1.8515796661376953, 0.9999999403953552) ), ( (0.602665901184082, 0.17107480764389038, 0.7794400453567505, 0), (-0.13317623734474182, 0.9846139550209045, -0.11313462257385254, 0), (-0.7868021726608276, -0.03562073037028313, 0.6161763668060303, 0), (-74.9777603149414, 84.7717056274414, -3.5230329036712646, 1) ), ( (0.5351049304008484, 0.14420656859874725, 0.8323861956596375, 0), (-0.056543461978435516, 0.9892269968986511, -0.13502876460552216, 0), (-0.8428910374641418, 0.025188373401761055, 0.5374941229820251, 0), (-77.62872314453125, 84.0191650390625, -6.951610088348389, 1) ), ( (0.6174051761627197, 0.09336362779140472, 0.7810851335525513, 0), (-0.02979833073914051, 0.9949953556060791, -0.09537823498249054, 0), (-0.7860807776451111, 0.035611916333436966, 0.6170972585678101, 0), (-79.38079833984375, 83.54693603515625, -9.677101135253906, 1) ), ( (0.9881096482276917, 0.1205507218837738, 0.09542964398860931, 0), (-0.13160914182662964, 0.9840573072433472, 0.119625024497509, 0), (-0.07948745787143707, -0.1307620406150818, 0.9882218837738037, 0), (-68.2738265991211, 85.4875259399414, -0.3638864755630493, 0.9999999403953552) ), ( (0.8842198848724365, 0.09026508778333664, 0.45826515555381775, 0), (-0.11322130262851715, 0.9933076500892639, 0.022807417437434196, 0), (-0.4531397819519043, -0.0720522329211235, 0.8885228633880615, 0), (-76.11204528808594, 85.21693420410156, -1.2031925916671753, 1) ), ( (0.8777124881744385, 0.12784266471862793, 0.46181902289390564, 0), (-0.11580262333154678, 0.9917781949043274, -0.05445802956819534, 0), (-0.46498405933380127, -0.005681413691490889, 0.8853006362915039, 0), (-80.79195404052734, 84.73919677734375, -3.628649950027466, 1) ), ( (0.9079771637916565, 0.07786643505096436, 0.41172105073928833, 0), (-0.06791112571954727, 0.9969373941421509, -0.038778576999902725, 0), (-0.41347968578338623, 0.00724960770457983, 0.9104841351509094, 0), (-84.25958251953125, 84.23414611816406, -5.453197956085205, 1) ), ( (-0.039011064916849136, 0.4484735429286957, -0.8929444551467896, 0), (0.5632690191268921, 0.7479865550994873, 0.35106161236763, 0), (0.8253519535064697, -0.4892723560333252, -0.2817910313606262, 0), (-66.44821166992188, 84.65961456298828, 1.655858039855957, 0.9999999403953552) ), ( (0.056151531636714935, 0.5384717583656311, -0.8407703042030334, 0), (0.959697425365448, 0.20314417779445648, 0.19419792294502258, 0), (0.27536776661872864, -0.817789614200592, -0.5053632259368896, 0), (-66.25920867919922, 82.48658752441406, 5.982284069061279, 0.9999999403953552) ), ( (0.08847938477993011, 0.4157197177410126, -0.905178964138031, 0), (0.8984158635139465, 0.35911881923675537, 0.25275006890296936, 0), (0.4301396906375885, -0.8355901837348938, -0.3417147696018219, 0), (-66.51705932617188, 80.01375579833984, 9.843433380126953, 1) ), ( (-0.041973717510700226, 0.49458715319633484, -0.8681142926216125, 0), (0.960439145565033, 0.259395956993103, 0.10134682804346085, 0), (0.2753097414970398, -0.8295163512229919, -0.48590829968452454, 0), (-66.93570709228516, 78.04713439941406, 14.125593185424805, 1) ), ( (1, 2.0728293748106807e-8, -1.5508405226682953e-8, 0), (-3.30715099750023e-9, 0.9999998807907104, -3.612512289308256e-9, 0), (-5.438033667815034e-8, -9.099709430415714e-9, 0.9999998211860657, 0), (-70.60958099365234, 81.9248275756836, 0.91107577085495, 0.9999999403953552) ), ( (0.9992961287498474, 0.037196721881628036, 0.004841857124119997, 0), (0.0006835725507698953, 0.1110004112124443, -0.9938198924064636, 0), (-0.037503987550735474, 0.9931239485740662, 0.11089690029621124, 0), (-28.03286361694336, 87.67188262939453, -0.6270236968994141, 1) ), ( (0.9992961287498474, 0.037196721881628036, 0.004841857124119997, 0), (0.0006835725507698953, 0.1110004112124443, -0.9938198924064636, 0), (-0.037503987550735474, 0.9931239485740662, 0.11089690029621124, 0), (-34.87470245361328, 87.41688537597656, -0.6601952314376831, 1) ), ( (0.9992961287498474, 0.037196721881628036, 0.004841857124119997, 0), (0.0006835725507698953, 0.1110004112124443, -0.9938198924064636, 0), (-0.037503987550735474, 0.9931239485740662, 0.11089690029621124, 0), (-42.2917594909668, 87.14118957519531, -0.6961091160774231, 1) ), ( (1, 2.2737367544323206e-13, 0.000005915054771321593, 0), (-2.273469498596803e-13, 1, 1.1641532182693481e-10, 0), (-0.000005915055680816295, -8.235500614794944e-10, 1, 0), (-0.09960369765758514, 82.05465698242188, -19.778804779052734, 1) ), ( (0.0034841543529182673, -0.998745322227478, 0.049958065152168274, 0), (0.0001741576415952295, -0.0499577596783638, -0.9987514019012451, 0), (0.9999939203262329, 0.0034885043278336525, -1.2138099236835842e-7, 0), (12.739326477050781, 54.020057678222656, -0.2389187216758728, 1) ), ( (0.0034879904706031084, -0.9998469948768616, -0.017143167555332184, 0), (-0.000059925638197455555, 0.017143074423074722, -0.9998530745506287, 0), (0.9999939203262329, 0.0034885057248175144, -1.2154723094681685e-7, 0), (12.827524185180664, 28.738059997558594, 1.025707721710205, 1) ), ( (0.08290308713912964, -0.9955994486808777, 0.04369109496474266, 0), (0.02841942012310028, 0.04618610814213753, 0.9985286593437195, 0), (-0.9961524605751038, -0.08153943717479706, 0.03212333098053932, 0), (12.897859573364258, 8.575668334960938, 0.6800055503845215, 1) ), ( (0.02842060662806034, 0.04618427902460098, 0.9985287189483643, 0), (0.08290303498506546, -0.9955994486808777, 0.043689288198947906, 0), (0.996152400970459, 0.08153937757015228, -0.0321243591606617, 0), (13.932567596435547, 3.262981414794922, 19.28113555908203, 1) ), ( (0.02842165157198906, 0.04618437960743904, 0.9985288381576538, 0), (0.08290272951126099, -0.9955995082855225, 0.043689314275979996, 0), (0.9961522817611694, 0.08153902739286423, -0.03212539106607437, 0), (14.057489395141602, 3.46600341796875, 23.670265197753906, 1) ), ( (0.08283386379480362, -0.9957050085067749, 0.041350413113832474, 0), (0.028613248839974403, 0.04385216906666756, 0.9986284971237183, 0), (-0.9961526393890381, -0.08153706043958664, 0.03212279826402664, 0), (12.897858619689941, 8.575675964355469, 0.6800055503845215, 1) ), ( (0.9984564781188965, 1.0179860510106664e-8, -0.05554017424583435, 0), (-1.119746873001759e-8, 0.9999998807907104, 1.1081286110936617e-8, 0), (0.05554018169641495, -8.049024557976736e-9, 0.998456597328186, 0), (13.415214538574219, 0.5707664489746094, 9.980571746826172, 1) ), ( (0.0034868905786424875, -0.9998927712440491, -0.014219763688743114, 0), (-0.00004908932896796614, 0.014219678938388824, -0.9998989701271057, 0), (0.9999938607215881, 0.003487235866487026, 4.984606789548707e-7, 0), (12.827528953552246, 28.73863983154297, 1.0257110595703125, 1) ), ( (0.003486453089863062, -0.9998469352722168, -0.017143171280622482, 0), (-0.009294925257563591, 0.01711014285683632, -0.999810516834259, 0), (0.9999507069587708, 0.003645136719569564, -0.009233850985765457, 0), (12.892979621887207, 19.799392700195312, 0.8448842763900757, 1) ), ( (0.003483955282717943, -0.9998469352722168, -0.017143171280622482, 0), (-0.01852913573384285, 0.0170757956802845, -0.9996824264526367, 0), (0.999822199344635, 0.0038004976231604815, -0.01846681348979473, 0), (12.912556648254395, 14.187835693359375, 0.7486680746078491, 1) ), ( (0.003483172971755266, -0.9998469352722168, -0.017143171280622482, 0), (-0.028041502460837364, 0.017038866877555847, -0.9994616508483887, 0), (0.9996006488800049, 0.003962018061429262, -0.027977867051959038, 0), (12.932132720947266, 8.57625961303711, 0.652450442314148, 1) ), ( (0.003483004169538617, -0.998745322227478, 0.04995806887745857, 0), (0.00017458415823057294, -0.0499577596783638, -0.9987514019012451, 0), (0.9999939203262329, 0.003487377194687724, 3.620551183303178e-7, 0), (12.820792198181152, 50.320213317871094, -0.02330794930458069, 1) ), ( (0.003481154330074787, -0.998745322227478, 0.04995806887745857, 0), (0.00017415762704331428, -0.0499577596783638, -0.9987514019012451, 0), (0.9999939203262329, 0.0034855082631111145, 2.8470410029513005e-8, 0), (12.851101875305176, 41.63320541381836, 0.4112233817577362, 1) ), ( (0.0034814642276614904, -0.998745322227478, 0.04995806887745857, 0), (0.00017542993009556085, -0.0499577559530735, -0.9987514019012451, 0), (0.9999939203262329, 0.0034858814906328917, 0.0000012837037957069697, 0), (12.85571575164795, 30.482406616210938, 0.9537285566329956, 1) ), ( (0.0034884174820035696, 0.9987452030181885, -0.049958061426877975, 0), (0.00017483069677837193, 0.0499577596783638, 0.9987513422966003, 0), (0.9999939203262329, -0.0034927958622574806, -3.3776231589399686e-7, 0), (-12.938985824584961, 54.02009582519531, -0.23891282081604004, 1) ), ( (0.003492289688438177, 0.999846875667572, 0.017143167555332184, 0), (-0.00005954000152996741, -0.017143066972494125, 0.9998530149459839, 0), (0.9999939203262329, -0.0034927972592413425, -3.3761534723453224e-7, 0), (-13.027298927307129, 28.73809814453125, 1.0257141590118408, 1) ), ( (0.08290736377239227, 0.9955990314483643, -0.043691135942935944, 0), (0.02841876819729805, -0.04618623107671738, -0.9985287189483643, 0), (-0.9961521625518799, 0.0815436989068985, -0.032122883945703506, 0), (-13.097715377807617, 8.575725555419922, 0.6800118684768677, 1) ), ( (0.02841995470225811, -0.04618440568447113, -0.9985287189483643, 0), (0.0829072967171669, 0.995599091053009, -0.043689340353012085, 0), (0.9961520433425903, -0.08154366165399551, 0.032123904675245285, 0), (-14.132438659667969, 3.263072967529297, 19.281147003173828, 1) ), ( (0.028419949114322662, -0.046184416860342026, -0.9985286593437195, 0), (0.08290765434503555, 0.9955989718437195, -0.04368932172656059, 0), (0.9961519241333008, -0.08154398202896118, 0.03212391212582588, 0), (-14.257357597351074, 3.4660568237304688, 23.670215606689453, 1) ), ( (0.08283812552690506, 0.9957046508789062, -0.041350457817316055, 0), (0.02861260250210762, -0.04385228827595711, -0.9986284375190735, 0), (-0.9961523413658142, 0.08154135197401047, -0.03212234750390053, 0), (-13.0977144241333, 8.575740814208984, 0.6800116300582886, 1) ), ( (0.9984564185142517, -1.527709514448361e-9, 0.055541083216667175, 0), (2.8035104793211474e-10, 1, -3.0704541131854057e-9, 0), (-0.055541086941957474, 5.600386820958647e-9, 0.9984564185142517, 0), (-13.615076065063477, 0.6541976928710938, 9.98057746887207, 1) ), ( (0.0034911881666630507, 0.9998927712440491, 0.014219758100807667, 0), (-0.000048690733819967136, -0.014219672419130802, 0.9998990297317505, 0), (0.9999939203262329, -0.0034915274009108543, -9.579985089658294e-7, 0), (-13.027298927307129, 28.738670349121094, 1.0257172584533691, 1) ), ( (0.0034922922495752573, 0.999846875667572, 0.01714317500591278, 0), (-0.009294540621340275, -0.01711006462574005, 0.9998105764389038, 0), (0.9999508261680603, -0.0036509681958705187, 0.009233367629349232, 0), (-13.092789649963379, 19.79946517944336, 0.8448901176452637, 1) ), ( (0.003492289688438177, 0.999846875667572, 0.017143167555332184, 0), (-0.018528753891587257, -0.017075641080737114, 0.9996824264526367, 0), (0.9998223185539246, -0.0038088220171630383, 0.01846628449857235, 0), (-13.112388610839844, 14.187896728515625, 0.7486742734909058, 1) ), ( (0.0034922922495752573, 0.999846875667572, 0.017143167555332184, 0), (-0.02804112620651722, -0.017038607969880104, 0.9994617104530334, 0), (0.9996007680892944, -0.003971125464886427, 0.02797732874751091, 0), (-13.131983757019043, 8.576316833496094, 0.6524566411972046, 1) ), ( (0.003488417249172926, 0.9987452030181885, -0.04995806887745857, 0), (0.00017525740258861333, 0.0499577634036541, 0.9987513422966003, 0), (0.9999939203262329, -0.0034928172826766968, -7.639295631634013e-7, 0), (-13.020471572875977, 50.32021713256836, -0.023299843072891235, 1) ), ( (0.003488417249172926, 0.9987452030181885, -0.04995806887745857, 0), (0.0001748306822264567, 0.0499577596783638, 0.9987513422966003, 0), (0.9999939203262329, -0.0034927958622574806, -3.377581379027106e-7, 0), (-13.050813674926758, 41.633216857910156, 0.41123148798942566, 1) ), ( (0.003488417249172926, 0.9987452030181885, -0.04995806887745857, 0), (0.00017610305803827941, 0.0499577559530735, 0.9987513422966003, 0), (0.9999939203262329, -0.003492859425023198, -0.0000016085381275843247, 0), (-13.055481910705566, 30.482433319091797, 0.9537354707717896, 1) ), ( (1, 0, 0, 0), (0, 1, 0, 0), (0, 4.927530280508796e-13, 1, 0), (15.83420467376709, 62.85625457763672, 18.247039794921875, 1) ), ( (1, 0, 0, 0), (0, 1, 0, 0), (0, 4.927530280508796e-13, 1, 0), (14.57020378112793, 62.85758590698242, -24.946563720703125, 1) ), ( (1, 0, 0, 0), (0, 1, 0, 0), (0, 4.927530280508796e-13, 1, 0), (-16.51333999633789, 62.85630798339844, 18.766937255859375, 1) ), ( (1, 0, 0, 0), (0, 1, 0, 0), (0, 4.927530280508796e-13, 1, 0), (-15.007349967956543, 62.857669830322266, -25.36617660522461, 1) )]
        uniform token[] joints = ["root_joint", "root_joint/pelvis_joint", "root_joint/pelvis_joint/spineLower_joint", "root_joint/pelvis_joint/spineLower_joint/spineMiddle_joint", "root_joint/pelvis_joint/spineLower_joint/spineMiddle_joint/spineUpper_joint", "root_joint/pelvis_joint/spineLower_joint/spineMiddle_joint/spineUpper_joint/chest_joint", "root_joint/pelvis_joint/spineLower_joint/spineMiddle_joint/spineUpper_joint/chest_joint/clavicle_left_joint", "root_joint/pelvis_joint/spineLower_joint/spineMiddle_joint/spineUpper_joint/chest_joint/clavicle_left_joint/shoulder_left_joint", "root_joint/pelvis_joint/spineLower_joint/spineMiddle_joint/spineUpper_joint/chest_joint/clavicle_left_joint/shoulder_left_joint/elbow_left_joint", "root_joint/pelvis_joint/spineLower_joint/spineMiddle_joint/spineUpper_joint/chest_joint/clavicle_left_joint/shoulder_left_joint/elbow_left_joint/elbow_partial_left_joint", "root_joint/pelvis_joint/spineLower_joint/spineMiddle_joint/spineUpper_joint/chest_joint/clavicle_left_joint/shoulder_left_joint/elbow_left_joint/armLower_twist_01_left_joint", "root_joint/pelvis_joint/spineLower_joint/spineMiddle_joint/spineUpper_joint/chest_joint/clavicle_left_joint/shoulder_left_joint/elbow_left_joint/armLower_twist_02_left_joint", "root_joint/pelvis_joint/spineLower_joint/spineMiddle_joint/spineUpper_joint/chest_joint/clavicle_left_joint/shoulder_left_joint/elbow_left_joint/armLower_twist_03_left_joint", "root_joint/pelvis_joint/spineLower_joint/spineMiddle_joint/spineUpper_joint/chest_joint/clavicle_left_joint/shoulder_left_joint/elbow_left_joint/handWrist_left_joint", "root_joint/pelvis_joint/spineLower_joint/spineMiddle_joint/spineUpper_joint/chest_joint/clavicle_left_joint/shoulder_left_joint/elbow_left_joint/handWrist_left_joint/handIndexMeta_left_joint", "root_joint/pelvis_joint/spineLower_joint/spineMiddle_joint/spineUpper_joint/chest_joint/clavicle_left_joint/shoulder_left_joint/elbow_left_joint/handWrist_left_joint/handIndexMeta_left_joint/handIndex_00_left_joint", "root_joint/pelvis_joint/spineLower_joint/spineMiddle_joint/spineUpper_joint/chest_joint/clavicle_left_joint/shoulder_left_joint/elbow_left_joint/handWrist_left_joint/handIndexMeta_left_joint/handIndex_00_left_joint/handIndex_01_left_joint", "root_joint/pelvis_joint/spineLower_joint/spineMiddle_joint/spineUpper_joint/chest_joint/clavicle_left_joint/shoulder_left_joint/elbow_left_joint/handWrist_left_joint/handIndexMeta_left_joint/handIndex_00_left_joint/handIndex_01_left_joint/handIndex_02_left_joint", "root_joint/pelvis_joint/spineLower_joint/spineMiddle_joint/spineUpper_joint/chest_joint/clavicle_left_joint/shoulder_left_joint/elbow_left_joint/handWrist_left_joint/handMiddleMeta_left_joint", "root_joint/pelvis_joint/spineLower_joint/spineMiddle_joint/spineUpper_joint/chest_joint/clavicle_left_joint/shoulder_left_joint/elbow_left_joint/handWrist_left_joint/handMiddleMeta_left_joint/handMiddle_00_left_joint", "root_joint/pelvis_joint/spineLower_joint/spineMiddle_joint/spineUpper_joint/chest_joint/clavicle_left_joint/shoulder_left_joint/elbow_left_joint/handWrist_left_joint/handMiddleMeta_left_joint/handMiddle_00_left_joint/handMiddle_01_left_joint", "root_joint/pelvis_joint/spineLower_joint/spineMiddle_joint/spineUpper_joint/chest_joint/clavicle_left_joint/shoulder_left_joint/elbow_left_joint/handWrist_left_joint/handMiddleMeta_left_joint/handMiddle_00_left_joint/handMiddle_01_left_joint/handMiddle_02_left_joint", "root_joint/pelvis_joint/spineLower_joint/spineMiddle_joint/spineUpper_joint/chest_joint/clavicle_left_joint/shoulder_left_joint/elbow_left_joint/handWrist_left_joint/handWrist_partial_left_joint", "root_joint/pelvis_joint/spineLower_joint/spineMiddle_joint/spineUpper_joint/chest_joint/clavicle_left_joint/shoulder_left_joint/elbow_left_joint/handWrist_left_joint/handPinkyMeta_left_joint", "root_joint/pelvis_joint/spineLower_joint/spineMiddle_joint/spineUpper_joint/chest_joint/clavicle_left_joint/shoulder_left_joint/elbow_left_joint/handWrist_left_joint/handPinkyMeta_left_joint/handPinky_00_left_joint", "root_joint/pelvis_joint/spineLower_joint/spineMiddle_joint/spineUpper_joint/chest_joint/clavicle_left_joint/shoulder_left_joint/elbow_left_joint/handWrist_left_joint/handPinkyMeta_left_joint/handPinky_00_left_joint/handPinky_01_left_joint", "root_joint/pelvis_joint/spineLower_joint/spineMiddle_joint/spineUpper_joint/chest_joint/clavicle_left_joint/shoulder_left_joint/elbow_left_joint/handWrist_left_joint/handPinkyMeta_left_joint/handPinky_00_left_joint/handPinky_01_left_joint/handPinky_02_left_joint", "root_joint/pelvis_joint/spineLower_joint/spineMiddle_joint/spineUpper_joint/chest_joint/clavicle_left_joint/shoulder_left_joint/elbow_left_joint/handWrist_left_joint/handRingMeta_left_joint", "root_joint/pelvis_joint/spineLower_joint/spineMiddle_joint/spineUpper_joint/chest_joint/clavicle_left_joint/shoulder_left_joint/elbow_left_joint/handWrist_left_joint/handRingMeta_left_joint/handRing_00_left_joint", "root_joint/pelvis_joint/spineLower_joint/spineMiddle_joint/spineUpper_joint/chest_joint/clavicle_left_joint/shoulder_left_joint/elbow_left_joint/handWrist_left_joint/handRingMeta_left_joint/handRing_00_left_joint/handRing_01_left_joint", "root_joint/pelvis_joint/spineLower_joint/spineMiddle_joint/spineUpper_joint/chest_joint/clavicle_left_joint/shoulder_left_joint/elbow_left_joint/handWrist_left_joint/handRingMeta_left_joint/handRing_00_left_joint/handRing_01_left_joint/handRing_02_left_joint", "root_joint/pelvis_joint/spineLower_joint/spineMiddle_joint/spineUpper_joint/chest_joint/clavicle_left_joint/shoulder_left_joint/elbow_left_joint/handWrist_left_joint/handThumbMeta_left_joint", "root_joint/pelvis_joint/spineLower_joint/spineMiddle_joint/spineUpper_joint/chest_joint/clavicle_left_joint/shoulder_left_joint/elbow_left_joint/handWrist_left_joint/handThumbMeta_left_joint/handThumb_00_left_joint", "root_joint/pelvis_joint/spineLower_joint/spineMiddle_joint/spineUpper_joint/chest_joint/clavicle_left_joint/shoulder_left_joint/elbow_left_joint/handWrist_left_joint/handThumbMeta_left_joint/handThumb_00_left_joint/handThumb_01_left_joint", "root_joint/pelvis_joint/spineLower_joint/spineMiddle_joint/spineUpper_joint/chest_joint/clavicle_left_joint/shoulder_left_joint/elbow_left_joint/handWrist_left_joint/handThumbMeta_left_joint/handThumb_00_left_joint/handThumb_01_left_joint/handThumb_02_left_joint", "root_joint/pelvis_joint/spineLower_joint/spineMiddle_joint/spineUpper_joint/chest_joint/clavicle_left_joint/shoulder_left_joint/elbow_left_joint/handWrist_left_joint/hand_l_socket", "root_joint/pelvis_joint/spineLower_joint/spineMiddle_joint/spineUpper_joint/chest_joint/clavicle_left_joint/shoulder_left_joint/armUpper_twist_01_left_joint", "root_joint/pelvis_joint/spineLower_joint/spineMiddle_joint/spineUpper_joint/chest_joint/clavicle_left_joint/shoulder_left_joint/armUpper_twist_02_left_joint", "root_joint/pelvis_joint/spineLower_joint/spineMiddle_joint/spineUpper_joint/chest_joint/clavicle_left_joint/shoulder_left_joint/armUpper_twist_03_left_joint", "root_joint/pelvis_joint/spineLower_joint/spineMiddle_joint/spineUpper_joint/chest_joint/neck_joint", "root_joint/pelvis_joint/spineLower_joint/spineMiddle_joint/spineUpper_joint/chest_joint/neck_joint/neck_twist_01_joint", "root_joint/pelvis_joint/spineLower_joint/spineMiddle_joint/spineUpper_joint/chest_joint/neck_joint/neck_twist_02_joint", "root_joint/pelvis_joint/spineLower_joint/spineMiddle_joint/spineUpper_joint/chest_joint/neck_joint/head_joint", "root_joint/pelvis_joint/spineLower_joint/spineMiddle_joint/spineUpper_joint/chest_joint/neck_joint/head_joint/head_tracker_target", "root_joint/pelvis_joint/spineLower_joint/spineMiddle_joint/spineUpper_joint/chest_joint/neck_joint/head_joint/eye_offset_right_joint", "root_joint/pelvis_joint/spineLower_joint/spineMiddle_joint/spineUpper_joint/chest_joint/neck_joint/head_joint/eye_offset_right_joint/eye_right_joint", "root_joint/pelvis_joint/spineLower_joint/spineMiddle_joint/spineUpper_joint/chest_joint/neck_joint/head_joint/eye_offset_left_joint", "root_joint/pelvis_joint/spineLower_joint/spineMiddle_joint/spineUpper_joint/chest_joint/neck_joint/head_joint/eye_offset_left_joint/eye_left_joint", "root_joint/pelvis_joint/spineLower_joint/spineMiddle_joint/spineUpper_joint/chest_joint/neck_joint/head_joint/head_socket", "root_joint/pelvis_joint/spineLower_joint/spineMiddle_joint/spineUpper_joint/chest_joint/clavicle_right_joint", "root_joint/pelvis_joint/spineLower_joint/spineMiddle_joint/spineUpper_joint/chest_joint/clavicle_right_joint/shoulder_right_joint", "root_joint/pelvis_joint/spineLower_joint/spineMiddle_joint/spineUpper_joint/chest_joint/clavicle_right_joint/shoulder_right_joint/elbow_right_joint", "root_joint/pelvis_joint/spineLower_joint/spineMiddle_joint/spineUpper_joint/chest_joint/clavicle_right_joint/shoulder_right_joint/elbow_right_joint/elbow_partial_right_joint", "root_joint/pelvis_joint/spineLower_joint/spineMiddle_joint/spineUpper_joint/chest_joint/clavicle_right_joint/shoulder_right_joint/elbow_right_joint/armLower_twist_01_right_joint", "root_joint/pelvis_joint/spineLower_joint/spineMiddle_joint/spineUpper_joint/chest_joint/clavicle_right_joint/shoulder_right_joint/elbow_right_joint/armLower_twist_02_right_joint", "root_joint/pelvis_joint/spineLower_joint/spineMiddle_joint/spineUpper_joint/chest_joint/clavicle_right_joint/shoulder_right_joint/elbow_right_joint/armLower_twist_03_right_joint", "root_joint/pelvis_joint/spineLower_joint/spineMiddle_joint/spineUpper_joint/chest_joint/clavicle_right_joint/shoulder_right_joint/elbow_right_joint/handWrist_right_joint", "root_joint/pelvis_joint/spineLower_joint/spineMiddle_joint/spineUpper_joint/chest_joint/clavicle_right_joint/shoulder_right_joint/elbow_right_joint/handWrist_right_joint/handIndexMeta_right_joint", "root_joint/pelvis_joint/spineLower_joint/spineMiddle_joint/spineUpper_joint/chest_joint/clavicle_right_joint/shoulder_right_joint/elbow_right_joint/handWrist_right_joint/handIndexMeta_right_joint/handIndex_00_right_joint", "root_joint/pelvis_joint/spineLower_joint/spineMiddle_joint/spineUpper_joint/chest_joint/clavicle_right_joint/shoulder_right_joint/elbow_right_joint/handWrist_right_joint/handIndexMeta_right_joint/handIndex_00_right_joint/handIndex_01_right_joint", "root_joint/pelvis_joint/spineLower_joint/spineMiddle_joint/spineUpper_joint/chest_joint/clavicle_right_joint/shoulder_right_joint/elbow_right_joint/handWrist_right_joint/handIndexMeta_right_joint/handIndex_00_right_joint/handIndex_01_right_joint/handIndex_02_right_joint", "root_joint/pelvis_joint/spineLower_joint/spineMiddle_joint/spineUpper_joint/chest_joint/clavicle_right_joint/shoulder_right_joint/elbow_right_joint/handWrist_right_joint/handMiddleMeta_right_joint", "root_joint/pelvis_joint/spineLower_joint/spineMiddle_joint/spineUpper_joint/chest_joint/clavicle_right_joint/shoulder_right_joint/elbow_right_joint/handWrist_right_joint/handMiddleMeta_right_joint/handMiddle_00_right_joint", "root_joint/pelvis_joint/spineLower_joint/spineMiddle_joint/spineUpper_joint/chest_joint/clavicle_right_joint/shoulder_right_joint/elbow_right_joint/handWrist_right_joint/handMiddleMeta_right_joint/handMiddle_00_right_joint/handMiddle_01_right_joint", "root_joint/pelvis_joint/spineLower_joint/spineMiddle_joint/spineUpper_joint/chest_joint/clavicle_right_joint/shoulder_right_joint/elbow_right_joint/handWrist_right_joint/handMiddleMeta_right_joint/handMiddle_00_right_joint/handMiddle_01_right_joint/handMiddle_02_right_joint", "root_joint/pelvis_joint/spineLower_joint/spineMiddle_joint/spineUpper_joint/chest_joint/clavicle_right_joint/shoulder_right_joint/elbow_right_joint/handWrist_right_joint/handWrist_partial_right_joint", "root_joint/pelvis_joint/spineLower_joint/spineMiddle_joint/spineUpper_joint/chest_joint/clavicle_right_joint/shoulder_right_joint/elbow_right_joint/handWrist_right_joint/handPinkyMeta_right_joint", "root_joint/pelvis_joint/spineLower_joint/spineMiddle_joint/spineUpper_joint/chest_joint/clavicle_right_joint/shoulder_right_joint/elbow_right_joint/handWrist_right_joint/handPinkyMeta_right_joint/handPinky_00_right_joint", "root_joint/pelvis_joint/spineLower_joint/spineMiddle_joint/spineUpper_joint/chest_joint/clavicle_right_joint/shoulder_right_joint/elbow_right_joint/handWrist_right_joint/handPinkyMeta_right_joint/handPinky_00_right_joint/handPinky_01_right_joint", "root_joint/pelvis_joint/spineLower_joint/spineMiddle_joint/spineUpper_joint/chest_joint/clavicle_right_joint/shoulder_right_joint/elbow_right_joint/handWrist_right_joint/handPinkyMeta_right_joint/handPinky_00_right_joint/handPinky_01_right_joint/handPinky_02_right_joint", "root_joint/pelvis_joint/spineLower_joint/spineMiddle_joint/spineUpper_joint/chest_joint/clavicle_right_joint/shoulder_right_joint/elbow_right_joint/handWrist_right_joint/handRingMeta_right_joint", "root_joint/pelvis_joint/spineLower_joint/spineMiddle_joint/spineUpper_joint/chest_joint/clavicle_right_joint/shoulder_right_joint/elbow_right_joint/handWrist_right_joint/handRingMeta_right_joint/handRing_00_right_joint", "root_joint/pelvis_joint/spineLower_joint/spineMiddle_joint/spineUpper_joint/chest_joint/clavicle_right_joint/shoulder_right_joint/elbow_right_joint/handWrist_right_joint/handRingMeta_right_joint/handRing_00_right_joint/handRing_01_right_joint", "root_joint/pelvis_joint/spineLower_joint/spineMiddle_joint/spineUpper_joint/chest_joint/clavicle_right_joint/shoulder_right_joint/elbow_right_joint/handWrist_right_joint/handRingMeta_right_joint/handRing_00_right_joint/handRing_01_right_joint/handRing_02_right_joint", "root_joint/pelvis_joint/spineLower_joint/spineMiddle_joint/spineUpper_joint/chest_joint/clavicle_right_joint/shoulder_right_joint/elbow_right_joint/handWrist_right_joint/handThumbMeta_right_joint", "root_joint/pelvis_joint/spineLower_joint/spineMiddle_joint/spineUpper_joint/chest_joint/clavicle_right_joint/shoulder_right_joint/elbow_right_joint/handWrist_right_joint/handThumbMeta_right_joint/handThumb_00_right_joint", "root_joint/pelvis_joint/spineLower_joint/spineMiddle_joint/spineUpper_joint/chest_joint/clavicle_right_joint/shoulder_right_joint/elbow_right_joint/handWrist_right_joint/handThumbMeta_right_joint/handThumb_00_right_joint/handThumb_01_right_joint", "root_joint/pelvis_joint/spineLower_joint/spineMiddle_joint/spineUpper_joint/chest_joint/clavicle_right_joint/shoulder_right_joint/elbow_right_joint/handWrist_right_joint/handThumbMeta_right_joint/handThumb_00_right_joint/handThumb_01_right_joint/handThumb_02_right_joint", "root_joint/pelvis_joint/spineLower_joint/spineMiddle_joint/spineUpper_joint/chest_joint/clavicle_right_joint/shoulder_right_joint/elbow_right_joint/handWrist_right_joint/hand_r_socket", "root_joint/pelvis_joint/spineLower_joint/spineMiddle_joint/spineUpper_joint/chest_joint/clavicle_right_joint/shoulder_right_joint/armUpper_twist_01_right_joint", "root_joint/pelvis_joint/spineLower_joint/spineMiddle_joint/spineUpper_joint/chest_joint/clavicle_right_joint/shoulder_right_joint/armUpper_twist_02_right_joint", "root_joint/pelvis_joint/spineLower_joint/spineMiddle_joint/spineUpper_joint/chest_joint/clavicle_right_joint/shoulder_right_joint/armUpper_twist_03_right_joint", "root_joint/pelvis_joint/spineLower_joint/spineMiddle_joint/spineUpper_joint/chest_joint/back_socket", "root_joint/pelvis_joint/hip_left_joint", "root_joint/pelvis_joint/hip_left_joint/knee_left_joint", "root_joint/pelvis_joint/hip_left_joint/knee_left_joint/footAnkle_left_joint", "root_joint/pelvis_joint/hip_left_joint/knee_left_joint/footAnkle_left_joint/footBall_left_joint", "root_joint/pelvis_joint/hip_left_joint/knee_left_joint/footAnkle_left_joint/footBall_left_joint/footToe_left_joint", "root_joint/pelvis_joint/hip_left_joint/knee_left_joint/footAnkle_left_joint/footAnkle_partial_left_joint", "root_joint/pelvis_joint/hip_left_joint/knee_left_joint/footAnkle_left_joint/foot_l_socket", "root_joint/pelvis_joint/hip_left_joint/knee_left_joint/knee_partial_left_joint", "root_joint/pelvis_joint/hip_left_joint/knee_left_joint/legLower_twist_01_left_joint", "root_joint/pelvis_joint/hip_left_joint/knee_left_joint/legLower_twist_02_left_joint", "root_joint/pelvis_joint/hip_left_joint/knee_left_joint/legLower_twist_03_left_joint", "root_joint/pelvis_joint/hip_left_joint/legUpper_twist_01_left_joint", "root_joint/pelvis_joint/hip_left_joint/legUpper_twist_02_left_joint", "root_joint/pelvis_joint/hip_left_joint/legUpper_twist_03_left_joint", "root_joint/pelvis_joint/hip_right_joint", "root_joint/pelvis_joint/hip_right_joint/knee_right_joint", "root_joint/pelvis_joint/hip_right_joint/knee_right_joint/footAnkle_right_joint", "root_joint/pelvis_joint/hip_right_joint/knee_right_joint/footAnkle_right_joint/footBall_right_joint", "root_joint/pelvis_joint/hip_right_joint/knee_right_joint/footAnkle_right_joint/footBall_right_joint/footToe_right_joint", "root_joint/pelvis_joint/hip_right_joint/knee_right_joint/footAnkle_right_joint/footAnkle_partial_right_joint", "root_joint/pelvis_joint/hip_right_joint/knee_right_joint/footAnkle_right_joint/foot_r_socket", "root_joint/pelvis_joint/hip_right_joint/knee_right_joint/knee_partial_right_joint", "root_joint/pelvis_joint/hip_right_joint/knee_right_joint/legLower_twist_01_right_joint", "root_joint/pelvis_joint/hip_right_joint/knee_right_joint/legLower_twist_02_right_joint", "root_joint/pelvis_joint/hip_right_joint/knee_right_joint/legLower_twist_03_right_joint", "root_joint/pelvis_joint/hip_right_joint/legUpper_twist_01_right_joint", "root_joint/pelvis_joint/hip_right_joint/legUpper_twist_02_right_joint", "root_joint/pelvis_joint/hip_right_joint/legUpper_twist_03_right_joint", "root_joint/pelvis_joint/hip_l_front_socket", "root_joint/pelvis_joint/hip_l_back_socket", "root_joint/pelvis_joint/hip_r_front_socket", "root_joint/pelvis_joint/hip_r_back_socket"]
        uniform matrix4d[] restTransforms = [( (1, 0, -2.2957304679493973e-7, 0), (0, 1, 0, 0), (2.2957304679493973e-7, 0, 1, 0), (-0.09981292486190796, 0, -0.4220740497112274, 1) ), ( (0.0000021457672119140625, 1, 0.000030994415283203125, 0), (0, -0.000030994415283203125, 1, 0), (1, -0.0000021457672119140625, 0, 0), (0, 62.8568229675293, 1.3935422897338867, 1) ), ( (0.9998674392700195, 0.01628340780735016, 9.499791531197843e-7, 0), (-0.01628340780735016, 0.9998674392700195, -2.9687642566500472e-8, 0), (-9.503367550678377e-7, 1.4214819543667545e-8, 1, 0), (1.2930717468261719, 0, 0, 1) ), ( (0.9984972476959229, 0.054801832884550095, 0.0000015717605492682196, 0), (-0.05480183660984039, 0.9984971880912781, -9.029853913489205e-7, 0), (-0.0000016188834024433163, 8.15493137906742e-7, 1, 0), (5.217803955078125, -5.21540641784668e-8, 0, 1) ), ( (0.9998158812522888, 0.019195815548300743, 0.0000016239210935964365, 0), (-0.0191958025097847, 0.9998159408569336, -0.000003636653218563879, 0), (-0.000001693431954663538, 0.0000036048111269337824, 1, 0), (3.7447052001953125, -2.384185791015625e-7, 1.4901161193847656e-8, 1) ), ( (0.9999992847442627, 0.0010069485288113356, 6.951769933039031e-7, 0), (-0.001006955630145967, 0.9999992847442627, -0.0000012496769841163768, 0), (-6.964331760173081e-7, 0.0000012489751952671213, 1, 0), (6.990180969238281, -9.5367431640625e-7, -1.4901161193847656e-8, 1) ), ( (-0.1705097109079361, -0.2597329616546631, 0.9505078196525574, 0), (-0.03600957989692688, 0.9656322598457336, 0.257406085729599, 0), (-0.9846977591514587, 0.00966286938637495, -0.1740025132894516, 0), (10.274955749511719, 0.6405706405639648, 3.541929006576538, 1) ), ( (0.9566007256507874, 0.2572011649608612, -0.1369771510362625, 0), (-0.25564783811569214, 0.9663312435150146, 0.029118746519088745, 0), (0.13985468447208405, 0.007162932772189379, 0.9901463389396667, 0), (14.975690841674805, 0.000001430511474609375, 0.00000762939453125, 1) ), ( (0.9979948401451111, 0.06329293549060822, -2.219385919488559e-8, 0), (-0.06329295039176941, 0.9979952573776245, -8.254852801314883e-9, 0), (-5.769711375336328e-10, -2.497495721343057e-8, 0.9999998807907104, 0), (24.433204650878906, 0, 0.00000762939453125, 1) ), ( (1.0000001192092896, -4.205357839737189e-9, 9.599864370102296e-8, 0), (-9.949998158731432e-9, 0.9999998211860657, -8.313462807052474e-9, 0), (-1.0726032684260645e-7, -1.0948819628708861e-9, 0.9999999403953552, 0), (0, -9.5367431640625e-7, -0.00000762939453125, 1) ), ( (1.0000001192092896, -4.205357839737189e-9, 9.599864370102296e-8, 0), (-9.949998158731432e-9, 0.9999998211860657, -8.313462807052474e-9, 0), (-1.0726032684260645e-7, -1.0948819628708861e-9, 0.9999999403953552, 0), (9.372474670410156, -0.000003814697265625, 0, 1) ), ( (1.0000001192092896, -4.205357839737189e-9, 9.599864370102296e-8, 0), (-9.949998158731432e-9, 0.9999998211860657, -8.313462807052474e-9, 0), (-1.0726032684260645e-7, -1.0948819628708861e-9, 0.9999999403953552, 0), (17.417675018310547, -0.0000019073486328125, 0.00000762939453125, 1) ), ( (1.0000001192092896, -4.205357839737189e-9, 9.599864370102296e-8, 0), (-9.949998158731432e-9, 0.9999998211860657, -8.313462807052474e-9, 0), (-1.0726032684260645e-7, -1.0948819628708861e-9, 0.9999999403953552, 0), (22.19164276123047, -9.5367431640625e-7, -0.0000152587890625, 1) ), ( (0.9991081953048706, -0.02366766706109047, -0.03497231751680374, 0), (0.03496253862977028, -0.0008279276662506163, 0.9993883371353149, 0), (-0.023682134225964546, -0.9997193217277527, 3.373275774265494e-7, 0), (22.19164276123047, -9.5367431640625e-7, -0.0000152587890625, 1) ), ( (0.9791542291641235, 0.11641571670770645, -0.1664460003376007, 0), (-0.11924470216035843, 0.9928398728370667, -0.007070093881338835, 0), (0.16443109512329102, 0.02677047811448574, 0.9860253930091858, 0), (3.6727218627929688, 0.84136962890625, -1.5604305267333984, 1) ), ( (0.9646583795547485, -0.0008018206572160125, -0.2635023593902588, 0), (0.03333735838532448, 0.9923310279846191, 0.11902561783790588, 0), (0.26138630509376526, -0.123603455722332, 0.9572874307632446, 0), (8.801956176757812, -0.708160400390625, 0.10752296447753906, 1) ), ( (0.9998779892921448, 0.0067979199811816216, 0.014064569026231766, 0), (-0.006061846856027842, 0.9986428022384644, -0.05173064395785332, 0), (-0.014397384598851204, 0.05163908749818802, 0.9985621571540833, 0), (5.177280426025391, -0.00002288818359375, 0.000003814697265625, 1) ), ( (0.9881309866905212, -0.14286836981773376, 0.056445881724357605, 0), (0.14461182057857513, 0.9890899062156677, -0.028094621375203133, 0), (-0.05181578919291496, 0.035923853516578674, 0.9980102181434631, 0), (3.7056121826171875, 0.000030517578125, -0.0000152587890625, 1) ), ( (0.9952194690704346, 0.09653498232364655, -0.01480268407613039, 0), (-0.09654591977596283, 0.9953283071517944, -0.000021925268811173737, 0), (0.014731423929333687, 0.0014509661123156548, 0.9998906254768372, 0), (3.8581161499023438, 0.5822906494140625, -0.2795858383178711, 1) ), ( (0.997677743434906, 0.014981153421103954, 0.06644225120544434, 0), (-0.010029781609773636, 0.9971904754638672, -0.07423698157072067, 0), (-0.06736771762371063, 0.07339821755886078, 0.9950246214866638, 0), (8.493026733398438, -0.7988433837890625, 0.1760711669921875, 1) ), ( (0.9989138245582581, 0.04596471041440964, 0.00767247611656785, 0), (-0.0457790270447731, 0.9986901879310608, -0.022848183289170265, 0), (-0.008712692186236382, 0.022472098469734192, 0.9997096657752991, 0), (5.717369079589844, 0.00000762939453125, -0.000002086162567138672, 1) ), ( (0.982634425163269, -0.1848956048488617, 0.015570245683193207, 0), (0.1855289787054062, 0.9803216457366943, -0.06744062900543213, 0), (-0.0027942927554249763, 0.06915826350450516, 0.9976016879081726, 0), (4.0562286376953125, 0, 0.000003337860107421875, 1) ), ( (0.9999999403953552, 0.000004646341949410271, -0.000002814191020661383, 0), (-0.000004676706339523662, 1, -0.000022360658476827666, 0), (0.0000028368281164148357, 0.000022341851945384406, 1.000000238418579, 0), (-0.09195709228515625, 0.12400054931640625, -0.010784149169921875, 1) ), ( (0.9599373936653137, 0.09357525408267975, 0.26412832736968994, 0), (0.022653840482234955, 0.9135923981666565, -0.40599963068962097, 0), (-0.2792971432209015, 0.3957177400588989, 0.8748718500137329, 0), (3.5887832641601562, 1.1416244506835938, 2.4735727310180664, 1) ), ( (0.7799505591392517, -0.07124403119087219, 0.6217728853225708, 0), (-0.08619385957717896, 0.9718037843704224, 0.21947245299816132, 0), (-0.6198774576187134, -0.2247707098722458, 0.7518179416656494, 0), (7.091815948486328, 0.0001220703125, -0.000232696533203125, 1) ), ( (0.9959551095962524, -0.023447344079613686, 0.08673851191997528, 0), (0.029907993972301483, 0.996813178062439, -0.07394988089799881, 0), (-0.08472788333892822, 0.07624492794275284, 0.9934826493263245, 0), (4.39874267578125, 0.0000152587890625, 0, 1) ), ( (0.9940048456192017, -0.0480215921998024, -0.09822472184896469, 0), (0.04814782366156578, 0.9988400936126709, -0.0010860745096579194, 0), (0.098162941634655, -0.003649706719443202, 0.9951635599136353, 0), (3.2743606567382812, -0.00002288818359375, 0, 1) ), ( (0.9845125079154968, 0.1277550905942917, 0.12005758285522461, 0), (-0.12940290570259094, 0.991573691368103, 0.005998100619763136, 0), (-0.11827968060970306, -0.021440979093313217, 0.992749035358429, 0), (3.8142318725585938, 0.764556884765625, 1.026071548461914, 1) ), ( (0.9283199906349182, 0.027274254709482193, 0.3707802891731262, 0), (0.010045187547802925, 0.9951017498970032, -0.09834851324558258, 0), (-0.37164634466171265, 0.09502343088388443, 0.9234983325004578, 0), (7.857696533203125, -0.6649551391601562, 0.17099380493164062, 1) ), ( (0.9992662668228149, 0.038143936544656754, 0.0033990368247032166, 0), (-0.037828657776117325, 0.9970104694366455, -0.06737226992845535, 0), (-0.0059584504924714565, 0.06719422340393066, 0.9977221488952637, 0), (5.292743682861328, 0.00000762939453125, -0.0000019073486328125, 1) ), ( (0.9970384240150452, -0.050341732800006866, -0.058140501379966736, 0), (0.049935635179281235, 0.9987168312072754, -0.00841707643121481, 0), (0.05848943442106247, 0.005488813389092684, 0.9982730150222778, 0), (3.9508018493652344, 0.00000762939453125, -0.00000762939453125, 1) ), ( (-0.0016250534681603312, 0.3479846119880676, -0.9374992847442627, 0), (0.5544480681419373, 0.7805176377296448, 0.28875479102134705, 0), (0.8322169184684753, -0.519325315952301, -0.1942078173160553, 0), (2.0732498168945312, 1.37078857421875, -1.1416778564453125, 1) ), ( (0.9900611042976379, 0.13923589885234833, 0.01980690471827984, 0), (-0.11974196135997772, 0.7606924772262573, 0.6379722952842712, 0), (0.07376167923212051, -0.6340036988258362, 0.7698041200637817, 0), (4.8451385498046875, 0.00000762939453125, 0.00000762939453125, 1) ), ( (0.9898691773414612, -0.00641934247687459, 0.14183713495731354, 0), (0.03131794556975365, 0.9842439889907837, -0.17401957511901855, 0), (-0.13848523795604706, 0.17669881880283356, 0.9744740128517151, 0), (4.5923919677734375, -0.0000152587890625, -0.00000762939453125, 1) ), ( (0.9876940846443176, -0.07951030135154724, -0.13467952609062195, 0), (0.10107813775539398, 0.9816429615020752, 0.1617429256439209, 0), (0.11934680491685867, -0.1733655333518982, 0.977599561214447, 0), (4.730688095092773, 0.0000152587890625, 0.0000152587890625, 1) ), ( (0.999238133430481, -0.0025739127304404974, 0.03894169628620148, 0), (-0.006825282704085112, -0.9939700365066528, 0.10943768173456192, 0), (0.03842515870928764, -0.10962004959583282, -0.9932305812835693, 0), (6.221275329589844, 4.1162872314453125, -0.534393310546875, 1) ), ( (1, -1.69332032839975e-8, -2.518083341840338e-8, 0), (3.508431545284907e-9, 1.0000001192092896, -1.9113478799681616e-8, 0), (1.4252196756103785e-8, -1.0165881469959004e-8, 0.9999998807907104, 0), (10.164345741271973, -0.0000019073486328125, 0.00000762939453125, 1) ), ( (1, -1.69332032839975e-8, -2.518083341840338e-8, 0), (3.508431545284907e-9, 1.0000001192092896, -1.9113478799681616e-8, 0), (1.4252196756103785e-8, -1.0165881469959004e-8, 0.9999998807907104, 0), (17.01055145263672, -9.5367431640625e-7, 0, 1) ), ( (1, -1.69332032839975e-8, -2.518083341840338e-8, 0), (3.508431545284907e-9, 1.0000001192092896, -1.9113478799681616e-8, 0), (1.4252196756103785e-8, -1.0165881469959004e-8, 0.9999998807907104, 0), (24.433204650878906, 0, 0.00000762939453125, 1) ), ( (0.967116117477417, 0.25433555245399475, 0.0000031177773962554056, 0), (-0.25433555245399475, 0.9671161770820618, 5.423678572924473e-8, 0), (-0.0000030014605272299377, -8.454139788227621e-7, 1, 0), (13.022537231445312, -2.1651673316955566, 5.21540641784668e-8, 1) ), ( (1, -6.75365541269457e-9, -5.423789062319884e-8, 0), (1.3601137993646262e-8, 1, 2.6285519538760127e-7, 0), (5.424108806550976e-8, -2.628547406402504e-7, 1, 0), (9.848007202148438, 0.0000019073486328125, -7.450580596923828e-9, 1) ), ( (1, -6.75365541269457e-9, -5.423789062319884e-8, 0), (1.3601137993646262e-8, 1, 0.0000018203903664471, 0), (5.4240175018094305e-8, -0.0000018203904801339377, 1, 0), (35.19049072265625, 0.000003814697265625, -7.450580596923828e-9, 1) ), ( (0.9671248197555542, -0.25430235266685486, 2.7687335091286513e-7, 0), (0.25430235266685486, 0.9671248197555542, 0.0000032566133540967712, 0), (-0.0000010959332712445757, -0.0000030791416065767407, 1, 0), (35.19049072265625, 0.000003814697265625, -7.450580596923828e-9, 1) ), ( (-0.0017046937718987465, -0.07132769376039505, 0.9974507689476013, 0), (0.9997135400772095, -0.02390418015420437, -2.682202193682315e-7, 0), (0.02384382113814354, 0.9971655607223511, 0.07134868204593658, 0), (15.660491943359375, 16.189647674560547, 0, 1) ), ( (-3.332655484911129e-9, 0.0698605328798294, 0.9975571036338806, 0), (0.9997273087501526, -0.023301858454942703, 0.0016315876273438334, 0), (0.023358583450317383, 0.9972847104072571, -0.06984186172485352, 0), (15.660491943359375, 16.189645767211914, -8.840781211853027, 1) ), ( (0.9999998807907104, -8.915255200747652e-10, 1.1430264734713091e-8, 0), (2.0200148220794745e-9, 0.9999999403953552, 2.8631831128222984e-8, 0), (8.732965461888398e-10, -1.2909698199337072e-8, 1.0000001192092896, 0), (-0.000002384185791015625, 0.000030517578125, 0.000003814697265625, 1) ), ( (-2.3970741835910303e-7, -0.06986259669065475, 0.9975565075874329, 0), (0.9997270703315735, -0.02330135367810726, -0.001631587860174477, 0), (0.023358294740319252, 0.9972841739654541, 0.06984353065490723, 0), (15.660491943359375, 16.189651489257812, 8.840538024902344, 1) ), ( (1.0000001192092896, 1.551833772595046e-9, -2.2440271862933514e-9, 0), (-8.534491446887671e-10, 0.9999999403953552, 3.3980773750386106e-9, 0), (-7.973565807617433e-9, 1.4794387936944986e-9, 1.0000001192092896, 0), (-9.5367431640625e-7, 0.0000152587890625, -0.000003814697265625, 0.9999999403953552) ), ( (0.000010413547897769604, -6.645015093731388e-11, 1, 0), (0.9958273768424988, -0.09125551581382751, -0.000010370102245360613, 0), (0.0912555456161499, 0.9958271980285645, -9.50295770962839e-7, 0), (49.653167724609375, 0.0000021457672119140625, 0, 1) ), ( (0.17050963640213013, 0.2597329616546631, 0.9505077600479126, 0), (0.03600966930389404, -0.9656319618225098, 0.2574060559272766, 0), (0.9846978187561035, -0.009662728756666183, -0.17400218546390533, 0), (10.274696350097656, 0.6405696868896484, -3.54193377494812, 1) ), ( (0.9566008448600769, 0.2572011947631836, -0.13697712123394012, 0), (-0.25564783811569214, 0.9663313627243042, 0.029118722304701805, 0), (0.13985469937324524, 0.00716291181743145, 0.9901460409164429, 0), (-14.975639343261719, 0.00000667572021484375, 0.0001068115234375, 1) ), ( (0.9979949593544006, 0.06329294294118881, -1.7126861706628915e-8, 0), (-0.0632929727435112, 0.997995138168335, 1.406034400019962e-9, 0), (-3.3808433386184333e-8, -9.117417931747696e-9, 1.0000001192092896, 0), (-24.432870864868164, 0.00002574920654296875, 0.00046539306640625, 1) ), ( (0.9999999403953552, -2.6749226833544526e-8, 7.730965023711178e-8, 0), (5.1922778965263205e-8, 0.9999999403953552, 3.114974944651294e-8, 0), (-7.748455743694649e-8, -1.0015477336366985e-8, 1, 0), (-0.000003814697265625, -9.5367431640625e-7, -0.00000762939453125, 1) ), ( (0.9999999403953552, -2.6749226833544526e-8, 7.730965023711178e-8, 0), (5.1922778965263205e-8, 0.9999999403953552, 3.114974944651294e-8, 0), (-7.748455743694649e-8, -1.0015477336366985e-8, 1, 0), (-9.372848510742188, 0.00001049041748046875, -0.0003814697265625, 1) ), ( (0.9999999403953552, -2.6749226833544526e-8, 7.730965023711178e-8, 0), (5.1922778965263205e-8, 0.9999999403953552, 3.114974944651294e-8, 0), (-7.748455743694649e-8, -1.0015477336366985e-8, 1, 0), (-17.417579650878906, -0.0000095367431640625, 0.0000457763671875, 1) ), ( (0.9999999403953552, -2.6749226833544526e-8, 7.730965023711178e-8, 0), (5.1922778965263205e-8, 0.9999999403953552, 3.114974944651294e-8, 0), (-7.748455743694649e-8, -1.0015477336366985e-8, 1, 0), (-22.19162368774414, -0.00000667572021484375, -0.00009918212890625, 1) ), ( (0.999107837677002, -0.023667629808187485, -0.03497236222028732, 0), (0.03496254235506058, -0.0008279028115794063, 0.9993884563446045, 0), (-0.023682117462158203, -0.9997195601463318, 3.663228653749684e-7, 0), (-22.19162368774414, -0.00000667572021484375, -0.00009918212890625, 1) ), ( (0.9791542887687683, 0.11641574651002884, -0.1664460003376007, 0), (-0.11924470216035843, 0.9928394556045532, -0.007070054300129414, 0), (0.16443109512329102, 0.02677043527364731, 0.9860249161720276, 0), (-3.672943115234375, -0.841583251953125, 1.560429573059082, 0.9999999403953552) ), ( (0.9646586775779724, -0.000801827001851052, -0.2635023891925812, 0), (0.03333742544054985, 0.9923315644264221, 0.11902564018964767, 0), (0.2613862454891205, -0.12360352277755737, 0.9572879076004028, 0), (-8.801959991455078, 0.7081222534179688, -0.1075286865234375, 1) ), ( (0.9998776316642761, 0.006797914858907461, 0.014064490795135498, 0), (-0.0060619330033659935, 0.9986425042152405, -0.05173061788082123, 0), (-0.014397055841982365, 0.05163908004760742, 0.9985619187355042, 0), (-5.177280426025391, 0.0000457763671875, 0.00000762939453125, 1.0000001192092896) ), ( (0.988131046295166, -0.14286838471889496, 0.05644587427377701, 0), (0.1446118950843811, 0.9890899062156677, -0.02809462882578373, 0), (-0.05181621015071869, 0.035923853516578674, 0.9980101585388184, 0), (-3.7056312561035156, -0.000030517578125, -0.00002288818359375, 1) ), ( (0.9952195882797241, 0.09653499722480774, -0.014802692458033562, 0), (-0.09654591232538223, 0.9953283071517944, -0.000021930305592832156, 0), (0.014731400646269321, 0.0014509315369650722, 0.9998902678489685, 0), (-3.8584365844726562, -0.5824661254882812, 0.27957916259765625, 0.9999999403953552) ), ( (0.9976779222488403, 0.014981136657297611, 0.06644228845834732, 0), (-0.010029853321611881, 0.9971902966499329, -0.07423697412014008, 0), (-0.06736771762371063, 0.07339819520711899, 0.9950248599052429, 0), (-8.492969512939453, 0.798828125, -0.17606830596923828, 1.0000001192092896) ), ( (0.9989135265350342, 0.04596478119492531, 0.0076725054532289505, 0), (-0.045779019594192505, 0.9986901879310608, -0.022848183289170265, 0), (-0.008712681010365486, 0.02247212827205658, 0.99970942735672, 0), (-5.717315673828125, -0.0000152587890625, 4.76837158203125e-7, 1) ), ( (0.982634961605072, -0.18489573895931244, 0.015570227988064289, 0), (0.18552914261817932, 0.9803218245506287, -0.06744065135717392, 0), (-0.0027942995075136423, 0.06915825605392456, 0.9976018667221069, 0), (-4.056282043457031, -0.00002288818359375, -0.0000021457672119140625, 1) ), ( (1.0000001192092896, -2.0078738316442468e-7, -1.7435553445466212e-8, 0), (2.1055311094642093e-7, 0.9999998211860657, 0.000022935790184419602, 0), (-7.000244295340963e-8, -0.000022967366021475755, 0.9999998807907104, 0), (0.09197616577148438, -0.123992919921875, 0.0107879638671875, 0.9999999403953552) ), ( (0.9599376916885376, 0.09357525408267975, 0.264128178358078, 0), (0.022653864696621895, 0.9135923385620117, -0.40599948167800903, 0), (-0.2792971730232239, 0.395717591047287, 0.8748716711997986, 0), (-3.5890045166015625, -1.1418304443359375, -2.4735708236694336, 0.9999999403953552) ), ( (0.7799502611160278, -0.07124393433332443, 0.6217730045318604, 0), (-0.08619384467601776, 0.9718037247657776, 0.21947234869003296, 0), (-0.6198773384094238, -0.22477059066295624, 0.7518179416656494, 0), (-7.091861724853516, -0.00008392333984375, 0.00025177001953125, 1.0000001192092896) ), ( (0.9959551692008972, -0.023447368294000626, 0.08673834800720215, 0), (0.029907982796430588, 0.9968134164810181, -0.07394982874393463, 0), (-0.08472806215286255, 0.07624492049217224, 0.9934825897216797, 0), (-4.3987579345703125, -0.00002288818359375, -0.000019073486328125, 1) ), ( (0.9940050840377808, -0.04802163690328598, -0.09822478145360947, 0), (0.04814784228801727, 0.9988398551940918, -0.0010860450565814972, 0), (0.09816315770149231, -0.0036497379187494516, 0.9951637983322144, 0), (-3.274303436279297, -0.00005340576171875, -0.00002288818359375, 1) ), ( (0.9845125675201416, 0.12775510549545288, 0.12005751579999924, 0), (-0.12940289080142975, 0.9915737509727478, 0.005998100154101849, 0), (-0.11827973276376724, -0.02144104428589344, 0.9927485585212708, 0), (-3.8144912719726562, -0.7647857666015625, -1.0260734558105469, 0.9999999403953552) ), ( (0.9283199310302734, 0.02727426402270794, 0.370780348777771, 0), (0.010045086033642292, 0.9951012134552002, -0.09834852069616318, 0), (-0.3716462552547455, 0.09502348303794861, 0.9234986901283264, 0), (-7.857723236083984, 0.6649017333984375, -0.17099666595458984, 1.0000001192092896) ), ( (0.999266505241394, 0.03814392909407616, 0.0033989837393164635, 0), (-0.03782860189676285, 0.9970107078552246, -0.06737222522497177, 0), (-0.005958670750260353, 0.06719421595335007, 0.9977219700813293, 0), (-5.292705535888672, 0.0000152587890625, 0.0000019073486328125, 1) ), ( (0.9970384240150452, -0.05034178867936134, -0.058140456676483154, 0), (0.04993562400341034, 0.9987169504165649, -0.008417068980634212, 0), (0.05848943814635277, 0.005488877184689045, 0.9982728958129883, 0), (-3.9507598876953125, 0.00002288818359375, -0.000011444091796875, 1) ), ( (-0.0016250292537733912, 0.34798458218574524, -0.937498927116394, 0), (0.5544481873512268, 0.780517578125, 0.2887546718120575, 0), (0.8322168588638306, -0.5193250775337219, -0.19420772790908813, 0), (-2.0734939575195312, -1.3709716796875, 1.1416740417480469, 0.9999999403953552) ), ( (0.9900609254837036, 0.13923580944538116, 0.019806886091828346, 0), (-0.11974203586578369, 0.760692298412323, 0.6379724144935608, 0), (0.07376169413328171, -0.6340032815933228, 0.7698044180870056, 0), (-4.845176696777344, -0.0000820159912109375, 0.00006103515625, 1) ), ( (0.9898695349693298, -0.006419388577342033, 0.14183714985847473, 0), (0.031318001449108124, 0.9842442870140076, -0.17401964962482452, 0), (-0.13848526775836945, 0.1766984760761261, 0.9744742512702942, 0), (-4.592374801635742, 0.000026702880859375, -0.00002288818359375, 1.0000001192092896) ), ( (0.9876941442489624, -0.07951033860445023, -0.1346794068813324, 0), (0.10107798874378204, 0.9816429615020752, 0.16174285113811493, 0), (0.11934670805931091, -0.17336544394493103, 0.9775993227958679, 0), (-4.730724334716797, -0.0000514984130859375, -0.00006866455078125, 1) ), ( (0.999238908290863, -0.0025601242668926716, 0.03892958536744118, 0), (0.006810027174651623, 0.9939699769020081, -0.10943841934204102, 0), (-0.03841477632522583, 0.10962007939815521, 0.9932308197021484, 0), (-6.2216949462890625, -4.160255432128906, 0.5392236709594727, 0.9999999403953552) ), ( (0.9999998807907104, 1.3875128601625875e-8, -3.5956823296601215e-8, 0), (-3.1543933687316894e-8, 1, 4.92031304588636e-9, 0), (-1.8979422478082597e-8, 5.6916604762591305e-9, 1.0000001192092896, 0), (-10.163928985595703, 0.00002002716064453125, 0.000396728515625, 1) ), ( (0.9999998807907104, 1.3875128601625875e-8, -3.5956823296601215e-8, 0), (-3.1543933687316894e-8, 1, 4.92031304588636e-9, 0), (-1.8979422478082597e-8, 5.6916604762591305e-9, 1.0000001192092896, 0), (-17.010601043701172, 0.00000476837158203125, 0.0000762939453125, 1) ), ( (0.9999998807907104, 1.3875128601625875e-8, -3.5956823296601215e-8, 0), (-3.1543933687316894e-8, 1, 4.92031304588636e-9, 0), (-1.8979422478082597e-8, 5.6916604762591305e-9, 1.0000001192092896, 0), (-24.432870864868164, 0.00002574920654296875, 0.00046539306640625, 1) ), ( (0.0000075110556281288154, -6.608756597525911e-11, 1, 0), (0.9958307147026062, -0.091221384704113, -0.000007479745363525581, 0), (0.09122137725353241, 0.9958307147026062, -6.85169652570039e-7, 0), (0, -21.823261260986328, 0, 1) ), ( (-0.9987437725067139, 0.04998902231454849, 0.0034862859174609184, 0), (-0.04998871684074402, -0.998749852180481, 0.00017449418373871595, 0), (0.0034906500950455666, 0, 0.9999939203262329, 0), (-8.836776733398438, -1.210110068321228, 12.839158058166504, 1) ), ( (0.997748076915741, 0.06707248091697693, 1.2613851074760873e-9, 0), (-0.06707248836755753, 0.997748076915741, -1.8574110305369373e-10, 0), (-1.4970170658656912e-9, 9.156787827979684e-11, 1, 0), (25.313758850097656, 0, 9.5367431640625e-7, 1) ), ( (0.9949871897697449, -0.06075726076960564, 0.07942942529916763, 0), (-0.06319785863161087, -0.9975917935371399, 0.02858024649322033, 0), (0.07750168442726135, -0.033456746488809586, -0.9964308142662048, 0), (20.165475845336914, 0.0000019073486328125, -0.0000019073486328125, 1) ), ( (0.0000019165395315212663, 1, -0.0000010315791314496892, 0), (0.9999999403953552, -0.0000017993927485804306, -6.56134480081505e-9, 0), (7.50589990161643e-9, -0.0000010341095730836969, -0.9999999403953552, 0), (6.1877875328063965, 18.357789993286133, -0.00000286102294921875, 1) ), ( (1.0000001192092896, -6.6129768327982674e-9, 0.000001047998580361309, 0), (1.3685930611018193e-8, 1, -3.0721821531187743e-7, 0), (-0.0000010494125035620527, 2.9860785843993654e-7, 0.9999999403953552, 0), (4.395597457885742, -0.000010967254638671875, -0.0000019073486328125, 1) ), ( (0.9999971389770508, -0.0023440795484930277, 0.0000023685781798121752, 0), (0.002344094216823578, 0.9999973773956299, 4.320018263115344e-7, 0), (-0.000002397327534708893, -4.2391258148199995e-7, 1, 0), (-0.000008106231689453125, 2.384185791015625e-7, 0, 1) ), ( (0.08034850656986237, -0.027082890272140503, -0.9963987469673157, 0), (-0.9955992698669434, 0.04618610441684723, -0.08153939247131348, 0), (0.04822810739278793, 0.9985656142234802, -0.023252731189131737, 0), (8.418912887573242, 8.931865692138672, 0.43611621856689453, 1) ), ( (0.9999956488609314, -0.002923764521256089, -0.0000012602790775417816, 0), (0.002923771971836686, 0.9999957084655762, 6.37974665096408e-7, 0), (0.0000012588520803546999, -6.416829023692117e-7, 0.9999999403953552, 0), (-0.000576019287109375, 0.000006377696990966797, 0.00000667572021484375, 1) ), ( (0.9999999403953552, 6.797150398085705e-9, -0.0000015372804682556307, 0), (-1.47914445136621e-8, 0.9999573826789856, -0.009235058911144733, 0), (0.0000015376159581137472, 0.009235059842467308, 0.9999573230743408, 0), (8.940622329711914, 0.027556896209716797, 0.034272193908691406, 1) ), ( (0.9999999403953552, 6.797150398085705e-9, -0.000004035087386000669, 0), (-7.50543591720998e-8, 0.9998293519020081, -0.01846933364868164, 0), (0.00000403486228606198, 0.01846933551132679, 0.9998293519020081, 0), (14.5530424118042, 0.027558445930480957, 0.03427410125732422, 1) ), ( (0.9999999403953552, 6.797150398085705e-9, -0.000004817398348677671, 0), (-1.2626787793124095e-7, 0.9996084570884705, -0.027981771156191826, 0), (0.000004816041837329976, 0.027981773018836975, 0.9996083974838257, 0), (20.165477752685547, 0.0275610089302063, 0.03427314758300781, 1) ), ( (1, -3.9359964176810536e-9, -0.0000011502304460009327, 0), (1.2751062428151272e-9, 1, 4.2651626586120983e-7, 0), (0.000001150009438788402, -4.2651637954804755e-7, 1, 0), (3.7062530517578125, -0.03049159049987793, 0.0685577392578125, 1) ), ( (1, -3.9359964176810536e-9, -0.000003000069909830927, 0), (1.2751062428151272e-9, 1, -1.4897815620029675e-11, 0), (0.0000029999305297678802, 1.9339793655426263e-11, 1, 0), (12.4041748046875, -0.03049159049987793, 0.06856346130371094, 1) ), ( (1, -3.9359964176810536e-9, -0.0000026901723231276264, 0), (1.2751062428151272e-9, 1, 0.0000012723011195703293, 0), (0.0000026898806027020328, -0.0000012722921383101493, 1, 0), (23.56810188293457, -0.015249490737915039, 0.034277915954589844, 1) ), ( (0.9987436532974243, -0.049989018589258194, 0.0034862859174609184, 0), (0.04998871684074402, 0.9987497925758362, 0.0001744941546348855, 0), (-0.0034906500950455666, 0, 0.9999939203262329, 0), (-8.8367919921875, -1.210110068321228, -12.839154243469238, 1) ), ( (0.997748076915741, 0.06707248091697693, 1.4466929876277845e-9, 0), (-0.06707248836755753, 0.997748076915741, -1.5921838847354763e-10, 0), (-1.3219662031715984e-9, 8.102077342364566e-11, 1, 0), (-25.313764572143555, 2.384185791015625e-7, -0.00000762939453125, 1) ), ( (0.9949872493743896, -0.06075727194547653, 0.07942944020032883, 0), (-0.06319786608219147, -0.9975919127464294, 0.028580250218510628, 0), (0.07750168442726135, -0.03345675766468048, -0.9964308738708496, 0), (-20.16545295715332, -0.000002562999725341797, 0.00000667572021484375, 1) ), ( (0.000001910149649120285, 0.9999999403953552, -0.000001032825139191118, 0), (0.9999999403953552, -0.0000017994531162912608, 6.447395062281203e-9, 0), (-1.0112336745748962e-8, -0.0000010236080925096758, -0.9999999403953552, 0), (-6.187769889831543, -18.357789993286133, 0.00000667572021484375, 1) ), ( (0.9999999403953552, -9.277346890712579e-9, -1.2872820587261913e-9, 0), (2.4881314786284747e-9, 0.9999999403953552, 3.558195658115437e-7, 0), (2.673771870576047e-9, -3.323257544707303e-7, 0.9999998807907104, 0), (-4.395536422729492, -0.000021219253540039062, 0.00000476837158203125, 1) ), ( (0.9999971985816956, -0.002344083273783326, 0.000002390446297795279, 0), (0.002344091422855854, 0.9999972581863403, 4.307105143652734e-7, 0), (-0.000002379825900789001, -4.3068885702268744e-7, 1, 0), (0.000015735626220703125, -4.76837158203125e-7, 0, 1) ), ( (0.08035270124673843, -0.02708445116877556, -0.9963983297348022, 0), (0.995599091053009, -0.04618622735142708, 0.0815437063574791, 0), (-0.04822844639420509, -0.9985654354095459, 0.023254074156284332, 0), (-8.335918426513672, -8.935715675354004, -0.42934131622314453, 1) ), ( (0.999995768070221, -0.002923769410699606, -0.0000012608109045686433, 0), (0.0029237738344818354, 0.9999958276748657, 6.383725121850148e-7, 0), (0.0000012589230209414382, -6.420594331757457e-7, 1, 0), (0.00057220458984375, -0.00000667572021484375, -0.0000019073486328125, 1) ), ( (1, 4.275200637948728e-9, 2.6134652220122234e-9, 0), (1.0264480820865174e-8, 0.9999575018882751, -0.009235059842467308, 0), (-2.2821093903502288e-9, 0.009235061705112457, 0.9999574422836304, 0), (-8.940589904785156, -0.027557969093322754, -0.03426933288574219, 1) ), ( (1, -3.174285723162029e-9, 5.2330664107591573e-11, 0), (-1.5691821175778387e-9, 0.9998294115066528, -0.01846933551132679, 0), (4.0042044679999833e-10, 0.01846933551132679, 0.9998294711112976, 0), (-14.553014755249023, -0.027559280395507812, -0.03426837921142578, 1) ), ( (1, -3.174285723162029e-9, 2.6134676645028776e-9, 0), (8.685409724762394e-9, 0.99960857629776, -0.027981778606772423, 0), (-2.20680096418846e-9, 0.027981778606772423, 0.9996085166931152, 0), (-20.16545867919922, -0.02756178379058838, -0.03426361083984375, 1) ), ( (1, -6.913729144741865e-9, -1.7472479019176035e-10, 0), (4.2621417506438775e-9, 1, 4.2669765321079467e-7, 0), (-2.2445198477605288e-11, -4.2670120592447347e-7, 1, 0), (-3.7062911987304688, 0.03049182891845703, -0.06856250762939453, 1) ), ( (1, -6.913729144741865e-9, -1.7472479019176035e-10, 0), (5.368514521819634e-10, 1, -8.156858868901828e-12, 0), (8.039791055125534e-11, 8.212119352590808e-12, 1, 0), (-12.40420913696289, 0.030492067337036133, -0.06856250762939453, 1) ), ( (1, -6.913729144741865e-9, -1.7472479019176035e-10, 0), (5.368514521819634e-10, 1, 0.0000012723660347546684, 0), (8.309302551579023e-11, -0.00000127236046409962, 1, 0), (-23.568117141723633, 0.01524972915649414, -0.03428363800048828, 1) ), ( (0.0000021457742604980012, 2.2950653999487258e-7, 1, 0), (1, -0.000030994415283203125, -0.0000021457672119140625, 0), (0.000030994415283203125, 1, -2.2963955359500687e-7, 0), (0, 17.27557373046875, 15.934013366699219, 1) ), ( (0.0000021457742604980012, 2.2950653999487258e-7, 1, 0), (1, -0.000030994415283203125, -0.0000021457672119140625, 0), (0.000030994415283203125, 1, -2.2963955359500687e-7, 0), (-0.00000762939453125, -25.91802978515625, 14.670022010803223, 1) ), ( (0.0000021457742604980012, 2.2950653999487258e-7, 1, 0), (1, -0.000030994415283203125, -0.0000021457672119140625, 0), (0.000030994415283203125, 1, -2.2963955359500687e-7, 0), (0, 17.79546546936035, -16.413530349731445, 1) ), ( (0.0000021457742604980012, 2.2950653999487258e-7, 1, 0), (1, -0.000030994415283203125, -0.0000021457672119140625, 0), (0.000030994415283203125, 1, -2.2963955359500687e-7, 0), (0, -26.337648391723633, -14.90753173828125, 1) )]
        rel skel:animationSource = </SkelRoot/Skeleton/Animation>

        def SkelAnimation "Animation"
        {
            uniform token[] joints = ["root_joint", "root_joint/pelvis_joint", "root_joint/pelvis_joint/spineLower_joint", "root_joint/pelvis_joint/spineLower_joint/spineMiddle_joint", "root_joint/pelvis_joint/spineLower_joint/spineMiddle_joint/spineUpper_joint", "root_joint/pelvis_joint/spineLower_joint/spineMiddle_joint/spineUpper_joint/chest_joint", "root_joint/pelvis_joint/spineLower_joint/spineMiddle_joint/spineUpper_joint/chest_joint/clavicle_left_joint", "root_joint/pelvis_joint/spineLower_joint/spineMiddle_joint/spineUpper_joint/chest_joint/clavicle_left_joint/shoulder_left_joint", "root_joint/pelvis_joint/spineLower_joint/spineMiddle_joint/spineUpper_joint/chest_joint/clavicle_left_joint/shoulder_left_joint/elbow_left_joint", "root_joint/pelvis_joint/spineLower_joint/spineMiddle_joint/spineUpper_joint/chest_joint/clavicle_left_joint/shoulder_left_joint/elbow_left_joint/elbow_partial_left_joint", "root_joint/pelvis_joint/spineLower_joint/spineMiddle_joint/spineUpper_joint/chest_joint/clavicle_left_joint/shoulder_left_joint/elbow_left_joint/armLower_twist_01_left_joint", "root_joint/pelvis_joint/spineLower_joint/spineMiddle_joint/spineUpper_joint/chest_joint/clavicle_left_joint/shoulder_left_joint/elbow_left_joint/armLower_twist_02_left_joint", "root_joint/pelvis_joint/spineLower_joint/spineMiddle_joint/spineUpper_joint/chest_joint/clavicle_left_joint/shoulder_left_joint/elbow_left_joint/armLower_twist_03_left_joint", "root_joint/pelvis_joint/spineLower_joint/spineMiddle_joint/spineUpper_joint/chest_joint/clavicle_left_joint/shoulder_left_joint/elbow_left_joint/handWrist_left_joint", "root_joint/pelvis_joint/spineLower_joint/spineMiddle_joint/spineUpper_joint/chest_joint/clavicle_left_joint/shoulder_left_joint/elbow_left_joint/handWrist_left_joint/handIndexMeta_left_joint", "root_joint/pelvis_joint/spineLower_joint/spineMiddle_joint/spineUpper_joint/chest_joint/clavicle_left_joint/shoulder_left_joint/elbow_left_joint/handWrist_left_joint/handIndexMeta_left_joint/handIndex_00_left_joint", "root_joint/pelvis_joint/spineLower_joint/spineMiddle_joint/spineUpper_joint/chest_joint/clavicle_left_joint/shoulder_left_joint/elbow_left_joint/handWrist_left_joint/handIndexMeta_left_joint/handIndex_00_left_joint/handIndex_01_left_joint", "root_joint/pelvis_joint/spineLower_joint/spineMiddle_joint/spineUpper_joint/chest_joint/clavicle_left_joint/shoulder_left_joint/elbow_left_joint/handWrist_left_joint/handIndexMeta_left_joint/handIndex_00_left_joint/handIndex_01_left_joint/handIndex_02_left_joint", "root_joint/pelvis_joint/spineLower_joint/spineMiddle_joint/spineUpper_joint/chest_joint/clavicle_left_joint/shoulder_left_joint/elbow_left_joint/handWrist_left_joint/handMiddleMeta_left_joint", "root_joint/pelvis_joint/spineLower_joint/spineMiddle_joint/spineUpper_joint/chest_joint/clavicle_left_joint/shoulder_left_joint/elbow_left_joint/handWrist_left_joint/handMiddleMeta_left_joint/handMiddle_00_left_joint", "root_joint/pelvis_joint/spineLower_joint/spineMiddle_joint/spineUpper_joint/chest_joint/clavicle_left_joint/shoulder_left_joint/elbow_left_joint/handWrist_left_joint/handMiddleMeta_left_joint/handMiddle_00_left_joint/handMiddle_01_left_joint", "root_joint/pelvis_joint/spineLower_joint/spineMiddle_joint/spineUpper_joint/chest_joint/clavicle_left_joint/shoulder_left_joint/elbow_left_joint/handWrist_left_joint/handMiddleMeta_left_joint/handMiddle_00_left_joint/handMiddle_01_left_joint/handMiddle_02_left_joint", "root_joint/pelvis_joint/spineLower_joint/spineMiddle_joint/spineUpper_joint/chest_joint/clavicle_left_joint/shoulder_left_joint/elbow_left_joint/handWrist_left_joint/handWrist_partial_left_joint", "root_joint/pelvis_joint/spineLower_joint/spineMiddle_joint/spineUpper_joint/chest_joint/clavicle_left_joint/shoulder_left_joint/elbow_left_joint/handWrist_left_joint/handPinkyMeta_left_joint", "root_joint/pelvis_joint/spineLower_joint/spineMiddle_joint/spineUpper_joint/chest_joint/clavicle_left_joint/shoulder_left_joint/elbow_left_joint/handWrist_left_joint/handPinkyMeta_left_joint/handPinky_00_left_joint", "root_joint/pelvis_joint/spineLower_joint/spineMiddle_joint/spineUpper_joint/chest_joint/clavicle_left_joint/shoulder_left_joint/elbow_left_joint/handWrist_left_joint/handPinkyMeta_left_joint/handPinky_00_left_joint/handPinky_01_left_joint", "root_joint/pelvis_joint/spineLower_joint/spineMiddle_joint/spineUpper_joint/chest_joint/clavicle_left_joint/shoulder_left_joint/elbow_left_joint/handWrist_left_joint/handPinkyMeta_left_joint/handPinky_00_left_joint/handPinky_01_left_joint/handPinky_02_left_joint", "root_joint/pelvis_joint/spineLower_joint/spineMiddle_joint/spineUpper_joint/chest_joint/clavicle_left_joint/shoulder_left_joint/elbow_left_joint/handWrist_left_joint/handRingMeta_left_joint", "root_joint/pelvis_joint/spineLower_joint/spineMiddle_joint/spineUpper_joint/chest_joint/clavicle_left_joint/shoulder_left_joint/elbow_left_joint/handWrist_left_joint/handRingMeta_left_joint/handRing_00_left_joint", "root_joint/pelvis_joint/spineLower_joint/spineMiddle_joint/spineUpper_joint/chest_joint/clavicle_left_joint/shoulder_left_joint/elbow_left_joint/handWrist_left_joint/handRingMeta_left_joint/handRing_00_left_joint/handRing_01_left_joint", "root_joint/pelvis_joint/spineLower_joint/spineMiddle_joint/spineUpper_joint/chest_joint/clavicle_left_joint/shoulder_left_joint/elbow_left_joint/handWrist_left_joint/handRingMeta_left_joint/handRing_00_left_joint/handRing_01_left_joint/handRing_02_left_joint", "root_joint/pelvis_joint/spineLower_joint/spineMiddle_joint/spineUpper_joint/chest_joint/clavicle_left_joint/shoulder_left_joint/elbow_left_joint/handWrist_left_joint/handThumbMeta_left_joint", "root_joint/pelvis_joint/spineLower_joint/spineMiddle_joint/spineUpper_joint/chest_joint/clavicle_left_joint/shoulder_left_joint/elbow_left_joint/handWrist_left_joint/handThumbMeta_left_joint/handThumb_00_left_joint", "root_joint/pelvis_joint/spineLower_joint/spineMiddle_joint/spineUpper_joint/chest_joint/clavicle_left_joint/shoulder_left_joint/elbow_left_joint/handWrist_left_joint/handThumbMeta_left_joint/handThumb_00_left_joint/handThumb_01_left_joint", "root_joint/pelvis_joint/spineLower_joint/spineMiddle_joint/spineUpper_joint/chest_joint/clavicle_left_joint/shoulder_left_joint/elbow_left_joint/handWrist_left_joint/handThumbMeta_left_joint/handThumb_00_left_joint/handThumb_01_left_joint/handThumb_02_left_joint", "root_joint/pelvis_joint/spineLower_joint/spineMiddle_joint/spineUpper_joint/chest_joint/clavicle_left_joint/shoulder_left_joint/elbow_left_joint/handWrist_left_joint/hand_l_socket", "root_joint/pelvis_joint/spineLower_joint/spineMiddle_joint/spineUpper_joint/chest_joint/clavicle_left_joint/shoulder_left_joint/armUpper_twist_01_left_joint", "root_joint/pelvis_joint/spineLower_joint/spineMiddle_joint/spineUpper_joint/chest_joint/clavicle_left_joint/shoulder_left_joint/armUpper_twist_02_left_joint", "root_joint/pelvis_joint/spineLower_joint/spineMiddle_joint/spineUpper_joint/chest_joint/clavicle_left_joint/shoulder_left_joint/armUpper_twist_03_left_joint", "root_joint/pelvis_joint/spineLower_joint/spineMiddle_joint/spineUpper_joint/chest_joint/neck_joint", "root_joint/pelvis_joint/spineLower_joint/spineMiddle_joint/spineUpper_joint/chest_joint/neck_joint/neck_twist_01_joint", "root_joint/pelvis_joint/spineLower_joint/spineMiddle_joint/spineUpper_joint/chest_joint/neck_joint/neck_twist_02_joint", "root_joint/pelvis_joint/spineLower_joint/spineMiddle_joint/spineUpper_joint/chest_joint/neck_joint/head_joint", "root_joint/pelvis_joint/spineLower_joint/spineMiddle_joint/spineUpper_joint/chest_joint/neck_joint/head_joint/head_tracker_target", "root_joint/pelvis_joint/spineLower_joint/spineMiddle_joint/spineUpper_joint/chest_joint/neck_joint/head_joint/eye_offset_right_joint", "root_joint/pelvis_joint/spineLower_joint/spineMiddle_joint/spineUpper_joint/chest_joint/neck_joint/head_joint/eye_offset_right_joint/eye_right_joint", "root_joint/pelvis_joint/spineLower_joint/spineMiddle_joint/spineUpper_joint/chest_joint/neck_joint/head_joint/eye_offset_left_joint", "root_joint/pelvis_joint/spineLower_joint/spineMiddle_joint/spineUpper_joint/chest_joint/neck_joint/head_joint/eye_offset_left_joint/eye_left_joint", "root_joint/pelvis_joint/spineLower_joint/spineMiddle_joint/spineUpper_joint/chest_joint/neck_joint/head_joint/head_socket", "root_joint/pelvis_joint/spineLower_joint/spineMiddle_joint/spineUpper_joint/chest_joint/clavicle_right_joint", "root_joint/pelvis_joint/spineLower_joint/spineMiddle_joint/spineUpper_joint/chest_joint/clavicle_right_joint/shoulder_right_joint", "root_joint/pelvis_joint/spineLower_joint/spineMiddle_joint/spineUpper_joint/chest_joint/clavicle_right_joint/shoulder_right_joint/elbow_right_joint", "root_joint/pelvis_joint/spineLower_joint/spineMiddle_joint/spineUpper_joint/chest_joint/clavicle_right_joint/shoulder_right_joint/elbow_right_joint/elbow_partial_right_joint", "root_joint/pelvis_joint/spineLower_joint/spineMiddle_joint/spineUpper_joint/chest_joint/clavicle_right_joint/shoulder_right_joint/elbow_right_joint/armLower_twist_01_right_joint", "root_joint/pelvis_joint/spineLower_joint/spineMiddle_joint/spineUpper_joint/chest_joint/clavicle_right_joint/shoulder_right_joint/elbow_right_joint/armLower_twist_02_right_joint", "root_joint/pelvis_joint/spineLower_joint/spineMiddle_joint/spineUpper_joint/chest_joint/clavicle_right_joint/shoulder_right_joint/elbow_right_joint/armLower_twist_03_right_joint", "root_joint/pelvis_joint/spineLower_joint/spineMiddle_joint/spineUpper_joint/chest_joint/clavicle_right_joint/shoulder_right_joint/elbow_right_joint/handWrist_right_joint", "root_joint/pelvis_joint/spineLower_joint/spineMiddle_joint/spineUpper_joint/chest_joint/clavicle_right_joint/shoulder_right_joint/elbow_right_joint/handWrist_right_joint/handIndexMeta_right_joint", "root_joint/pelvis_joint/spineLower_joint/spineMiddle_joint/spineUpper_joint/chest_joint/clavicle_right_joint/shoulder_right_joint/elbow_right_joint/handWrist_right_joint/handIndexMeta_right_joint/handIndex_00_right_joint", "root_joint/pelvis_joint/spineLower_joint/spineMiddle_joint/spineUpper_joint/chest_joint/clavicle_right_joint/shoulder_right_joint/elbow_right_joint/handWrist_right_joint/handIndexMeta_right_joint/handIndex_00_right_joint/handIndex_01_right_joint", "root_joint/pelvis_joint/spineLower_joint/spineMiddle_joint/spineUpper_joint/chest_joint/clavicle_right_joint/shoulder_right_joint/elbow_right_joint/handWrist_right_joint/handIndexMeta_right_joint/handIndex_00_right_joint/handIndex_01_right_joint/handIndex_02_right_joint", "root_joint/pelvis_joint/spineLower_joint/spineMiddle_joint/spineUpper_joint/chest_joint/clavicle_right_joint/shoulder_right_joint/elbow_right_joint/handWrist_right_joint/handMiddleMeta_right_joint", "root_joint/pelvis_joint/spineLower_joint/spineMiddle_joint/spineUpper_joint/chest_joint/clavicle_right_joint/shoulder_right_joint/elbow_right_joint/handWrist_right_joint/handMiddleMeta_right_joint/handMiddle_00_right_joint", "root_joint/pelvis_joint/spineLower_joint/spineMiddle_joint/spineUpper_joint/chest_joint/clavicle_right_joint/shoulder_right_joint/elbow_right_joint/handWrist_right_joint/handMiddleMeta_right_joint/handMiddle_00_right_joint/handMiddle_01_right_joint", "root_joint/pelvis_joint/spineLower_joint/spineMiddle_joint/spineUpper_joint/chest_joint/clavicle_right_joint/shoulder_right_joint/elbow_right_joint/handWrist_right_joint/handMiddleMeta_right_joint/handMiddle_00_right_joint/handMiddle_01_right_joint/handMiddle_02_right_joint", "root_joint/pelvis_joint/spineLower_joint/spineMiddle_joint/spineUpper_joint/chest_joint/clavicle_right_joint/shoulder_right_joint/elbow_right_joint/handWrist_right_joint/handWrist_partial_right_joint", "root_joint/pelvis_joint/spineLower_joint/spineMiddle_joint/spineUpper_joint/chest_joint/clavicle_right_joint/shoulder_right_joint/elbow_right_joint/handWrist_right_joint/handPinkyMeta_right_joint", "root_joint/pelvis_joint/spineLower_joint/spineMiddle_joint/spineUpper_joint/chest_joint/clavicle_right_joint/shoulder_right_joint/elbow_right_joint/handWrist_right_joint/handPinkyMeta_right_joint/handPinky_00_right_joint", "root_joint/pelvis_joint/spineLower_joint/spineMiddle_joint/spineUpper_joint/chest_joint/clavicle_right_joint/shoulder_right_joint/elbow_right_joint/handWrist_right_joint/handPinkyMeta_right_joint/handPinky_00_right_joint/handPinky_01_right_joint", "root_joint/pelvis_joint/spineLower_joint/spineMiddle_joint/spineUpper_joint/chest_joint/clavicle_right_joint/shoulder_right_joint/elbow_right_joint/handWrist_right_joint/handPinkyMeta_right_joint/handPinky_00_right_joint/handPinky_01_right_joint/handPinky_02_right_joint", "root_joint/pelvis_joint/spineLower_joint/spineMiddle_joint/spineUpper_joint/chest_joint/clavicle_right_joint/shoulder_right_joint/elbow_right_joint/handWrist_right_joint/handRingMeta_right_joint", "root_joint/pelvis_joint/spineLower_joint/spineMiddle_joint/spineUpper_joint/chest_joint/clavicle_right_joint/shoulder_right_joint/elbow_right_joint/handWrist_right_joint/handRingMeta_right_joint/handRing_00_right_joint", "root_joint/pelvis_joint/spineLower_joint/spineMiddle_joint/spineUpper_joint/chest_joint/clavicle_right_joint/shoulder_right_joint/elbow_right_joint/handWrist_right_joint/handRingMeta_right_joint/handRing_00_right_joint/handRing_01_right_joint", "root_joint/pelvis_joint/spineLower_joint/spineMiddle_joint/spineUpper_joint/chest_joint/clavicle_right_joint/shoulder_right_joint/elbow_right_joint/handWrist_right_joint/handRingMeta_right_joint/handRing_00_right_joint/handRing_01_right_joint/handRing_02_right_joint", "root_joint/pelvis_joint/spineLower_joint/spineMiddle_joint/spineUpper_joint/chest_joint/clavicle_right_joint/shoulder_right_joint/elbow_right_joint/handWrist_right_joint/handThumbMeta_right_joint", "root_joint/pelvis_joint/spineLower_joint/spineMiddle_joint/spineUpper_joint/chest_joint/clavicle_right_joint/shoulder_right_joint/elbow_right_joint/handWrist_right_joint/handThumbMeta_right_joint/handThumb_00_right_joint", "root_joint/pelvis_joint/spineLower_joint/spineMiddle_joint/spineUpper_joint/chest_joint/clavicle_right_joint/shoulder_right_joint/elbow_right_joint/handWrist_right_joint/handThumbMeta_right_joint/handThumb_00_right_joint/handThumb_01_right_joint", "root_joint/pelvis_joint/spineLower_joint/spineMiddle_joint/spineUpper_joint/chest_joint/clavicle_right_joint/shoulder_right_joint/elbow_right_joint/handWrist_right_joint/handThumbMeta_right_joint/handThumb_00_right_joint/handThumb_01_right_joint/handThumb_02_right_joint", "root_joint/pelvis_joint/spineLower_joint/spineMiddle_joint/spineUpper_joint/chest_joint/clavicle_right_joint/shoulder_right_joint/elbow_right_joint/handWrist_right_joint/hand_r_socket", "root_joint/pelvis_joint/spineLower_joint/spineMiddle_joint/spineUpper_joint/chest_joint/clavicle_right_joint/shoulder_right_joint/armUpper_twist_01_right_joint", "root_joint/pelvis_joint/spineLower_joint/spineMiddle_joint/spineUpper_joint/chest_joint/clavicle_right_joint/shoulder_right_joint/armUpper_twist_02_right_joint", "root_joint/pelvis_joint/spineLower_joint/spineMiddle_joint/spineUpper_joint/chest_joint/clavicle_right_joint/shoulder_right_joint/armUpper_twist_03_right_joint", "root_joint/pelvis_joint/spineLower_joint/spineMiddle_joint/spineUpper_joint/chest_joint/back_socket", "root_joint/pelvis_joint/hip_left_joint", "root_joint/pelvis_joint/hip_left_joint/knee_left_joint", "root_joint/pelvis_joint/hip_left_joint/knee_left_joint/footAnkle_left_joint", "root_joint/pelvis_joint/hip_left_joint/knee_left_joint/footAnkle_left_joint/footBall_left_joint", "root_joint/pelvis_joint/hip_left_joint/knee_left_joint/footAnkle_left_joint/footBall_left_joint/footToe_left_joint", "root_joint/pelvis_joint/hip_left_joint/knee_left_joint/footAnkle_left_joint/footAnkle_partial_left_joint", "root_joint/pelvis_joint/hip_left_joint/knee_left_joint/footAnkle_left_joint/foot_l_socket", "root_joint/pelvis_joint/hip_left_joint/knee_left_joint/knee_partial_left_joint", "root_joint/pelvis_joint/hip_left_joint/knee_left_joint/legLower_twist_01_left_joint", "root_joint/pelvis_joint/hip_left_joint/knee_left_joint/legLower_twist_02_left_joint", "root_joint/pelvis_joint/hip_left_joint/knee_left_joint/legLower_twist_03_left_joint", "root_joint/pelvis_joint/hip_left_joint/legUpper_twist_01_left_joint", "root_joint/pelvis_joint/hip_left_joint/legUpper_twist_02_left_joint", "root_joint/pelvis_joint/hip_left_joint/legUpper_twist_03_left_joint", "root_joint/pelvis_joint/hip_right_joint", "root_joint/pelvis_joint/hip_right_joint/knee_right_joint", "root_joint/pelvis_joint/hip_right_joint/knee_right_joint/footAnkle_right_joint", "root_joint/pelvis_joint/hip_right_joint/knee_right_joint/footAnkle_right_joint/footBall_right_joint", "root_joint/pelvis_joint/hip_right_joint/knee_right_joint/footAnkle_right_joint/footBall_right_joint/footToe_right_joint", "root_joint/pelvis_joint/hip_right_joint/knee_right_joint/footAnkle_right_joint/footAnkle_partial_right_joint", "root_joint/pelvis_joint/hip_right_joint/knee_right_joint/footAnkle_right_joint/foot_r_socket", "root_joint/pelvis_joint/hip_right_joint/knee_right_joint/knee_partial_right_joint", "root_joint/pelvis_joint/hip_right_joint/knee_right_joint/legLower_twist_01_right_joint", "root_joint/pelvis_joint/hip_right_joint/knee_right_joint/legLower_twist_02_right_joint", "root_joint/pelvis_joint/hip_right_joint/knee_right_joint/legLower_twist_03_right_joint", "root_joint/pelvis_joint/hip_right_joint/legUpper_twist_01_right_joint", "root_joint/pelvis_joint/hip_right_joint/legUpper_twist_02_right_joint", "root_joint/pelvis_joint/hip_right_joint/legUpper_twist_03_right_joint", "root_joint/pelvis_joint/hip_l_front_socket", "root_joint/pelvis_joint/hip_l_back_socket", "root_joint/pelvis_joint/hip_r_front_socket", "root_joint/pelvis_joint/hip_r_back_socket"]
            quatf[] rotations.timeSamples = {
                0: [(1, -0.00007320009, 0.00023361258, 0.0001090896), (0.45782223, 0.5127362, 0.44402283, 0.5747559), (0.9993758, -0.008223111, -0.032500252, 0.011146702), (0.99913347, -0.03678279, -0.009360492, 0.017087968), (0.99922764, -0.03653431, 0.007979505, 0.012091868), (0.99808216, -0.049172163, 0.02344025, 0.029410928), (0.70025516, 0.06471588, -0.7043921, -0.09636626), (0.83066803, 0.06936152, -0.49999577, 0.23491333), (0.61292493, -0.14835688, 0.108394, 0.76848197), (1.0000002, -4.4703484e-8, -1.0430813e-7, 1.4901161e-8), (1.0000002, -4.4703484e-8, -1.0430813e-7, 1.4901161e-8), (1.0000002, -4.4703484e-8, -1.0430813e-7, 1.4901161e-8), (1.0000002, -4.4703484e-8, -1.0430813e-7, 1.4901161e-8), (0.59068036, 0.77802145, 0.09942274, -0.18945907), (0.99674785, 0.02029626, 0.050969645, -0.059026167), (0.8300079, 0.008534417, 0.029790252, 0.5568903), (0.789242, -0.02171494, -0.017793095, 0.6134403), (-0.6877159, -0.022086188, 0.057095453, -0.7233944), (0.99930227, -0.020639852, 0.016646773, -0.026304156), (0.85615766, -0.018157661, -0.013103798, 0.5162295), (-0.7176884, -0.027937233, 0.03572402, -0.6948867), (0.82326186, 0.023281708, -0.050005794, 0.5649762), (1, -0.000011175871, 0.0000014603138, 0.0000023543835), (0.99735594, 0.007629022, -0.05333127, 0.04877433), (-0.8969523, 0.05949554, -0.15869717, -0.40835303), (0.70154876, -0.014426917, 0.12689093, 0.70108485), (0.7393772, 0.034905314, 0.15941483, 0.6532151), (0.98918116, -0.13975646, -0.038532123, 0.02245599), (0.87556696, 0.094126344, 0.034895778, 0.47255182), (-0.6965827, 0.0075321645, -0.060604315, -0.7148727), (0.74165756, -0.00083458424, 0.06610705, 0.6675129), (0.80926937, 0.38569322, 0.44181496, -0.03352908), (0.9803983, 0.09278242, -0.07758659, 0.15553871), (0.95005906, 0.07306421, 0.013536394, 0.303097), (0.9518454, -0.0045962185, 0.0044422, 0.30651462), (-0.054857545, -0.9983035, 0.0023537874, -0.019374594), (1.0000002, 7.450581e-9, 1.4901161e-8, 0), (1.0000002, 7.450581e-9, 1.4901161e-8, 0), (1.0000002, 7.450581e-9, 1.4901161e-8, 0), (0.9899398, 0.13265607, -0.00792592, 0.048567142), (0.9999999, 0.00025569834, 0.000043310225, 0.00019017048), (0.99997663, 0.00024260348, -0.006405838, -0.0023973174), (0.99578696, 0.0021808478, -0.031164229, -0.08621028), (0.51130694, -0.48755783, -0.47603887, -0.5236787), (0.4761454, -0.52276754, -0.51150274, -0.4882264), (1.0000007, -3.7252903e-9, -7.450581e-9, 4.656613e-10), (0.5115032, -0.48822564, -0.47614473, -0.5227679), (0.99999994, -1.1175871e-8, -2.3283064e-10, 0), (0.4766431, -0.5223185, -0.47663796, -0.5223132), (0.10755681, 0.73440516, 0.14078951, 0.65517855), (0.94117385, 0.039409775, -0.33335772, -0.038875703), (0.585261, 0.03181508, -0.25500622, 0.7690443), (1, -2.2351745e-8, -1.4901163e-8, -2.9802326e-8), (1, -2.2351745e-8, -1.4901163e-8, -2.9802326e-8), (1, -2.2351745e-8, -1.4901163e-8, -2.9802326e-8), (1, -2.2351745e-8, -1.4901163e-8, -2.9802326e-8), (0.62894315, 0.7632226, -0.09589339, -0.11281112), (0.99736345, 0.018948153, 0.049588725, -0.049477696), (0.7955115, -0.10652745, 0.09303962, 0.58920026), (-0.7882583, 0.021646783, 0.01803023, -0.61469924), (0.6940406, 0.04279967, -0.0735688, 0.71488696), (0.9995948, -0.017362567, 0.014770227, -0.017048227), (0.82397, -0.123599194, 0.06522077, 0.54912925), (-0.71978325, -0.027660087, 0.03575164, -0.69272566), (0.8249191, 0.023043558, -0.04994434, 0.5625682), (1, 0.000011473894, 0, -1.0430813e-7), (0.98575675, -0.11295023, -0.100734346, 0.07333702), (0.89068663, 0.012612775, 0.2215274, 0.39679193), (-0.69963694, 0.013347819, -0.12645243, -0.703093), (0.73809236, 0.03532064, 0.15996824, 0.6545094), (0.9895555, -0.1344577, -0.041545495, 0.031225294), (0.87654227, 0.04955767, 0.08796258, 0.47061706), (-0.69747233, 0.00969173, -0.06029889, -0.7140047), (0.7470592, -0.037539437, 0.096778914, 0.65660316), (0.8109913, 0.3566113, 0.46043414, -0.055874452), (0.98439944, 0.085011154, -0.066437066, 0.13898596), (0.96121097, 0.1264818, 0.034589022, 0.24265143), (0.9623581, -0.012164682, 0.004991211, 0.27146763), (0.99830353, -0.054857694, -0.019368963, -0.0023465308), (0.99999994, -1.0430816e-7, 1.4901165e-8, 0), (0.99999994, -1.0430816e-7, 1.4901165e-8, 0), (0.99999994, -1.0430816e-7, 1.4901165e-8, 0), (0.4766512, -0.52230966, -0.47664762, -0.5223058), (-0.15088397, -0.0419123, 0.009806797, 0.987614), (0.9897965, -0.084306486, 0.016195163, 0.1137234), (0.013873108, 0.9585614, 0.28404415, 0.016925722), (0.0023661554, 0.41980973, 0.9075948, 0.0050818697), (0.99999523, -0.000033558346, 0.000025451183, 0.0030827692), (0.9999995, 3.017485e-7, -0.0000011473894, -0.00117209), (0.5251861, -0.5141535, 0.49726522, 0.46103495), (0.99999887, 2.3422763e-7, 6.109476e-7, -0.0014619306), (0.9999893, -0.004617678, 8.046627e-7, -4.4703484e-8), (0.9999574, -0.00923504, 0.0000020265581, 5.215407e-8), (0.9999021, -0.013992256, 0.000002488494, 5.5879354e-9), (1.0000002, 2.30968e-7, 6.2584877e-7, -7.450581e-9), (1.0000002, 1.4901161e-8, 0.0000014305115, 3.9115548e-8), (1.0000002, 6.761402e-7, 0.0000013485551, 1.3038516e-8), (0.92479897, 0.007239988, -0.024664968, -0.37958694), (0.8543438, -0.0029639122, 0.0035174135, 0.5196881), (0.060780134, 0.9963915, -0.051107343, 0.029968455), (-0.00017610192, 0.7068, 0.7074137, 0.000013947487), (0.9999929, -0.0000068414956, 0.000013738871, 0.003789612), (0.99999964, 1.6205013e-7, -0.0000011473894, -0.0011720955), (0.5141549, 0.5251871, 0.46103352, -0.4972646), (0.999999, 2.7468195e-7, 6.482005e-7, -0.0014619082), (0.9999894, -0.0046175113, 1.0430813e-7, -4.0978193e-8), (0.9999574, -0.009235055, 4.470349e-8, -9.126963e-8), (0.9999021, -0.013992193, 8.195639e-8, 1.8626451e-9), (1, 1.5180558e-7, -5.9604645e-8, -1.0244548e-8), (1.0000001, 0, 0, 0), (1.0000002, 6.456394e-7, -4.4703484e-8, 1.7695129e-8), (0.4999928, -0.5000084, -0.49999177, -0.5000072), (0.4999928, -0.5000084, -0.49999177, -0.5000072), (0.4999928, -0.5000084, -0.49999177, -0.5000072), (0.4999928, -0.5000084, -0.49999177, -0.5000072)],
                1: [(1, -0.000064132975, 0.00020051382, 0.000055869863), (0.45993605, 0.51469743, 0.44539243, 0.5702375), (0.999349, -0.012371617, -0.031428367, 0.0126836095), (0.999175, -0.036518347, -0.005883226, 0.016773561), (0.9992428, -0.036315877, 0.009210023, 0.010510031), (0.9979851, -0.051686138, 0.024821492, 0.027171226), (0.7076795, 0.073420085, -0.6977501, -0.08333125), (0.8209162, 0.0709365, -0.5092498, 0.24845389), (0.5881088, -0.14433074, 0.121262394, 0.7865063), (1.0000001, -4.4703484e-8, -1.1920929e-7, 1.8626451e-8), (1.0000001, -4.4703484e-8, -1.1920929e-7, 1.8626451e-8), (1.0000001, -4.4703484e-8, -1.1920929e-7, 1.8626451e-8), (1.0000001, -4.4703484e-8, -1.1920929e-7, 1.8626451e-8), (0.62662584, 0.76047856, 0.08949706, -0.14492257), (0.9967556, 0.020013014, 0.050957575, -0.05899638), (0.8300212, 0.008552679, 0.029780407, 0.55687), (0.78924334, -0.021702524, -0.017781852, 0.61343867), (-0.6877161, -0.022062743, 0.057078335, -0.7233956), (0.9992973, -0.02092072, 0.01664127, -0.026265306), (0.8561718, -0.018149469, -0.013092655, 0.516206), (-0.7176866, -0.027912062, 0.035748314, -0.6948875), (0.8232625, 0.023299057, -0.050018772, 0.56497246), (0.9999999, -0.000011183323, 0.0000014305118, 0.0000023245816), (0.99735695, 0.0073354333, -0.053295728, 0.048831772), (-0.89697206, 0.05946283, -0.15864676, -0.40833315), (0.7015472, -0.014404263, 0.12690857, 0.7010833), (0.7393767, 0.034907155, 0.15941449, 0.6532152), (0.9891408, -0.14003125, -0.038527653, 0.022512387), (0.8755842, 0.09414347, 0.034901235, 0.47251537), (-0.69656676, 0.007545644, -0.06060069, -0.71488804), (0.74166584, -0.00082754367, 0.066095985, 0.6675043), (0.80937856, 0.38545674, 0.44181484, -0.033603206), (0.98039734, 0.09281166, -0.077600546, 0.1555174), (0.9500589, 0.07306406, 0.013538018, 0.30309528), (0.9518441, -0.004595287, 0.0044434816, 0.30651656), (-0.05485751, -0.9983033, 0.002353771, -0.019374562), (1, 1.4901163e-8, 1.3038518e-8, 3.7252907e-9), (1, 1.4901163e-8, 1.3038518e-8, 3.7252907e-9), (1, 1.4901163e-8, 1.3038518e-8, 3.7252907e-9), (0.989921, 0.13057451, -0.012671671, 0.053349555), (0.9999999, 0.00025612747, -0.00019068645, 0.00027565172), (0.9999752, 0.00024419258, -0.006639783, -0.0023117615), (0.9957841, 0.0041568964, -0.029965354, -0.08659529), (0.51130694, -0.48755783, -0.47603887, -0.5236788), (0.47614533, -0.52276754, -0.51150274, -0.4882264), (1.0000006, -7.450581e-9, -7.450581e-9, -1.1641532e-10), (0.5115033, -0.4882256, -0.4761448, -0.5227679), (0.9999999, -7.4505815e-9, 4.6566134e-10, 5.820767e-11), (0.47664303, -0.5223185, -0.47663796, -0.52231324), (0.12657999, 0.7244557, 0.1376375, 0.6634737), (0.9436828, 0.041111857, -0.32350728, -0.05581717), (0.5827727, 0.05014928, -0.27494127, 0.7630652), (1.0000002, -2.2351742e-8, 0, -2.9802322e-8), (1.0000002, -2.2351742e-8, 0, -2.9802322e-8), (1.0000002, -2.2351742e-8, 0, -2.9802322e-8), (1.0000002, -2.2351742e-8, 0, -2.9802322e-8), (0.64578545, 0.7525467, -0.09353221, -0.08880854), (0.9973288, 0.018774819, 0.050027035, -0.0498041), (0.7955568, -0.106504425, 0.093023986, 0.5891463), (-0.78826225, 0.021660455, 0.018029325, -0.61469436), (0.6940388, 0.042799298, -0.07357761, 0.7148883), (0.99957997, -0.017525777, 0.015225852, -0.017363826), (0.8240065, -0.1235873, 0.06521483, 0.5490787), (-0.7197882, -0.027647793, 0.035751462, -0.6927217), (0.824918, 0.023043945, -0.04995188, 0.5625701), (1.0000005, 0.000011496246, -1.4901161e-8, -8.940697e-8), (0.9858071, -0.11310276, -0.1002473, 0.07309837), (0.8907118, 0.012621649, 0.22154625, 0.3967263), (-0.6996427, 0.013363093, -0.12644342, -0.7030893), (0.7380917, 0.03532267, 0.15996218, 0.6545123), (0.989563, -0.13461192, -0.041051418, 0.030986536), (0.87657654, 0.049570143, 0.08796628, 0.47055185), (-0.6974755, 0.009703547, -0.06029654, -0.714002), (0.747059, -0.037539706, 0.09677187, 0.65660477), (0.811168, 0.35585514, 0.46041828, -0.058218952), (0.9842331, 0.08517565, -0.06527607, 0.14060599), (0.9612093, 0.12648389, 0.034592427, 0.24265838), (0.962358, -0.012164453, 0.0049920045, 0.27146924), (0.998304, -0.05485772, -0.019368932, -0.0023465157), (0.99999994, -8.1956394e-8, 2.2351744e-8, -3.7252907e-9), (0.99999994, -8.1956394e-8, 2.2351744e-8, -3.7252907e-9), (0.99999994, -8.1956394e-8, 2.2351744e-8, -3.7252907e-9), (0.4766512, -0.52230966, -0.47664765, -0.5223057), (-0.17104675, -0.042718843, 0.015683731, 0.98421144), (0.9901734, -0.088031344, 0.016236678, 0.107441604), (0.018795718, 0.9688609, 0.24670394, 0.009618131), (0.0020975803, 0.6234968, 0.7818147, 0.003619835), (0.99998975, 0.000091090355, -0.000038428243, 0.004520508), (0.9999995, 3.0966476e-7, -0.0000011175871, -0.00117209), (0.52518606, -0.51415354, 0.49726516, 0.4610349), (0.99999887, 2.2375025e-7, 5.5879354e-7, -0.0014619166), (0.99998933, -0.004617676, 8.419156e-7, -9.313226e-9), (0.9999573, -0.009235061, 0.0000019967556, 5.4948032e-8), (0.9999022, -0.01399226, 0.000002451241, -8.381903e-9), (1.0000002, 2.3725443e-7, 6.221235e-7, 6.9849193e-9), (1.0000002, -2.7939677e-9, 0.0000014826655, 2.3748726e-8), (1.0000002, 6.8056397e-7, 0.0000013411045, 3.259629e-8), (0.9433371, 0.001668639, -0.015942348, -0.33144894), (0.92161226, -0.0049579907, 0.0066967984, 0.3880226), (0.04891948, 0.99572384, -0.05989145, 0.050537437), (0.0014538618, 0.68349206, 0.72995406, 0.0019115339), (0.9999936, -0.000020425767, -0.0000066682696, 0.0035874965), (0.9999995, 1.6577542e-7, -0.0000011343509, -0.0011720527), (0.51415485, 0.525187, 0.46103352, -0.49726456), (0.99999887, 2.8009526e-7, 6.966293e-7, -0.0014619315), (0.99998933, -0.0046174633, 5.9604645e-8, -4.0978193e-8), (0.99995726, -0.009235073, 5.2154068e-8, -8.1956394e-8), (0.99990207, -0.013992195, 7.264316e-8, 4.8428774e-8), (1.0000001, 1.5588012e-7, -6.7055225e-8, -3.0500814e-8), (1.0000001, 0, 0, 0), (1.0000002, 6.5541826e-7, -3.7252903e-8, 3.7252903e-8), (0.49999273, -0.50000834, -0.4999918, -0.5000072), (0.49999273, -0.50000834, -0.4999918, -0.5000072), (0.49999273, -0.50000834, -0.4999918, -0.5000072), (0.49999273, -0.50000834, -0.4999918, -0.5000072)],
                2: [(1, -0.000035469966, 0.00008907493, 0.00009597255), (0.46001747, 0.51790535, 0.44613504, 0.5666759), (0.9990821, -0.02631336, -0.03118439, 0.013047386), (0.9991232, -0.03957498, -0.0012547672, 0.013616212), (0.9991106, -0.039428227, 0.012868427, 0.007621117), (0.99732876, -0.062009126, 0.031801723, 0.021888793), (0.72822917, 0.07247993, -0.6798062, -0.047882587), (0.7954338, 0.07338622, -0.5395046, 0.26614773), (0.5362704, -0.14783733, 0.16166136, 0.8151221), (1.0000002, -4.4703484e-8, -8.940697e-8, 7.450581e-9), (1.0000002, -4.4703484e-8, -8.940697e-8, 7.450581e-9), (1.0000002, -4.4703484e-8, -8.940697e-8, 7.450581e-9), (1.0000002, -4.4703484e-8, -8.940697e-8, 7.450581e-9), (0.6736846, 0.72782123, 0.1112175, -0.06368843), (0.9967284, 0.019272923, 0.052124023, -0.058690578), (0.83002025, 0.008571416, 0.02980882, 0.5568706), (0.7892441, -0.021686375, -0.017766379, 0.61343974), (-0.6877183, -0.022033706, 0.057056844, -0.72339725), (0.9992727, -0.02161014, 0.017816395, -0.025886267), (0.8561714, -0.018140197, -0.013043642, 0.51620907), (-0.7176862, -0.027880758, 0.035778403, -0.69488865), (0.82326347, 0.023321599, -0.050035506, 0.56497014), (1.0000002, -0.000011175871, 0.0000014007092, 0.0000023543835), (0.9974087, 0.00673604, -0.052035272, 0.04922715), (-0.8969844, 0.059423447, -0.15860385, -0.40832973), (0.70153785, -0.014372677, 0.1269308, 0.70108986), (0.73937684, 0.034909457, 0.1594128, 0.65321577), (0.98908687, -0.14063653, -0.037376136, 0.023069203), (0.875585, 0.09416661, 0.03493765, 0.47250772), (-0.69654846, 0.0075641274, -0.06059839, -0.71490645), (0.74167484, -0.00082048774, 0.06608051, 0.6674963), (0.81092954, 0.38620567, 0.43835986, -0.032861173), (0.9812221, 0.09306162, -0.07407586, 0.1518445), (0.95008755, 0.073099904, 0.013602167, 0.30299577), (0.9518446, -0.004592702, 0.0044455826, 0.3065169), (-0.054857537, -0.99830365, 0.0023537893, -0.019374613), (1.0000002, 1.4901161e-8, 1.4901161e-8, 0), (1.0000002, 1.4901161e-8, 1.4901161e-8, 0), (1.0000002, 1.4901161e-8, 1.4901161e-8, 0), (0.9880328, 0.14172143, -0.014885917, 0.059031002), (0.99995744, 0.0014615152, -0.0057429224, 0.0070783757), (0.9999145, 0.001509781, -0.012188673, 0.004483614), (0.9956851, 0.010340285, -0.041552678, -0.08232581), (0.5113068, -0.48755783, -0.47603887, -0.52367866), (0.4761454, -0.52276754, -0.5115028, -0.48822644), (1.0000007, 0, 0, -9.313226e-10), (0.51150334, -0.48822564, -0.47614485, -0.5227679), (1, -7.450581e-9, -4.656613e-10, 4.656613e-10), (0.47664303, -0.5223185, -0.476638, -0.5223132), (0.16667815, 0.7035398, 0.12661454, 0.6791311), (0.9531585, 0.039495528, -0.28112534, -0.1043922), (0.5764254, 0.09625681, -0.33078122, 0.74098074), (1, -1.4901161e-8, 2.9802322e-8, -2.9802322e-8), (1, -1.4901161e-8, 2.9802322e-8, -2.9802322e-8), (1, -1.4901161e-8, 2.9802322e-8, -2.9802322e-8), (1, -1.4901161e-8, 2.9802322e-8, -2.9802322e-8), (0.698074, 0.70939034, -0.08128066, -0.05340293), (0.99740195, 0.018602014, 0.049810827, -0.048610657), (0.7955661, -0.10648751, 0.092993796, 0.5891421), (-0.7882638, 0.021684438, 0.01802304, -0.6146921), (0.69403696, 0.04279542, -0.07359359, 0.714889), (0.99954236, -0.01754731, 0.015279889, -0.019344896), (0.8223132, -0.12411471, 0.06458011, 0.55156714), (-0.7197511, -0.027612925, 0.03574089, -0.69276166), (0.8249155, 0.023041248, -0.049966186, 0.562572), (1.0000004, 0.000011503696, 2.9802322e-8, -8.940697e-8), (0.9856814, -0.11311865, -0.100606844, 0.074266165), (0.8907236, 0.012636095, 0.22152996, 0.39670777), (-0.6996436, 0.013390601, -0.12644392, -0.7030877), (0.73809123, 0.035320237, 0.15994832, 0.6545161), (0.989499, -0.13469228, -0.041438818, 0.03214559), (0.8765867, 0.049585104, 0.087938786, 0.4705363), (-0.69747484, 0.009726554, -0.06030081, -0.7140018), (0.74705935, -0.03754343, 0.0967575, 0.65660584), (0.8113172, 0.35459596, 0.4610792, -0.05859056), (0.9840249, 0.085197315, -0.06496474, 0.14218578), (0.96121645, 0.12646866, 0.03455943, 0.24264193), (0.96235764, -0.012165226, 0.004993826, 0.27146998), (0.9983039, -0.05485773, -0.019368976, -0.0023465157), (0.9999999, -1.1920929e-7, 0, -2.9802322e-8), (0.9999999, -1.1920929e-7, 0, -2.9802322e-8), (0.9999999, -1.1920929e-7, 0, -2.9802322e-8), (0.47665122, -0.5223097, -0.47664762, -0.5223058), (-0.17325976, -0.03398496, 0.030994415, 0.9838016), (0.9735132, -0.09600556, 0.03595653, 0.20435855), (0.040965423, 0.9399698, 0.33878028, 0.0026625097), (0.007632494, 0.8108769, 0.58516693, 0.00095674396), (0.9999894, -0.00002035126, -0.000020563602, 0.0046965927), (0.9999999, 3.091991e-7, -0.0000011026859, -0.0011720881), (0.5251863, -0.5141537, 0.49726537, 0.46103513), (0.99999905, 2.3283064e-7, 5.9604645e-7, -0.0014619082), (0.9999894, -0.0046176882, 7.748604e-7, -7.450581e-9), (0.9999574, -0.009235053, 0.000002026558, 4.8428774e-8), (0.99990225, -0.013992284, 0.000002503395, -7.450581e-9), (1.0000002, 2.5518239e-7, 6.2584877e-7, -1.1175871e-8), (1.0000002, 9.313226e-9, 0.0000014901161, 5.5879354e-8), (1.0000002, 6.8731606e-7, 0.0000013411045, 1.4901161e-8), (0.9730515, -0.0153398495, 0.0023588277, -0.23006517), (0.99980426, -0.0022617336, 0.01095441, 0.016321179), (0.015217158, 0.99533105, -0.017204236, 0.093749285), (0.006395161, 0.5808493, 0.81392145, 0.010251284), (0.99999464, -0.000044748187, -0.000028043985, 0.003226608), (0.9999995, 1.7136335e-7, -0.0000011473894, -0.0011720583), (0.5141549, 0.5251871, 0.46103355, -0.4972645), (0.99999905, 2.9802322e-7, 6.854534e-7, -0.0014619529), (0.9999894, -0.004617505, 2.9802322e-8, -2.6077032e-8), (0.99995726, -0.009235043, 7.4505806e-8, -7.4505806e-8), (0.9999022, -0.013992185, 5.9604645e-8, 7.450581e-9), (1, 1.5832484e-7, -7.4505806e-8, -2.6077032e-8), (1, 0, 0, 0), (1.0000001, 6.593764e-7, -1.4901161e-8, 1.1175871e-8), (0.49999282, -0.5000084, -0.49999183, -0.5000072), (0.49999282, -0.5000084, -0.49999183, -0.5000072), (0.49999282, -0.5000084, -0.49999183, -0.5000072), (0.49999282, -0.5000084, -0.49999183, -0.5000072)],
                3: [(1, 0.00008493754, -0.00012079538, 0.000012607768), (0.458345, 0.52298373, 0.44575554, 0.56365776), (0.9990192, -0.03126964, -0.026949458, 0.016036283), (0.9991658, -0.038100883, 0.0008095801, 0.0147085115), (0.9992, -0.038044184, 0.010566562, 0.006443739), (0.9977009, -0.062035248, 0.02348695, 0.0139172375), (0.74146986, 0.075580984, -0.666102, -0.028609395), (0.797789, 0.07279202, -0.552719, 0.22964367), (0.522504, -0.13603505, 0.14962235, 0.82831013), (1.0000002, -4.4703484e-8, -8.940697e-8, 1.4901161e-8), (1.0000002, -4.4703484e-8, -8.940697e-8, 1.4901161e-8), (1.0000002, -4.4703484e-8, -8.940697e-8, 1.4901161e-8), (1.0000002, -4.4703484e-8, -8.940697e-8, 1.4901161e-8), (0.6929041, 0.71015733, 0.12132999, -0.028980792), (0.996735, 0.019325227, 0.05227679, -0.058426917), (0.8300191, 0.008557975, 0.029783934, 0.5568741), (0.789244, -0.0216991, -0.017752104, 0.6134402), (-0.6877173, -0.022015527, 0.057074547, -0.72339725), (0.9992784, -0.021542758, 0.017958075, -0.025619686), (0.85616887, -0.018173575, -0.013074726, 0.5162112), (-0.71768576, -0.027894706, 0.03580603, -0.69488686), (0.8232638, 0.02333811, -0.050021946, 0.5649696), (1.0000002, -0.000011146069, 0.0000014007092, 0.0000023543835), (0.9974016, 0.006818861, -0.05190295, 0.04949698), (-0.8969964, 0.059407145, -0.1585842, -0.40831333), (0.7015321, -0.014386207, 0.12694949, 0.701092), (0.7393778, 0.034909725, 0.15941224, 0.6532151), (0.9890963, -0.14055094, -0.037273437, 0.023344189), (0.8755842, 0.09414491, 0.03491187, 0.47251517), (-0.6965593, 0.007561654, -0.060586095, -0.714897), (0.7416692, -0.0008110702, 0.0660851, 0.6675023), (0.81173164, 0.3864528, 0.43666157, -0.03276682), (0.9815107, 0.0932679, -0.072147846, 0.1507787), (0.95005584, 0.07306682, 0.013548732, 0.30310598), (0.9518436, -0.004594445, 0.004442215, 0.3065204), (-0.054857545, -0.99830365, 0.0023538172, -0.019374603), (1.0000002, 1.4901161e-8, 1.4901161e-8, 0), (1.0000002, 1.4901161e-8, 1.4901161e-8, 0), (1.0000002, 1.4901161e-8, 1.4901161e-8, 0), (0.98709214, 0.14453055, 0.010160059, 0.06824607), (0.9999573, 0.0010407306, -0.004002288, 0.0082966015), (0.99992895, 0.0010898747, -0.010449082, 0.0057039075), (0.9941491, 0.0053179273, -0.05750087, -0.09129035), (0.5113072, -0.48755807, -0.4760391, -0.5236789), (0.47614563, -0.5227679, -0.5115031, -0.4882267), (1.0000013, 0, -7.450581e-9, -9.313226e-10), (0.5115036, -0.48822594, -0.47614506, -0.5227682), (1.0000005, -1.4901161e-8, 0, 0), (0.4766433, -0.5223188, -0.4766382, -0.52231354), (0.18632364, 0.68731695, 0.118613854, 0.69196105), (0.9432603, 0.04312378, -0.30932793, -0.11276895), (0.57188654, 0.11299274, -0.3460886, 0.73512006), (1.0000001, -1.4901161e-8, 2.9802322e-8, -2.9802322e-8), (1.0000001, -1.4901161e-8, 2.9802322e-8, -2.9802322e-8), (1.0000001, -1.4901161e-8, 2.9802322e-8, -2.9802322e-8), (1.0000001, -1.4901161e-8, 2.9802322e-8, -2.9802322e-8), (0.7463293, 0.66181433, -0.057596445, -0.040956736), (0.9974462, 0.018645287, 0.048092842, -0.04940504), (0.7955704, -0.10648039, 0.09297386, 0.58914006), (-0.78826356, 0.02169913, 0.018018054, -0.6146915), (0.69403625, 0.042791814, -0.073603004, 0.7148887), (0.9995382, -0.0175533, 0.014235795, -0.020326406), (0.82225734, -0.12447634, 0.06403336, 0.5516328), (-0.719799, -0.027599573, 0.03573671, -0.6927128), (0.82491577, 0.02303806, -0.049975574, 0.5625708), (1.0000002, 0.000011473894, 0, -5.9604645e-8), (0.9855595, -0.11341086, -0.102187455, 0.07327059), (0.8907334, 0.012650371, 0.22151312, 0.39669406), (-0.6996423, 0.013407618, -0.1264526, -0.70308656), (0.738091, 0.035315678, 0.15993902, 0.6545181), (0.9894419, -0.13486221, -0.0430097, 0.031103164), (0.8765924, 0.049594104, 0.08791852, 0.4705278), (-0.69747365, 0.009741306, -0.06030704, -0.7140019), (0.7470596, -0.03754717, 0.096748054, 0.6566063), (0.8116541, 0.3560307, 0.45967597, -0.056201547), (0.9842459, 0.085034475, -0.066541076, 0.1400079), (0.96122324, 0.12646635, 0.034547567, 0.24261731), (0.9623575, -0.012165323, 0.004996091, 0.27147037), (0.9983037, -0.05485767, -0.019368917, -0.0023465455), (1, -1.1920929e-7, 0, -2.9802322e-8), (1, -1.1920929e-7, 0, -2.9802322e-8), (1, -1.1920929e-7, 0, -2.9802322e-8), (0.4766513, -0.52230984, -0.47664773, -0.5223059), (-0.07763336, -0.005047003, 0.031896383, 0.99645907), (0.8920828, -0.07982504, 0.06708881, 0.439677), (0.03107693, 0.9698139, 0.24173974, -0.007592112), (0.012177467, 0.79301316, 0.60907817, 0.0024953783), (0.99999315, -0.000005811453, -0.000022143126, 0.0037779287), (0.9999999, 3.054738e-7, -0.0000011026859, -0.0011720955), (0.5251863, -0.5141537, 0.4972653, 0.46103507), (0.99999905, 2.2631139e-7, 5.9604645e-7, -0.0014619194), (0.99998945, -0.0046176733, 8.046627e-7, -2.9802322e-8), (0.99995744, -0.009235062, 0.0000019967556, 6.891787e-8), (0.99990237, -0.013992269, 0.000002503395, -3.7252903e-9), (1.0000005, 2.0558946e-7, 6.2584877e-7, -1.8626451e-8), (1.0000005, -5.820766e-10, 0.0000014454126, 1.4901161e-8), (1.0000005, 6.9709495e-7, 0.0000013411045, 2.6077032e-8), (0.97794425, -0.023710249, 0.000079174526, -0.20751697), (0.99914044, -0.00060055964, 0.022204936, 0.03500889), (-0.0038166307, 0.9977511, -0.027144732, 0.06117347), (0.0025959313, 0.6324222, 0.7745558, 0.009981096), (0.99999297, 0.000009439886, -0.000052690506, 0.0038442984), (0.9999999, 1.8067658e-7, -0.0000011324883, -0.0011720769), (0.51415503, 0.5251872, 0.46103364, -0.49726465), (0.9999993, 2.7939677e-7, 6.631017e-7, -0.0014619268), (0.99998987, -0.0046174712, 8.195639e-8, -3.3527613e-8), (0.9999576, -0.009235045, 1.0430813e-7, -7.0780516e-8), (0.99990255, -0.013992183, 1.1175871e-7, -1.1175871e-8), (1.0000004, 1.5832484e-7, -6.7055225e-8, -2.2351742e-8), (1.0000002, 0, 0, 0), (1.0000005, 6.593764e-7, -2.2351742e-8, 0), (0.4999928, -0.5000084, -0.49999186, -0.5000072), (0.4999928, -0.5000084, -0.49999186, -0.5000072), (0.4999928, -0.5000084, -0.49999186, -0.5000072), (0.4999928, -0.5000084, -0.49999186, -0.5000072)],
                4: [(1, 0.00017680976, -0.00023875601, -0.00006580924), (0.4625187, 0.52537704, 0.44081405, 0.5619063), (0.9991101, -0.027028928, -0.020658158, 0.024945166), (0.9991152, -0.03510415, 0.0030156374, 0.022976067), (0.99934006, -0.034960736, 0.0071563274, 0.0068330765), (0.9982481, -0.05716307, 0.014931336, 0.0033213496), (0.7458814, 0.080118686, -0.6610385, -0.016457379), (0.80328, 0.074243665, -0.5622699, 0.18188581), (0.5185656, -0.115946524, 0.10865584, 0.84014314), (1.0000002, -2.9802322e-8, -5.9604645e-8, 7.450581e-9), (1.0000002, -2.9802322e-8, -5.9604645e-8, 7.450581e-9), (1.0000002, -2.9802322e-8, -5.9604645e-8, 7.450581e-9), (1.0000002, -2.9802322e-8, -5.9604645e-8, 7.450581e-9), (0.71456313, 0.6900187, 0.11488846, 0.008637428), (0.99675107, 0.0195221, 0.052087188, -0.058255076), (0.8300218, 0.008562088, 0.029786289, 0.5568696), (0.7892433, -0.021697551, -0.017748892, 0.61344093), (-0.6877175, -0.022012651, 0.057076782, -0.7233969), (0.9992903, -0.021344483, 0.017754316, -0.025462985), (0.85617137, -0.018176645, -0.013070166, 0.5162073), (-0.7176841, -0.027901977, 0.035814285, -0.69488823), (0.82326525, 0.023343176, -0.050017327, 0.56496835), (1.0000002, -0.000011205673, 0.0000014007092, 0.0000023543835), (0.99738157, 0.007002473, -0.052113026, 0.0496535), (-0.8970057, 0.059388697, -0.15857974, -0.40829694), (0.7015257, -0.014385492, 0.12696105, 0.70109594), (0.7393781, 0.03490874, 0.15941402, 0.6532141), (0.98911256, -0.14035568, -0.037503034, 0.023463994), (0.8755842, 0.09413889, 0.034919143, 0.47251582), (-0.69656307, 0.007557124, -0.060570464, -0.7148946), (0.74166805, -0.00080272555, 0.06608823, 0.66750306), (0.8114009, 0.3858555, 0.43774518, -0.03353271), (0.9812152, 0.093291655, -0.072659, 0.15243272), (0.9500547, 0.073062584, 0.013544053, 0.30311096), (0.95184416, -0.004592523, 0.004440844, 0.30651903), (-0.054857507, -0.99830365, 0.0023538228, -0.019374618), (1.0000004, 0, 1.4901161e-8, 0), (1.0000004, 0, 1.4901161e-8, 0), (1.0000004, 0, 1.4901161e-8, 0), (0.98731005, 0.14077958, 0.034299895, 0.06499285), (0.9999872, 0.00045225024, -0.0015298277, 0.0048638918), (0.9999658, 0.00047264993, -0.00797835, 0.0022750683), (0.9926858, -0.00031655654, -0.067003965, -0.100428276), (0.51130694, -0.48755792, -0.47603893, -0.5236788), (0.47614554, -0.5227677, -0.5115029, -0.4882266), (1.0000011, 0, -7.450581e-9, -9.313226e-10), (0.51150346, -0.48822576, -0.4761449, -0.52276796), (1.0000001, -7.450581e-9, 0, 0), (0.47664315, -0.52231866, -0.47663808, -0.52231336), (0.18676546, 0.69820267, 0.11408758, 0.68162763), (0.9300597, 0.04573536, -0.35655427, -0.07593787), (0.5769485, 0.087338716, -0.31210145, 0.7497302), (1.0000001, -2.9802322e-8, 0, -1.4901161e-8), (1.0000001, -2.9802322e-8, 0, -1.4901161e-8), (1.0000001, -2.9802322e-8, 0, -1.4901161e-8), (1.0000001, -2.9802322e-8, 0, -1.4901161e-8), (0.7716151, 0.6303293, -0.049062878, -0.06991705), (0.99742794, 0.019101411, 0.04656157, -0.051041275), (0.7955691, -0.10647631, 0.09297547, 0.5891425), (-0.7882635, 0.021672517, 0.018010963, -0.61469305), (0.69403684, 0.042785853, -0.07358661, 0.71489036), (0.9996023, -0.017335504, 0.011832863, -0.018845648), (0.8239292, -0.12360853, 0.065118104, 0.549201), (-0.7198228, -0.027661115, 0.035746843, -0.692685), (0.82491624, 0.023031771, -0.049961656, 0.5625715), (1.0000002, 0.000011473894, -2.9802322e-8, -8.940697e-8), (0.98555994, -0.11339638, -0.103512466, 0.071403414), (0.89072776, 0.012650162, 0.22150797, 0.39670986), (-0.6996435, 0.013378531, -0.12645906, -0.703085), (0.73809206, 0.035310254, 0.15995392, 0.65451425), (0.98946726, -0.1346826, -0.04429522, 0.029217958), (0.8765881, 0.049597055, 0.0879212, 0.4705359), (-0.69747436, 0.009716272, -0.060313113, -0.71400154), (0.7470594, -0.037552208, 0.09676367, 0.65660465), (0.8120172, 0.35797307, 0.45766908, -0.054982305), (0.9844706, 0.08494195, -0.06734374, 0.13808735), (0.9612252, 0.12646602, 0.034549654, 0.24261032), (0.9623581, -0.012165792, 0.0049940646, 0.27146858), (0.9983038, -0.0548577, -0.019368947, -0.0023465157), (0.99999994, -1.1920929e-7, 0, 0), (0.99999994, -1.1920929e-7, 0, 0), (0.99999994, -1.1920929e-7, 0, 0), (0.47665134, -0.5223098, -0.4766477, -0.52230597), (0.020431254, 0.01753426, 0.021396846, 0.9994087), (0.7781483, -0.059910987, 0.08173773, 0.619851), (0.00858669, 0.9798719, 0.19884828, -0.015400976), (0.006007433, 0.75395745, 0.65689397, 0.0017113686), (0.9999937, 0.000033387914, -0.00002989173, 0.0036487058), (0.9999999, 2.9988587e-7, -0.0000010728836, -0.0011720858), (0.52518624, -0.5141537, 0.49726534, 0.46103504), (0.99999905, 2.2863969e-7, 6.2584877e-7, -0.0014619129), (0.99998945, -0.004617677, 7.748604e-7, -3.4458935e-8), (0.99995744, -0.009235062, 0.0000019669533, 6.61239e-8), (0.99990225, -0.013992265, 0.0000024735928, -1.6763806e-8), (1.0000004, 2.4028122e-7, 6.03497e-7, 0), (1.0000004, 7.450581e-9, 0.000001475215, 1.1175871e-8), (1.0000004, 6.6682696e-7, 0.0000013485551, 1.4901161e-8), (0.9700911, -0.019304082, 0.0018393751, -0.24196625), (0.9696206, 0.0016445015, 0.022018934, 0.24361616), (0.0137751885, 0.9944414, -0.09357333, 0.04627487), (-0.000073462725, 0.7258333, 0.6878711, 0.0001450479), (0.99999136, 0.000013086945, -0.00007686019, 0.0042060763), (0.9999998, 1.527369e-7, -0.0000011161901, -0.0011720546), (0.514155, 0.52518713, 0.46103364, -0.49726462), (0.99999917, 3.3341348e-7, 5.9604645e-7, -0.0014619268), (0.9999896, -0.004617488, 1.1175871e-7, -6.3329935e-8), (0.99995744, -0.009235067, 9.685755e-8, -6.3329935e-8), (0.99990237, -0.013992215, 9.685755e-8, 4.4703484e-8), (1.0000002, 1.6018748e-7, -7.4505806e-8, -2.6077032e-8), (1.0000002, 0, 0, 0), (1.0000004, 6.6356733e-7, -1.4901161e-8, 7.450581e-9), (0.49999288, -0.5000085, -0.49999192, -0.50000733), (0.49999288, -0.5000085, -0.49999192, -0.50000733), (0.49999288, -0.5000085, -0.49999192, -0.50000733), (0.49999288, -0.5000085, -0.49999192, -0.50000733)],
                5: [(0.99999994, 0.00008919158, -0.0003850987, -0.000117108946), (0.47502655, 0.5239927, 0.44192788, 0.5517982), (0.9990804, -0.017261162, -0.014122799, 0.03661782), (0.9990288, -0.024025409, 0.006825879, 0.03629845), (0.99965084, -0.02394005, 0.0066598654, 0.008972488), (0.9989383, -0.04299232, 0.016540319, 0.00022487342), (0.74465895, 0.09371835, -0.6607457, -0.0107021), (0.7901179, 0.09240958, -0.5866517, 0.15170166), (0.5213658, -0.09783965, 0.058621675, 0.84567606), (0.9999998, -2.2351742e-8, -5.9604645e-8, 2.2351742e-8), (0.9999998, -2.2351742e-8, -5.9604645e-8, 2.2351742e-8), (0.9999998, -2.2351742e-8, -5.9604645e-8, 2.2351742e-8), (0.9999998, -2.2351742e-8, -5.9604645e-8, 2.2351742e-8), (0.7080772, 0.695793, 0.12032917, -0.0043670535), (0.9967565, 0.020088136, 0.050833046, -0.05906084), (0.83001846, 0.008548915, 0.029799998, 0.5568728), (0.78924197, -0.021698982, -0.017737672, 0.6134415), (-0.68771696, -0.02199769, 0.057080388, -0.7233964), (0.9992988, -0.020847648, 0.016518325, -0.02633679), (0.8561675, -0.018200964, -0.013055384, 0.51621187), (-0.7176822, -0.027902663, 0.03583306, -0.6948879), (0.82326525, 0.023355871, -0.050014168, 0.5649664), (0.99999964, -0.000011146069, 0.0000014305115, 0.0000023543835), (0.99735254, 0.0073348284, -0.05341068, 0.04878968), (-0.89700174, 0.059386134, -0.15859568, -0.4082982), (0.7015248, -0.014391214, 0.12696815, 0.7010945), (0.73937726, 0.03490919, 0.15941188, 0.6532142), (0.98914576, -0.13997692, -0.038646877, 0.02242288), (0.87558126, 0.09413126, 0.034926713, 0.47252098), (-0.69656074, 0.007553965, -0.06057778, -0.71489567), (0.7416682, -0.0008049011, 0.06608924, 0.6675024), (0.809419, 0.38553923, 0.4416714, -0.033565342), (0.98040545, 0.09282111, -0.077577636, 0.15547124), (0.95005685, 0.07305092, 0.01353544, 0.30310476), (0.95184404, -0.004590802, 0.0044410825, 0.3065163), (-0.054857492, -0.99830306, 0.0023537725, -0.019374596), (0.99999976, 1.4901161e-8, 2.9802322e-8, 0), (0.99999976, 1.4901161e-8, 2.9802322e-8, 0), (0.99999976, 1.4901161e-8, 2.9802322e-8, 0), (0.99348533, 0.10762603, 0.013736978, 0.03484694), (0.99999976, -0.00007301569, 0.000091180205, -0.000015404075), (0.9999761, -0.00008736737, -0.0063587725, -0.0026006605), (0.9952109, -0.008411557, -0.03939452, -0.0890623), (0.51130676, -0.48755774, -0.47603875, -0.5236786), (0.47614524, -0.5227674, -0.51150274, -0.48822632), (1.0000005, 0, -7.450581e-9, -4.656613e-10), (0.51150316, -0.48822558, -0.4761447, -0.52276784), (0.9999997, -7.450581e-9, 0, 2.3283064e-10), (0.47664294, -0.5223184, -0.47663784, -0.52231306), (0.18096748, 0.71414506, 0.11067179, 0.66708225), (0.92138064, 0.045900553, -0.38504186, -0.026322335), (0.59624463, 0.056037307, -0.26334032, 0.75630903), (0.9999995, -1.4901161e-8, 0, -1.4901161e-8), (0.9999995, -1.4901161e-8, 0, -1.4901161e-8), (0.9999995, -1.4901161e-8, 0, -1.4901161e-8), (0.9999995, -1.4901161e-8, 0, -1.4901161e-8), (0.77195776, 0.61848414, -0.09144151, -0.11487606), (0.997234, 0.018810779, 0.047475666, -0.054000765), (0.7955842, -0.10647336, 0.09306094, 0.5891084), (-0.7882627, 0.021667719, 0.018020872, -0.6146931), (0.6940374, 0.042794287, -0.07358414, 0.7148888), (0.99952626, -0.017713726, 0.012833446, -0.021639258), (0.82403463, -0.12356165, 0.06526026, 0.54903543), (-0.7197894, -0.02764219, 0.035744607, -0.6927198), (0.8249161, 0.023040146, -0.049957722, 0.56257075), (0.9999998, 0.000011473894, -2.9802322e-8, -1.1920929e-7), (0.9858247, -0.113996446, -0.10216585, 0.068674535), (0.8907201, 0.012637824, 0.22159001, 0.39668006), (-0.6996394, 0.013366878, -0.12644485, -0.703091), (0.73809, 0.03532082, 0.15995723, 0.65451425), (0.9895414, -0.13515025, -0.04290667, 0.026473284), (0.87659013, 0.04959157, 0.08801532, 0.4705139), (-0.6974752, 0.009709567, -0.06030121, -0.71400094), (0.7470578, -0.037543893, 0.09676671, 0.65660554), (0.8115614, 0.35895002, 0.45737335, -0.057727367), (0.98449564, 0.08502339, -0.06740284, 0.13782619), (0.9612191, 0.12647338, 0.034563392, 0.24262695), (0.96235734, -0.012164548, 0.0049929917, 0.2714699), (0.9983034, -0.05485764, -0.019368976, -0.0023465157), (0.9999994, -1.1920929e-7, 2.9802322e-8, -2.9802322e-8), (0.9999994, -1.1920929e-7, 2.9802322e-8, -2.9802322e-8), (0.9999994, -1.1920929e-7, 2.9802322e-8, -2.9802322e-8), (0.4766511, -0.5223095, -0.47664747, -0.5223056), (0.14573468, 0.046579674, 0.005008608, 0.9882139), (0.6192496, -0.030804055, 0.08759287, 0.7796849), (-0.015354082, 0.97835803, 0.20570552, -0.016282737), (0.0002259314, 0.70903355, 0.7051748, 0.00020512938), (0.9999936, 0.00003249664, -0.000041544437, 0.0035802945), (0.9999995, 3.1944364e-7, -0.0000011026859, -0.0011720955), (0.5251862, -0.5141536, 0.49726522, 0.461035), (0.99999887, 2.2823224e-7, 5.9604645e-7, -0.0014619152), (0.9999893, -0.0046176706, 8.046627e-7, -3.0966476e-8), (0.9999572, -0.009235058, 0.000002026558, 6.510527e-8), (0.9999021, -0.01399226, 0.000002503395, -1.5599653e-8), (1.0000002, 2.3841858e-7, 6.3329935e-7, -3.7252903e-9), (1.0000001, 0, 0.0000014677644, 2.6077032e-8), (1.0000001, 6.854534e-7, 0.0000013485551, 2.2351742e-8), (0.97221184, -0.013446141, -0.0007501431, -0.23371527), (0.9157578, 0.003687346, 0.027069189, 0.4008007), (0.019444726, 0.9687981, -0.2455098, 0.02787444), (0.00010150671, 0.72089565, 0.6930435, -0.00018426776), (0.9999927, 0.000011080876, 0.000003695488, 0.0037475736), (0.99999946, 1.3783574e-7, -0.000001152046, -0.0011720397), (0.5141548, 0.52518696, 0.4610335, -0.49726444), (0.9999989, 2.9057264e-7, 6.109476e-7, -0.001461925), (0.9999894, -0.0046174973, 5.9604645e-8, -1.4901161e-8), (0.9999572, -0.009235076, 7.4505806e-8, -8.940697e-8), (0.99990207, -0.013992207, 1.1920929e-7, 3.7252903e-9), (1, 1.6065314e-7, -7.4505806e-8, -2.6077032e-8), (0.9999999, 0, 0, 0), (1.0000001, 6.3702464e-7, -4.4703484e-8, 1.8626451e-8), (0.49999273, -0.5000084, -0.4999918, -0.50000715), (0.49999273, -0.5000084, -0.4999918, -0.50000715), (0.49999273, -0.5000084, -0.4999918, -0.50000715), (0.49999273, -0.5000084, -0.4999918, -0.50000715)],
                6: [(0.99999994, -0.00006292059, -0.00033903975, -0.0000016750439), (0.48720405, 0.51982653, 0.453504, 0.5354873), (0.9989326, -0.0037427368, -0.0034321249, 0.04591074), (0.99887484, -0.0076619345, 0.0073655695, 0.046217866), (0.9999267, -0.00753316, 0.003292337, 0.008896392), (0.9997742, -0.020468896, 0.004306257, 0.0037679896), (0.71291655, 0.14651074, -0.685578, -0.01634707), (0.8126234, 0.089922935, -0.56167936, 0.12678005), (0.54446864, -0.049276214, -0.03583522, 0.8365652), (0.9999999, -2.9802322e-8, -5.9604645e-8, 7.450581e-9), (0.9999999, -2.9802322e-8, -5.9604645e-8, 7.450581e-9), (0.9999999, -2.9802322e-8, -5.9604645e-8, 7.450581e-9), (0.9999999, -2.9802322e-8, -5.9604645e-8, 7.450581e-9), (0.68548024, 0.72411066, 0.072549015, -0.022732913), (0.99676955, 0.020314038, 0.0506469, -0.058924884), (0.8300177, 0.00855118, 0.029835016, 0.55687225), (0.78924274, -0.02171895, -0.017735898, 0.61344033), (-0.6877129, -0.022001296, 0.05711621, -0.7233976), (0.99931014, -0.020622581, 0.016319662, -0.026216477), (0.8561663, -0.018208146, -0.013039768, 0.5162145), (-0.7176782, -0.027946085, 0.035838082, -0.6948904), (0.82326823, 0.0233545, -0.049987078, 0.5649648), (0.99999976, -0.000011175871, 0.0000014007092, 0.0000023543835), (0.99733233, 0.007551819, -0.05364901, 0.04891199), (-0.8969961, 0.05936292, -0.15868208, -0.40828115), (0.7015214, -0.01442191, 0.12696964, 0.70109755), (0.73937875, 0.03490606, 0.15941587, 0.6532125), (0.98916626, -0.13975865, -0.038868994, 0.02250269), (0.8755657, 0.094130695, 0.03494802, 0.4725483), (-0.6965843, 0.007527739, -0.060576797, -0.7148727), (0.741658, -0.00080510974, 0.06610942, 0.66751117), (0.80932796, 0.38567838, 0.4417308, -0.03338334), (0.9803718, 0.092732966, -0.07777211, 0.1556389), (0.95007086, 0.07309404, 0.01360473, 0.30304655), (0.95184493, -0.0045903455, 0.004438162, 0.3065126), (-0.054857474, -0.9983032, 0.0023538023, -0.01937458), (1, 0, 2.9802322e-8, 7.450581e-9), (1, 0, 2.9802322e-8, 7.450581e-9), (1, 0, 2.9802322e-8, 7.450581e-9), (0.9978708, 0.051534936, 0.030401707, 0.025954762), (0.9999999, -0.00020349398, 0.0004044026, -0.00024291594), (0.99997765, -0.00021967292, -0.0060459226, -0.00282708), (0.996344, -0.018085767, -0.03752838, -0.074586555), (0.5113068, -0.48755777, -0.47603884, -0.5236786), (0.47614536, -0.5227675, -0.51150274, -0.48822638), (1.0000006, 0, -7.450581e-9, -7.566996e-10), (0.5115032, -0.48822567, -0.4761448, -0.5227679), (0.99999994, -7.450581e-9, -7.275958e-12, 2.3283064e-10), (0.476643, -0.5223185, -0.47663796, -0.5223132), (0.16772093, 0.73256844, 0.11711395, 0.6492282), (0.90768296, 0.05395496, -0.41465434, 0.035523668), (0.62720245, 0.02145654, -0.1873013, 0.7556948), (0.99999976, 0, 0, -2.9802322e-8), (0.99999976, 0, 0, -2.9802322e-8), (0.99999976, 0, 0, -2.9802322e-8), (0.99999976, 0, 0, -2.9802322e-8), (0.7410275, 0.64396995, -0.10459167, -0.15887564), (0.996915, 0.017884612, 0.049917907, -0.05786878), (0.7955611, -0.106505275, 0.09303793, 0.58913755), (-0.78826225, 0.021651953, 0.018011944, -0.6146945), (0.6940379, 0.04278794, -0.07357237, 0.7148898), (0.99938345, -0.018692017, 0.015450597, -0.025387973), (0.82401425, -0.12358934, 0.06523284, 0.54906344), (-0.71978843, -0.027656674, 0.035736684, -0.6927211), (0.8249167, 0.023033738, -0.049947232, 0.562572), (0.99999994, 0.000011473894, -2.9802322e-8, -8.940697e-8), (0.9862261, -0.11516404, -0.09913394, 0.06532839), (0.8907095, 0.012610346, 0.22155967, 0.39672247), (-0.699643, 0.013353646, -0.12645337, -0.7030865), (0.7380899, 0.035314202, 0.15996787, 0.6545123), (0.9896097, -0.136206, -0.039824754, 0.023116708), (0.876578, 0.049563915, 0.0879854, 0.4705453), (-0.69747543, 0.009696126, -0.060309663, -0.7140004), (0.74705684, -0.037549645, 0.09677771, 0.65660477), (0.8104993, 0.3597308, 0.45805657, -0.06220147), (0.9844925, 0.08497621, -0.06738764, 0.13788652), (0.9612181, 0.12647103, 0.034564912, 0.24263218), (0.9623577, -0.012164943, 0.004992217, 0.2714688), (0.99830353, -0.0548577, -0.019368976, -0.0023465157), (0.99999964, -1.1920929e-7, -1.4901161e-8, -2.9802322e-8), (0.99999964, -1.1920929e-7, -1.4901161e-8, -2.9802322e-8), (0.99999964, -1.1920929e-7, -1.4901161e-8, -2.9802322e-8), (0.47665116, -0.5223096, -0.47664756, -0.5223057), (0.25020975, 0.055352595, -0.0076582134, 0.9665777), (0.6092446, -0.02096166, 0.06621517, 0.7899349), (-0.028537244, 0.9754566, 0.21673511, -0.026374936), (0.000014215708, 0.70725, 0.7069633, 0.00017863512), (0.99999297, -4.6379864e-7, -0.000002682209, 0.0037254207), (0.9999993, 3.017485e-7, -0.0000010728836, -0.0011720955), (0.525186, -0.5141534, 0.4972651, 0.46103483), (0.9999987, 2.2840686e-7, 5.9604645e-7, -0.0014619137), (0.9999891, -0.004617671, 7.748604e-7, -3.1664968e-8), (0.99995714, -0.009235061, 0.000002026558, 6.239861e-8), (0.99990195, -0.013992261, 0.000002503395, -1.4901161e-8), (1, 1.9744039e-7, 6.556511e-7, 3.1664968e-8), (1.0000002, 1.1175871e-8, 0.0000014603138, 2.6077032e-8), (1.0000001, 6.593764e-7, 0.0000013411045, 3.9115548e-8), (0.99435014, -0.0033753207, 0.003231641, -0.10604588), (0.93253195, -0.008407408, 0.028740086, 0.3598432), (0.008807674, 0.95441175, -0.29701713, 0.028310746), (-0.00034546852, 0.71423686, 0.6999042, 0.00025814772), (0.9999932, 0.0000042431056, 1.4901161e-7, 0.003708114), (0.99999964, 1.8253922e-7, -0.0000011213124, -0.0011720359), (0.5141549, 0.5251871, 0.46103355, -0.49726456), (0.99999875, 2.719462e-7, 6.854534e-7, -0.0014619529), (0.9999892, -0.004617504, 8.940697e-8, -1.6763806e-8), (0.999957, -0.0092350235, 5.9604645e-8, -1.0617077e-7), (0.99990195, -0.013992208, 8.940697e-8, 9.313226e-9), (0.9999999, 1.5413389e-7, -7.0780516e-8, -3.5390258e-8), (0.9999998, 0, 0, 0), (0.99999994, 6.5006316e-7, -1.4901161e-8, 1.4901161e-8), (0.49999267, -0.5000082, -0.49999174, -0.5000071), (0.49999267, -0.5000082, -0.49999174, -0.5000071), (0.49999267, -0.5000082, -0.49999174, -0.5000071), (0.49999267, -0.5000082, -0.49999174, -0.5000071)],
                7: [(1, 0.000107249696, -0.00010690695, 0.000008722933), (0.4702934, 0.5330061, 0.46910068, 0.5240928), (0.9991641, -0.006703292, -0.00001693517, 0.040329225), (0.9990194, 0.012702862, 0.007107511, 0.041816708), (0.99986935, 0.012717687, 0.0024751723, 0.009681582), (0.9999387, 0.004918663, -0.0010296255, 0.00989107), (0.6722142, 0.16808845, -0.7190106, -0.053839162), (0.8727015, 0.07381883, -0.47902116, 0.05901099), (0.56921875, -0.007697262, -0.12632583, 0.8123875), (1.0000006, -2.9802322e-8, -8.940697e-8, 2.9802322e-8), (1.0000006, -2.9802322e-8, -8.940697e-8, 2.9802322e-8), (1.0000006, -2.9802322e-8, -8.940697e-8, 2.9802322e-8), (1.0000006, -2.9802322e-8, -8.940697e-8, 2.9802322e-8), (0.6561001, 0.75226766, -0.0113836825, -0.059138328), (0.9968269, 0.020384103, 0.050456703, -0.058100104), (0.83001965, 0.008553028, 0.029814392, 0.5568714), (0.7892432, -0.021704972, -0.017751187, 0.61344075), (-0.68771684, -0.022016317, 0.05708438, -0.7233969), (0.99933726, -0.020534694, 0.016093433, -0.025401741), (0.8561687, -0.018183142, -0.013053358, 0.51621246), (-0.7176851, -0.027911246, 0.035807937, -0.69488734), (0.82326543, 0.023337454, -0.05001086, 0.56496906), (1.0000005, -0.000011146069, 0.0000014007092, 0.0000022947788), (0.99728215, 0.0077029467, -0.053848445, 0.04970008), (-0.89698344, 0.059404016, -0.1586475, -0.40831798), (0.70153743, -0.014404446, 0.12694556, 0.70108724), (0.7393782, 0.034909308, 0.15940967, 0.6532155), (0.9891538, -0.13963309, -0.039196342, 0.023279041), (0.87557685, 0.094142646, 0.034935564, 0.47252798), (-0.6965678, 0.007551521, -0.060589835, -0.7148889), (0.74166465, -0.00081402063, 0.06609228, 0.66750705), (0.80950344, 0.38539615, 0.44172296, -0.03249961), (0.9804043, 0.092819124, -0.07759762, 0.15547428), (0.9500602, 0.07306144, 0.0135414, 0.3030939), (0.95184445, -0.0045939325, 0.004441619, 0.30651763), (-0.054857537, -0.99830383, 0.0023538321, -0.019374609), (1.0000005, 0, 0, 0), (1.0000005, 0, 0, 0), (1.0000005, 0, 0, 0), (0.999056, -0.020396123, 0.012455896, 0.036285523), (1.0000002, -0.00001376681, 0.00025635958, -0.000035285484), (0.9999777, -0.000029015355, -0.00619334, -0.0026207464), (0.99681544, -0.021465402, -0.008915752, -0.07628639), (0.5113071, -0.48755798, -0.47603902, -0.5236789), (0.47614563, -0.5227678, -0.5115031, -0.48822668), (1.0000013, 0, -3.7252903e-9, -2.3283064e-10), (0.5115035, -0.48822588, -0.47614503, -0.52276814), (1.0000004, -7.450581e-9, 1.8626451e-9, 0), (0.4766433, -0.52231884, -0.47663823, -0.5223134), (0.14392781, 0.72268, 0.112053245, 0.6666807), (0.87975067, 0.066652685, -0.45778286, 0.109688625), (0.6611365, -0.03833744, -0.092116356, 0.743602), (1.0000004, -1.4901161e-8, -2.9802322e-8, -2.9802322e-8), (1.0000004, -1.4901161e-8, -2.9802322e-8, -2.9802322e-8), (1.0000004, -1.4901161e-8, -2.9802322e-8, -2.9802322e-8), (1.0000004, -1.4901161e-8, -2.9802322e-8, -2.9802322e-8), (0.69006056, 0.6962599, -0.03969851, -0.19355416), (0.9968116, 0.01751095, 0.050764322, -0.05902055), (0.7955464, -0.10651958, 0.09301731, 0.5891587), (-0.78826433, 0.02167368, 0.018027391, -0.6146914), (0.6940372, 0.04279819, -0.073586285, 0.71488917), (0.9993334, -0.019078672, 0.01635307, -0.026496738), (0.82400286, -0.123600304, 0.06520724, 0.549082), (-0.71979153, -0.027635545, 0.035749543, -0.69271874), (0.82491624, 0.023043305, -0.04995969, 0.5625718), (1.0000002, 0.000011473894, -5.9604645e-8, -1.1920929e-7), (0.98634243, -0.11559254, -0.0981026, 0.06436944), (0.89071226, 0.012605935, 0.22153613, 0.39673045), (-0.69964266, 0.013376057, -0.1264422, -0.70308924), (0.7380902, 0.035322666, 0.15995538, 0.65451556), (0.9896182, -0.1366091, -0.038779914, 0.02214539), (0.87657326, 0.04955533, 0.087955385, 0.47056097), (-0.6974762, 0.009715825, -0.06029682, -0.7140007), (0.74705803, -0.037540555, 0.09676421, 0.6566066), (0.81014556, 0.35988024, 0.45836598, -0.063652426), (0.9844848, 0.08493516, -0.0673756, 0.13797289), (0.961219, 0.12647171, 0.03456369, 0.24262922), (0.96235776, -0.012164637, 0.0049932897, 0.27146965), (0.9983038, -0.05485773, -0.019368947, -0.0023464859), (1.0000001, -7.4505806e-8, -1.4901161e-8, -2.6077032e-8), (1.0000001, -7.4505806e-8, -1.4901161e-8, -2.6077032e-8), (1.0000001, -7.4505806e-8, -1.4901161e-8, -2.6077032e-8), (0.4766513, -0.5223098, -0.4766477, -0.52230585), (0.3254936, 0.03838381, 0.000893116, 0.94476455), (0.66648203, -0.01776332, 0.03317377, 0.744571), (-0.038499855, 0.98446894, 0.16447634, -0.047816873), (0.00007122755, 0.70721805, 0.7069956, 0.00020432472), (0.9999931, -0.000006683171, 0.000006236136, 0.003742598), (0.99999976, 3.054738e-7, -0.0000011324883, -0.0011720881), (0.5251862, -0.51415354, 0.49726525, 0.461035), (0.9999989, 2.225861e-7, 6.2584877e-7, -0.0014619194), (0.9999894, -0.004617664, 7.748604e-7, -3.9115548e-8), (0.9999574, -0.009235056, 0.000002026558, 8.009374e-8), (0.9999022, -0.013992276, 0.0000024735928, -2.4214387e-8), (1.0000002, 2.1606684e-7, 6.2584877e-7, -1.8626451e-8), (1.0000002, -4.8428774e-8, 0.0000014603138, 2.7474016e-8), (1.0000002, 6.6682696e-7, 0.0000013113022, 4.1909516e-8), (0.99807525, -0.00747253, 0.014344133, 0.05987112), (0.98051065, -0.03334387, 0.016529888, 0.19290948), (-0.002847813, 0.97118104, -0.23695743, 0.025507659), (-0.004431993, 0.6732643, 0.739388, -0.0011156201), (0.9999933, 0.0000015832484, 9.536743e-7, 0.003705524), (0.9999995, 1.6950071e-7, -0.0000011101365, -0.0011720769), (0.51415485, 0.5251871, 0.46103346, -0.49726447), (0.99999905, 2.849847e-7, 6.556511e-7, -0.0014619287), (0.9999894, -0.0046175024, 1.1920929e-7, -2.6077032e-8), (0.9999572, -0.009235043, 2.9802322e-8, -8.195639e-8), (0.9999022, -0.013992204, 1.1920929e-7, 3.7252903e-9), (1.0000001, 1.4808029e-7, -3.7252903e-8, -1.839362e-8), (1.0000002, 0, 0, 0), (1.0000002, 6.6217035e-7, -1.4901161e-8, 4.1909516e-9), (0.49999273, -0.5000084, -0.49999183, -0.5000072), (0.49999273, -0.5000084, -0.49999183, -0.5000072), (0.49999273, -0.5000084, -0.49999183, -0.5000072), (0.49999273, -0.5000084, -0.49999183, -0.5000072)],
                8: [(1, 0.00007273807, -0.0001329048, -0.00006535117), (0.45264906, 0.5501972, 0.46685728, 0.52386665), (0.9997709, 0.0031899833, 0.0020684525, 0.021065593), (0.99910855, 0.029794062, 0.00662899, 0.029161414), (0.99945813, 0.029499289, -0.00042423606, 0.014600951), (0.99918723, 0.03011171, -0.0047678947, 0.026380144), (0.6575793, 0.1503658, -0.73326427, -0.08546104), (0.91303384, 0.049396247, -0.40484145, 0.005760789), (0.61119664, 0.020976432, -0.19259869, 0.76740146), (1.0000004, -5.9604645e-8, 2.9802322e-8, 0), (1.0000004, -5.9604645e-8, 2.9802322e-8, 0), (1.0000004, -5.9604645e-8, 2.9802322e-8, 0), (1.0000004, -5.9604645e-8, 2.9802322e-8, 0), (0.6362597, 0.76314425, -0.06603706, -0.09178224), (0.9970653, 0.021191001, 0.05000457, -0.053958744), (0.8300142, 0.008552253, 0.029813528, 0.5568794), (0.7892431, -0.021701068, -0.01774922, 0.6134408), (-0.68771744, -0.022012994, 0.057077944, -0.72339684), (0.99946153, -0.019603878, 0.015440077, -0.021308064), (0.85616344, -0.01818335, -0.013049781, 0.51622057), (-0.7176854, -0.027901813, 0.035810977, -0.6948867), (0.8232647, 0.02334088, -0.050015986, 0.5649689), (1.0000002, -0.000011175871, 0.0000014007092, 0.0000023543835), (0.99703026, 0.0088689625, -0.054450125, 0.05373326), (-0.8969829, 0.05940467, -0.15862918, -0.40832543), (0.70153534, -0.014396548, 0.12694812, 0.7010888), (0.73937804, 0.03490904, 0.15941, 0.65321517), (0.9891629, -0.13851464, -0.040377796, 0.02720657), (0.87557447, 0.09414369, 0.034934342, 0.47253144), (-0.6965626, 0.0075568557, -0.06059074, -0.7148931), (0.7416669, -0.000813812, 0.06608829, 0.6675042), (0.8095177, 0.38440174, 0.442836, -0.028523624), (0.98040646, 0.09281508, -0.0775809, 0.15547098), (0.9500599, 0.07306105, 0.013541937, 0.30309457), (0.951844, -0.0045939256, 0.0044419467, 0.30651817), (-0.054857507, -0.99830353, 0.0023537893, -0.019374609), (1.0000004, 0, 0, -1.4901161e-8), (1.0000004, 0, 0, -1.4901161e-8), (1.0000004, 0, 0, -1.4901161e-8), (0.99543774, -0.08583571, -0.0021928698, 0.041612852), (1.0000002, -0.00007036142, 0.00028415024, 0.000008825213), (0.99997795, -0.00008537434, -0.006165862, -0.0025763754), (0.9961906, -0.021306243, 0.024326682, -0.080987275), (0.51130694, -0.48755786, -0.47603893, -0.5236788), (0.47614545, -0.5227676, -0.51150286, -0.4882265), (1.0000008, 0, -7.450581e-9, -4.656613e-10), (0.5115033, -0.48822573, -0.47614482, -0.52276796), (1, -7.450581e-9, 0, 0), (0.47664312, -0.52231866, -0.47663802, -0.52231324), (0.120492876, 0.7126055, 0.08248636, 0.6862005), (0.85754275, 0.055546284, -0.47539517, 0.18850578), (0.66205883, -0.116629556, 0.0046308935, 0.7403069), (1, 0, 0, -2.9802322e-8), (1, 0, 0, -2.9802322e-8), (1, 0, 0, -2.9802322e-8), (1, 0, 0, -2.9802322e-8), (0.62585205, 0.74925077, 0.062478036, -0.20743471), (0.99680775, 0.017562091, 0.050810248, -0.05902785), (0.7955505, -0.10652098, 0.09301263, 0.589153), (-0.7882644, 0.021666557, 0.018024728, -0.614691), (0.69403684, 0.042795658, -0.07358134, 0.7148897), (0.99933314, -0.019025654, 0.016397715, -0.026504368), (0.82400644, -0.12360299, 0.065203875, 0.549076), (-0.7197916, -0.027642459, 0.035747856, -0.69271827), (0.82491606, 0.02304092, -0.04995519, 0.56257254), (1, 0.000011473894, -2.9802322e-8, -8.940697e-8), (0.9863535, -0.11553693, -0.09806165, 0.06435847), (0.89071524, 0.012601227, 0.22153178, 0.39672586), (-0.6996423, 0.0133677125, -0.1264439, -0.703089), (0.7380903, 0.03532061, 0.15996015, 0.65451396), (0.98962736, -0.13655439, -0.038737476, 0.02213955), (0.87657654, 0.049551994, 0.08795315, 0.47055513), (-0.6974764, 0.00970909, -0.060298607, -0.7140004), (0.7470577, -0.03754285, 0.09676871, 0.65660584), (0.8101076, 0.35992786, 0.45839623, -0.06364669), (0.9844854, 0.0849381, -0.06738007, 0.13796388), (0.9612186, 0.1264713, 0.034564286, 0.24263029), (0.9623575, -0.012164533, 0.004992783, 0.27146935), (0.9983036, -0.05485767, -0.019368947, -0.0023465455), (0.9999999, -1.0430813e-7, 7.683411e-9, 0), (0.9999999, -1.0430813e-7, 7.683411e-9, 0), (0.9999999, -1.0430813e-7, 7.683411e-9, 0), (0.47665125, -0.5223098, -0.47664768, -0.52230585), (0.37224668, 0.024561077, -0.00067180395, 0.92780864), (0.7509489, -0.014542369, 0.012674902, 0.6600784), (-0.024042806, 0.9953657, 0.067721695, -0.06389621), (0.00003296137, 0.7071407, 0.70707273, 0.000034600496), (0.9999928, -0.0000014305115, 0.0000064969063, 0.0037469566), (0.99999946, 3.091991e-7, -0.0000011622906, -0.0011720804), (0.52518606, -0.51415354, 0.49726516, 0.46103486), (0.99999875, 2.2910535e-7, 5.9604645e-7, -0.0014619231), (0.99998915, -0.0046176673, 7.748604e-7, -1.4901161e-8), (0.99995714, -0.009235079, 0.0000020563602, 4.0978193e-8), (0.999902, -0.013992265, 0.000002503395, -3.7252903e-8), (1.0000001, 2.0302832e-7, 6.2584877e-7, -1.8626451e-9), (1.0000001, 5.5879354e-9, 0.0000014305115, 2.4214387e-8), (1.0000002, 6.817281e-7, 0.0000013411045, 1.3969839e-8), (0.99123305, 0.0010293769, 0.027434722, 0.12924066), (0.99025404, -0.05975695, 0.011179149, 0.12530228), (-0.010072306, 0.9997244, 0.0023680425, 0.021064341), (0.003797561, 0.47748065, 0.8786329, 0.0013781339), (0.99999374, 0.000005200971, -0.0000019967556, 0.0035110158), (0.9999994, 1.7974526e-7, -0.0000011026859, -0.0011720564), (0.5141548, 0.52518696, 0.4610334, -0.49726444), (0.9999987, 2.5343616e-7, 6.2584877e-7, -0.0014619045), (0.99998915, -0.004617475, 5.9604645e-8, -1.4901161e-8), (0.9999569, -0.009235035, 5.9604645e-8, -7.8231096e-8), (0.9999019, -0.01399217, 5.9604645e-8, 1.1175871e-8), (0.9999998, 1.6205013e-7, -2.9802322e-8, -3.9115548e-8), (0.9999998, 0, 0, 0), (0.99999994, 6.1653554e-7, 0, 2.4214387e-8), (0.4999928, -0.50000846, -0.49999183, -0.5000072), (0.4999928, -0.50000846, -0.49999183, -0.5000072), (0.4999928, -0.50000846, -0.49999183, -0.5000072), (0.4999928, -0.50000846, -0.49999183, -0.5000072)],
                9: [(0.99999994, -0.000024137287, -0.00025616967, -0.00008695274), (0.4449506, 0.5607061, 0.46699923, 0.5191718), (0.9998384, 0.011220358, 0.005362414, 0.01297999), (0.9989699, 0.039564956, 0.0041652024, 0.021830186), (0.99910897, 0.03934332, -0.005533986, 0.014249623), (0.9982488, 0.049359977, -0.013387501, 0.029727757), (0.64704657, 0.13827226, -0.74125844, -0.112903595), (0.94209063, 0.036913097, -0.33136308, -0.036069542), (0.63513124, 0.06305164, -0.23539218, 0.732955), (0.9999999, -5.9604645e-8, 0, 1.4901161e-8), (0.9999999, -5.9604645e-8, 0, 1.4901161e-8), (0.9999999, -5.9604645e-8, 0, 1.4901161e-8), (0.9999999, -5.9604645e-8, 0, 1.4901161e-8), (0.6317451, 0.76287943, -0.09046401, -0.103580564), (0.9972059, 0.021316543, 0.051121533, -0.05012387), (0.8299862, 0.008550972, 0.02985245, 0.5569186), (0.7892429, -0.021715328, -0.017741844, 0.6134402), (-0.6877129, -0.0220097, 0.05711028, -0.7233979), (0.99952686, -0.019312099, 0.016390085, -0.017436057), (0.85613775, -0.018192098, -0.013029203, 0.5162628), (-0.7176784, -0.027936831, 0.03582474, -0.69489133), (0.82326806, 0.02334705, -0.049994677, 0.5649651), (0.9999998, -0.000011175871, 0.0000014007092, 0.0000023245811), (0.996866, 0.00949581, -0.053432837, 0.057553798), (-0.8969671, 0.05937831, -0.1586825, -0.4083429), (0.70152295, -0.014414012, 0.1269556, 0.7010989), (0.7393787, 0.034904942, 0.15941532, 0.6532125), (0.9891422, -0.13796672, -0.039911866, 0.031136781), (0.8755398, 0.09414768, 0.034946322, 0.47259337), (-0.6965777, 0.0075348467, -0.060596325, -0.7148777), (0.74166113, -0.0008161664, 0.06610346, 0.6675085), (0.8101347, 0.3818292, 0.44388592, -0.029218614), (0.9802146, 0.09318404, -0.07443097, 0.15797676), (0.9500404, 0.073107824, 0.013612986, 0.3031398), (0.9518443, -0.004592579, 0.0044398606, 0.3065161), (-0.054857515, -0.9983033, 0.0023537735, -0.019374624), (0.9999999, -2.9802322e-8, 2.9802322e-8, 0), (0.9999999, -2.9802322e-8, 2.9802322e-8, 0), (0.9999999, -2.9802322e-8, 2.9802322e-8, 0), (0.9904647, -0.12759846, 0.005725339, 0.051629312), (0.9999999, -0.00028293766, 0.00046111643, 0.00019019097), (0.99997914, -0.00029722974, -0.0059894025, -0.0023935176), (0.99543655, -0.020845888, 0.042122662, -0.08304861), (0.5113069, -0.48755777, -0.4760388, -0.52367866), (0.47614533, -0.52276754, -0.5115028, -0.48822647), (1.0000007, 0, -7.450581e-9, -4.656613e-10), (0.5115033, -0.48822564, -0.4761448, -0.5227679), (0.9999999, -7.450581e-9, -3.7252903e-9, 9.313226e-10), (0.47664306, -0.52231854, -0.476638, -0.5223132), (0.09298207, 0.70191896, 0.0610649, 0.70351624), (0.8344241, 0.06260839, -0.4954206, 0.23318437), (0.61429816, -0.15968642, 0.09836912, 0.7664603), (0.9999999, 1.4901161e-8, -2.9802322e-8, -2.2351742e-8), (0.9999999, 1.4901161e-8, -2.9802322e-8, -2.2351742e-8), (0.9999999, 1.4901161e-8, -2.9802322e-8, -2.2351742e-8), (0.9999999, 1.4901161e-8, -2.9802322e-8, -2.2351742e-8), (0.58825463, 0.77853847, 0.10291326, -0.19298583), (0.9968034, 0.017692477, 0.050974756, -0.05892515), (0.7955501, -0.10648802, 0.09296295, 0.58916783), (-0.7882665, 0.021611392, 0.01794552, -0.61469287), (0.69403714, 0.042741984, -0.07355085, 0.71489596), (0.99933606, -0.018884718, 0.016554505, -0.026402771), (0.82400537, -0.12357506, 0.065154344, 0.54908967), (-0.7197909, -0.027699322, 0.035679087, -0.69271994), (0.8249159, 0.022991806, -0.04992968, 0.56257653), (1.0000002, 0.000011473894, 2.9802322e-8, -8.940697e-8), (0.9863823, -0.115365505, -0.09792259, 0.064438045), (0.8907106, 0.012601167, 0.22147292, 0.39676923), (-0.6996482, 0.013307422, -0.12650035, -0.70307404), (0.7380955, 0.035274535, 0.15998828, 0.6545034), (0.9896519, -0.13639757, -0.03860104, 0.022249132), (0.87657267, 0.049570918, 0.08790794, 0.47056937), (-0.6974772, 0.009657055, -0.06036473, -0.71399486), (0.7470584, -0.037591428, 0.09679979, 0.656598), (0.80998564, 0.35999566, 0.45856905, -0.06357123), (0.9844839, 0.08492105, -0.06736824, 0.13799252), (0.96121824, 0.12647301, 0.034558713, 0.24263275), (0.96235883, -0.012165412, 0.004992515, 0.27146572), (0.9983037, -0.05485776, -0.019368947, -0.0023465157), (0.99999976, -1.0430813e-7, 0, 0), (0.99999976, -1.0430813e-7, 0, 0), (0.99999976, -1.0430813e-7, 0, 0), (0.47665113, -0.52230966, -0.47664756, -0.5223057), (0.36633122, 0.018577764, -0.0024938285, 0.9302957), (0.8533452, -0.0036660964, 0.0027223667, 0.5213263), (0.008631276, 0.99531853, -0.062004775, -0.073632926), (0.00010290742, 0.7066862, 0.7075268, -0.00035953522), (0.9999926, 0.000011630356, 0.000015825033, 0.0037910938), (0.9999994, 3.1664968e-7, -0.0000011026859, -0.0011721067), (0.52518606, -0.51415354, 0.49726516, 0.4610349), (0.99999887, 2.5285408e-7, 5.662441e-7, -0.001461912), (0.9999894, -0.0046176696, 8.046627e-7, -7.450581e-9), (0.99995726, -0.009235045, 0.0000019669533, 6.3329935e-8), (0.9999022, -0.013992223, 0.0000024586916, 1.1175871e-8), (1.0000002, 2.1792948e-7, 6.2584877e-7, 1.4901161e-8), (1.0000001, -4.656613e-9, 0.0000014603138, 1.3038516e-8), (1.0000002, 6.761402e-7, 0.0000013709068, 2.7939677e-8), (0.98118544, 0.010855511, 0.036989182, 0.18917952), (0.99478513, -0.080147624, 0.010564506, 0.062188506), (-0.025532648, 0.9518581, 0.30529696, -0.010420948), (0.0022926927, 0.41985703, 0.9075706, 0.0055730343), (0.99999547, 0.00004229322, 0.00007861853, 0.003089089), (0.9999998, 1.7508864e-7, -0.0000011026859, -0.0011720713), (0.51415503, 0.5251872, 0.46103364, -0.49726465), (0.99999905, 2.4354085e-7, 6.556511e-7, -0.0014619268), (0.9999895, -0.004617495, 1.1920929e-7, -2.2351742e-8), (0.9999573, -0.009235044, 5.9604645e-8, -8.568168e-8), (0.99990225, -0.013992224, 5.9604645e-8, 1.1175871e-8), (0.9999999, 1.6391277e-7, -5.9604645e-8, -3.3527613e-8), (0.9999999, 0, 0, 0), (0.99999994, 6.2584877e-7, 0, -3.7252903e-9), (0.49999276, -0.50000834, -0.49999177, -0.50000715), (0.49999276, -0.50000834, -0.49999177, -0.50000715), (0.49999276, -0.50000834, -0.49999177, -0.50000715), (0.49999276, -0.50000834, -0.49999177, -0.50000715)],
                10: [(1, -0.000051876083, -0.00014889282, -0.00007830322), (0.4416529, 0.5609079, 0.46883854, 0.5201112), (0.99974525, 0.018122613, 0.006010525, 0.012055755), (0.99889433, 0.043073505, -0.0012430996, 0.01881139), (0.9989749, 0.042914834, -0.007792957, 0.012140036), (0.9977904, 0.058944903, -0.015027463, 0.026733652), (0.6537162, 0.13023216, -0.7303877, -0.14909337), (0.9508964, 0.034615546, -0.29907048, -0.071798265), (0.59403723, 0.08897112, -0.28696018, 0.7462292), (1.0000002, -4.4703484e-8, 2.9802322e-8, 0), (1.0000002, -4.4703484e-8, 2.9802322e-8, 0), (1.0000002, -4.4703484e-8, 2.9802322e-8, 0), (1.0000002, -4.4703484e-8, 2.9802322e-8, 0), (0.6534363, 0.7465756, -0.09672198, -0.0793148), (0.9972365, 0.021129876, 0.05118069, -0.04953438), (0.830024, 0.008561671, 0.02978012, 0.55686635), (0.78924364, -0.021695852, -0.017760947, 0.6134398), (-0.6877176, -0.022028998, 0.0570693, -0.7233965), (0.99953365, -0.019474775, 0.016429007, -0.016839087), (0.85617363, -0.018162131, -0.01307714, 0.5162037), (-0.7176871, -0.027892798, 0.035789527, -0.69488627), (0.8232634, 0.023327902, -0.050025225, 0.56497), (1, -0.000011175871, 0.0000014305115, 0.0000022947788), (0.99683815, 0.009405211, -0.053343117, 0.058138043), (-0.89699185, 0.05942996, -0.15859783, -0.4083147), (0.7015372, -0.014386624, 0.12693325, 0.7010896), (0.73937774, 0.034907818, 0.15941156, 0.653215), (0.9891056, -0.13808423, -0.039937466, 0.031746477), (0.8755878, 0.094156146, 0.034909785, 0.472506), (-0.6965586, 0.0075620413, -0.06060023, -0.71489596), (0.7416696, -0.0008212626, 0.06608391, 0.66750145), (0.8105911, 0.38068113, 0.4439142, -0.031061918), (0.9799861, 0.093349814, -0.07299015, 0.15995881), (0.9500489, 0.0730749, 0.013555616, 0.3031246), (0.9518439, -0.004594948, 0.0044432767, 0.30651844), (-0.054857526, -0.9983035, 0.0023537846, -0.019374602), (1.0000002, 0, 0, 0), (1.0000002, 0, 0, 0), (1.0000002, 0, 0, 0), (0.9877027, -0.1446641, 0.015938818, 0.057116017), (0.9999999, -0.0003069695, 0.0009069294, 0.0003408268), (0.9999825, -0.00032133982, -0.005543709, -0.0022429451), (0.9950255, -0.020857416, 0.04090558, -0.08841159), (0.51130706, -0.48755798, -0.476039, -0.52367884), (0.47614554, -0.5227677, -0.5115029, -0.48822662), (1.0000011, -7.450581e-9, -6.519258e-9, -9.313226e-10), (0.51150346, -0.48822582, -0.47614497, -0.5227681), (1.0000002, -7.450581e-9, 0, 9.313226e-10), (0.47664323, -0.52231866, -0.47663814, -0.5223133), (0.068150334, 0.68594193, 0.06358731, 0.72166204), (0.81333053, 0.06843105, -0.514946, 0.26199523), (0.5661458, -0.16669855, 0.14728895, 0.7937235), (1.0000002, 0, -2.9802322e-8, -2.2351742e-8), (1.0000002, 0, -2.9802322e-8, -2.2351742e-8), (1.0000002, 0, -2.9802322e-8, -2.2351742e-8), (1.0000002, 0, -2.9802322e-8, -2.2351742e-8), (0.622883, 0.76471436, 0.102599084, -0.12923881), (0.99681914, 0.017285109, 0.05092269, -0.05882457), (0.79557407, -0.10646437, 0.09299445, 0.5891348), (-0.7882647, 0.021680236, 0.017971978, -0.61469233), (0.6940371, 0.042761877, -0.0735946, 0.71489066), (0.99933213, -0.01928845, 0.016511679, -0.026288927), (0.82403004, -0.123553425, 0.06519011, 0.5490536), (-0.71979123, -0.027632296, 0.0356995, -0.69272155), (0.824916, 0.023011863, -0.049968302, 0.56257236), (1.0000002, 0.000011473894, 0, -8.940697e-8), (0.9863237, -0.115753084, -0.09794158, 0.06461206), (0.89073175, 0.012636423, 0.22152054, 0.39669448), (-0.6996386, 0.013379991, -0.12648147, -0.7030859), (0.7380949, 0.03529337, 0.1599482, 0.6545133), (0.989593, -0.13679296, -0.038636476, 0.022383392), (0.87659186, 0.04959637, 0.08794373, 0.47052443), (-0.69747293, 0.009721458, -0.060342968, -0.714), (0.74706095, -0.037573576, 0.09675866, 0.656602), (0.8101567, 0.35962585, 0.45855016, -0.06362197), (0.98448354, 0.08496959, -0.06738663, 0.13795647), (0.96121854, 0.12647475, 0.034560084, 0.24263006), (0.9623574, -0.01216577, 0.004996866, 0.27146983), (0.9983039, -0.0548577, -0.019368917, -0.0023464859), (1, -1.3411045e-7, 0, -2.9802322e-8), (1, -1.3411045e-7, 0, -2.9802322e-8), (1, -1.3411045e-7, 0, -2.9802322e-8), (0.47665134, -0.5223098, -0.4766477, -0.52230585), (0.3061148, 0.0039218753, -0.007823139, 0.9519546), (0.9557656, -0.0020026858, 0.0036597624, 0.29410028), (0.039893147, 0.9907811, -0.11819908, -0.052824795), (0.0019300878, 0.675474, 0.7373779, 0.0022591949), (0.9999938, -0.000014130026, 0.0000043213367, 0.0035367273), (0.99999964, 2.7567148e-7, -0.000001128763, -0.0011720732), (0.5251862, -0.5141536, 0.49726522, 0.461035), (0.99999887, 2.3283064e-7, 5.5134296e-7, -0.001461897), (0.9999893, -0.004617682, 7.8976154e-7, -3.7252903e-8), (0.9999573, -0.009235094, 0.0000020489097, 5.9604645e-8), (0.9999022, -0.013992222, 0.0000024586916, 7.450581e-9), (1.0000002, 2.2503082e-7, 6.109476e-7, 1.1175871e-8), (1.0000002, -1.21071935e-8, 0.0000014603138, 2.2351742e-8), (1.0000002, 6.919727e-7, 0.0000013560057, 1.4901161e-8), (0.9737595, 0.019685775, 0.041582763, 0.22288159), (0.99435663, -0.09258893, 0.0114277005, 0.050515153), (-0.030376151, 0.9376843, 0.3451692, -0.026154816), (0.0013266504, 0.66791123, 0.74422896, 0.004078865), (0.9999877, 0.00004521385, -0.00012984872, 0.004973937), (0.99999964, 1.6763806e-7, -0.0000011324883, -0.0011720657), (0.514155, 0.5251871, 0.46103358, -0.4972646), (0.999999, 2.561137e-7, 7.1525574e-7, -0.0014619417), (0.9999895, -0.0046174703, 5.9604645e-8, -1.8626451e-8), (0.9999573, -0.009235032, 0, -7.8231096e-8), (0.99990225, -0.013992215, 5.9604645e-8, 1.1175871e-8), (1.0000002, 1.6018748e-7, -2.9802322e-8, -2.2351742e-8), (1.0000002, 0, 0, 0), (1.0000002, 6.593764e-7, -2.9802322e-8, 2.6077032e-8), (0.49999282, -0.5000084, -0.49999186, -0.5000072), (0.49999282, -0.5000084, -0.49999186, -0.5000072), (0.49999282, -0.5000084, -0.49999186, -0.5000072), (0.49999282, -0.5000084, -0.49999186, -0.5000072)],
                11: [(1, -0.00003944487, -0.00019754257, -0.00011270686), (0.44293627, 0.55761987, 0.46576303, 0.52529275), (0.999504, 0.027658233, 0.005788043, 0.013904013), (0.99887556, 0.04360104, -0.0043081045, 0.018111825), (0.99897844, 0.043361187, -0.007914759, 0.00996916), (0.9977143, 0.06284033, -0.0134684, 0.020882413), (0.6707364, 0.12542191, -0.71000594, -0.17399246), (0.95044285, 0.038250268, -0.29159862, -0.10082203), (0.5797186, 0.11793168, -0.32389852, 0.7383141), (0.9999999, -5.9604645e-8, 0, 0), (0.9999999, -5.9604645e-8, 0, 0), (0.9999999, -5.9604645e-8, 0, 0), (0.9999999, -5.9604645e-8, 0, 0), (0.7006576, 0.7073074, -0.07787259, -0.052253306), (0.99727035, 0.021182895, 0.05022204, -0.049800307), (0.8300224, 0.008566499, 0.029762208, 0.5568687), (0.7892427, -0.021694392, -0.017755255, 0.6134404), (-0.6877179, -0.022018507, 0.05706945, -0.7233958), (0.99950516, -0.01939708, 0.015593082, -0.0192146), (0.8551267, -0.01829803, -0.013212353, 0.51792705), (-0.71765167, -0.027887061, 0.035797406, -0.6949222), (0.82326293, 0.023335576, -0.050025046, 0.5649702), (0.9999997, -0.000011175871, 0.0000014007092, 0.0000023543835), (0.9968029, 0.009314626, -0.05429393, 0.057866305), (-0.89700156, 0.059408605, -0.15856615, -0.40830734), (0.7015321, -0.014383316, 0.12694418, 0.7010921), (0.73937714, 0.034909666, 0.15941305, 0.65321445), (0.9890744, -0.13813527, -0.040842235, 0.031330734), (0.875589, 0.09415756, 0.034893543, 0.4725039), (-0.69655657, 0.007563144, -0.06059324, -0.7148982), (0.74167067, -0.0008160323, 0.06608334, 0.6675001), (0.8104726, 0.38061744, 0.4441995, -0.030838162), (0.97981, 0.093247876, -0.07411939, 0.16057318), (0.95005536, 0.073057525, 0.013531148, 0.30310825), (0.9518434, -0.004594125, 0.004442863, 0.30651844), (-0.05485747, -0.99830294, 0.0023538182, -0.01937455), (0.99999976, -2.9802322e-8, 0, -2.9802322e-8), (0.99999976, -2.9802322e-8, 0, -2.9802322e-8), (0.99999976, -2.9802322e-8, 0, -2.9802322e-8), (0.98774385, -0.14928803, 0.013603061, 0.04347793), (0.9999328, -0.0019029761, 0.008131996, 0.00804466), (0.999982, -0.0018840805, 0.001677379, 0.0054709055), (0.99602914, -0.021526176, 0.038122, -0.0775213), (0.51130694, -0.48755786, -0.47603887, -0.5236787), (0.47614545, -0.5227676, -0.5115029, -0.48822656), (1.0000008, 0, -7.450581e-9, -4.656613e-10), (0.51150334, -0.4882257, -0.47614485, -0.522768), (1, -7.450581e-9, 0, 0), (0.47664315, -0.52231866, -0.4766381, -0.5223133), (0.046568453, 0.67689645, 0.066554606, 0.7315825), (0.80659664, 0.06752512, -0.52595884, 0.26116928), (0.5359364, -0.16055256, 0.15513876, 0.81420326), (0.99999994, 1.4901161e-8, -5.9604645e-8, -2.6077032e-8), (0.99999994, 1.4901161e-8, -5.9604645e-8, -2.6077032e-8), (0.99999994, 1.4901161e-8, -5.9604645e-8, -2.6077032e-8), (0.99999994, 1.4901161e-8, -5.9604645e-8, -2.6077032e-8), (0.6710054, 0.7294892, 0.11425266, -0.06740558), (0.9967809, 0.016641825, 0.052195728, -0.058535427), (0.7955599, -0.106463894, 0.093039125, 0.5891466), (-0.7882631, 0.021696031, 0.017998412, -0.6146926), (0.6940366, 0.042779908, -0.07360399, 0.7148887), (0.9993075, -0.019880682, 0.017793268, -0.025930941), (0.8240166, -0.123548955, 0.06523138, 0.5490692), (-0.71979064, -0.027615607, 0.035722464, -0.6927214), (0.82491565, 0.023028135, -0.04997635, 0.56257117), (0.9999999, 0.000011473894, 0, -5.9604645e-8), (0.98636293, -0.11618444, -0.09666115, 0.065160066), (0.89071685, 0.012648523, 0.22155784, 0.3967058), (-0.69963616, 0.013396606, -0.12646317, -0.70309097), (0.738093, 0.035308212, 0.15993911, 0.6545167), (0.98955846, -0.13729912, -0.037380904, 0.02292183), (0.8765773, 0.049602717, 0.08798149, 0.47054303), (-0.69747204, 0.009736717, -0.060321003, -0.7140022), (0.7470608, -0.037557483, 0.09674883, 0.6566044), (0.811952, 0.36024654, 0.45493865, -0.06314379), (0.98520976, 0.08521236, -0.06334302, 0.13449265), (0.9612361, 0.12651235, 0.034633756, 0.2425296), (0.9623579, -0.012163922, 0.004997343, 0.27146834), (0.9983034, -0.05485773, -0.019368947, -0.0023465455), (0.99999976, -1.3411045e-7, 0, 0), (0.99999976, -1.3411045e-7, 0, 0), (0.99999976, -1.3411045e-7, 0, 0), (0.47665122, -0.52230966, -0.4766476, -0.5223057), (0.22679693, -0.0075875646, -0.020298183, 0.973701), (0.9997573, -0.004031307, 0.01238136, 0.017771747), (0.045709126, 0.9984337, -0.023761623, -0.021818787), (0.0063779354, 0.58089894, 0.813886, 0.010251015), (0.99999475, -0.000040389597, -0.000021994114, 0.0032212036), (0.9999994, 2.9802322e-7, -0.0000011473894, -0.0011720955), (0.52518606, -0.5141535, 0.49726513, 0.46103486), (0.9999988, 2.2538006e-7, 6.109476e-7, -0.0014619492), (0.9999892, -0.0046176836, 7.599592e-7, -7.0780516e-8), (0.9999572, -0.009235045, 0.0000020563602, 8.568168e-8), (0.999902, -0.013992252, 0.0000024959445, 1.1175871e-8), (1.0000001, 2.1513551e-7, 5.9604645e-7, -2.2351742e-8), (1.0000001, -2.142042e-8, 0.0000014454126, 3.7252903e-8), (1.0000001, 6.64033e-7, 0.0000013262033, 3.7252903e-8), (0.982376, 0.029787483, 0.02859968, 0.18229748), (0.97635496, -0.0923016, 0.03271362, 0.19272141), (-0.039060295, 0.93825585, 0.34306586, -0.021365017), (0.0075636506, 0.8108623, 0.58518815, 0.0007864237), (0.9999892, -0.00009290129, -0.00002360344, 0.004696995), (0.99999976, 1.6763806e-7, -0.0000011026859, -0.0011720732), (0.514155, 0.5251872, 0.46103358, -0.49726462), (0.99999905, 3.008172e-7, 6.556511e-7, -0.001461938), (0.99998945, -0.0046174834, 1.1920929e-7, -1.1175871e-8), (0.9999572, -0.009235057, 5.9604645e-8, -8.195639e-8), (0.9999022, -0.013992208, 1.1920929e-7, 2.2351742e-8), (1.0000001, 1.4528632e-7, -5.9604645e-8, -2.9802322e-8), (1.0000001, 0, 0, 0), (1.0000002, 6.109476e-7, 0, -1.8626451e-8), (0.4999928, -0.50000846, -0.4999918, -0.50000715), (0.4999928, -0.50000846, -0.4999918, -0.50000715), (0.4999928, -0.50000846, -0.4999918, -0.50000715), (0.4999928, -0.50000846, -0.4999918, -0.50000715)],
                12: [(1, 0.00007734267, 0.00009718396, 0.00000767785), (0.44254884, 0.554214, 0.46241227, 0.53213924), (0.9992496, 0.034163147, 0.0024791956, 0.018079624), (0.99894786, 0.041260872, -0.007126346, 0.018700533), (0.9990975, 0.04118713, -0.006965749, 0.007689938), (0.9979329, 0.06254915, -0.009605527, 0.011177629), (0.6847956, 0.11932035, -0.6923934, -0.19341236), (0.9410844, 0.043424994, -0.3167578, -0.11017534), (0.57196796, 0.13134263, -0.338201, 0.73567766), (1, -5.9604645e-8, 0, 0), (1, -5.9604645e-8, 0, 0), (1, -5.9604645e-8, 0, 0), (1, -5.9604645e-8, 0, 0), (0.74842906, 0.6598243, -0.053744763, -0.039959878), (0.997311, 0.021121651, 0.048655003, -0.05055797), (0.8300222, 0.008568943, 0.029743522, 0.55686945), (0.7892425, -0.021689862, -0.017756393, 0.6134403), (-0.6877183, -0.022016764, 0.057061046, -0.72339606), (0.9994927, -0.019489884, 0.014597595, -0.020503342), (0.8548523, -0.018597692, -0.013673633, 0.5183568), (-0.717689, -0.027868688, 0.035798866, -0.69488376), (0.82326293, 0.023334682, -0.050032735, 0.56496865), (0.9999995, -0.000011175871, 0.0000014305115, 0.0000023543835), (0.9967649, 0.009007454, -0.055829555, 0.057101727), (-0.89700055, 0.05941516, -0.15854383, -0.40831658), (0.7015355, -0.01437816, 0.12693848, 0.7010893), (0.7393765, 0.034910932, 0.15941194, 0.65321493), (0.9890094, -0.13839367, -0.04225707, 0.030348688), (0.8755933, 0.09416708, 0.034874827, 0.47249544), (-0.69654965, 0.007568598, -0.060603756, -0.71490395), (0.7416736, -0.000821501, 0.06607863, 0.66749704), (0.81051314, 0.38188314, 0.44322485, -0.028016895), (0.980049, 0.09298171, -0.076298565, 0.15823057), (0.9500625, 0.07305635, 0.0135264695, 0.30308598), (0.95184314, -0.004593678, 0.004444614, 0.30651906), (-0.05485749, -0.99830294, 0.0023537446, -0.019374602), (0.9999999, 0, 0, -2.9802322e-8), (0.9999999, 0, 0, -2.9802322e-8), (0.9999999, 0, 0, -2.9802322e-8), (0.9877051, -0.15105408, 0.007562965, 0.0395395), (0.99990535, -0.002037784, 0.009321198, 0.009874277), (0.99996674, -0.0020122342, 0.0028663278, 0.0073018707), (0.9962924, -0.015230569, 0.03584791, -0.07670523), (0.5113067, -0.48755762, -0.4760387, -0.5236785), (0.4761452, -0.52276736, -0.5115026, -0.48822626), (1.0000004, 0, -7.450581e-9, -9.313226e-10), (0.5115031, -0.48822546, -0.4761446, -0.52276766), (0.99999946, -1.4901161e-8, 0, 0), (0.4766429, -0.5223183, -0.47663784, -0.522313), (0.02855964, 0.6654278, 0.07089928, 0.7425382), (0.8071346, 0.07005283, -0.5404314, 0.22706816), (0.52121127, -0.14859988, 0.14309844, 0.8281181), (0.99999976, 0, 0, -2.9802322e-8), (0.99999976, 0, 0, -2.9802322e-8), (0.99999976, 0, 0, -2.9802322e-8), (0.99999976, 0, 0, -2.9802322e-8), (0.6901126, 0.71220297, 0.12419507, -0.03297046), (0.9967885, 0.01672861, 0.052289844, -0.058297217), (0.79555976, -0.10649951, 0.09300865, 0.5891451), (-0.7882635, 0.021684676, 0.01802744, -0.6146915), (0.69403666, 0.042799264, -0.0735929, 0.71488845), (0.99931407, -0.019783497, 0.017875046, -0.025693536), (0.82401556, -0.12358299, 0.06520146, 0.5490663), (-0.7197906, -0.027624935, 0.035749793, -0.69271904), (0.8249156, 0.023044795, -0.04996556, 0.56257087), (0.9999999, 0.000011444092, 0, -8.940697e-8), (0.98636746, -0.11605406, -0.09661931, 0.065386474), (0.8907191, 0.01262033, 0.22153988, 0.39671177), (-0.6996425, 0.013388634, -0.1264371, -0.70308954), (0.7380902, 0.03532487, 0.15994933, 0.65451646), (0.9895704, -0.13718727, -0.03733346, 0.02315998), (0.8765825, 0.04957205, 0.08795218, 0.4705422), (-0.6974749, 0.009726226, -0.06029533, -0.71400166), (0.7470584, -0.03753963, 0.096758276, 0.65660655), (0.812719, 0.36034214, 0.45348537, -0.063185036), (0.98540246, 0.08538182, -0.061562255, 0.13379675), (0.96121436, 0.12647411, 0.03457029, 0.24264337), (0.9623564, -0.012165263, 0.004993409, 0.27147213), (0.99830353, -0.05485767, -0.019368947, -0.0023464859), (0.99999976, -1.1920929e-7, 7.450581e-9, 0), (0.99999976, -1.1920929e-7, 7.450581e-9, 0), (0.99999976, -1.1920929e-7, 7.450581e-9, 0), (0.47665107, -0.52230954, -0.47664753, -0.5223056), (0.20899966, -0.0070017716, -0.02952981, 0.9774447), (0.9990492, -0.0031957328, 0.022390343, 0.03727441), (0.0058806613, 0.9996097, -0.027017133, 0.004000455), (0.0025960803, 0.63242394, 0.77455676, 0.009750813), (0.9999926, -0.000049702823, -0.0000018775463, 0.0038375445), (0.9999995, 3.1851232e-7, -0.0000011250377, -0.0011720881), (0.5251861, -0.51415354, 0.49726516, 0.4610349), (0.999999, 2.2910535e-7, 5.736947e-7, -0.0014619194), (0.99998933, -0.0046176743, 7.674098e-7, -1.1175871e-8), (0.9999573, -0.009235041, 0.0000019967556, 8.568168e-8), (0.99990225, -0.01399228, 0.000002488494, 2.2351742e-8), (1.0000002, 2.2631139e-7, 6.4074993e-7, 1.4901161e-8), (1.0000002, 2.188608e-8, 0.000001437962, 2.9802322e-8), (1.0000002, 6.770715e-7, 0.0000013411045, 5.2154064e-8), (0.99657667, 0.03355237, -0.00082680583, 0.07555452), (0.8911558, -0.07637514, 0.06479964, 0.442503), (-0.032807775, 0.9700407, 0.24038011, -0.012722045), (0.01216495, 0.7930033, 0.6090909, 0.0024302304), (0.99999285, -0.000021854416, -0.000004723668, 0.0037835613), (0.9999994, 1.6763806e-7, -0.0000011324883, -0.0011720657), (0.51415473, 0.52518696, 0.4610334, -0.49726442), (0.99999857, 2.8935028e-7, 6.2584877e-7, -0.0014619315), (0.99998915, -0.004617483, 2.9802322e-8, -1.6763806e-8), (0.99995697, -0.009235066, 1.1920929e-7, -9.313226e-8), (0.9999019, -0.013992206, 8.940697e-8, 1.3038516e-8), (1, 1.4808029e-7, -7.4505806e-8, -4.4703484e-8), (1, 0, 0, 0), (1.0000001, 6.388873e-7, 1.4901161e-8, -2.9802322e-8), (0.4999927, -0.50000834, -0.49999177, -0.50000715), (0.4999927, -0.50000834, -0.49999177, -0.50000715), (0.4999927, -0.50000834, -0.49999177, -0.50000715), (0.4999927, -0.50000834, -0.49999177, -0.50000715)],
                13: [(1, 0.00015474422, 0.00023551904, 0.000048411453), (0.43233067, 0.5562824, 0.46339604, 0.5374983), (0.999409, 0.02811591, -0.0024095848, 0.019637184), (0.99909985, 0.03610871, -0.01014366, 0.019830208), (0.9992938, 0.03611568, -0.0068292767, 0.007829323), (0.998336, 0.055856742, -0.011425242, 0.008669987), (0.6736444, 0.1139732, -0.7040202, -0.19382766), (0.9309748, 0.04446304, -0.35546649, -0.07037541), (0.5834045, 0.10087453, -0.29582924, 0.74963236), (1.0000001, -5.9604645e-8, -2.9802322e-8, 2.9802322e-8), (1.0000001, -5.9604645e-8, -2.9802322e-8, 2.9802322e-8), (1.0000001, -5.9604645e-8, -2.9802322e-8, 2.9802322e-8), (1.0000001, -5.9604645e-8, -2.9802322e-8, 2.9802322e-8), (0.77368397, 0.6284815, -0.045384496, -0.066061646), (0.99728894, 0.021454364, 0.047510266, -0.05193281), (0.8300219, 0.008576155, 0.029764831, 0.5568696), (0.7892426, -0.021701813, -0.017761484, 0.61344063), (-0.68771684, -0.022028804, 0.05708134, -0.7233963), (0.9995398, -0.01933521, 0.012880802, -0.019495696), (0.85609204, -0.01818806, -0.01312992, 0.51633584), (-0.7177177, -0.027921945, 0.03580127, -0.69485223), (0.82326394, 0.02332586, -0.050017685, 0.5649695), (0.99999994, -0.000011146069, 0.0000013709068, 0.0000023245811), (0.9967781, 0.0090786815, -0.05699402, 0.055698544), (-0.89699554, 0.059405357, -0.1585986, -0.4083089), (0.70153373, -0.014396787, 0.12693298, 0.70109236), (0.7393774, 0.034910128, 0.15941426, 0.6532142), (0.98903203, -0.13828158, -0.04318419, 0.028784364), (0.87558234, 0.09417173, 0.034888387, 0.47251382), (-0.6965647, 0.0075541437, -0.06060095, -0.7148897), (0.7416667, -0.0008228123, 0.06609008, 0.6675034), (0.8105994, 0.38379085, 0.44154254, -0.025955886), (0.98038495, 0.092800125, -0.077543825, 0.15563089), (0.9500679, 0.07305286, 0.013525665, 0.3030704), (0.951844, -0.004594855, 0.0044425875, 0.306517), (-0.054857474, -0.9983033, 0.002353806, -0.019374607), (1.0000001, 0, 0, -2.9802322e-8), (1.0000001, 0, 0, -2.9802322e-8), (1.0000001, 0, 0, -2.9802322e-8), (0.9891342, -0.14350483, 0.0076547563, 0.031014495), (0.999936, -0.0017540948, 0.00831981, 0.0075075626), (0.999985, -0.0017416943, 0.0018655509, 0.004933268), (0.9962714, -0.0058206525, 0.033535443, -0.079281665), (0.51130706, -0.48755792, -0.47603896, -0.52367884), (0.4761455, -0.5227677, -0.511503, -0.48822665), (1.0000011, 0, -7.450581e-9, -4.656613e-10), (0.51150346, -0.48822585, -0.47614497, -0.5227681), (1.0000004, -7.450581e-9, 0, 4.656613e-10), (0.47664326, -0.5223187, -0.47663814, -0.52231336), (0.01741989, 0.6623938, 0.07415587, 0.74527335), (0.8062093, 0.07491231, -0.5567532, 0.18558285), (0.51743686, -0.13072343, 0.10173389, 0.8395363), (1.0000001, 0, -2.9802322e-8, -2.2351742e-8), (1.0000001, 0, -2.9802322e-8, -2.2351742e-8), (1.0000001, 0, -2.9802322e-8, -2.2351742e-8), (1.0000001, 0, -2.9802322e-8, -2.2351742e-8), (0.711939, 0.692191, 0.11823362, 0.0059739947), (0.9967978, 0.01685372, 0.05237049, -0.05803293), (0.7955602, -0.10650134, 0.09301932, 0.58914274), (-0.788262, 0.0216811, 0.018039495, -0.61469316), (0.69403756, 0.042807743, -0.073590904, 0.71488726), (0.99932265, -0.019646585, 0.017941713, -0.025430888), (0.82401574, -0.12358531, 0.065212324, 0.5490651), (-0.71978897, -0.027628243, 0.03576204, -0.6927209), (0.82491726, 0.023052663, -0.049963176, 0.56256986), (1.0000001, 0.000011473894, -2.9802322e-8, -1.1920929e-7), (0.9863745, -0.115881264, -0.09658837, 0.06563607), (0.890718, 0.012610555, 0.22154716, 0.39671126), (-0.69964033, 0.013381153, -0.1264222, -0.7030949), (0.73809046, 0.03533387, 0.15995204, 0.6545151), (0.9895868, -0.13703379, -0.037305117, 0.023419559), (0.8765812, 0.049568385, 0.087963626, 0.47054324), (-0.6974746, 0.009721667, -0.060282707, -0.71400344), (0.7470589, -0.037531763, 0.09676075, 0.65660644), (0.812473, 0.359733, 0.45429665, -0.063990355), (0.9852078, 0.085431844, -0.061631784, 0.13516107), (0.96121407, 0.12647347, 0.034572095, 0.24264523), (0.9623568, -0.012163192, 0.004992485, 0.2714713), (0.99830365, -0.0548577, -0.019368976, -0.0023465157), (1, -1.0430813e-7, -7.450581e-9, 0), (1, -1.0430813e-7, -7.450581e-9, 0), (1, -1.0430813e-7, -7.450581e-9, 0), (0.47665125, -0.5223098, -0.4766477, -0.52230585), (0.25394845, -0.009352857, -0.02492407, 0.9668515), (0.9686591, -0.0000072745606, 0.022321982, 0.24738923), (0.008711476, 0.99572325, -0.09177591, 0.006039709), (0.000032037497, 0.7258305, 0.6878736, 0.000025779009), (0.9999912, 0.0000038612634, -0.000032186508, 0.0042098537), (0.9999994, 3.46452e-7, -0.0000011149677, -0.0011721142), (0.52518606, -0.5141535, 0.49726516, 0.46103486), (0.99999887, 2.2538006e-7, 5.736947e-7, -0.0014619567), (0.9999893, -0.0046176948, 7.748604e-7, -5.2154064e-8), (0.9999573, -0.009235077, 0.0000020489097, 8.940697e-8), (0.9999021, -0.013992265, 0.000002488494, -2.6077032e-8), (1.0000004, 1.9767322e-7, 5.9604645e-7, -1.8626451e-8), (1.0000002, 1.6763806e-8, 0.0000014454126, 3.7252903e-9), (1.0000002, 6.761402e-7, 0.0000013411045, 2.6077032e-8), (0.9988727, 0.022904336, -0.023075357, -0.034589328), (0.77428114, -0.05687523, 0.08008811, 0.6251718), (-0.010466345, 0.98006916, 0.19791946, -0.013520926), (0.0060773194, 0.75396013, 0.65689003, 0.0015933812), (0.9999932, -0.000009389594, 0.000024437904, 0.0036497489), (0.9999994, 1.7508864e-7, -0.0000011324883, -0.0011720695), (0.5141548, 0.52518696, 0.46103343, -0.49726444), (0.9999989, 2.8545037e-7, 6.556511e-7, -0.001461935), (0.9999894, -0.0046174875, 1.1920929e-7, -2.6542693e-8), (0.9999571, -0.009235065, 8.940697e-8, -9.1735274e-8), (0.99990207, -0.013992198, 1.1920929e-7, 1.7695129e-8), (1, 1.4901161e-7, -2.9802322e-8, -2.2351742e-8), (1, 0, 0, 0), (1.0000001, 6.109476e-7, -2.2351742e-8, 1.4901161e-8), (0.49999282, -0.50000834, -0.49999183, -0.5000072), (0.49999282, -0.50000834, -0.49999183, -0.5000072), (0.49999282, -0.50000834, -0.49999183, -0.5000072), (0.49999282, -0.50000834, -0.49999183, -0.5000072)],
                14: [(0.99999994, 0.0000993914, 0.0003702963, 0.00013166618), (0.4270282, 0.5538031, 0.46579328, 0.54220456), (0.99957395, 0.020010885, -0.0068898574, 0.020098845), (0.9993989, 0.023752935, -0.013386667, 0.021405905), (0.99965316, 0.02394988, -0.006685078, 0.008673966), (0.99893254, 0.041722797, -0.013318256, 0.014688127), (0.6576425, 0.11300662, -0.72113883, -0.1862646), (0.92381865, 0.045823902, -0.37952012, -0.020575702), (0.6010702, 0.06628318, -0.24604417, 0.7574848), (1.0000001, -4.4703484e-8, -2.9802322e-8, 1.4901161e-8), (1.0000001, -4.4703484e-8, -2.9802322e-8, 1.4901161e-8), (1.0000001, -4.4703484e-8, -2.9802322e-8, 1.4901161e-8), (1.0000001, -4.4703484e-8, -2.9802322e-8, 1.4901161e-8), (0.7742356, 0.6168233, -0.08876389, -0.11049515), (0.9970493, 0.021050304, 0.048629373, -0.05554399), (0.8300539, 0.008579433, 0.02984181, 0.5568182), (0.7892434, -0.021699578, -0.017756324, 0.6134403), (-0.68771696, -0.022025257, 0.057081014, -0.7233965), (0.99943995, -0.019838452, 0.014136434, -0.022941768), (0.85619915, -0.018158644, -0.013012081, 0.516163), (-0.71768606, -0.02791065, 0.035798732, -0.6948862), (0.8232643, 0.023332387, -0.050014853, 0.56496966), (1.0000001, -0.000011175871, 0.0000014007092, 0.0000022947788), (0.99704444, 0.0084296465, -0.05576235, 0.05217299), (-0.8970132, 0.05939901, -0.15866622, -0.4082458), (0.7015284, -0.0143892765, 0.12694564, 0.7010964), (0.73937833, 0.034907356, 0.15941268, 0.65321445), (0.9891114, -0.13889614, -0.041461557, 0.02545026), (0.875599, 0.094162226, 0.034986973, 0.4724787), (-0.69656676, 0.0075522065, -0.060585618, -0.7148899), (0.74166596, -0.00081279874, 0.06609017, 0.6675055), (0.81018555, 0.38491577, 0.4411084, -0.029376715), (0.98041385, 0.09288843, -0.07762715, 0.15535478), (0.9500605, 0.07306367, 0.013540119, 0.30309075), (0.95184374, -0.0045939684, 0.004441485, 0.30651784), (-0.0548575, -0.9983034, 0.0023538005, -0.019374572), (0.9999999, 0, 2.9802322e-8, 0), (0.9999999, 0, 2.9802322e-8, 0), (0.9999999, 0, 2.9802322e-8, 0), (0.9937238, -0.106953256, 0.021008551, 0.025151089), (0.99996746, -0.0013564839, 0.007235959, 0.003247274), (0.9999984, -0.0013685664, 0.000782609, 0.00067023), (0.9964067, -0.0025400228, 0.018907428, -0.08251906), (0.5113068, -0.4875577, -0.47603878, -0.5236786), (0.47614527, -0.5227675, -0.51150274, -0.48822635), (1.0000005, -7.450581e-9, -7.450581e-9, -4.656613e-10), (0.5115032, -0.48822558, -0.47614467, -0.52276784), (0.99999976, -1.4901161e-8, 0, -2.3283064e-10), (0.476643, -0.5223185, -0.4766379, -0.52231306), (0.009370502, 0.66211367, 0.08836615, 0.7441161), (0.7936921, 0.09097323, -0.5802381, 0.15843043), (0.52171826, -0.11416145, 0.04946074, 0.84399694), (1, 0, -2.9802322e-8, -2.2351742e-8), (1, 0, -2.9802322e-8, -2.2351742e-8), (1, 0, -2.9802322e-8, -2.2351742e-8), (1, 0, -2.9802322e-8, -2.2351742e-8), (0.70558316, 0.69773877, 0.123616666, -0.005678594), (0.99680907, 0.017349392, 0.051262707, -0.05867833), (0.7955544, -0.10652736, 0.0930292, 0.5891444), (-0.78826004, 0.02167663, 0.018054992, -0.6146954), (0.69403875, 0.04281798, -0.073586315, 0.71488583), (0.9993321, -0.019211829, 0.01684308, -0.026131779), (0.8240094, -0.123607814, 0.06522074, 0.5490684), (-0.7197866, -0.027631491, 0.035775185, -0.6927223), (0.824918, 0.023061186, -0.049958855, 0.56256807), (1.0000002, 0.000011473894, 0, -5.9604645e-8), (0.9863552, -0.11563763, -0.09763941, 0.0647946), (0.8907187, 0.012596339, 0.2215451, 0.396711), (-0.6996359, 0.013375074, -0.12642029, -0.7030996), (0.7380905, 0.035339028, 0.15995502, 0.6545141), (0.9896137, -0.13669741, -0.03833151, 0.022571623), (0.87657857, 0.049548894, 0.08796939, 0.47054908), (-0.6974733, 0.009717673, -0.060272947, -0.7140057), (0.747059, -0.03752336, 0.09676364, 0.65660673), (0.8110399, 0.3598631, 0.45676944, -0.06383473), (0.9847468, 0.08513018, -0.06520359, 0.13702348), (0.9612186, 0.1264697, 0.03457454, 0.24262998), (0.9623579, -0.0121616125, 0.0049925745, 0.27146852), (0.9983038, -0.05485767, -0.019368947, -0.0023465157), (0.9999999, -1.1920929e-7, 7.450581e-9, 0), (0.9999999, -1.1920929e-7, 7.450581e-9, 0), (0.9999999, -1.1920929e-7, 7.450581e-9, 0), (0.47665116, -0.5223096, -0.47664756, -0.5223057), (0.2631635, -0.0032904274, -0.02165085, 0.9645027), (0.91388214, 0.003945589, 0.028235946, 0.4049775), (0.012020402, 0.9702544, -0.24175903, 0.0038232803), (0.00004374981, 0.7209915, 0.69294417, -0.00011625886), (0.9999931, 0.000003115274, 0.0000050365925, 0.003750964), (0.99999964, 2.9988587e-7, -0.0000011380762, -0.0011720993), (0.52518624, -0.51415366, 0.49726534, 0.46103498), (0.999999, 2.0675361e-7, 6.2584877e-7, -0.0014619268), (0.9999894, -0.00461765, 7.599592e-7, -4.0978193e-8), (0.99995744, -0.009235027, 0.0000019967556, 4.4703484e-8), (0.99990225, -0.013992265, 0.000002488494, 7.450581e-9), (1.0000002, 1.9930303e-7, 6.109476e-7, -5.2154064e-8), (1.0000002, 1.9557774e-8, 0.0000014454126, 1.4901161e-8), (1.0000002, 6.798655e-7, 0.0000014007092, 2.6077032e-8), (0.98243994, 0.009535387, -0.048592865, -0.17988797), (0.6136334, -0.02881305, 0.08830798, 0.7841082), (0.01778394, 0.97730845, 0.20940398, -0.026500195), (0.00036936998, 0.70905256, 0.70515585, 0.00010687113), (0.9999937, -0.000009380281, 0.00002925098, 0.0035794973), (0.9999997, 1.8253922e-7, -0.0000011324883, -0.0011720713), (0.5141549, 0.52518713, 0.46103355, -0.49726456), (0.9999991, 2.8777868e-7, 6.854534e-7, -0.001461938), (0.9999895, -0.004617487, 1.1920929e-7, -3.0733645e-8), (0.9999573, -0.009235065, 8.940697e-8, -9.033829e-8), (0.99990225, -0.0139922, 5.9604645e-8, 1.4901161e-8), (1.0000001, 1.527369e-7, -7.4505806e-8, -7.450581e-9), (1, 0, 0, 0), (1.0000001, 6.2584877e-7, -4.4703484e-8, 3.3527613e-8), (0.4999927, -0.5000084, -0.49999177, -0.50000715), (0.4999927, -0.5000084, -0.49999177, -0.50000715), (0.4999927, -0.5000084, -0.49999177, -0.50000715), (0.4999927, -0.5000084, -0.49999177, -0.50000715)],
                15: [(0.99999994, -0.000072723284, 0.0003614914, 0.000028596805), (0.43467665, 0.5412085, 0.4726564, 0.5429046), (0.99948263, 0.008223733, -0.016473636, 0.026367158), (0.99953526, 0.007475785, -0.013697766, 0.026182812), (0.9999423, 0.007527489, -0.004068017, 0.0064996257), (0.9996655, 0.01937901, -0.0060306042, 0.016036097), (0.6425129, 0.12141392, -0.7367991, -0.1719389), (0.9111232, 0.055431575, -0.40648627, 0.039381742), (0.6350184, 0.03451582, -0.17231043, 0.752243), (1.0000001, -2.9802322e-8, -2.9802322e-8, 1.4901161e-8), (1.0000001, -2.9802322e-8, -2.9802322e-8, 1.4901161e-8), (1.0000001, -2.9802322e-8, -2.9802322e-8, 1.4901161e-8), (1.0000001, -2.9802322e-8, -2.9802322e-8, 1.4901161e-8), (0.74323326, 0.6424862, -0.10217616, -0.15612713), (0.99677855, 0.020270765, 0.050468385, -0.05894345), (0.8300226, 0.0085455775, 0.029830694, 0.55686545), (0.7892413, -0.021709532, -0.01775919, 0.6134418), (-0.68771553, -0.022033691, 0.057091713, -0.7233962), (0.9993112, -0.020675033, 0.016144156, -0.026239246), (0.8561703, -0.018184423, -0.013042957, 0.5162085), (-0.7176836, -0.027923286, 0.035789307, -0.6948882), (0.82326424, 0.023325354, -0.050005615, 0.56497025), (0.9999999, -0.000011175871, 0.0000014007092, 0.0000023245811), (0.9973259, 0.0075169206, -0.053806394, 0.048879147), (-0.89698446, 0.059432894, -0.15867198, -0.40830082), (0.7015305, -0.014406562, 0.12693597, 0.7010948), (0.7393781, 0.034906283, 0.15941116, 0.65321416), (0.98915255, -0.13981497, -0.039039105, 0.022463053), (0.87557495, 0.09413335, 0.034953445, 0.47253078), (-0.69657326, 0.0075472593, -0.060591135, -0.7148825), (0.74166083, -0.0008172393, 0.066096514, 0.66751), (0.8095226, 0.38563278, 0.4414245, -0.033245444), (0.9804075, 0.09282614, -0.07760474, 0.15544394), (0.95005894, 0.073061556, 0.013542026, 0.30309612), (0.95184433, -0.0045946985, 0.004441038, 0.3065166), (-0.05485751, -0.9983033, 0.002353765, -0.019374616), (1.0000001, 0, 0, -1.4901161e-8), (1.0000001, 0, 0, -1.4901161e-8), (1.0000001, 0, 0, -1.4901161e-8), (0.998129, -0.049975447, 0.01868701, 0.029867738), (0.99999976, 0.00011842977, 0.00092945993, 0.00012607314), (0.99998194, 0.000102496706, -0.0055200458, -0.0024602115), (0.99693453, 0.00056614226, 0.009799406, -0.07762446), (0.511307, -0.4875579, -0.4760389, -0.5236787), (0.4761455, -0.52276766, -0.5115029, -0.4882265), (1.000001, 0, -7.450581e-9, -2.0372681e-10), (0.5115034, -0.48822576, -0.47614488, -0.522768), (1.0000001, -7.450581e-9, 3.7252903e-9, -1.1641532e-10), (0.47664317, -0.5223186, -0.4766381, -0.5223133), (0.01414869, 0.6817261, 0.14310801, 0.7173349), (0.80814236, 0.09076616, -0.5673047, 0.12974115), (0.5472157, -0.058436885, -0.049187392, 0.8334992), (1, 0, -2.9802322e-8, -2.2351742e-8), (1, 0, -2.9802322e-8, -2.2351742e-8), (1, 0, -2.9802322e-8, -2.2351742e-8), (1, 0, -2.9802322e-8, -2.2351742e-8), (0.6829756, 0.7260595, 0.07513541, -0.027149111), (0.9968288, 0.017749697, 0.050584316, -0.05881402), (0.7955531, -0.10654485, 0.093042016, 0.5891413), (-0.7882571, 0.021618158, 0.01807496, -0.61470133), (0.6940432, 0.04282826, -0.07354757, 0.7148857), (0.999346, -0.018839478, 0.016156644, -0.026306331), (0.82400465, -0.12362394, 0.06523347, 0.54907066), (-0.71978045, -0.027687162, 0.03579621, -0.6927257), (0.8249217, 0.023068279, -0.04992342, 0.562566), (1.0000002, 0.000011533499, 0, -1.1920929e-7), (0.9863385, -0.115361035, -0.09832418, 0.06450707), (0.8907125, 0.012580842, 0.22153369, 0.3967321), (-0.6996322, 0.013304889, -0.12641296, -0.70310605), (0.73809326, 0.03534627, 0.15998977, 0.6545022), (0.98963845, -0.13637275, -0.03900975, 0.02229327), (0.87657136, 0.04953447, 0.08798197, 0.4705621), (-0.6974732, 0.009660572, -0.06025742, -0.714008), (0.74705917, -0.037513435, 0.0967989, 0.6566017), (0.8101038, 0.36000794, 0.45838302, -0.063338995), (0.9844722, 0.08491086, -0.06751698, 0.1380089), (0.9612227, 0.12648496, 0.034617096, 0.24260005), (0.9623592, -0.012159638, 0.0049874783, 0.2714647), (0.9983038, -0.0548577, -0.019368917, -0.0023465157), (0.9999999, -1.3411045e-7, 1.4901161e-8, 0), (0.9999999, -1.3411045e-7, 1.4901161e-8, 0), (0.9999999, -1.3411045e-7, 1.4901161e-8, 0), (0.47665122, -0.5223097, -0.47664762, -0.5223058), (0.15015343, -0.0073310356, -0.011653274, 0.98856676), (0.9280982, -0.008774468, 0.030824147, 0.37095308), (0.0018917769, 0.955297, -0.2954157, 0.01154393), (-0.00044441223, 0.7144578, 0.69967824, 0.00040358305), (0.9999932, 0.0000016859267, 2.0861626e-7, 0.003707556), (0.99999946, 3.4691766e-7, -0.0000011380762, -0.0011720955), (0.5251861, -0.51415354, 0.49726522, 0.4610349), (0.99999857, 2.3003668e-7, 5.662441e-7, -0.0014618877), (0.99998903, -0.0046176985, 8.046627e-7, 7.450581e-9), (0.99995697, -0.009235039, 0.0000019967556, 2.6077032e-8), (0.99990183, -0.013992268, 0.000002503395, 1.1175871e-8), (1, 2.3376197e-7, 6.444752e-7, -1.1175871e-8), (1, -2.7008355e-8, 0.0000014156103, 1.3038516e-8), (1, 6.4074993e-7, 0.0000012926757, -5.5879354e-9), (0.9535683, 0.00028222613, -0.05752034, -0.29563296), (0.60412335, -0.021308623, 0.06894098, 0.79361695), (0.043258592, 0.9725608, 0.22634256, -0.031987607), (0.00004464388, 0.70726734, 0.7069464, 0.000027477741), (0.9999931, 0.000002577901, 0.000014349818, 0.0037233382), (0.99999964, 1.7695129e-7, -0.0000011622906, -0.0011720653), (0.5141549, 0.525187, 0.46103352, -0.49726456), (0.9999988, 2.9057264e-7, 6.2584877e-7, -0.001461931), (0.9999893, -0.00461749, 8.940697e-8, -2.8871e-8), (0.9999571, -0.009235063, 8.940697e-8, -9.732321e-8), (0.99990195, -0.013992197, 1.1920929e-7, 1.6647391e-8), (1.0000001, 1.6018748e-7, -5.9604645e-8, -2.7939677e-8), (1, 0, 0, 0), (1.0000002, 6.4074993e-7, -1.4901161e-8, 1.8626451e-9), (0.4999927, -0.5000083, -0.49999171, -0.5000071), (0.4999927, -0.5000083, -0.49999171, -0.5000071), (0.4999927, -0.5000083, -0.49999171, -0.5000071), (0.4999927, -0.5000083, -0.49999171, -0.5000071)],
                16: [(1, 0.00013256185, 0.00015305512, -0.00001573817), (0.45166066, 0.53001845, 0.4590274, 0.55170375), (0.9995331, 0.0078340005, -0.018107973, 0.023327146), (0.99951804, -0.0126261925, -0.013009533, 0.025196541), (0.9998772, -0.012533818, -0.0040315986, 0.008496305), (0.9997204, -0.006872924, -0.004239574, 0.022218207), (0.65387017, 0.112392455, -0.7335348, -0.14747179), (0.8910154, 0.061116517, -0.435333, 0.11331803), (0.664101, -0.03125395, -0.081205115, 0.7425618), (0.99999964, -1.4901161e-8, -8.940697e-8, 1.4901161e-8), (0.99999964, -1.4901161e-8, -8.940697e-8, 1.4901161e-8), (0.99999964, -1.4901161e-8, -8.940697e-8, 1.4901161e-8), (0.99999964, -1.4901161e-8, -8.940697e-8, 1.4901161e-8), (0.6915028, 0.6954969, -0.04143724, -0.19076124), (0.99675786, 0.020142883, 0.050756365, -0.05908069), (0.83000696, 0.0085361, 0.02979979, 0.55688965), (0.78924245, -0.021700114, -0.017752092, 0.6134403), (-0.6877177, -0.022015393, 0.05707845, -0.72339517), (0.9993001, -0.02080068, 0.016441643, -0.02636087), (0.8561562, -0.018194288, -0.013067067, 0.5162298), (-0.7176864, -0.027904034, 0.035806652, -0.69488424), (0.82326293, 0.023337364, -0.050016403, 0.5649694), (0.9999993, -0.000011175871, 0.0000014007092, 0.0000023245811), (0.9973489, 0.0073930323, -0.053501308, 0.048752576), (-0.89697844, 0.05941817, -0.15861753, -0.40833566), (0.7015362, -0.014397055, 0.12694621, 0.7010866), (0.73937684, 0.0349105, 0.15941012, 0.6532147), (0.9891496, -0.13993281, -0.03872305, 0.022386193), (0.8755718, 0.09412816, 0.034918517, 0.47253907), (-0.69656354, 0.00755623, -0.06058918, -0.7148912), (0.74166584, -0.00081318617, 0.0660879, 0.6675042), (0.8094213, 0.38558465, 0.4416278, -0.033554822), (0.980399, 0.09278835, -0.0775941, 0.15552306), (0.95005983, 0.0730619, 0.013540775, 0.30309266), (0.9518436, -0.0045937914, 0.004441917, 0.30651757), (-0.054857448, -0.9983028, 0.0023538154, -0.019374572), (0.99999964, 1.4901161e-8, 2.9802322e-8, 1.4901161e-8), (0.99999964, 1.4901161e-8, 2.9802322e-8, 1.4901161e-8), (0.99999964, 1.4901161e-8, 2.9802322e-8, 1.4901161e-8), (0.9983623, 0.030445796, 0.02757658, 0.03981356), (0.9999999, 0.00003933441, 0.00032562017, -0.000043555745), (0.9999777, 0.000024001813, -0.0061242282, -0.0026297248), (0.9964892, -0.002403593, -0.006547451, -0.083428785), (0.5113068, -0.48755774, -0.47603875, -0.52367854), (0.4761453, -0.52276754, -0.51150274, -0.48822638), (1.0000006, 0, -7.450581e-9, -3.4924597e-10), (0.5115032, -0.48822558, -0.47614473, -0.52276784), (0.99999976, -7.450581e-9, 0, 3.9494807e-10), (0.476643, -0.5223185, -0.47663793, -0.5223131), (0.05017712, 0.7155348, 0.16557938, 0.6768125), (0.86720276, 0.07394245, -0.48837173, 0.06312125), (0.56762475, -0.017671198, -0.14035133, 0.811043), (0.99999964, -7.450581e-9, -2.9802322e-8, -2.9802322e-8), (0.99999964, -7.450581e-9, -2.9802322e-8, -2.9802322e-8), (0.99999964, -7.450581e-9, -2.9802322e-8, -2.9802322e-8), (0.99999964, -7.450581e-9, -2.9802322e-8, -2.9802322e-8), (0.6537806, 0.75384384, -0.012259215, -0.06434071), (0.9969294, 0.017881662, 0.050141662, -0.05742532), (0.79555535, -0.10650924, 0.09302929, 0.58914644), (-0.7882624, 0.021665215, 0.018029615, -0.61469406), (0.69403887, 0.042799234, -0.07357976, 0.71488816), (0.99939173, -0.018674314, 0.015657693, -0.024937302), (0.8240097, -0.12359065, 0.06522113, 0.5490712), (-0.71978897, -0.027643502, 0.03575173, -0.69272023), (0.8249171, 0.023043811, -0.04995358, 0.56257033), (0.9999999, 0.000011533499, -2.9802322e-8, -8.940697e-8), (0.9862211, -0.115077555, -0.09897375, 0.06579602), (0.89071506, 0.012615323, 0.22154301, 0.39671898), (-0.6996391, 0.013364196, -0.12644395, -0.70309186), (0.7380903, 0.035322398, 0.15996096, 0.65451306), (0.98961174, -0.1361548, -0.03967303, 0.023586273), (0.87657577, 0.049565017, 0.087970436, 0.4705518), (-0.69747496, 0.00970757, -0.060295954, -0.71400154), (0.7470575, -0.03754002, 0.09677011, 0.6566056), (0.81041116, 0.35954174, 0.45839804, -0.061924756), (0.98448867, 0.08496046, -0.06737697, 0.13792849), (0.96121866, 0.12647137, 0.034564555, 0.24262992), (0.96235764, -0.01216466, 0.004992634, 0.27146938), (0.9983034, -0.05485764, -0.019368917, -0.0023465157), (0.9999996, -1.0430813e-7, -2.9802322e-8, -7.450581e-9), (0.9999996, -1.0430813e-7, -2.9802322e-8, -7.450581e-9), (0.9999996, -1.0430813e-7, -2.9802322e-8, -7.450581e-9), (0.4766511, -0.5223096, -0.47664747, -0.52230567), (-0.0128212795, -0.015157584, -0.008895844, 0.99976337), (0.9742125, -0.035574913, 0.02049835, 0.22186625), (-0.010091141, 0.969471, -0.24477574, 0.010461003), (-0.00445053, 0.673031, 0.7396003, -0.001056999), (0.99999326, 0.0000020954758, 0.0000010728836, 0.0037046839), (0.99999976, 3.3294782e-7, -0.0000011101365, -0.0011721104), (0.5251862, -0.5141536, 0.4972653, 0.461035), (0.99999917, 2.4447218e-7, 5.662441e-7, -0.0014619157), (0.99998957, -0.0046176743, 8.046627e-7, -2.2351742e-8), (0.99995756, -0.00923507, 0.0000019967556, 7.4505806e-8), (0.99990237, -0.013992264, 0.000002503395, -2.2351742e-8), (1.0000002, 2.188026e-7, 6.183982e-7, 4.4237822e-9), (1.0000002, 1.7869752e-8, 0.0000014305115, -9.080395e-9), (1.0000002, 6.854534e-7, 0.0000013187528, 3.259629e-9), (0.9308297, 0.006731227, -0.03960929, -0.3632381), (0.66290414, -0.019835992, 0.036115877, 0.7475697), (0.054866288, 0.9827643, 0.17525749, -0.021193773), (0.000056385994, 0.70723015, 0.70698375, 0.00011923909), (0.9999931, -0.00000840053, 0.000005338341, 0.0037437826), (0.99999964, 1.6763806e-7, -0.0000011324883, -0.0011720695), (0.5141549, 0.5251871, 0.46103355, -0.49726456), (0.99999905, 2.8545037e-7, 6.2584877e-7, -0.0014619464), (0.99998945, -0.0046174894, 5.9604645e-8, -4.0978193e-8), (0.9999572, -0.009235063, 2.9802322e-8, -1.0430813e-7), (0.9999021, -0.013992191, 1.1920929e-7, 2.0489097e-8), (1, 1.322478e-7, -5.9604645e-8, -1.5832484e-8), (1, 0, 0, 0), (1.0000001, 6.649643e-7, -2.9802322e-8, 2.4680048e-8), (0.49999276, -0.5000083, -0.49999174, -0.50000715), (0.49999276, -0.5000083, -0.49999174, -0.50000715), (0.49999276, -0.5000083, -0.49999174, -0.50000715), (0.49999276, -0.5000083, -0.49999174, -0.50000715)],
                17: [(1, 0.00004780913, 0.00020624817, 0.000050577706), (0.45621258, 0.52076274, 0.4455532, 0.5675901), (0.9995443, -0.0028083385, -0.025954213, 0.015148074), (0.9992607, -0.030724866, -0.010417541, 0.020626312), (0.99946105, -0.030478358, 0.002534135, 0.011919048), (0.9989021, -0.037030827, 0.0110712955, 0.026470346), (0.6841917, 0.08166784, -0.7157862, -0.113411546), (0.8541086, 0.06139388, -0.47466055, 0.20353511), (0.6325492, -0.117033996, 0.04490994, 0.7643083), (0.9999999, -4.4703484e-8, -1.1920929e-7, 2.7008355e-8), (0.9999999, -4.4703484e-8, -1.1920929e-7, 2.7008355e-8), (0.9999999, -4.4703484e-8, -1.1920929e-7, 2.7008355e-8), (0.9999999, -4.4703484e-8, -1.1920929e-7, 2.7008355e-8), (0.62776834, 0.75202376, 0.06652846, -0.18958004), (0.99673843, 0.020287557, 0.050995283, -0.059160452), (0.8300063, 0.00853506, 0.029788956, 0.556892), (0.7892417, -0.021723295, -0.017782949, 0.61344033), (-0.68771523, -0.022070574, 0.05711153, -0.7233939), (0.9992977, -0.020652484, 0.016678503, -0.026437322), (0.8561563, -0.01816905, -0.013109586, 0.5162305), (-0.7176858, -0.027951842, 0.03574542, -0.6948868), (0.82326275, 0.023293123, -0.04999391, 0.56497455), (0.9999996, -0.000011200086, 0.0000014305117, 0.0000023245814), (0.99736255, 0.007597166, -0.05331594, 0.04865112), (-0.8969565, 0.05945876, -0.15871055, -0.408343), (0.70154613, -0.014440992, 0.12690558, 0.7010839), (0.7393768, 0.034907054, 0.15941644, 0.65321434), (0.9891827, -0.13977592, -0.038484015, 0.022326661), (0.87556165, 0.094123915, 0.034891248, 0.4725614), (-0.69659126, 0.0075259134, -0.060596593, -0.71486443), (0.7416536, -0.0008283315, 0.066113, 0.6675159), (0.8092548, 0.38574243, 0.44178754, -0.033660162), (0.98039734, 0.09277782, -0.077584065, 0.15554482), (0.9500583, 0.07306217, 0.013538253, 0.30309778), (0.95184505, -0.0045957062, 0.0044401623, 0.30651382), (-0.05485749, -0.99830306, 0.002353771, -0.019374553), (1, 1.4901163e-8, 2.5611373e-8, 1.2107194e-8), (1, 1.4901163e-8, 2.5611373e-8, 1.2107194e-8), (1, 1.4901163e-8, 2.5611373e-8, 1.2107194e-8), (0.99337554, 0.10623809, 0.011195321, 0.04234473), (0.99999994, 0.00023936314, 0.00009658654, 0.00010989696), (0.9999767, 0.00022559261, -0.0063525606, -0.0024775194), (0.9959786, -0.000004420744, -0.025198523, -0.08597579), (0.51130694, -0.48755777, -0.47603887, -0.5236787), (0.47614533, -0.52276754, -0.51150274, -0.4882264), (1.0000006, -7.450581e-9, -7.450581e-9, -3.783498e-10), (0.5115032, -0.4882256, -0.47614473, -0.5227679), (0.9999999, -7.4505815e-9, 1.5133993e-9, 1.8917491e-10), (0.47664303, -0.5223185, -0.47663796, -0.52231324), (0.09217865, 0.72781914, 0.14634962, 0.66359955), (0.9186865, 0.048553508, -0.3918693, -0.0098169735), (0.5838031, 0.018542463, -0.22606947, 0.77956593), (1.0000002, -5.5879354e-9, 0, -2.9802322e-8), (1.0000002, -5.5879354e-9, 0, -2.9802322e-8), (1.0000002, -5.5879354e-9, 0, -2.9802322e-8), (1.0000002, -5.5879354e-9, 0, -2.9802322e-8), (0.6368265, 0.76109487, -0.074512266, -0.09815695), (0.9972057, 0.018797727, 0.049422547, -0.052777916), (0.795549, -0.10651706, 0.09302372, 0.58915484), (-0.78825974, 0.021646122, 0.018034142, -0.6146981), (0.6940412, 0.042801686, -0.07356762, 0.71488696), (0.9995291, -0.017626353, 0.014733088, -0.020351449), (0.82400244, -0.123596095, 0.06521346, 0.5490828), (-0.71978474, -0.02766107, 0.035755876, -0.6927242), (0.82491964, 0.023045387, -0.04994303, 0.56256807), (1.0000004, 0.000011479482, 1.8626451e-8, -8.940697e-8), (0.9859486, -0.113598205, -0.10042881, 0.07010974), (0.89070994, 0.012615295, 0.22153193, 0.3967387), (-0.6996388, 0.013345927, -0.12644681, -0.70309305), (0.73809314, 0.035322778, 0.1599701, 0.6545088), (0.98960745, -0.13490549, -0.04118138, 0.027965343), (0.87657046, 0.049561627, 0.08796182, 0.4705649), (-0.6974735, 0.009690069, -0.060294647, -0.71400416), (0.7470596, -0.037537795, 0.09678034, 0.65660274), (0.8108429, 0.35806525, 0.45928076, -0.05817785), (0.98442686, 0.08500426, -0.06683829, 0.13860475), (0.96121633, 0.12647378, 0.034572393, 0.24263814), (0.96235824, -0.012164691, 0.0049906885, 0.2714678), (0.9983039, -0.054857727, -0.019368965, -0.0023465157), (0.99999994, -6.519259e-8, 5.587937e-9, -1.2107194e-8), (0.99999994, -6.519259e-8, 5.587937e-9, -1.2107194e-8), (0.99999994, -6.519259e-8, 5.587937e-9, -1.2107194e-8), (0.47665113, -0.5223098, -0.47664762, -0.5223058), (-0.10550758, -0.033673994, 0.002607722, 0.9938448), (0.9851518, -0.06931135, 0.0155152995, 0.15630397), (-0.0040021916, 0.99860626, 0.049539864, 0.017757582), (0.003295756, 0.516091, 0.856525, 0.0019950424), (0.99999386, 0.000021268044, -0.000043805234, 0.0034903071), (0.99999946, 3.190944e-7, -0.0000010840595, -0.0011720858), (0.52518606, -0.51415354, 0.49726516, 0.4610349), (0.9999989, 2.179877e-7, 5.420298e-7, -0.001461902), (0.9999893, -0.0046176696, 8.586794e-7, -1.3504177e-8), (0.99995726, -0.009235055, 0.0000019967558, 6.1234466e-8), (0.99990207, -0.013992261, 0.0000024680048, -1.0477379e-8), (1.0000002, 2.1787127e-7, 6.137416e-7, -2.4447218e-9), (1.0000002, 2.4447218e-8, 0.0000014659017, 1.7462298e-9), (1.0000002, 6.779446e-7, 0.0000013411045, 3.8882717e-8), (0.92468697, 0.0072863214, -0.024122952, -0.37989333), (0.80167466, -0.012919884, 0.012247302, 0.5974955), (0.058201417, 0.9972235, 0.044157304, 0.014426461), (0.0003271576, 0.70122635, 0.7129388, 0.00045809182), (0.9999932, -0.00000819657, 0.000004613772, 0.0037179126), (0.99999964, 1.6158447e-7, -0.0000011553057, -0.0011720569), (0.5141549, 0.5251871, 0.46103352, -0.49726456), (0.9999989, 2.8376238e-7, 6.8824744e-7, -0.0014619337), (0.99998933, -0.00461749, 5.9604645e-8, -3.259629e-8), (0.9999572, -0.009235075, 3.539026e-8, -1.0710211e-7), (0.99990207, -0.013992211, 8.5216016e-8, 3.1664968e-8), (0.9999999, 1.3885438e-7, -8.381903e-8, -3.207242e-8), (0.9999999, 0, 0, 0), (1, 6.4860797e-7, -5.401671e-8, 2.0489097e-8), (0.49999273, -0.5000083, -0.4999918, -0.5000071), (0.49999273, -0.5000083, -0.4999918, -0.5000071), (0.49999273, -0.5000083, -0.4999918, -0.5000071), (0.49999273, -0.5000083, -0.4999918, -0.5000071)],
                18: [(1, -0.00007342985, 0.00023403128, 0.000109213026), (0.45782644, 0.51273525, 0.44401553, 0.574759), (0.99937594, -0.008215101, -0.03249834, 0.011146385), (0.99913347, -0.036784053, -0.009360582, 0.017087903), (0.99922764, -0.03653568, 0.0079789795, 0.01209069), (0.9980823, -0.04917229, 0.023444016, 0.02940448), (0.70025, 0.06471232, -0.70439684, -0.09637138), (0.8306743, 0.06937661, -0.49999148, 0.23489586), (0.6129155, -0.14836168, 0.10838877, 0.76848936), (1.0000004, -3.7252903e-8, -1.1175871e-7, 1.4901161e-8), (1.0000004, -3.7252903e-8, -1.1175871e-7, 1.4901161e-8), (1.0000004, -3.7252903e-8, -1.1175871e-7, 1.4901161e-8), (1.0000004, -3.7252903e-8, -1.1175871e-7, 1.4901161e-8), (0.59068, 0.77802163, 0.09942328, -0.1894595), (0.9967479, 0.020296596, 0.050970145, -0.059026085), (0.830008, 0.008534394, 0.029790238, 0.5568904), (0.78924215, -0.021714978, -0.017793197, 0.6134404), (-0.687716, -0.02208636, 0.057095535, -0.7233945), (0.99930227, -0.020639516, 0.01664725, -0.026304066), (0.85615766, -0.018157586, -0.013103895, 0.5162295), (-0.7176883, -0.027937308, 0.035723843, -0.6948867), (0.8232618, 0.023281582, -0.050005764, 0.56497616), (1.0000001, -0.000011175871, 0.000001475215, 0.0000023543835), (0.997356, 0.007629536, -0.05333089, 0.04877436), (-0.8969522, 0.05949579, -0.15869746, -0.4083531), (0.7015488, -0.014426976, 0.1268908, 0.70108485), (0.73937726, 0.034905314, 0.15941484, 0.65321517), (0.9891813, -0.13975608, -0.03853167, 0.022456124), (0.875567, 0.094126344, 0.034895718, 0.47255194), (-0.6965828, 0.007532127, -0.06060435, -0.7148727), (0.7416576, -0.00083462894, 0.0661071, 0.66751295), (0.8092691, 0.3856935, 0.44181544, -0.033529107), (0.9803983, 0.09278238, -0.07758655, 0.15553881), (0.95005906, 0.073064215, 0.013536379, 0.303097), (0.95184535, -0.004596211, 0.0044421926, 0.30651462), (-0.054857537, -0.99830353, 0.0023537865, -0.019374602), (1.0000002, 3.7252903e-9, 1.4901161e-8, 0), (1.0000002, 3.7252903e-9, 1.4901161e-8, 0), (1.0000002, 3.7252903e-9, 1.4901161e-8, 0), (0.9899393, 0.13265792, -0.007927086, 0.048573367), (0.99999994, 0.0002561584, 0.000042762607, 0.00019061286), (0.9999767, 0.00024306006, -0.006406363, -0.0023968741), (0.995787, 0.0021813642, -0.031164713, -0.08620985), (0.511307, -0.4875579, -0.47603893, -0.5236788), (0.47614542, -0.52276754, -0.5115028, -0.4882264), (1.0000007, -1.8626451e-9, -7.450581e-9, 4.656613e-10), (0.5115032, -0.48822564, -0.47614476, -0.5227679), (1, -9.313226e-9, -1.1641532e-10, 0), (0.47664315, -0.5223185, -0.47663802, -0.52231324), (0.10755406, 0.73440456, 0.14078578, 0.65518045), (0.94117475, 0.039406516, -0.33335492, -0.03887932), (0.5852586, 0.03181632, -0.2550127, 0.7690439), (1, -2.6077037e-8, -7.450582e-9, -2.980233e-8), (1, -2.6077037e-8, -7.450582e-9, -2.980233e-8), (1, -2.6077037e-8, -7.450582e-9, -2.980233e-8), (1, -2.6077037e-8, -7.450582e-9, -2.980233e-8), (0.6289419, 0.76322246, -0.09589817, -0.112814605), (0.99736345, 0.018948475, 0.049587965, -0.04947848), (0.7955114, -0.1065275, 0.09303963, 0.5892004), (-0.7882584, 0.021646703, 0.018030224, -0.61469924), (0.6940406, 0.042799667, -0.07356875, 0.7148869), (0.99959475, -0.017362315, 0.014769505, -0.01704904), (0.82396996, -0.12359921, 0.06522078, 0.54912937), (-0.71978325, -0.027660158, 0.035751645, -0.69272566), (0.8249191, 0.023043552, -0.04994429, 0.5625682), (1, 0.000011473896, 0, -1.1175872e-7), (0.9857568, -0.11295016, -0.10073501, 0.07333609), (0.89068663, 0.012612769, 0.22152734, 0.3967921), (-0.69963694, 0.013347723, -0.12645245, -0.70309293), (0.7380923, 0.035320617, 0.15996829, 0.6545094), (0.9895555, -0.13445753, -0.041546144, 0.031224355), (0.8765421, 0.04955765, 0.087962575, 0.47061718), (-0.6974723, 0.009691663, -0.060298897, -0.71400464), (0.74705917, -0.03753943, 0.09677895, 0.65660316), (0.81099117, 0.35661238, 0.46043366, -0.055873357), (0.9843995, 0.085010976, -0.06643812, 0.13898483), (0.9612109, 0.1264818, 0.034589052, 0.24265145), (0.96235806, -0.012164678, 0.0049912147, 0.27146763), (0.99830353, -0.05485769, -0.019368973, -0.0023465385), (0.9999999, -1.1175874e-7, 7.450583e-9, 0), (0.9999999, -1.1175874e-7, 7.450583e-9, 0), (0.9999999, -1.1175874e-7, 7.450583e-9, 0), (0.4766512, -0.52230966, -0.47664765, -0.52230585), (-0.15088066, -0.041908436, 0.009798311, 0.98761475), (0.98979616, -0.08430545, 0.016197614, 0.11372697), (0.013872746, 0.9585629, 0.28403902, 0.016925797), (0.0023662748, 0.41981333, 0.9075932, 0.0050816354), (0.99999523, -0.000033622146, 0.00002549589, 0.0030817562), (0.99999946, 3.0361116e-7, -0.0000011399388, -0.001172089), (0.52518606, -0.5141535, 0.49726522, 0.46103495), (0.9999989, 2.3446049e-7, 6.034971e-7, -0.0014619344), (0.99998933, -0.0046176724, 7.8976166e-7, -4.470349e-8), (0.9999574, -0.009235037, 0.0000020265584, 5.5879365e-8), (0.9999021, -0.01399225, 0.0000024810433, 2.7939677e-9), (1.0000002, 2.30968e-7, 6.2584877e-7, -7.450581e-9), (1.0000002, 1.4901161e-8, 0.0000014305115, 4.004687e-8), (1.0000002, 6.761402e-7, 0.0000013448298, 1.5832484e-8), (0.92479753, 0.0072453376, -0.02466344, -0.37959045), (0.8543433, -0.0029621306, 0.0035204906, 0.51968884), (0.06078078, 0.99639153, -0.0511061, 0.029967971), (-0.00017654896, 0.70679927, 0.7074144, 0.0000140070915), (0.99999285, -0.0000068461522, 0.000013783574, 0.0037897131), (0.99999964, 1.6298145e-7, -0.0000011473894, -0.0011720955), (0.5141549, 0.5251871, 0.46103352, -0.49726462), (0.9999989, 2.7826172e-7, 6.519258e-7, -0.0014618989), (0.9999894, -0.0046175146, 1.0430813e-7, -3.9115548e-8), (0.9999573, -0.009235052, 3.7252907e-8, -8.847565e-8), (0.99990207, -0.013992196, 7.8231096e-8, 2.7939677e-9), (1, 1.5180558e-7, -5.9604645e-8, -6.9849193e-9), (1.0000001, 0, 0, 0), (1.0000002, 6.4552296e-7, -3.7252903e-8, 1.7229468e-8), (0.4999928, -0.5000084, -0.49999177, -0.5000072), (0.4999928, -0.5000084, -0.49999177, -0.5000072), (0.4999928, -0.5000084, -0.49999177, -0.5000072), (0.4999928, -0.5000084, -0.49999177, -0.5000072)],
            }
            half3[] scales.timeSamples = {
                0: [(1, 1, 1), (1, 1, 1), (1, 1, 1), (1, 1, 1), (1, 1, 1), (1, 1, 1), (1, 1, 1), (1, 1, 1), (1, 1, 1), (1, 1, 1), (1, 1, 1), (1, 1, 1), (1, 1, 1), (1, 1, 1), (1, 1, 1), (1, 1, 1), (1, 1, 1), (1, 1, 1), (1, 1, 1), (1, 1, 1), (1, 1, 1), (1, 1, 1), (1, 1, 1), (1, 1, 1), (1, 1, 1), (1, 1, 1), (1, 1, 1), (1, 1, 1), (1, 1, 1), (1, 1, 1), (1, 1, 1), (1, 1, 1), (1, 1, 1), (1, 1, 1), (1, 1, 1), (1, 1, 1), (1, 1, 1), (1, 1, 1), (1, 1, 1), (1, 1, 1), (1, 1, 1), (1, 1, 1), (1, 1, 1), (1, 1, 1), (1, 1, 1), (1, 1, 1), (1, 1, 1), (1, 1, 1), (1, 1, 1), (1, 1, 1), (1, 1, 1), (1, 1, 1), (1, 1, 1), (1, 1, 1), (1, 1, 1), (1, 1, 1), (1, 1, 1), (1, 1, 1), (1, 1, 1), (1, 1, 1), (1, 1, 1), (1, 1, 1), (1, 1, 1), (1, 1, 1), (1, 1, 1), (1, 1, 1), (1, 1, 1), (1, 1, 1), (1, 1, 1), (1, 1, 1), (1, 1, 1), (1, 1, 1), (1, 1, 1), (1, 1, 1), (1, 1, 1), (1, 1, 1), (1, 1, 1), (1, 1, 1), (1, 1, 1), (1, 1, 1), (1, 1, 1), (1, 1, 1), (1, 1, 1), (1, 1, 1), (1, 1, 1), (1, 1, 1), (1, 1, 1), (1, 1, 1), (1, 1, 1), (1, 1, 1), (1, 1, 1), (1, 1, 1), (1, 1, 1), (1, 1, 1), (1, 1, 1), (1, 1, 1), (1, 1, 1), (1, 1, 1), (1, 1, 1), (1, 1, 1), (1, 1, 1), (1, 1, 1), (1, 1, 1), (1, 1, 1), (1, 1, 1), (1, 1, 1), (1, 1, 1), (1, 1, 1), (1, 1, 1), (1, 1, 1), (1, 1, 1), (1, 1, 1), (1, 1, 1), (1, 1, 1), (1, 1, 1)],
                1: [(1, 1, 1), (1, 1, 1), (1, 1, 1), (1, 1, 1), (1, 1, 1), (1, 1, 1), (1, 1, 1), (1, 1, 1), (1, 1, 1), (1, 1, 1), (1, 1, 1), (1, 1, 1), (1, 1, 1), (1, 1, 1), (1, 1, 1), (1, 1, 1), (1, 1, 1), (1, 1, 1), (1, 1, 1), (1, 1, 1), (1, 1, 1), (1, 1, 1), (1, 1, 1), (1, 1, 1), (1, 1, 1), (1, 1, 1), (1, 1, 1), (1, 1, 1), (1, 1, 1), (1, 1, 1), (1, 1, 1), (1, 1, 1), (1, 1, 1), (1, 1, 1), (1, 1, 1), (1, 1, 1), (1, 1, 1), (1, 1, 1), (1, 1, 1), (1, 1, 1), (1, 1, 1), (1, 1, 1), (1, 1, 1), (1, 1, 1), (1, 1, 1), (1, 1, 1), (1, 1, 1), (1, 1, 1), (1, 1, 1), (1, 1, 1), (1, 1, 1), (1, 1, 1), (1, 1, 1), (1, 1, 1), (1, 1, 1), (1, 1, 1), (1, 1, 1), (1, 1, 1), (1, 1, 1), (1, 1, 1), (1, 1, 1), (1, 1, 1), (1, 1, 1), (1, 1, 1), (1, 1, 1), (1, 1, 1), (1, 1, 1), (1, 1, 1), (1, 1, 1), (1, 1, 1), (1, 1, 1), (1, 1, 1), (1, 1, 1), (1, 1, 1), (1, 1, 1), (1, 1, 1), (1, 1, 1), (1, 1, 1), (1, 1, 1), (1, 1, 1), (1, 1, 1), (1, 1, 1), (1, 1, 1), (1, 1, 1), (1, 1, 1), (1, 1, 1), (1, 1, 1), (1, 1, 1), (1, 1, 1), (1, 1, 1), (1, 1, 1), (1, 1, 1), (1, 1, 1), (1, 1, 1), (1, 1, 1), (1, 1, 1), (1, 1, 1), (1, 1, 1), (1, 1, 1), (1, 1, 1), (1, 1, 1), (1, 1, 1), (1, 1, 1), (1, 1, 1), (1, 1, 1), (1, 1, 1), (1, 1, 1), (1, 1, 1), (1, 1, 1), (1, 1, 1), (1, 1, 1), (1, 1, 1), (1, 1, 1), (1, 1, 1), (1, 1, 1)],
                2: [(1, 1, 1), (1, 1, 1), (1, 1, 1), (1, 1, 1), (1, 1, 1), (1, 1, 1), (1, 1, 1), (1, 1, 1), (1, 1, 1), (1, 1, 1), (1, 1, 1), (1, 1, 1), (1, 1, 1), (1, 1, 1), (1, 1, 1), (1, 1, 1), (1, 1, 1), (1, 1, 1), (1, 1, 1), (1, 1, 1), (1, 1, 1), (1, 1, 1), (1, 1, 1), (1, 1, 1), (1, 1, 1), (1, 1, 1), (1, 1, 1), (1, 1, 1), (1, 1, 1), (1, 1, 1), (1, 1, 1), (1, 1, 1), (1, 1, 1), (1, 1, 1), (1, 1, 1), (1, 1, 1), (1, 1, 1), (1, 1, 1), (1, 1, 1), (1, 1, 1), (1, 1, 1), (1, 1, 1), (1, 1, 1), (1, 1, 1), (1, 1, 1), (1, 1, 1), (1, 1, 1), (1, 1, 1), (1, 1, 1), (1, 1, 1), (1, 1, 1), (1, 1, 1), (1, 1, 1), (1, 1, 1), (1, 1, 1), (1, 1, 1), (1, 1, 1), (1, 1, 1), (1, 1, 1), (1, 1, 1), (1, 1, 1), (1, 1, 1), (1, 1, 1), (1, 1, 1), (1, 1, 1), (1, 1, 1), (1, 1, 1), (1, 1, 1), (1, 1, 1), (1, 1, 1), (1, 1, 1), (1, 1, 1), (1, 1, 1), (1, 1, 1), (1, 1, 1), (1, 1, 1), (1, 1, 1), (1, 1, 1), (1, 1, 1), (1, 1, 1), (1, 1, 1), (1, 1, 1), (1, 1, 1), (1, 1, 1), (1, 1, 1), (1, 1, 1), (1, 1, 1), (1, 1, 1), (1, 1, 1), (1, 1, 1), (1, 1, 1), (1, 1, 1), (1, 1, 1), (1, 1, 1), (1, 1, 1), (1, 1, 1), (1, 1, 1), (1, 1, 1), (1, 1, 1), (1, 1, 1), (1, 1, 1), (1, 1, 1), (1, 1, 1), (1, 1, 1), (1, 1, 1), (1, 1, 1), (1, 1, 1), (1, 1, 1), (1, 1, 1), (1, 1, 1), (1, 1, 1), (1, 1, 1), (1, 1, 1), (1, 1, 1), (1, 1, 1)],
                3: [(1, 1, 1), (1, 1, 1), (1, 1, 1), (1, 1, 1), (1, 1, 1), (1, 1, 1), (1, 1, 1), (1, 1, 1), (1, 1, 1), (1, 1, 1), (1, 1, 1), (1, 1, 1), (1, 1, 1), (1, 1, 1), (1, 1, 1), (1, 1, 1), (1, 1, 1), (1, 1, 1), (1, 1, 1), (1, 1, 1), (1, 1, 1), (1, 1, 1), (1, 1, 1), (1, 1, 1), (1, 1, 1), (1, 1, 1), (1, 1, 1), (1, 1, 1), (1, 1, 1), (1, 1, 1), (1, 1, 1), (1, 1, 1), (1, 1, 1), (1, 1, 1), (1, 1, 1), (1, 1, 1), (1, 1, 1), (1, 1, 1), (1, 1, 1), (1, 1, 1), (1, 1, 1), (1, 1, 1), (1, 1, 1), (1, 1, 1), (1, 1, 1), (1, 1, 1), (1, 1, 1), (1, 1, 1), (1, 1, 1), (1, 1, 1), (1, 1, 1), (1, 1, 1), (1, 1, 1), (1, 1, 1), (1, 1, 1), (1, 1, 1), (1, 1, 1), (1, 1, 1), (1, 1, 1), (1, 1, 1), (1, 1, 1), (1, 1, 1), (1, 1, 1), (1, 1, 1), (1, 1, 1), (1, 1, 1), (1, 1, 1), (1, 1, 1), (1, 1, 1), (1, 1, 1), (1, 1, 1), (1, 1, 1), (1, 1, 1), (1, 1, 1), (1, 1, 1), (1, 1, 1), (1, 1, 1), (1, 1, 1), (1, 1, 1), (1, 1, 1), (1, 1, 1), (1, 1, 1), (1, 1, 1), (1, 1, 1), (1, 1, 1), (1, 1, 1), (1, 1, 1), (1, 1, 1), (1, 1, 1), (1, 1, 1), (1, 1, 1), (1, 1, 1), (1, 1, 1), (1, 1, 1), (1, 1, 1), (1, 1, 1), (1, 1, 1), (1, 1, 1), (1, 1, 1), (1, 1, 1), (1, 1, 1), (1, 1, 1), (1, 1, 1), (1, 1, 1), (1, 1, 1), (1, 1, 1), (1, 1, 1), (1, 1, 1), (1, 1, 1), (1, 1, 1), (1, 1, 1), (1, 1, 1), (1, 1, 1), (1, 1, 1), (1, 1, 1)],
                4: [(1, 1, 1), (1, 1, 1), (1, 1, 1), (1, 1, 1), (1, 1, 1), (1, 1, 1), (1, 1, 1), (1, 1, 1), (1, 1, 1), (1, 1, 1), (1, 1, 1), (1, 1, 1), (1, 1, 1), (1, 1, 1), (1, 1, 1), (1, 1, 1), (1, 1, 1), (1, 1, 1), (1, 1, 1), (1, 1, 1), (1, 1, 1), (1, 1, 1), (1, 1, 1), (1, 1, 1), (1, 1, 1), (1, 1, 1), (1, 1, 1), (1, 1, 1), (1, 1, 1), (1, 1, 1), (1, 1, 1), (1, 1, 1), (1, 1, 1), (1, 1, 1), (1, 1, 1), (1, 1, 1), (1, 1, 1), (1, 1, 1), (1, 1, 1), (1, 1, 1), (1, 1, 1), (1, 1, 1), (1, 1, 1), (1, 1, 1), (1, 1, 1), (1, 1, 1), (1, 1, 1), (1, 1, 1), (1, 1, 1), (1, 1, 1), (1, 1, 1), (1, 1, 1), (1, 1, 1), (1, 1, 1), (1, 1, 1), (1, 1, 1), (1, 1, 1), (1, 1, 1), (1, 1, 1), (1, 1, 1), (1, 1, 1), (1, 1, 1), (1, 1, 1), (1, 1, 1), (1, 1, 1), (1, 1, 1), (1, 1, 1), (1, 1, 1), (1, 1, 1), (1, 1, 1), (1, 1, 1), (1, 1, 1), (1, 1, 1), (1, 1, 1), (1, 1, 1), (1, 1, 1), (1, 1, 1), (1, 1, 1), (1, 1, 1), (1, 1, 1), (1, 1, 1), (1, 1, 1), (1, 1, 1), (1, 1, 1), (1, 1, 1), (1, 1, 1), (1, 1, 1), (1, 1, 1), (1, 1, 1), (1, 1, 1), (1, 1, 1), (1, 1, 1), (1, 1, 1), (1, 1, 1), (1, 1, 1), (1, 1, 1), (1, 1, 1), (1, 1, 1), (1, 1, 1), (1, 1, 1), (1, 1, 1), (1, 1, 1), (1, 1, 1), (1, 1, 1), (1, 1, 1), (1, 1, 1), (1, 1, 1), (1, 1, 1), (1, 1, 1), (1, 1, 1), (1, 1, 1), (1, 1, 1), (1, 1, 1), (1, 1, 1), (1, 1, 1)],
                5: [(1, 1, 1), (1, 1, 1), (1, 1, 1), (1, 1, 1), (1, 1, 1), (1, 1, 1), (1, 1, 1), (1, 1, 1), (1, 1, 1), (1, 1, 1), (1, 1, 1), (1, 1, 1), (1, 1, 1), (1, 1, 1), (1, 1, 1), (1, 1, 1), (1, 1, 1), (1, 1, 1), (1, 1, 1), (1, 1, 1), (1, 1, 1), (1, 1, 1), (1, 1, 1), (1, 1, 1), (1, 1, 1), (1, 1, 1), (1, 1, 1), (1, 1, 1), (1, 1, 1), (1, 1, 1), (1, 1, 1), (1, 1, 1), (1, 1, 1), (1, 1, 1), (1, 1, 1), (1, 1, 1), (1, 1, 1), (1, 1, 1), (1, 1, 1), (1, 1, 1), (1, 1, 1), (1, 1, 1), (1, 1, 1), (1, 1, 1), (1, 1, 1), (1, 1, 1), (1, 1, 1), (1, 1, 1), (1, 1, 1), (1, 1, 1), (1, 1, 1), (1, 1, 1), (1, 1, 1), (1, 1, 1), (1, 1, 1), (1, 1, 1), (1, 1, 1), (1, 1, 1), (1, 1, 1), (1, 1, 1), (1, 1, 1), (1, 1, 1), (1, 1, 1), (1, 1, 1), (1, 1, 1), (1, 1, 1), (1, 1, 1), (1, 1, 1), (1, 1, 1), (1, 1, 1), (1, 1, 1), (1, 1, 1), (1, 1, 1), (1, 1, 1), (1, 1, 1), (1, 1, 1), (1, 1, 1), (1, 1, 1), (1, 1, 1), (1, 1, 1), (1, 1, 1), (1, 1, 1), (1, 1, 1), (1, 1, 1), (1, 1, 1), (1, 1, 1), (1, 1, 1), (1, 1, 1), (1, 1, 1), (1, 1, 1), (1, 1, 1), (1, 1, 1), (1, 1, 1), (1, 1, 1), (1, 1, 1), (1, 1, 1), (1, 1, 1), (1, 1, 1), (1, 1, 1), (1, 1, 1), (1, 1, 1), (1, 1, 1), (1, 1, 1), (1, 1, 1), (1, 1, 1), (1, 1, 1), (1, 1, 1), (1, 1, 1), (1, 1, 1), (1, 1, 1), (1, 1, 1), (1, 1, 1), (1, 1, 1), (1, 1, 1), (1, 1, 1)],
                6: [(1, 1, 1), (1, 1, 1), (1, 1, 1), (1, 1, 1), (1, 1, 1), (1, 1, 1), (1, 1, 1), (1, 1, 1), (1, 1, 1), (1, 1, 1), (1, 1, 1), (1, 1, 1), (1, 1, 1), (1, 1, 1), (1, 1, 1), (1, 1, 1), (1, 1, 1), (1, 1, 1), (1, 1, 1), (1, 1, 1), (1, 1, 1), (1, 1, 1), (1, 1, 1), (1, 1, 1), (1, 1, 1), (1, 1, 1), (1, 1, 1), (1, 1, 1), (1, 1, 1), (1, 1, 1), (1, 1, 1), (1, 1, 1), (1, 1, 1), (1, 1, 1), (1, 1, 1), (1, 1, 1), (1, 1, 1), (1, 1, 1), (1, 1, 1), (1, 1, 1), (1, 1, 1), (1, 1, 1), (1, 1, 1), (1, 1, 1), (1, 1, 1), (1, 1, 1), (1, 1, 1), (1, 1, 1), (1, 1, 1), (1, 1, 1), (1, 1, 1), (1, 1, 1), (1, 1, 1), (1, 1, 1), (1, 1, 1), (1, 1, 1), (1, 1, 1), (1, 1, 1), (1, 1, 1), (1, 1, 1), (1, 1, 1), (1, 1, 1), (1, 1, 1), (1, 1, 1), (1, 1, 1), (1, 1, 1), (1, 1, 1), (1, 1, 1), (1, 1, 1), (1, 1, 1), (1, 1, 1), (1, 1, 1), (1, 1, 1), (1, 1, 1), (1, 1, 1), (1, 1, 1), (1, 1, 1), (1, 1, 1), (1, 1, 1), (1, 1, 1), (1, 1, 1), (1, 1, 1), (1, 1, 1), (1, 1, 1), (1, 1, 1), (1, 1, 1), (1, 1, 1), (1, 1, 1), (1, 1, 1), (1, 1, 1), (1, 1, 1), (1, 1, 1), (1, 1, 1), (1, 1, 1), (1, 1, 1), (1, 1, 1), (1, 1, 1), (1, 1, 1), (1, 1, 1), (1, 1, 1), (1, 1, 1), (1, 1, 1), (1, 1, 1), (1, 1, 1), (1, 1, 1), (1, 1, 1), (1, 1, 1), (1, 1, 1), (1, 1, 1), (1, 1, 1), (1, 1, 1), (1, 1, 1), (1, 1, 1), (1, 1, 1), (1, 1, 1)],
                7: [(1, 1, 1), (1, 1, 1), (1, 1, 1), (1, 1, 1), (1, 1, 1), (1, 1, 1), (1, 1, 1), (1, 1, 1), (1, 1, 1), (1, 1, 1), (1, 1, 1), (1, 1, 1), (1, 1, 1), (1, 1, 1), (1, 1, 1), (1, 1, 1), (1, 1, 1), (1, 1, 1), (1, 1, 1), (1, 1, 1), (1, 1, 1), (1, 1, 1), (1, 1, 1), (1, 1, 1), (1, 1, 1), (1, 1, 1), (1, 1, 1), (1, 1, 1), (1, 1, 1), (1, 1, 1), (1, 1, 1), (1, 1, 1), (1, 1, 1), (1, 1, 1), (1, 1, 1), (1, 1, 1), (1, 1, 1), (1, 1, 1), (1, 1, 1), (1, 1, 1), (1, 1, 1), (1, 1, 1), (1, 1, 1), (1, 1, 1), (1, 1, 1), (1, 1, 1), (1, 1, 1), (1, 1, 1), (1, 1, 1), (1, 1, 1), (1, 1, 1), (1, 1, 1), (1, 1, 1), (1, 1, 1), (1, 1, 1), (1, 1, 1), (1, 1, 1), (1, 1, 1), (1, 1, 1), (1, 1, 1), (1, 1, 1), (1, 1, 1), (1, 1, 1), (1, 1, 1), (1, 1, 1), (1, 1, 1), (1, 1, 1), (1, 1, 1), (1, 1, 1), (1, 1, 1), (1, 1, 1), (1, 1, 1), (1, 1, 1), (1, 1, 1), (1, 1, 1), (1, 1, 1), (1, 1, 1), (1, 1, 1), (1, 1, 1), (1, 1, 1), (1, 1, 1), (1, 1, 1), (1, 1, 1), (1, 1, 1), (1, 1, 1), (1, 1, 1), (1, 1, 1), (1, 1, 1), (1, 1, 1), (1, 1, 1), (1, 1, 1), (1, 1, 1), (1, 1, 1), (1, 1, 1), (1, 1, 1), (1, 1, 1), (1, 1, 1), (1, 1, 1), (1, 1, 1), (1, 1, 1), (1, 1, 1), (1, 1, 1), (1, 1, 1), (1, 1, 1), (1, 1, 1), (1, 1, 1), (1, 1, 1), (1, 1, 1), (1, 1, 1), (1, 1, 1), (1, 1, 1), (1, 1, 1), (1, 1, 1), (1, 1, 1), (1, 1, 1)],
                8: [(1, 1, 1), (1, 1, 1), (1, 1, 1), (1, 1, 1), (1, 1, 1), (1, 1, 1), (1, 1, 1), (1, 1, 1), (1, 1, 1), (1, 1, 1), (1, 1, 1), (1, 1, 1), (1, 1, 1), (1, 1, 1), (1, 1, 1), (1, 1, 1), (1, 1, 1), (1, 1, 1), (1, 1, 1), (1, 1, 1), (1, 1, 1), (1, 1, 1), (1, 1, 1), (1, 1, 1), (1, 1, 1), (1, 1, 1), (1, 1, 1), (1, 1, 1), (1, 1, 1), (1, 1, 1), (1, 1, 1), (1, 1, 1), (1, 1, 1), (1, 1, 1), (1, 1, 1), (1, 1, 1), (1, 1, 1), (1, 1, 1), (1, 1, 1), (1, 1, 1), (1, 1, 1), (1, 1, 1), (1, 1, 1), (1, 1, 1), (1, 1, 1), (1, 1, 1), (1, 1, 1), (1, 1, 1), (1, 1, 1), (1, 1, 1), (1, 1, 1), (1, 1, 1), (1, 1, 1), (1, 1, 1), (1, 1, 1), (1, 1, 1), (1, 1, 1), (1, 1, 1), (1, 1, 1), (1, 1, 1), (1, 1, 1), (1, 1, 1), (1, 1, 1), (1, 1, 1), (1, 1, 1), (1, 1, 1), (1, 1, 1), (1, 1, 1), (1, 1, 1), (1, 1, 1), (1, 1, 1), (1, 1, 1), (1, 1, 1), (1, 1, 1), (1, 1, 1), (1, 1, 1), (1, 1, 1), (1, 1, 1), (1, 1, 1), (1, 1, 1), (1, 1, 1), (1, 1, 1), (1, 1, 1), (1, 1, 1), (1, 1, 1), (1, 1, 1), (1, 1, 1), (1, 1, 1), (1, 1, 1), (1, 1, 1), (1, 1, 1), (1, 1, 1), (1, 1, 1), (1, 1, 1), (1, 1, 1), (1, 1, 1), (1, 1, 1), (1, 1, 1), (1, 1, 1), (1, 1, 1), (1, 1, 1), (1, 1, 1), (1, 1, 1), (1, 1, 1), (1, 1, 1), (1, 1, 1), (1, 1, 1), (1, 1, 1), (1, 1, 1), (1, 1, 1), (1, 1, 1), (1, 1, 1), (1, 1, 1), (1, 1, 1), (1, 1, 1)],
                9: [(1, 1, 1), (1, 1, 1), (1, 1, 1), (1, 1, 1), (1, 1, 1), (1, 1, 1), (1, 1, 1), (1, 1, 1), (1, 1, 1), (1, 1, 1), (1, 1, 1), (1, 1, 1), (1, 1, 1), (1, 1, 1), (1, 1, 1), (1, 1, 1), (1, 1, 1), (1, 1, 1), (1, 1, 1), (1, 1, 1), (1, 1, 1), (1, 1, 1), (1, 1, 1), (1, 1, 1), (1, 1, 1), (1, 1, 1), (1, 1, 1), (1, 1, 1), (1, 1, 1), (1, 1, 1), (1, 1, 1), (1, 1, 1), (1, 1, 1), (1, 1, 1), (1, 1, 1), (1, 1, 1), (1, 1, 1), (1, 1, 1), (1, 1, 1), (1, 1, 1), (1, 1, 1), (1, 1, 1), (1, 1, 1), (1, 1, 1), (1, 1, 1), (1, 1, 1), (1, 1, 1), (1, 1, 1), (1, 1, 1), (1, 1, 1), (1, 1, 1), (1, 1, 1), (1, 1, 1), (1, 1, 1), (1, 1, 1), (1, 1, 1), (1, 1, 1), (1, 1, 1), (1, 1, 1), (1, 1, 1), (1, 1, 1), (1, 1, 1), (1, 1, 1), (1, 1, 1), (1, 1, 1), (1, 1, 1), (1, 1, 1), (1, 1, 1), (1, 1, 1), (1, 1, 1), (1, 1, 1), (1, 1, 1), (1, 1, 1), (1, 1, 1), (1, 1, 1), (1, 1, 1), (1, 1, 1), (1, 1, 1), (1, 1, 1), (1, 1, 1), (1, 1, 1), (1, 1, 1), (1, 1, 1), (1, 1, 1), (1, 1, 1), (1, 1, 1), (1, 1, 1), (1, 1, 1), (1, 1, 1), (1, 1, 1), (1, 1, 1), (1, 1, 1), (1, 1, 1), (1, 1, 1), (1, 1, 1), (1, 1, 1), (1, 1, 1), (1, 1, 1), (1, 1, 1), (1, 1, 1), (1, 1, 1), (1, 1, 1), (1, 1, 1), (1, 1, 1), (1, 1, 1), (1, 1, 1), (1, 1, 1), (1, 1, 1), (1, 1, 1), (1, 1, 1), (1, 1, 1), (1, 1, 1), (1, 1, 1), (1, 1, 1), (1, 1, 1)],
                10: [(1, 1, 1), (1, 1, 1), (1, 1, 1), (1, 1, 1), (1, 1, 1), (1, 1, 1), (1, 1, 1), (1, 1, 1), (1, 1, 1), (1, 1, 1), (1, 1, 1), (1, 1, 1), (1, 1, 1), (1, 1, 1), (1, 1, 1), (1, 1, 1), (1, 1, 1), (1, 1, 1), (1, 1, 1), (1, 1, 1), (1, 1, 1), (1, 1, 1), (1, 1, 1), (1, 1, 1), (1, 1, 1), (1, 1, 1), (1, 1, 1), (1, 1, 1), (1, 1, 1), (1, 1, 1), (1, 1, 1), (1, 1, 1), (1, 1, 1), (1, 1, 1), (1, 1, 1), (1, 1, 1), (1, 1, 1), (1, 1, 1), (1, 1, 1), (1, 1, 1), (1, 1, 1), (1, 1, 1), (1, 1, 1), (1, 1, 1), (1, 1, 1), (1, 1, 1), (1, 1, 1), (1, 1, 1), (1, 1, 1), (1, 1, 1), (1, 1, 1), (1, 1, 1), (1, 1, 1), (1, 1, 1), (1, 1, 1), (1, 1, 1), (1, 1, 1), (1, 1, 1), (1, 1, 1), (1, 1, 1), (1, 1, 1), (1, 1, 1), (1, 1, 1), (1, 1, 1), (1, 1, 1), (1, 1, 1), (1, 1, 1), (1, 1, 1), (1, 1, 1), (1, 1, 1), (1, 1, 1), (1, 1, 1), (1, 1, 1), (1, 1, 1), (1, 1, 1), (1, 1, 1), (1, 1, 1), (1, 1, 1), (1, 1, 1), (1, 1, 1), (1, 1, 1), (1, 1, 1), (1, 1, 1), (1, 1, 1), (1, 1, 1), (1, 1, 1), (1, 1, 1), (1, 1, 1), (1, 1, 1), (1, 1, 1), (1, 1, 1), (1, 1, 1), (1, 1, 1), (1, 1, 1), (1, 1, 1), (1, 1, 1), (1, 1, 1), (1, 1, 1), (1, 1, 1), (1, 1, 1), (1, 1, 1), (1, 1, 1), (1, 1, 1), (1, 1, 1), (1, 1, 1), (1, 1, 1), (1, 1, 1), (1, 1, 1), (1, 1, 1), (1, 1, 1), (1, 1, 1), (1, 1, 1), (1, 1, 1), (1, 1, 1), (1, 1, 1)],
                11: [(1, 1, 1), (1, 1, 1), (1, 1, 1), (1, 1, 1), (1, 1, 1), (1, 1, 1), (1, 1, 1), (1, 1, 1), (1, 1, 1), (1, 1, 1), (1, 1, 1), (1, 1, 1), (1, 1, 1), (1, 1, 1), (1, 1, 1), (1, 1, 1), (1, 1, 1), (1, 1, 1), (1, 1, 1), (1, 1, 1), (1, 1, 1), (1, 1, 1), (1, 1, 1), (1, 1, 1), (1, 1, 1), (1, 1, 1), (1, 1, 1), (1, 1, 1), (1, 1, 1), (1, 1, 1), (1, 1, 1), (1, 1, 1), (1, 1, 1), (1, 1, 1), (1, 1, 1), (1, 1, 1), (1, 1, 1), (1, 1, 1), (1, 1, 1), (1, 1, 1), (1, 1, 1), (1, 1, 1), (1, 1, 1), (1, 1, 1), (1, 1, 1), (1, 1, 1), (1, 1, 1), (1, 1, 1), (1, 1, 1), (1, 1, 1), (1, 1, 1), (1, 1, 1), (1, 1, 1), (1, 1, 1), (1, 1, 1), (1, 1, 1), (1, 1, 1), (1, 1, 1), (1, 1, 1), (1, 1, 1), (1, 1, 1), (1, 1, 1), (1, 1, 1), (1, 1, 1), (1, 1, 1), (1, 1, 1), (1, 1, 1), (1, 1, 1), (1, 1, 1), (1, 1, 1), (1, 1, 1), (1, 1, 1), (1, 1, 1), (1, 1, 1), (1, 1, 1), (1, 1, 1), (1, 1, 1), (1, 1, 1), (1, 1, 1), (1, 1, 1), (1, 1, 1), (1, 1, 1), (1, 1, 1), (1, 1, 1), (1, 1, 1), (1, 1, 1), (1, 1, 1), (1, 1, 1), (1, 1, 1), (1, 1, 1), (1, 1, 1), (1, 1, 1), (1, 1, 1), (1, 1, 1), (1, 1, 1), (1, 1, 1), (1, 1, 1), (1, 1, 1), (1, 1, 1), (1, 1, 1), (1, 1, 1), (1, 1, 1), (1, 1, 1), (1, 1, 1), (1, 1, 1), (1, 1, 1), (1, 1, 1), (1, 1, 1), (1, 1, 1), (1, 1, 1), (1, 1, 1), (1, 1, 1), (1, 1, 1), (1, 1, 1), (1, 1, 1)],
                12: [(1, 1, 1), (1, 1, 1), (1, 1, 1), (1, 1, 1), (1, 1, 1), (1, 1, 1), (1, 1, 1), (1, 1, 1), (1, 1, 1), (1, 1, 1), (1, 1, 1), (1, 1, 1), (1, 1, 1), (1, 1, 1), (1, 1, 1), (1, 1, 1), (1, 1, 1), (1, 1, 1), (1, 1, 1), (1, 1, 1), (1, 1, 1), (1, 1, 1), (1, 1, 1), (1, 1, 1), (1, 1, 1), (1, 1, 1), (1, 1, 1), (1, 1, 1), (1, 1, 1), (1, 1, 1), (1, 1, 1), (1, 1, 1), (1, 1, 1), (1, 1, 1), (1, 1, 1), (1, 1, 1), (1, 1, 1), (1, 1, 1), (1, 1, 1), (1, 1, 1), (1, 1, 1), (1, 1, 1), (1, 1, 1), (1, 1, 1), (1, 1, 1), (1, 1, 1), (1, 1, 1), (1, 1, 1), (1, 1, 1), (1, 1, 1), (1, 1, 1), (1, 1, 1), (1, 1, 1), (1, 1, 1), (1, 1, 1), (1, 1, 1), (1, 1, 1), (1, 1, 1), (1, 1, 1), (1, 1, 1), (1, 1, 1), (1, 1, 1), (1, 1, 1), (1, 1, 1), (1, 1, 1), (1, 1, 1), (1, 1, 1), (1, 1, 1), (1, 1, 1), (1, 1, 1), (1, 1, 1), (1, 1, 1), (1, 1, 1), (1, 1, 1), (1, 1, 1), (1, 1, 1), (1, 1, 1), (1, 1, 1), (1, 1, 1), (1, 1, 1), (1, 1, 1), (1, 1, 1), (1, 1, 1), (1, 1, 1), (1, 1, 1), (1, 1, 1), (1, 1, 1), (1, 1, 1), (1, 1, 1), (1, 1, 1), (1, 1, 1), (1, 1, 1), (1, 1, 1), (1, 1, 1), (1, 1, 1), (1, 1, 1), (1, 1, 1), (1, 1, 1), (1, 1, 1), (1, 1, 1), (1, 1, 1), (1, 1, 1), (1, 1, 1), (1, 1, 1), (1, 1, 1), (1, 1, 1), (1, 1, 1), (1, 1, 1), (1, 1, 1), (1, 1, 1), (1, 1, 1), (1, 1, 1), (1, 1, 1), (1, 1, 1), (1, 1, 1)],
                13: [(1, 1, 1), (1, 1, 1), (1, 1, 1), (1, 1, 1), (1, 1, 1), (1, 1, 1), (1, 1, 1), (1, 1, 1), (1, 1, 1), (1, 1, 1), (1, 1, 1), (1, 1, 1), (1, 1, 1), (1, 1, 1), (1, 1, 1), (1, 1, 1), (1, 1, 1), (1, 1, 1), (1, 1, 1), (1, 1, 1), (1, 1, 1), (1, 1, 1), (1, 1, 1), (1, 1, 1), (1, 1, 1), (1, 1, 1), (1, 1, 1), (1, 1, 1), (1, 1, 1), (1, 1, 1), (1, 1, 1), (1, 1, 1), (1, 1, 1), (1, 1, 1), (1, 1, 1), (1, 1, 1), (1, 1, 1), (1, 1, 1), (1, 1, 1), (1, 1, 1), (1, 1, 1), (1, 1, 1), (1, 1, 1), (1, 1, 1), (1, 1, 1), (1, 1, 1), (1, 1, 1), (1, 1, 1), (1, 1, 1), (1, 1, 1), (1, 1, 1), (1, 1, 1), (1, 1, 1), (1, 1, 1), (1, 1, 1), (1, 1, 1), (1, 1, 1), (1, 1, 1), (1, 1, 1), (1, 1, 1), (1, 1, 1), (1, 1, 1), (1, 1, 1), (1, 1, 1), (1, 1, 1), (1, 1, 1), (1, 1, 1), (1, 1, 1), (1, 1, 1), (1, 1, 1), (1, 1, 1), (1, 1, 1), (1, 1, 1), (1, 1, 1), (1, 1, 1), (1, 1, 1), (1, 1, 1), (1, 1, 1), (1, 1, 1), (1, 1, 1), (1, 1, 1), (1, 1, 1), (1, 1, 1), (1, 1, 1), (1, 1, 1), (1, 1, 1), (1, 1, 1), (1, 1, 1), (1, 1, 1), (1, 1, 1), (1, 1, 1), (1, 1, 1), (1, 1, 1), (1, 1, 1), (1, 1, 1), (1, 1, 1), (1, 1, 1), (1, 1, 1), (1, 1, 1), (1, 1, 1), (1, 1, 1), (1, 1, 1), (1, 1, 1), (1, 1, 1), (1, 1, 1), (1, 1, 1), (1, 1, 1), (1, 1, 1), (1, 1, 1), (1, 1, 1), (1, 1, 1), (1, 1, 1), (1, 1, 1), (1, 1, 1), (1, 1, 1)],
                14: [(1, 1, 1), (1, 1, 1), (1, 1, 1), (1, 1, 1), (1, 1, 1), (1, 1, 1), (1, 1, 1), (1, 1, 1), (1, 1, 1), (1, 1, 1), (1, 1, 1), (1, 1, 1), (1, 1, 1), (1, 1, 1), (1, 1, 1), (1, 1, 1), (1, 1, 1), (1, 1, 1), (1, 1, 1), (1, 1, 1), (1, 1, 1), (1, 1, 1), (1, 1, 1), (1, 1, 1), (1, 1, 1), (1, 1, 1), (1, 1, 1), (1, 1, 1), (1, 1, 1), (1, 1, 1), (1, 1, 1), (1, 1, 1), (1, 1, 1), (1, 1, 1), (1, 1, 1), (1, 1, 1), (1, 1, 1), (1, 1, 1), (1, 1, 1), (1, 1, 1), (1, 1, 1), (1, 1, 1), (1, 1, 1), (1, 1, 1), (1, 1, 1), (1, 1, 1), (1, 1, 1), (1, 1, 1), (1, 1, 1), (1, 1, 1), (1, 1, 1), (1, 1, 1), (1, 1, 1), (1, 1, 1), (1, 1, 1), (1, 1, 1), (1, 1, 1), (1, 1, 1), (1, 1, 1), (1, 1, 1), (1, 1, 1), (1, 1, 1), (1, 1, 1), (1, 1, 1), (1, 1, 1), (1, 1, 1), (1, 1, 1), (1, 1, 1), (1, 1, 1), (1, 1, 1), (1, 1, 1), (1, 1, 1), (1, 1, 1), (1, 1, 1), (1, 1, 1), (1, 1, 1), (1, 1, 1), (1, 1, 1), (1, 1, 1), (1, 1, 1), (1, 1, 1), (1, 1, 1), (1, 1, 1), (1, 1, 1), (1, 1, 1), (1, 1, 1), (1, 1, 1), (1, 1, 1), (1, 1, 1), (1, 1, 1), (1, 1, 1), (1, 1, 1), (1, 1, 1), (1, 1, 1), (1, 1, 1), (1, 1, 1), (1, 1, 1), (1, 1, 1), (1, 1, 1), (1, 1, 1), (1, 1, 1), (1, 1, 1), (1, 1, 1), (1, 1, 1), (1, 1, 1), (1, 1, 1), (1, 1, 1), (1, 1, 1), (1, 1, 1), (1, 1, 1), (1, 1, 1), (1, 1, 1), (1, 1, 1), (1, 1, 1), (1, 1, 1)],
                15: [(1, 1, 1), (1, 1, 1), (1, 1, 1), (1, 1, 1), (1, 1, 1), (1, 1, 1), (1, 1, 1), (1, 1, 1), (1, 1, 1), (1, 1, 1), (1, 1, 1), (1, 1, 1), (1, 1, 1), (1, 1, 1), (1, 1, 1), (1, 1, 1), (1, 1, 1), (1, 1, 1), (1, 1, 1), (1, 1, 1), (1, 1, 1), (1, 1, 1), (1, 1, 1), (1, 1, 1), (1, 1, 1), (1, 1, 1), (1, 1, 1), (1, 1, 1), (1, 1, 1), (1, 1, 1), (1, 1, 1), (1, 1, 1), (1, 1, 1), (1, 1, 1), (1, 1, 1), (1, 1, 1), (1, 1, 1), (1, 1, 1), (1, 1, 1), (1, 1, 1), (1, 1, 1), (1, 1, 1), (1, 1, 1), (1, 1, 1), (1, 1, 1), (1, 1, 1), (1, 1, 1), (1, 1, 1), (1, 1, 1), (1, 1, 1), (1, 1, 1), (1, 1, 1), (1, 1, 1), (1, 1, 1), (1, 1, 1), (1, 1, 1), (1, 1, 1), (1, 1, 1), (1, 1, 1), (1, 1, 1), (1, 1, 1), (1, 1, 1), (1, 1, 1), (1, 1, 1), (1, 1, 1), (1, 1, 1), (1, 1, 1), (1, 1, 1), (1, 1, 1), (1, 1, 1), (1, 1, 1), (1, 1, 1), (1, 1, 1), (1, 1, 1), (1, 1, 1), (1, 1, 1), (1, 1, 1), (1, 1, 1), (1, 1, 1), (1, 1, 1), (1, 1, 1), (1, 1, 1), (1, 1, 1), (1, 1, 1), (1, 1, 1), (1, 1, 1), (1, 1, 1), (1, 1, 1), (1, 1, 1), (1, 1, 1), (1, 1, 1), (1, 1, 1), (1, 1, 1), (1, 1, 1), (1, 1, 1), (1, 1, 1), (1, 1, 1), (1, 1, 1), (1, 1, 1), (1, 1, 1), (1, 1, 1), (1, 1, 1), (1, 1, 1), (1, 1, 1), (1, 1, 1), (1, 1, 1), (1, 1, 1), (1, 1, 1), (1, 1, 1), (1, 1, 1), (1, 1, 1), (1, 1, 1), (1, 1, 1), (1, 1, 1), (1, 1, 1)],
                16: [(1, 1, 1), (1, 1, 1), (1, 1, 1), (1, 1, 1), (1, 1, 1), (1, 1, 1), (1, 1, 1), (1, 1, 1), (1, 1, 1), (1, 1, 1), (1, 1, 1), (1, 1, 1), (1, 1, 1), (1, 1, 1), (1, 1, 1), (1, 1, 1), (1, 1, 1), (1, 1, 1), (1, 1, 1), (1, 1, 1), (1, 1, 1), (1, 1, 1), (1, 1, 1), (1, 1, 1), (1, 1, 1), (1, 1, 1), (1, 1, 1), (1, 1, 1), (1, 1, 1), (1, 1, 1), (1, 1, 1), (1, 1, 1), (1, 1, 1), (1, 1, 1), (1, 1, 1), (1, 1, 1), (1, 1, 1), (1, 1, 1), (1, 1, 1), (1, 1, 1), (1, 1, 1), (1, 1, 1), (1, 1, 1), (1, 1, 1), (1, 1, 1), (1, 1, 1), (1, 1, 1), (1, 1, 1), (1, 1, 1), (1, 1, 1), (1, 1, 1), (1, 1, 1), (1, 1, 1), (1, 1, 1), (1, 1, 1), (1, 1, 1), (1, 1, 1), (1, 1, 1), (1, 1, 1), (1, 1, 1), (1, 1, 1), (1, 1, 1), (1, 1, 1), (1, 1, 1), (1, 1, 1), (1, 1, 1), (1, 1, 1), (1, 1, 1), (1, 1, 1), (1, 1, 1), (1, 1, 1), (1, 1, 1), (1, 1, 1), (1, 1, 1), (1, 1, 1), (1, 1, 1), (1, 1, 1), (1, 1, 1), (1, 1, 1), (1, 1, 1), (1, 1, 1), (1, 1, 1), (1, 1, 1), (1, 1, 1), (1, 1, 1), (1, 1, 1), (1, 1, 1), (1, 1, 1), (1, 1, 1), (1, 1, 1), (1, 1, 1), (1, 1, 1), (1, 1, 1), (1, 1, 1), (1, 1, 1), (1, 1, 1), (1, 1, 1), (1, 1, 1), (1, 1, 1), (1, 1, 1), (1, 1, 1), (1, 1, 1), (1, 1, 1), (1, 1, 1), (1, 1, 1), (1, 1, 1), (1, 1, 1), (1, 1, 1), (1, 1, 1), (1, 1, 1), (1, 1, 1), (1, 1, 1), (1, 1, 1), (1, 1, 1), (1, 1, 1)],
                17: [(1, 1, 1), (1, 1, 1), (1, 1, 1), (1, 1, 1), (1, 1, 1), (1, 1, 1), (1, 1, 1), (1, 1, 1), (1, 1, 1), (1, 1, 1), (1, 1, 1), (1, 1, 1), (1, 1, 1), (1, 1, 1), (1, 1, 1), (1, 1, 1), (1, 1, 1), (1, 1, 1), (1, 1, 1), (1, 1, 1), (1, 1, 1), (1, 1, 1), (1, 1, 1), (1, 1, 1), (1, 1, 1), (1, 1, 1), (1, 1, 1), (1, 1, 1), (1, 1, 1), (1, 1, 1), (1, 1, 1), (1, 1, 1), (1, 1, 1), (1, 1, 1), (1, 1, 1), (1, 1, 1), (1, 1, 1), (1, 1, 1), (1, 1, 1), (1, 1, 1), (1, 1, 1), (1, 1, 1), (1, 1, 1), (1, 1, 1), (1, 1, 1), (1, 1, 1), (1, 1, 1), (1, 1, 1), (1, 1, 1), (1, 1, 1), (1, 1, 1), (1, 1, 1), (1, 1, 1), (1, 1, 1), (1, 1, 1), (1, 1, 1), (1, 1, 1), (1, 1, 1), (1, 1, 1), (1, 1, 1), (1, 1, 1), (1, 1, 1), (1, 1, 1), (1, 1, 1), (1, 1, 1), (1, 1, 1), (1, 1, 1), (1, 1, 1), (1, 1, 1), (1, 1, 1), (1, 1, 1), (1, 1, 1), (1, 1, 1), (1, 1, 1), (1, 1, 1), (1, 1, 1), (1, 1, 1), (1, 1, 1), (1, 1, 1), (1, 1, 1), (1, 1, 1), (1, 1, 1), (1, 1, 1), (1, 1, 1), (1, 1, 1), (1, 1, 1), (1, 1, 1), (1, 1, 1), (1, 1, 1), (1, 1, 1), (1, 1, 1), (1, 1, 1), (1, 1, 1), (1, 1, 1), (1, 1, 1), (1, 1, 1), (1, 1, 1), (1, 1, 1), (1, 1, 1), (1, 1, 1), (1, 1, 1), (1, 1, 1), (1, 1, 1), (1, 1, 1), (1, 1, 1), (1, 1, 1), (1, 1, 1), (1, 1, 1), (1, 1, 1), (1, 1, 1), (1, 1, 1), (1, 1, 1), (1, 1, 1), (1, 1, 1), (1, 1, 1)],
                18: [(1, 1, 1), (1, 1, 1), (1, 1, 1), (1, 1, 1), (1, 1, 1), (1, 1, 1), (1, 1, 1), (1, 1, 1), (1, 1, 1), (1, 1, 1), (1, 1, 1), (1, 1, 1), (1, 1, 1), (1, 1, 1), (1, 1, 1), (1, 1, 1), (1, 1, 1), (1, 1, 1), (1, 1, 1), (1, 1, 1), (1, 1, 1), (1, 1, 1), (1, 1, 1), (1, 1, 1), (1, 1, 1), (1, 1, 1), (1, 1, 1), (1, 1, 1), (1, 1, 1), (1, 1, 1), (1, 1, 1), (1, 1, 1), (1, 1, 1), (1, 1, 1), (1, 1, 1), (1, 1, 1), (1, 1, 1), (1, 1, 1), (1, 1, 1), (1, 1, 1), (1, 1, 1), (1, 1, 1), (1, 1, 1), (1, 1, 1), (1, 1, 1), (1, 1, 1), (1, 1, 1), (1, 1, 1), (1, 1, 1), (1, 1, 1), (1, 1, 1), (1, 1, 1), (1, 1, 1), (1, 1, 1), (1, 1, 1), (1, 1, 1), (1, 1, 1), (1, 1, 1), (1, 1, 1), (1, 1, 1), (1, 1, 1), (1, 1, 1), (1, 1, 1), (1, 1, 1), (1, 1, 1), (1, 1, 1), (1, 1, 1), (1, 1, 1), (1, 1, 1), (1, 1, 1), (1, 1, 1), (1, 1, 1), (1, 1, 1), (1, 1, 1), (1, 1, 1), (1, 1, 1), (1, 1, 1), (1, 1, 1), (1, 1, 1), (1, 1, 1), (1, 1, 1), (1, 1, 1), (1, 1, 1), (1, 1, 1), (1, 1, 1), (1, 1, 1), (1, 1, 1), (1, 1, 1), (1, 1, 1), (1, 1, 1), (1, 1, 1), (1, 1, 1), (1, 1, 1), (1, 1, 1), (1, 1, 1), (1, 1, 1), (1, 1, 1), (1, 1, 1), (1, 1, 1), (1, 1, 1), (1, 1, 1), (1, 1, 1), (1, 1, 1), (1, 1, 1), (1, 1, 1), (1, 1, 1), (1, 1, 1), (1, 1, 1), (1, 1, 1), (1, 1, 1), (1, 1, 1), (1, 1, 1), (1, 1, 1), (1, 1, 1), (1, 1, 1)],
            }
            float3[] translations.timeSamples = {
                0: [(0, 0, 0), (-1.0654185, 70.71691, 5.279554), (1.2930719, 0, -1.0477379e-7), (5.2178035, 0, -6.519258e-7), (3.744708, -7.4505806e-7, -0.000001071021), (6.990184, -0.0000022351742, -0.000002188608), (10.2749605, 0.6405696, 3.5419285), (14.975691, 0.0000029802322, 0.000011641532), (24.433214, 0.000010430813, 0.000010803342), (0, -9.536743e-7, -0.0000076293945), (9.372477, -0.000004656613, -3.7252903e-7), (17.417675, -0.0000022351742, 0.0000059604645), (22.191656, 0.0000014901161, -0.000017881393), (22.19165, 0.0000022351742, -0.000017881393), (3.672721, 0.8413704, -1.560429), (8.801956, -0.70816165, 0.10752138), (5.1772833, -0.000025029294, 0.0000022351742), (3.7056122, 0.00003129244, -0.000016018748), (3.8581161, 0.5822913, -0.27958545), (8.493028, -0.79884046, 0.17607343), (5.7173758, 0.000007811468, -0.000003911555), (4.0562334, -0.0000014901161, 0.0000033527613), (-0.09195709, 0.12400055, -0.010784148), (3.5887837, 1.1416249, 2.4735723), (7.0918164, 0.000121444464, -0.00023543835), (4.3987436, 0.000016344711, 0.0000029802322), (3.27436, -0.000023841858, 7.4505806e-7), (3.8142319, 0.764558, 1.0260724), (7.8576984, -0.6649554, 0.17099194), (5.2927456, 0.000006170012, -1.8626451e-7), (3.9508004, 0.0000074505806, -0.000009872019), (2.0732503, 1.370788, -1.1416793), (4.845152, 0.0000031664968, 0.0000041909516), (4.5924015, -0.00001611188, -0.000013411045), (4.7306986, 0.000016577542, 0.0000063329935), (6.221275, 4.116287, -0.5343933), (10.164346, 0.0000018626451, 0.0000018626451), (17.01056, 0.0000074505806, -0.0000048428774), (24.433214, 0.000011175871, 0.0000048428774), (13.022539, -2.1651678, -1.8626451e-7), (9.848011, 3.7252903e-7, 0), (35.19049, 0.0000029802322, -0.000002561137), (35.19049, 0.0000029802322, -0.000002561137), (15.660492, 16.189648, 0), (15.660492, 16.189646, -8.84078), (-0.0000023841856, 0.000030517578, 0.0000038146973), (15.660492, 16.189651, 8.840538), (-9.536743e-7, 0.000015258789, -0.0000038146973), (49.653168, 0.0000021457672, 0), (10.274698, 0.6405696, -3.5419352), (-14.975637, 0.000006146729, 0.000104121864), (-24.432867, 0.00002256129, 0.00046491623), (-0.0000038146973, -9.536743e-7, -0.0000076293945), (-9.372854, 0.000012665987, -0.0003779307), (-17.41758, -0.0000044703484, 0.000055879354), (-22.19162, -0.0000022351742, -0.000098347664), (-22.191624, -0.0000067055225, -0.000101327896), (-3.6729426, -0.8415825, 1.5604291), (-8.801958, 0.7081237, -0.10752818), (-5.177281, 0.000046007335, 0.0000074505806), (-3.70563, -0.00003138557, -0.000022351742), (-3.8584323, -0.58246326, 0.27958238), (-8.492969, 0.7988287, -0.17606811), (-5.717316, -0.00001564622, 0), (-4.0562806, -0.000023469329, -0.0000027008355), (0.091976166, -0.12399291, 0.010787964), (-3.5890036, -1.1418295, -2.47357), (-7.0918603, -0.000084377825, 0.0002514571), (-4.398759, -0.000023283064, -0.000019557774), (-3.2743037, -0.000052992254, -0.000022910535), (-3.8144906, -0.7647846, -1.0260733), (-7.8577204, 0.6649021, -0.17099501), (-5.292707, 0.000014528632, 0.0000027939677), (-3.9507627, 0.000023841858, -0.00001071021), (-2.0734954, -1.3709726, 1.141673), (-4.845178, -0.00008442439, 0.00005979091), (-4.5923753, 0.000025425106, -0.000023283064), (-4.730727, -0.00004786998, -0.000067427754), (-6.221695, -4.1602554, 0.5392237), (-10.163932, 0.00001937733, 0.0004015863), (-17.0106, 0.0000035390258, 0.00007301569), (-24.432865, 0.000026240014, 0.00046044588), (0, -21.82326, 0), (-8.836781, -1.2101107, 12.839161), (25.313759, 0.0000029802322, -7.4505806e-7), (20.165474, 0.0000018626451, -7.4505806e-7), (6.1877875, 18.35779, -0.0000029802322), (4.3955965, -0.000010989606, -0.0000014901161), (-0.000008106232, 2.3841858e-7, 0), (8.418913, 8.931866, 0.4361162), (-0.0005760193, 0.0000063776965, 0.00000667572), (8.940628, 0.02755709, 0.03427118), (14.553043, 0.027557462, 0.034271926), (20.165482, 0.027561188, 0.034270436), (3.7062585, -0.030490756, 0.06855866), (12.404187, -0.030488893, 0.06856322), (23.568111, -0.015246868, 0.034276396), (-8.836794, -1.2101078, -12.839156), (-25.313768, 0, -0.0000059604645), (-20.165451, -0.0000022351742, 0.000007636845), (-6.1877685, -18.357792, 0.0000026077032), (-4.3955364, -0.000020395964, 0.0000044703484), (0.000015735626, -4.7683716e-7, 0), (-8.335918, -8.935716, -0.4293413), (0.0005722046, -0.00000667572, -0.0000019073486), (-8.940593, -0.027557835, -0.034268223), (-14.55302, -0.027560443, -0.03426592), (-20.165459, -0.027561188, -0.034257956), (-3.7062943, 0.030492712, -0.06856285), (-12.404208, 0.030492619, -0.06856285), (-23.568121, 0.015252084, -0.03428608), (0, 17.275574, 15.934012), (-0.0000076293945, -25.918028, 14.670022), (0, 17.795464, -16.41353), (0, -26.337646, -14.907532)],
                1: [(0, 0, 0), (-1.188698, 72.33722, 5.0966935), (1.2930727, -1.6298145e-7, -3.4924597e-8), (5.2178054, -0.0000013969839, -0.0000010011718), (3.7447028, 3.7252903e-7, -8.1490725e-7), (6.990181, -0.0000016763806, -0.0000017695129), (10.2749605, 0.6405685, 3.541929), (14.975693, 9.080395e-7, 0.0000059371814), (24.4332, 0, 0.0000052154064), (0, -9.536743e-7, -0.0000076293945), (9.37247, -0.0000055879354, 7.4505806e-7), (17.417665, -0.000006100163, 0.0000074505806), (22.19164, 0.0000013038516, -0.000014156103), (22.191637, -0.0000013969839, -0.000017136335), (3.672719, 0.8413682, -1.5604304), (8.801947, -0.70816034, 0.10752883), (5.1772695, -0.000022252789, 0.000007590279), (3.7056074, 0.00003008172, -0.000014062971), (3.8581128, 0.58229023, -0.2795814), (8.493018, -0.7988453, 0.17607418), (5.717363, 0.0000042491592, -0.0000027939677), (4.056225, -5.5879354e-7, 0.000002142042), (-0.09195709, 0.12400055, -0.010784148), (3.5887837, 1.1416221, 2.4735706), (7.0918097, 0.00011897646, -0.00023301691), (4.3987355, 0.000013853423, 0.000004749745), (3.2743552, -0.000021979213, -0.000001071021), (3.8142323, 0.76455414, 1.0260684), (7.8576884, -0.66495824, 0.17099735), (5.2927375, 0.000004307367, -0.0000022351742), (3.9507937, 0.000008800998, -0.000012014061), (2.0732493, 1.370787, -1.141678), (4.8451385, 0.000009313226, 0.000004989124), (4.59239, -0.000013434328, -0.000009313226), (4.730691, 0.00001664157, 0.000013411045), (6.221275, 4.116287, -0.5343933), (10.164343, -0.0000024214387, -0.0000013038516), (17.010555, -7.4505806e-7, -0.000008940697), (24.433205, 3.7252903e-7, -5.5879354e-7), (13.022534, -2.1651678, -5.5879354e-7), (9.8480015, 0.0000031664968, 6.024493e-7), (35.190483, 0.0000037252903, 0.0000031199306), (35.190483, 0.0000037252903, 0.0000031199306), (15.660492, 16.189648, 0), (15.660492, 16.189646, -8.84078), (-0.0000023841856, 0.000030517578, 0.0000038146973), (15.660492, 16.189651, 8.840538), (-9.536743e-7, 0.000015258789, -0.0000038146973), (49.653168, 0.0000021457672, 0), (10.274696, 0.64057076, -3.5419345), (-14.975637, 0.0000056810677, 0.000106636435), (-24.432873, 0.000028172508, 0.0004656613), (-0.0000038146973, -9.536743e-7, -0.0000076293945), (-9.372857, 0.000013038516, -0.0003819354), (-17.417591, 0.0000011175871, 0.000046752393), (-22.191626, -0.0000052154064, -0.00011026859), (-22.19163, -0.00000782311, -0.00011026859), (-3.6729426, -0.8415838, 1.5604321), (-8.801963, 0.708122, -0.107530646), (-5.177288, 0.000045169145, 0.000007636845), (-3.7056355, -0.000029895455, -0.000022212043), (-3.858438, -0.58246666, 0.27957964), (-8.492975, 0.7988266, -0.17607175), (-5.717326, -0.000015925616, -3.7252903e-7), (-4.0562897, -0.000022817403, 2.3283064e-7), (0.091976166, -0.12399291, 0.010787964), (-3.589008, -1.1418307, -2.4735718), (-7.091869, -0.000085588545, 0.0002494082), (-4.398767, -0.000024493784, -0.000020768493), (-3.2743084, -0.00005462207, -0.000022165477), (-3.8144965, -0.7647871, -1.0260761), (-7.857728, 0.66490155, -0.1709986), (-5.2927117, 0.000013317913, 0.0000019557774), (-3.9507654, 0.000024121255, -0.000011362135), (-2.0734975, -1.3709744, 1.1416728), (-4.8451843, -0.00008244533, 0.000060349703), (-4.5923805, 0.00002430752, -0.000023469329), (-4.7307334, -0.0000490807, -0.00006686896), (-6.221695, -4.1602554, 0.5392237), (-10.163937, 0.000020908192, 0.00039879233), (-17.010603, 0.000008800998, 0.00007413328), (-24.43287, 0.000031432137, 0.00046119094), (0, -21.82326, 0), (-8.836779, -1.2101107, 12.839158), (25.31377, 0.0000033527613, -0.0000026077032), (20.165482, 0.0000022351742, -0.0000026077032), (6.187787, 18.357786, -0.0000033993274), (4.3955965, -0.000010698568, -0.0000016530976), (-0.000008106232, 2.3841858e-7, 0), (8.418913, 8.931866, 0.4361162), (-0.0005760193, 0.0000063776965, 0.00000667572), (8.940629, 0.027557742, 0.034270994), (14.553046, 0.027557276, 0.034271553), (20.165482, 0.027563237, 0.034268573), (3.7062607, -0.030491268, 0.06855866), (12.404189, -0.030487962, 0.068562105), (23.568123, -0.015246123, 0.03427379), (-8.836791, -1.21011, -12.839153), (-25.313768, 0.0000029802322, -0.0000059604645), (-20.165453, -0.0000026077032, 0.0000070780516), (-6.1877675, -18.357792, 0.0000045169145), (-4.3955364, -0.00002089655, 0.000004749745), (0.000015735626, -4.7683716e-7, 0), (-8.335918, -8.935716, -0.4293413), (0.0005722046, -0.00000667572, -0.0000019073486), (-8.940593, -0.027558394, -0.03426764), (-14.553018, -0.027558953, -0.03426755), (-20.165457, -0.027563795, -0.034260005), (-3.7062974, 0.03049071, -0.068562664), (-12.404206, 0.030494109, -0.06856322), (-23.568123, 0.015250966, -0.03428608), (0, 17.275574, 15.934012), (-0.0000076293945, -25.918028, 14.670022), (0, 17.795464, -16.41353), (0, -26.337646, -14.907532)],
                2: [(0, 0, 0), (-1.527691, 75.656555, 5.2092834), (1.2930771, -0.0000011175871, -4.656613e-8), (5.2178054, -7.4505806e-7, -3.7252903e-7), (3.7447028, 0, -2.7939677e-7), (6.9901795, -7.4505806e-7, -0.0000013038516), (10.274956, 0.6405696, 3.5419285), (14.975693, 7.4505806e-7, 0.000005401671), (24.433208, 0.000008940697, 0.000009685755), (0, -9.536743e-7, -0.0000076293945), (9.372475, -0.0000018626451, -7.4505806e-7), (17.417673, 0.0000022351742, 0.0000029802322), (22.191654, -7.4505806e-7, -0.000017881393), (22.191647, 0.0000022351742, -0.000017881393), (3.6727235, 0.84136987, -1.560432), (8.801959, -0.7081591, 0.1075238), (5.1772833, -0.000023283064, 0.0000031664968), (3.7056155, 0.000030174851, -0.000014528632), (3.8581185, 0.5822912, -0.27958584), (8.493028, -0.7988408, 0.17607324), (5.717377, 0.00000949949, -0.0000055879354), (4.056237, -0.0000011175871, 0.000007264316), (-0.09195709, 0.12400055, -0.010784148), (3.5887833, 1.1416264, 2.4735744), (7.091821, 0.00012218952, -0.00023320317), (4.398748, 0.000013224781, -0.0000052154064), (3.2743645, -0.000020861626, 0.000003911555), (3.8142343, 0.76455754, 1.0260725), (7.8577, -0.66495466, 0.1709953), (5.292747, 0.000010058284, 0.0000013038516), (3.9508064, 0.000008940697, -0.0000022351742), (2.0732527, 1.3707883, -1.1416811), (4.845146, 0.00000782311, 0.0000059604645), (4.5923986, -0.000016018748, -0.000011827797), (4.7307, 0.00001816079, 0.000008568168), (6.221275, 4.116287, -0.5343933), (10.1643505, 0.0000022351742, 0.0000022351742), (17.010551, 0.0000059604645, -0.000008940697), (24.433212, 0.0000074505806, 0.0000029802322), (13.022542, -2.1651685, -0.0000014901161), (9.848009, 7.4505806e-7, 5.122274e-7), (35.190495, 0.0000029802322, -0.0000026077032), (35.190495, 0.0000029802322, -0.0000026077032), (15.660492, 16.189648, 0), (15.660492, 16.189646, -8.84078), (-0.0000023841856, 0.000030517578, 0.0000038146973), (15.660492, 16.189651, 8.840538), (-9.536743e-7, 0.000015258789, -0.0000038146973), (49.653168, 0.0000021457672, 0), (10.274702, 0.64056814, -3.5419352), (-14.975638, 0.0000074505806, 0.00011101365), (-24.432873, 0.000029988587, 0.0004708767), (-0.0000038146973, -9.536743e-7, -0.0000076293945), (-9.372855, 0.000012665987, -0.0003773719), (-17.41758, -0.0000029802322, 0.000056624413), (-22.191616, -0.0000074505806, -0.00009909272), (-22.19162, -0.000010430813, -0.00009909272), (-3.672946, -0.84158516, 1.5604285), (-8.801966, 0.7081192, -0.10753237), (-5.177295, 0.000046938658, 0.0000029802322), (-3.7056372, -0.000027567148, -0.000025518239), (-3.858438, -0.58246684, 0.2795793), (-8.492968, 0.7988311, -0.17606542), (-5.7173214, -0.000014528632, -0.0000018626451), (-4.0562825, -0.000021979213, -0.000003911555), (0.091976166, -0.12399291, 0.010787964), (-3.5890095, -1.1418316, -2.4735742), (-7.091869, -0.00008530915, 0.00024847686), (-4.398763, -0.000024586916, -0.00001899898), (-3.2743096, -0.00005401671, -0.000020861626), (-3.8144968, -0.76478773, -1.0260767), (-7.8577294, 0.664901, -0.1710008), (-5.2927094, 0.000013783574, 0.0000026077032), (-3.950762, 0.000024586916, -0.0000128522515), (-2.0734987, -1.3709754, 1.1416708), (-4.8451805, -0.000086054206, 0.000058487058), (-4.5923786, 0.00002849847, -0.000021234155), (-4.7307277, -0.00004824251, -0.00006780028), (-6.221695, -4.1602554, 0.5392237), (-10.163933, 0.00002272427, 0.00040382147), (-17.010605, 0.000010803342, 0.000071525574), (-24.432873, 0.000031478703, 0.00045746565), (0, -21.82326, 0), (-8.8367815, -1.21011, 12.839161), (25.313763, 0.0000044703484, 0), (20.16548, 0.0000044703484, -0.0000044703484), (6.187793, 18.357822, 0.0000037252903), (4.3956, -0.00000949949, -0.0000029802322), (-0.000008106232, 2.3841858e-7, 0), (8.418913, 8.931866, 0.4361162), (-0.0005760193, 0.0000063776965, 0.00000667572), (8.94063, 0.027558208, 0.034270436), (14.553046, 0.027559325, 0.03426969), (20.165485, 0.027561188, 0.03427118), (3.706259, -0.030490756, 0.06855875), (12.404188, -0.030489266, 0.06856322), (23.568115, -0.015246868, 0.03427714), (-8.836792, -1.2101077, -12.839155), (-25.313768, 0, -0.0000074505806), (-20.165453, -0.0000029802322, 0.0000074505806), (-6.187769, -18.357796, 0.0000044703484), (-4.395535, -0.000020302832, 0.0000044703484), (0.000015735626, -4.7683716e-7, 0), (-8.335918, -8.935716, -0.4293413), (0.0005722046, -0.00000667572, -0.0000019073486), (-8.940594, -0.027558208, -0.03426671), (-14.553022, -0.027559698, -0.0342682), (-20.16546, -0.027561188, -0.03425926), (-3.7062929, 0.030492432, -0.06856285), (-12.404206, 0.030492246, -0.06856322), (-23.568117, 0.0152513385, -0.03428459), (0, 17.275574, 15.934012), (-0.0000076293945, -25.918028, 14.670022), (0, 17.795464, -16.41353), (0, -26.337646, -14.907532)],
                3: [(0, 0, 0), (-1.6060369, 73.135086, 5.0415535), (1.293068, 5.5879354e-7, -2.7939677e-7), (5.2178073, -0.0000014901161, -0.0000023283064), (3.744703, 0, -0.0000023283064), (6.990189, -0.0000044703484, -0.0000052154064), (10.274958, 0.64056885, 3.541927), (14.975691, 0.0000029802322, 0.000009685755), (24.433216, 0.000008940697, 0.000011920929), (0, -9.536743e-7, -0.0000076293945), (9.372475, -0.0000067055225, 7.4505806e-7), (17.417673, -0.0000052154064, 0.0000059604645), (22.191656, -7.4505806e-7, -0.000017881393), (22.19165, 0.0000014901161, -0.000014901161), (3.6727223, 0.84137094, -1.5604295), (8.801959, -0.7081591, 0.10752194), (5.1772885, -0.000019185245, 0.000005122274), (3.705618, 0.000030174851, -0.000013038516), (3.858117, 0.5822927, -0.27958268), (8.493031, -0.798843, 0.17606728), (5.7173753, 0.000007264316, -0.0000022351742), (4.0562367, 0, 0.0000070780516), (-0.09195709, 0.12400055, -0.010784148), (3.5887845, 1.1416262, 2.4735732), (7.0918174, 0.00012293458, -0.00023394823), (4.3987484, 0.000013038516, -0.000004284084), (3.2743645, -0.000020861626, 0.000005401671), (3.8142364, 0.7645566, 1.0260668), (7.857702, -0.66495466, 0.17098933), (5.2927485, 0.000008940697, -0.0000020489097), (3.950804, 0.000008195639, -0.0000029802322), (2.0732484, 1.3707902, -1.141673), (4.845148, 0.000008568168, 0.000003911555), (4.5924044, -0.000017881393, -0.000011455268), (4.730702, 0.000012945384, 0.000010803342), (6.221275, 4.116287, -0.5343933), (10.164351, 0.0000014901161, 0.0000037252903), (17.010561, 0.0000074505806, -0.0000052154064), (24.433208, 0.0000074505806, 0.0000022351742), (13.022544, -2.16517, -0.0000055879354), (9.848011, 0, -0.0000059837475), (35.190517, -0.0000059604645, -0.000022538006), (35.190517, -0.0000059604645, -0.000022538006), (15.660492, 16.189648, 0), (15.660492, 16.189646, -8.84078), (-0.0000023841856, 0.000030517578, 0.0000038146973), (15.660492, 16.189651, 8.840538), (-9.536743e-7, 0.000015258789, -0.0000038146973), (49.653168, 0.0000021457672, 0), (10.274705, 0.6405696, -3.5419393), (-14.97564, 0.0000074505806, 0.00011213124), (-24.432873, 0.000033155084, 0.0004708767), (-0.0000038146973, -9.536743e-7, -0.0000076293945), (-9.372853, 0.000011920929, -0.00038035214), (-17.417585, -0.0000044703484, 0.000051409006), (-22.191628, -0.0000014901161, -0.00010505319), (-22.191631, -0.0000044703484, -0.00010728836), (-3.67294, -0.8415828, 1.5604334), (-8.801963, 0.7081218, -0.10753218), (-5.1772857, 0.0000461936, 0.0000063329935), (-3.7056353, -0.000029243529, -0.000023283064), (-3.8584392, -0.582468, 0.27957743), (-8.492971, 0.79882777, -0.17606877), (-5.717322, -0.000016391277, -0.0000018626451), (-4.056287, -0.000024214387, 0.0000020489097), (0.091976166, -0.12399291, 0.010787964), (-3.589005, -1.1418287, -2.47357), (-7.0918627, -0.0000834465, 0.0002517365), (-4.3987603, -0.000024959445, -0.00001899898), (-3.2743044, -0.000052899122, -0.0000230968), (-3.814495, -0.7647872, -1.0260767), (-7.857725, 0.66490024, -0.17099911), (-5.292705, 0.000014528632, 0.0000014901161), (-3.9507613, 0.00002272427, -0.000010058284), (-2.0734968, -1.370973, 1.1416718), (-4.8451824, -0.00008549541, 0.00006146729), (-4.5923786, 0.000022351742, -0.000024214387), (-4.730733, -0.000055134296, -0.000067427754), (-6.221695, -4.1602554, 0.5392237), (-10.163935, 0.000023515895, 0.00040084124), (-17.010603, 0.000011920929, 0.00007599592), (-24.432875, 0.000031664968, 0.00046044588), (0, -21.82326, 0), (-8.836781, -1.2101114, 12.839164), (25.31377, 0.0000074505806, -0.0000059604645), (20.165482, 0.0000048428774, -0.0000014901161), (6.18779, 18.357811, 0.0000022351742), (4.3955994, -0.000009685755, -0.0000029802322), (-0.000008106232, 2.3841858e-7, 0), (8.418913, 8.931866, 0.4361162), (-0.0005760193, 0.0000063776965, 0.00000667572), (8.940633, 0.027556159, 0.03427267), (14.553048, 0.027557276, 0.03427267), (20.165485, 0.027559325, 0.03427118), (3.7062585, -0.030488893, 0.06855875), (12.404193, -0.03048703, 0.06856024), (23.568123, -0.015243888, 0.03427267), (-8.836791, -1.2101084, -12.839156), (-25.313776, 0.000008940697, -0.0000029802322), (-20.16547, 0.0000044703484, 0.000013411045), (-6.1877685, -18.357805, -0.0000044703484), (-4.395539, -0.000020675361, 0.0000040978193), (0.000015735626, -4.7683716e-7, 0), (-8.335918, -8.935716, -0.4293413), (0.0005722046, -0.00000667572, -0.0000019073486), (-8.9406, -0.027555227, -0.034265593), (-14.553034, -0.027555227, -0.03426224), (-20.165474, -0.027556717, -0.0342533), (-3.7062964, 0.030492991, -0.06856229), (-12.404212, 0.030494481, -0.06856099), (-23.568136, 0.015255809, -0.03427863), (0, 17.275574, 15.934012), (-0.0000076293945, -25.918028, 14.670022), (0, 17.795464, -16.41353), (0, -26.337646, -14.907532)],
                4: [(0, 0, 0), (-1.5561873, 68.83009, 4.3319044), (1.2930737, -6.519258e-7, -3.7252903e-7), (5.217803, -7.4505806e-7, -0.0000015832484), (3.7447116, -0.0000026077032, -0.0000017695129), (6.9901824, -0.0000014901161, -0.000003259629), (10.2749605, 0.64056885, 3.5419264), (14.975693, 0.0000013038516, 0.0000026077032), (24.433222, 0.000016391277, 0.000016391277), (0, -9.536743e-7, -0.0000076293945), (9.372475, -0.000003911555, -7.4505806e-7), (17.41767, -0.0000055879354, 0.0000074505806), (22.19165, 0.0000067055225, -0.000020861626), (22.191647, -0.0000037252903, -0.000014901161), (3.672725, 0.8413702, -1.5604314), (8.801959, -0.7081583, 0.107524544), (5.177286, -0.000020116568, 0.0000055879354), (3.7056117, 0.000029057264, -0.000018626451), (3.858117, 0.5822904, -0.2795877), (8.493033, -0.7988423, 0.1760669), (5.7173777, 0.000008381903, 9.313226e-8), (4.0562344, -0.0000022351742, 0.0000018626451), (-0.09195709, 0.12400055, -0.010784148), (3.5887866, 1.1416247, 2.473572), (7.0918174, 0.00012367964, -0.00022947788), (4.3987417, 0.00001564622, 0.0000013969839), (3.27436, -0.000022165477, 9.313226e-7), (3.8142352, 0.764557, 1.0260695), (7.857702, -0.6649539, 0.17098635), (5.292745, 0.000011175871, 0.0000024214387), (3.9508045, 0.000008195639, -0.0000052154064), (2.0732486, 1.3707895, -1.1416728), (4.84515, 0.0000067055225, 0.000005494803), (4.592406, -0.000017136335, -0.000011222437), (4.730705, 0.000014901161, 0.000010617077), (6.221275, 4.116287, -0.5343933), (10.164349, 0.0000044703484, 0.0000031664968), (17.010557, 0.0000074505806, -0.0000044703484), (24.433212, 0.000013411045, 0.0000059604645), (13.02255, -2.1651716, -0.0000044703484), (9.848013, -7.4505806e-7, -0.000002165325), (35.190506, -0.0000029802322, -0.000015087426), (35.190506, -0.0000029802322, -0.000015087426), (15.660492, 16.189648, 0), (15.660492, 16.189646, -8.84078), (-0.0000023841856, 0.000030517578, 0.0000038146973), (15.660492, 16.189651, 8.840538), (-9.536743e-7, 0.000015258789, -0.0000038146973), (49.653168, 0.0000021457672, 0), (10.274702, 0.64056814, -3.5419385), (-14.97564, 0.000008195639, 0.00011436641), (-24.432873, 0.000029243529, 0.0004708767), (-0.0000038146973, -9.536743e-7, -0.0000076293945), (-9.372854, 0.000009685755, -0.00037923455), (-17.417585, -0.0000044703484, 0.000047683716), (-22.19163, 0.0000029802322, -0.00010728836), (-22.191626, -0.000008940697, -0.00010281801), (-3.6729417, -0.8415841, 1.5604321), (-8.801961, 0.70812035, -0.10753106), (-5.177289, 0.00004544854, 0.0000040978193), (-3.7056408, -0.000030361116, -0.00002104789), (-3.858441, -0.58246815, 0.2795741), (-8.492971, 0.7988281, -0.17606857), (-5.717321, -0.000014528632, -0.0000014901161), (-4.0562825, -0.000023469329, -0.0000011175871), (0.091976166, -0.12399291, 0.010787964), (-3.5890048, -1.1418302, -2.47357), (-7.091864, -0.00008419156, 0.0002503395), (-4.398761, -0.00002272427, -0.000021979213), (-3.274307, -0.00005327165, -0.000023469329), (-3.8144941, -0.7647872, -1.0260761), (-7.857725, 0.664901, -0.17099696), (-5.2927146, 0.000013783574, -0.0000018626451), (-3.9507647, 0.000022351742, -0.000011920929), (-2.0734935, -1.3709713, 1.1416761), (-4.845182, -0.00008265488, 0.00006146729), (-4.5923786, 0.000028591603, -0.000020861626), (-4.7307315, -0.00005327165, -0.00006891787), (-6.221695, -4.1602554, 0.5392237), (-10.163936, 0.000023422763, 0.00040009618), (-17.010603, 0.000011920929, 0.00007599592), (-24.43287, 0.000032875687, 0.00046789646), (0, -21.82326, 0), (-8.836784, -1.2101128, 12.839169), (25.313774, 0.0000044703484, -0.0000044703484), (20.165483, 1.8626451e-7, -0.0000029802322), (6.18779, 18.357811, 0.0000029802322), (4.3956003, -0.000009126961, -0.0000029802322), (-0.000008106232, 2.3841858e-7, 0), (8.418913, 8.931866, 0.4361162), (-0.0005760193, 0.0000063776965, 0.00000667572), (8.940631, 0.0275583, 0.034271926), (14.553049, 0.027556485, 0.03427267), (20.165487, 0.027562398, 0.03427118), (3.70626, -0.030490756, 0.06855745), (12.404192, -0.030487776, 0.06856099), (23.56812, -0.015245378, 0.03427118), (-8.836794, -1.2101045, -12.839158), (-25.313776, 0.0000059604645, -0.0000044703484), (-20.165464, 0, 0.000012665987), (-6.187764, -18.3578, -0.0000044703484), (-4.395537, -0.000021813321, 0.0000037252903), (0.000015735626, -4.7683716e-7, 0), (-8.335918, -8.935716, -0.4293413), (0.0005722046, -0.00000667572, -0.0000019073486), (-8.940597, -0.027557462, -0.034265034), (-14.55303, -0.027556717, -0.034262985), (-20.165468, -0.027558208, -0.0342533), (-3.7062988, 0.030491315, -0.068562105), (-12.404214, 0.030494481, -0.0685595), (-23.56813, 0.015254319, -0.03428161), (0, 17.275574, 15.934012), (-0.0000076293945, -25.918028, 14.670022), (0, 17.795464, -16.41353), (0, -26.337646, -14.907532)],
                5: [(0, 0, 0), (-1.3718781, 63.706253, 3.361216), (1.293074, -2.7939677e-7, -9.313226e-8), (5.2178044, 0, 0), (3.7447042, 3.7252903e-7, 5.122274e-7), (6.9901853, -0.0000022351742, -2.7939677e-7), (10.274956, 0.6405711, 3.5419312), (14.975691, -7.4505806e-7, 0.000005867332), (24.4332, -0.000008940697, 0.0000011175871), (0, -9.536743e-7, -0.0000076293945), (9.372467, -0.0000016763806, -7.4505806e-7), (17.417656, 0.0000026077032, 0.0000059604645), (22.191633, 0.0000033527613, -0.000020861626), (22.191626, -0.0000067055225, -0.000014901161), (3.6727176, 0.84136873, -1.560432), (8.801948, -0.7081613, 0.10752678), (5.1772676, -0.000024493784, 0.0000020489097), (3.7056088, 0.000031664968, -0.000014156103), (3.8581126, 0.582288, -0.27958566), (8.493018, -0.7988453, 0.17607212), (5.7173634, 0.000007543713, -0.0000052154064), (4.056224, -7.4505806e-7, -0.0000014901161), (-0.09195709, 0.12400055, -0.010784148), (3.5887809, 1.1416216, 2.4735734), (7.0918055, 0.000116974115, -0.00022947788), (4.3987327, 0.000013783574, -5.5879354e-7), (3.2743526, -0.00002272427, -0.0000063329935), (3.8142269, 0.7645551, 1.0260724), (7.8576856, -0.6649572, 0.171002), (5.2927375, 0.000008568168, 0.000004284084), (3.9507985, 0.00000782311, -0.000010803342), (2.0732484, 1.3707865, -1.1416812), (4.8451385, 0.000008195639, 0.000006216578), (4.5923963, -0.000018253922, -0.0000070780516), (4.73069, 0.000009458745, 0.000016018748), (6.221275, 4.116287, -0.5343933), (10.16434, -0.0000074505806, -0.0000016763806), (17.01054, -0.000010430813, -0.000014901161), (24.433197, -0.0000074505806, -0.0000063329935), (13.02253, -2.1651626, 0.0000033527613), (9.848003, 0.0000029802322, 0.0000044703484), (35.190464, 0.000011920929, 0.00001359731), (35.190464, 0.000011920929, 0.00001359731), (15.660492, 16.189648, 0), (15.660492, 16.189646, -8.84078), (-0.0000023841856, 0.000030517578, 0.0000038146973), (15.660492, 16.189651, 8.840538), (-9.536743e-7, 0.000015258789, -0.0000038146973), (49.653168, 0.0000021457672, 0), (10.274688, 0.6405711, -3.5419297), (-14.975636, 0.0000022351742, 0.00010356307), (-24.432861, 0.000013038516, 0.00046044588), (-0.0000038146973, -9.536743e-7, -0.0000076293945), (-9.372849, 0.00001564622, -0.00037252903), (-17.41757, -0.0000037252903, 0.000067055225), (-22.19161, -0.0000014901161, -0.00008493662), (-22.19161, -0.0000074505806, -0.00008195639), (-3.6729426, -0.84158236, 1.5604293), (-8.801958, 0.7081229, -0.107529014), (-5.1772823, 0.00004451722, 0.0000070780516), (-3.7056274, -0.000030361116, -0.000024400651), (-3.8584356, -0.58246684, 0.2795795), (-8.492963, 0.7988281, -0.17606393), (-5.7173095, -0.000012665987, 0.0000014901161), (-4.0562744, -0.000022351742, -0.0000044703484), (0.091976166, -0.12399291, 0.010787964), (-3.5890012, -1.1418306, -2.4735677), (-7.0918584, -0.000082701445, 0.000253506), (-4.3987527, -0.000022165477, -0.00001899898), (-3.2742996, -0.00005364418, -0.0000230968), (-3.81449, -0.7647865, -1.0260724), (-7.85772, 0.66490245, -0.1709953), (-5.2927003, 0.000017881393, 0.0000033527613), (-3.950758, 0.00002272427, -0.000010058284), (-2.0734942, -1.3709729, 1.1416728), (-4.8451753, -0.00008447096, 0.000060349703), (-4.592374, 0.00002970919, -0.00002272427), (-4.730727, -0.00005327165, -0.00006966293), (-6.221695, -4.1602554, 0.5392237), (-10.163925, 0.000018067658, 0.00040531158), (-17.010597, -0.0000026077032, 0.000071525574), (-24.43285, 0.000018626451, 0.00046491623), (0, -21.82326, 0), (-8.836776, -1.2101114, 12.839159), (25.313763, 0.0000029802322, 0), (20.165474, 0.0000011175871, -0.0000014901161), (6.187787, 18.357796, -0.0000014901161), (4.3955975, -0.000011175871, -0.0000022351742), (-0.000008106232, 2.3841858e-7, 0), (8.418913, 8.931866, 0.4361162), (-0.0005760193, 0.0000063776965, 0.00000667572), (8.940627, 0.027559511, 0.03427118), (14.553043, 0.027557742, 0.03426969), (20.16548, 0.027560256, 0.03427118), (3.70626, -0.030490756, 0.06855894), (12.404182, -0.030489266, 0.06856285), (23.56811, -0.015248358, 0.034274906), (-8.836791, -1.2101097, -12.839153), (-25.313759, 0, -0.000008940697), (-20.165451, -0.0000044703484, 0.000006146729), (-6.18777, -18.35779, 0.0000059604645), (-4.395535, -0.000020384323, 0.0000040978193), (0.000015735626, -4.7683716e-7, 0), (-8.335918, -8.935716, -0.4293413), (0.0005722046, -0.00000667572, -0.0000019073486), (-8.940588, -0.027559698, -0.0342682), (-14.553018, -0.027559698, -0.034268387), (-20.165453, -0.027564168, -0.034260564), (-3.7062936, 0.030491874, -0.06856322), (-12.404203, 0.030491501, -0.06856471), (-23.568117, 0.015246868, -0.034289062), (0, 17.275574, 15.934012), (-0.0000076293945, -25.918028, 14.670022), (0, 17.795464, -16.41353), (0, -26.337646, -14.907532)],
                6: [(0, 0, 0), (-1.0260025, 62.77984, 3.2684405), (1.2930744, -1.8626451e-7, 4.656613e-8), (5.217805, 0, 0), (3.74471, -0.0000014901161, -4.1909516e-7), (6.99018, -7.4505806e-7, -0.0000010244548), (10.274957, 0.6405704, 3.5419292), (14.975693, 5.122274e-7, 0.0000041909516), (24.433205, -0.0000014901161, 0.0000033061951), (0, -9.536743e-7, -0.0000076293945), (9.372468, -0.000004452886, -0.0000014901161), (17.417656, -0.000002188608, 0.0000059604645), (22.191631, -3.259629e-7, -0.000017881393), (22.19163, -3.259629e-7, -0.000014901161), (3.6727202, 0.8413691, -1.5604291), (8.801949, -0.70816165, 0.107523054), (5.177274, -0.000023981556, 0.000006519258), (3.7056084, 0.00003091991, -0.00001564622), (3.858114, 0.58229005, -0.27958715), (8.493023, -0.7988453, 0.17607436), (5.7173657, 0.000008172356, -1.8626451e-7), (4.056229, 5.5879354e-7, 0.0000022351742), (-0.09195709, 0.12400055, -0.010784148), (3.588781, 1.141622, 2.4735696), (7.0918107, 0.00011976808, -0.00023245811), (4.398739, 0.000014808029, 0.0000020489097), (3.274356, -0.000022165477, -0.0000033527613), (3.8142312, 0.76455534, 1.0260705), (7.857691, -0.66495764, 0.17099902), (5.2927327, 0.000007310882, 0.0000013038516), (3.9507952, 0.000010244548, -0.000012293458), (2.073249, 1.3707876, -1.1416773), (4.845143, 0.000010430813, 0.000006891787), (4.5923905, -0.000011920929, -0.000006519258), (4.7306843, 0.00001899898, 0.00001527369), (6.221275, 4.116287, -0.5343933), (10.164343, -0.0000044703484, -8.1490725e-7), (17.010546, -0.0000044703484, -0.000011525117), (24.433205, -0.0000014901161, -0.0000022351742), (13.022536, -2.165167, 0.0000011175871), (9.848007, 0.0000022351742, 0.000001071021), (35.19048, 0.000008940697, 0.0000024214387), (35.19048, 0.000008940697, 0.0000024214387), (15.660492, 16.189648, 0), (15.660492, 16.189646, -8.84078), (-0.0000023841856, 0.000030517578, 0.0000038146973), (15.660492, 16.189651, 8.840538), (-9.536743e-7, 0.000015258789, -0.0000038146973), (49.653168, 0.0000021457672, 0), (10.274697, 0.64056814, -3.5419316), (-14.975638, 0.0000059604645, 0.00011175871), (-24.432867, 0.000021606684, 0.00046640635), (-0.0000038146973, -9.536743e-7, -0.0000076293945), (-9.372851, 0.000013411045, -0.00037550926), (-17.417576, -0.0000029802322, 0.00006109476), (-22.191614, -0.0000029802322, -0.0000923872), (-22.191616, -0.0000074505806, -0.00008940697), (-3.6729429, -0.8415833, 1.5604297), (-8.801959, 0.7081229, -0.107530504), (-5.1772833, 0.00004582107, 0.00000782311), (-3.7056298, -0.000030733645, -0.000022351742), (-3.8584363, -0.58246684, 0.2795793), (-8.492968, 0.7988267, -0.17606896), (-5.7173142, -0.000016018748, 0.0000018626451), (-4.0562835, -0.000022351742, 0), (0.091976166, -0.12399291, 0.010787964), (-3.589003, -1.141829, -2.4735684), (-7.091859, -0.00008493662, 0.000253506), (-4.398757, -0.000022165477, -0.000017136335), (-3.2743022, -0.00005364418, -0.000021234155), (-3.81449, -0.76478386, -1.0260712), (-7.8577213, 0.664901, -0.17099604), (-5.2927046, 0.00001564622, 0.0000014901161), (-3.9507594, 0.000022351742, -0.000010430813), (-2.0734954, -1.3709728, 1.1416736), (-4.845179, -0.00008204952, 0.000059604645), (-4.5923753, 0.000026542693, -0.000024586916), (-4.730728, -0.000053457916, -0.00006780028), (-6.221695, -4.1602554, 0.5392237), (-10.163926, 0.00002104789, 0.0004068017), (-17.010597, 0.0000044703484, 0.00007599592), (-24.432863, 0.0000230968, 0.00046044588), (0, -21.82326, 0), (-8.836773, -1.21011, 12.839155), (25.313755, 0, 9.313226e-7), (20.165466, 0.000004284084, -0.0000029802322), (6.1877837, 18.357773, -0.0000074505806), (4.395596, -0.000012293458, -0.0000022351742), (-0.000008106232, 2.3841858e-7, 0), (8.418913, 8.931866, 0.4361162), (-0.0005760193, 0.0000063776965, 0.00000667572), (8.940624, 0.027554063, 0.034270436), (14.553039, 0.027556159, 0.03427267), (20.165472, 0.027560815, 0.03427118), (3.706257, -0.030491501, 0.06855887), (12.404187, -0.030489266, 0.0685642), (23.568115, -0.015246868, 0.034277048), (-8.836794, -1.2101116, -12.839153), (-25.313759, -0.0000029802322, -0.000010430813), (-20.165443, -0.0000044703484, 0.0000018626451), (-6.1877685, -18.357796, 0.0000014901161), (-4.395537, -0.00002104789, 0.0000044703484), (0.000015735626, -4.7683716e-7, 0), (-8.335918, -8.935716, -0.4293413), (0.0005722046, -0.00000667572, -0.0000019073486), (-8.940586, -0.027561188, -0.034271553), (-14.553014, -0.027562678, -0.034271926), (-20.165447, -0.027565658, -0.034265965), (-3.7062905, 0.030491129, -0.06856248), (-12.404201, 0.030489266, -0.0685662), (-23.56811, 0.015245378, -0.034290552), (0, 17.275574, 15.934012), (-0.0000076293945, -25.918028, 14.670022), (0, 17.795464, -16.41353), (0, -26.337646, -14.907532)],
                7: [(0, 0, 0), (-0.60616255, 64.15356, 4.4000306), (1.2930712, -1.8626451e-7, -1.3969839e-7), (5.2178054, -0.0000011175871, -8.381903e-7), (3.744702, 0, -2.7939677e-7), (6.9901867, -0.0000029802322, -0.0000027008355), (10.274956, 0.64056885, 3.541928), (14.975693, -0.0000013038516, 0.0000055879354), (24.43322, 0.0000044703484, 0.000026077032), (0, -9.536743e-7, -0.0000076293945), (9.372481, 0.0000019092113, -7.4505806e-7), (17.41769, 0.000002142042, 0.0000059604645), (22.191673, 0.0000033527613, -0.000017881393), (22.191668, 0.0000026077032, -0.000013411045), (3.6727264, 0.8413719, -1.5604328), (8.80196, -0.7081578, 0.10751858), (5.1772842, -0.000021234155, 0.000005494803), (3.7056167, 0.000027939677, -0.000013783574), (3.8581178, 0.58229214, -0.279589), (8.493032, -0.7988395, 0.17606914), (5.7173815, 0.0000124797225, -0.0000048428774), (4.056239, -0.0000026077032, 0.0000040978193), (-0.09195709, 0.12400055, -0.010784148), (3.5887864, 1.1416305, 2.4735756), (7.0918217, 0.00012665987, -0.0002361834), (4.3987484, 0.000016391277, -0.0000020489097), (3.2743626, -0.000023655593, 0.0000014901161), (3.8142345, 0.7645605, 1.0260711), (7.8577056, -0.66495055, 0.17099008), (5.292752, 0.000009685755, -0.0000048428774), (3.9508076, 0.000005075708, -0.0000067055225), (2.073254, 1.3707917, -1.1416773), (4.845153, 0.0000063329935, 0), (4.592403, -0.000012567034, -0.000013783574), (4.7307005, 0.000017508864, 0.000010244548), (6.221275, 4.116287, -0.5343933), (10.164346, -0.0000029802322, 0.0000052154064), (17.01056, 0.0000044703484, 0.0000020489097), (24.43322, 0.0000074505806, 0.000019744039), (13.022547, -2.165173, -0.0000052154064), (9.848014, -7.4505806e-7, -0.000004773028), (35.190517, -0.000008940697, -0.000016391277), (35.190517, -0.000008940697, -0.000016391277), (15.660492, 16.189648, 0), (15.660492, 16.189646, -8.84078), (-0.0000023841856, 0.000030517578, 0.0000038146973), (15.660492, 16.189651, 8.840538), (-9.536743e-7, 0.000015258789, -0.0000038146973), (49.653168, 0.0000021457672, 0), (10.274707, 0.64056885, -3.5419397), (-14.975637, 0.0000070780516, 0.00010449439), (-24.432882, 0.000032037497, 0.00045895576), (-0.0000038146973, -9.536743e-7, -0.0000076293945), (-9.372861, 0.000014528632, -0.00038444996), (-17.417591, -0.0000037252903, 0.000044703484), (-22.191637, -7.4505806e-7, -0.00011473894), (-22.191637, -0.0000067055225, -0.00011175871), (-3.6729426, -0.84158444, 1.5604315), (-8.801962, 0.70812035, -0.10753311), (-5.1772914, 0.000043958426, 0.0000044703484), (-3.705636, -0.000029429793, -0.000024028122), (-3.858439, -0.582467, 0.2795784), (-8.492972, 0.7988274, -0.17606877), (-5.7173233, -0.00001564622, -0.0000037252903), (-4.056287, -0.000022538006, 0.0000022351742), (0.091976166, -0.12399291, 0.010787964), (-3.5890074, -1.1418332, -2.4735737), (-7.091864, -0.00008381903, 0.00025182962), (-4.398763, -0.000023841858, -0.000021979213), (-3.2743084, -0.00005401671, -0.000022910535), (-3.814492, -0.7647855, -1.0260724), (-7.8577256, 0.66490173, -0.17099977), (-5.2927065, 0.000014901161, -0.0000014901161), (-3.9507627, 0.000024586916, -0.000013411045), (-2.073496, -1.3709726, 1.1416724), (-4.8451815, -0.000083912164, 0.00006183982), (-4.5923767, 0.000026659109, -0.000021606684), (-4.730732, -0.00005150214, -0.00006891787), (-6.221695, -4.1602554, 0.5392237), (-10.163932, 0.000025704503, 0.0004030764), (-17.010603, 0.000013411045, 0.00007227063), (-24.432873, 0.000033527613, 0.00045746565), (0, -21.82326, 0), (-8.836781, -1.21011, 12.839163), (25.313768, 0.0000029802322, -0.0000070780516), (20.165478, 0.0000022351742, -0.0000029802322), (6.187789, 18.357798, -0.0000018626451), (4.395598, -0.000010058284, -0.0000020489097), (-0.000008106232, 2.3841858e-7, 0), (8.418913, 8.931866, 0.4361162), (-0.0005760193, 0.0000063776965, 0.00000667572), (8.940631, 0.027554296, 0.03427267), (14.553044, 0.027555972, 0.03427118), (20.165482, 0.02756156, 0.03426969), (3.706258, -0.030491501, 0.068557635), (12.404188, -0.030486286, 0.06855987), (23.568117, -0.015242398, 0.034271926), (-8.83679, -1.2101084, -12.839156), (-25.313774, 0.0000059604645, -0.0000018626451), (-20.165453, -0.0000014901161, 0.00000782311), (-6.1877685, -18.357792, 0.0000029802322), (-4.395538, -0.000020916923, 0.0000055879354), (0.000015735626, -4.7683716e-7, 0), (-8.335918, -8.935716, -0.4293413), (0.0005722046, -0.00000667572, -0.0000019073486), (-8.940591, -0.027558208, -0.034267455), (-14.55302, -0.027559698, -0.034265593), (-20.165459, -0.027561188, -0.03425926), (-3.7062974, 0.030492991, -0.068562016), (-12.404213, 0.030495226, -0.068562105), (-23.568125, 0.015252829, -0.03427975), (0, 17.275574, 15.934012), (-0.0000076293945, -25.918028, 14.670022), (0, 17.795464, -16.41353), (0, -26.337646, -14.907532)],
                8: [(0, 0, 0), (-0.18457898, 67.25049, 5.5642214), (1.2930715, 0, -1.3969839e-7), (5.217807, -3.7252903e-7, -1.8626451e-7), (3.7446997, 0.0000014901161, -1.8626451e-7), (6.9901876, -0.0000029802322, -0.0000012107193), (10.2749605, 0.6405674, 3.5419278), (14.975693, -0.0000029802322, 0.0000067055225), (24.433218, 0.0000044703484, 0.000019744039), (0, -9.536743e-7, -0.0000076293945), (9.3724785, -0.000005494803, -0.0000014901161), (17.417675, 0.0000029802322, 0.0000029802322), (22.191654, 0.000007264316, -0.000020861626), (22.191654, 0.0000022351742, -0.000010430813), (3.6727238, 0.84137136, -1.5604298), (8.801956, -0.70815945, 0.10751933), (5.1772823, -0.0000230968, 0.000003259629), (3.7056174, 0.00003115274, -0.000017508864), (3.8581152, 0.58229023, -0.27958864), (8.493027, -0.79884326, 0.17606765), (5.717373, 0.000009685755, -0.000004284084), (4.0562363, -0.000001344597, 0.0000022351742), (-0.09195709, 0.12400055, -0.010784148), (3.5887845, 1.1416267, 2.473573), (7.0918136, 0.000121071935, -0.00023171306), (4.398746, 0.000014714897, 0.0000011175871), (3.2743626, -0.000021792948, -0.0000026077032), (3.8142323, 0.76455826, 1.0260718), (7.8576984, -0.66495425, 0.1709938), (5.2927437, 0.0000074505806, -0.0000016763806), (3.9508011, 0.000008475035, -0.000008195639), (2.073251, 1.3707904, -1.1416774), (4.845149, 0.000010151416, 0.0000018626451), (4.5924015, -0.000014528632, -0.000013038516), (4.730697, 0.00001899898, 0.000010989606), (6.221275, 4.116287, -0.5343933), (10.164346, -0.0000037252903, 0.0000024214387), (17.01056, 0.0000014901161, -3.7252903e-7), (24.433212, 0.0000014901161, 0.000010058284), (13.022542, -2.16517, -0.0000029802322), (9.848012, -7.4505806e-7, -0.000004185131), (35.190506, -0.0000059604645, -0.000014598481), (35.190506, -0.0000059604645, -0.000014598481), (15.660492, 16.189648, 0), (15.660492, 16.189646, -8.84078), (-0.0000023841856, 0.000030517578, 0.0000038146973), (15.660492, 16.189651, 8.840538), (-9.536743e-7, 0.000015258789, -0.0000038146973), (49.653168, 0.0000021457672, 0), (10.274703, 0.6405674, -3.541937), (-14.97564, 0.000005355105, 0.00010433141), (-24.432867, 0.000028312206, 0.0004671514), (-0.0000038146973, -9.536743e-7, -0.0000076293945), (-9.372856, 0.000017508864, -0.00038146973), (-17.417583, 0, 0.000052154064), (-22.191626, -0.0000059604645, -0.00010281801), (-22.19163, -0.0000074505806, -0.00010728836), (-3.672944, -0.8415811, 1.5604336), (-8.801959, 0.7081224, -0.107527524), (-5.177283, 0.000045076013, 0.0000029802322), (-3.7056339, -0.000029907096, -0.000025704503), (-3.8584356, -0.5824654, 0.27958155), (-8.49297, 0.7988261, -0.176071), (-5.717321, -0.000013783574, 0.0000018626451), (-4.056286, -0.000021513551, -0.0000014901161), (0.091976166, -0.12399291, 0.010787964), (-3.589005, -1.1418309, -2.473571), (-7.0918636, -0.000082701445, 0.00025443733), (-4.398759, -0.000022910535, -0.000020116568), (-3.2743044, -0.00005364418, -0.000020116568), (-3.8144906, -0.7647835, -1.0260725), (-7.8577223, 0.664901, -0.17099902), (-5.292704, 0.000015459955, 0.0000011175871), (-3.9507613, 0.000021792948, -0.000010058284), (-2.0734947, -1.3709693, 1.141679), (-4.845177, -0.00008773059, 0.00006183982), (-4.592372, 0.000021327287, -0.000021979213), (-4.7307267, -0.000053073745, -0.00006854534), (-6.221695, -4.1602554, 0.5392237), (-10.16393, 0.0000230968, 0.00040382147), (-17.010605, 0.0000067055225, 0.00007301569), (-24.432863, 0.000028312206, 0.000461936), (0, -21.82326, 0), (-8.836781, -1.2101114, 12.839159), (25.313763, 0.0000029802322, -3.7252903e-7), (20.165466, 7.4505806e-7, 0), (6.187787, 18.357788, -0.0000037252903), (4.3955946, -0.000011920929, -0.0000012107193), (-0.000008106232, 2.3841858e-7, 0), (8.418913, 8.931866, 0.4361162), (-0.0005760193, 0.0000063776965, 0.00000667572), (8.940625, 0.027557462, 0.034271926), (14.553041, 0.027553737, 0.03427267), (20.165476, 0.027558208, 0.03427118), (3.7062578, -0.030492246, 0.06855941), (12.404185, -0.030487776, 0.068562664), (23.568111, -0.015249848, 0.03427714), (-8.836795, -1.2101088, -12.839156), (-25.313753, -0.0000059604645, -0.000014383113), (-20.16544, -0.0000044703484, -0.0000037252903), (-6.18777, -18.35779, 0.0000070780516), (-4.3955355, -0.00002210727, 0.0000048428774), (0.000015735626, -4.7683716e-7, 0), (-8.335918, -8.935716, -0.4293413), (0.0005722046, -0.00000667572, -0.0000019073486), (-8.940582, -0.027561188, -0.0342723), (-14.553011, -0.027562678, -0.03427416), (-20.165442, -0.027568638, -0.03427118), (-3.7062917, 0.030490384, -0.06856382), (-12.404205, 0.030489266, -0.06856624), (-23.568111, 0.015249848, -0.034292124), (0, 17.275574, 15.934012), (-0.0000076293945, -25.918028, 14.670022), (0, 17.795464, -16.41353), (0, -26.337646, -14.907532)],
                9: [(0, 0, 0), (0.19329862, 70.74863, 6.1667604), (1.2930706, 2.7939677e-7, -4.656613e-8), (5.21781, -0.0000018626451, -4.656613e-7), (3.744702, 3.7252903e-7, -7.4505806e-7), (6.9901824, -0.0000014901161, -0.000002142042), (10.27495, 0.6405734, 3.541929), (14.975689, 0.0000022351742, 0.0000044703484), (24.433207, 0.0000014901161, 0.000009685755), (0, -9.536743e-7, -0.0000076293945), (9.372473, -0.0000067055225, 7.4505806e-7), (17.417664, -0.0000052154064, 0.0000029802322), (22.191643, -0.0000055879354, -0.00001937151), (22.191637, -0.000008195639, -0.000016391277), (3.6727202, 0.8413689, -1.5604295), (8.801956, -0.70816016, 0.1075238), (5.177279, -0.000023841858, 0.0000052619725), (3.7056084, 0.000029127114, -0.000013783574), (3.8581138, 0.58228874, -0.27958566), (8.493024, -0.79884416, 0.17607212), (5.717368, 0.0000070780516, -0.0000017695129), (4.0562334, -5.5879354e-7, 0.0000026077032), (-0.09195709, 0.12400055, -0.010784148), (3.5887825, 1.1416216, 2.4735715), (7.0918136, 0.00011920929, -0.00023171306), (4.3987417, 0.000015832484, -9.313226e-7), (3.274356, -0.00001983717, -0.0000019557774), (3.8142323, 0.7645559, 1.0260724), (7.8576937, -0.66495764, 0.17099492), (5.292739, 0.0000044703484, -5.5879354e-7), (3.9507978, 0.000010337681, -0.000010244548), (2.0732498, 1.3707883, -1.1416763), (4.845144, 0.000010337681, 0.0000048428774), (4.5923924, -0.000017136335, -0.000008940697), (4.730691, 0.000016391277, 0.000014156103), (6.221275, 4.116287, -0.5343933), (10.164343, -0.0000037252903, -0.0000029802322), (17.010548, -0.0000029802322, -0.000013783574), (24.4332, 0, -0.0000037252903), (13.022536, -2.165167, 7.4505806e-7), (9.848007, 0.0000022351742, -2.9685907e-7), (35.190495, 0.0000059604645, -4.8894435e-7), (35.190495, 0.0000059604645, -4.8894435e-7), (15.660492, 16.189648, 0), (15.660492, 16.189646, -8.84078), (-0.0000023841856, 0.000030517578, 0.0000038146973), (15.660492, 16.189651, 8.840538), (-9.536743e-7, 0.000015258789, -0.0000038146973), (49.653168, 0.0000021457672, 0), (10.274694, 0.64056885, -3.5419326), (-14.975637, 0.0000060535967, 0.000106263906), (-24.432869, 0.000023841858, 0.00046640635), (-0.0000038146973, -9.536743e-7, -0.0000076293945), (-9.372852, 0.000016018748, -0.00037699938), (-17.417578, -7.4505806e-7, 0.00005811453), (-22.191618, -0.0000029802322, -0.000098347664), (-22.191618, -0.0000029802322, -0.000098347664), (-3.6729455, -0.8415833, 1.5604324), (-8.801967, 0.7081205, -0.107526034), (-5.177285, 0.000045076013, 0.00000782311), (-3.7056327, -0.000028312206, -0.000027008355), (-3.8584373, -0.5824692, 0.27957633), (-8.492971, 0.7988235, -0.17607436), (-5.7173176, -0.000015832484, 0.0000040978193), (-4.056284, -0.000023748726, -0.0000052154064), (0.091976166, -0.12399291, 0.010787964), (-3.589007, -1.1418326, -2.4735749), (-7.0918603, -0.00008530915, 0.00025331974), (-4.39876, -0.00002370216, -0.000025704503), (-3.2743044, -0.000053527765, -0.000020489097), (-3.8144927, -0.76478916, -1.0260772), (-7.857724, 0.6649006, -0.17099306), (-5.292705, 0.000014994293, 0.0000048428774), (-3.95076, 0.000024889596, -0.000010430813), (-2.0734942, -1.3709735, 1.1416727), (-4.845181, -0.00008530915, 0.00006109476), (-4.592378, 0.000026449561, -0.000023841858), (-4.730731, -0.000054761767, -0.00006556511), (-6.221695, -4.1602554, 0.5392237), (-10.163934, 0.000021606684, 0.0004021451), (-17.0106, 0.0000074505806, 0.00007636845), (-24.432865, 0.000025331974, 0.00046044588), (0, -21.82326, 0), (-8.836773, -1.21011, 12.839158), (25.313763, 0, -3.7252903e-7), (20.165476, 0.0000014901161, 0.0000014901161), (6.1877894, 18.357786, -0.0000014901161), (4.395597, -0.000011175871, 0), (-0.000008106232, 2.3841858e-7, 0), (8.418913, 8.931866, 0.4361162), (-0.0005760193, 0.0000063776965, 0.00000667572), (8.940627, 0.027557462, 0.034271926), (14.553046, 0.027555972, 0.03427118), (20.165482, 0.027559698, 0.03427118), (3.7062585, -0.030490756, 0.06855861), (12.404184, -0.030489266, 0.06856397), (23.568111, -0.015246868, 0.034277514), (-8.836793, -1.2101104, -12.839155), (-25.313759, -0.0000029802322, -0.000014901161), (-20.165462, 0.0000014901161, 0.000011175871), (-6.187773, -18.357792, 0.0000033527613), (-4.3955383, -0.0000202097, 0.0000044703484), (0.000015735626, -4.7683716e-7, 0), (-8.335918, -8.935716, -0.4293413), (0.0005722046, -0.00000667572, -0.0000019073486), (-8.940593, -0.027558208, -0.034265406), (-14.553027, -0.027555227, -0.034262985), (-20.16546, -0.027564168, -0.034255534), (-3.7062943, 0.030491874, -0.06856355), (-12.404205, 0.030490756, -0.068565086), (-23.56811, 0.015249848, -0.034290925), (0, 17.275574, 15.934012), (-0.0000076293945, -25.918028, 14.670022), (0, 17.795464, -16.41353), (0, -26.337646, -14.907532)],
                10: [(0, 0, 0), (0.47974983, 74.0544, 5.95778), (1.2930708, 0, -2.7939677e-7), (5.217809, -0.0000022351742, -0.0000019557774), (3.744711, -0.0000026077032, -0.0000014901161), (6.990185, -0.0000044703484, -0.0000044703484), (10.274954, 0.64056814, 3.5419278), (14.975693, 3.7252903e-7, 0.000013411045), (24.433208, -0.0000044703484, 0.000008940697), (0, -9.536743e-7, -0.0000076293945), (9.372472, 0.0000011175871, -0.0000029802322), (17.417667, 0.0000037252903, 0), (22.191648, 0.0000014901161, -0.000016391277), (22.191647, 0.0000016763806, -0.000013411045), (3.6727183, 0.8413671, -1.5604331), (8.801956, -0.70815945, 0.10752231), (5.1772804, -0.0000230968, 0.0000044703484), (3.7056127, 0.00003015739, -0.000014528632), (3.858116, 0.58229005, -0.27958602), (8.493031, -0.7988408, 0.17607138), (5.717375, 0.000008940697, -0.0000018626451), (4.0562325, -7.4505806e-7, 0.0000040978193), (-0.09195709, 0.12400055, -0.010784148), (3.5887804, 1.141622, 2.473571), (7.0918193, 0.00012479722, -0.00023283064), (4.398746, 0.000016763806, -1.8626451e-7), (3.2743611, -0.00002142042, -0.0000016763806), (3.8142285, 0.7645536, 1.026069), (7.8576984, -0.6649565, 0.17099492), (5.2927403, 0.0000063329935, -0.0000016763806), (3.9507992, 0.000009872019, -0.000009685755), (2.0732484, 1.3707862, -1.1416787), (4.8451467, 0.000013411045, 0.0000044703484), (4.5924006, -0.000010058284, -0.000009313226), (4.730695, 0.000017136335, 0.000010360964), (6.221275, 4.116287, -0.5343933), (10.164346, -0.0000029802322, 7.4505806e-7), (17.010557, -0.0000014901161, -0.0000029802322), (24.43321, -0.0000029802322, 0.0000074505806), (13.022548, -2.1651745, -0.0000040978193), (9.848016, -0.0000037252903, -0.0000053434633), (35.190514, -0.0000059604645, -0.000015133992), (35.190514, -0.0000059604645, -0.000015133992), (15.660492, 16.189648, 0), (15.660492, 16.189646, -8.84078), (-0.0000023841856, 0.000030517578, 0.0000038146973), (15.660492, 16.189651, 8.840538), (-9.536743e-7, 0.000015258789, -0.0000038146973), (49.653168, 0.0000021457672, 0), (10.274702, 0.64056885, -3.5419405), (-14.975637, 0.0000049360096, 0.00010225922), (-24.432877, 0.00002682209, 0.00046007335), (-0.0000038146973, -9.536743e-7, -0.0000076293945), (-9.37286, 0.000013038516, -0.00038221478), (-17.417591, -0.0000037252903, 0.0000461936), (-22.191635, -0.000008940697, -0.00011026859), (-22.191639, -0.0000074505806, -0.00011026859), (-3.672946, -0.8415853, 1.5604324), (-8.80196, 0.7081193, -0.10752976), (-5.17729, 0.000049709342, 0.000011175871), (-3.7056394, -0.00002970919, -0.000025704503), (-3.8584397, -0.582468, 0.27957743), (-8.492975, 0.7988249, -0.17607063), (-5.717323, -0.000015000114, 0.000004656613), (-4.0562844, -0.00002142042, -0.0000014901161), (0.091976166, -0.12399291, 0.010787964), (-3.589007, -1.1418333, -2.473578), (-7.0918617, -0.00008717179, 0.00024959445), (-4.398761, -0.000027101487, -0.000022165477), (-3.2743044, -0.000050559174, -0.000021979213), (-3.8144958, -0.7647862, -1.0260712), (-7.857728, 0.6648996, -0.17100126), (-5.2927084, 0.000013620593, 0.0000029802322), (-3.95076, 0.000024028122, -0.000008195639), (-2.0734968, -1.370972, 1.1416789), (-4.845183, -0.0000834465, 0.000061653554), (-4.5923743, 0.0000230968, -0.000020861626), (-4.7307296, -0.000051036477, -0.00006891787), (-6.221695, -4.1602554, 0.5392237), (-10.163938, 0.0000230968, 0.00040009618), (-17.01061, 0.0000067055225, 0.00006817281), (-24.432875, 0.000028312206, 0.0004567206), (0, -21.82326, 0), (-8.836781, -1.2101114, 12.839166), (25.313765, 0.0000029802322, -0.0000060535967), (20.165476, 0.0000029802322, -0.0000029802322), (6.187791, 18.357794, -0.0000029802322), (4.395597, -0.000012572855, -0.0000018626451), (-0.000008106232, 2.3841858e-7, 0), (8.418913, 8.931866, 0.4361162), (-0.0005760193, 0.0000063776965, 0.00000667572), (8.940628, 0.027557462, 0.034270063), (14.553046, 0.027555227, 0.034273416), (20.165482, 0.027561188, 0.03426969), (3.706258, -0.030490756, 0.068557486), (12.404193, -0.030484796, 0.068558566), (23.568117, -0.015243888, 0.034269504), (-8.836792, -1.2101064, -12.839155), (-25.313776, 0.0000059604645, -0.0000014901161), (-20.165455, -0.0000014901161, 0.000009685755), (-6.1877737, -18.357788, 0.0000059604645), (-4.395537, -0.000020489097, 0.0000059604645), (0.000015735626, -4.7683716e-7, 0), (-8.335918, -8.935716, -0.4293413), (0.0005722046, -0.00000667572, -0.0000019073486), (-8.940595, -0.027555227, -0.034265593), (-14.553022, -0.027558208, -0.034264848), (-20.16546, -0.027559698, -0.034255534), (-3.7062964, 0.030493364, -0.06856136), (-12.404212, 0.030493736, -0.06856024), (-23.56813, 0.015255809, -0.034280866), (0, 17.275574, 15.934012), (-0.0000076293945, -25.918028, 14.670022), (0, 17.795464, -16.41353), (0, -26.337646, -14.907532)],
                11: [(0, 0, 0), (0.6530176, 75.63233, 5.492087), (1.293073, -3.7252903e-7, -1.3969839e-7), (5.217804, -3.7252903e-7, -5.5879354e-7), (3.7447095, -0.0000011175871, -4.656613e-8), (6.99018, -0.0000014901161, -0.0000022351742), (10.274956, 0.6405696, 3.541929), (14.975689, 0.0000033527613, 0), (24.433195, 0.0000029802322, 7.4505806e-7), (0, -9.536743e-7, -0.0000076293945), (9.37247, -0.0000055879354, 0.0000014901161), (17.417662, -0.000007264316, 0.0000044703484), (22.191637, -0.0000067055225, -0.000017881393), (22.191637, -0.000007636845, -0.000014901161), (3.6727178, 0.84136724, -1.560428), (8.801948, -0.7081678, 0.107523054), (5.1772738, -0.00002719462, 0.000007636845), (3.7056043, 0.000032765092, -0.000016018748), (3.8581119, 0.58228725, -0.27958566), (8.493021, -0.798849, 0.17607361), (5.717362, 0.0000055879354, -0.0000024214387), (4.05623, 5.5879354e-7, 0.0000029802322), (-0.09195709, 0.12400055, -0.010784148), (3.588779, 1.1416204, 2.473568), (7.091811, 0.000116601586, -0.00023134053), (4.3987403, 0.000013783574, 0.0000014901161), (3.2743535, -0.000020116568, -0.0000016763806), (3.8142316, 0.7645536, 1.0260733), (7.8576894, -0.66495985, 0.1709938), (5.2927384, 0.0000040978193, 3.7252903e-7), (3.950796, 0.00000782311, -0.0000063329935), (2.073247, 1.3707844, -1.1416761), (4.84514, 0.000008079223, 0.0000070780516), (4.592395, -0.000010617077, -0.0000063329935), (4.7306933, 0.000017881393, 0.000014062971), (6.221275, 4.116287, -0.5343933), (10.164343, -7.4505806e-7, 7.4505806e-7), (17.010548, 0.0000014901161, -0.000009685755), (24.433193, 0, -0.000012665987), (13.022539, -2.1651685, -0.0000014901161), (9.848004, 0.0000014901161, -6.519258e-7), (35.1905, -0.0000029802322, -0.0000044703484), (35.1905, -0.0000029802322, -0.0000044703484), (15.660492, 16.189648, 0), (15.660492, 16.189646, -8.84078), (-0.0000023841856, 0.000030517578, 0.0000038146973), (15.660492, 16.189651, 8.840538), (-9.536743e-7, 0.000015258789, -0.0000038146973), (49.653168, 0.0000021457672, 0), (10.274694, 0.6405696, -3.5419345), (-14.97564, 0.000008754432, 0.000109896064), (-24.43287, 0.000023841858, 0.0004645437), (-0.0000038146973, -9.536743e-7, -0.0000076293945), (-9.372856, 0.000011175871, -0.00037550926), (-17.417578, -0.0000029802322, 0.000055134296), (-22.19162, -0.0000059604645, -0.00009685755), (-22.19162, -0.0000059604645, -0.00009983778), (-3.6729436, -0.84158254, 1.5604285), (-8.801953, 0.7081222, -0.10753125), (-5.1772847, 0.00004833564, 0.000009476207), (-3.7056327, -0.00003008172, -0.000021606684), (-3.8584385, -0.5824646, 0.2795823), (-8.492967, 0.7988301, -0.17606914), (-5.7173176, -0.000014714897, 0.000005075708), (-4.0562825, -0.000021979213, -0.0000022351742), (0.091976166, -0.12399291, 0.010787964), (-3.589005, -1.1418297, -2.4735708), (-7.0918617, -0.00008321367, 0.00025182962), (-4.3987556, -0.000025890768, -0.000021001324), (-3.274303, -0.00005136244, -0.000020861626), (-3.8144913, -0.7647847, -1.0260698), (-7.8577204, 0.66490304, -0.17099455), (-5.2927017, 0.000014901161, 0.0000038184226), (-3.9507613, 0.000022212043, -0.000013038516), (-2.0734947, -1.3709706, 1.1416752), (-4.845179, -0.00008195639, 0.00006025657), (-4.5923786, 0.00003054738, -0.000023469329), (-4.7307277, -0.00005364418, -0.000067427754), (-6.221695, -4.1602554, 0.5392237), (-10.163925, 0.000022351742, 0.00040549785), (-17.010597, 0.0000074505806, 0.000074878335), (-24.43286, 0.000029802322, 0.00046491623), (0, -21.82326, 0), (-8.836779, -1.2101114, 12.839161), (25.313755, 0, 0.0000011175871), (20.16547, 0, 0.0000014901161), (6.187787, 18.357784, 0), (4.3955984, -0.000012665987, -0.0000016763806), (-0.000008106232, 2.3841858e-7, 0), (8.418913, 8.931866, 0.4361162), (-0.0005760193, 0.0000063776965, 0.00000667572), (8.940629, 0.027556717, 0.034273043), (14.5530405, 0.027555227, 0.03427323), (20.165476, 0.027558208, 0.0342723), (3.7062593, -0.030490756, 0.06855898), (12.404185, -0.030489266, 0.068563595), (23.56811, -0.015246868, 0.03427863), (-8.836791, -1.2101097, -12.839153), (-25.31377, 0.0000029802322, -0.0000052154064), (-20.165457, -0.0000014901161, 0.0000074505806), (-6.187777, -18.357792, 0.0000059604645), (-4.3955383, -0.000021606684, 0.0000064028427), (0.000015735626, -4.7683716e-7, 0), (-8.335918, -8.935716, -0.4293413), (0.0005722046, -0.00000667572, -0.0000019073486), (-8.940594, -0.027555227, -0.03426671), (-14.5530205, -0.027560443, -0.034265965), (-20.16546, -0.027561188, -0.03425628), (-3.7062924, 0.030491129, -0.06856127), (-12.404209, 0.030493736, -0.06856173), (-23.568121, 0.015252829, -0.034280494), (0, 17.275574, 15.934012), (-0.0000076293945, -25.918028, 14.670022), (0, 17.795464, -16.41353), (0, -26.337646, -14.907532)],
                12: [(0, 0, 0), (0.7361475, 73.101135, 4.813721), (1.2930725, -2.7939677e-7, 6.984919e-8), (5.2178054, 3.7252903e-7, 6.519258e-7), (3.7447069, -3.7252903e-7, 3.259629e-7), (6.990178, -7.4505806e-7, 6.519258e-7), (10.274946, 0.64057636, 3.541929), (14.975686, 0.0000059604645, 0.000008195639), (24.433199, 0.0000014901161, 0.0000022351742), (0, -9.536743e-7, -0.0000076293945), (9.372468, -4.656613e-7, -0.0000029802322), (17.417665, -0.0000014901161, 0.0000059604645), (22.191647, -0.000003911555, -0.000013411045), (22.191645, -0.000005401671, -0.000014901161), (3.6727157, 0.84136623, -1.5604277), (8.801949, -0.70816946, 0.107527524), (5.1772647, -0.000028125942, 0.0000055879354), (3.7056043, 0.00003206078, -0.000017136335), (3.8581147, 0.5822883, -0.2795808), (8.49302, -0.79884994, 0.17607361), (5.7173615, 0.0000026077032, 0.0000014901161), (4.0562234, 3.7252903e-7, 0.0000040978193), (-0.09195709, 0.12400055, -0.010784148), (3.5887816, 1.1416183, 2.4735699), (7.0918083, 0.00011436641, -0.000230968), (4.3987327, 0.000010291114, 0.0000018626451), (3.27435, -0.000020861626, -9.313226e-8), (3.8142295, 0.7645525, 1.0260721), (7.857691, -0.66496, 0.17099306), (5.2927384, 0.0000041909516, 0), (3.9507978, 0.000008754432, -0.000008381903), (2.0732496, 1.3707875, -1.141672), (4.8451395, 0.0000028871, 0.0000052154064), (4.5923924, -0.000013317913, -0.0000074505806), (4.730685, 0.000012665987, 0.000014528632), (6.221275, 4.116287, -0.5343933), (10.164343, -0.0000029802322, -0.0000026077032), (17.010546, -0.0000029802322, -0.00001564622), (24.433203, 0.0000044703484, 7.4505806e-7), (13.02253, -2.1651611, 0.0000033527613), (9.848004, 0.0000037252903, 0.0000052154064), (35.190456, 0.000020861626, 0.000018812716), (35.190456, 0.000020861626, 0.000018812716), (15.660492, 16.189648, 0), (15.660492, 16.189646, -8.84078), (-0.0000023841856, 0.000030517578, 0.0000038146973), (15.660492, 16.189651, 8.840538), (-9.536743e-7, 0.000015258789, -0.0000038146973), (49.653168, 0.0000021457672, 0), (10.274688, 0.6405726, -3.5419278), (-14.975638, 0.000009406358, 0.000109151006), (-24.432867, 0.000025331974, 0.00046864152), (-0.0000038146973, -9.536743e-7, -0.0000076293945), (-9.3728485, 0.000017508864, -0.00037625432), (-17.41757, -7.4505806e-7, 0.00005811453), (-22.19161, 0, -0.00009089708), (-22.191614, -7.4505806e-7, -0.00009536743), (-3.6729417, -0.8415833, 1.5604281), (-8.801958, 0.7081237, -0.10752976), (-5.177283, 0.00004461035, 0.0000070780516), (-3.7056353, -0.000031944364, -0.000026077032), (-3.8584356, -0.582467, 0.27957672), (-8.492965, 0.798833, -0.17606467), (-5.7173104, -0.0000121071935, 0.0000044470653), (-4.056281, -0.00002537854, -0.0000040978193), (0.091976166, -0.12399291, 0.010787964), (-3.5890028, -1.1418319, -2.473576), (-7.0918627, -0.000084075145, 0.00025704503), (-4.398758, -0.000021792948, -0.000017126149), (-3.2743063, -0.00005599577, -0.000026077032), (-3.8144932, -0.7647846, -1.0260712), (-7.8577256, 0.6649015, -0.17099231), (-5.292702, 0.000014528632, -0.0000012572855), (-3.9507575, 0.000023562461, -0.000008568168), (-2.0734944, -1.3709716, 1.141675), (-4.845174, -0.00008046627, 0.00006183982), (-4.5923667, 0.00002719462, -0.00002142042), (-4.7307215, -0.000056624413, -0.000067055225), (-6.221695, -4.1602554, 0.5392237), (-10.163927, 0.0000230968, 0.00040400773), (-17.010597, 0.0000074505806, 0.000074878335), (-24.432865, 0.00002682209, 0.000461936), (0, -21.82326, 0), (-8.836774, -1.21011, 12.839156), (25.313765, 0.0000059604645, -0.0000026077032), (20.16548, 0.0000029802322, -0.0000044703484), (6.1877847, 18.35779, -0.0000014901161), (4.3955965, -0.000010617077, -0.0000033527613), (-0.000008106232, 2.3841858e-7, 0), (8.418913, 8.931866, 0.4361162), (-0.0005760193, 0.0000063776965, 0.00000667572), (8.94063, 0.027557462, 0.034270808), (14.553046, 0.027558208, 0.034270063), (20.165485, 0.027561188, 0.034267828), (3.706258, -0.030491129, 0.06855852), (12.404185, -0.030486286, 0.068562105), (23.568115, -0.015246868, 0.03427379), (-8.836793, -1.2101121, -12.839152), (-25.313765, 0, -0.000008009374), (-20.16544, -0.0000052154064, -0.0000044703484), (-6.1877685, -18.35779, 0.0000067055225), (-4.3955364, -0.000020861626, 0.0000047293724), (0.000015735626, -4.7683716e-7, 0), (-8.335918, -8.935716, -0.4293413), (0.0005722046, -0.00000667572, -0.0000019073486), (-8.940585, -0.027559698, -0.034271926), (-14.553011, -0.027559698, -0.03427565), (-20.165447, -0.027561933, -0.03426969), (-3.7062917, 0.030490756, -0.06856341), (-12.404205, 0.030490756, -0.068564154), (-23.568117, 0.015246868, -0.034287013), (0, 17.275574, 15.934012), (-0.0000076293945, -25.918028, 14.670022), (0, 17.795464, -16.41353), (0, -26.337646, -14.907532)],
                13: [(0, 0, 0), (0.67982215, 68.788864, 3.7242785), (1.2930727, -9.313226e-8, -1.3969839e-7), (5.2178116, -0.0000022351742, -8.381903e-7), (3.7447023, 0, -9.313226e-7), (6.9901834, -0.0000037252903, -0.0000023283064), (10.2749605, 0.64056665, 3.541928), (14.975691, -3.7252903e-7, 0.0000037252903), (24.433212, 0.0000014901161, 0.00001564622), (0, -9.536743e-7, -0.0000076293945), (9.372471, -0.0000020954758, -0.0000029802322), (17.417664, 8.381903e-7, 0.0000029802322), (22.191643, -0.0000027008355, -0.000016391277), (22.191643, -0.0000027939677, -0.000013411045), (3.6727178, 0.8413682, -1.5604331), (8.801955, -0.70816165, 0.107527524), (5.1772785, -0.000023376197, 0.0000033527613), (3.705611, 0.000030442607, -0.00001527369), (3.8581147, 0.5822909, -0.27958527), (8.493023, -0.79884577, 0.17607212), (5.7173634, 0.000005494803, -0.0000014901161), (4.056228, 1.3969839e-7, 0.0000022351742), (-0.09195709, 0.12400055, -0.010784148), (3.5887823, 1.1416227, 2.4735708), (7.091812, 0.00012051314, -0.00023394823), (4.3987403, 0.000013688259, 0.0000033527613), (3.2743547, -0.000021606684, 6.519258e-7), (3.814229, 0.7645562, 1.0260694), (7.8576946, -0.66495836, 0.17099679), (5.2927346, 0.000005355105, -0.0000022351742), (3.9507957, 0.000008940697, -0.00000782311), (2.0732496, 1.3707877, -1.1416767), (4.8451424, 0.0000067055225, 0.0000040978193), (4.5923924, -0.000018859282, -0.000012293458), (4.7306914, 0.000016763806, 0.000013969839), (6.221275, 4.116287, -0.5343933), (10.164346, -0.0000029802322, 0), (17.010555, -0.0000014901161, -0.0000048428774), (24.433208, -0.0000014901161, 0.0000044703484), (13.022548, -2.165173, -0.0000026077032), (9.848018, -0.0000029802322, -0.000005401671), (35.190506, -0.0000059604645, -0.00001527369), (35.190506, -0.0000059604645, -0.00001527369), (15.660492, 16.189648, 0), (15.660492, 16.189646, -8.84078), (-0.0000023841856, 0.000030517578, 0.0000038146973), (15.660492, 16.189651, 8.840538), (-9.536743e-7, 0.000015258789, -0.0000038146973), (49.653168, 0.0000021457672, 0), (10.274699, 0.6405674, -3.5419385), (-14.975638, 0.000003911555, 0.000101327896), (-24.43287, 0.000029802322, 0.00046417117), (-0.0000038146973, -9.536743e-7, -0.0000076293945), (-9.372859, 0.000017881393, -0.00038146973), (-17.41759, -0.0000040978193, 0.000049173832), (-22.191635, -0.0000022351742, -0.00011026859), (-22.191637, -0.000013783574, -0.00010728836), (-3.6729455, -0.84158516, 1.5604284), (-8.801961, 0.70812035, -0.107531995), (-5.177285, 0.000046472996, 0.000010523945), (-3.7056298, -0.00002826564, -0.000017136335), (-3.858438, -0.582468, 0.27957594), (-8.4929695, 0.79882556, -0.17607138), (-5.717323, -0.000014901161, 0.0000020489097), (-4.0562844, -0.000021234155, -0.0000033527613), (0.091976166, -0.12399291, 0.010787964), (-3.5890088, -1.1418307, -2.4735718), (-7.0918636, -0.00008614734, 0.00024735928), (-4.3987656, -0.00002272427, -0.000013993122), (-3.2743042, -0.000050803646, -0.000020861626), (-3.8144927, -0.764787, -1.0260754), (-7.857727, 0.6648996, -0.17099231), (-5.2927084, 0.000016763806, 0.0000034080585), (-3.9507587, 0.000024610199, -0.0000074505806), (-2.0734944, -1.3709747, 1.1416689), (-4.845179, -0.000083073974, 0.00006156042), (-4.592368, 0.000024214387, -0.00002272427), (-4.7307253, -0.000052712858, -0.00006966293), (-6.221695, -4.1602554, 0.5392237), (-10.163933, 0.000023841858, 0.0004015863), (-17.010607, 0.000008195639, 0.00007003546), (-24.432873, 0.000029802322, 0.00045970082), (0, -21.82326, 0), (-8.83678, -1.21011, 12.839163), (25.313765, 0.0000029802322, -0.0000037252903), (20.165474, 0.0000029802322, -0.0000014901161), (6.187786, 18.35779, -0.0000029802322), (4.3955975, -0.0000103143975, -0.0000018626451), (-0.000008106232, 2.3841858e-7, 0), (8.418913, 8.931866, 0.4361162), (-0.0005760193, 0.0000063776965, 0.00000667572), (8.94063, 0.027555972, 0.034271553), (14.553043, 0.027556717, 0.03427118), (20.16548, 0.027562678, 0.03426969), (3.706257, -0.030491129, 0.06855805), (12.404187, -0.030487776, 0.06856127), (23.568117, -0.015243888, 0.03427416), (-8.836792, -1.2101068, -12.839155), (-25.313768, 0, -0.0000044703484), (-20.165451, -0.000004656613, 0.0000044703484), (-6.187768, -18.35779, 0.0000067055225), (-4.395534, -0.000022351742, 0.0000035390258), (0.000015735626, -4.7683716e-7, 0), (-8.335918, -8.935716, -0.4293413), (0.0005722046, -0.00000667572, -0.0000019073486), (-8.94059, -0.027557835, -0.034268945), (-14.55302, -0.027559884, -0.0342682), (-20.165457, -0.027562678, -0.03425926), (-3.7062974, 0.030492619, -0.06856239), (-12.404205, 0.030492246, -0.068563595), (-23.568117, 0.0152513385, -0.034283847), (0, 17.275574, 15.934012), (-0.0000076293945, -25.918028, 14.670022), (0, 17.795464, -16.41353), (0, -26.337646, -14.907532)],
                14: [(0, 0, 0), (0.50075334, 63.661545, 2.4191937), (1.2930704, 1.8626451e-7, -1.3969839e-7), (5.2178054, -3.7252903e-7, 1.8626451e-7), (3.7447054, -3.7252903e-7, 3.259629e-7), (6.9901867, -0.0000044703484, -0.0000017695129), (10.2749605, 0.6405696, 3.5419297), (14.975691, 0.0000037252903, 0.000008195639), (24.433205, 0, 0.0000048428774), (0, -9.536743e-7, -0.0000076293945), (9.372471, 0.0000011874363, -0.0000029802322), (17.417667, -0.0000016996637, 0.0000029802322), (22.191643, 0.0000024680048, -0.000016391277), (22.191645, -0.0000038184226, -0.000014901161), (3.6727211, 0.8413697, -1.5604324), (8.801959, -0.7081588, 0.107523054), (5.177281, -0.000023189932, 0.0000040978193), (3.7056148, 0.000030663796, -0.000016391277), (3.858117, 0.58229214, -0.27958637), (8.493028, -0.7988422, 0.17607212), (5.717372, 0.000009126961, -0.0000033527613), (4.0562353, -0.0000023283064, 0.0000029802322), (-0.09195709, 0.12400055, -0.010784148), (3.5887842, 1.1416256, 2.473574), (7.0918174, 0.00012293458, -0.00023543835), (4.398746, 0.000016472768, 0), (3.2743638, -0.000024586916, 8.381903e-7), (3.814233, 0.76455843, 1.0260727), (7.8577013, -0.6649539, 0.1709953), (5.2927465, 0.000009313226, -0.0000040978193), (3.9508064, 0.000006519258, -0.000009126961), (2.0732517, 1.3707895, -1.1416756), (4.8451433, 0.000007636845, 0.0000033527613), (4.5923953, -0.000015692785, -0.000011920929), (4.73069, 0.000014156103, 0.00001359731), (6.221275, 4.116287, -0.5343933), (10.16434, -0.0000029802322, -0.000003911555), (17.010548, -0.0000014901161, -0.000013783574), (24.433199, -0.0000014901161, -0.000008195639), (13.022539, -2.1651685, -3.7252903e-7), (9.848007, 0.0000014901161, 0.0000010244548), (35.190483, 0.000008940697, 0.0000067055225), (35.190483, 0.000008940697, 0.0000067055225), (15.660492, 16.189648, 0), (15.660492, 16.189646, -8.84078), (-0.0000023841856, 0.000030517578, 0.0000038146973), (15.660492, 16.189651, 8.840538), (-9.536743e-7, 0.000015258789, -0.0000038146973), (49.653168, 0.0000021457672, 0), (10.274694, 0.6405704, -3.5419338), (-14.975638, 0.0000060070306, 0.00010263175), (-24.432873, 0.000026077032, 0.00046640635), (-0.0000038146973, -9.536743e-7, -0.0000076293945), (-9.372852, 0.000011734664, -0.0003784895), (-17.41758, -0.0000019557774, 0.000056624413), (-22.191624, -0.0000022351742, -0.00010281801), (-22.191624, -0.0000022351742, -0.00010281801), (-3.6729448, -0.8415865, 1.5604255), (-8.80196, 0.70812196, -0.107526034), (-5.177286, 0.00004703179, 0.0000105916115), (-3.7056286, -0.00003054738, -0.000021979213), (-3.858437, -0.58246756, 0.27957672), (-8.492968, 0.7988263, -0.17607361), (-5.7173185, -0.000014714897, -0.000001071021), (-4.0562844, -0.00002272427, -0.0000014901161), (0.091976166, -0.12399291, 0.010787964), (-3.589008, -1.1418316, -2.4735768), (-7.091865, -0.00008456409, 0.00024661422), (-4.3987637, -0.000021979213, -0.000015925616), (-3.274307, -0.000054296106, -0.000023841858), (-3.8144946, -0.7647874, -1.026072), (-7.8577223, 0.6649027, -0.17099977), (-5.292706, 0.000014342368, -0.0000033527613), (-3.9507635, 0.000025797635, -0.0000067055225), (-2.0734975, -1.3709729, 1.1416804), (-4.845183, -0.00007972121, 0.00006202608), (-4.59238, 0.000028871, -0.00002272427), (-4.7307315, -0.000051409006, -0.00007003546), (-6.221695, -4.1602554, 0.5392237), (-10.163937, 0.000018626451, 0.0004015863), (-17.010603, 0.0000067055225, 0.00007301569), (-24.432865, 0.000028312206, 0.00046119094), (0, -21.82326, 0), (-8.836779, -1.21011, 12.839161), (25.313763, 0.0000029802322, 0.0000011175871), (20.16548, 0.0000044703484, -0.0000014901161), (6.1877923, 18.357796, -0.0000029802322), (4.3955984, -0.000009639189, -0.0000037252903), (-0.000008106232, 2.3841858e-7, 0), (8.418913, 8.931866, 0.4361162), (-0.0005760193, 0.0000063776965, 0.00000667572), (8.940631, 0.027557462, 0.03427267), (14.553046, 0.027557462, 0.03427118), (20.165482, 0.027561188, 0.0342682), (3.7062566, -0.030491501, 0.06855805), (12.404185, -0.030487776, 0.06856388), (23.568111, -0.015246868, 0.03427472), (-8.836789, -1.2101103, -12.839153), (-25.313768, 0.0000029802322, -0.0000074505806), (-20.165455, -0.0000016763806, 0.000010430813), (-6.187776, -18.357792, 0.0000074505806), (-4.395537, -0.000021234155, 0.000004679896), (0.000015735626, -4.7683716e-7, 0), (-8.335918, -8.935716, -0.4293413), (0.0005722046, -0.00000667572, -0.0000019073486), (-8.940593, -0.027559139, -0.03426671), (-14.553022, -0.027561001, -0.03426522), (-20.16546, -0.027562305, -0.03425777), (-3.7062929, 0.030492246, -0.06856304), (-12.404205, 0.030492246, -0.06856248), (-23.568123, 0.015249848, -0.03428608), (0, 17.275574, 15.934012), (-0.0000076293945, -25.918028, 14.670022), (0, 17.795464, -16.41353), (0, -26.337646, -14.907532)],
                15: [(0, 0, 0), (0.15744649, 62.72942, 2.0326576), (1.2930717, 9.313226e-8, 0), (5.217801, 7.4505806e-7, 4.656613e-7), (3.7447002, 0.0000011175871, 9.313226e-8), (6.990181, -0.0000022351742, 0), (10.274956, 0.6405704, 3.541928), (14.975691, 3.7252903e-7, 0.0000070780516), (24.433207, 0, 0.000011175871), (0, -9.536743e-7, -0.0000076293945), (9.372474, -0.0000048603397, 0), (17.417667, -3.0267984e-7, 0.0000044703484), (22.191643, 8.1490725e-8, -0.00001937151), (22.19164, 4.5401976e-7, -0.000013411045), (3.6727223, 0.84136885, -1.560428), (8.801956, -0.7081605, 0.107526034), (5.1772766, -0.00002514571, 0.0000059604645), (3.7056084, 0.000030873343, -0.000014528632), (3.8581178, 0.582289, -0.27958378), (8.493022, -0.79884565, 0.17607212), (5.7173653, 0.0000048428774, -0.0000011175871), (4.056228, -1.8626451e-7, 0.0000055879354), (-0.09195709, 0.12400055, -0.010784148), (3.5887818, 1.1416227, 2.4735708), (7.091816, 0.00012181699, -0.00023320317), (4.398738, 0.000015133992, -3.7252903e-7), (3.2743552, -0.00002104789, -0.000002142042), (3.8142316, 0.7645577, 1.0260737), (7.8576937, -0.6649567, 0.17099455), (5.2927384, 0.0000055879354, 3.7252903e-7), (3.9508007, 0.000009033829, -0.000009313226), (2.0732503, 1.3707867, -1.1416754), (4.8451447, 0.00000782311, 0.0000037252903), (4.592395, -0.000016391277, -0.000009313226), (4.730694, 0.00001899898, 0.000012293458), (6.221275, 4.116287, -0.5343933), (10.164345, -0.0000022351742, 0.0000018626451), (17.010555, -0.0000014901161, -0.000003958121), (24.433208, 0.0000014901161, 0.0000067520887), (13.022548, -2.1651716, -0.0000033527613), (9.848017, -0.0000022351742, -0.0000028405339), (35.190502, -0.0000029802322, -0.000011920929), (35.190502, -0.0000029802322, -0.000011920929), (15.660492, 16.189648, 0), (15.660492, 16.189646, -8.84078), (-0.0000023841856, 0.000030517578, 0.0000038146973), (15.660492, 16.189651, 8.840538), (-9.536743e-7, 0.000015258789, -0.0000038146973), (49.653168, 0.0000021457672, 0), (10.274699, 0.64056814, -3.541936), (-14.975638, 0.000008288771, 0.000109290704), (-24.43287, 0.00002682209, 0.00046491623), (-0.0000038146973, -9.536743e-7, -0.0000076293945), (-9.372857, 0.000014156103, -0.00038072467), (-17.417587, -0.0000033527613, 0.000049173832), (-22.191631, -7.4505806e-7, -0.00010728836), (-22.191633, -0.0000067055225, -0.00010728836), (-3.6729448, -0.84158516, 1.5604287), (-8.801964, 0.70812035, -0.107529014), (-5.1772923, 0.000046672358, 0.000007729977), (-3.7056353, -0.000028591603, -0.00001937151), (-3.858439, -0.5824674, 0.27957857), (-8.492972, 0.79882777, -0.17606765), (-5.717324, -0.000015769547, -0.0000031664968), (-4.056286, -0.000021606684, -0.0000014901161), (0.091976166, -0.12399291, 0.010787964), (-3.5890064, -1.141832, -2.4735737), (-7.0918655, -0.000086426735, 0.00025331974), (-4.3987637, -0.00002370216, -0.000020489097), (-3.2743056, -0.00005159527, -0.000020861626), (-3.8144958, -0.764787, -1.0260757), (-7.8577266, 0.664901, -0.17100126), (-5.292713, 0.000015669502, 0.0000018626451), (-3.950762, 0.000024400651, -0.000012293458), (-2.0734951, -1.3709737, 1.1416763), (-4.845182, -0.0000834465, 0.000059977174), (-4.5923758, 0.000028125942, -0.00002272427), (-4.730732, -0.000054878183, -0.00006817281), (-6.221695, -4.1602554, 0.5392237), (-10.163932, 0.00002272427, 0.0004030764), (-17.0106, 0.000008940697, 0.000074505806), (-24.432867, 0.000029057264, 0.000461936), (0, -21.82326, 0), (-8.836777, -1.21011, 12.839155), (25.313753, -0.0000029802322, 0.0000044703484), (20.16546, -0.0000037252903, -0.0000014901161), (6.187787, 18.35779, -0.0000029802322), (4.3955965, -0.000009732321, -0.0000018626451), (-0.000008106232, 2.3841858e-7, 0), (8.418913, 8.931866, 0.4361162), (-0.0005760193, 0.0000063776965, 0.00000667572), (8.94062, 0.02755709, 0.03427267), (14.553034, 0.027552992, 0.03427416), (20.165468, 0.027554482, 0.03427416), (3.7062573, -0.030491874, 0.06856006), (12.4041815, -0.030490756, 0.06856546), (23.568102, -0.015252829, 0.034280866), (-8.836793, -1.210111, -12.839152), (-25.313768, 0.0000014901161, -0.0000059604645), (-20.165445, -0.0000055879354, -0.0000014901161), (-6.1877728, -18.357792, 0.000008940697), (-4.3955383, -0.000021234155, 0.000005401671), (0.000015735626, -4.7683716e-7, 0), (-8.335918, -8.935716, -0.4293413), (0.0005722046, -0.00000667572, -0.0000019073486), (-8.940588, -0.027557835, -0.03427118), (-14.553017, -0.02756007, -0.03427267), (-20.165451, -0.027563423, -0.03426522), (-3.7062929, 0.030492991, -0.06856322), (-12.404206, 0.030492991, -0.06856322), (-23.568121, 0.0152513385, -0.03428608), (0, 17.275574, 15.934012), (-0.0000076293945, -25.918028, 14.670022), (0, 17.795464, -16.41353), (0, -26.337646, -14.907532)],
                16: [(0, 0, 0), (-0.2683026, 64.091286, 3.2801292), (1.2930704, 2.7939677e-7, -9.313226e-8), (5.2178016, 7.4505806e-7, 5.5879354e-7), (3.7447002, 0.0000011175871, 6.519258e-7), (6.9901853, -0.0000022351742, 9.313226e-8), (10.274956, 0.64057183, 3.5419304), (14.975691, 0.0000016763806, -5.5879354e-7), (24.433195, -0.0000059604645, -0.0000011175871), (0, -9.536743e-7, -0.0000076293945), (9.372464, -0.00000691507, 0), (17.417654, -0.0000045634806, 0.0000059604645), (22.191631, -0.0000041909516, -0.000017881393), (22.191626, -0.000004377216, -0.000014901161), (3.672715, 0.8413646, -1.5604261), (8.801948, -0.70816606, 0.10752827), (5.1772647, -0.000027567148, 0.000006519258), (3.7056036, 0.000031106174, -0.000014156103), (3.8581111, 0.5822868, -0.27958527), (8.49302, -0.7988489, 0.17608032), (5.7173533, 0.0000014901161, 0.0000037252903), (4.056221, 0.0000018626451, 0), (-0.09195709, 0.12400055, -0.010784148), (3.5887809, 1.1416193, 2.47357), (7.091807, 0.00011269003, -0.00022798777), (4.398729, 0.000009918585, 0.0000022351742), (3.274346, -0.000020256266, -7.4505806e-7), (3.8142264, 0.7645514, 1.0260698), (7.857691, -0.66496307, 0.17099679), (5.29273, 0.000003632158, 3.7252903e-7), (3.9507914, 0.000010017538, -0.000008568168), (2.0732443, 1.3707852, -1.1416776), (4.8451385, 0.0000074505806, 0.0000063329935), (4.592394, -0.000015087426, -0.000008195639), (4.73069, 0.000014156103, 0.000013969839), (6.221275, 4.116287, -0.5343933), (10.164338, -0.0000059604645, -0.000004284084), (17.01054, -0.0000074505806, -0.000016205013), (24.433197, -0.0000059604645, -0.0000067055225), (13.022536, -2.165164, 0.0000026077032), (9.848002, 0.0000037252903, 8.381903e-7), (35.19048, 0.000008940697, 0.0000011175871), (35.19048, 0.000008940697, 0.0000011175871), (15.660492, 16.189648, 0), (15.660492, 16.189646, -8.84078), (-0.0000023841856, 0.000030517578, 0.0000038146973), (15.660492, 16.189651, 8.840538), (-9.536743e-7, 0.000015258789, -0.0000038146973), (49.653168, 0.0000021457672, 0), (10.274697, 0.6405696, -3.5419307), (-14.975638, 0.000005401671, 0.00010617077), (-24.432865, 0.000020861626, 0.00046789646), (-0.0000038146973, -9.536743e-7, -0.0000076293945), (-9.37285, 0.00001937151, -0.0003747642), (-17.417566, -0.0000059604645, 0.00006407499), (-22.191607, -0.0000029802322, -0.00008493662), (-22.191608, -0.000010430813, -0.000086426735), (-3.6729422, -0.84158313, 1.5604311), (-8.801959, 0.7081199, -0.10753125), (-5.1772885, 0.000045076013, 0.000008381903), (-3.7056353, -0.000029429793, -0.00001937151), (-3.8584356, -0.5824637, 0.2795812), (-8.492966, 0.7988281, -0.17606616), (-5.7173123, -0.000014714897, -7.4505806e-7), (-4.056281, -0.000022910535, -0.0000048428774), (0.091976166, -0.12399291, 0.010787964), (-3.5890028, -1.1418297, -2.4735684), (-7.0918574, -0.000082701445, 0.00025220215), (-4.3987556, -0.000021979213, -0.000018253922), (-3.2742996, -0.000054202974, -0.000025331974), (-3.8144913, -0.76478666, -1.0260751), (-7.8577185, 0.6649032, -0.17099492), (-5.2927012, 0.000015459955, 0.0000029802322), (-3.9507573, 0.00002142042, -0.000011175871), (-2.073493, -1.3709718, 1.1416748), (-4.845178, -0.000081025064, 0.000060722232), (-4.592374, 0.000024185283, -0.000023841858), (-4.730727, -0.000050570816, -0.000067427754), (-6.221695, -4.1602554, 0.5392237), (-10.163932, 0.000016763806, 0.0004015863), (-17.010593, 0.0000048428774, 0.00007674098), (-24.432861, 0.000020861626, 0.000461936), (0, -21.82326, 0), (-8.836779, -1.21011, 12.839161), (25.31377, 0.0000059604645, -0.0000014901161), (20.165487, 0.0000059604645, -0.0000044703484), (6.187793, 18.357798, -0.0000044703484), (4.3955984, -0.000009662472, -0.0000022351742), (-0.000008106232, 2.3841858e-7, 0), (8.418913, 8.931866, 0.4361162), (-0.0005760193, 0.0000063776965, 0.00000667572), (8.940636, 0.027557462, 0.03427118), (14.553054, 0.027560443, 0.03427267), (20.165495, 0.027564913, 0.03426671), (3.7062604, -0.030490756, 0.06855875), (12.40419, -0.030487776, 0.06856173), (23.568117, -0.015243888, 0.03427565), (-8.836791, -1.2101088, -12.839153), (-25.313768, 0.0000014901161, -0.0000059604645), (-20.165455, -0.0000014901161, 0.000008940697), (-6.1877723, -18.357792, 0.0000063329935), (-4.3955393, -0.000020861626, 0.0000059604645), (0.000015735626, -4.7683716e-7, 0), (-8.335918, -8.935716, -0.4293413), (0.0005722046, -0.00000667572, -0.0000019073486), (-8.940592, -0.027558953, -0.034267455), (-14.55302, -0.027559698, -0.03426671), (-20.165457, -0.027564168, -0.03425628), (-3.7062962, 0.030491315, -0.06856285), (-12.404208, 0.030491501, -0.06856322), (-23.568117, 0.0152513385, -0.03428608), (0, 17.275574, 15.934012), (-0.0000076293945, -25.918028, 14.670022), (0, 17.795464, -16.41353), (0, -26.337646, -14.907532)],
                17: [(0, 0, 0), (-0.81607926, 68.48221, 4.6922765), (1.2930715, -1.10594556e-7, -8.731149e-9), (5.217801, 4.8894435e-7, 9.8953024e-8), (3.744704, 3.7252903e-7, 7.566996e-8), (6.9901786, -4.1909516e-7, 1.1641532e-7), (10.274954, 0.640571, 3.5419292), (14.975691, 8.556526e-7, 0.0000048370566), (24.433199, -0.0000033527613, 0.0000035390258), (0, -9.536743e-7, -0.0000076293945), (9.372467, -0.000003911555, -9.313226e-7), (17.417658, -0.0000047381036, 0.0000074505806), (22.191633, 0.000002561137, -0.000019185245), (22.191628, -0.000006216578, -0.000015459955), (3.6727178, 0.84136856, -1.5604268), (8.8019495, -0.7081633, 0.10752506), (5.1772714, -0.000025120971, 0.0000049709342), (3.7056081, 0.000031548552, -0.000016367994), (3.8581133, 0.5822881, -0.2795832), (8.49302, -0.7988486, 0.17607374), (5.717362, 0.000004065805, -6.9849193e-7), (4.056226, -9.778887e-7, 0.0000027706847), (-0.09195709, 0.12400055, -0.010784148), (3.588783, 1.1416209, 2.4735725), (7.0918097, 0.00011845259, -0.00023092143), (4.3987346, 0.000013591489, 0.0000045401976), (3.2743526, -0.000021560118, -0.0000018044375), (3.8142295, 0.7645536, 1.0260704), (7.857688, -0.6649587, 0.1709986), (5.2927322, 0.0000039406586, 2.7939677e-7), (3.9507906, 0.000009324867, -0.000010547228), (2.0732465, 1.3707855, -1.1416776), (4.8451385, 0.000009313226, 0.0000052985342), (4.592394, -0.000016839476, -0.000008475035), (4.730692, 0.000015056867, 0.000013411045), (6.221275, 4.116287, -0.5343933), (10.164339, -0.0000045169145, -0.0000033993274), (17.010551, -0.0000024214387, -0.000010617077), (24.4332, -0.000002142042, -0.000001816079), (13.022539, -2.1651695, -1.3969839e-7), (9.848004, 0.0000019092113, 0.0000018531864), (35.19048, 0.000005401671, 0.0000046915375), (35.19048, 0.000005401671, 0.0000046915375), (15.660492, 16.189648, 0), (15.660492, 16.189646, -8.84078), (-0.0000023841856, 0.000030517578, 0.0000038146973), (15.660492, 16.189651, 8.840538), (-9.536743e-7, 0.000015258789, -0.0000038146973), (49.653168, 0.0000021457672, 0), (10.274696, 0.6405699, -3.541935), (-14.97564, 0.0000067288056, 0.00010852236), (-24.432873, 0.000028696377, 0.0004639849), (-0.0000038146973, -9.536743e-7, -0.0000076293945), (-9.372858, 0.000012200326, -0.00038214494), (-17.417591, 2.7939677e-7, 0.000046333298), (-22.19163, -0.000006891787, -0.00011026859), (-22.191633, -0.0000086613, -0.00011026859), (-3.6729436, -0.8415836, 1.560431), (-8.801963, 0.7081216, -0.1075297), (-5.177291, 0.000045378692, 0.00000721775), (-3.7056348, -0.000028847717, -0.000023574103), (-3.8584397, -0.5824679, 0.2795783), (-8.492974, 0.79882556, -0.17607091), (-5.717326, -0.000014877878, -0.0000012107193), (-4.0562873, -0.00002302695, 3.3760443e-7), (0.091976166, -0.12399291, 0.010787964), (-3.5890064, -1.1418294, -2.4735708), (-7.0918694, -0.000085379, 0.00024857), (-4.3987684, -0.000023446046, -0.000022235326), (-3.2743082, -0.000053469557, -0.000024260953), (-3.814495, -0.7647859, -1.0260754), (-7.857725, 0.66490114, -0.17099681), (-5.292713, 0.000013946556, 0.0000013271347), (-3.9507647, 0.000023911707, -0.000009685755), (-2.0734954, -1.3709722, 1.1416744), (-4.8451853, -0.00008165953, 0.00006202608), (-4.5923777, 0.000027031638, -0.000023469329), (-4.730733, -0.000050128438, -0.000067288056), (-6.221695, -4.1602554, 0.5392237), (-10.163937, 0.000020803418, 0.00039921142), (-17.010603, 0.000008905772, 0.00007329509), (-24.43287, 0.00003174646, 0.00045951456), (0, -21.82326, 0), (-8.836779, -1.210109, 12.839158), (25.313763, 8.381903e-7, -0.0000017695129), (20.165474, 5.5879354e-7, -0.0000017695129), (6.1877856, 18.357784, -0.000003085006), (4.3955965, -0.000011301017, -0.0000018102583), (-0.000008106232, 2.3841858e-7, 0), (8.418913, 8.931866, 0.4361162), (-0.0005760193, 0.0000063776965, 0.00000667572), (8.940628, 0.027555857, 0.034272254), (14.553041, 0.027556857, 0.03427239), (20.165476, 0.027559465, 0.03426941), (3.7062585, -0.030491164, 0.06855929), (12.404184, -0.030488381, 0.06856294), (23.568115, -0.015247799, 0.034276303), (-8.836792, -1.2101096, -12.839153), (-25.313763, -3.7252903e-7, -0.000009313226), (-20.16545, -0.000005122274, 0.0000045634806), (-6.18777, -18.35779, 0.0000046216883), (-4.395537, -0.000020032167, 0.000005378388), (0.000015735626, -4.7683716e-7, 0), (-8.335918, -8.935716, -0.4293413), (0.0005722046, -0.00000667572, -0.0000019073486), (-8.940591, -0.027558813, -0.0342689), (-14.553018, -0.027560629, -0.034268595), (-20.165453, -0.02756631, -0.03426168), (-3.7062955, 0.030490605, -0.06856308), (-12.404203, 0.030491594, -0.0685649), (-23.568115, 0.015246775, -0.03428608), (0, 17.275574, 15.934012), (-0.0000076293945, -25.918028, 14.670022), (0, 17.795464, -16.41353), (0, -26.337646, -14.907532)],
                18: [(0, 0, 0), (-1.0642389, 70.71641, 5.2811303), (1.2930697, 4.656613e-7, -1.9208528e-7), (5.2178054, -3.7252903e-7, -0.0000010244548), (3.744709, -0.0000011175871, -0.0000012805685), (6.9901853, -0.0000029802322, -0.000002537854), (10.274961, 0.64056885, 3.541928), (14.975691, 0.0000028871, 0.000011362135), (24.433214, 0.000011175871, 0.000011734664), (0, -9.536743e-7, -0.0000076293945), (9.3724785, -0.0000063329935, 5.5879354e-7), (17.417679, -0.000003911555, 0.0000059604645), (22.191662, 0.0000018626451, -0.000017881393), (22.191658, 0.0000022351742, -0.00001937151), (3.6727216, 0.84137124, -1.5604285), (8.801959, -0.70816183, 0.107519984), (5.1772857, -0.000023923349, 0.0000016763806), (3.705614, 0.000030361116, -0.00001527369), (3.858117, 0.5822917, -0.27958536), (8.493027, -0.7988408, 0.17607315), (5.7173758, 0.000008189818, -0.0000017695129), (4.0562334, -0.0000020489097, 0.0000044703484), (-0.09195709, 0.12400055, -0.010784148), (3.5887842, 1.1416254, 2.4735718), (7.0918174, 0.000121071935, -0.00023730099), (4.3987436, 0.00001678709, 0.0000016763806), (3.2743611, -0.000023655593, 0.0000015832484), (3.814233, 0.76455826, 1.026072), (7.8577013, -0.6649544, 0.17099082), (5.292747, 0.0000057858415, -0.0000019557774), (3.9508023, 0.000007636845, -0.0000088475645), (2.0732517, 1.3707876, -1.1416807), (4.8451514, 0.000003259629, 0.0000038184226), (4.5924015, -0.00001708977, -0.000013411045), (4.730699, 0.00001564622, 0.000007264316), (6.221275, 4.116287, -0.5343933), (10.164348, 0.0000024214387, 0.0000024214387), (17.010561, 0.000008195639, -0.000003911555), (24.433216, 0.000012293458, 0.000005029142), (13.022539, -2.165168, -0.0000010244548), (9.848011, -1.8626451e-7, -7.4505806e-7), (35.190495, 0.0000014901161, -0.0000045401976), (35.190495, 0.0000014901161, -0.0000045401976), (15.660492, 16.189648, 0), (15.660492, 16.189646, -8.84078), (-0.0000023841856, 0.000030517578, 0.0000038146973), (15.660492, 16.189651, 8.840538), (-9.536743e-7, 0.000015258789, -0.0000038146973), (49.653168, 0.0000021457672, 0), (10.274698, 0.6405704, -3.541936), (-14.975637, 0.0000053085387, 0.00010272488), (-24.432867, 0.000021851156, 0.00046491623), (-0.0000038146973, -9.536743e-7, -0.0000076293945), (-9.372852, 0.0000115484, -0.00037634745), (-17.417578, -0.0000052154064, 0.00005811453), (-22.191616, -0.0000033527613, -0.00009536743), (-22.191624, -0.0000070780516, -0.00009909272), (-3.6729429, -0.84158313, 1.5604287), (-8.801956, 0.7081233, -0.1075285), (-5.177279, 0.000046100467, 0.000007636845), (-3.7056289, -0.000031897798, -0.00002188608), (-3.8584318, -0.5824634, 0.27958253), (-8.492968, 0.798829, -0.1760677), (-5.7173147, -0.000015087426, -3.7252903e-7), (-4.0562778, -0.000023283064, -0.0000037718564), (0.091976166, -0.12399291, 0.010787964), (-3.5890036, -1.1418302, -2.47357), (-7.0918603, -0.00008409843, 0.0002515968), (-4.398757, -0.000023376197, -0.000018719584), (-3.274303, -0.00005303882, -0.000023003668), (-3.8144898, -0.76478404, -1.0260729), (-7.8577204, 0.66490245, -0.17099483), (-5.292706, 0.000014156103, 0.000003259629), (-3.9507627, 0.000023655593, -0.000010197982), (-2.0734944, -1.3709718, 1.1416737), (-4.8451777, -0.000085518695, 0.000059138983), (-4.592375, 0.000024819747, -0.000022817403), (-4.7307262, -0.000048056245, -0.000067427754), (-6.221695, -4.1602554, 0.5392237), (-10.16393, 0.000019287108, 0.00040270388), (-17.010597, 0.0000035273843, 0.00007376075), (-24.432863, 0.000025087502, 0.00046044588), (0, -21.82326, 0), (-8.836781, -1.210111, 12.839163), (25.313759, 0.0000022351742, -0.0000011175871), (20.165474, 0.0000013038516, -0.0000011175871), (6.1877875, 18.357788, -0.000003632158), (4.3955965, -0.000010523945, -7.4505806e-7), (-0.000008106232, 2.3841858e-7, 0), (8.418913, 8.931866, 0.4361162), (-0.0005760193, 0.0000063776965, 0.00000667572), (8.940627, 0.027557276, 0.034271553), (14.553041, 0.02755709, 0.034271553), (20.16548, 0.027560815, 0.034270808), (3.7062578, -0.03049057, 0.068558425), (12.404185, -0.030488707, 0.06856285), (23.568111, -0.015246868, 0.034276024), (-8.836794, -1.2101076, -12.839156), (-25.313768, 7.4505806e-7, -0.0000059604645), (-20.16545, -0.0000026077032, 0.000006146729), (-6.1877685, -18.357792, 0.0000027939677), (-4.3955364, -0.000020558946, 0.0000044703484), (0.000015735626, -4.7683716e-7, 0), (-8.335918, -8.935716, -0.4293413), (0.0005722046, -0.00000667572, -0.0000019073486), (-8.940591, -0.027558394, -0.034268886), (-14.553018, -0.027560815, -0.03426678), (-20.165459, -0.027561188, -0.03425842), (-3.7062936, 0.03049313, -0.06856304), (-12.404209, 0.030492432, -0.068562664), (-23.568123, 0.015251711, -0.034285337), (0, 17.275574, 15.934012), (-0.0000076293945, -25.918028, 14.670022), (0, 17.795464, -16.41353), (0, -26.337646, -14.907532)],
            }
        }
    }
}

