#usda 1.0
(
    endTimeCode = 18
    framesPerSecond = 30
    startTimeCode = 0
    timeCodesPerSecond = 30
)

def SkelRoot "SkelRoot"
{
    def Skeleton "Skeleton" (
        prepend apiSchemas = ["SkelBindingAPI"]
    )
    {
        uniform matrix4d[] bindTransforms = [( (1, 0, -0.0000027862261049449444, 0), (0, 1, 0, 0), (0.0000027862261049449444, 0, 1, 0), (3.902045726776123, 0, 5.007885932922363, 1) ), ( (-0.00039958953857421875, 0.9999998807907104, -0.0000016678167185091297, 0), (0.0000027862261049449444, 0.0000016689300537109375, 1, 0), (0.9999998807907104, 0.00039961934089660645, -0.000002786225877571269, 0), (3.9020485877990723, 54.298095703125, 5.941417694091797, 1) ), ( (-0.0005969720077700913, 0.9999715089797974, 0.007528908550739288, 0), (0.000006142517577245599, -0.007528906222432852, 0.9999716281890869, 0), (0.9999999403953552, 0.0005970310885459185, -0.0000016471301478304667, 0), (3.9017019271850586, 55.16432189941406, 5.941415309906006, 1) ), ( (-0.0009474777616560459, 0.9998825192451477, 0.015295911580324173, 0), (0.000020404026145115495, -0.015295898541808128, 0.9998829960823059, 0), (0.999999463558197, 0.0009477089624851942, -0.000005908437742618844, 0), (3.894428014755249, 67.34915924072266, 6.0331573486328125, 1) ), ( (-0.0013240132248029113, 0.9999861121177673, 0.005120026879012585, 0), (0.0000476757631986402, -0.005119967274367809, 0.9999868869781494, 0), (0.9999992847442627, 0.0013242699205875397, -0.00004089551293873228, 0), (3.883817672729492, 78.54620361328125, 6.204445838928223, 1) ), ( (-0.001504441723227501, 0.9999903440475464, 0.0041200099512934685, 0), (0.00005882702680537477, -0.004119924269616604, 0.9999914765357971, 0), (0.999998927116394, 0.001504701329395175, -0.00005262760168989189, 0), (3.8718652725219727, 87.57366180419922, 6.250667572021484, 1) ), ( (0.9507479667663574, -0.1680077612400055, -0.2604833245277405, 0), (0.25751808285713196, -0.03959238529205322, 0.9654619693756104, 0), (-0.17251832783222198, -0.9849899411201477, 0.0056227101013064384, 0), (5.734592914581299, 94.45783996582031, 6.708040714263916, 1) ), ( (0.9993513226509094, -0.03597833961248398, -0.0016307128826156259, 0), (0.0007676920504309237, -0.0239902064204216, 0.9997120499610901, 0), (-0.036007195711135864, -0.9990644454956055, -0.023946981877088547, 0), (14.322547912597656, 92.94022369384766, 4.355137348175049, 1) ), ( (0.9810340404510498, -0.0399039126932621, 0.18968382477760315, 0), (-0.19046184420585632, -0.01666288450360298, 0.9815530776977539, 0), (-0.03600722923874855, -0.9990643858909607, -0.023946993052959442, 0), (30.45194435119629, 92.35955810546875, 4.328817844390869, 1) ), ( (0.9810341596603394, -0.03990401700139046, 0.18968385457992554, 0), (-0.1904618889093399, -0.01666286401450634, 0.9815531373023987, 0), (-0.036007318645715714, -0.9990643858909607, -0.023946991190314293, 0), (30.451942443847656, 92.35956573486328, 4.3288187980651855, 1) ), ( (0.9810341596603394, -0.03990401700139046, 0.18968385457992554, 0), (-0.1904618889093399, -0.01666286401450634, 0.9815531373023987, 0), (-0.036007318645715714, -0.9990643858909607, -0.023946991190314293, 0), (36.6114616394043, 92.1090087890625, 5.519766807556152, 1) ), ( (0.9810341596603394, -0.03990401700139046, 0.18968385457992554, 0), (-0.1904618889093399, -0.01666286401450634, 0.9815531373023987, 0), (-0.036007318645715714, -0.9990643858909607, -0.023946991190314293, 0), (41.8539924621582, 91.89576721191406, 6.533417701721191, 1) ), ( (0.9810341596603394, -0.03990401700139046, 0.18968385457992554, 0), (-0.1904618889093399, -0.01666286401450634, 0.9815531373023987, 0), (-0.036007318645715714, -0.9990643858909607, -0.023946991190314293, 0), (44.81254577636719, 91.77543640136719, 7.105452537536621, 1) ), ( (0.98592609167099, -0.0045343670062720776, 0.1671210080385208, 0), (-0.0015280900988727808, -0.9998349547386169, -0.0181131549179554, 0), (0.1671755462884903, 0.01760285161435604, -0.9857701659202576, 0), (44.81254577636719, 91.77543640136719, 7.105452537536621, 1) ), ( (0.9373698830604553, -0.12376624345779419, 0.32560598850250244, 0), (-0.12026546895503998, -0.9922594428062439, -0.030942296609282494, 0), (0.32691529393196106, -0.010154777206480503, -0.9449992179870605, 0), (47.048397064208984, 91.18608856201172, 8.527807235717773, 1) ), ( (0.889622151851654, -0.45146459341049194, -0.0689389780163765, 0), (-0.45615795254707336, -0.8710505366325378, -0.18218407034873962, 0), (0.02220018208026886, 0.19352203607559204, -0.9808450937271118, 0), (49.92441177368164, 91.28396606445312, 9.445953369140625, 1) ), ( (0.6365573406219482, -0.7604841589927673, -0.12828998267650604, 0), (-0.7710987329483032, -0.630643904209137, -0.08772051334381104, 0), (-0.0141953369602561, 0.15476331114768982, -0.9878494739532471, 0), (51.710872650146484, 90.37736511230469, 9.307516098022461, 1) ), ( (0.524200975894928, -0.8312978744506836, -0.18481525778770447, 0), (-0.8482987880706787, -0.5288026332855225, -0.02752196043729782, 0), (-0.07485184818506241, 0.17120559513568878, -0.9823881387710571, 0), (52.36556625366211, 89.59520721435547, 9.175575256347656, 1) ), ( (0.9785903692245483, -0.10129227489233017, 0.17916564643383026, 0), (-0.09671171009540558, -0.9947264790534973, -0.034141771495342255, 0), (0.18167904019355774, 0.016083406284451485, -0.9832263588905334, 0), (47.31287384033203, 91.37297058105469, 7.711090087890625, 1) ), ( (0.8681015372276306, -0.48551300168037415, 0.10332906991243362, 0), (-0.47858917713165283, -0.8738826513290405, -0.0853332057595253, 0), (0.13172787427902222, 0.024625694379210472, -0.9909801483154297, 0), (50.103214263916016, 91.62252044677734, 8.111568450927734, 1) ), ( (0.6160983443260193, -0.7851436734199524, 0.06302517652511597, 0), (-0.7794678211212158, -0.6192452311515808, -0.09468742460012436, 0), (0.11337116360664368, 0.009210665710270405, -0.9935100078582764, 0), (52.1585693359375, 90.47298431396484, 8.35621166229248, 1) ), ( (0.5401458144187927, -0.8396002054214478, 0.05756627768278122, 0), (-0.8396068215370178, -0.5422942042350769, -0.031268760561943054, 0), (0.05747109279036522, -0.03144339844584465, -0.9978521466255188, 0), (52.93603515625, 89.48222351074219, 8.435742378234863, 1) ), ( (0.9859253764152527, -0.004539031535387039, 0.16712377965450287, 0), (-0.0015364015707746148, -0.9998351335525513, -0.01809190958738327, 0), (0.16717828810214996, 0.01758050173521042, -0.9857699275016785, 0), (44.75086212158203, 91.69306945800781, 7.100805282592773, 1) ), ( (0.9904402494430542, -0.09326313436031342, -0.10163896530866623, 0), (-0.04693419858813286, -0.9206908941268921, 0.38746020197868347, 0), (-0.12971384823322296, -0.37898558378219604, -0.9162664413452148, 0), (47.441898345947266, 91.03378295898438, 5.867810249328613, 1) ), ( (0.8640793561935425, -0.45846155285835266, 0.2077968269586563, 0), (-0.4948909878730774, -0.8491670489311218, 0.1843850314617157, 0), (0.09192067384719849, -0.262160062789917, -0.9606367349624634, 0), (49.2686767578125, 90.86174011230469, 5.680520057678223, 1) ), ( (0.6257684826850891, -0.7507573962211609, 0.2116049826145172, 0), (-0.7797618508338928, -0.5952862501144409, 0.1939220428466797, 0), (-0.019622916355729103, -0.28635185956954956, -0.9579238295555115, 0), (50.55605697631836, 90.17869567871094, 5.990118980407715, 1) ), ( (0.3964326083660126, -0.8511238098144531, 0.3441355526447296, 0), (-0.9169726371765137, -0.3853600025177002, 0.10324080288410187, 0), (0.04474523663520813, -0.3564908802509308, -0.9332268238067627, 0), (51.020015716552734, 89.6220703125, 6.1470046043396, 1) ), ( (0.9905321002006531, -0.1300847828388214, 0.04386956989765167, 0), (-0.12809409201145172, -0.990717351436615, -0.04549921303987503, 0), (0.04938105121254921, 0.039448995143175125, -0.9980007410049438, 0), (47.42915725708008, 91.26708984375, 6.84726095199585, 1) ), ( (0.8755516409873962, -0.4791056215763092, 0.06218627467751503, 0), (-0.4828560948371887, -0.8720768690109253, 0.07957294583320618, 0), (0.016107387840747833, -0.09969726204872131, -0.9948875308036804, 0), (49.82339096069336, 91.40386199951172, 6.857084274291992, 1) ), ( (0.6093901991844177, -0.7851922512054443, 0.11007501184940338, 0), (-0.792576253414154, -0.5994846224784851, 0.11153927445411682, 0), (-0.021591531112790108, -0.15521392226219177, -0.9876450300216675, 0), (51.64889144897461, 90.40493774414062, 6.986737251281738, 1) ), ( (0.40234851837158203, -0.8953936100006104, 0.19075047969818115, 0), (-0.9154348373413086, -0.3957119584083557, 0.07342451065778732, 0), (0.00973846111446619, -0.2041618525981903, -0.9788886904716492, 0), (52.37510681152344, 89.46924591064453, 7.117919921875, 1) ), ( (-0.20223671197891235, -0.9672579169273376, 0.15333674848079681, 0), (-0.19947503507137299, -0.11260547488927841, -0.9734118580818176, 0), (0.958806574344635, -0.22744615375995636, -0.17017066478729248, 0), (46.04474639892578, 90.84346771240234, 8.068713188171387, 1) ), ( (-0.5683180093765259, -0.7124819159507751, -0.41156330704689026, 0), (0.3248068392276764, 0.2653068006038666, -0.9078065752983093, 0), (0.7559862732887268, -0.64960116147995, 0.08064058423042297, 0), (45.974205017089844, 90.50604248046875, 8.122206687927246, 1) ), ( (-0.43108266592025757, -0.7459648847579956, -0.507645845413208, 0), (0.2289404273033142, 0.4537699818611145, -0.8612084984779358, 0), (0.8727856278419495, -0.4874723553657532, -0.02483072504401207, 0), (45.05419158935547, 89.35267639160156, 7.455976486206055, 1) ), ( (-0.5518357157707214, -0.6983714699745178, -0.45580098032951355, 0), (0.3386548161506653, 0.3118020296096802, -0.88774573802948, 0), (0.7620958089828491, -0.644248902797699, 0.06444334983825684, 0), (44.31669235229492, 88.07644653320312, 6.587469100952148, 1) ), ( (1, -1.5192199498414993e-8, 1.2857299225288443e-8, 0), (1.0284224138956688e-8, 0.9999999403953552, 8.500909698394565e-11, 0), (3.288927175049139e-8, -1.518551284718228e-9, 0.9999998807907104, 0), (47.45787048339844, 89.798095703125, 7.608512878417969, 1) ), ( (0.9993512034416199, -0.03597838431596756, -0.0016307116020470858, 0), (0.000767663586884737, -0.023990187793970108, 0.9997119307518005, 0), (-0.03600719943642616, -0.9990643858909607, -0.0239469725638628, 0), (21.127212524414062, 92.69525146484375, 4.344032287597656, 1) ), ( (0.9993512034416199, -0.03597838431596756, -0.0016307116020470858, 0), (0.000767663586884737, -0.023990187793970108, 0.9997119307518005, 0), (-0.03600719943642616, -0.9990643858909607, -0.0239469725638628, 0), (25.596620559692383, 92.53435516357422, 4.336740493774414, 1) ), ( (0.9993512034416199, -0.03597838431596756, -0.0016307116020470858, 0), (0.000767663586884737, -0.023990187793970108, 0.9997119307518005, 0), (-0.03600719943642616, -0.9990643858909607, -0.0239469725638628, 0), (30.45194435119629, 92.35955810546875, 4.328817844390869, 1) ), ( (-0.0015048516215756536, 0.9710468053817749, 0.2388850748538971, 0), (0.0004106023407075554, -0.23888473212718964, 0.9710479378700256, 0), (0.9999987483024597, 0.0015593991847708821, -0.00003922730320482515, 0), (3.8586556911468506, 96.30335998535156, 4.836180686950684, 1) ), ( (-0.001504905754700303, 0.9710466861724854, 0.2388850599527359, 0), (0.0004108651482965797, -0.23888471722602844, 0.9710478782653809, 0), (0.9999987483024597, 0.001559514901600778, -0.000039469570765504614, 0), (3.8483598232269287, 102.94671630859375, 6.4705071449279785, 1) ), ( (-0.001504905754700303, 0.9710466861724854, 0.2388850599527359, 0), (0.00041242269799113274, -0.23888471722602844, 0.9710478782653809, 0), (0.9999987483024597, 0.001559886964969337, -0.00004098200588487089, 0), (3.8195033073425293, 121.56717681884766, 11.051286697387695, 1) ), ( (-0.0015779280802235007, 0.9998717904090881, -0.015917589887976646, 0), (0.00004095117765245959, 0.015917614102363586, 0.9998733401298523, 0), (0.9999986886978149, 0.001577106537297368, -0.00006606215902138501, 0), (3.8195033073425293, 121.56717681884766, 11.051286697387695, 1) ), ( (0.9974494576454163, -0.0012667578412219882, -0.07135743647813797, 0), (-0.0015787237789481878, 0.9992054104804993, -0.039814211428165436, 0), (0.0713518038392067, 0.03982590511441231, 0.9966554045677185, 0), (3.8033947944641113, 132.228759765625, 21.7276611328125, 1) ), ( (0.9975587129592896, 0.0026852686423808336, 0.06978579610586166, 0), (0.00005313355723046698, 0.999231219291687, -0.039212312549352646, 0), (-0.0698377713561058, 0.03911994397640228, 0.996791422367096, 0), (-2.118645191192627, 132.21939086914062, 21.72805404663086, 1) ), ( (0.99755859375, 0.0026852667797356844, 0.06978579610586166, 0), (0.00005313332439982332, 0.9992311000823975, -0.03921225666999817, 0), (-0.069837786257267, 0.0391198992729187, 0.9967913627624512, 0), (-2.118645191192627, 132.2193603515625, 21.728050231933594, 1) ), ( (0.9975525736808777, 0.0004609632887877524, -0.0699196308851242, 0), (-0.00321003794670105, 0.999225914478302, -0.03921155259013176, 0), (0.06984742730855942, 0.03933988884091377, 0.996781587600708, 0), (9.72526741027832, 132.23809814453125, 21.727264404296875, 1) ), ( (0.9975525736808777, 0.00046096491860225797, -0.0699196457862854, 0), (-0.00321003794670105, 0.9992257952690125, -0.03921152278780937, 0), (0.06984743475914001, 0.03933991864323616, 0.996781587600708, 0), (9.725271224975586, 132.2381134033203, 21.72726821899414, 1) ), ( (1, -2.3283064365386963e-10, -0.00004095637268619612, 0), (-1.8546291238874524e-11, 1, -5.5031250667525455e-9, 0), (0.00004095633266842924, 1.5104535400212171e-9, 0.9999999403953552, 0), (3.7671566009521484, 154.73721313476562, 10.523231506347656, 1) ), ( (0.9502652883529663, 0.17086823284626007, 0.2603831887245178, 0), (0.25729620456695557, 0.040367111563682556, -0.9654887318611145, 0), (-0.17548193037509918, 0.9844663143157959, -0.005604250356554985, 0), (1.98847496509552, 94.4520263671875, 6.7082366943359375, 1) ), ( (0.9992384910583496, 0.038985736668109894, 0.001525587635114789, 0), (0.0005901863914914429, 0.023992301896214485, -0.9997116327285767, 0), (-0.03901069983839989, 0.9989516139030457, 0.023951087146997452, 0), (-6.595104694366455, 92.90867614746094, 4.3562397956848145, 1) ), ( (0.9808895587921143, 0.04285614937543869, -0.18978697061538696, 0), (-0.19061458110809326, 0.01608951948583126, -0.9815329313278198, 0), (-0.03901073336601257, 0.9989514946937561, 0.023951087146997452, 0), (-22.72245979309082, 92.2797622680664, 4.331609725952148, 1) ), ( (0.9808895587921143, 0.04285621643066406, -0.189786896109581, 0), (-0.1906145066022873, 0.016089532524347305, -0.9815329909324646, 0), (-0.03901081904768944, 0.9989515542984009, 0.023951133713126183, 0), (-22.722461700439453, 92.2797622680664, 4.331610202789307, 1.0000001192092896) ), ( (0.9808895587921143, 0.04285621643066406, -0.189786896109581, 0), (-0.1906145066022873, 0.016089532524347305, -0.9815329909324646, 0), (-0.03901081904768944, 0.9989515542984009, 0.023951133713126183, 0), (-28.881317138671875, 92.01043701171875, 5.523236274719238, 1.0000001192092896) ), ( (0.9808895587921143, 0.04285621643066406, -0.189786896109581, 0), (-0.1906145066022873, 0.016089532524347305, -0.9815329909324646, 0), (-0.03901081904768944, 0.9989515542984009, 0.023951133713126183, 0), (-34.12278747558594, 91.78169250488281, 6.537398338317871, 1.0000001192092896) ), ( (0.9808895587921143, 0.04285621643066406, -0.189786896109581, 0), (-0.1906145066022873, 0.016089532524347305, -0.9815329909324646, 0), (-0.03901081904768944, 0.9989515542984009, 0.023951133713126183, 0), (-37.080928802490234, 91.65237426757812, 7.10975456237793, 1.0000001192092896) ), ( (0.9858903288841248, 0.007501454558223486, -0.1672246754169464, 0), (-0.004534673411399126, 0.9998259544372559, 0.01811363361775875, 0), (0.1673315018415451, -0.017099566757678986, 0.9857522249221802, 0), (-37.080928802490234, 91.65237426757812, 7.10975456237793, 1.0000001192092896) ), ( (0.9369588494300842, 0.12658660113811493, -0.32570454478263855, 0), (-0.12324736267328262, 0.9918930530548096, 0.030955245718359947, 0), (0.3269825577735901, 0.011138681322336197, 0.9449647068977356, 0), (-39.31500244140625, 91.05616760253906, 8.53235912322998, 1) ), ( (0.8882668018341064, 0.4541398286819458, 0.06884550303220749, 0), (-0.4587576687335968, 0.8696737289428711, 0.1822323501110077, 0), (0.022885838523507118, -0.19345414638519287, 0.9808420538902283, 0), (-42.19120788574219, 91.14533996582031, 9.450815200805664, 1) ), ( (0.6342794895172119, 0.7623965740203857, 0.1282232254743576, 0), (-0.772983729839325, 0.6283205151557922, 0.0878017321228981, 0), (-0.013625603169202805, -0.1548052281141281, 0.9878509640693665, 0), (-43.97496795654297, 90.23336791992188, 9.312570571899414, 1) ), ( (0.5217171311378479, 0.8328720331192017, 0.18476025760173798, 0), (-0.8498830199241638, 0.5262472033500671, 0.027611395344138145, 0), (-0.07423287630081177, -0.17143003642559052, 0.9823957085609436, 0), (-44.62730407714844, 89.44925689697266, 9.180685043334961, 1) ), ( (0.9782624244689941, 0.10423682630062103, -0.179268479347229, 0), (-0.09970080107450485, 0.9944310188293457, 0.03415223956108093, 0), (0.18183012306690216, -0.015536471270024776, 0.9832069277763367, 0), (-39.580169677734375, 91.24224853515625, 7.715673923492432, 1) ), ( (0.8666256666183472, 0.48812323808670044, -0.10342023521661758, 0), (-0.4812074601650238, 0.8724383115768433, 0.0853838175535202, 0), (0.13190564513206482, -0.024229057133197784, 0.9909660816192627, 0), (-42.37120056152344, 91.4833984375, 8.116448402404785, 1) ), ( (0.6137262582778931, 0.7869946956634521, -0.06308974325656891, 0), (-0.7813175320625305, 0.6168962717056274, 0.09476963430643082, 0), (0.11350297182798386, -0.008869335055351257, 0.9934977889060974, 0), (-44.423038482666016, 90.32769775390625, 8.361299514770508, 1) ), ( (0.5376109480857849, 0.8412213921546936, -0.05762287974357605, 0), (-0.8412313461303711, 0.5397650003433228, 0.03135725483298302, 0), (0.057481277734041214, 0.03161633014678955, 0.9978455305099487, 0), (-45.197479248046875, 89.33458709716797, 8.440916061401367, 1) ), ( (0.9858899712562561, 0.007501218933612108, -0.1672247052192688, 0), (-0.004530610051006079, 0.9998250603675842, 0.018136192113161087, 0), (0.1673314869403839, -0.017122497782111168, 0.9857518076896667, 0), (-37.01901626586914, 91.57018280029297, 7.105099678039551, 1) ), ( (0.9901657104492188, 0.09624336659908295, 0.10153470188379288, 0), (-0.049745116382837296, 0.9205455780029297, -0.3874547779560089, 0), (-0.1307571679353714, 0.3785936236381531, 0.9162801504135132, 0), (-39.708343505859375, 90.90267944335938, 5.872411727905273, 1) ), ( (0.8626738786697388, 0.46105971932411194, -0.20788750052452087, 0), (-0.497463196516037, 0.8476737141609192, -0.1843326985836029, 0), (0.09123264253139496, 0.2624356746673584, 0.9606267213821411, 0), (-41.53462600708008, 90.72517395019531, 5.685313701629639, 1) ), ( (0.6234843134880066, 0.7526372075080872, -0.21167056262493134, 0), (-0.7815698981285095, 0.5929369330406189, -0.19383969902992249, 0), (-0.020383698865771294, 0.2862914800643921, 0.9579254984855652, 0), (-42.81990051269531, 90.03820037841797, 5.995044231414795, 1) ), ( (0.39383354783058167, 0.8523131012916565, -0.3441770374774933, 0), (-0.9181389212608337, 0.3825985789299011, -0.10314422100782394, 0), (0.04377070814371109, 0.35662418603897095, 0.933222234249115, 0), (-43.28212356567383, 89.48020935058594, 6.151971340179443, 1) ), ( (0.9901314377784729, 0.1330651342868805, -0.04397375509142876, 0), (-0.13106974959373474, 0.9903274178504944, 0.04551298916339874, 0), (0.04960459843277931, -0.0393000952899456, 0.997995138168335, 0), (-39.69622039794922, 91.13600158691406, 6.851858139038086, 1) ), ( (0.8740992546081543, 0.48173844814300537, -0.06227824091911316, 0), (-0.4854862093925476, 0.8706197142601013, -0.07952181994915009, 0), (0.015912044793367386, 0.09974539279937744, 0.9948854446411133, 0), (-42.09085464477539, 91.26551818847656, 6.8619279861450195, 1) ), ( (0.6070132255554199, 0.7870224118232727, -0.11013883352279663, 0), (-0.7943882942199707, 0.5970967411994934, -0.1114557683467865, 0), (-0.021954478695988655, 0.15514829754829407, 0.987647294998169, 0), (-43.913326263427734, 90.26115417480469, 6.991781234741211, 1) ), ( (0.39963242411613464, 0.8966002464294434, -0.1907924860715866, 0), (-0.9166287183761597, 0.39295530319213867, -0.07332795113325119, 0), (0.009227192029356956, 0.20419035851955414, 0.978887677192688, 0), (-44.63668441772461, 89.3232650756836, 7.123025894165039, 1) ), ( (-0.20516234636306763, 0.9666447639465332, -0.15331518650054932, 0), (-0.1997103989124298, 0.11200477927923203, 0.973432183265686, 0), (0.9581359624862671, 0.2303306758403778, 0.17006976902484894, 0), (-38.31039047241211, 90.7165756225586, 8.073162078857422, 1) ), ( (-0.5704159736633301, 0.7107685208320618, 0.4116232693195343, 0), (0.32569923996925354, -0.26432809233665466, 0.9077723026275635, 0), (0.7540193200111389, 0.6518735289573669, -0.08071983605623245, 0), (-38.238765716552734, 90.37933349609375, 8.126627922058105, 1) ), ( (-0.43327173590660095, 0.7446640729904175, 0.5076913833618164, 0), (0.2303953766822815, -0.45307889580726624, 0.8611835241317749, 0), (0.8713171482086182, 0.490096777677536, 0.02473893202841282, 0), (-37.31538772583008, 89.22874450683594, 7.460298538208008, 1) ), ( (-0.5538865923881531, 0.6967074871063232, 0.4558591842651367, 0), (0.33968475461006165, -0.3107811510562897, 0.8877097964286804, 0), (0.760146975517273, 0.6465395092964172, -0.06452339887619019, 0), (-36.57416534423828, 87.95470428466797, 6.591677665710449, 1) ), ( (1, -3.3551430078659905e-8, -8.808660822978709e-8, 0), (-3.889371047449686e-9, 0.9999998807907104, -1.1090595108953494e-8, 0), (-4.3388023840407186e-8, -4.30736069034765e-9, 1.0000001192092896, 0), (-39.72607421875, 90.43331909179688, 7.613101005554199, 1) ), ( (0.9992384910583496, 0.03898575156927109, 0.0015255588805302978, 0), (0.0005902164848521352, 0.023992303758859634, -0.9997116327285767, 0), (-0.03901071846485138, 0.9989515542984009, 0.023951077833771706, 0), (-13.398725509643555, 92.64349365234375, 4.345846652984619, 1) ), ( (0.9992384910583496, 0.03898575156927109, 0.0015255588805302978, 0), (0.0005902164848521352, 0.023992303758859634, -0.9997116327285767, 0), (-0.03901071846485138, 0.9989515542984009, 0.023951077833771706, 0), (-17.86792755126953, 92.46893310546875, 4.339028358459473, 1) ), ( (0.9992384910583496, 0.03898575156927109, 0.0015255588805302978, 0), (0.0005902164848521352, 0.023992303758859634, -0.9997116327285767, 0), (-0.03901071846485138, 0.9989515542984009, 0.023951077833771706, 0), (-22.72245979309082, 92.2797622680664, 4.331609725952148, 1) ), ( (1, -1.6933832114318648e-10, -0.000058827536122407764, 0), (-4.7639735906157554e-11, 1, -1.777834657268329e-9, 0), (0.00005882753248442896, -1.7727391776745094e-9, 1, 0), (3.871077060699463, 87.62887573242188, -7.150758743286133, 1) ), ( (0.0038855073507875204, -0.9987408518791199, 0.05001965910196304, 0), (0.00019179919036105275, -0.050019290298223495, -0.9987483620643616, 0), (0.9999924898147583, 0.0038902671076357365, -0.000002792030500131659, 0), (15.409236907958984, 48.382957458496094, 5.130743980407715, 1) ), ( (0.0038896226324141026, -0.9998465180397034, -0.017088977620005608, 0), (-0.00006927260983502492, 0.017088832333683968, -0.9998539686203003, 0), (0.9999924302101135, 0.003890268038958311, -0.0000027921728360524867, 0), (15.519401550292969, 20.066238403320312, 6.548923015594482, 1) ), ( (0.021348321810364723, -0.999231219291687, 0.03288516774773598, 0), (0.16901931166648865, 0.036026354879140854, 0.9849541783332825, 0), (-0.9853814840316772, -0.015468922443687916, 0.16965854167938232, 0), (15.572776794433594, 6.345527648925781, 6.314413070678711, 1) ), ( (0.16902035474777222, 0.03602529317140579, 0.9849538207054138, 0), (0.021348152309656143, -0.9992311000823975, 0.03288421779870987, 0), (0.9853810667991638, 0.015468872152268887, -0.16965949535369873, 0), (18.10342025756836, 2.4904632568359375, 20.660945892333984, 1) ), ( (0.1690213978290558, 0.03602533042430878, 0.984953761100769, 0), (0.021347854286432266, -0.999231219291687, 0.03288426995277405, 0), (0.9853808879852295, 0.015468538738787174, -0.1696605384349823, 0), (18.629058837890625, 2.602508544921875, 23.72406768798828, 1) ), ( (0.020949712023139, -0.9993127584457397, 0.030576659366488457, 0), (0.16906848549842834, 0.03368397429585457, 0.9850283265113831, 0), (-0.9853814840316772, -0.015466545708477497, 0.16965800523757935, 0), (15.572776794433594, 6.345531463623047, 6.314412593841553, 1) ), ( (0.9847966432571411, -2.3505730695205784e-9, -0.17371216416358948, 0), (2.86272827665357e-9, 1, -6.983563061169207e-9, 0), (0.17371217906475067, -5.132241298611007e-10, 0.9847965836524963, 0), (16.838098526000977, 0.5218086242675781, 13.487677574157715, 1) ), ( (0.0038885469548404217, -0.999891996383667, -0.014165567234158516, 0), (-0.0000572619610466063, 0.014165450818836689, -0.9998999238014221, 0), (0.9999924302101135, 0.00388899864628911, -0.0000021721282337239245, 0), (15.519405364990234, 20.066631317138672, 6.548925399780273, 1) ), ( (0.0038880857173353434, -0.9998466372489929, -0.017088985070586205, 0), (-0.0559624545276165, 0.016844788566231728, -0.9982909560203552, 0), (0.9984252452850342, 0.004837811458855867, -0.05588837340474129, 0), (15.56582260131836, 14.03546142578125, 6.427382469177246, 1) ), ( (0.0038855879101902246, -0.9998466372489929, -0.017088985070586205, 0), (-0.11168065667152405, 0.01654832251369953, -0.9936066269874573, 0), (0.9937365651130676, 0.005769284442067146, -0.11159924417734146, 0), (15.580778121948242, 10.190704345703125, 6.361668586730957, 1) ), ( (0.0038848055992275476, -0.9998466372489929, -0.017088985070586205, 0), (-0.16872024536132812, 0.016188761219382286, -0.985531210899353, 0), (0.9856563806533813, 0.006711883936077356, -0.16863147914409637, 0), (15.595735549926758, 6.3459320068359375, 6.295953750610352, 1) ), ( (0.0038843569345772266, -0.9987407922744751, 0.05001966282725334, 0), (0.00019222570699639618, -0.050019294023513794, -0.9987483620643616, 0), (0.9999924302101135, 0.003889139275997877, -0.000002308500825165538, 0), (15.479547500610352, 42.114784240722656, 5.465132713317871, 1) ), ( (0.0038825073279440403, -0.9987407922744751, 0.05001966282725334, 0), (0.00019179917580913752, -0.050019294023513794, -0.9987483620643616, 0), (0.9999924302101135, 0.003887270577251911, -0.000002641970013428363, 0), (15.516939163208008, 32.505714416503906, 5.946380615234375, 1) ), ( (0.0038828172255307436, -0.9987407922744751, 0.05001966282725334, 0), (0.00019307149341329932, -0.050019290298223495, -0.9987483620643616, 0), (0.9999924302101135, 0.0038876438047736883, -0.0000013867598909200751, 0), (15.537817001342773, 21.234783172607422, 6.500632286071777, 1) ), ( (0.0030870544724166393, 0.9987434148788452, -0.050019677728414536, 0), (0.0001573915360495448, 0.05001943185925484, 0.998748242855072, 0), (0.9999951720237732, -0.003091032849624753, -0.000002780387148959562, 0), (-7.600413799285889, 48.373748779296875, 5.130808353424072, 1) ), ( (0.0030906598549336195, 0.9998491406440735, 0.01708895154297352, 0), (-0.00005004258127883077, -0.017088888213038445, 0.9998538494110107, 0), (0.9999951720237732, -0.0030910340137779713, -0.000002780254135359428, 0), (-7.687942028045654, 20.056949615478516, 6.548987865447998, 1) ), ( (0.02054956927895546, 0.9992477893829346, -0.03288528695702553, 0), (0.16904260218143463, -0.03589126467704773, -0.9849550724029541, 0), (-0.9853944778442383, 0.014681356027722359, -0.169653058052063, 0), (-7.73035192489624, 6.336212158203125, 6.314477443695068, 1) ), ( (0.1690436452627182, -0.03589021787047386, -0.984954833984375, 0), (0.02054940164089203, 0.9992478489875793, -0.03288433700799942, 0), (0.9853941798210144, -0.01468131598085165, 0.1696540266275406, 0), (-10.257831573486328, 2.4791336059570312, 20.661022186279297, 1) ), ( (0.169043630361557, -0.035890210419893265, -0.9849547147750854, 0), (0.020549744367599487, 0.9992477297782898, -0.03288426995277405, 0), (0.9853941202163696, -0.014681660570204258, 0.1696540117263794, 0), (-10.78353500366211, 2.5907440185546875, 23.72412109375, 1) ), ( (0.02015090361237526, 0.9993293881416321, -0.030576782301068306, 0), (0.1690898984670639, -0.033548854291439056, -0.9850292801856995, 0), (-0.9853945970535278, 0.014678984880447388, -0.16965252161026, 0), (-7.730350971221924, 6.3362274169921875, 6.314477920532227, 1) ), ( (0.9848336577415466, 9.714646864722454e-10, 0.17350155115127563, 0), (-4.841977374603346e-10, 1.0000003576278687, -1.9949752960712885e-9, 0), (-0.17350156605243683, -2.0802404243625006e-9, 0.9848335385322571, 0), (-8.994093894958496, 0.9068609476089478, 13.487751960754395, 0.9999999403953552) ), ( (0.0030895324889570475, 0.9998946189880371, 0.014165547676384449, 0), (-0.000040367591282119974, -0.014165475033223629, 0.9998998045921326, 0), (0.9999952912330627, -0.003089764853939414, -0.0000034006966416200157, 0), (-7.6879448890686035, 20.057331085205078, 6.548989772796631, 1) ), ( (0.0030906626489013433, 0.999849259853363, 0.01708895154297352, 0), (-0.055943407118320465, -0.016889402642846107, 0.9982911944389343, 0), (0.9984292984008789, -0.004041367210447788, 0.0558827742934227, 0), (-7.729544162750244, 14.026161193847656, 6.4274468421936035, 1) ), ( (0.003090660087764263, 0.999849259853363, 0.01708894409239292, 0), (-0.11166185885667801, -0.01663711480796337, 0.9936070442199707, 0), (0.9937414526939392, -0.0049790567718446255, 0.11159361153841019, 0), (-7.741426944732666, 10.181377410888672, 6.3617329597473145, 1) ), ( (0.0030906626489013433, 0.999849259853363, 0.01708894409239292, 0), (-0.16870179772377014, -0.016322778537869453, 0.9855320453643799, 0), (0.9856623411178589, -0.005928856320679188, 0.16862593591213226, 0), (-7.753309726715088, 6.336597442626953, 6.296018600463867, 1) ), ( (0.0030870542395859957, 0.9987434148788452, -0.050019681453704834, 0), (0.00015781822730787098, 0.05001942813396454, 0.998748242855072, 0), (0.9999951720237732, -0.0030910540372133255, -0.0000032065672712633386, 0), (-7.6657185554504395, 42.105499267578125, 5.465198040008545, 1) ), ( (0.0030870542395859957, 0.9987434148788452, -0.050019681453704834, 0), (0.00015739152149762958, 0.05001942813396454, 0.998748242855072, 0), (0.9999951720237732, -0.0030910326167941093, -0.0000027803971534012817, 0), (-7.695418834686279, 32.49640655517578, 5.946446418762207, 1) ), ( (0.0030870542395859957, 0.9987434148788452, -0.050019681453704834, 0), (0.00015866388275753707, 0.05001942440867424, 0.998748242855072, 0), (0.9999951720237732, -0.003091096179559827, -0.0000040511731640435755, 0), (-7.707294940948486, 21.225467681884766, 6.500697135925293, 1) ), ( (1, 0, 2.2737367544323206e-13, 0), (1.0572868969216387e-11, 1, -2.9458403007185676e-17, 0), (0, 9.360857222825633e-14, 1, 0), (16.03312110900879, 54.302974700927734, 19.093801498413086, 1) ), ( (1, 0, 2.2737367544323206e-13, 0), (1.0572868969216387e-11, 1, -2.9458403007185676e-17, 0), (0, 9.360857222825633e-14, 1, 0), (13.955690383911133, 54.30207824707031, -11.820813179016113, 1) ), ( (1, 0, 2.2737367544323206e-13, 0), (1.0572868969216387e-11, 1, -2.9458403007185676e-17, 0), (0, 9.360857222825633e-14, 1, 0), (-11.444486618041992, 54.291996002197266, 22.58014678955078, 1) ), ( (1, 0, 2.2737367544323206e-13, 0), (1.0572868969216387e-11, 1, -2.9458403007185676e-17, 0), (0, 9.360857222825633e-14, 1, 0), (-8.231420516967773, 54.293216705322266, -15.49506664276123, 1) )]
        uniform token[] joints = ["root_joint", "root_joint/pelvis_joint", "root_joint/pelvis_joint/spineLower_joint", "root_joint/pelvis_joint/spineLower_joint/spineMiddle_joint", "root_joint/pelvis_joint/spineLower_joint/spineMiddle_joint/spineUpper_joint", "root_joint/pelvis_joint/spineLower_joint/spineMiddle_joint/spineUpper_joint/chest_joint", "root_joint/pelvis_joint/spineLower_joint/spineMiddle_joint/spineUpper_joint/chest_joint/clavicle_left_joint", "root_joint/pelvis_joint/spineLower_joint/spineMiddle_joint/spineUpper_joint/chest_joint/clavicle_left_joint/shoulder_left_joint", "root_joint/pelvis_joint/spineLower_joint/spineMiddle_joint/spineUpper_joint/chest_joint/clavicle_left_joint/shoulder_left_joint/elbow_left_joint", "root_joint/pelvis_joint/spineLower_joint/spineMiddle_joint/spineUpper_joint/chest_joint/clavicle_left_joint/shoulder_left_joint/elbow_left_joint/elbow_partial_left_joint", "root_joint/pelvis_joint/spineLower_joint/spineMiddle_joint/spineUpper_joint/chest_joint/clavicle_left_joint/shoulder_left_joint/elbow_left_joint/armLower_twist_01_left_joint", "root_joint/pelvis_joint/spineLower_joint/spineMiddle_joint/spineUpper_joint/chest_joint/clavicle_left_joint/shoulder_left_joint/elbow_left_joint/armLower_twist_02_left_joint", "root_joint/pelvis_joint/spineLower_joint/spineMiddle_joint/spineUpper_joint/chest_joint/clavicle_left_joint/shoulder_left_joint/elbow_left_joint/armLower_twist_03_left_joint", "root_joint/pelvis_joint/spineLower_joint/spineMiddle_joint/spineUpper_joint/chest_joint/clavicle_left_joint/shoulder_left_joint/elbow_left_joint/handWrist_left_joint", "root_joint/pelvis_joint/spineLower_joint/spineMiddle_joint/spineUpper_joint/chest_joint/clavicle_left_joint/shoulder_left_joint/elbow_left_joint/handWrist_left_joint/handIndexMeta_left_joint", "root_joint/pelvis_joint/spineLower_joint/spineMiddle_joint/spineUpper_joint/chest_joint/clavicle_left_joint/shoulder_left_joint/elbow_left_joint/handWrist_left_joint/handIndexMeta_left_joint/handIndex_00_left_joint", "root_joint/pelvis_joint/spineLower_joint/spineMiddle_joint/spineUpper_joint/chest_joint/clavicle_left_joint/shoulder_left_joint/elbow_left_joint/handWrist_left_joint/handIndexMeta_left_joint/handIndex_00_left_joint/handIndex_01_left_joint", "root_joint/pelvis_joint/spineLower_joint/spineMiddle_joint/spineUpper_joint/chest_joint/clavicle_left_joint/shoulder_left_joint/elbow_left_joint/handWrist_left_joint/handIndexMeta_left_joint/handIndex_00_left_joint/handIndex_01_left_joint/handIndex_02_left_joint", "root_joint/pelvis_joint/spineLower_joint/spineMiddle_joint/spineUpper_joint/chest_joint/clavicle_left_joint/shoulder_left_joint/elbow_left_joint/handWrist_left_joint/handMiddleMeta_left_joint", "root_joint/pelvis_joint/spineLower_joint/spineMiddle_joint/spineUpper_joint/chest_joint/clavicle_left_joint/shoulder_left_joint/elbow_left_joint/handWrist_left_joint/handMiddleMeta_left_joint/handMiddle_00_left_joint", "root_joint/pelvis_joint/spineLower_joint/spineMiddle_joint/spineUpper_joint/chest_joint/clavicle_left_joint/shoulder_left_joint/elbow_left_joint/handWrist_left_joint/handMiddleMeta_left_joint/handMiddle_00_left_joint/handMiddle_01_left_joint", "root_joint/pelvis_joint/spineLower_joint/spineMiddle_joint/spineUpper_joint/chest_joint/clavicle_left_joint/shoulder_left_joint/elbow_left_joint/handWrist_left_joint/handMiddleMeta_left_joint/handMiddle_00_left_joint/handMiddle_01_left_joint/handMiddle_02_left_joint", "root_joint/pelvis_joint/spineLower_joint/spineMiddle_joint/spineUpper_joint/chest_joint/clavicle_left_joint/shoulder_left_joint/elbow_left_joint/handWrist_left_joint/handWrist_partial_left_joint", "root_joint/pelvis_joint/spineLower_joint/spineMiddle_joint/spineUpper_joint/chest_joint/clavicle_left_joint/shoulder_left_joint/elbow_left_joint/handWrist_left_joint/handPinkyMeta_left_joint", "root_joint/pelvis_joint/spineLower_joint/spineMiddle_joint/spineUpper_joint/chest_joint/clavicle_left_joint/shoulder_left_joint/elbow_left_joint/handWrist_left_joint/handPinkyMeta_left_joint/handPinky_00_left_joint", "root_joint/pelvis_joint/spineLower_joint/spineMiddle_joint/spineUpper_joint/chest_joint/clavicle_left_joint/shoulder_left_joint/elbow_left_joint/handWrist_left_joint/handPinkyMeta_left_joint/handPinky_00_left_joint/handPinky_01_left_joint", "root_joint/pelvis_joint/spineLower_joint/spineMiddle_joint/spineUpper_joint/chest_joint/clavicle_left_joint/shoulder_left_joint/elbow_left_joint/handWrist_left_joint/handPinkyMeta_left_joint/handPinky_00_left_joint/handPinky_01_left_joint/handPinky_02_left_joint", "root_joint/pelvis_joint/spineLower_joint/spineMiddle_joint/spineUpper_joint/chest_joint/clavicle_left_joint/shoulder_left_joint/elbow_left_joint/handWrist_left_joint/handRingMeta_left_joint", "root_joint/pelvis_joint/spineLower_joint/spineMiddle_joint/spineUpper_joint/chest_joint/clavicle_left_joint/shoulder_left_joint/elbow_left_joint/handWrist_left_joint/handRingMeta_left_joint/handRing_00_left_joint", "root_joint/pelvis_joint/spineLower_joint/spineMiddle_joint/spineUpper_joint/chest_joint/clavicle_left_joint/shoulder_left_joint/elbow_left_joint/handWrist_left_joint/handRingMeta_left_joint/handRing_00_left_joint/handRing_01_left_joint", "root_joint/pelvis_joint/spineLower_joint/spineMiddle_joint/spineUpper_joint/chest_joint/clavicle_left_joint/shoulder_left_joint/elbow_left_joint/handWrist_left_joint/handRingMeta_left_joint/handRing_00_left_joint/handRing_01_left_joint/handRing_02_left_joint", "root_joint/pelvis_joint/spineLower_joint/spineMiddle_joint/spineUpper_joint/chest_joint/clavicle_left_joint/shoulder_left_joint/elbow_left_joint/handWrist_left_joint/handThumbMeta_left_joint", "root_joint/pelvis_joint/spineLower_joint/spineMiddle_joint/spineUpper_joint/chest_joint/clavicle_left_joint/shoulder_left_joint/elbow_left_joint/handWrist_left_joint/handThumbMeta_left_joint/handThumb_00_left_joint", "root_joint/pelvis_joint/spineLower_joint/spineMiddle_joint/spineUpper_joint/chest_joint/clavicle_left_joint/shoulder_left_joint/elbow_left_joint/handWrist_left_joint/handThumbMeta_left_joint/handThumb_00_left_joint/handThumb_01_left_joint", "root_joint/pelvis_joint/spineLower_joint/spineMiddle_joint/spineUpper_joint/chest_joint/clavicle_left_joint/shoulder_left_joint/elbow_left_joint/handWrist_left_joint/handThumbMeta_left_joint/handThumb_00_left_joint/handThumb_01_left_joint/handThumb_02_left_joint", "root_joint/pelvis_joint/spineLower_joint/spineMiddle_joint/spineUpper_joint/chest_joint/clavicle_left_joint/shoulder_left_joint/elbow_left_joint/handWrist_left_joint/hand_l_socket", "root_joint/pelvis_joint/spineLower_joint/spineMiddle_joint/spineUpper_joint/chest_joint/clavicle_left_joint/shoulder_left_joint/armUpper_twist_01_left_joint", "root_joint/pelvis_joint/spineLower_joint/spineMiddle_joint/spineUpper_joint/chest_joint/clavicle_left_joint/shoulder_left_joint/armUpper_twist_02_left_joint", "root_joint/pelvis_joint/spineLower_joint/spineMiddle_joint/spineUpper_joint/chest_joint/clavicle_left_joint/shoulder_left_joint/armUpper_twist_03_left_joint", "root_joint/pelvis_joint/spineLower_joint/spineMiddle_joint/spineUpper_joint/chest_joint/neck_joint", "root_joint/pelvis_joint/spineLower_joint/spineMiddle_joint/spineUpper_joint/chest_joint/neck_joint/neck_twist_01_joint", "root_joint/pelvis_joint/spineLower_joint/spineMiddle_joint/spineUpper_joint/chest_joint/neck_joint/neck_twist_02_joint", "root_joint/pelvis_joint/spineLower_joint/spineMiddle_joint/spineUpper_joint/chest_joint/neck_joint/head_joint", "root_joint/pelvis_joint/spineLower_joint/spineMiddle_joint/spineUpper_joint/chest_joint/neck_joint/head_joint/head_tracker_target", "root_joint/pelvis_joint/spineLower_joint/spineMiddle_joint/spineUpper_joint/chest_joint/neck_joint/head_joint/eye_offset_right_joint", "root_joint/pelvis_joint/spineLower_joint/spineMiddle_joint/spineUpper_joint/chest_joint/neck_joint/head_joint/eye_offset_right_joint/eye_right_joint", "root_joint/pelvis_joint/spineLower_joint/spineMiddle_joint/spineUpper_joint/chest_joint/neck_joint/head_joint/eye_offset_left_joint", "root_joint/pelvis_joint/spineLower_joint/spineMiddle_joint/spineUpper_joint/chest_joint/neck_joint/head_joint/eye_offset_left_joint/eye_left_joint", "root_joint/pelvis_joint/spineLower_joint/spineMiddle_joint/spineUpper_joint/chest_joint/neck_joint/head_joint/head_socket", "root_joint/pelvis_joint/spineLower_joint/spineMiddle_joint/spineUpper_joint/chest_joint/clavicle_right_joint", "root_joint/pelvis_joint/spineLower_joint/spineMiddle_joint/spineUpper_joint/chest_joint/clavicle_right_joint/shoulder_right_joint", "root_joint/pelvis_joint/spineLower_joint/spineMiddle_joint/spineUpper_joint/chest_joint/clavicle_right_joint/shoulder_right_joint/elbow_right_joint", "root_joint/pelvis_joint/spineLower_joint/spineMiddle_joint/spineUpper_joint/chest_joint/clavicle_right_joint/shoulder_right_joint/elbow_right_joint/elbow_partial_right_joint", "root_joint/pelvis_joint/spineLower_joint/spineMiddle_joint/spineUpper_joint/chest_joint/clavicle_right_joint/shoulder_right_joint/elbow_right_joint/armLower_twist_01_right_joint", "root_joint/pelvis_joint/spineLower_joint/spineMiddle_joint/spineUpper_joint/chest_joint/clavicle_right_joint/shoulder_right_joint/elbow_right_joint/armLower_twist_02_right_joint", "root_joint/pelvis_joint/spineLower_joint/spineMiddle_joint/spineUpper_joint/chest_joint/clavicle_right_joint/shoulder_right_joint/elbow_right_joint/armLower_twist_03_right_joint", "root_joint/pelvis_joint/spineLower_joint/spineMiddle_joint/spineUpper_joint/chest_joint/clavicle_right_joint/shoulder_right_joint/elbow_right_joint/handWrist_right_joint", "root_joint/pelvis_joint/spineLower_joint/spineMiddle_joint/spineUpper_joint/chest_joint/clavicle_right_joint/shoulder_right_joint/elbow_right_joint/handWrist_right_joint/handIndexMeta_right_joint", "root_joint/pelvis_joint/spineLower_joint/spineMiddle_joint/spineUpper_joint/chest_joint/clavicle_right_joint/shoulder_right_joint/elbow_right_joint/handWrist_right_joint/handIndexMeta_right_joint/handIndex_00_right_joint", "root_joint/pelvis_joint/spineLower_joint/spineMiddle_joint/spineUpper_joint/chest_joint/clavicle_right_joint/shoulder_right_joint/elbow_right_joint/handWrist_right_joint/handIndexMeta_right_joint/handIndex_00_right_joint/handIndex_01_right_joint", "root_joint/pelvis_joint/spineLower_joint/spineMiddle_joint/spineUpper_joint/chest_joint/clavicle_right_joint/shoulder_right_joint/elbow_right_joint/handWrist_right_joint/handIndexMeta_right_joint/handIndex_00_right_joint/handIndex_01_right_joint/handIndex_02_right_joint", "root_joint/pelvis_joint/spineLower_joint/spineMiddle_joint/spineUpper_joint/chest_joint/clavicle_right_joint/shoulder_right_joint/elbow_right_joint/handWrist_right_joint/handMiddleMeta_right_joint", "root_joint/pelvis_joint/spineLower_joint/spineMiddle_joint/spineUpper_joint/chest_joint/clavicle_right_joint/shoulder_right_joint/elbow_right_joint/handWrist_right_joint/handMiddleMeta_right_joint/handMiddle_00_right_joint", "root_joint/pelvis_joint/spineLower_joint/spineMiddle_joint/spineUpper_joint/chest_joint/clavicle_right_joint/shoulder_right_joint/elbow_right_joint/handWrist_right_joint/handMiddleMeta_right_joint/handMiddle_00_right_joint/handMiddle_01_right_joint", "root_joint/pelvis_joint/spineLower_joint/spineMiddle_joint/spineUpper_joint/chest_joint/clavicle_right_joint/shoulder_right_joint/elbow_right_joint/handWrist_right_joint/handMiddleMeta_right_joint/handMiddle_00_right_joint/handMiddle_01_right_joint/handMiddle_02_right_joint", "root_joint/pelvis_joint/spineLower_joint/spineMiddle_joint/spineUpper_joint/chest_joint/clavicle_right_joint/shoulder_right_joint/elbow_right_joint/handWrist_right_joint/handWrist_partial_right_joint", "root_joint/pelvis_joint/spineLower_joint/spineMiddle_joint/spineUpper_joint/chest_joint/clavicle_right_joint/shoulder_right_joint/elbow_right_joint/handWrist_right_joint/handPinkyMeta_right_joint", "root_joint/pelvis_joint/spineLower_joint/spineMiddle_joint/spineUpper_joint/chest_joint/clavicle_right_joint/shoulder_right_joint/elbow_right_joint/handWrist_right_joint/handPinkyMeta_right_joint/handPinky_00_right_joint", "root_joint/pelvis_joint/spineLower_joint/spineMiddle_joint/spineUpper_joint/chest_joint/clavicle_right_joint/shoulder_right_joint/elbow_right_joint/handWrist_right_joint/handPinkyMeta_right_joint/handPinky_00_right_joint/handPinky_01_right_joint", "root_joint/pelvis_joint/spineLower_joint/spineMiddle_joint/spineUpper_joint/chest_joint/clavicle_right_joint/shoulder_right_joint/elbow_right_joint/handWrist_right_joint/handPinkyMeta_right_joint/handPinky_00_right_joint/handPinky_01_right_joint/handPinky_02_right_joint", "root_joint/pelvis_joint/spineLower_joint/spineMiddle_joint/spineUpper_joint/chest_joint/clavicle_right_joint/shoulder_right_joint/elbow_right_joint/handWrist_right_joint/handRingMeta_right_joint", "root_joint/pelvis_joint/spineLower_joint/spineMiddle_joint/spineUpper_joint/chest_joint/clavicle_right_joint/shoulder_right_joint/elbow_right_joint/handWrist_right_joint/handRingMeta_right_joint/handRing_00_right_joint", "root_joint/pelvis_joint/spineLower_joint/spineMiddle_joint/spineUpper_joint/chest_joint/clavicle_right_joint/shoulder_right_joint/elbow_right_joint/handWrist_right_joint/handRingMeta_right_joint/handRing_00_right_joint/handRing_01_right_joint", "root_joint/pelvis_joint/spineLower_joint/spineMiddle_joint/spineUpper_joint/chest_joint/clavicle_right_joint/shoulder_right_joint/elbow_right_joint/handWrist_right_joint/handRingMeta_right_joint/handRing_00_right_joint/handRing_01_right_joint/handRing_02_right_joint", "root_joint/pelvis_joint/spineLower_joint/spineMiddle_joint/spineUpper_joint/chest_joint/clavicle_right_joint/shoulder_right_joint/elbow_right_joint/handWrist_right_joint/handThumbMeta_right_joint", "root_joint/pelvis_joint/spineLower_joint/spineMiddle_joint/spineUpper_joint/chest_joint/clavicle_right_joint/shoulder_right_joint/elbow_right_joint/handWrist_right_joint/handThumbMeta_right_joint/handThumb_00_right_joint", "root_joint/pelvis_joint/spineLower_joint/spineMiddle_joint/spineUpper_joint/chest_joint/clavicle_right_joint/shoulder_right_joint/elbow_right_joint/handWrist_right_joint/handThumbMeta_right_joint/handThumb_00_right_joint/handThumb_01_right_joint", "root_joint/pelvis_joint/spineLower_joint/spineMiddle_joint/spineUpper_joint/chest_joint/clavicle_right_joint/shoulder_right_joint/elbow_right_joint/handWrist_right_joint/handThumbMeta_right_joint/handThumb_00_right_joint/handThumb_01_right_joint/handThumb_02_right_joint", "root_joint/pelvis_joint/spineLower_joint/spineMiddle_joint/spineUpper_joint/chest_joint/clavicle_right_joint/shoulder_right_joint/elbow_right_joint/handWrist_right_joint/hand_r_socket", "root_joint/pelvis_joint/spineLower_joint/spineMiddle_joint/spineUpper_joint/chest_joint/clavicle_right_joint/shoulder_right_joint/armUpper_twist_01_right_joint", "root_joint/pelvis_joint/spineLower_joint/spineMiddle_joint/spineUpper_joint/chest_joint/clavicle_right_joint/shoulder_right_joint/armUpper_twist_02_right_joint", "root_joint/pelvis_joint/spineLower_joint/spineMiddle_joint/spineUpper_joint/chest_joint/clavicle_right_joint/shoulder_right_joint/armUpper_twist_03_right_joint", "root_joint/pelvis_joint/spineLower_joint/spineMiddle_joint/spineUpper_joint/chest_joint/back_socket", "root_joint/pelvis_joint/hip_left_joint", "root_joint/pelvis_joint/hip_left_joint/knee_left_joint", "root_joint/pelvis_joint/hip_left_joint/knee_left_joint/footAnkle_left_joint", "root_joint/pelvis_joint/hip_left_joint/knee_left_joint/footAnkle_left_joint/footBall_left_joint", "root_joint/pelvis_joint/hip_left_joint/knee_left_joint/footAnkle_left_joint/footBall_left_joint/footToe_left_joint", "root_joint/pelvis_joint/hip_left_joint/knee_left_joint/footAnkle_left_joint/footAnkle_partial_left_joint", "root_joint/pelvis_joint/hip_left_joint/knee_left_joint/footAnkle_left_joint/foot_l_socket", "root_joint/pelvis_joint/hip_left_joint/knee_left_joint/knee_partial_left_joint", "root_joint/pelvis_joint/hip_left_joint/knee_left_joint/legLower_twist_01_left_joint", "root_joint/pelvis_joint/hip_left_joint/knee_left_joint/legLower_twist_02_left_joint", "root_joint/pelvis_joint/hip_left_joint/knee_left_joint/legLower_twist_03_left_joint", "root_joint/pelvis_joint/hip_left_joint/legUpper_twist_01_left_joint", "root_joint/pelvis_joint/hip_left_joint/legUpper_twist_02_left_joint", "root_joint/pelvis_joint/hip_left_joint/legUpper_twist_03_left_joint", "root_joint/pelvis_joint/hip_right_joint", "root_joint/pelvis_joint/hip_right_joint/knee_right_joint", "root_joint/pelvis_joint/hip_right_joint/knee_right_joint/footAnkle_right_joint", "root_joint/pelvis_joint/hip_right_joint/knee_right_joint/footAnkle_right_joint/footBall_right_joint", "root_joint/pelvis_joint/hip_right_joint/knee_right_joint/footAnkle_right_joint/footBall_right_joint/footToe_right_joint", "root_joint/pelvis_joint/hip_right_joint/knee_right_joint/footAnkle_right_joint/footAnkle_partial_right_joint", "root_joint/pelvis_joint/hip_right_joint/knee_right_joint/footAnkle_right_joint/foot_r_socket", "root_joint/pelvis_joint/hip_right_joint/knee_right_joint/knee_partial_right_joint", "root_joint/pelvis_joint/hip_right_joint/knee_right_joint/legLower_twist_01_right_joint", "root_joint/pelvis_joint/hip_right_joint/knee_right_joint/legLower_twist_02_right_joint", "root_joint/pelvis_joint/hip_right_joint/knee_right_joint/legLower_twist_03_right_joint", "root_joint/pelvis_joint/hip_right_joint/legUpper_twist_01_right_joint", "root_joint/pelvis_joint/hip_right_joint/legUpper_twist_02_right_joint", "root_joint/pelvis_joint/hip_right_joint/legUpper_twist_03_right_joint", "root_joint/pelvis_joint/hip_l_front_socket", "root_joint/pelvis_joint/hip_l_back_socket", "root_joint/pelvis_joint/hip_r_front_socket", "root_joint/pelvis_joint/hip_r_back_socket"]
        uniform matrix4d[] restTransforms = [( (1, 0, -0.0000027862261049449444, 0), (0, 1, 0, 0), (0.0000027862261049449444, 0, 1, 0), (3.902045726776123, 0, 5.007885932922363, 1) ), ( (-0.00039958953857421875, 0.9999998807907104, -0.0000016689300537109375, 0), (0, 0.0000016689300537109375, 1, 0), (0.9999998807907104, 0.00039961934089660645, 0, 0), (2.384185791015625e-7, 54.298095703125, 0.9335317611694336, 1) ), ( (0.9999716877937317, 0.00753057561814785, -0.00019741474534384906, 0), (-0.007530576083809137, 0.9999716281890869, 3.472311504992831e-7, 0), (0.00019741174764931202, 0.0000011394251941965194, 1.0000001192092896, 0), (0.8662261962890625, -9.5367431640625e-7, -4.76837158203125e-7, 1) ), ( (0.9999697208404541, 0.007767450995743275, -0.00035057158675044775, 0), (-0.007767446339130402, 0.9999698400497437, 0.000009624745871406049, 0), (0.00035063596442341805, -0.0000069014099608466495, 0.9999997615814209, 0), (12.185188293457031, 9.5367431640625e-7, 2.384185791015625e-7, 1) ), ( (0.999948263168335, -0.010176286101341248, -0.0003763770801015198, 0), (0.010176300071179867, 0.999948263168335, 0.000036914629163220525, 0), (0.0003759818500839174, -0.00004074283060617745, 1.0000001192092896, 0), (11.198356628417969, -4.76837158203125e-7, 0, 1) ), ( (0.9999993443489075, -0.0010000341571867466, -0.0001803818449843675, 0), (0.001000036601908505, 0.999999463558197, 0.000012475363291741814, 0), (0.00018036930123344064, -0.00001265575428988086, 0.9999998807907104, 0), (9.027587890625, 0, 2.384185791015625e-7, 1) ), ( (-0.1705096960067749, -0.2597329914569855, 0.9505078196525574, 0), (-0.036001719534397125, 0.9656320810317993, 0.25740742683410645, 0), (-0.9846978783607483, 0.009670600295066833, -0.17400050163269043, 0), (6.883186340332031, 0.42911672592163086, 1.8730597496032715, 1) ), ( (0.9566007852554321, 0.257201224565506, -0.13697722554206848, 0), (-0.25564780831336975, 0.9663314819335938, 0.029118722304701805, 0), (0.13985471427440643, 0.007162925787270069, 0.9901463389396667, 0), (9.032845497131348, 0.0000019073486328125, 0.00002288818359375, 1) ), ( (0.9815238118171692, 0.19133949279785156, 4.9481251096494816e-8, 0), (-0.19133949279785156, 0.9815237522125244, 5.876710229557602e-10, 0), (-2.9633397957695706e-8, -1.1464988958209688e-8, 0.9999999403953552, 0), (16.139862060546875, -2.384185791015625e-7, -0.0000152587890625, 1) ), ( (1.0000001192092896, 1.200966259773395e-8, 1.0042695919310063e-7, 0), (-8.403373996657137e-9, 1.0000001192092896, -1.959218565161791e-8, 0), (-8.592016342845454e-8, 1.4050093533057861e-8, 1, 0), (-0.0000019073486328125, 7.152557373046875e-7, -0.00000762939453125, 1) ), ( (1.0000001192092896, 1.200966259773395e-8, 1.0042695919310063e-7, 0), (-8.403373996657137e-9, 1.0000001192092896, -1.959218565161791e-8, 0), (-8.592016342845454e-8, 1.4050093533057861e-8, 1, 0), (6.278600692749023, 0, 0.00000762939453125, 1) ), ( (1.0000001192092896, 1.200966259773395e-8, 1.0042695919310063e-7, 0), (-8.403373996657137e-9, 1.0000001192092896, -1.959218565161791e-8, 0), (-8.592016342845454e-8, 1.4050093533057861e-8, 1, 0), (11.622488021850586, 0.000001430511474609375, 0.00000762939453125, 1) ), ( (1.0000001192092896, 1.200966259773395e-8, 1.0042695919310063e-7, 0), (-8.403373996657137e-9, 1.0000001192092896, -1.959218565161791e-8, 0), (-8.592016342845454e-8, 1.4050093533057861e-8, 1, 0), (14.638227462768555, -2.384185791015625e-7, 0, 1) ), ( (0.999108076095581, -0.02366768941283226, -0.034972306340932846, 0), (0.034962546080350876, -0.0008279066532850266, 0.9993885159492493, 0), (-0.023682089522480965, -0.9997197389602661, 3.666457359940978e-7, 0), (14.638227462768555, -2.384185791015625e-7, 0, 1) ), ( (0.9791541695594788, 0.11641568690538406, -0.16644598543643951, 0), (-0.11924463510513306, 0.9928395748138428, -0.007070050109177828, 0), (0.16443109512329102, 0.02677045948803425, 0.9860250949859619, 0), (2.44476318359375, 0.5600662231445312, -1.0387076139450073, 1) ), ( (0.8673343062400818, 0.3431123197078705, 0.36056286096572876, 0), (-0.3791024386882782, 0.9248053431510925, 0.03188410401344299, 0), (-0.3225107491016388, -0.16434438526630402, 0.9321900010108948, 0), (2.9827346801757812, -0.47141265869140625, 0.07157230377197266, 1) ), ( (0.9184709787368774, 0.3954220116138458, -0.007206094916909933, 0), (-0.3952254354953766, 0.9170466661453247, -0.05312195420265198, 0), (-0.014397164806723595, 0.05163901671767235, 0.9985617399215698, 0), (2.0081145763397217, 0.00000762939453125, -0.0000019073486328125, 1) ), ( (0.9895833134651184, 0.1362544596195221, 0.046473998576402664, 0), (-0.13431379199028015, 0.990022599697113, -0.04260990768671036, 0), (-0.051816076040267944, 0.035923831164836884, 0.9980105757713318, 0), (1.0284919738769531, 0, -0.00000286102294921875, 1) ), ( (0.9952192902565002, 0.09653495997190475, -0.014802766032516956, 0), (-0.09654588252305984, 0.9953282475471497, -0.000021918651327723637, 0), (0.01473141834139824, 0.0014509627362713218, 0.9998903274536133, 0), (2.568187713623047, 0.387603759765625, -0.18610811233520508, 1) ), ( (0.9172079563140869, 0.39546939730644226, 0.048311375081539154, 0), (-0.39511412382125854, 0.9184730648994446, -0.017102831974625587, 0), (-0.051136258989572525, -0.0034016529098153114, 0.9986860156059265, 0), (2.7770767211914062, -0.5317611694335938, 0.11720037460327148, 1) ), ( (0.9225454926490784, 0.3858875036239624, -0.0006340909749269485, 0), (-0.38578957319259644, 0.9222722053527832, -0.0240936316549778, 0), (-0.008712699636816978, 0.022472122684121132, 0.9997093677520752, 0), (2.367645263671875, 0.00000762939453125, 0.000003159046173095703, 1) ), ( (0.9956179261207581, 0.09344109892845154, -0.0036889619659632444, 0), (-0.09347207844257355, 0.9932199120521545, -0.06911633908748627, 0), (-0.0027943113818764687, 0.06915826350450516, 0.9976019859313965, 0), (1.2618980407714844, -0.0000152587890625, 0.0000019073486328125, 1) ), ( (0.9999998807907104, 0.000004624227130989311, -0.0000028831382223870605, 0), (-0.000004651931703847367, 0.9999998211860657, -0.00002233706800325308, 0), (0.0000028289762212807545, 0.000022339512725011446, 0.9999998807907104, 0), (-0.06121063232421875, 0.0825347900390625, -0.007179975509643555, 1) ), ( (0.9599374532699585, 0.09357526153326035, 0.2641282081604004, 0), (0.022653883323073387, 0.9135922789573669, -0.4059995710849762, 0), (-0.2792971134185791, 0.395717591047287, 0.8748717308044434, 0), (2.3888778686523438, 0.7599334716796875, 1.646538496017456, 1) ), ( (0.8774560689926147, 0.46205952763557434, -0.12872985005378723, 0), (-0.429704487323761, 0.8764896392822266, 0.2170705646276474, 0), (0.2131299376487732, -0.1351540982723236, 0.9676306843757629, 0), (1.8443984985351562, 0.00008392333984375, -0.000152587890625, 1) ), ( (0.9288782477378845, 0.36684828996658325, 0.051064372062683105, 0), (-0.3605640232563019, 0.9271512031555176, -0.10190457850694656, 0), (-0.08472783863544464, 0.0762450248003006, 0.993482768535614, 0), (1.489877700805664, -0.00000762939453125, -0.00000762939453125, 1) ), ( (0.9598838090896606, 0.2642747759819031, -0.09371380507946014, 0), (-0.26265469193458557, 0.9644405245780945, 0.02944534830749035, 0), (0.09816303849220276, -0.0036497339606285095, 0.9951635599136353, 0), (0.7414207458496094, -0.00000762939453125, 0, 1) ), ( (0.9845125079154968, 0.1277550756931305, 0.12005753070116043, 0), (-0.12940284609794617, 0.9915735721588135, 0.005998115986585617, 0), (-0.11827968060970306, -0.02144099771976471, 0.9927487373352051, 0), (2.5389480590820312, 0.5089340209960938, 0.6830034255981445, 1) ), ( (0.9323140978813171, 0.35967618227005005, -0.037726517766714096, 0), (-0.3613494336605072, 0.9222128391265869, -0.13766035437583923, 0), (-0.014721216633915901, 0.14197522401809692, 0.9897607564926147, 0), (2.3542022705078125, -0.44263458251953125, 0.11382424831390381, 1) ), ( (0.9165878891944885, 0.3992593288421631, -0.021415067836642265, 0), (-0.3997887670993805, 0.9143725037574768, -0.06396842747926712, 0), (-0.005958647932857275, 0.06719422340393066, 0.9977221488952637, 0), (2.0849766731262207, 0, 9.5367431640625e-7, 1) ), ( (0.9692403674125671, 0.23915880918502808, -0.05810359865427017, 0), (-0.23906494677066803, 0.9709650278091431, 0.008668243885040283, 0), (0.0584895946085453, 0.005488807801157236, 0.9982728958129883, 0), (1.1916923522949219, -0.0000152587890625, -0.00000762939453125, 1) ), ( (-0.16937865316867828, 0.9646296501159668, -0.2019902914762497, 0), (-0.35883447527885437, 0.130523219704628, 0.9242303967475891, 0), (0.9179044961929321, 0.22902579605579376, 0.3240343928337097, 0), (1.38006591796875, 0.9124755859375, -0.7599650621414185, 1) ), ( (0.7409809231758118, 0.5942147970199585, -0.3128196895122528, 0), (-0.4615080952644348, 0.7890032529830933, 0.40556609630584717, 0), (0.4878092110157013, -0.15614789724349976, 0.8588714003562927, 0), (0.34885406494140625, -0.0000019073486328125, 0.00000762939453125, 1) ), ( (0.9854066967964172, 0.12291617691516876, 0.11775053292512894, 0), (-0.0989721417427063, 0.9765602350234985, -0.1911419779062271, 0), (-0.138484925031662, 0.17669859528541565, 0.9744742512702942, 0), (1.6187973022460938, -0.0000095367431640625, -0.00000762939453125, 1) ), ( (0.9902327060699463, -0.050697922706604004, -0.12987938523292542, 0), (0.07207879424095154, 0.9835514426231384, 0.16562138497829437, 0), (0.1193467527627945, -0.17336538434028625, 0.9775990843772888, 0), (1.710845947265625, 0.000003814697265625, 0.000011920928955078125, 1) ), ( (0.9859258532524109, -0.00152804225217551, 0.16717548668384552, 0), (-0.004534415900707245, -0.9998345375061035, 0.017602847889065742, 0), (0.16712099313735962, -0.018113138154149055, -0.9857698082923889, 0), (2.7011375427246094, 1.9638595581054688, -0.08847332000732422, 1) ), ( (0.9999998807907104, 3.223683098241281e-9, 3.88065046763586e-8, 0), (-1.869718246894081e-8, 0.9999998807907104, -1.3876351623309802e-8, 0), (1.4158699213062675e-10, 5.293984806087337e-9, 0.9999999403953552, 0), (6.809080123901367, -0.0000011920928955078125, 0, 1) ), ( (0.9999998807907104, 3.223683098241281e-9, 3.88065046763586e-8, 0), (-1.869718246894081e-8, 0.9999998807907104, -1.3876351623309802e-8, 0), (1.4158699213062675e-10, 5.293984806087337e-9, 0.9999999403953552, 0), (11.28138542175293, -2.384185791015625e-7, -0.0000152587890625, 1) ), ( (0.9999998807907104, 3.223683098241281e-9, 3.88065046763586e-8, 0), (-1.869718246894081e-8, 0.9999998807907104, -1.3876351623309802e-8, 0), (1.4158699213062675e-10, 5.293984806087337e-9, 0.9999999403953552, 0), (16.139862060546875, -2.384185791015625e-7, -0.0000152587890625, 1) ), ( (0.9720239043235779, 0.23488232493400574, -0.00005631570456898771, 0), (-0.23488233983516693, 0.9720239043235779, 5.424104188023193e-8, 0), (0.000054752825235482305, 0.00001317482838203432, 0.9999999403953552, 0), (8.723793029785156, -1.4504413604736328, 0, 1) ), ( (0.9999998807907104, 1.2077423505729712e-8, -5.431328986560402e-8, 0), (-3.748064969499865e-9, 0.9999999403953552, 2.628528932291374e-7, 0), (5.440780626031483e-8, -2.628740958243725e-7, 1, 0), (6.841461181640625, 0.000003814697265625, -4.76837158203125e-7, 1) ), ( (0.9999998807907104, 1.2077423505729712e-8, -5.431328986560402e-8, 0), (-3.748064969499865e-9, 0.9999999403953552, 0.0000018204025309387362, 0), (5.440016437319173e-8, -0.0000018204074194727582, 1, 0), (26.017112731933594, 0.0000057220458984375, -4.76837158203125e-7, 1) ), ( (0.9671220779418945, -0.2543114721775055, -0.00001813206654333044, 0), (0.2543114721775055, 0.9671222567558289, 0.000026549572794465348, 0), (0.000010784139703901019, -0.000030287910703918897, 1, 0), (26.017112731933594, 0.0000057220458984375, -4.76837158203125e-7, 1) ), ( (-0.0017046950524672866, -0.07132771611213684, 0.9974509477615356, 0), (0.9997139573097229, -0.02390420436859131, -2.680271222743613e-7, 0), (0.02384394034743309, 0.9971659183502197, 0.07134868949651718, 0), (10.490303039550781, 10.84472942352295, 4.76837158203125e-7, 1) ), ( (1.036309038582317e-9, 0.0698605477809906, 0.9975571632385254, 0), (0.9997276663780212, -0.023301875218749046, 0.0016315882094204426, 0), (0.023358648642897606, 0.9972849488258362, -0.06984185427427292, 0), (10.490272521972656, 10.844731330871582, -5.922047138214111, 1) ), ( (0.9999998807907104, -2.841367807704387e-9, 7.951706848530193e-9, 0), (3.54033558025435e-9, 0.9999998211860657, 5.267618874427171e-8, 0), (-2.0838861303218437e-8, -4.57790712005135e-8, 0.9999999403953552, 0), (-2.682209014892578e-7, -0.0000152587890625, -0.0000057220458984375, 1) ), ( (-2.4360798533962225e-7, -0.06986259669065475, 0.9975566864013672, 0), (0.9997274875640869, -0.023301348090171814, -0.0016315876273438334, 0), (0.023358352482318878, 0.9972844123840332, 0.06984353810548782, 0), (10.490303039550781, 10.844727516174316, 5.921881675720215, 1) ), ( (1, 1.162881235750035e-9, -1.215740041971003e-8, 0), (-2.2305388647225755e-9, 0.9999998807907104, 2.7433030069801134e-8, 0), (7.771806309619933e-9, 4.270599873734682e-9, 1, 0), (0.0000019073486328125, 0, 0.000003814697265625, 1) ), ( (-0.0015773071208968759, -1.2044018005141766e-9, 0.9999988675117493, 0), (0.9998723864555359, 0.015917688608169556, 0.0015770768513903022, 0), (-0.015917595475912094, 0.9998732805252075, -0.000025106510292971507, 0), (33.174293518066406, 0, 0, 1) ), ( (0.17050974071025848, 0.2597329318523407, 0.950507640838623, 0), (0.03600180149078369, -0.9656317234039307, 0.25740742683410645, 0), (0.9846978783607483, -0.00967045221477747, -0.17400012910366058, 0), (6.8830108642578125, 0.42911624908447266, -1.8730626106262207, 1) ), ( (0.9566008448600769, 0.2572011947631836, -0.1369771808385849, 0), (-0.2556479275226593, 0.9663313627243042, 0.0291187334805727, 0), (0.13985472917556763, 0.007162913214415312, 0.9901463389396667, 0), (-9.03281021118164, 0.0000045299530029296875, 0.0000762939453125, 1) ), ( (0.9815240502357483, 0.19133952260017395, 2.7559803328358612e-8, 0), (-0.19133952260017395, 0.9815240502357483, 6.8781287332342345e-9, 0), (-3.190999109392578e-8, -4.070665582389665e-9, 0.9999999403953552, 0), (-16.139636993408203, 0.000015974044799804688, 0.00029754638671875, 1) ), ( (1, -5.344026732245766e-8, 7.654249856159367e-8, 0), (8.207956625483348e-8, 1, 1.8031721893407848e-8, 0), (-9.405658119021609e-8, -2.480826388762125e-8, 1.0000001192092896, 0), (0.0000019073486328125, -9.5367431640625e-7, -0.00000762939453125, 1.0000001192092896) ), ( (1, -5.344026732245766e-8, 7.654249856159367e-8, 0), (8.207956625483348e-8, 1, 1.8031721893407848e-8, 0), (-9.405658119021609e-8, -2.480826388762125e-8, 1.0000001192092896, 0), (-6.278848648071289, 0.000009775161743164062, -0.00025177001953125, 1.0000001192092896) ), ( (1, -5.344026732245766e-8, 7.654249856159367e-8, 0), (8.207956625483348e-8, 1, 1.8031721893407848e-8, 0), (-9.405658119021609e-8, -2.480826388762125e-8, 1.0000001192092896, 0), (-11.62242317199707, -0.000005125999450683594, 0.00002288818359375, 1.0000001192092896) ), ( (1, -5.344026732245766e-8, 7.654249856159367e-8, 0), (8.207956625483348e-8, 1, 1.8031721893407848e-8, 0), (-9.405658119021609e-8, -2.480826388762125e-8, 1.0000001192092896, 0), (-14.63821792602539, -0.000003814697265625, -0.00006103515625, 1.0000001192092896) ), ( (0.9991080164909363, -0.023667676374316216, -0.03497234359383583, 0), (0.03496254235506058, -0.0008279109606519341, 0.9993886351585388, 0), (-0.023682178929448128, -0.9997195601463318, 3.6627395161303866e-7, 0), (-14.63821792602539, -0.000003814697265625, -0.00006103515625, 1.0000001192092896) ), ( (0.9791539311408997, 0.11641564965248108, -0.1664460450410843, 0), (-0.11924463510513306, 0.9928393959999084, -0.007070059888064861, 0), (0.16443103551864624, 0.026770466938614845, 0.9860252141952515, 0), (-2.444915771484375, -0.5601959228515625, 1.038703203201294, 0.9999998807907104) ), ( (0.8673344254493713, 0.34311234951019287, 0.36056286096572876, 0), (-0.3791024386882782, 0.9248052835464478, 0.03188411891460419, 0), (-0.3225105106830597, -0.1643444001674652, 0.9321897625923157, 0), (-2.982746124267578, 0.4713592529296875, -0.07156848907470703, 1) ), ( (0.9184711575508118, 0.395422101020813, -0.0072061470709741116, 0), (-0.39522549510002136, 0.9170467257499695, -0.053122054785490036, 0), (-0.014397329650819302, 0.051639121025800705, 0.998562216758728, 0), (-2.0081255435943604, 0.0000152587890625, 0.0000019073486328125, 1) ), ( (0.9895834922790527, 0.136254221200943, 0.04647399112582207, 0), (-0.1343136876821518, 0.9900224804878235, -0.0426098071038723, 0), (-0.05181609094142914, 0.03592376410961151, 0.9980102777481079, 0), (-1.0284843444824219, -0.00000762939453125, -0.00000762939453125, 1) ), ( (0.995219349861145, 0.09653493762016296, -0.014802763238549232, 0), (-0.09654586017131805, 0.9953281283378601, -0.00002192789725086186, 0), (0.014731471426784992, 0.0014509627362713218, 0.9998902678489685, 0), (-2.5683746337890625, -0.387725830078125, 0.18610024452209473, 0.9999998807907104) ), ( (0.9172077775001526, 0.39546939730644226, 0.04831130430102348, 0), (-0.395114004611969, 0.9184730052947998, -0.017102781683206558, 0), (-0.051136285066604614, -0.003401655238121748, 0.9986861348152161, 0), (-2.7770767211914062, 0.5317611694335938, -0.11719882488250732, 1) ), ( (0.9225456714630127, 0.3858877122402191, -0.0006340928957797587, 0), (-0.3857896625995636, 0.9222720265388489, -0.024093633517622948, 0), (-0.008712648414075375, 0.02247210219502449, 0.9997093081474304, 0), (-2.367612838745117, -0.0000152587890625, -0.000004708766937255859, 1) ), ( (0.9956175088882446, 0.09344060719013214, -0.0036889424081891775, 0), (-0.09347180277109146, 0.9932200908660889, -0.06911637634038925, 0), (-0.0027943099848926067, 0.06915827840566635, 0.9976018071174622, 0), (-1.2618980407714844, -0.0000152587890625, 0.000003814697265625, 1) ), ( (0.9999997019767761, -2.2954654355089588e-7, -6.142850139667644e-8, 0), (2.315055240842412e-7, 0.9999995231628418, 0.00002293330180691555, 0), (-4.4642007424045005e-8, -0.00002293719444423914, 0.9999999403953552, 0), (0.0612030029296875, -0.0825347900390625, 0.007179200649261475, 0.9999998807907104) ), ( (0.9599373936653137, 0.09357520937919617, 0.2641281485557556, 0), (0.022653857246041298, 0.9135921597480774, -0.4059995412826538, 0), (-0.2792970836162567, 0.3957175612449646, 0.8748717904090881, 0), (-2.3890533447265625, -0.7600555419921875, -1.6465427875518799, 0.9999998807907104) ), ( (0.8774559497833252, 0.46205946803092957, -0.12872980535030365, 0), (-0.429704487323761, 0.8764895796775818, 0.21707041561603546, 0), (0.21312998235225677, -0.13515399396419525, 0.9676304459571838, 0), (-1.8443965911865234, -0.00006103515625, 0.000164031982421875, 1) ), ( (0.9288783669471741, 0.3668484091758728, 0.051064394414424896, 0), (-0.3605641722679138, 0.9271513223648071, -0.10190452635288239, 0), (-0.08472800999879837, 0.07624500244855881, 0.993482768535614, 0), (-1.4898955821990967, -0.00003814697265625, -0.00000762939453125, 1) ), ( (0.9598838686943054, 0.2642747163772583, -0.09371386468410492, 0), (-0.26265469193458557, 0.9644405841827393, 0.029445258900523186, 0), (0.0981631726026535, -0.0036498100962489843, 0.9951639175415039, 0), (-0.7413787841796875, -0.0000152587890625, -0.000003814697265625, 1) ), ( (0.9845123291015625, 0.1277550458908081, 0.12005747109651566, 0), (-0.12940281629562378, 0.9915733933448792, 0.005998109467327595, 0), (-0.11827961355447769, -0.021440988406538963, 0.9927486777305603, 0), (-2.539134979248047, -0.5090789794921875, -0.6830112338066101, 0.9999998807907104) ), ( (0.9323139786720276, 0.3596762716770172, -0.037726499140262604, 0), (-0.361349493265152, 0.9222128987312317, -0.13766036927700043, 0), (-0.014721228741109371, 0.14197522401809692, 0.9897607564926147, 0), (-2.3542022705078125, 0.44258880615234375, -0.11382436752319336, 1) ), ( (0.9165880084037781, 0.3992590606212616, -0.02141507901251316, 0), (-0.3997887969017029, 0.9143726825714111, -0.0639684647321701, 0), (-0.005958642344921827, 0.06719417124986649, 0.997722327709198, 0), (-2.0849556922912598, 0.00003814697265625, 0.0000095367431640625, 1) ), ( (0.9692403674125671, 0.23915889859199524, -0.05810356140136719, 0), (-0.23906490206718445, 0.9709646701812744, 0.008668337017297745, 0), (0.05848963186144829, 0.005488852970302105, 0.9982728362083435, 0), (-1.1916885375976562, -0.00000762939453125, -0.00000762939453125, 1) ), ( (-0.1693786233663559, 0.9646294116973877, -0.20199032127857208, 0), (-0.3588343560695648, 0.1305232048034668, 0.9242302179336548, 0), (0.9179045557975769, 0.22902576625347137, 0.32403436303138733, 0), (-1.3802375793457031, -0.91259765625, 0.7599573731422424, 0.9999998807907104) ), ( (0.7409809231758118, 0.5942150354385376, -0.31281954050064087, 0), (-0.46150821447372437, 0.7890035510063171, 0.4055660367012024, 0), (0.4878094792366028, -0.156147763133049, 0.8588710427284241, 0), (-0.34888458251953125, -0.000034332275390625, 0.0000476837158203125, 1) ), ( (0.9854064583778381, 0.12291613966226578, 0.11775054037570953, 0), (-0.09897217899560928, 0.9765597581863403, -0.19114194810390472, 0), (-0.1384851187467575, 0.17669855058193207, 0.9744741916656494, 0), (-1.6187820434570312, 0, -0.0000095367431640625, 1) ), ( (0.9902328252792358, -0.05069807544350624, -0.12987951934337616, 0), (0.07207907736301422, 0.9835516810417175, 0.1656215339899063, 0), (0.11934661865234375, -0.17336535453796387, 0.9775993824005127, 0), (-1.71087646484375, -0.000026702880859375, -0.00004482269287109375, 1) ), ( (0.9858901500701904, -0.004535120911896229, 0.16733135282993317, 0), (0.007501040585339069, 0.9998252391815186, -0.01709974929690361, 0), (-0.16722482442855835, 0.01811351627111435, 0.9857526421546936, 0), (-2.7011337280273438, -1.197723388671875, 0.07440680265426636, 0.9999998807907104) ), ( (1, 1.647891600953244e-8, 1.615924283271397e-8, 0), (2.928918974021144e-8, 1, 1.4345254983894051e-9, 0), (-1.702587937302269e-8, 7.101990107116762e-9, 0.9999999403953552, 0), (-6.808795928955078, 0.000011920928955078125, 0.0002593994140625, 1) ), ( (1, 1.647891600953244e-8, 1.615924283271397e-8, 0), (2.928918974021144e-8, 1, 1.4345254983894051e-9, 0), (-1.702587937302269e-8, 7.101990107116762e-9, 0.9999999403953552, 0), (-11.281412124633789, 0.0000021457672119140625, 0.00006103515625, 1) ), ( (1, 1.647891600953244e-8, 1.615924283271397e-8, 0), (2.928918974021144e-8, 1, 1.4345254983894051e-9, 0), (-1.702587937302269e-8, 7.101990107116762e-9, 0.9999999403953552, 0), (-16.139636993408203, 0.000015974044799804688, 0.00029754638671875, 1) ), ( (-0.0015047142514958978, -5.571058614428637e-10, 0.9999988079071045, 0), (0.9999904036521912, -0.004119927529245615, 0.0015046712942421436, 0), (0.004119919613003731, 0.9999915361404419, 0.000006199188646860421, 0), (-0.00000762939453125, -13.401540756225586, 0, 1) ), ( (-0.998742401599884, 0.050018005073070526, 0.0034862812608480453, 0), (-0.05001770332455635, -0.9987484216690063, 0.00017459539230912924, 0), (0.003490650560706854, 2.2737367544323206e-13, 0.9999939799308777, 0), (-5.919734954833984, -0.8106517791748047, 11.504826545715332, 1) ), ( (0.997747540473938, 0.06707993149757385, 1.4932149960955599e-9, 0), (-0.06707993149757385, 0.997747540473938, -2.1778785719295257e-10, 0), (-1.2349828937274765e-9, 8.067573692427388e-11, 0.9999999403953552, 0), (28.352420806884766, -9.5367431640625e-7, 9.5367431640625e-7, 1) ), ( (0.9985987544059753, -0.04995753988623619, 0.017460821196436882, 0), (-0.05219525098800659, -0.9842063784599304, 0.16915544867515564, 0), (0.008734462782740593, -0.1698298454284668, -0.9854347109794617, 0), (13.722816467285156, 0.000001430511474609375, -9.5367431640625e-7, 1) ), ( (0.0000010683260143196094, 0.9999997615814209, -0.000001071015731213265, 0), (0.9999998211860657, -9.60885472522932e-7, 4.573251555228808e-9, 0), (7.96036747630069e-9, -0.000001009116544992139, -0.9999997615814209, 0), (4.377912521362305, 14.419516563415527, -0.00000476837158203125, 1) ), ( (1.0000001192092896, -1.331375898416809e-8, 0.000001043662791744282, 0), (-2.1157049445719167e-9, 1.0000001192092896, -3.0442373599726125e-7, 0), (-0.0000010540106814005412, 2.9845793392269115e-7, 1, 0), (3.1099205017089844, -0.0000019073486328125, 0, 1) ), ( (0.999997079372406, -0.0023440830409526825, 0.0000023865006824053125, 0), (0.0023440681397914886, 0.9999970197677612, 3.739620808573818e-7, 0), (-0.0000023932100248202914, -4.434537856923271e-7, 0.9999998807907104, 0), (-0.000004291534423828125, 0, 0, 1) ), ( (0.015311237424612045, -0.004648784641176462, -0.999872088432312, 0), (-0.9992309212684631, 0.03602634370326996, -0.01546888891607523, 0), (0.03609364852309227, 0.9993399977684021, -0.004093718249350786, 0), (6.082146644592285, 7.069392204284668, 0.06026744842529297, 1) ), ( (0.9999956488609314, -0.0029237617272883654, -0.000001260895146515395, 0), (0.0029237675480544567, 0.9999959468841553, 6.380208787959418e-7, 0), (0.0000012586930324687273, -6.416478299797745e-7, 1, 0), (-0.00038909912109375, 0.000004291534423828125, 0.0000057220458984375, 1) ), ( (1.0000001192092896, 8.041533661184985e-9, -0.0000015377456747955875, 0), (-1.021488316155228e-7, 0.9984369277954102, -0.05589371174573898, 0), (0.0000015341674952651374, 0.05589371919631958, 0.9984367489814758, 0), (6.032106399536133, 0.018460750579833984, 0.02295970916748047, 1) ), ( (1.0000001192092896, 8.041533661184985e-9, -0.000004035553047287976, 0), (-4.621251719072461e-7, 0.9937520027160645, -0.11161266267299652, 0), (0.000004008590622106567, 0.11161269247531891, 0.9937518239021301, 0), (9.877458572387695, 0.018461227416992188, 0.02295970916748047, 1) ), ( (1.0000001192092896, 8.041533661184985e-9, -0.000004817864009964978, 0), (-8.233656103584508e-7, 0.9856756329536438, -0.16865324974060059, 0), (0.000004746948434330989, 0.16865326464176178, 0.9856755137443542, 0), (13.722814559936523, 0.018463134765625, 0.022958755493164062, 1) ), ( (0.9999999403953552, -7.422068293294615e-9, -0.0000011500795835672761, 0), (2.976080493155564e-9, 1, 4.265073698661581e-7, 0), (0.000001150299340224592, -4.265257587121596e-7, 0.9999999403953552, 0), (6.277278900146484, -0.020427227020263672, 0.04592609405517578, 1) ), ( (0.9999999403953552, -7.422068293294615e-9, -0.0000029999189337104326, 0), (2.976080493155564e-9, 1, -2.3817916389168303e-11, 0), (0.0000030001970117154997, 8.595332778860154e-12, 0.9999999403953552, 0), (15.898460388183594, -0.020427227020263672, 0.04593181610107422, 1) ), ( (0.9999999403953552, -7.422068293294615e-9, -0.000002690021347007132, 0), (2.976080493155564e-9, 1, 0.0000012722937299258774, 0), (0.0000026902246190729784, -0.0000012722987321467372, 0.9999999403953552, 0), (27.183006286621094, -0.010216712951660156, 0.022962570190429688, 1) ), ( (0.9987422227859497, -0.050018005073070526, 0.0034862812608480453, 0), (0.05001770332455635, 0.9987483024597168, 0.000174595377757214, 0), (-0.00349065032787621, 0, 0.9999939203262329, 0), (-5.919750213623047, -0.8106513023376465, -11.504826545715332, 1) ), ( (0.9977476000785828, 0.06707993894815445, 8.596515721492892e-10, 0), (-0.06707994639873505, 0.997747540473938, -1.505524038769579e-10, 0), (-1.1659772036765048e-9, 7.458612200084147e-11, 1, 0), (-28.35242462158203, 4.76837158203125e-7, -0.000003814697265625, 1) ), ( (0.9985987544059753, -0.04995754361152649, 0.01746082305908203, 0), (-0.052195269614458084, -0.9842064380645752, 0.16915547847747803, 0), (0.00873445812612772, -0.169829860329628, -0.9854347109794617, 0), (-13.722803115844727, -0.000002384185791015625, 0.000003337860107421875, 1) ), ( (0.0000010602221891531372, 0.9999998807907104, -0.0000010564519925537752, 0), (1, -9.62690933192789e-7, 5.688884030519148e-9, 0), (3.977792317755302e-9, -0.0000010008568551711505, -0.9999998807907104, 0), (-4.377906799316406, -14.419517517089844, 0.000003337860107421875, 1) ), ( (0.9999998807907104, 3.0881186496856117e-9, -7.381490974012195e-10, 0), (2.861232140105585e-9, 0.9999998807907104, 3.510331794132071e-7, 0), (1.774525060227461e-8, -3.4788416769515607e-7, 0.9999999403953552, 0), (-3.1098880767822266, -0.000007748603820800781, 0.000003814697265625, 1) ), ( (0.9999973773956299, -0.0023440909571945667, 0.0000023915843030408723, 0), (0.0023440674412995577, 0.999997079372406, 3.8812137859167706e-7, 0), (-0.0000023892278022685787, -4.6661637043143855e-7, 1, 0), (0.0000152587890625, -9.5367431640625e-7, -4.76837158203125e-7, 1) ), ( (0.014532229863107204, -0.004412345588207245, -0.9998847246170044, 0), (0.9992481470108032, -0.03589127957820892, 0.014681393280625343, 0), (-0.03595190867781639, -0.9993459582328796, 0.0038875120226293802, 0), (-5.687136173248291, -7.08411169052124, -0.05139406770467758, 0.9999999403953552) ), ( (0.9999956488609314, -0.002923764754086733, -0.0000012602989727383829, 0), (0.002923784079030156, 0.9999959468841553, 6.383688173627888e-7, 0), (0.0000012587304354383377, -6.420463023459888e-7, 1.0000001192092896, 0), (0.000385284423828125, -0.00000476837158203125, -0.00000286102294921875, 1) ), ( (1.0000001192092896, 2.632463802498819e-9, 2.4919943886203555e-9, 0), (6.2431739777935036e-9, 0.9984369277954102, -0.05589371174573898, 0), (-2.5838415851353602e-9, 0.05589371919631958, 0.9984368681907654, 0), (-6.032082557678223, -0.018462181091308594, -0.02295827865600586, 1) ), ( (1.0000001192092896, -4.817030330173111e-9, -6.91218748904987e-11, 0), (2.407260835113334e-9, 0.9937519431114197, -0.11161267012357712, 0), (2.8369318005871946e-10, 0.11161268502473831, 0.9937518239021301, 0), (-9.877443313598633, -0.018462657928466797, -0.022957324981689453, 1) ), ( (1.0000001192092896, -4.817030330173111e-9, 2.4920152608132184e-9, 0), (6.813952069251172e-9, 0.9856756329536438, -0.16865327954292297, 0), (-1.6097129185155268e-9, 0.16865330934524536, 0.9856755137443542, 0), (-13.722806930541992, -0.018464088439941406, -0.02295541763305664, 1) ), ( (1, -2.1856898513306078e-9, -2.551155953156581e-10, 0), (-2.181026692582577e-9, 1, 4.2670251332310727e-7, 0), (1.5979238765506665e-10, -4.267062649887521e-7, 1, 0), (-6.277301788330078, 0.02042675018310547, -0.045929908752441406, 1) ), ( (1, -2.1856898513306078e-9, -2.551155953156581e-10, 0), (-2.181026692582577e-9, 1, -3.307562340335024e-12, 0), (2.3640112090106413e-10, 1.7779110432145084e-12, 1, 0), (-15.898479461669922, 0.02042675018310547, -0.0459294319152832, 1) ), ( (1, -2.1856898513306078e-9, -2.551155953156581e-10, 0), (-2.181026692582577e-9, 1, 0.0000012723693316729623, 0), (3.173163953817948e-10, -0.0000012723628515232122, 1, 0), (-27.183015823364258, 0.01021575927734375, -0.022966861724853516, 1) ), ( (-0.00039961939910426736, 0.000002785559445328545, 1, 0), (1, 0.0000016689300537109375, 0.00039958959678187966, 0), (-0.0000016678164911354543, 1, -0.0000027868929919350194, 0), (0.00000762939453125, 13.152417182922363, 12.131038665771484, 1) ), ( (-0.00039961939910426736, 0.000002785559445328545, 1, 0), (1, 0.0000016689300537109375, 0.00039958959678187966, 0), (-0.0000016678164911354543, 1, -0.0000027868929919350194, 0), (-0.000003814697265625, -17.7622013092041, 10.053691864013672, 1) ), ( (-0.00039961939910426736, 0.000002785559445328545, 1, 0), (1, 0.0000016689300537109375, 0.00039958959678187966, 0), (-0.0000016678164911354543, 1, -0.0000027868929919350194, 0), (0.000003814697265625, 16.638687133789062, -15.346582412719727, 1) ), ( (-0.00039961939910426736, 0.000002785559445328545, 1, 0), (1, 0.0000016689300537109375, 0.00039958959678187966, 0), (-0.0000016678164911354543, 1, -0.0000027868929919350194, 0), (0.000003814697265625, -21.436519622802734, -12.133411407470703, 1) )]
        rel skel:animationSource = </SkelRoot/Skeleton/Animation>

        def SkelAnimation "Animation"
        {
            uniform token[] joints = ["root_joint", "root_joint/pelvis_joint", "root_joint/pelvis_joint/spineLower_joint", "root_joint/pelvis_joint/spineLower_joint/spineMiddle_joint", "root_joint/pelvis_joint/spineLower_joint/spineMiddle_joint/spineUpper_joint", "root_joint/pelvis_joint/spineLower_joint/spineMiddle_joint/spineUpper_joint/chest_joint", "root_joint/pelvis_joint/spineLower_joint/spineMiddle_joint/spineUpper_joint/chest_joint/clavicle_left_joint", "root_joint/pelvis_joint/spineLower_joint/spineMiddle_joint/spineUpper_joint/chest_joint/clavicle_left_joint/shoulder_left_joint", "root_joint/pelvis_joint/spineLower_joint/spineMiddle_joint/spineUpper_joint/chest_joint/clavicle_left_joint/shoulder_left_joint/elbow_left_joint", "root_joint/pelvis_joint/spineLower_joint/spineMiddle_joint/spineUpper_joint/chest_joint/clavicle_left_joint/shoulder_left_joint/elbow_left_joint/elbow_partial_left_joint", "root_joint/pelvis_joint/spineLower_joint/spineMiddle_joint/spineUpper_joint/chest_joint/clavicle_left_joint/shoulder_left_joint/elbow_left_joint/armLower_twist_01_left_joint", "root_joint/pelvis_joint/spineLower_joint/spineMiddle_joint/spineUpper_joint/chest_joint/clavicle_left_joint/shoulder_left_joint/elbow_left_joint/armLower_twist_02_left_joint", "root_joint/pelvis_joint/spineLower_joint/spineMiddle_joint/spineUpper_joint/chest_joint/clavicle_left_joint/shoulder_left_joint/elbow_left_joint/armLower_twist_03_left_joint", "root_joint/pelvis_joint/spineLower_joint/spineMiddle_joint/spineUpper_joint/chest_joint/clavicle_left_joint/shoulder_left_joint/elbow_left_joint/handWrist_left_joint", "root_joint/pelvis_joint/spineLower_joint/spineMiddle_joint/spineUpper_joint/chest_joint/clavicle_left_joint/shoulder_left_joint/elbow_left_joint/handWrist_left_joint/handIndexMeta_left_joint", "root_joint/pelvis_joint/spineLower_joint/spineMiddle_joint/spineUpper_joint/chest_joint/clavicle_left_joint/shoulder_left_joint/elbow_left_joint/handWrist_left_joint/handIndexMeta_left_joint/handIndex_00_left_joint", "root_joint/pelvis_joint/spineLower_joint/spineMiddle_joint/spineUpper_joint/chest_joint/clavicle_left_joint/shoulder_left_joint/elbow_left_joint/handWrist_left_joint/handIndexMeta_left_joint/handIndex_00_left_joint/handIndex_01_left_joint", "root_joint/pelvis_joint/spineLower_joint/spineMiddle_joint/spineUpper_joint/chest_joint/clavicle_left_joint/shoulder_left_joint/elbow_left_joint/handWrist_left_joint/handIndexMeta_left_joint/handIndex_00_left_joint/handIndex_01_left_joint/handIndex_02_left_joint", "root_joint/pelvis_joint/spineLower_joint/spineMiddle_joint/spineUpper_joint/chest_joint/clavicle_left_joint/shoulder_left_joint/elbow_left_joint/handWrist_left_joint/handMiddleMeta_left_joint", "root_joint/pelvis_joint/spineLower_joint/spineMiddle_joint/spineUpper_joint/chest_joint/clavicle_left_joint/shoulder_left_joint/elbow_left_joint/handWrist_left_joint/handMiddleMeta_left_joint/handMiddle_00_left_joint", "root_joint/pelvis_joint/spineLower_joint/spineMiddle_joint/spineUpper_joint/chest_joint/clavicle_left_joint/shoulder_left_joint/elbow_left_joint/handWrist_left_joint/handMiddleMeta_left_joint/handMiddle_00_left_joint/handMiddle_01_left_joint", "root_joint/pelvis_joint/spineLower_joint/spineMiddle_joint/spineUpper_joint/chest_joint/clavicle_left_joint/shoulder_left_joint/elbow_left_joint/handWrist_left_joint/handMiddleMeta_left_joint/handMiddle_00_left_joint/handMiddle_01_left_joint/handMiddle_02_left_joint", "root_joint/pelvis_joint/spineLower_joint/spineMiddle_joint/spineUpper_joint/chest_joint/clavicle_left_joint/shoulder_left_joint/elbow_left_joint/handWrist_left_joint/handWrist_partial_left_joint", "root_joint/pelvis_joint/spineLower_joint/spineMiddle_joint/spineUpper_joint/chest_joint/clavicle_left_joint/shoulder_left_joint/elbow_left_joint/handWrist_left_joint/handPinkyMeta_left_joint", "root_joint/pelvis_joint/spineLower_joint/spineMiddle_joint/spineUpper_joint/chest_joint/clavicle_left_joint/shoulder_left_joint/elbow_left_joint/handWrist_left_joint/handPinkyMeta_left_joint/handPinky_00_left_joint", "root_joint/pelvis_joint/spineLower_joint/spineMiddle_joint/spineUpper_joint/chest_joint/clavicle_left_joint/shoulder_left_joint/elbow_left_joint/handWrist_left_joint/handPinkyMeta_left_joint/handPinky_00_left_joint/handPinky_01_left_joint", "root_joint/pelvis_joint/spineLower_joint/spineMiddle_joint/spineUpper_joint/chest_joint/clavicle_left_joint/shoulder_left_joint/elbow_left_joint/handWrist_left_joint/handPinkyMeta_left_joint/handPinky_00_left_joint/handPinky_01_left_joint/handPinky_02_left_joint", "root_joint/pelvis_joint/spineLower_joint/spineMiddle_joint/spineUpper_joint/chest_joint/clavicle_left_joint/shoulder_left_joint/elbow_left_joint/handWrist_left_joint/handRingMeta_left_joint", "root_joint/pelvis_joint/spineLower_joint/spineMiddle_joint/spineUpper_joint/chest_joint/clavicle_left_joint/shoulder_left_joint/elbow_left_joint/handWrist_left_joint/handRingMeta_left_joint/handRing_00_left_joint", "root_joint/pelvis_joint/spineLower_joint/spineMiddle_joint/spineUpper_joint/chest_joint/clavicle_left_joint/shoulder_left_joint/elbow_left_joint/handWrist_left_joint/handRingMeta_left_joint/handRing_00_left_joint/handRing_01_left_joint", "root_joint/pelvis_joint/spineLower_joint/spineMiddle_joint/spineUpper_joint/chest_joint/clavicle_left_joint/shoulder_left_joint/elbow_left_joint/handWrist_left_joint/handRingMeta_left_joint/handRing_00_left_joint/handRing_01_left_joint/handRing_02_left_joint", "root_joint/pelvis_joint/spineLower_joint/spineMiddle_joint/spineUpper_joint/chest_joint/clavicle_left_joint/shoulder_left_joint/elbow_left_joint/handWrist_left_joint/handThumbMeta_left_joint", "root_joint/pelvis_joint/spineLower_joint/spineMiddle_joint/spineUpper_joint/chest_joint/clavicle_left_joint/shoulder_left_joint/elbow_left_joint/handWrist_left_joint/handThumbMeta_left_joint/handThumb_00_left_joint", "root_joint/pelvis_joint/spineLower_joint/spineMiddle_joint/spineUpper_joint/chest_joint/clavicle_left_joint/shoulder_left_joint/elbow_left_joint/handWrist_left_joint/handThumbMeta_left_joint/handThumb_00_left_joint/handThumb_01_left_joint", "root_joint/pelvis_joint/spineLower_joint/spineMiddle_joint/spineUpper_joint/chest_joint/clavicle_left_joint/shoulder_left_joint/elbow_left_joint/handWrist_left_joint/handThumbMeta_left_joint/handThumb_00_left_joint/handThumb_01_left_joint/handThumb_02_left_joint", "root_joint/pelvis_joint/spineLower_joint/spineMiddle_joint/spineUpper_joint/chest_joint/clavicle_left_joint/shoulder_left_joint/elbow_left_joint/handWrist_left_joint/hand_l_socket", "root_joint/pelvis_joint/spineLower_joint/spineMiddle_joint/spineUpper_joint/chest_joint/clavicle_left_joint/shoulder_left_joint/armUpper_twist_01_left_joint", "root_joint/pelvis_joint/spineLower_joint/spineMiddle_joint/spineUpper_joint/chest_joint/clavicle_left_joint/shoulder_left_joint/armUpper_twist_02_left_joint", "root_joint/pelvis_joint/spineLower_joint/spineMiddle_joint/spineUpper_joint/chest_joint/clavicle_left_joint/shoulder_left_joint/armUpper_twist_03_left_joint", "root_joint/pelvis_joint/spineLower_joint/spineMiddle_joint/spineUpper_joint/chest_joint/neck_joint", "root_joint/pelvis_joint/spineLower_joint/spineMiddle_joint/spineUpper_joint/chest_joint/neck_joint/neck_twist_01_joint", "root_joint/pelvis_joint/spineLower_joint/spineMiddle_joint/spineUpper_joint/chest_joint/neck_joint/neck_twist_02_joint", "root_joint/pelvis_joint/spineLower_joint/spineMiddle_joint/spineUpper_joint/chest_joint/neck_joint/head_joint", "root_joint/pelvis_joint/spineLower_joint/spineMiddle_joint/spineUpper_joint/chest_joint/neck_joint/head_joint/head_tracker_target", "root_joint/pelvis_joint/spineLower_joint/spineMiddle_joint/spineUpper_joint/chest_joint/neck_joint/head_joint/eye_offset_right_joint", "root_joint/pelvis_joint/spineLower_joint/spineMiddle_joint/spineUpper_joint/chest_joint/neck_joint/head_joint/eye_offset_right_joint/eye_right_joint", "root_joint/pelvis_joint/spineLower_joint/spineMiddle_joint/spineUpper_joint/chest_joint/neck_joint/head_joint/eye_offset_left_joint", "root_joint/pelvis_joint/spineLower_joint/spineMiddle_joint/spineUpper_joint/chest_joint/neck_joint/head_joint/eye_offset_left_joint/eye_left_joint", "root_joint/pelvis_joint/spineLower_joint/spineMiddle_joint/spineUpper_joint/chest_joint/neck_joint/head_joint/head_socket", "root_joint/pelvis_joint/spineLower_joint/spineMiddle_joint/spineUpper_joint/chest_joint/clavicle_right_joint", "root_joint/pelvis_joint/spineLower_joint/spineMiddle_joint/spineUpper_joint/chest_joint/clavicle_right_joint/shoulder_right_joint", "root_joint/pelvis_joint/spineLower_joint/spineMiddle_joint/spineUpper_joint/chest_joint/clavicle_right_joint/shoulder_right_joint/elbow_right_joint", "root_joint/pelvis_joint/spineLower_joint/spineMiddle_joint/spineUpper_joint/chest_joint/clavicle_right_joint/shoulder_right_joint/elbow_right_joint/elbow_partial_right_joint", "root_joint/pelvis_joint/spineLower_joint/spineMiddle_joint/spineUpper_joint/chest_joint/clavicle_right_joint/shoulder_right_joint/elbow_right_joint/armLower_twist_01_right_joint", "root_joint/pelvis_joint/spineLower_joint/spineMiddle_joint/spineUpper_joint/chest_joint/clavicle_right_joint/shoulder_right_joint/elbow_right_joint/armLower_twist_02_right_joint", "root_joint/pelvis_joint/spineLower_joint/spineMiddle_joint/spineUpper_joint/chest_joint/clavicle_right_joint/shoulder_right_joint/elbow_right_joint/armLower_twist_03_right_joint", "root_joint/pelvis_joint/spineLower_joint/spineMiddle_joint/spineUpper_joint/chest_joint/clavicle_right_joint/shoulder_right_joint/elbow_right_joint/handWrist_right_joint", "root_joint/pelvis_joint/spineLower_joint/spineMiddle_joint/spineUpper_joint/chest_joint/clavicle_right_joint/shoulder_right_joint/elbow_right_joint/handWrist_right_joint/handIndexMeta_right_joint", "root_joint/pelvis_joint/spineLower_joint/spineMiddle_joint/spineUpper_joint/chest_joint/clavicle_right_joint/shoulder_right_joint/elbow_right_joint/handWrist_right_joint/handIndexMeta_right_joint/handIndex_00_right_joint", "root_joint/pelvis_joint/spineLower_joint/spineMiddle_joint/spineUpper_joint/chest_joint/clavicle_right_joint/shoulder_right_joint/elbow_right_joint/handWrist_right_joint/handIndexMeta_right_joint/handIndex_00_right_joint/handIndex_01_right_joint", "root_joint/pelvis_joint/spineLower_joint/spineMiddle_joint/spineUpper_joint/chest_joint/clavicle_right_joint/shoulder_right_joint/elbow_right_joint/handWrist_right_joint/handIndexMeta_right_joint/handIndex_00_right_joint/handIndex_01_right_joint/handIndex_02_right_joint", "root_joint/pelvis_joint/spineLower_joint/spineMiddle_joint/spineUpper_joint/chest_joint/clavicle_right_joint/shoulder_right_joint/elbow_right_joint/handWrist_right_joint/handMiddleMeta_right_joint", "root_joint/pelvis_joint/spineLower_joint/spineMiddle_joint/spineUpper_joint/chest_joint/clavicle_right_joint/shoulder_right_joint/elbow_right_joint/handWrist_right_joint/handMiddleMeta_right_joint/handMiddle_00_right_joint", "root_joint/pelvis_joint/spineLower_joint/spineMiddle_joint/spineUpper_joint/chest_joint/clavicle_right_joint/shoulder_right_joint/elbow_right_joint/handWrist_right_joint/handMiddleMeta_right_joint/handMiddle_00_right_joint/handMiddle_01_right_joint", "root_joint/pelvis_joint/spineLower_joint/spineMiddle_joint/spineUpper_joint/chest_joint/clavicle_right_joint/shoulder_right_joint/elbow_right_joint/handWrist_right_joint/handMiddleMeta_right_joint/handMiddle_00_right_joint/handMiddle_01_right_joint/handMiddle_02_right_joint", "root_joint/pelvis_joint/spineLower_joint/spineMiddle_joint/spineUpper_joint/chest_joint/clavicle_right_joint/shoulder_right_joint/elbow_right_joint/handWrist_right_joint/handWrist_partial_right_joint", "root_joint/pelvis_joint/spineLower_joint/spineMiddle_joint/spineUpper_joint/chest_joint/clavicle_right_joint/shoulder_right_joint/elbow_right_joint/handWrist_right_joint/handPinkyMeta_right_joint", "root_joint/pelvis_joint/spineLower_joint/spineMiddle_joint/spineUpper_joint/chest_joint/clavicle_right_joint/shoulder_right_joint/elbow_right_joint/handWrist_right_joint/handPinkyMeta_right_joint/handPinky_00_right_joint", "root_joint/pelvis_joint/spineLower_joint/spineMiddle_joint/spineUpper_joint/chest_joint/clavicle_right_joint/shoulder_right_joint/elbow_right_joint/handWrist_right_joint/handPinkyMeta_right_joint/handPinky_00_right_joint/handPinky_01_right_joint", "root_joint/pelvis_joint/spineLower_joint/spineMiddle_joint/spineUpper_joint/chest_joint/clavicle_right_joint/shoulder_right_joint/elbow_right_joint/handWrist_right_joint/handPinkyMeta_right_joint/handPinky_00_right_joint/handPinky_01_right_joint/handPinky_02_right_joint", "root_joint/pelvis_joint/spineLower_joint/spineMiddle_joint/spineUpper_joint/chest_joint/clavicle_right_joint/shoulder_right_joint/elbow_right_joint/handWrist_right_joint/handRingMeta_right_joint", "root_joint/pelvis_joint/spineLower_joint/spineMiddle_joint/spineUpper_joint/chest_joint/clavicle_right_joint/shoulder_right_joint/elbow_right_joint/handWrist_right_joint/handRingMeta_right_joint/handRing_00_right_joint", "root_joint/pelvis_joint/spineLower_joint/spineMiddle_joint/spineUpper_joint/chest_joint/clavicle_right_joint/shoulder_right_joint/elbow_right_joint/handWrist_right_joint/handRingMeta_right_joint/handRing_00_right_joint/handRing_01_right_joint", "root_joint/pelvis_joint/spineLower_joint/spineMiddle_joint/spineUpper_joint/chest_joint/clavicle_right_joint/shoulder_right_joint/elbow_right_joint/handWrist_right_joint/handRingMeta_right_joint/handRing_00_right_joint/handRing_01_right_joint/handRing_02_right_joint", "root_joint/pelvis_joint/spineLower_joint/spineMiddle_joint/spineUpper_joint/chest_joint/clavicle_right_joint/shoulder_right_joint/elbow_right_joint/handWrist_right_joint/handThumbMeta_right_joint", "root_joint/pelvis_joint/spineLower_joint/spineMiddle_joint/spineUpper_joint/chest_joint/clavicle_right_joint/shoulder_right_joint/elbow_right_joint/handWrist_right_joint/handThumbMeta_right_joint/handThumb_00_right_joint", "root_joint/pelvis_joint/spineLower_joint/spineMiddle_joint/spineUpper_joint/chest_joint/clavicle_right_joint/shoulder_right_joint/elbow_right_joint/handWrist_right_joint/handThumbMeta_right_joint/handThumb_00_right_joint/handThumb_01_right_joint", "root_joint/pelvis_joint/spineLower_joint/spineMiddle_joint/spineUpper_joint/chest_joint/clavicle_right_joint/shoulder_right_joint/elbow_right_joint/handWrist_right_joint/handThumbMeta_right_joint/handThumb_00_right_joint/handThumb_01_right_joint/handThumb_02_right_joint", "root_joint/pelvis_joint/spineLower_joint/spineMiddle_joint/spineUpper_joint/chest_joint/clavicle_right_joint/shoulder_right_joint/elbow_right_joint/handWrist_right_joint/hand_r_socket", "root_joint/pelvis_joint/spineLower_joint/spineMiddle_joint/spineUpper_joint/chest_joint/clavicle_right_joint/shoulder_right_joint/armUpper_twist_01_right_joint", "root_joint/pelvis_joint/spineLower_joint/spineMiddle_joint/spineUpper_joint/chest_joint/clavicle_right_joint/shoulder_right_joint/armUpper_twist_02_right_joint", "root_joint/pelvis_joint/spineLower_joint/spineMiddle_joint/spineUpper_joint/chest_joint/clavicle_right_joint/shoulder_right_joint/armUpper_twist_03_right_joint", "root_joint/pelvis_joint/spineLower_joint/spineMiddle_joint/spineUpper_joint/chest_joint/back_socket", "root_joint/pelvis_joint/hip_left_joint", "root_joint/pelvis_joint/hip_left_joint/knee_left_joint", "root_joint/pelvis_joint/hip_left_joint/knee_left_joint/footAnkle_left_joint", "root_joint/pelvis_joint/hip_left_joint/knee_left_joint/footAnkle_left_joint/footBall_left_joint", "root_joint/pelvis_joint/hip_left_joint/knee_left_joint/footAnkle_left_joint/footBall_left_joint/footToe_left_joint", "root_joint/pelvis_joint/hip_left_joint/knee_left_joint/footAnkle_left_joint/footAnkle_partial_left_joint", "root_joint/pelvis_joint/hip_left_joint/knee_left_joint/footAnkle_left_joint/foot_l_socket", "root_joint/pelvis_joint/hip_left_joint/knee_left_joint/knee_partial_left_joint", "root_joint/pelvis_joint/hip_left_joint/knee_left_joint/legLower_twist_01_left_joint", "root_joint/pelvis_joint/hip_left_joint/knee_left_joint/legLower_twist_02_left_joint", "root_joint/pelvis_joint/hip_left_joint/knee_left_joint/legLower_twist_03_left_joint", "root_joint/pelvis_joint/hip_left_joint/legUpper_twist_01_left_joint", "root_joint/pelvis_joint/hip_left_joint/legUpper_twist_02_left_joint", "root_joint/pelvis_joint/hip_left_joint/legUpper_twist_03_left_joint", "root_joint/pelvis_joint/hip_right_joint", "root_joint/pelvis_joint/hip_right_joint/knee_right_joint", "root_joint/pelvis_joint/hip_right_joint/knee_right_joint/footAnkle_right_joint", "root_joint/pelvis_joint/hip_right_joint/knee_right_joint/footAnkle_right_joint/footBall_right_joint", "root_joint/pelvis_joint/hip_right_joint/knee_right_joint/footAnkle_right_joint/footBall_right_joint/footToe_right_joint", "root_joint/pelvis_joint/hip_right_joint/knee_right_joint/footAnkle_right_joint/footAnkle_partial_right_joint", "root_joint/pelvis_joint/hip_right_joint/knee_right_joint/footAnkle_right_joint/foot_r_socket", "root_joint/pelvis_joint/hip_right_joint/knee_right_joint/knee_partial_right_joint", "root_joint/pelvis_joint/hip_right_joint/knee_right_joint/legLower_twist_01_right_joint", "root_joint/pelvis_joint/hip_right_joint/knee_right_joint/legLower_twist_02_right_joint", "root_joint/pelvis_joint/hip_right_joint/knee_right_joint/legLower_twist_03_right_joint", "root_joint/pelvis_joint/hip_right_joint/legUpper_twist_01_right_joint", "root_joint/pelvis_joint/hip_right_joint/legUpper_twist_02_right_joint", "root_joint/pelvis_joint/hip_right_joint/legUpper_twist_03_right_joint", "root_joint/pelvis_joint/hip_l_front_socket", "root_joint/pelvis_joint/hip_l_back_socket", "root_joint/pelvis_joint/hip_r_front_socket", "root_joint/pelvis_joint/hip_r_back_socket"]
            quatf[] rotations.timeSamples = {
                0: [(1, 0.000012679318, -7.1491286e-8, 0.000031664775), (0.46207154, 0.5047085, 0.44628745, 0.5767033), (0.9992152, -0.0027356285, -0.03508352, 0.018184705), (0.998893, -0.03696862, 0.00067184493, 0.029078547), (0.9993187, -0.03646978, -0.0028493926, 0.0048988312), (0.99644387, -0.07277374, 0.018036194, 0.038447626), (0.6924808, -0.0004651547, -0.7194032, -0.05412201), (0.9379801, -0.020795913, -0.3002795, 0.17202623), (0.7012777, -0.33470306, -0.0027625116, 0.62942505), (0.9999999, -8.940698e-8, -2.9802326e-8, 0), (0.9999999, -8.940698e-8, -2.9802326e-8, 0), (0.9999999, -8.940698e-8, -2.9802326e-8, 0), (0.9999999, -8.940698e-8, -2.9802326e-8, 0), (0.60918957, 0.77627164, 0.12729168, -0.100435555), (0.9963109, 0.016314387, 0.06273715, -0.05623713), (0.8301839, 0.008373857, 0.029472888, 0.556647), (0.78962195, -0.02185662, -0.018710893, 0.61291885), (-0.68700963, -0.023858368, 0.05698663, -0.7240174), (0.9990455, -0.024057433, 0.028281972, -0.023011029), (0.8562286, -0.018351927, -0.013035104, 0.5161067), (0.71830976, 0.027240455, -0.03668527, 0.6942216), (-0.8225561, -0.025200352, 0.05038804, -0.5658868), (1, -0.000011190772, 0.0000014603138, 0.00000230968), (0.99778914, 0.0048113316, -0.041261584, 0.051878512), (0.89748025, -0.059459955, 0.15700927, 0.40785044), (-0.7003269, 0.012434453, -0.12744854, -0.70224273), (0.7402074, 0.034613833, 0.16017254, 0.65210444), (0.98907757, -0.14229141, -0.027177572, 0.027206004), (0.87562245, 0.09374201, 0.035009384, 0.47251672), (0.6977764, -0.0079220245, 0.06029258, 0.71372974), (-0.7397745, 0.0009150655, -0.06609497, -0.6696), (0.80565184, 0.3814481, 0.45175436, -0.036616877), (0.9804678, 0.09314474, -0.076975256, 0.15518421), (0.9501145, 0.07270784, 0.013229027, 0.3030206), (0.95191336, -0.0045353323, 0.004553333, 0.30630007), (-0.008960916, -0.99643505, 0.0015210258, -0.083873175), (1, 0, -7.4505815e-9, 0), (1, 0, -7.4505815e-9, 0), (1, 0, -7.4505815e-9, 0), (0.98800653, 0.15339318, 0.012250261, 0.012789125), (0.999656, 0.003546027, -0.014040062, 0.021866146), (0.99959797, 0.0037157624, -0.020475062, 0.019260615), (0.99687237, 0.0074078487, -0.04483908, -0.06465231), (0.5113068, -0.48755792, -0.47603878, -0.52367854), (0.47614515, -0.5227676, -0.5115026, -0.48822626), (1.0000002, 1.8626451e-8, -1.4901161e-8, -1.6298145e-9), (0.51150316, -0.4882258, -0.47614476, -0.5227678), (0.99999976, 0, 7.4505815e-9, 6.9849204e-10), (0.503566, -0.49561322, -0.5043609, -0.49639544), (0.068727694, 0.7675384, 0.06443991, 0.63404155), (0.9777839, -0.006660194, -0.20882866, 0.016873712), (0.73114383, -0.08486784, -0.26908103, 0.62114525), (0.9999999, 2.2351745e-8, -1.4901163e-8, -5.587936e-8), (0.9999999, 2.2351745e-8, -1.4901163e-8, -5.587936e-8), (0.9999999, 2.2351745e-8, -1.4901163e-8, -5.587936e-8), (0.9999999, 2.2351745e-8, -1.4901163e-8, -5.587936e-8), (0.63258094, 0.77117634, -0.07147813, -0.00439331), (0.99683684, 0.015020775, 0.06317907, -0.045814443), (0.795817, -0.10662511, 0.09257702, 0.5888427), (0.7891245, -0.021777287, -0.017676711, 0.6135925), (-0.6921189, -0.042247295, 0.073622346, -0.7167751), (0.99930686, -0.020616712, 0.02818926, -0.012889372), (0.82410836, -0.1236975, 0.0651569, 0.5489069), (0.720959, 0.027418245, -0.03542627, 0.69152814), (-0.82327145, -0.022618013, 0.04995943, -0.56499255), (0.99999994, 0.000011473896, 2.9802326e-8, -8.940698e-8), (0.9863965, -0.11446716, -0.08773426, 0.07887872), (0.8905901, 0.012442755, 0.22183047, 0.3968442), (0.7009388, -0.01395813, 0.12589967, 0.7018824), (-0.7361499, -0.035239693, -0.16010608, -0.65666384), (0.9895148, -0.13666856, -0.028541211, 0.036979605), (0.8773521, 0.04914246, 0.087914936, 0.4691577), (-0.6953096, 0.009999783, -0.060424633, -0.7160956), (0.74831086, -0.0377211, 0.09663457, 0.65518636), (0.8071551, 0.35841542, 0.4653319, -0.059206463), (0.98596007, 0.08009272, -0.0599579, 0.13368948), (0.9612886, 0.12608302, 0.034220804, 0.24260299), (0.96241915, -0.012051328, 0.0051105847, 0.2712524), (0.9964272, -0.008834854, -0.083938934, -0.0030198246), (0.9999998, 2.980233e-8, 2.980233e-8, 0), (0.9999998, 2.980233e-8, 2.980233e-8, 0), (0.9999998, 2.980233e-8, 2.980233e-8, 0), (0.4985934, -0.5006519, -0.49934423, -0.5014057), (-0.16594851, -0.051253535, 0.004785195, 0.98478997), (0.9901501, -0.08499153, 0.013550952, 0.11043306), (0.014007183, 0.96036404, 0.27784455, 0.017524483), (0.0023658876, 0.4194228, 0.90777117, 0.0055061965), (0.9999933, -0.00007000287, 0.000063478954, 0.0035562778), (0.9999992, 1.844019e-7, -0.0000012516977, -0.0011720118), (0.5116747, -0.4958272, 0.50616413, 0.48594454), (0.9999989, 1.1827797e-7, 5.5134296e-7, -0.0014619268), (0.99960905, -0.027957883, 7.4505806e-7, -8.754432e-8), (0.9984368, -0.05589377, 0.0000019967556, -1.4901161e-8), (0.99641246, -0.08463032, 0.0000023394825, 1.7508867e-7), (1.0000001, 2.7287751e-7, 5.066395e-7, 4.4703484e-8), (1.0000001, 4.656613e-8, 0.0000014975667, -1.4901161e-8), (1.0000001, 6.807968e-7, 0.0000013336539, 2.0489097e-8), (0.9242881, 0.014764508, -0.025394455, -0.38056368), (0.84891135, -0.0035587123, 0.0026557883, 0.5285169), (0.061313182, 0.9958999, -0.0589765, 0.03076148), (-0.00032877922, 0.7097471, 0.7044563, 0.00094252825), (0.9999905, -0.0000072196126, 0.00007660687, 0.004405719), (0.9999996, 1.0803342e-7, -0.0000012367964, -0.0011719689), (-0.49561304, -0.5115019, -0.48623288, 0.50627255), (0.99999905, 1.5206751e-7, 5.289912e-7, -0.0014619101), (0.99960935, -0.027957771, -7.450581e-9, -9.313226e-9), (0.99843687, -0.055893756, -2.2351742e-8, 1.1175871e-8), (0.9964125, -0.08463033, -1.1175871e-7, -5.9604645e-8), (1, 1.6647391e-7, -5.9604645e-8, -2.514571e-8), (1, 0, 0, 0), (1.0000001, 6.2177423e-7, -2.9802322e-8, -4.004687e-8), (0.49989983, -0.4999003, -0.500101, -0.5000988), (0.49989983, -0.4999003, -0.500101, -0.5000988), (0.49989983, -0.4999003, -0.500101, -0.5000988), (0.49989983, -0.4999003, -0.500101, -0.5000988)],
                1: [(1, 0.00007916851, -0.000031187257, -0.000026123067), (0.4617822, 0.5085396, 0.44509676, 0.5744854), (0.9992971, -0.002804918, -0.032713678, 0.018097641), (0.9989853, -0.035329223, 0.0014680548, 0.02789766), (0.9993815, -0.03477596, -0.0018585807, 0.004902742), (0.9968016, -0.06914893, 0.015587811, 0.036912505), (0.6984867, 0.0017117459, -0.71409744, -0.046675365), (0.9346808, -0.02520719, -0.30826572, 0.17523901), (0.69416064, -0.329245, -0.002220202, 0.6401048), (1.0000001, -7.8231096e-8, -4.4703484e-8, 0), (1.0000001, -7.8231096e-8, -4.4703484e-8, 0), (1.0000001, -7.8231096e-8, -4.4703484e-8, 0), (1.0000001, -7.8231096e-8, -4.4703484e-8, 0), (0.64068204, 0.75752014, 0.10603803, -0.06668106), (0.99638605, 0.015871607, 0.06327557, -0.05440449), (0.83016205, 0.008376598, 0.029466838, 0.55668116), (0.78961277, -0.021854095, -0.018726535, 0.6129315), (-0.687032, -0.023882098, 0.056987137, -0.7239965), (0.9990646, -0.024423249, 0.028756475, -0.021145603), (0.85620487, -0.018342972, -0.013050891, 0.5161466), (0.71830857, 0.027243927, -0.036697492, 0.69422257), (-0.8225625, -0.025218576, 0.050389, -0.565877), (1.0000007, -0.000011146069, 0.0000014603138, 0.0000023022294), (0.9977147, 0.0046151257, -0.040708024, 0.053737473), (0.89747226, -0.059462614, 0.15699938, 0.40787256), (-0.7002882, 0.012464076, -0.12743394, -0.70228404), (0.74022555, 0.03462124, 0.16014558, 0.65209055), (0.98899686, -0.14252308, -0.02691429, 0.029133072), (0.8756045, 0.09374683, 0.03498923, 0.47255152), (0.69778013, -0.0078898445, 0.0602668, 0.71372926), (-0.7397664, 0.00087191164, -0.06615174, -0.6696041), (0.8056748, 0.38228893, 0.45111024, -0.03526875), (0.98095906, 0.091713615, -0.07560775, 0.1535973), (0.95013535, 0.07272755, 0.01325798, 0.30295017), (0.9519132, -0.004531782, 0.0045592636, 0.30630216), (-0.00896097, -0.99643564, 0.0015210623, -0.08387324), (1.0000001, 2.9802326e-8, -1.4901163e-8, -3.7252907e-9), (1.0000001, 2.9802326e-8, -1.4901163e-8, -3.7252907e-9), (1.0000001, 2.9802326e-8, -1.4901163e-8, -3.7252907e-9), (0.9893149, 0.14433976, 0.007570339, 0.019109124), (0.9998322, 0.002137833, -0.00940254, 0.0155837005), (0.99978775, 0.0022503799, -0.015842587, 0.012985672), (0.9967284, 0.0062787435, -0.037794214, -0.07116812), (0.5113069, -0.48755798, -0.47603884, -0.5236786), (0.4761452, -0.52276766, -0.5115027, -0.48822635), (1.0000005, 2.2351742e-8, -1.4901161e-8, -1.3969839e-9), (0.5115032, -0.48822582, -0.47614482, -0.5227678), (1.0000001, 0, 7.858034e-9, 4.656613e-10), (0.5035661, -0.49561337, -0.504361, -0.49639556), (0.080869675, 0.7647859, 0.061682533, 0.63620615), (0.9791704, -0.008035347, -0.20260982, 0.010502879), (0.72974414, -0.07601579, -0.28459144, 0.61701125), (1, -7.450581e-9, -5.2154068e-8, -5.0291423e-8), (1, -7.450581e-9, -5.2154068e-8, -5.0291423e-8), (1, -7.450581e-9, -5.2154068e-8, -5.0291423e-8), (1, -7.450581e-9, -5.2154068e-8, -5.0291423e-8), (0.6453709, 0.7610643, -0.06344804, 0.015869506), (0.9968147, 0.0145671815, 0.06389584, -0.045448013), (0.79581213, -0.10661616, 0.09258291, 0.58885026), (0.789125, -0.02176524, -0.017689813, 0.61359215), (-0.69211936, -0.04226339, 0.07359963, -0.7167762), (0.99928284, -0.021034079, 0.028906928, -0.012482853), (0.8241036, -0.12368775, 0.0651603, 0.548916), (0.72095877, 0.027430613, -0.035440482, 0.69152737), (-0.8232725, -0.022633541, 0.049934976, -0.56499255), (1, 0.000011466444, 0, -1.192093e-7), (0.9863835, -0.11476447, -0.08702557, 0.07939375), (0.8905859, 0.012449555, 0.22183116, 0.39685342), (0.70093805, -0.013947437, 0.12589271, 0.70188487), (-0.7361493, -0.035246193, -0.16012271, -0.6566602), (0.98946595, -0.1370235, -0.027858118, 0.03749008), (0.877346, 0.049166057, 0.08792309, 0.46916497), (-0.6953092, 0.010015965, -0.06044468, -0.7160942), (0.7483113, -0.037735667, 0.09662479, 0.6551867), (0.8069771, 0.35810933, 0.46586835, -0.059266284), (0.98601097, 0.07991685, -0.05984091, 0.13347161), (0.96128935, 0.12608843, 0.034223724, 0.24259686), (0.9624186, -0.012050727, 0.005113401, 0.2712542), (0.99642724, -0.00883485, -0.08393892, -0.0030198395), (0.9999998, -7.450582e-9, 2.2351742e-8, 0), (0.9999998, -7.450582e-9, 2.2351742e-8, 0), (0.9999998, -7.450582e-9, 2.2351742e-8, 0), (0.4985935, -0.500652, -0.49934435, -0.5014059), (-0.16543017, -0.051385608, 0.005126559, 0.9848686), (0.98957616, -0.083716266, 0.013381512, 0.116411045), (0.013703847, 0.98088557, 0.19371688, 0.012212717), (0.0021881547, 0.5926325, 0.80545515, 0.0048469957), (0.99997836, 0.000013396616, 0.00003247711, 0.006520572), (0.99999917, 1.9604342e-7, -0.0000012516977, -0.0011720258), (0.5116747, -0.49582717, 0.5061641, 0.48594454), (0.9999988, 1.1571683e-7, 5.438924e-7, -0.001461897), (0.99960905, -0.027957872, 7.4505806e-7, -9.033829e-8), (0.99843675, -0.055893745, 0.0000019744039, 0), (0.9964124, -0.08463032, 0.0000023767352, 1.899898e-7), (1.0000002, 2.6915222e-7, 5.289912e-7, 2.9336661e-8), (1.0000002, 2.3748726e-8, 0.0000015199184, 4.656613e-10), (1.0000002, 6.7194924e-7, 0.0000013448298, 3.7252903e-9), (0.93662333, 0.012779563, -0.01880352, -0.34959984), (0.8904072, -0.0076269275, 0.0066771302, 0.45505196), (0.052947946, 0.9967776, -0.04296328, 0.042253114), (0.0007641218, 0.69154394, 0.72233033, 0.002386853), (0.99999225, -0.00003282633, 0.00006007404, 0.0039594485), (0.99999934, 1.2107193e-7, -0.0000012312084, -0.0011720005), (-0.49561295, -0.51150185, -0.48623282, 0.50627244), (0.99999887, 1.2075179e-7, 5.7742e-7, -0.0014618966), (0.99960923, -0.027957728, 3.7252903e-9, -5.5879354e-9), (0.9984367, -0.055893783, 7.450581e-9, 9.313226e-9), (0.99641246, -0.08463034, -3.3527613e-8, -5.2154064e-8), (1, 1.8870924e-7, -7.450581e-9, -3.4924597e-8), (1, 0, 0, 0), (1, 6.205519e-7, -3.7252903e-9, -3.585592e-8), (0.4998999, -0.49990043, -0.500101, -0.5000988), (0.4998999, -0.49990043, -0.500101, -0.5000988), (0.4998999, -0.49990043, -0.500101, -0.5000988), (0.4998999, -0.49990043, -0.500101, -0.5000988)],
                2: [(1, -0.000008192046, 0.00018909754, -0.000039296076), (0.46622854, 0.51080704, 0.440753, 0.57222724), (0.99933267, -0.01431792, -0.030891344, 0.013231151), (0.99883604, -0.040047657, 0.0082321465, 0.025589682), (0.9992051, -0.039630476, -0.0008959919, 0.004184209), (0.99448717, -0.09732939, 0.019382268, 0.03385608), (0.7189652, 0.014105082, -0.6948038, -0.0117165), (0.92916, -0.018018723, -0.31734055, 0.18876278), (0.6299058, -0.38078785, 0.047353685, 0.67526007), (0.9999994, -7.4505806e-8, -8.940697e-8, 2.2351742e-8), (0.9999994, -7.4505806e-8, -8.940697e-8, 2.2351742e-8), (0.9999994, -7.4505806e-8, -8.940697e-8, 2.2351742e-8), (0.9999994, -7.4505806e-8, -8.940697e-8, 2.2351742e-8), (0.6818006, 0.7192211, 0.12960601, 0.032720745), (0.9962619, 0.014227271, 0.06839648, -0.050806254), (0.8301587, 0.0084243715, 0.029435664, 0.5566853), (0.7896173, -0.021845818, -0.018733487, 0.612924), (-0.68702173, -0.023883328, 0.056963056, -0.7240064), (0.9989474, -0.025768489, 0.033776224, -0.017292857), (0.8562077, -0.018279642, -0.013071388, 0.5161421), (0.718306, 0.027215868, -0.03667316, 0.69422626), (-0.8225614, -0.0251984, 0.050402403, -0.5658767), (1, -0.000011205673, 0.0000014603138, 0.0000023245811), (0.99770665, 0.003929287, -0.035487413, 0.057500303), (0.8974687, -0.059436142, 0.15693949, 0.4079054), (-0.7003138, 0.012422949, -0.12744145, -0.7022567), (0.7402173, 0.03460884, 0.16016477, 0.6520945), (0.9888438, -0.14338443, -0.022328883, 0.033618033), (0.87560767, 0.09379381, 0.034956276, 0.47253734), (0.6977651, -0.0079191625, 0.060281187, 0.71374124), (-0.73977906, 0.00089624524, -0.06610659, -0.6695933), (0.8041329, 0.38532892, 0.45138276, -0.033846796), (0.982427, 0.08762134, -0.07169424, 0.14839011), (0.9501462, 0.072736114, 0.013265938, 0.30291232), (0.9519128, -0.004536167, 0.0045590103, 0.306302), (-0.008960951, -0.9964349, 0.0015210198, -0.08387313), (0.99999964, -2.9802322e-8, 0, 0), (0.99999964, -2.9802322e-8, 0, 0), (0.99999964, -2.9802322e-8, 0, 0), (0.9844097, 0.17446685, 0.021992952, 0.0038083047), (0.9986821, 0.005715281, -0.024274796, 0.044844456), (0.9986175, 0.0060596634, -0.030697837, 0.04222625), (0.99708927, 0.0176246, -0.059247814, -0.044620655), (0.5113065, -0.48755762, -0.4760385, -0.52367824), (0.47614494, -0.52276736, -0.5115024, -0.48822603), (0.9999999, 1.4901161e-8, -7.450581e-9, 0), (0.51150286, -0.48822555, -0.47614446, -0.5227675), (0.9999993, 0, 7.450581e-9, 9.313226e-10), (0.5035658, -0.49561304, -0.5043607, -0.49639523), (0.12352844, 0.75462174, 0.044525415, 0.6428869), (0.9827963, -0.0036962628, -0.18371254, -0.018614799), (0.74238956, -0.0036985874, -0.31413007, 0.59174776), (0.99999934, 1.4901161e-8, -2.9802322e-8, -4.4703484e-8), (0.99999934, 1.4901161e-8, -2.9802322e-8, -4.4703484e-8), (0.99999934, 1.4901161e-8, -2.9802322e-8, -4.4703484e-8), (0.99999934, 1.4901161e-8, -2.9802322e-8, -4.4703484e-8), (0.6948006, 0.71275, -0.07658297, 0.058086514), (0.99690795, 0.014442921, 0.06402239, -0.043204665), (0.79581547, -0.10657978, 0.09253451, 0.5888593), (0.7891258, -0.021781087, -0.017676132, 0.6135903), (-0.692119, -0.04224658, 0.07362342, -0.71677446), (0.9993061, -0.021076918, 0.028952539, -0.010225564), (0.8241151, -0.12365025, 0.06511262, 0.54891264), (0.72096026, 0.02741532, -0.03542593, 0.691527), (-0.8232716, -0.022618264, 0.049960047, -0.56499213), (0.99999976, 0.000011473894, 0, -1.7881393e-7), (0.9862132, -0.11453566, -0.08719842, 0.081617475), (0.8905939, 0.01248762, 0.22179247, 0.39685562), (0.7009418, -0.013965189, 0.12590057, 0.70187914), (-0.7361499, -0.035235107, -0.16010171, -0.6566654), (0.989385, -0.13693301, -0.02807656, 0.039725274), (0.8773498, 0.04919532, 0.08787349, 0.469164), (-0.6953087, 0.010010779, -0.060436357, -0.71609545), (0.7483133, -0.037731573, 0.09662637, 0.65518457), (0.8071526, 0.35670274, 0.46679366, -0.05806294), (0.98592556, 0.08006941, -0.059549123, 0.13413885), (0.96128464, 0.12609589, 0.03421834, 0.24261135), (0.9624186, -0.012050919, 0.0051113814, 0.27125365), (0.9964271, -0.008834869, -0.0839389, -0.0030198395), (0.99999917, 0, 0, 0), (0.99999917, 0, 0, 0), (0.99999917, 0, 0, 0), (0.49859327, -0.5006517, -0.4993441, -0.5014056), (-0.18410747, -0.03898717, 0.01978299, 0.9819333), (0.97422177, -0.09591863, 0.035955906, 0.20099397), (0.041527078, 0.9406537, 0.33680332, 0.003067404), (0.006627351, 0.80715084, 0.5903028, 0.0023447275), (0.99997854, 0.000026546419, -0.0000026375055, 0.0064815655), (0.99999905, 1.8626451e-7, -0.0000012516975, -0.0011720136), (0.51167464, -0.49582714, 0.5061641, 0.4859445), (0.9999989, 1.3783574e-7, 5.066395e-7, -0.0014619157), (0.9996091, -0.027957875, 7.1525574e-7, -8.940697e-8), (0.9984368, -0.05589377, 0.0000019669533, -7.450581e-9), (0.9964124, -0.08463032, 0.0000023543835, 1.937151e-7), (1, 2.644956e-7, 5.066395e-7, 4.4703484e-8), (1, 4.0978193e-8, 0.0000015199184, -3.7252903e-9), (1, 6.891787e-7, 0.0000013113022, 1.4901161e-8), (0.97171223, -0.0029138727, 0.0050690006, -0.23609616), (0.99967253, -0.002222728, 0.009584531, 0.023629975), (0.015354629, 0.99510527, -0.022363883, 0.09502593), (0.0065952837, 0.5856923, 0.8104235, 0.011621505), (0.9999968, -0.00013627484, -0.000074118376, 0.0025133044), (0.99999946, 1.0058284e-7, -0.0000012665987, -0.001171954), (-0.49561295, -0.5115018, -0.48623282, 0.50627244), (0.9999989, 1.2107193e-7, 5.662441e-7, -0.0014618523), (0.99960923, -0.027957762, -1.4901161e-8, 7.450581e-9), (0.9984368, -0.055893734, 1.4901161e-8, 0), (0.99641246, -0.084630385, -5.9604645e-8, -4.4703484e-8), (1.0000002, 1.7881393e-7, -2.9802322e-8, -5.9604645e-8), (1.0000002, 0, 0, 0), (1.0000002, 6.4633787e-7, 0, -4.8428774e-8), (0.4998999, -0.49990043, -0.500101, -0.5000989), (0.4998999, -0.49990043, -0.500101, -0.5000989), (0.4998999, -0.49990043, -0.500101, -0.5000989), (0.4998999, -0.49990043, -0.500101, -0.5000989)],
                3: [(1, 0.00015904308, -0.000042869637, -0.000005114324), (0.46515834, 0.51750475, 0.43956107, 0.56798124), (0.99938023, -0.019735644, -0.024392538, 0.015962295), (0.9989307, -0.038486116, 0.008053951, 0.024319924), (0.999266, -0.038106658, -0.001075238, 0.0037626997), (0.9951773, -0.09305135, 0.014447734, 0.027478471), (0.7279135, 0.022170454, -0.6852966, 0.0043669343), (0.92908806, -0.018158406, -0.32512918, 0.17537619), (0.6248089, -0.37565345, 0.042227536, 0.6831658), (1, -1.0430813e-7, -8.940697e-8, 2.2351742e-8), (1, -1.0430813e-7, -8.940697e-8, 2.2351742e-8), (1, -1.0430813e-7, -8.940697e-8, 2.2351742e-8), (1, -1.0430813e-7, -8.940697e-8, 2.2351742e-8), (0.6994954, 0.6992716, 0.13220984, 0.065166354), (0.99629575, 0.014533013, 0.06906739, -0.04913497), (0.83016086, 0.0083910525, 0.029438704, 0.55668384), (0.78962827, -0.021850616, -0.018704206, 0.612912), (-0.68699723, -0.023847014, 0.056976527, -0.72403127), (0.99896526, -0.025383502, 0.03436908, -0.015607476), (0.8562063, -0.018327266, -0.01307416, 0.516144), (0.7183189, 0.027237415, -0.036676824, 0.6942129), (-0.8225438, -0.02518943, 0.050386816, -0.5659056), (1.0000005, -0.000011146069, 0.0000014305115, 0.0000022649765), (0.99762964, 0.0044603646, -0.034890294, 0.05915031), (0.89747465, -0.059443593, 0.15695697, 0.40788558), (-0.70031404, 0.012442887, -0.12744142, -0.70225686), (0.7402121, 0.034624994, 0.16016132, 0.65210146), (0.9888655, -0.1428827, -0.021962345, 0.03533253), (0.8756069, 0.093761116, 0.034959078, 0.4725467), (0.6977737, -0.007911116, 0.06030476, 0.71373236), (-0.73977613, 0.00093483925, -0.06611544, -0.6695973), (0.8038546, 0.38504407, 0.45219633, -0.032841474), (0.9824924, 0.08747497, -0.07119067, 0.14829142), (0.95011544, 0.07270603, 0.013231084, 0.30302048), (0.95191276, -0.004534468, 0.0045540035, 0.30630445), (-0.008960944, -0.9964356, 0.0015210166, -0.08387318), (1.0000001, 0, -1.4901161e-8, 0), (1.0000001, 0, -1.4901161e-8, 0), (1.0000001, 0, -1.4901161e-8, 0), (0.98393154, 0.17277451, 0.039082497, 0.02237413), (0.9991063, 0.0041576326, -0.019434154, 0.037307303), (0.99905336, 0.0044359416, -0.025864244, 0.03469748), (0.9953534, 0.01155032, -0.07233884, -0.062490985), (0.51130676, -0.48755786, -0.4760387, -0.52367836), (0.47614515, -0.52276754, -0.5115026, -0.48822626), (1.0000004, 1.4901161e-8, -7.450581e-9, -9.313226e-10), (0.51150304, -0.48822573, -0.47614467, -0.52276766), (0.99999964, 0, 7.450581e-9, 4.656613e-10), (0.503566, -0.49561325, -0.50436085, -0.4963954), (0.14524442, 0.7451507, 0.033497363, 0.6500252), (0.9809079, -0.009630054, -0.19237486, -0.02681616), (0.7380478, 0.010053784, -0.33821824, 0.5837751), (1.0000001, 0, -2.9802322e-8, -4.4703484e-8), (1.0000001, 0, -2.9802322e-8, -4.4703484e-8), (1.0000001, 0, -2.9802322e-8, -4.4703484e-8), (1.0000001, 0, -2.9802322e-8, -4.4703484e-8), (0.7442432, 0.6617069, -0.05859539, 0.06937635), (0.9969866, 0.014523208, 0.063737005, -0.0417715), (0.79581594, -0.10655537, 0.092526495, 0.5888653), (0.78912574, -0.02178812, -0.017678602, 0.6135909), (-0.69211966, -0.042251647, 0.073616296, -0.71677494), (0.9993322, -0.020956606, 0.028612316, -0.008816272), (0.82411116, -0.12362966, 0.06510031, 0.54892516), (0.7209605, 0.027410805, -0.03543061, 0.6915271), (-0.82327276, -0.022623956, 0.049949497, -0.5649917), (1.0000002, 0.000011444092, 0, -1.1920929e-7), (0.98608696, -0.11428243, -0.08768189, 0.082972795), (0.89059854, 0.012511879, 0.22177896, 0.39685255), (0.70093966, -0.013966799, 0.12589698, 0.70188236), (-0.7361493, -0.03524445, -0.16011438, -0.65666306), (0.9893403, -0.13675189, -0.028585464, 0.04108551), (0.87734914, 0.04923314, 0.08786541, 0.4691636), (-0.6953073, 0.010045886, -0.060459238, -0.71609473), (0.7483152, -0.037747085, 0.096603125, 0.6551852), (0.8074008, 0.35605374, 0.46692443, -0.057546377), (0.98588085, 0.07993245, -0.059022397, 0.13478261), (0.9612811, 0.12609914, 0.034226865, 0.24262439), (0.9624188, -0.012052864, 0.005116135, 0.27125427), (0.9964274, -0.0088348985, -0.083938956, -0.0030198097), (0.99999994, 0, 0, 5.9604645e-8), (0.99999994, 0, 0, 5.9604645e-8), (0.99999994, 0, 0, 5.9604645e-8), (0.49859345, -0.500652, -0.4993443, -0.50140584), (-0.08795873, -0.001579633, 0.021206707, 0.9958972), (0.89374894, -0.07834642, 0.07192159, 0.43577763), (0.031213723, 0.9701766, 0.24027726, -0.007068455), (0.0117869675, 0.79122555, 0.6114014, 0.003378898), (0.9999936, -0.000020418316, 0.000032782555, 0.0034973845), (0.99999934, 1.899898e-7, -0.0000012516975, -0.0011720136), (0.5116747, -0.49582726, 0.50616413, 0.48594463), (0.99999905, 1.238659e-7, 5.364418e-7, -0.0014619026), (0.99960935, -0.027957877, 7.4505806e-7, -8.195639e-8), (0.9984369, -0.055893783, 0.000001937151, -1.1175871e-8), (0.99641263, -0.084630325, 0.0000023543835, 2.0116568e-7), (1.0000002, 2.5273766e-7, 5.5134296e-7, 5.5879354e-8), (1.0000002, 1.6530976e-8, 0.0000015199184, -1.4901161e-8), (1.0000002, 6.817281e-7, 0.0000013411045, 0), (0.9765427, -0.013225699, 0.0014408659, -0.21491264), (0.9988248, -0.00050047226, 0.02441603, 0.041865055), (-0.0036317185, 0.9975847, -0.0307658, 0.062170655), (0.0024135113, 0.6362454, 0.7714087, 0.010711402), (0.9999908, 0.000024234876, -0.00009146333, 0.004250832), (0.9999994, 1.09896064e-7, -0.000001244247, -0.001171954), (-0.495613, -0.51150185, -0.48623282, 0.50627244), (0.9999988, 8.195639e-8, 4.917383e-7, -0.0014618821), (0.9996091, -0.027957754, -2.2351742e-8, -7.450581e-9), (0.99843657, -0.055893756, 1.4901161e-8, 1.4901161e-8), (0.9964124, -0.084630325, -6.7055225e-8, -7.4505806e-8), (1, 1.7788261e-7, -3.7252903e-8, -7.4505806e-8), (1, 0, 0, 0), (1, 6.32368e-7, -7.450581e-9, -2.2351742e-8), (0.4998999, -0.49990043, -0.50010103, -0.5000988), (0.4998999, -0.49990043, -0.50010103, -0.5000988), (0.4998999, -0.49990043, -0.50010103, -0.5000988), (0.4998999, -0.49990043, -0.50010103, -0.5000988)],
                4: [(1, 0.00012229888, -0.00010564238, -0.00014844311), (0.4707452, 0.5204551, 0.43497995, 0.5641966), (0.99936855, -0.016126793, -0.01512, 0.027813554), (0.9988574, -0.035566565, 0.010051042, 0.030291278), (0.9993777, -0.034918647, -0.0027451217, 0.004101746), (0.99653447, -0.080889896, 0.008650616, 0.01733154), (0.73322344, 0.019711018, -0.6793524, 0.021773309), (0.9303553, -0.023015678, -0.34006295, 0.13514905), (0.6232711, -0.3572317, 0.00049984455, 0.6956416), (0.9999993, -8.940697e-8, -8.940697e-8, 1.4901161e-8), (0.9999993, -8.940697e-8, -8.940697e-8, 1.4901161e-8), (0.9999993, -8.940697e-8, -8.940697e-8, 1.4901161e-8), (0.9999993, -8.940697e-8, -8.940697e-8, 1.4901161e-8), (0.71789646, 0.67895424, 0.11717257, 0.09957665), (0.9963989, 0.015164375, 0.06884986, -0.047097355), (0.83015513, 0.008373022, 0.029445916, 0.5566908), (0.7896355, -0.02185288, -0.018697336, 0.6129012), (-0.6869699, -0.023838505, 0.05699238, -0.7240547), (0.9990221, -0.024695277, 0.034046263, -0.013605148), (0.8561962, -0.018339843, -0.013075143, 0.51615906), (0.71833396, 0.02724722, -0.03666392, 0.6941968), (-0.8225168, -0.025171697, 0.050392717, -0.56594425), (0.99999976, -0.000011175871, 0.0000014305115, 0.0000023543835), (0.9974957, 0.005257219, -0.035204023, 0.06111288), (0.8974786, -0.059473246, 0.1569661, 0.4078677), (-0.7002774, 0.012470454, -0.12739266, -0.7023006), (0.7402247, 0.03466198, 0.16013744, 0.6520897), (0.9888933, -0.1421054, -0.022554994, 0.03723651), (0.87559575, 0.0937525, 0.03495826, 0.47256687), (0.69778055, -0.007875234, 0.06033282, 0.71372205), (-0.73976517, 0.0009828806, -0.0661729, -0.669602), (0.8039702, 0.38454562, 0.45249015, -0.03175941), (0.98244476, 0.08743288, -0.07043055, 0.14898674), (0.95011437, 0.07270386, 0.013252735, 0.30301964), (0.9519105, -0.0045270026, 0.004555732, 0.3063084), (-0.008960936, -0.9964347, 0.0015210258, -0.083873115), (0.9999994, 0, -1.4901161e-8, 0), (0.9999994, 0, -1.4901161e-8, 0), (0.9999994, 0, -1.4901161e-8, 0), (0.9849369, 0.16253182, 0.05147232, 0.028853737), (0.99962866, 0.002340138, -0.011942789, 0.024364742), (0.99959064, 0.0025115535, -0.01838097, 0.021765286), (0.99372053, 0.003942756, -0.07693042, -0.081146255), (0.5113066, -0.48755768, -0.4760386, -0.5236783), (0.47614494, -0.5227674, -0.5115025, -0.48822615), (1, 2.2351742e-8, -7.450581e-9, -4.656613e-10), (0.5115029, -0.4882256, -0.47614452, -0.52276754), (0.9999994, 0, 7.916242e-9, 9.313226e-10), (0.50356585, -0.49561313, -0.50436074, -0.4963953), (0.1490213, 0.7492291, 0.027498662, 0.6447412), (0.97423816, -0.008901656, -0.22532974, -0.0024679005), (0.7392308, -0.020755798, -0.31551188, 0.5946075), (0.99999917, 2.9802322e-8, 0, -5.9604645e-8), (0.99999917, 2.9802322e-8, 0, -5.9604645e-8), (0.99999917, 2.9802322e-8, 0, -5.9604645e-8), (0.99999917, 2.9802322e-8, 0, -5.9604645e-8), (0.7751688, 0.6286818, -0.047503352, 0.040189028), (0.9970725, 0.014272094, 0.0625115, -0.041641444), (0.7958106, -0.106595755, 0.09255424, 0.5888592), (0.78913236, -0.021758586, -0.017723098, 0.6135807), (-0.69210756, -0.04233378, 0.073574096, -0.7167849), (0.9993607, -0.021238774, 0.027390748, -0.008715928), (0.82410264, -0.12367937, 0.06513098, 0.5489219), (0.72096664, 0.027440041, -0.03548533, 0.69151574), (-0.8232651, -0.022709608, 0.049899876, -0.56500256), (0.99999964, 0.000011444092, 0, -8.940697e-8), (0.98593587, -0.11465275, -0.088867724, 0.08298764), (0.8905908, 0.012448847, 0.22180358, 0.39685676), (0.7009387, -0.013929367, 0.12584186, 0.701893), (-0.73614264, -0.03532827, -0.1601567, -0.6566548), (0.9892594, -0.1370802, -0.029793084, 0.041063398), (0.8773507, 0.04921913, 0.087895095, 0.46915516), (-0.69530404, 0.010051012, -0.06053395, -0.7160908), (0.7483143, -0.037789226, 0.096598506, 0.6551838), (0.8080225, 0.35578197, 0.4660343, -0.057706416), (0.9858455, 0.07970789, -0.058838964, 0.13524821), (0.96128243, 0.12609561, 0.034224212, 0.24261782), (0.9624187, -0.012056313, 0.0051212907, 0.27125123), (0.9964268, -0.008834869, -0.0839389, -0.0030198693), (0.9999992, 0, 0, 0), (0.9999992, 0, 0, 0), (0.9999992, 0, 0, 0), (0.4985932, -0.50065166, -0.49934396, -0.5014054), (0.0053496584, 0.022974491, 0.011220217, 0.9996587), (0.7848147, -0.062602386, 0.08853343, 0.6101709), (0.009215571, 0.979584, 0.20023035, -0.0154185), (0.006077349, 0.7532363, 0.65771437, 0.0030976534), (0.9999959, 0.00006188266, 0.000072568655, 0.0027828738), (0.99999905, 1.8626451e-7, -0.0000012814999, -0.0011720292), (0.51167464, -0.49582714, 0.506164, 0.48594445), (0.9999989, 1.2619421e-7, 5.066395e-7, -0.0014619138), (0.99960923, -0.027957872, 7.1525574e-7, -8.009374e-8), (0.9984368, -0.055893786, 0.0000019967556, -1.4901161e-8), (0.9964125, -0.08463032, 0.0000023543835, 1.7881393e-7), (1.0000002, 2.7008355e-7, 5.438924e-7, 2.6077032e-8), (1.0000001, 5.5879354e-9, 0.0000015199184, -3.7252903e-9), (1.0000001, 6.724149e-7, 0.0000013411045, -1.1175871e-8), (0.9684184, -0.009514807, 0.0049044974, -0.24910055), (0.96801746, -0.0005490761, 0.026862783, 0.24944021), (0.013677504, 0.9940332, -0.09562576, 0.05066517), (-0.0012658238, 0.7258639, 0.687835, 0.0019288361), (0.999982, 0.00011044368, -0.00007134676, 0.006026821), (0.9999996, 1.17346644e-7, -0.0000012479722, -0.0011719838), (-0.49561304, -0.5115019, -0.48623288, 0.50627255), (0.9999989, 1.4156103e-7, 5.5134296e-7, -0.0014618523), (0.99960923, -0.027957749, 1.4901161e-8, -1.8626451e-8), (0.9984367, -0.055893753, -7.450581e-9, 0), (0.9964124, -0.084630325, -7.4505806e-8, -7.4505806e-8), (1, 1.7834827e-7, -2.9802322e-8, -6.7055225e-8), (1, 0, 0, 0), (1, 6.495975e-7, 0, -3.7252903e-8), (0.4998998, -0.49990034, -0.500101, -0.50009876), (0.4998998, -0.49990034, -0.500101, -0.50009876), (0.4998998, -0.49990034, -0.500101, -0.50009876), (0.4998998, -0.49990034, -0.500101, -0.50009876)],
                5: [(0.99999994, 0.00015399461, -0.00028669133, -0.000054301872), (0.4815309, 0.5172907, 0.43527797, 0.5577377), (0.99908507, -0.0045957193, -0.011760667, 0.040857323), (0.9988783, -0.024536157, 0.01083076, 0.039018072), (0.9996976, -0.023739843, -0.001450941, 0.00621441), (0.9983953, -0.053936396, 0.008795366, 0.014828831), (0.72793, 0.022394955, -0.6845164, 0.032452285), (0.92897075, -0.012275964, -0.34769753, 0.12636659), (0.6289524, -0.3544123, -0.04479918, 0.6905093), (0.9999995, -8.940697e-8, -5.9604645e-8, 7.450581e-9), (0.9999995, -8.940697e-8, -5.9604645e-8, 7.450581e-9), (0.9999995, -8.940697e-8, -5.9604645e-8, 7.450581e-9), (0.9999995, -8.940697e-8, -5.9604645e-8, 7.450581e-9), (0.7155142, 0.6847647, 0.10960308, 0.08440134), (0.99655247, 0.01601386, 0.06691861, -0.04635465), (0.8301622, 0.008356839, 0.029427826, 0.55668247), (0.78963345, -0.021855742, -0.018684402, 0.61290514), (-0.68698734, -0.023823738, 0.056991518, -0.7240396), (0.99911666, -0.023879617, 0.032056063, -0.012962759), (0.8562073, -0.018379927, -0.013082683, 0.51613975), (0.7183213, 0.027246952, -0.036696926, 0.69420874), (-0.82254016, -0.025200278, 0.05038148, -0.5659107), (1, -0.000011146069, 0.0000014901161, 0.0000022947788), (0.9973777, 0.0059597194, -0.037240416, 0.061768264), (0.8974879, -0.059453428, 0.15694651, 0.40785855), (-0.7003089, 0.0124435425, -0.12745658, -0.7022587), (0.74021167, 0.034626156, 0.1601663, 0.65209985), (0.9889364, -0.1413646, -0.024643272, 0.037594557), (0.8756111, 0.09372541, 0.034949303, 0.47254518), (0.69777787, -0.007906973, 0.06031093, 0.71372676), (-0.7397739, 0.0009444952, -0.0661127, -0.6695989), (0.80481565, 0.38411173, 0.4513498, -0.031834275), (0.9822161, 0.08764618, -0.06965549, 0.15072478), (0.95010877, 0.072702944, 0.013257712, 0.30303848), (0.95191306, -0.004531868, 0.004550606, 0.3063016), (-0.00896094, -0.9964349, 0.0015209981, -0.08387313), (0.9999997, 0, 0, 0), (0.9999997, 0, 0, 0), (0.9999997, 0, 0, 0), (0.99250746, 0.11936362, 0.02198933, 0.014036678), (0.9999975, 0.00007675588, -0.0009507537, 0.001810452), (0.99997187, 0.00007323548, -0.00739716, -0.00077423267), (0.9953309, -0.00809229, -0.040430583, -0.087265894), (0.5113066, -0.4875577, -0.47603858, -0.5236783), (0.47614503, -0.5227674, -0.51150244, -0.48822612), (1, 2.2351742e-8, -7.450581e-9, -4.656613e-10), (0.51150286, -0.4882256, -0.47614455, -0.52276754), (0.9999994, 0, 7.450581e-9, 4.656613e-10), (0.5035659, -0.49561313, -0.50436074, -0.49639532), (0.14543575, 0.75880533, 0.024524659, 0.6343978), (0.9728776, -0.018182456, -0.22981429, 0.01904589), (0.7343004, -0.051888585, -0.31215063, 0.60055935), (0.9999994, 1.4901161e-8, -5.9604645e-8, -4.4703484e-8), (0.9999994, 1.4901161e-8, -5.9604645e-8, -4.4703484e-8), (0.9999994, 1.4901161e-8, -5.9604645e-8, -4.4703484e-8), (0.9999994, 1.4901161e-8, -5.9604645e-8, -4.4703484e-8), (0.7763362, 0.62641066, -0.06695515, -0.020689696), (0.9971875, 0.01645106, 0.059801906, -0.042063624), (0.7958156, -0.10659492, 0.09256333, 0.5888519), (0.78912395, -0.021764904, -0.017671771, 0.6135938), (-0.69211984, -0.042247117, 0.07361621, -0.71677464), (0.9994693, -0.019171864, 0.02462545, -0.009310156), (0.82410765, -0.12366721, 0.065142184, 0.5489163), (0.72095656, 0.02742979, -0.035423122, 0.69153017), (-0.82327235, -0.02261892, 0.049954087, -0.56499124), (0.99999964, 0.000011473894, 0, -8.940697e-8), (0.9859623, -0.11294186, -0.09172529, 0.08190462), (0.8905901, 0.012466848, 0.22181311, 0.39685252), (0.70093536, -0.013947904, 0.12590462, 0.7018844), (-0.73615074, -0.035236463, -0.16010725, -0.65666187), (0.9894724, -0.13520667, -0.032565087, 0.040028453), (0.8773463, 0.049177825, 0.087899745, 0.46916708), (-0.6953092, 0.009987593, -0.060443778, -0.71609426), (0.7483105, -0.03773573, 0.09664023, 0.65518486), (0.80889446, 0.3569013, 0.46370345, -0.05735433), (0.9856697, 0.08025402, -0.05821526, 0.1364711), (0.96128297, 0.12608513, 0.03424424, 0.24261749), (0.9624182, -0.012051165, 0.005111456, 0.2712527), (0.9964268, -0.008834839, -0.0839389, -0.0030198097), (0.99999917, 0, 0, 0), (0.99999917, 0, 0, 0), (0.99999917, 0, 0, 0), (0.49859324, -0.5006517, -0.49934405, -0.50140554), (0.13827978, 0.053653836, -0.008476764, 0.9889024), (0.6237894, -0.026269123, 0.09218916, 0.77569175), (-0.015245989, 0.97793305, 0.20778172, -0.015520215), (0.00015991926, 0.7077561, 0.7064561, 0.00058189034), (0.9999944, 0.00006000232, -0.00010611117, 0.0032010712), (0.99999917, 1.7695129e-7, -0.0000012516975, -0.0011720061), (0.5116746, -0.49582714, 0.5061641, 0.4859445), (0.9999988, 1.2479722e-7, 5.066395e-7, -0.0014619124), (0.9996091, -0.02795787, 7.4505806e-7, -8.288771e-8), (0.9984368, -0.055893768, 0.0000019669533, -7.450581e-9), (0.9964124, -0.08463031, 0.0000023543835, 1.7881393e-7), (1.0000001, 2.4214387e-7, 5.736947e-7, -1.8626451e-8), (1, -1.1175871e-8, 0.0000014677644, 7.450581e-9), (1.0000001, 6.7427754e-7, 0.0000013783574, 0), (0.96947193, -0.0024388968, -0.0041226, -0.24515498), (0.91039824, 0.004467979, 0.03500074, 0.41222525), (0.018223941, 0.9679933, -0.24838808, 0.030981004), (0.00026103854, 0.7222226, 0.69166034, -0.0001039505), (0.9999901, 0.000021412037, 0.000003516674, 0.0043942174), (0.99999905, 1.0523945e-7, -0.0000012549572, -0.0011719875), (-0.4956128, -0.5115016, -0.48623264, 0.5062722), (0.9999987, 1.17346644e-7, 5.5134296e-7, -0.0014619026), (0.999609, -0.027957756, -1.4901161e-8, -7.450581e-9), (0.99843645, -0.05589374, -4.4703484e-8, 7.450581e-9), (0.99641216, -0.08463034, -1.4901161e-8, -7.4505806e-8), (0.99999976, 1.7881393e-7, -2.9802322e-8, -8.568168e-8), (0.99999976, 0, 0, 0), (0.99999976, 6.0908496e-7, -1.4901161e-8, -1.1175871e-8), (0.4998998, -0.49990034, -0.5001009, -0.50009876), (0.4998998, -0.49990034, -0.5001009, -0.50009876), (0.4998998, -0.49990034, -0.5001009, -0.50009876), (0.4998998, -0.49990034, -0.5001009, -0.50009876)],
                6: [(1, 0.000057252146, -0.00009499233, -0.0000092030605), (0.48133743, 0.5156836, 0.44953758, 0.547997), (0.9988718, 0.0023367414, -0.011300348, 0.046066545), (0.998925, -0.007878289, 0.0052170455, 0.045384433), (0.99993026, -0.0074784383, -0.0010204166, 0.009098012), (0.9994801, -0.024889357, -0.00056891143, 0.020495184), (0.704023, 0.0561544, -0.7073912, 0.028218605), (0.93381476, -0.03320253, -0.3367805, 0.11604607), (0.66437864, -0.29205993, -0.13767453, 0.6740533), (0.99999994, -9.685755e-8, 2.9802322e-8, 0), (0.99999994, -9.685755e-8, 2.9802322e-8, 0), (0.99999994, -9.685755e-8, 2.9802322e-8, 0), (0.99999994, -9.685755e-8, 2.9802322e-8, 0), (0.68944556, 0.7173941, 0.07017645, 0.07131761), (0.99664766, 0.016792774, 0.06591493, -0.045467854), (0.8301679, 0.008351892, 0.02945295, 0.5566727), (0.7896342, -0.021858335, -0.018696249, 0.61290354), (-0.68698645, -0.023839623, 0.05699277, -0.7240396), (0.9991791, -0.023106396, 0.030990362, -0.012141794), (0.8562127, -0.018369645, -0.013057381, 0.5161322), (0.71832395, 0.027236015, -0.03667125, 0.6942079), (-0.8225385, -0.025184482, 0.050395876, -0.5659125), (1.0000005, -0.000011116266, 0.0000014305115, 0.0000023245811), (0.9972824, 0.0067252517, -0.038335294, 0.06255889), (0.8974785, -0.059485555, 0.1569741, 0.40786457), (-0.7003225, 0.0124280155, -0.12743808, -0.7022494), (0.74020743, 0.03462711, 0.1601744, 0.65210354), (0.9889902, -0.14060307, -0.025835276, 0.03823793), (0.87561333, 0.093728304, 0.034980148, 0.4725386), (0.6977768, -0.007921904, 0.060323685, 0.7137265), (-0.73977435, 0.00095531344, -0.066093355, -0.66960025), (0.80511606, 0.38434076, 0.45068747, -0.03085345), (0.9822023, 0.08761346, -0.069259405, 0.15101808), (0.950116, 0.072695754, 0.013236821, 0.30301934), (0.9519135, -0.0045341216, 0.0045508742, 0.30630097), (-0.008961003, -0.9964354, 0.0015210608, -0.08387322), (1, -2.9802322e-8, 5.122274e-9, 0), (1, -2.9802322e-8, 5.122274e-9, 0), (1, -2.9802322e-8, 5.122274e-9, 0), (0.9975829, 0.057154834, 0.03952168, -0.00016056746), (1.0000001, -0.00009752065, 0.0002926439, 0.00015577395), (0.9999783, -0.000110812485, -0.006154254, -0.0024279393), (0.996371, -0.017925585, -0.037616864, -0.07422231), (0.51130694, -0.487558, -0.47603893, -0.52367866), (0.47614533, -0.5227678, -0.51150274, -0.48822638), (1.0000006, 1.4901161e-8, -1.4901161e-8, -7.566996e-10), (0.5115033, -0.4882259, -0.47614482, -0.5227679), (1.0000001, 0, 7.479684e-9, 6.9849193e-10), (0.50356615, -0.4956134, -0.50436103, -0.49639568), (0.13179147, 0.7693033, 0.022662967, 0.62473184), (0.96600115, -0.023930669, -0.24956094, 0.06315339), (0.75430965, -0.10318403, -0.25751123, 0.5950276), (0.9999998, 1.4901161e-8, -2.9802322e-8, -4.4703484e-8), (0.9999998, 1.4901161e-8, -2.9802322e-8, -4.4703484e-8), (0.9999998, 1.4901161e-8, -2.9802322e-8, -4.4703484e-8), (0.9999998, 1.4901161e-8, -2.9802322e-8, -4.4703484e-8), (0.7478127, 0.655707, -0.07538667, -0.071703106), (0.99715936, 0.016671926, 0.058238298, -0.04475811), (0.795818, -0.10662812, 0.09256983, 0.58884186), (0.78912586, -0.021779597, -0.017691005, 0.6135903), (-0.6921176, -0.042268902, 0.07362184, -0.7167752), (0.9994767, -0.01909542, 0.023156017, -0.012061954), (0.82411027, -0.123701125, 0.065151304, 0.5489036), (0.72095937, 0.027414083, -0.035441432, 0.6915269), (-0.8232708, -0.022640884, 0.049958467, -0.5649921), (1, 0.000011473894, 0, -1.1920929e-7), (0.98604035, -0.1133202, -0.09292054, 0.07904878), (0.89059305, 0.012437105, 0.22182864, 0.39683867), (0.70093685, -0.013965279, 0.1258887, 0.70188606), (-0.7361514, -0.035253704, -0.16010004, -0.65666294), (0.9895266, -0.13536146, -0.033701718, 0.03712955), (0.87735534, 0.049152106, 0.087902844, 0.46915305), (-0.69531006, 0.009995699, -0.060449325, -0.71609354), (0.74831045, -0.03773871, 0.096637696, 0.6551859), (0.80925786, 0.35784268, 0.46221405, -0.058382154), (0.9855796, 0.08069962, -0.059171617, 0.1364511), (0.9612862, 0.12608194, 0.034228683, 0.2426111), (0.96241874, -0.012051195, 0.005112201, 0.27125314), (0.9964272, -0.0088348985, -0.08393893, -0.00301978), (0.99999976, 0, 0, -1.4901161e-8), (0.99999976, 0, 0, -1.4901161e-8), (0.99999976, 0, 0, -1.4901161e-8), (0.49859348, -0.50065196, -0.4993443, -0.50140584), (0.25734687, 0.05656628, -0.019511402, 0.9644647), (0.6096713, -0.010044292, 0.06902872, 0.789579), (-0.02971021, 0.974968, 0.21824759, -0.030373603), (0.0000679791, 0.7055685, 0.7086413, 0.00034704804), (0.9999933, -7.5250864e-7, -0.000036478043, 0.003557831), (0.99999917, 1.937151e-7, -0.0000012814999, -0.001172021), (0.51167464, -0.49582717, 0.5061641, 0.48594457), (0.99999887, 1.2642704e-7, 5.364418e-7, -0.0014619129), (0.9996092, -0.027957875, 7.4505806e-7, -8.195639e-8), (0.9984368, -0.05589378, 0.0000019967556, -1.1175871e-8), (0.99641246, -0.084630325, 0.0000023543835, 1.7881393e-7), (1.0000001, 2.6077032e-7, 5.662441e-7, 3.9115548e-8), (1.0000001, 1.4901161e-8, 0.0000014603138, 9.313226e-9), (1, 6.817281e-7, 0.0000013560057, 9.313226e-9), (0.9927848, 0.0034370772, -0.013365965, -0.119113445), (0.9311505, -0.006117204, 0.036522456, 0.36274996), (0.008518457, 0.95455027, -0.29650444, 0.029094279), (-0.00020447373, 0.7139426, 0.7002042, 0.00040844083), (0.99999046, 8.1956387e-7, 0.000015497208, 0.0043488517), (0.99999934, 1.3876706e-7, -0.0000012237579, -0.0011719316), (-0.49561292, -0.5115018, -0.48623276, 0.5062723), (0.9999989, 1.4901161e-7, 5.662441e-7, -0.0014618952), (0.99960923, -0.027957756, 2.9802322e-8, -3.3527613e-8), (0.9984368, -0.05589378, 2.9802322e-8, -1.1175871e-8), (0.9964124, -0.08463034, -2.9802322e-8, -6.7055225e-8), (1, 1.7974526e-7, -4.0978193e-8, -5.401671e-8), (1, 0, 0, 0), (1, 6.4633787e-7, -1.4901161e-8, -2.4214387e-8), (0.4998998, -0.49990043, -0.50010103, -0.5000989), (0.4998998, -0.49990043, -0.50010103, -0.5000989), (0.4998998, -0.49990043, -0.50010103, -0.5000989), (0.4998998, -0.49990043, -0.50010103, -0.5000989)],
                7: [(1, 0.000046722085, -0.000053516836, -0.000053688967), (0.4680891, 0.51659447, 0.46496287, 0.54574007), (0.99900603, 0.011162155, -0.016650215, 0.0398098), (0.9990526, 0.0127020255, 0.000037528574, 0.041617762), (0.99987423, 0.012604872, 0.0012167096, 0.009504146), (0.99943554, 0.011763426, -0.011377022, 0.029327452), (0.65026104, 0.081728935, -0.7550595, -0.019110132), (0.9581951, -0.01523748, -0.27681622, 0.07072648), (0.70639527, -0.16535117, -0.2144944, 0.65395457), (0.99999976, -1.0430813e-7, 2.9802322e-8, 0), (0.99999976, -1.0430813e-7, 2.9802322e-8, 0), (0.99999976, -1.0430813e-7, 2.9802322e-8, 0), (0.99999976, -1.0430813e-7, 2.9802322e-8, 0), (0.6588523, 0.75059557, 0.034922093, 0.036060393), (0.9965955, 0.01658699, 0.065399855, -0.04738295), (0.8301823, 0.0083731115, 0.029469699, 0.5566499), (0.78962666, -0.021856308, -0.01870571, 0.61291337), (-0.6870016, -0.023850799, 0.056987077, -0.7240257), (0.9991603, -0.023393065, 0.030562967, -0.014068902), (0.8562261, -0.018352866, -0.0130393505, 0.5161114), (0.71831614, 0.027242512, -0.0366811, 0.6942156), (-0.822549, -0.025193721, 0.05038643, -0.56589806), (1.0000001, -0.000011175871, 0.0000014305115, 0.0000023245811), (0.99738395, 0.006275326, -0.038794488, 0.06066999), (0.8974836, -0.059465796, 0.15700427, 0.4078437), (-0.7003186, 0.012440622, -0.12744173, -0.70225155), (0.7402085, 0.034620255, 0.16016737, 0.6521033), (0.9889996, -0.14101678, -0.026015818, 0.036296517), (0.8756209, 0.093744695, 0.035003603, 0.47251981), (0.6977771, -0.007915378, 0.060304016, 0.7137283), (-0.73977417, 0.0009288788, -0.06610617, -0.66959935), (0.80515945, 0.38532874, 0.44974375, -0.031160146), (0.98229927, 0.087576985, -0.070087254, 0.1500222), (0.9501236, 0.07270315, 0.013221562, 0.30299363), (0.95191354, -0.0045343977, 0.0045528263, 0.3063006), (-0.008960929, -0.99643517, 0.0015210643, -0.08387321), (0.9999999, 0, 1.4901161e-8, -1.8626451e-8), (0.9999999, 0, 1.4901161e-8, -1.8626451e-8), (0.9999999, 0, 1.4901161e-8, -1.8626451e-8), (0.99919, -0.026122116, 0.028279305, 0.011678959), (0.9999995, 0.00015466753, 0.00040268898, 0.000028070062), (0.999978, 0.00014062319, -0.0060434937, -0.0025571398), (0.99682283, -0.021266012, -0.008754477, -0.07625129), (0.5113065, -0.48755768, -0.4760385, -0.52367824), (0.47614494, -0.52276736, -0.51150244, -0.48822603), (0.99999994, 1.4901161e-8, -1.1175871e-8, -1.1641532e-9), (0.51150286, -0.4882255, -0.47614446, -0.5227675), (0.9999992, 0, 9.313226e-9, 4.656613e-10), (0.5035658, -0.49561304, -0.5043607, -0.4963952), (0.105409116, 0.7560984, 0.019132584, 0.6456289), (0.9511066, -0.02721423, -0.28634912, 0.11250912), (0.77570164, -0.18370134, -0.17269875, 0.5785452), (0.99999917, 0, -5.9604645e-8, -4.4703484e-8), (0.99999917, 0, -5.9604645e-8, -4.4703484e-8), (0.99999917, 0, -5.9604645e-8, -4.4703484e-8), (0.99999917, 0, -5.9604645e-8, -4.4703484e-8), (0.69970787, 0.70641637, -0.018586338, -0.10506266), (0.9969486, 0.016021758, 0.058609754, -0.048995107), (0.7958144, -0.106627464, 0.0925751, 0.5888452), (0.7891239, -0.021774948, -0.017684955, 0.61359215), (-0.692119, -0.04225549, 0.07361409, -0.71677434), (0.99938834, -0.01987943, 0.023707867, -0.016261786), (0.82410586, -0.1237002, 0.065154105, 0.5489093), (0.7209576, 0.027420372, -0.035435345, 0.6915282), (-0.823272, -0.022626132, 0.04995051, -0.5649908), (0.9999994, 0.000011503696, 0, -1.1920929e-7), (0.9863075, -0.11453533, -0.09189898, 0.075051606), (0.8905896, 0.0124385655, 0.22182807, 0.39684588), (0.70093757, -0.013957202, 0.1258933, 0.70188427), (-0.7361499, -0.035244197, -0.16011131, -0.65666175), (0.9895699, -0.13635156, -0.03262362, 0.033076137), (0.8773501, 0.04914984, 0.08791086, 0.46916002), (-0.69530934, 0.010006815, -0.06043631, -0.7160941), (0.7483102, -0.037730545, 0.09663057, 0.6551865), (0.80809915, 0.35592037, 0.46563298, -0.05900088), (0.9848683, 0.08395526, -0.064787954, 0.13706523), (0.96128726, 0.12608367, 0.034238517, 0.2426019), (0.9624186, -0.012049569, 0.0051148534, 0.27125123), (0.9964267, -0.0088348985, -0.08393887, -0.0030198097), (0.999999, 0, -3.7252903e-9, 1.1175871e-8), (0.999999, 0, -3.7252903e-9, 1.1175871e-8), (0.999999, 0, -3.7252903e-9, 1.1175871e-8), (0.49859315, -0.50065166, -0.499344, -0.5014055), (0.3382937, 0.031892706, -0.025337398, 0.94015855), (0.6577878, -0.014153184, 0.03766629, 0.7521275), (-0.0386486, 0.98472404, 0.16321062, -0.0467602), (0.00016409159, 0.7062855, 0.70792663, -0.000046789646), (0.99999225, -0.000003259629, -0.00006726384, 0.0038243309), (0.99999905, 1.8626451e-7, -0.0000012516975, -0.0011720136), (0.5116746, -0.49582702, 0.50616395, 0.48594448), (0.9999987, 1.1920929e-7, 5.364418e-7, -0.0014618989), (0.9996089, -0.027957872, 7.1525574e-7, -8.940697e-8), (0.99843657, -0.055893753, 0.0000019669533, 0), (0.99641216, -0.08463031, 0.0000023543835, 1.7881393e-7), (1, 2.719462e-7, 5.9604645e-7, 3.632158e-8), (1, 1.8626451e-8, 0.0000015199184, 1.2572855e-8), (1, 6.7800283e-7, 0.0000013113022, 1.5832484e-8), (0.9978365, 0.010329588, -0.008157045, 0.06441431), (0.9822184, -0.032836374, 0.02051209, 0.18370682), (-0.0029392838, 0.97039473, -0.23998515, 0.027073294), (-0.004456699, 0.67439884, 0.7383534, -0.00084504485), (0.99999046, 0.0000032316893, 0.000024676323, 0.0043287994), (0.9999994, 1.1827797e-7, -0.000001244247, -0.001171954), (-0.495613, -0.5115019, -0.4862328, 0.50627244), (0.9999989, 9.9651515e-8, 6.2584877e-7, -0.0014618803), (0.99960923, -0.027957745, 0, -1.8626451e-8), (0.99843675, -0.05589375, 0, -1.4901161e-8), (0.99641246, -0.084630325, -1.1920929e-7, -8.195639e-8), (1, 1.6298145e-7, -1.0430813e-7, -5.797483e-8), (1, 0, 0, 0), (1, 6.421469e-7, 0, -4.726462e-8), (0.49989983, -0.49990034, -0.5001009, -0.5000988), (0.49989983, -0.49990034, -0.5001009, -0.5000988), (0.49989983, -0.49990034, -0.5001009, -0.5000988), (0.49989983, -0.49990034, -0.5001009, -0.5000988)],
                8: [(1, 0.00007152005, 0.000007011309, 0.000022114877), (0.45020756, 0.53049105, 0.47672567, 0.53723824), (0.99943995, 0.011217706, -0.015192218, 0.027624521), (0.9989191, 0.029339371, 0.004112333, 0.035819307), (0.99953246, 0.029299084, 0.0012423545, 0.008668993), (0.9974463, 0.051955376, -0.020452023, 0.04453408), (0.62275016, 0.07348651, -0.7768818, -0.05688712), (0.96319723, -0.00004580617, -0.26706982, 0.030401126), (0.74148905, -0.033811867, -0.23912776, 0.62599397), (0.99999976, -1.0430813e-7, 0, -1.4901161e-8), (0.99999976, -1.0430813e-7, 0, -1.4901161e-8), (0.99999976, -1.0430813e-7, 0, -1.4901161e-8), (0.99999976, -1.0430813e-7, 0, -1.4901161e-8), (0.64494354, 0.76406, 0.010189384, -0.012500048), (0.99660766, 0.016882151, 0.063328356, -0.04977742), (0.83018094, 0.008372575, 0.029462278, 0.5566523), (0.7896293, -0.021854728, -0.018698886, 0.6129099), (-0.6869941, -0.023842305, 0.05698234, -0.7240329), (0.99918395, -0.023250192, 0.028583735, -0.01655373), (0.8562242, -0.018358141, -0.013049692, 0.5161132), (0.7183177, 0.027251005, -0.036683463, 0.69421273), (-0.82254446, -0.025192618, 0.05037433, -0.56590456), (1.0000001, -0.000011175871, 0.0000014305115, 0.0000023245811), (0.9974475, 0.006095022, -0.04085058, 0.05824694), (0.8974836, -0.059458762, 0.15700231, 0.40784562), (-0.7003168, 0.012449175, -0.12745011, -0.70225215), (0.7402112, 0.034618437, 0.16016293, 0.6521023), (0.9890355, -0.14111581, -0.027688831, 0.033592492), (0.8756195, 0.09374267, 0.034991115, 0.47252357), (0.6977782, -0.007908523, 0.060309615, 0.71372676), (-0.73977315, 0.000937134, -0.06611401, -0.6695999), (0.8058549, 0.3858188, 0.44802377, -0.03189066), (0.9821264, 0.08818606, -0.071053684, 0.15034354), (0.9501197, 0.0727028, 0.013225228, 0.3030061), (0.95191324, -0.0045344904, 0.004553139, 0.30630085), (-0.008960934, -0.99643517, 0.001521044, -0.08387315), (0.9999998, 0, 0, -1.4901161e-8), (0.9999998, 0, 0, -1.4901161e-8), (0.9999998, 0, 0, -1.4901161e-8), (0.99385893, -0.1072256, 0.010489583, 0.025232598), (0.99999964, -0.000075264834, 0.00030854344, -0.000011976808), (0.9999776, -0.0000892207, -0.00613825, -0.002595611), (0.9961866, -0.021270463, 0.024338022, -0.08103454), (0.5113065, -0.48755768, -0.47603852, -0.52367824), (0.47614494, -0.52276736, -0.51150244, -0.48822606), (0.99999994, 2.2351742e-8, -1.1175871e-8, -1.3969839e-9), (0.51150286, -0.48822552, -0.4761445, -0.5227675), (0.9999993, 0, 7.450581e-9, 9.313226e-10), (0.5035658, -0.49561307, -0.50436074, -0.49639523), (0.084265485, 0.7395412, 0.005735576, 0.6677911), (0.94150466, -0.032104373, -0.29860738, 0.15287724), (0.75537133, -0.27295727, -0.07771999, 0.5906502), (0.9999997, 0, -5.9604645e-8, -4.4703484e-8), (0.9999997, 0, -5.9604645e-8, -4.4703484e-8), (0.9999997, 0, -5.9604645e-8, -4.4703484e-8), (0.9999997, 0, -5.9604645e-8, -4.4703484e-8), (0.64196223, 0.7533331, 0.078848004, -0.11898142), (0.9965739, 0.01476112, 0.061039567, -0.053821564), (0.7958168, -0.106636494, 0.09256858, 0.5888425), (0.7891257, -0.021766186, -0.017678196, 0.6135914), (-0.6921194, -0.042248935, 0.073610395, -0.7167755), (0.9992075, -0.021222472, 0.026360363, -0.02095732), (0.8241084, -0.123710066, 0.06514871, 0.5489055), (0.7209592, 0.027428776, -0.03542963, 0.69152784), (-0.8232723, -0.022620022, 0.04994753, -0.5649924), (0.99999994, 0.000011503696, -2.9802322e-8, -1.4901161e-7), (0.98672247, -0.116167665, -0.08870247, 0.070822686), (0.89059246, 0.012427449, 0.22182205, 0.3968441), (0.7009386, -0.013948023, 0.12589891, 0.70188284), (-0.73615074, -0.035238564, -0.16011477, -0.65666074), (0.9896027, -0.13781705, -0.029376477, 0.028807104), (0.87735426, 0.049138576, 0.087904155, 0.4691559), (-0.6953101, 0.0099927485, -0.0604398, -0.71609384), (0.7483104, -0.03773403, 0.09664008, 0.6551851), (0.80675924, 0.35539082, 0.46776795, -0.06348057), (0.9845347, 0.085267514, -0.06677464, 0.13770081), (0.9612856, 0.12608357, 0.034219146, 0.24261343), (0.96241903, -0.012050688, 0.005111754, 0.27125198), (0.99642724, -0.008834839, -0.083938956, -0.0030198395), (0.9999995, -2.9802322e-8, 0, 1.4901161e-8), (0.9999995, -2.9802322e-8, 0, 1.4901161e-8), (0.9999995, -2.9802322e-8, 0, 1.4901161e-8), (0.49859342, -0.5006519, -0.4993442, -0.5014058), (0.37209868, 0.006570348, -0.01721996, 0.92801005), (0.742857, -0.014295807, 0.013059996, 0.6691698), (-0.024740387, 0.995782, 0.061190132, -0.06372869), (0.00026994944, 0.7081464, 0.7060648, -0.00018596649), (0.99999046, -0.0000027008355, -0.00006642938, 0.004194349), (0.9999989, 2.0489097e-7, -0.0000012218952, -0.001171997), (0.5116745, -0.49582705, 0.50616395, 0.48594445), (0.9999987, 1.1827797e-7, 5.364418e-7, -0.001461912), (0.99960893, -0.027957866, 7.1525574e-7, -8.940697e-8), (0.9984367, -0.055893745, 0.0000019967556, 3.7252903e-9), (0.9964123, -0.084630296, 0.0000023543835, 1.8626451e-7), (1, 2.7380884e-7, 5.662441e-7, 2.4214387e-8), (0.99999994, 1.4901161e-8, 0.0000014603138, 1.21071935e-8), (1, 6.92904e-7, 0.0000013411045, -1.0244548e-8), (0.9894064, 0.005814854, 0.0074606985, 0.14486256), (0.9905534, -0.06023628, 0.007959306, 0.12292945), (-0.009725853, 0.9996816, -0.008903597, 0.021504194), (0.0037266612, 0.4814759, 0.8764495, 0.001761362), (0.99999136, -0.0000060563907, 0.0000025629997, 0.004105471), (0.99999917, 1.2293458e-7, -0.0000012218952, -0.0011719689), (-0.4956128, -0.5115017, -0.4862326, 0.5062723), (0.99999857, 1.314329e-7, 5.662441e-7, -0.0014619045), (0.9996089, -0.027957696, -2.9802322e-8, -1.1175871e-8), (0.99843645, -0.055893756, 2.9802322e-8, 3.7252903e-9), (0.99641216, -0.084630266, -2.9802322e-8, -8.940697e-8), (0.99999976, 1.7508864e-7, -5.9604645e-8, -5.9604645e-8), (0.9999999, 0, 0, 0), (0.9999999, 6.0908496e-7, -2.9802322e-8, -2.4214387e-8), (0.49989977, -0.4999004, -0.500101, -0.5000988), (0.49989977, -0.4999004, -0.500101, -0.5000988), (0.49989977, -0.4999004, -0.500101, -0.5000988), (0.49989977, -0.4999004, -0.500101, -0.5000988)],
                9: [(1, 0.00006039905, 0.00003421092, -0.000019744823), (0.43643925, 0.54005826, 0.48369634, 0.5328185), (0.9996159, 0.012751583, -0.014041416, 0.020196939), (0.99871016, 0.0387704, 0.004768446, 0.0324301), (0.9992102, 0.039131854, 0.00023820996, 0.0068924725), (0.9949626, 0.08306919, -0.02842918, 0.04837933), (0.6065643, 0.068733424, -0.7874905, -0.08493333), (0.9690999, 0.0065911114, -0.24656902, 0.0022803843), (0.7525174, 0.06053357, -0.2539937, 0.6045989), (0.9999995, -1.0430813e-7, 0, -1.4901161e-8), (0.9999995, -1.0430813e-7, 0, -1.4901161e-8), (0.9999995, -1.0430813e-7, 0, -1.4901161e-8), (0.9999995, -1.0430813e-7, 0, -1.4901161e-8), (0.64359635, 0.7641273, -0.010449722, -0.042231083), (0.99667907, 0.017335221, 0.061840177, -0.05005932), (0.8301686, 0.008366853, 0.029448092, 0.55667096), (0.78963315, -0.021853685, -0.01869566, 0.6129044), (-0.6869881, -0.023839578, 0.056981415, -0.7240383), (0.99922276, -0.022876441, 0.027188122, -0.017056853), (0.8561387, -0.018394813, -0.013156325, 0.5162506), (0.7183195, 0.027241677, -0.03667821, 0.6942113), (-0.822541, -0.025190935, 0.050380647, -0.56590927), (0.9999999, -0.00001116097, 0.0000014305115, 0.0000022947788), (0.9974016, 0.0063489527, -0.042372644, 0.0579139), (0.8974798, -0.05946356, 0.15697327, 0.4078641), (-0.7003213, 0.01243183, -0.12745607, -0.7022464), (0.74020875, 0.03461656, 0.16017225, 0.6521025), (0.98905396, -0.1408226, -0.02914387, 0.033042043), (0.8756128, 0.09373984, 0.034972727, 0.47253782), (0.69777775, -0.007919759, 0.06031795, 0.71372616), (-0.7397728, 0.0009454191, -0.06609473, -0.66960174), (0.80604863, 0.3816066, 0.451338, -0.030914426), (0.98096347, 0.09178346, -0.07510826, 0.15376818), (0.9500889, 0.07267755, 0.013155848, 0.30310932), (0.9519126, -0.004536478, 0.0045510307, 0.30630118), (-0.008960944, -0.9964348, 0.0015210067, -0.0838731), (0.99999976, 0, 0, 0), (0.99999976, 0, 0, 0), (0.99999976, 0, 0, 0), (0.9871278, -0.15894884, -0.008654818, 0.0154460445), (0.9996632, -0.0036331713, 0.01424861, 0.021373043), (0.99978614, -0.0035414305, 0.007794231, 0.018813087), (0.9962237, -0.02617337, 0.05510588, -0.061773315), (0.5113066, -0.4875577, -0.47603852, -0.5236783), (0.47614503, -0.5227674, -0.5115025, -0.48822615), (1.0000001, 2.9802322e-8, -9.313226e-9, -1.3969839e-9), (0.5115029, -0.48822552, -0.4761445, -0.5227675), (0.9999994, 0, 7.450581e-9, 9.313226e-10), (0.5035658, -0.49561304, -0.50436074, -0.4963953), (0.060111433, 0.7217791, -0.0015464127, 0.689506), (0.9355112, -0.025619358, -0.30563402, 0.1753554), (0.7116918, -0.33730665, 0.0018315315, 0.6162101), (0.9999994, 0, -8.940697e-8, -4.4703484e-8), (0.9999994, 0, -8.940697e-8, -4.4703484e-8), (0.9999994, 0, -8.940697e-8, -4.4703484e-8), (0.9999994, 0, -8.940697e-8, -4.4703484e-8), (0.6087308, 0.7764537, 0.13099629, -0.09698382), (0.99626315, 0.0134978, 0.064400345, -0.055942386), (0.7958246, -0.10660949, 0.09259662, 0.5888319), (0.7891293, -0.021784216, -0.017693266, 0.6135852), (-0.69211507, -0.04227346, 0.0736385, -0.71677506), (0.99903977, -0.022441238, 0.029841095, -0.02291423), (0.824118, -0.12368509, 0.06518319, 0.548892), (0.7209629, 0.027406812, -0.035444744, 0.6915238), (-0.823269, -0.022647917, 0.049977034, -0.56499314), (0.99999976, 0.000011444092, 0, -5.9604645e-8), (0.9870234, -0.11728257, -0.084964216, 0.069357395), (0.890589, 0.012450129, 0.22186229, 0.39682865), (0.70093846, -0.013973564, 0.12588349, 0.7018851), (-0.73615026, -0.035257787, -0.16007915, -0.6566689), (0.9895877, -0.13896254, -0.025636762, 0.027343094), (0.8773596, 0.04917541, 0.08792201, 0.46913826), (-0.69530755, 0.009964436, -0.060467694, -0.7160944), (0.7483125, -0.037754983, 0.09665552, 0.6551795), (0.80542755, 0.35513476, 0.46977764, -0.06688821), (0.9845356, 0.08529436, -0.06677452, 0.13767624), (0.961286, 0.12608805, 0.034217298, 0.24260898), (0.9624191, -0.012050927, 0.0051110685, 0.27125093), (0.99642706, -0.008834869, -0.08393884, -0.0030198395), (0.9999994, 0, 0, 0), (0.9999994, 0, 0, 0), (0.9999994, 0, 0, 0), (0.4985933, -0.5006518, -0.49934408, -0.50140566), (0.364202, -0.008961529, -0.015153855, 0.9311533), (0.84840167, -0.0036404151, 0.002538614, 0.52933383), (0.008277185, 0.99488163, -0.06902891, -0.073322326), (0.00029572845, 0.70924664, 0.7049594, -0.0005557835), (0.99999, 8.3073974e-7, -0.000046283007, 0.0043266714), (0.9999988, 1.8626451e-7, -0.0000012665987, -0.0011720248), (0.51167446, -0.49582705, 0.50616395, 0.4859444), (0.99999857, 1.0384247e-7, 5.2154064e-7, -0.001461897), (0.9996089, -0.027957862, 7.301569e-7, -9.313226e-8), (0.99843657, -0.055893768, 0.0000019967556, 7.450581e-9), (0.99641216, -0.08463029, 0.0000023543835, 1.7136335e-7), (0.9999999, 2.6915222e-7, 5.364418e-7, 2.2351742e-8), (0.9999999, 2.514571e-8, 0.0000014901161, 1.4901161e-8), (0.9999999, 6.8638474e-7, 0.0000013411045, 1.6763806e-8), (0.97791064, 0.005836215, 0.013456419, 0.20850748), (0.9950452, -0.08101162, 0.005846828, 0.057338227), (-0.026606247, 0.9539475, 0.2986344, -0.009682208), (0.0024602115, 0.41949672, 0.90774, 0.004944861), (0.99999297, 0.000025911257, 0.0000132620335, 0.003710907), (0.9999993, 1.1175871e-7, -0.0000012814999, -0.0011719652), (-0.49561286, -0.51150167, -0.4862327, 0.5062723), (0.9999988, 1.1455268e-7, 5.9604645e-7, -0.0014618859), (0.9996091, -0.027957743, 2.9802322e-8, -2.2351742e-8), (0.9984367, -0.05589373, -2.9802322e-8, 7.450581e-9), (0.99641234, -0.08463031, -5.9604645e-8, -6.7055225e-8), (0.99999976, 1.7508864e-7, -8.940697e-8, -5.9604645e-8), (0.9999998, 0, 0, 0), (0.9999999, 6.183982e-7, 0, -4.4703484e-8), (0.49989972, -0.49990028, -0.5001009, -0.5000987), (0.49989972, -0.49990028, -0.5001009, -0.5000987), (0.49989972, -0.49990028, -0.5001009, -0.5000987), (0.49989972, -0.49990028, -0.5001009, -0.5000987)],
                10: [(1, 0.000044068733, 0.000016614955, -0.00003787959), (0.42680997, 0.5437759, 0.48729888, 0.53355485), (0.999632, 0.013529023, -0.015674844, 0.01752371), (0.99862933, 0.04243523, 0.00040704012, 0.030635074), (0.99906707, 0.042812627, -0.00042688847, 0.0056441054), (0.9937266, 0.09795924, -0.02840197, 0.045872837), (0.60552657, 0.052572787, -0.785077, -0.11927699), (0.9720637, 0.0032730997, -0.2338538, -0.019824624), (0.7287201, 0.10410808, -0.2886449, 0.61221874), (0.9999995, -1.1920929e-7, 2.9802322e-8, -1.4901161e-8), (0.9999995, -1.1920929e-7, 2.9802322e-8, -1.4901161e-8), (0.9999995, -1.1920929e-7, 2.9802322e-8, -1.4901161e-8), (0.9999995, -1.1920929e-7, 2.9802322e-8, -1.4901161e-8), (0.6619618, 0.74915606, -0.013953745, -0.019402593), (0.9967053, 0.016721904, 0.06301755, -0.048243105), (0.83015525, 0.008392051, 0.029452145, 0.5566902), (0.78962314, -0.021848142, -0.018706717, 0.6129172), (-0.6870069, -0.02385135, 0.056970835, -0.72402096), (0.99917203, -0.023494214, 0.02890703, -0.016354471), (0.85552585, -0.018599913, -0.013749123, 0.5172431), (0.71829927, 0.027234688, -0.03668604, 0.69423234), (-0.82255185, -0.02519992, 0.05037573, -0.56589365), (0.99999994, -0.000011175871, 0.0000014305115, 0.0000022947788), (0.9973439, 0.006054178, -0.041163713, 0.05978185), (0.89747196, -0.05943644, 0.1569686, 0.40788692), (-0.70031124, 0.0124441385, -0.12745667, -0.70225596), (0.74021244, 0.034612894, 0.16016057, 0.6521009), (0.9889616, -0.14116609, -0.028233081, 0.03506896), (0.87560034, 0.09376317, 0.03496757, 0.47255635), (0.69777316, -0.007910445, 0.060296208, 0.7137326), (-0.73977566, 0.0009161532, -0.066114634, -0.669597), (0.8059479, 0.38490558, 0.44875145, -0.030294508), (0.9820348, 0.0883556, -0.07163745, 0.15056205), (0.9501605, 0.072741956, 0.013341099, 0.30286324), (0.9519145, -0.004532963, 0.004557047, 0.30629686), (-0.008960923, -0.996435, 0.0015210318, -0.08387312), (0.9999996, 0, 2.9802322e-8, 0), (0.9999996, 0, 2.9802322e-8, 0), (0.9999996, 0, 2.9802322e-8, 0), (0.98352623, -0.17969863, -0.018490568, -0.0064863414), (0.9985228, -0.006473027, 0.026177257, 0.04716572), (0.9987893, -0.006240025, 0.019722655, 0.044626385), (0.99657625, -0.03107817, 0.0644745, -0.041383516), (0.51130676, -0.48755786, -0.47603866, -0.5236784), (0.47614512, -0.5227676, -0.5115026, -0.48822623), (1.0000004, 2.2351742e-8, -1.1175871e-8, -9.313226e-10), (0.5115031, -0.48822576, -0.47614464, -0.5227677), (0.99999976, 0, 7.450581e-9, 0), (0.50356597, -0.49561325, -0.50436085, -0.49639544), (0.034030378, 0.707778, 0.0023262799, 0.7056103), (0.9287383, -0.024793148, -0.31619412, 0.19196591), (0.67511475, -0.36413, 0.043082684, 0.6401348), (0.99999946, 1.4901161e-8, -5.9604645e-8, -3.7252903e-8), (0.99999946, 1.4901161e-8, -5.9604645e-8, -3.7252903e-8), (0.99999946, 1.4901161e-8, -5.9604645e-8, -3.7252903e-8), (0.99999946, 1.4901161e-8, -5.9604645e-8, -3.7252903e-8), (0.63709605, 0.7580242, 0.1371719, -0.02629286), (0.99615544, 0.012076408, 0.067852795, -0.054075837), (0.7958124, -0.106593534, 0.092598915, 0.58885115), (0.7891289, -0.021769643, -0.017698422, 0.61358666), (-0.69211733, -0.042279065, 0.073607266, -0.71677643), (0.9989474, -0.02368331, 0.033269554, -0.020882577), (0.8241046, -0.12366834, 0.06517783, 0.54891634), (0.7209625, 0.027425647, -0.03545189, 0.6915228), (-0.8232705, -0.022651762, 0.04994172, -0.56499404), (0.99999976, 0.000011503696, 0, -1.1920929e-7), (0.9870453, -0.117958546, -0.08166146, 0.071822345), (0.8905808, 0.012465328, 0.22185001, 0.39685348), (0.7009403, -0.013952732, 0.12587896, 0.7018846), (-0.7361456, -0.035264194, -0.16011468, -0.656665), (0.98946124, -0.13990644, -0.022418082, 0.029824764), (0.8773461, 0.04920143, 0.087935805, 0.4691583), (-0.6953058, 0.010011107, -0.060474448, -0.71609485), (0.7483146, -0.037756532, 0.09662527, 0.65518117), (0.8048329, 0.35986075, 0.46736696, -0.06566605), (0.9860376, 0.0805148, -0.062733114, 0.13157238), (0.96133757, 0.12612484, 0.034298986, 0.24237508), (0.96242017, -0.012050524, 0.0051157773, 0.2712481), (0.99642706, -0.008834839, -0.08393893, -0.0030198693), (0.9999993, 0, 0, 0), (0.9999993, 0, 0, 0), (0.9999993, 0, 0, 0), (0.49859318, -0.5006517, -0.49934402, -0.50140554), (0.30624655, -0.028343946, -0.0135239065, 0.9514341), (0.95392895, -0.0021470368, 0.0030904114, 0.3000092), (0.0396876, 0.9901981, -0.123254746, -0.05235198), (0.002031356, 0.67830265, 0.7347764, 0.0020712912), (0.99999225, -0.000029634684, -0.000033944845, 0.0037841536), (0.99999905, 1.7136335e-7, -0.0000012740493, -0.0011720285), (0.51167464, -0.49582714, 0.506164, 0.4859445), (0.9999989, 1.0197982e-7, 5.438924e-7, -0.001461938), (0.99960923, -0.027957877, 7.4505806e-7, -7.8231096e-8), (0.99843687, -0.05589375, 0.0000019669533, 1.4901161e-8), (0.9964125, -0.084630266, 0.000002346933, 1.937151e-7), (1.0000002, 2.6100315e-7, 5.811453e-7, 3.3527613e-8), (1.0000002, 1.4202669e-8, 0.0000014901161, -1.4901161e-8), (1.0000002, 6.7357905e-7, 0.000001385808, 3.7252903e-9), (0.970778, 0.007131584, 0.018159479, 0.23918498), (0.9946399, -0.09282822, 0.0067335367, 0.04504849), (-0.030938894, 0.9393991, 0.34043914, -0.02595535), (0.001434654, 0.66620284, 0.74575907, 0.00391379), (0.9999852, 0.000042717904, -0.00022759289, 0.0054133944), (0.9999995, 1.0430813e-7, -0.0000013113022, -0.0011719633), (-0.49561298, -0.51150185, -0.4862328, 0.50627244), (0.99999905, 1.0803342e-7, 5.364418e-7, -0.0014619231), (0.99960935, -0.027957747, -2.9802322e-8, 3.7252903e-9), (0.99843687, -0.055893753, 0, -2.2351742e-8), (0.9964125, -0.08463032, -5.9604645e-8, -7.4505806e-8), (1, 1.5646219e-7, -5.9604645e-8, -7.0780516e-8), (1.0000001, 0, 0, 0), (1.0000001, 6.183982e-7, 0, -5.2154064e-8), (0.49989983, -0.49990034, -0.500101, -0.5000988), (0.49989983, -0.49990034, -0.500101, -0.5000988), (0.49989983, -0.49990034, -0.500101, -0.5000988), (0.49989983, -0.49990034, -0.500101, -0.5000988)],
                11: [(1, 0.00007590036, -0.000104451654, -0.000044009266), (0.42368445, 0.5434214, 0.48422238, 0.5391784), (0.99951524, 0.019370839, -0.017163463, 0.017298635), (0.99862903, 0.04304362, -0.002298139, 0.029690266), (0.9990519, 0.043244764, -0.0007737875, 0.0049109906), (0.9934437, 0.10332316, -0.027087077, 0.040738866), (0.6140353, 0.04211375, -0.77441627, -0.14651161), (0.9729333, -0.00096833706, -0.22773775, -0.039170682), (0.72360826, 0.13940753, -0.31668007, 0.597218), (0.9999993, -8.940697e-8, -2.9802322e-8, 1.4901161e-8), (0.9999993, -8.940697e-8, -2.9802322e-8, 1.4901161e-8), (0.9999993, -8.940697e-8, -2.9802322e-8, 1.4901161e-8), (0.9999993, -8.940697e-8, -2.9802322e-8, 1.4901161e-8), (0.7057235, 0.70836276, -0.0011464655, 0.0132011175), (0.99674404, 0.016248733, 0.06399384, -0.04627922), (0.8301505, 0.008415312, 0.02942115, 0.5566989), (0.789626, -0.021847129, -0.01870986, 0.6129137), (-0.68700045, -0.023852468, 0.056970954, -0.7240272), (0.9991492, -0.023881882, 0.029924601, -0.01532191), (0.8550201, -0.018643945, -0.013912946, 0.51807284), (0.71829265, 0.027235016, -0.036678538, 0.6942396), (-0.8225467, -0.025191724, 0.05038485, -0.56590056), (0.9999999, -0.000011175871, 0.0000014305115, 0.0000023245811), (0.9972632, 0.005895227, -0.04017365, 0.061780453), (0.8974724, -0.059422255, 0.15693408, 0.407901), (-0.70031196, 0.012438655, -0.12744528, -0.7022573), (0.74021286, 0.034617424, 0.1601629, 0.65209955), (0.98887306, -0.14137499, -0.027555436, 0.037193388), (0.87559783, 0.09378867, 0.03493461, 0.47255808), (0.6977712, -0.007913291, 0.060303807, 0.7137335), (-0.73977685, 0.0009304136, -0.066111505, -0.66959554), (0.80582035, 0.38413566, 0.4496908, -0.029517144), (0.98215973, 0.08799538, -0.07086909, 0.15032148), (0.95012844, 0.072724156, 0.013268262, 0.30297112), (0.9519132, -0.004534088, 0.004555352, 0.30630067), (-0.0089609325, -0.9964348, 0.0015210574, -0.08387312), (0.9999994, 0, 0, 0), (0.9999994, 0, 0, 0), (0.9999994, 0, 0, 0), (0.98194194, -0.18772408, -0.013259545, -0.019310847), (0.9984021, -0.006007215, 0.025799006, 0.049904674), (0.9986733, -0.005757861, 0.019346341, 0.0473625), (0.9974773, -0.02834151, 0.05452826, -0.035516478), (0.5113066, -0.4875577, -0.47603855, -0.5236783), (0.476145, -0.52276736, -0.51150244, -0.48822606), (0.99999994, 2.2351742e-8, -1.1641532e-8, -1.3969839e-9), (0.5115029, -0.48822558, -0.47614452, -0.5227675), (0.9999994, 0, 7.450581e-9, 9.313226e-10), (0.50356585, -0.49561316, -0.50436074, -0.4963953), (0.015016705, 0.6969415, 0.006627828, 0.7169394), (0.9262414, -0.02754578, -0.3235515, 0.1913928), (0.6456728, -0.375132, 0.053152055, 0.6629903), (0.9999991, 0, -5.9604645e-8, -2.9802322e-8), (0.9999991, 0, -5.9604645e-8, -2.9802322e-8), (0.9999991, 0, -5.9604645e-8, -2.9802322e-8), (0.9999991, 0, -5.9604645e-8, -2.9802322e-8), (0.67986774, 0.7193927, 0.13768601, 0.03599009), (0.996179, 0.011331469, 0.0702211, -0.050664216), (0.79581, -0.10655433, 0.09256469, 0.58886594), (0.7891265, -0.02178362, -0.017667592, 0.6135888), (-0.6921186, -0.042252123, 0.07361373, -0.7167748), (0.99892306, -0.024231642, 0.035534382, -0.017367154), (0.82410485, -0.12362987, 0.06513932, 0.5489285), (0.720961, 0.027415305, -0.03542234, 0.6915257), (-0.82327163, -0.02262637, 0.04994741, -0.56499195), (0.9999994, 0.000011473894, 0, -8.940697e-8), (0.9869341, -0.11787912, -0.079716414, 0.07556191), (0.89058566, 0.012500286, 0.22181308, 0.39686078), (0.7009381, -0.013964176, 0.12590258, 0.7018816), (-0.7361487, -0.035243034, -0.16011211, -0.65666276), (0.9893478, -0.1401357, -0.020558715, 0.03360188), (0.87734276, 0.04923281, 0.08790395, 0.4691665), (-0.6953046, 0.010039389, -0.060483158, -0.7160944), (0.74831635, -0.037763327, 0.096606106, 0.65518135), (0.8043411, 0.3587833, 0.46926573, -0.06401914), (0.9863143, 0.079729214, -0.061509095, 0.13054758), (0.9612865, 0.12609652, 0.034211352, 0.24260303), (0.96241724, -0.01205349, 0.00511685, 0.27125686), (0.9964267, -0.008834869, -0.0839389, -0.0030198395), (0.99999905, 0, 0, 0), (0.99999905, 0, 0, 0), (0.99999905, 0, 0, 0), (0.4985932, -0.5006517, -0.49934402, -0.5014055), (0.23157267, -0.041369043, -0.02042225, 0.9717231), (0.9996333, -0.003967885, 0.012302145, 0.023798157), (0.045396473, 0.9983627, -0.027610661, -0.02117765), (0.006272018, 0.5845574, 0.8112645, 0.01012826), (0.99999547, -0.00008841604, -0.000063836575, 0.0028164447), (0.99999917, 1.6018748e-7, -0.0000012367964, -0.0011720136), (0.51167464, -0.49582714, 0.5061641, 0.48594454), (0.9999989, 1.5459955e-7, 6.109476e-7, -0.0014619082), (0.99960923, -0.027957892, 7.5250864e-7, -1.0430813e-7), (0.9984369, -0.055893786, 0.0000019818544, 2.2351742e-8), (0.9964125, -0.08463031, 0.000002346933, 1.7136335e-7), (1.0000002, 2.393499e-7, 5.5134296e-7, 1.4901161e-8), (1.0000002, 4.284084e-8, 0.0000014901161, 1.4901161e-8), (1.0000002, 6.519258e-7, 0.0000013262033, 7.450581e-9), (0.9807727, 0.015247434, 0.0049515665, 0.19449377), (0.97733355, -0.09342433, 0.027782023, 0.18793325), (-0.039637506, 0.9391408, 0.340585, -0.021100044), (0.007744819, 0.8080117, 0.5891154, 0.000392735), (0.999986, -0.00018606335, -0.00012028217, 0.005280461), (0.9999993, 1.0803342e-7, -0.0000012516975, -0.0011719689), (-0.49561286, -0.5115017, -0.48623273, 0.5062723), (0.9999988, 1.1874363e-7, 5.662441e-7, -0.001461897), (0.9996091, -0.02795776, -2.9802322e-8, -3.7252903e-9), (0.9984366, -0.05589376, 2.9802322e-8, 1.1175871e-8), (0.99641234, -0.084630296, -5.9604645e-8, -6.7055225e-8), (0.99999976, 1.7508864e-7, -8.940697e-8, -4.8428774e-8), (0.9999999, 0, 0, 0), (0.9999999, 6.221235e-7, 0, -4.8428774e-8), (0.49989977, -0.4999003, -0.5001009, -0.5000987), (0.49989977, -0.4999003, -0.5001009, -0.5000987), (0.49989977, -0.4999003, -0.5001009, -0.5000987), (0.49989977, -0.4999003, -0.5001009, -0.5000987)],
                12: [(1, 0.00018023794, 0.000041626405, 0.00012829069), (0.42149663, 0.53924906, 0.4811399, 0.54777324), (0.99922055, 0.025530767, -0.022492133, 0.0200159), (0.9987848, 0.0407756, -0.005329758, 0.027164161), (0.9991486, 0.041001074, -0.00073859096, 0.004539877), (0.9943391, 0.097992845, -0.024966925, 0.03261888), (0.62219673, 0.032959968, -0.76352, -0.16977027), (0.9704213, -0.0040801466, -0.23639926, -0.048798114), (0.71943945, 0.1493662, -0.3344192, 0.5901361), (1, -8.940697e-8, -5.9604645e-8, 7.450581e-9), (1, -8.940697e-8, -5.9604645e-8, 7.450581e-9), (1, -8.940697e-8, -5.9604645e-8, 7.450581e-9), (1, -8.940697e-8, -5.9604645e-8, 7.450581e-9), (0.7516465, 0.65844494, 0.017363816, 0.03430158), (0.9967335, 0.016050339, 0.06465271, -0.045665294), (0.8301619, 0.0084322095, 0.029408574, 0.5566828), (0.78962594, -0.02183649, -0.018710906, 0.61291474), (-0.6870016, -0.023849934, 0.056951165, -0.7240285), (0.999186, -0.023898184, 0.029810846, -0.012962997), (0.8558996, -0.01832652, -0.013155401, 0.5166502), (0.718319, 0.02723138, -0.036682323, 0.69421273), (-0.82254636, -0.025193185, 0.05037996, -0.56590223), (1.0000004, -0.000011205673, 0.0000014305115, 0.0000023245811), (0.99725163, 0.0058378875, -0.039504796, 0.062410086), (0.89748305, -0.05941096, 0.15692022, 0.40788582), (-0.70030874, 0.012439758, -0.12745182, -0.70226014), (0.7402161, 0.03461404, 0.16015601, 0.6520988), (0.9888497, -0.14145827, -0.026990324, 0.037917584), (0.8756095, 0.09380826, 0.034925878, 0.47253394), (0.69776505, -0.0079110265, 0.06031091, 0.71373963), (-0.73977935, 0.00093242526, -0.06611931, -0.6695926), (0.8057139, 0.3839997, 0.4499695, -0.029958636), (0.9822273, 0.08766301, -0.0700762, 0.15044868), (0.9501126, 0.07271983, 0.01324001, 0.30302423), (0.95191264, -0.004535973, 0.004557699, 0.3063035), (-0.008960955, -0.9964353, 0.0015210304, -0.083873175), (1.0000001, 0, -2.9802322e-8, -2.9802322e-8), (1.0000001, 0, -2.9802322e-8, -2.9802322e-8), (1.0000001, 0, -2.9802322e-8, -2.9802322e-8), (0.98259914, -0.1851894, -0.008096769, -0.01174809), (0.99902344, -0.0042655, 0.020101488, 0.039110936), (0.99923, -0.0040760785, 0.013649344, 0.036556073), (0.99762964, -0.019128427, 0.046001434, -0.04746311), (0.51130664, -0.4875578, -0.47603866, -0.52367836), (0.47614506, -0.52276754, -0.5115025, -0.48822618), (1.0000001, 2.2351742e-8, -1.1175871e-8, -1.3969839e-9), (0.5115031, -0.4882257, -0.47614464, -0.52276766), (0.99999976, 0, 7.450581e-9, 0), (0.50356597, -0.49561316, -0.50436085, -0.4963954), (-0.0016732514, 0.6885485, 0.013689578, 0.7250589), (0.92622226, -0.025733292, -0.33179906, 0.17708458), (0.636924, -0.3717971, 0.047013223, 0.6737093), (0.99999964, 1.4901161e-8, -2.9802322e-8, -3.7252903e-8), (0.99999964, 1.4901161e-8, -2.9802322e-8, -3.7252903e-8), (0.99999964, 1.4901161e-8, -2.9802322e-8, -3.7252903e-8), (0.99999964, 1.4901161e-8, -2.9802322e-8, -3.7252903e-8), (0.6975484, 0.69983166, 0.13860264, 0.06671646), (0.99623084, 0.0116708875, 0.07078299, -0.04875976), (0.79580826, -0.10660301, 0.09256394, 0.5888606), (0.7891248, -0.0217762, -0.017679945, 0.6135919), (-0.69212043, -0.04224859, 0.07361227, -0.7167744), (0.99894786, -0.02380976, 0.036013305, -0.015454799), (0.8241016, -0.12367436, 0.0651388, 0.54892385), (0.72095865, 0.027420878, -0.035429895, 0.6915281), (-0.82327294, -0.02261892, 0.049947828, -0.56499106), (0.9999999, 0.000011444092, 2.9802322e-8, -1.1920929e-7), (0.98688966, -0.11720133, -0.0794681, 0.077442825), (0.8905866, 0.012461901, 0.22181343, 0.39686096), (0.70093966, -0.013958007, 0.1258972, 0.701882), (-0.73614967, -0.035236627, -0.16011325, -0.65666264), (0.9893634, -0.13958696, -0.020328015, 0.035526007), (0.8773445, 0.049173057, 0.08790232, 0.469171), (-0.69530976, 0.010020554, -0.06043181, -0.7160947), (0.7483117, -0.03772798, 0.096621394, 0.65518695), (0.8041692, 0.35827038, 0.47009495, -0.06296733), (0.986324, 0.07958048, -0.06100906, 0.13080242), (0.9612863, 0.1260851, 0.034220785, 0.24260949), (0.96241784, -0.012051001, 0.005112678, 0.2712554), (0.9964272, -0.008834869, -0.0839389, -0.0030198097), (0.9999996, 0, 1.4901161e-8, 0), (0.9999996, 0, 1.4901161e-8, 0), (0.9999996, 0, 1.4901161e-8, 0), (0.4985934, -0.50065184, -0.4993442, -0.5014057), (0.21656169, -0.03839662, -0.030465722, 0.9750377), (0.9986628, -0.0031149676, 0.027015269, 0.043965794), (0.0058201673, 0.9995185, -0.030140154, 0.004529983), (0.002508372, 0.6357485, 0.7718313, 0.009685904), (0.9999909, -0.000099644065, -0.000020474195, 0.0041813953), (0.99999946, 1.9744039e-7, -0.0000012665987, -0.001171995), (0.51167476, -0.49582732, 0.50616425, 0.4859447), (0.9999989, 1.3038516e-7, 5.5134296e-7, -0.0014619045), (0.99960923, -0.027957868, 7.1525574e-7, -6.7055225e-8), (0.9984368, -0.055893783, 0.000001989305, -4.4703484e-8), (0.9964125, -0.08463034, 0.000002399087, 1.5646219e-7), (1, 2.4493784e-7, 5.662441e-7, 4.0978193e-8), (1, 1.3969839e-8, 0.000001475215, -3.7252903e-8), (1, 6.738119e-7, 0.0000013709068, 5.2154064e-8), (0.99556684, 0.023033515, -0.03263188, 0.08515536), (0.8927105, -0.07774542, 0.064220876, 0.4392032), (-0.033631742, 0.9704942, 0.23845735, -0.012171537), (0.01229763, 0.7908315, 0.61190546, 0.0025114417), (0.99999416, -0.000049620867, -0.000043451786, 0.0034523495), (0.9999993, 1.15484e-7, -0.0000012814999, -0.0011719726), (-0.49561286, -0.5115018, -0.48623273, 0.5062723), (0.9999989, 1.3585668e-7, 5.662441e-7, -0.0014618952), (0.99960923, -0.027957747, 0, -9.313226e-9), (0.99843675, -0.05589377, 0, -1.4901161e-8), (0.9964125, -0.08463032, -8.940697e-8, -7.8231096e-8), (1, 1.9278377e-7, -8.940697e-8, -6.3329935e-8), (1.0000001, 0, 0, 0), (1.0000001, 6.4913183e-7, 0, -3.3527613e-8), (0.4998999, -0.49990037, -0.500101, -0.5000988), (0.4998999, -0.49990037, -0.500101, -0.5000988), (0.4998999, -0.49990037, -0.500101, -0.5000988), (0.4998999, -0.49990037, -0.500101, -0.5000988)],
                13: [(0.99999994, 0.00024541793, 0.00017155014, 0.00012792634), (0.41577846, 0.53947026, 0.4812743, 0.5517925), (0.9991379, 0.022402097, -0.026919313, 0.022286262), (0.99898267, 0.03582384, -0.011024542, 0.025069661), (0.9993487, 0.03574676, -0.0005606413, 0.004900947), (0.9960051, 0.080935724, -0.024979025, 0.028276026), (0.6193571, 0.030825227, -0.76613206, -0.16878471), (0.9691063, -0.0039518774, -0.24534985, -0.024917692), (0.7246663, 0.0965997, -0.3147666, 0.6053506), (0.99999994, -1.0430813e-7, 0, -1.4901161e-8), (0.99999994, -1.0430813e-7, 0, -1.4901161e-8), (0.99999994, -1.0430813e-7, 0, -1.4901161e-8), (0.99999994, -1.0430813e-7, 0, -1.4901161e-8), (0.77982986, 0.6253306, 0.0218274, 0.01873079), (0.9967233, 0.016533673, 0.063981175, -0.046651155), (0.83016956, 0.008434057, 0.029420882, 0.55667096), (0.7896249, -0.021852523, -0.018717023, 0.6129158), (-0.6870036, -0.023864537, 0.056980044, -0.7240242), (0.9992105, -0.023469925, 0.029115021, -0.013410389), (0.85620475, -0.018284738, -0.013096809, 0.5161464), (0.71831685, 0.02725318, -0.036672786, 0.69421387), (-0.8225515, -0.025187373, 0.050374746, -0.56589437), (1.0000002, -0.000011175871, 0.0000014305115, 0.0000023245811), (0.9972847, 0.0061535835, -0.040224016, 0.061380744), (0.89747936, -0.059412003, 0.15696922, 0.4078745), (-0.70032066, 0.012443453, -0.12744498, -0.70224917), (0.7402111, 0.034609973, 0.16016915, 0.6521009), (0.98892474, -0.14112538, -0.027528912, 0.03679681), (0.87560844, 0.09380713, 0.034939498, 0.47253555), (0.6977794, -0.007909775, 0.060307365, 0.71372604), (-0.73977375, 0.00092971325, -0.06610823, -0.6696), (0.8059936, 0.38457602, 0.4488955, -0.03112933), (0.9821738, 0.08767401, -0.0695239, 0.15104586), (0.9501107, 0.072722636, 0.013246834, 0.30302817), (0.9519135, -0.0045365393, 0.004554361, 0.3062997), (-0.00896097, -0.99643517, 0.0015210304, -0.08387316), (1, 0, 0, 0), (1, 0, 0, 0), (1, 0, 0, 0), (0.9855641, -0.16907573, 0.008450955, 0.002376303), (0.9997914, -0.001796022, 0.009310365, 0.018098392), (0.999874, -0.00172133, 0.0028599054, 0.015526446), (0.9970206, -0.0061693066, 0.034466118, -0.06873167), (0.5113068, -0.48755795, -0.4760388, -0.52367854), (0.4761452, -0.5227677, -0.51150274, -0.4882263), (1.0000005, 2.2351742e-8, -1.1641532e-8, -9.313226e-10), (0.51150316, -0.4882259, -0.47614476, -0.5227678), (0.99999994, 0, 7.450581e-9, 4.656613e-10), (0.5035661, -0.4956134, -0.504361, -0.4963956), (-0.018434584, 0.6879337, 0.016383052, 0.72535425), (0.9270179, -0.02395925, -0.33984354, 0.15674734), (0.6343701, -0.3658511, 0.011038333, 0.68088585), (0.99999964, 0, -2.9802322e-8, -4.4703484e-8), (0.99999964, 0, -2.9802322e-8, -4.4703484e-8), (0.99999964, 0, -2.9802322e-8, -4.4703484e-8), (0.99999964, 0, -2.9802322e-8, -4.4703484e-8), (0.71766007, 0.6788381, 0.11808953, 0.10098344), (0.99641156, 0.012407899, 0.07014996, -0.045704126), (0.7958027, -0.10662529, 0.09254336, 0.5888673), (0.7891232, -0.021770447, -0.017685026, 0.6135944), (-0.6921223, -0.04224576, 0.0736101, -0.71677333), (0.9990369, -0.022991538, 0.035241216, -0.012448251), (0.82409686, -0.12369326, 0.06511642, 0.54893035), (0.72095686, 0.027426064, -0.035433173, 0.69153), (-0.8232741, -0.02261427, 0.049946845, -0.5649899), (0.9999999, 0.0000114142895, 0, -1.1920929e-7), (0.9867035, -0.116113394, -0.08059484, 0.080239594), (0.8905889, 0.012439489, 0.2217906, 0.3968694), (0.7009396, -0.01395236, 0.12589328, 0.7018828), (-0.7361499, -0.035230994, -0.16011357, -0.6566625), (0.98936546, -0.13864377, -0.021487594, 0.038367957), (0.8773431, 0.049145103, 0.08788408, 0.46918008), (-0.6953094, 0.010014325, -0.060404867, -0.7160974), (0.7483122, -0.037710547, 0.0966256, 0.65518695), (0.8046146, 0.3571773, 0.47038868, -0.06127301), (0.9862304, 0.07955256, -0.06005568, 0.1319645), (0.9612825, 0.1260804, 0.034237206, 0.24262694), (0.9624181, -0.012048438, 0.005110264, 0.27125695), (0.9964273, -0.008834869, -0.08393893, -0.0030198693), (0.99999964, 0, 0, 0), (0.99999964, 0, 0, 0), (0.99999964, 0, 0, 0), (0.49859342, -0.5006519, -0.49934426, -0.5014058), (0.26013976, -0.038418714, -0.029674083, 0.96434975), (0.9661872, 0.00076017994, 0.024977854, 0.25662747), (0.008480366, 0.99519855, -0.09734966, 0.0055243373), (0.00007799268, 0.729402, 0.68408453, 0.0001527667), (0.9999856, 0.0000071506947, -0.00009018183, 0.005234847), (0.9999989, 1.8626451e-7, -0.000001273118, -0.0011719912), (0.5116745, -0.4958271, 0.50616395, 0.48594445), (0.9999988, 8.009374e-8, 5.811453e-7, -0.001461897), (0.9996091, -0.027957842, 7.301569e-7, -8.568168e-8), (0.99843675, -0.055893768, 0.0000019669533, -2.9802322e-8), (0.9964124, -0.084630355, 0.0000023543835, 1.4156103e-7), (1, 2.583256e-7, 5.364418e-7, 5.5879354e-8), (1, 5.820766e-10, 0.0000015050173, 1.8626451e-8), (1.0000001, 6.7811925e-7, 0.0000013560057, -2.2351742e-8), (0.99791324, 0.019003434, -0.05684401, -0.0240101), (0.77588403, -0.056042127, 0.0820539, 0.623001), (-0.010808758, 0.98027873, 0.19690776, -0.01280579), (0.006146461, 0.7520731, 0.6590481, 0.0018430352), (0.9999944, -0.000017987564, 0.000039428473, 0.003239181), (0.9999991, 1.0430813e-7, -0.0000012516975, -0.0011719614), (-0.49561277, -0.51150167, -0.4862326, 0.5062722), (0.9999988, 1.3201497e-7, 5.662441e-7, -0.0014618924), (0.99960905, -0.02795775, 5.9604645e-8, -1.21071935e-8), (0.99843657, -0.055893764, -2.9802322e-8, -2.0489097e-8), (0.9964123, -0.08463031, -5.9604645e-8, -8.195639e-8), (0.9999999, 1.816079e-7, -4.4703484e-8, -3.3527613e-8), (0.99999994, 0, 0, 0), (0.9999999, 6.0442835e-7, 7.450581e-9, -5.9604645e-8), (0.49989974, -0.49990025, -0.5001009, -0.5000987), (0.49989974, -0.49990025, -0.5001009, -0.5000987), (0.49989974, -0.49990025, -0.5001009, -0.5000987), (0.49989974, -0.49990025, -0.5001009, -0.5000987)],
                14: [(0.9999999, 0.0002527243, 0.00033956752, 0.00017638078), (0.41299307, 0.5399968, 0.48049018, 0.55404806), (0.99922603, 0.015028017, -0.028586522, 0.022454606), (0.99912834, 0.023679545, -0.020385824, 0.027678408), (0.9997074, 0.023531774, -0.0003094077, 0.0055662394), (0.9976634, 0.057151586, -0.020872489, 0.031074591), (0.6154851, 0.025944203, -0.7714431, -0.15931258), (0.96973246, -0.007219404, -0.24380556, 0.011205167), (0.7375824, 0.022478774, -0.2857459, 0.61140513), (1, -1.0430813e-7, 0, -1.4901161e-8), (1, -1.0430813e-7, 0, -1.4901161e-8), (1, -1.0430813e-7, 0, -1.4901161e-8), (1, -1.0430813e-7, 0, -1.4901161e-8), (0.78405976, 0.61964804, -0.030857265, -0.018298358), (0.9969343, 0.017793238, 0.060848832, -0.04586363), (0.83015907, 0.008387715, 0.029443383, 0.556686), (0.7896256, -0.021856725, -0.01871188, 0.6129146), (-0.6870039, -0.023864508, 0.056988716, -0.72402304), (0.99933434, -0.022292137, 0.025908858, -0.012772322), (0.856205, -0.018330306, -0.013076276, 0.5161455), (0.7183134, 0.02725187, -0.036671236, 0.69421816), (-0.82255244, -0.025189102, 0.050381124, -0.56589353), (1.0000005, -0.000011146069, 0.0000014305115, 0.0000022947788), (0.9971021, 0.007127136, -0.04347855, 0.062024236), (0.8974738, -0.059460193, 0.15697134, 0.4078794), (-0.700316, 0.012437314, -0.12744156, -0.70225483), (0.7402097, 0.034614936, 0.16016906, 0.6521026), (0.98896927, -0.1400812, -0.030837327, 0.03697011), (0.87560236, 0.09375596, 0.03496197, 0.47255546), (0.6977804, -0.007910132, 0.060298413, 0.71372586), (-0.7397733, 0.0009224415, -0.066106915, -0.66960067), (0.80716085, 0.3844878, 0.44695783, -0.029833108), (0.9819728, 0.08804014, -0.0692679, 0.1522538), (0.9501097, 0.07270567, 0.01324746, 0.3030363), (0.9519136, -0.004535541, 0.00455299, 0.30630082), (-0.008960962, -0.9964354, 0.0015210276, -0.08387321), (0.99999994, 0, -2.9802322e-8, 0), (0.99999994, 0, -2.9802322e-8, 0), (0.99999994, 0, -2.9802322e-8, 0), (0.99177814, -0.12403408, 0.031175628, 0.0044423714), (0.99998724, -0.00026271306, 0.0026971549, 0.0042364), (0.9999914, -0.0002629892, -0.0037502497, 0.0016547255), (0.9965663, -0.0010250831, 0.014477372, -0.0815147), (0.51130664, -0.4875578, -0.47603863, -0.52367836), (0.4761451, -0.5227675, -0.51150256, -0.48822615), (1.0000001, 2.2351742e-8, -1.21071935e-8, -1.1641532e-9), (0.511503, -0.48822564, -0.47614464, -0.52276766), (0.99999964, 0, 7.450581e-9, 4.656613e-10), (0.5035659, -0.4956132, -0.5043608, -0.4963954), (-0.030639939, 0.6945658, 0.018757522, 0.71853155), (0.9283302, -0.016337365, -0.34568897, 0.13577625), (0.63422316, -0.3665695, -0.047562122, 0.6790624), (0.99999994, 7.450581e-9, -2.9802322e-8, -4.4703484e-8), (0.99999994, 7.450581e-9, -2.9802322e-8, -4.4703484e-8), (0.99999994, 7.450581e-9, -2.9802322e-8, -4.4703484e-8), (0.99999994, 7.450581e-9, -2.9802322e-8, -4.4703484e-8), (0.71443474, 0.68503404, 0.11201668, 0.08811462), (0.99654865, 0.013240218, 0.06834346, -0.0452255), (0.79580903, -0.106662035, 0.09254995, 0.58885163), (0.78912157, -0.021771133, -0.017693743, 0.61359674), (-0.6921226, -0.042249322, 0.07361311, -0.71677285), (0.9991233, -0.02220437, 0.033388734, -0.012059897), (0.8241013, -0.12372866, 0.06512627, 0.54891455), (0.7209551, 0.02742368, -0.03543943, 0.69153154), (-0.8232738, -0.022616178, 0.049951315, -0.56498957), (1.0000002, 0.000011444092, 0, -8.940697e-8), (0.98660964, -0.11546588, -0.082532465, 0.08036345), (0.89059734, 0.012411922, 0.2217948, 0.39685023), (0.7009372, -0.013951004, 0.12589161, 0.7018862), (-0.73615, -0.03523478, -0.16011146, -0.65666336), (0.98941624, -0.1379362, -0.023407131, 0.038493782), (0.8773522, 0.049105436, 0.08788884, 0.4691667), (-0.6953082, 0.010002792, -0.060386017, -0.71610063), (0.74831194, -0.03769529, 0.09663367, 0.65518725), (0.80540705, 0.35704863, 0.469131, -0.06125778), (0.98608077, 0.079679996, -0.059422567, 0.13328588), (0.9612819, 0.12607957, 0.034252375, 0.24262753), (0.962419, -0.01204773, 0.0051088035, 0.27125388), (0.99642766, -0.0088348985, -0.083938986, -0.0030198097), (0.99999976, 0, 1.4901161e-8, 0), (0.99999976, 0, 1.4901161e-8, 0), (0.99999976, 0, 1.4901161e-8, 0), (0.4985934, -0.5006519, -0.4993442, -0.5014057), (0.2703974, -0.022664815, -0.02728039, 0.96209526), (0.9094869, 0.0076236306, 0.03353847, 0.41430748), (0.01186727, 0.96938956, -0.2452329, 0.0020185113), (0.00017783046, 0.72297174, 0.6908775, -0.00014600158), (0.9999902, 0.0000025080517, -0.00001001358, 0.0043658894), (0.9999994, 2.2165477e-7, -0.0000012782402, -0.0011720248), (0.51167476, -0.49582732, 0.50616425, 0.48594466), (0.999999, 1.0617077e-7, 5.662441e-7, -0.001461897), (0.99960923, -0.027957864, 7.1525574e-7, -7.0780516e-8), (0.9984369, -0.055893786, 0.0000019818544, 0), (0.9964125, -0.084630296, 0.0000023245811, 1.937151e-7), (1.0000002, 2.9057264e-7, 5.9604645e-7, 2.6077032e-8), (1.0000002, -3.7252903e-9, 0.0000014454126, 0), (1.0000001, 6.61239e-7, 0.000001385808, 0), (0.9816768, 0.008988633, -0.08243488, -0.17156401), (0.61764324, -0.02384904, 0.09330815, 0.78053916), (0.017819792, 0.9768091, 0.21183264, -0.025561035), (0.00041383505, 0.7074018, 0.7068113, 0.0004990101), (0.999995, -0.000017922372, 0.00007584691, 0.0031519681), (0.99999917, 1.2572855e-7, -0.0000012814999, -0.0011719596), (-0.49561283, -0.5115017, -0.4862327, 0.5062723), (0.9999988, 1.3504177e-7, 5.662441e-7, -0.0014618952), (0.9996091, -0.027957749, 2.9802322e-8, -1.2340024e-8), (0.99843657, -0.05589376, 0, -1.4901161e-8), (0.9964124, -0.08463032, 0, -7.636845e-8), (0.9999999, 1.7881393e-7, -4.4703484e-8, -6.7055225e-8), (0.9999999, 0, 0, 0), (0.9999999, 6.072223e-7, -2.9802322e-8, -3.7252903e-9), (0.4998998, -0.49990034, -0.5001009, -0.50009876), (0.4998998, -0.49990034, -0.5001009, -0.50009876), (0.4998998, -0.49990034, -0.5001009, -0.50009876), (0.4998998, -0.49990034, -0.5001009, -0.50009876)],
                15: [(0.99999994, 0.00011712253, 0.00025211045, 0.00011029379), (0.41944402, 0.5387877, 0.47659156, 0.5537462), (0.99931955, 0.0031484552, -0.028279237, 0.023466637), (0.9993057, 0.0073828376, -0.023669481, 0.027802266), (0.999949, 0.007149461, 0.0004246235, 0.0071015693), (0.9991159, 0.024062082, -0.008252084, 0.033464257), (0.6176426, 0.025857568, -0.7729528, -0.14280038), (0.9702616, -0.014050096, -0.23586696, 0.052544504), (0.750874, -0.061666384, -0.25561553, 0.6058428), (0.9999995, -1.0430813e-7, 2.9802322e-8, -1.4901161e-8), (0.9999995, -1.0430813e-7, 2.9802322e-8, -1.4901161e-8), (0.9999995, -1.0430813e-7, 2.9802322e-8, -1.4901161e-8), (0.9999995, -1.0430813e-7, 2.9802322e-8, -1.4901161e-8), (0.75372016, 0.6504775, -0.05622524, -0.07498735), (0.99698114, 0.01885584, 0.058369488, -0.04760036), (0.8301693, 0.008357406, 0.029431164, 0.556671), (0.7896218, -0.02185741, -0.018706976, 0.61291856), (-0.6870128, -0.023855656, 0.056985617, -0.72401404), (0.9993886, -0.021372467, 0.023469359, -0.014639527), (0.8562155, -0.018368214, -0.013076961, 0.51612574), (0.7183087, 0.02723381, -0.036688447, 0.694222), (-0.8225585, -0.025205612, 0.05039087, -0.5658816), (0.9999999, -0.000011175871, 0.0000014305115, 0.0000023245811), (0.9970958, 0.0077262223, -0.04602799, 0.060177326), (0.89748085, -0.05947897, 0.15695387, 0.407867), (-0.7003279, 0.01242733, -0.12745322, -0.7022406), (0.74020374, 0.03461252, 0.16017613, 0.65210724), (0.98907226, -0.13939807, -0.033076912, 0.034781396), (0.87561923, 0.09372759, 0.03496319, 0.4725284), (0.69777274, -0.007930279, 0.060294062, 0.7137327), (-0.7397771, 0.00090813637, -0.06608504, -0.6695978), (0.8078625, 0.38518038, 0.4450732, -0.0300664), (0.98175037, 0.08866328, -0.06993237, 0.15301791), (0.9501089, 0.072697505, 0.013244659, 0.30303884), (0.951913, -0.0045358464, 0.004553318, 0.30629995), (-0.008960947, -0.9964349, 0.0015210165, -0.08387312), (0.9999995, 0, -1.4901161e-8, 0), (0.9999995, 0, -1.4901161e-8, 0), (0.9999995, 0, -1.4901161e-8, 0), (0.9982492, -0.05441627, 0.02309452, 0.0018183887), (0.9999975, 0.000320571, 0.0012835115, 0.001515842), (0.9999856, 0.0003103381, -0.00516212, -0.0010700086), (0.997036, 0.0007618713, 0.010162458, -0.07625394), (0.5113066, -0.48755774, -0.47603855, -0.52367824), (0.47614503, -0.5227674, -0.5115025, -0.4882261), (1.0000001, 1.4901161e-8, -1.1175871e-8, -1.3969839e-9), (0.5115029, -0.48822558, -0.47614452, -0.52276754), (0.99999934, 0, 7.450581e-9, 9.313226e-10), (0.50356585, -0.4956131, -0.50436074, -0.49639532), (-0.034339502, 0.7129201, 0.046451747, 0.69886106), (0.9321638, -0.042667776, -0.33940867, 0.1185347), (0.67329293, -0.30582958, -0.14935769, 0.6563807), (0.99999905, 7.450581e-9, -5.9604645e-8, -3.7252903e-8), (0.99999905, 7.450581e-9, -5.9604645e-8, -3.7252903e-8), (0.99999905, 7.450581e-9, -5.9604645e-8, -3.7252903e-8), (0.99999905, 7.450581e-9, -5.9604645e-8, -3.7252903e-8), (0.6885381, 0.71829355, 0.06844935, 0.072684854), (0.9966788, 0.014332235, 0.06689799, -0.04415074), (0.79581225, -0.106671035, 0.0925602, 0.58884263), (0.7891238, -0.021792471, -0.017652288, 0.61359274), (-0.6921191, -0.042211324, 0.07365662, -0.7167725), (0.999207, -0.021123052, 0.031865895, -0.011070818), (0.82410544, -0.12373686, 0.06514332, 0.548903), (0.72095954, 0.027399361, -0.035395592, 0.69152915), (-0.8232697, -0.02258107, 0.05000025, -0.56499165), (0.99999934, 0.000011473894, 0, -1.4901161e-7), (0.9865282, -0.11442456, -0.084234744, 0.08107135), (0.8905938, 0.012409091, 0.22181946, 0.39684188), (0.70094216, -0.01398474, 0.12592497, 0.70187324), (-0.736151, -0.035206467, -0.16006541, -0.6566736), (0.98949134, -0.13688308, -0.025085032, 0.03923568), (0.87735724, 0.04907301, 0.087892056, 0.46915844), (-0.6953106, 0.0099641085, -0.060379803, -0.7160984), (0.74830997, -0.037691593, 0.09665787, 0.6551852), (0.80596673, 0.35711196, 0.46825615, -0.060194343), (0.98599684, 0.07983821, -0.058917195, 0.13402596), (0.96128345, 0.12606432, 0.034237534, 0.24262723), (0.96241844, -0.012049492, 0.0051050484, 0.271252), (0.9964267, -0.008834869, -0.08393893, -0.00301978), (0.999999, 0, 3.7252903e-9, 1.4901161e-8), (0.999999, 0, 3.7252903e-9, 1.4901161e-8), (0.999999, 0, 3.7252903e-9, 1.4901161e-8), (0.49859315, -0.5006517, -0.499344, -0.50140554), (0.15886082, -0.01781134, -0.011528462, 0.98707294), (0.9277142, -0.0061784247, 0.037161857, 0.37138528), (0.001973629, 0.9543741, -0.29836348, 0.012060016), (-0.00047942996, 0.7154268, 0.6986871, 0.0006494522), (0.9999906, 9.898795e-7, -8.940697e-8, 0.00428461), (0.9999993, 2.3236498e-7, -0.0000012498349, -0.0011720099), (0.51167464, -0.49582723, 0.50616413, 0.4859446), (0.9999989, 1.44355e-7, 5.364418e-7, -0.0014618952), (0.9996092, -0.02795788, 7.748604e-7, -1.3411045e-7), (0.9984369, -0.055893756, 0.0000019669533, 0), (0.99641246, -0.08463032, 0.0000023245811, 1.7881393e-7), (1.0000002, 2.3655593e-7, 5.848706e-7, 4.656613e-8), (1.0000001, 2.7939677e-8, 0.0000014863908, -1.8626451e-9), (1.0000001, 6.277114e-7, 0.0000013075769, 2.0489097e-8), (0.94818985, 0.00017024926, -0.076369405, -0.30838868), (0.5996481, -0.022391317, 0.072911695, 0.79662085), (0.04454934, 0.97226423, 0.22789094, -0.027987182), (-0.0001231432, 0.70529485, 0.7089137, 0.0005437434), (0.99999356, 0.000002771616, 0.000062167645, 0.0035330802), (0.99999917, 1.09896064e-7, -0.0000012516975, -0.0011719717), (-0.49561286, -0.5115017, -0.48623264, 0.5062723), (0.99999887, 1.3411045e-7, 5.662441e-7, -0.0014618915), (0.9996091, -0.02795775, 2.9802322e-8, -1.4901161e-8), (0.9984367, -0.055893768, -2.9802322e-8, -1.8626451e-8), (0.9964124, -0.08463032, -8.940697e-8, -7.4505806e-8), (1, 1.7881393e-7, -4.4703484e-8, -7.264316e-8), (1.0000001, 0, 0, 0), (1.0000001, 6.109476e-7, 0, -3.1664968e-8), (0.49989974, -0.49990034, -0.5001009, -0.5000988), (0.49989974, -0.49990034, -0.5001009, -0.5000988), (0.49989974, -0.49990034, -0.5001009, -0.5000988), (0.49989974, -0.49990034, -0.5001009, -0.5000988)],
                16: [(1, 0.000074021445, 0.000055447726, -0.000088309615), (0.4404878, 0.5345341, 0.4614244, 0.55437475), (0.9994674, -0.0006986493, -0.022246927, 0.023871906), (0.9994371, -0.012712644, -0.01598771, 0.026618842), (0.9998914, -0.012833308, -0.0013296008, 0.0071313335), (0.99923193, -0.012611767, 0.0024013966, 0.037018888), (0.6426165, 0.02281484, -0.75783014, -0.11052529), (0.95853555, -0.022985846, -0.26326108, 0.10664677), (0.7662607, -0.17101869, -0.17138737, 0.59516585), (0.9999994, -1.0430813e-7, 2.9802322e-8, 0), (0.9999994, -1.0430813e-7, 2.9802322e-8, 0), (0.9999994, -1.0430813e-7, 2.9802322e-8, 0), (0.9999994, -1.0430813e-7, 2.9802322e-8, 0), (0.7017526, 0.70369714, -0.017733574, -0.10971874), (0.9968691, 0.018794, 0.05776325, -0.050610602), (0.83016783, 0.008366376, 0.029440671, 0.556672), (0.78961855, -0.02185592, -0.018710945, 0.61292243), (-0.6870174, -0.023858309, 0.056983948, -0.7240097), (0.9993466, -0.021557987, 0.022992194, -0.017669708), (0.8562145, -0.018359661, -0.01306814, 0.51612806), (0.71830523, 0.027234852, -0.036693726, 0.69422525), (-0.822562, -0.025208533, 0.05038917, -0.5658763), (0.99999964, -0.000011175871, 0.0000014603138, 0.0000022947788), (0.9972496, 0.007289976, -0.046572775, 0.057186097), (0.89747727, -0.05946642, 0.15696275, 0.4078725), (-0.700327, 0.012428224, -0.12745301, -0.70224094), (0.74020416, 0.03461039, 0.16017592, 0.65210617), (0.9891176, -0.13977715, -0.033179373, 0.03173375), (0.87561566, 0.09373531, 0.034971744, 0.47253233), (0.6977716, -0.00793013, 0.06028647, 0.71373403), (-0.73977757, 0.00090152025, -0.06608635, -0.6695967), (0.8072547, 0.38134485, 0.44951934, -0.0291152), (0.9805156, 0.093051426, -0.07673463, 0.15505497), (0.95009816, 0.07269088, 0.013156831, 0.30307823), (0.95191324, -0.0045359177, 0.004553154, 0.3063001), (-0.00896091, -0.9964347, 0.0015210519, -0.08387315), (0.9999993, 0, 9.313226e-9, 3.7252903e-9), (0.9999993, 0, 9.313226e-9, 3.7252903e-9), (0.9999993, 0, 9.313226e-9, 3.7252903e-9), (0.9989933, 0.036192857, 0.020362958, 0.016946442), (0.9999995, 0.00039252127, 0.00016830862, 0.0001204561), (0.9999769, 0.00037976238, -0.006277323, -0.002466761), (0.99650127, -0.002001144, -0.0066684633, -0.08328211), (0.5113066, -0.48755774, -0.47603858, -0.52367824), (0.47614497, -0.52276736, -0.51150244, -0.48822612), (1, 1.4901161e-8, -7.450581e-9, -9.313226e-10), (0.51150286, -0.48822558, -0.47614452, -0.5227675), (0.9999993, 0, 7.450581e-9, 4.5110937e-10), (0.5035658, -0.4956131, -0.5043607, -0.4963953), (0.0065679513, 0.7466583, 0.076856434, 0.6607195), (0.9528831, -0.031101227, -0.28950828, 0.08503169), (0.70802295, -0.20634314, -0.2160067, 0.63989544), (0.9999994, 1.4901161e-8, -2.9802322e-8, -4.4703484e-8), (0.9999994, 1.4901161e-8, -2.9802322e-8, -4.4703484e-8), (0.9999994, 1.4901161e-8, -2.9802322e-8, -4.4703484e-8), (0.9999994, 1.4901161e-8, -2.9802322e-8, -4.4703484e-8), (0.6576673, 0.7523604, 0.009151608, 0.03664756), (0.9967348, 0.014459401, 0.06571627, -0.04461974), (0.79581565, -0.106646, 0.0925678, 0.58884126), (0.7891269, -0.021788806, -0.017669827, 0.6135882), (-0.692113, -0.042247504, 0.0736523, -0.71677685), (0.99923944, -0.02104944, 0.030697435, -0.011584282), (0.8241092, -0.123716444, 0.065153986, 0.54890114), (0.7209624, 0.027400762, -0.035418004, 0.69152534), (-0.823266, -0.022620946, 0.04999438, -0.5649966), (0.99999946, 0.000011503696, 0, -1.1920929e-7), (0.98647356, -0.11451411, -0.08534616, 0.080445945), (0.89059055, 0.012423664, 0.22183254, 0.39684162), (0.7009399, -0.013982445, 0.12590384, 0.7018794), (-0.7361513, -0.035240054, -0.16006604, -0.6566713), (0.9894866, -0.13689616, -0.026187032, 0.038588524), (0.87735826, 0.049114257, 0.08789295, 0.4691522), (-0.69530684, 0.009951085, -0.06043102, -0.71609783), (0.7483114, -0.037726313, 0.09666556, 0.65518045), (0.8063884, 0.3577369, 0.46711, -0.059744656), (0.9860524, 0.0797206, -0.059100747, 0.13360849), (0.96128964, 0.12607181, 0.034214735, 0.24260321), (0.9624193, -0.012050904, 0.0051065087, 0.27125034), (0.9964268, -0.008834869, -0.08393893, -0.0030198097), (0.9999993, 0, 0, 7.450581e-9), (0.9999993, 0, 0, 7.450581e-9), (0.9999993, 0, 0, 7.450581e-9), (0.4985932, -0.5006517, -0.49934402, -0.5014056), (-0.008996361, -0.02677074, -0.0008519888, 0.99960077), (0.974905, -0.036922656, 0.015829325, 0.21896642), (-0.009999432, 0.96836233, -0.24906042, 0.01197803), (-0.0044949353, 0.6746215, 0.73814976, -0.0007812083), (0.99999094, 0.000012960751, 0.000004261732, 0.004246788), (0.99999946, 1.8789433e-7, -0.0000012740493, -0.0011719856), (0.5116748, -0.49582732, 0.50616425, 0.48594475), (0.9999989, 1.5180558e-7, 5.9604645e-7, -0.0014618896), (0.9996092, -0.027957864, 7.1525574e-7, -8.195639e-8), (0.9984369, -0.0558938, 0.0000019967556, 3.7252903e-9), (0.9964124, -0.08463031, 0.0000022947788, 1.8626451e-7), (1, 2.6030466e-7, 5.364418e-7, 3.282912e-8), (1.0000001, 9.778887e-9, 0.000001475215, -1.9790605e-8), (1.0000001, 6.6915527e-7, 0.0000013038516, 4.656613e-9), (0.9255978, 0.0029080834, -0.042645328, -0.37608755), (0.65503883, -0.027848296, 0.03702645, 0.7541735), (0.05683439, 0.98326606, 0.17241286, -0.015219331), (-0.0003080964, 0.7060101, 0.7082014, 0.0007827878), (0.99999255, -0.0000020489097, 0.000085406005, 0.0038501993), (0.9999994, 1.15484e-7, -0.0000012516975, -0.0011719726), (-0.49561295, -0.5115018, -0.48623276, 0.5062724), (0.9999989, 1.2945384e-7, 5.662441e-7, -0.0014618943), (0.99960923, -0.027957752, -2.9802322e-8, -2.0489097e-8), (0.99843675, -0.055893764, 0, -1.4901161e-8), (0.9964124, -0.08463032, -5.9604645e-8, -7.8231096e-8), (0.99999994, 1.9557774e-7, -5.9604645e-8, -4.9360096e-8), (1, 0, 0, 0), (1, 6.426126e-7, 0, -8.8475645e-9), (0.49989986, -0.49990037, -0.50010103, -0.5000989), (0.49989986, -0.49990037, -0.50010103, -0.5000989), (0.49989986, -0.49990037, -0.50010103, -0.5000989), (0.49989986, -0.49990037, -0.50010103, -0.5000989)],
                17: [(1, 0.000082379076, -0.00003123687, 0.0000129057735), (0.45739603, 0.51260626, 0.44808444, 0.5720525), (0.99930745, -0.0010798556, -0.030514149, 0.021269372), (0.99908245, -0.03210559, -0.0028144917, 0.028202744), (0.9994886, -0.03139821, -0.0025965148, 0.005471259), (0.99776995, -0.05516394, 0.011505918, 0.03577245), (0.6851769, 0.0023888084, -0.7257688, -0.061533414), (0.93953943, -0.028359631, -0.300027, 0.16261859), (0.7180423, -0.2982694, -0.036126498, 0.6278099), (0.9999999, -8.6613e-8, -1.1175871e-8, 0), (0.9999999, -8.6613e-8, -1.1175871e-8, 0), (0.9999999, -8.6613e-8, -1.1175871e-8, 0), (0.9999999, -8.6613e-8, -1.1175871e-8, 0), (0.64200443, 0.7554104, 0.09036381, -0.09497259), (0.99648917, 0.016840098, 0.06154524, -0.054203108), (0.8301686, 0.008363858, 0.02945517, 0.55667186), (0.78962284, -0.021856492, -0.018712224, 0.6129184), (-0.6870081, -0.023860188, 0.056985795, -0.7240193), (0.9991379, -0.023506835, 0.026987704, -0.02104468), (0.8562124, -0.018356517, -0.013062576, 0.5161329), (0.71831393, 0.027248789, -0.036681555, 0.6942173), (-0.82255137, -0.025196582, 0.050380297, -0.5658946), (1.0000004, -0.000011146069, 0.0000014603138, 0.0000023189932), (0.9976286, 0.005406561, -0.04254575, 0.053833183), (0.89747095, -0.059467927, 0.15699923, 0.40787372), (-0.7003156, 0.012454554, -0.12744054, -0.70225513), (0.740213, 0.034620702, 0.1601606, 0.6521008), (0.98906875, -0.14169973, -0.028722882, 0.028969973), (0.8756108, 0.09373475, 0.034978956, 0.47254217), (0.69778, -0.007905619, 0.060294308, 0.7137263), (-0.7397708, 0.0009160675, -0.06612183, -0.6696014), (0.8060909, 0.38155267, 0.45106858, -0.034239404), (0.9805898, 0.09276652, -0.076621436, 0.15481389), (0.9501196, 0.07271107, 0.013238065, 0.30300334), (0.9519132, -0.0045341207, 0.0045548715, 0.30630094), (-0.008960944, -0.9964353, 0.0015210523, -0.083873175), (0.9999999, 2.9802326e-8, -1.4901163e-8, -1.2107194e-8), (0.9999999, 2.9802326e-8, -1.4901163e-8, -1.2107194e-8), (0.9999999, 2.9802326e-8, -1.4901163e-8, -1.2107194e-8), (0.99173605, 0.12573849, 0.008264503, 0.024102958), (0.9999811, 0.00072436477, -0.0030784737, 0.00525356), (0.9999508, 0.00075371115, -0.009523104, 0.0026642503), (0.9962847, 0.0017067331, -0.029138735, -0.08102183), (0.5113068, -0.48755792, -0.47603878, -0.52367854), (0.47614515, -0.52276754, -0.51150256, -0.4882263), (1.0000002, 2.2351742e-8, -1.4901161e-8, -1.3969839e-9), (0.51150316, -0.4882258, -0.4761448, -0.5227677), (0.9999999, 0, 8.250936e-9, 4.656613e-10), (0.503566, -0.4956133, -0.5043609, -0.49639547), (0.06315577, 0.76425016, 0.0674684, 0.6382639), (0.97520286, -0.011164038, -0.21974199, 0.023828477), (0.7240612, -0.10376058, -0.27521718, 0.62387854), (0.99999976, 9.313227e-9, -3.539026e-8, -4.6100475e-8), (0.99999976, 9.313227e-9, -3.539026e-8, -4.6100475e-8), (0.99999976, 9.313227e-9, -3.539026e-8, -4.6100475e-8), (0.99999976, 9.313227e-9, -3.539026e-8, -4.6100475e-8), (0.642213, 0.7650378, -0.047198415, 0.0072058504), (0.9967944, 0.01463085, 0.06405667, -0.045642357), (0.79581726, -0.106612906, 0.09258137, 0.5888439), (0.7891256, -0.021769749, -0.017693698, 0.6135911), (-0.6921182, -0.042271838, 0.07360907, -0.7167757), (0.9992767, -0.020970277, 0.029073127, -0.012673559), (0.8241087, -0.12368662, 0.065161474, 0.548908), (0.7209592, 0.027424812, -0.035445217, 0.69152653), (-0.82327133, -0.022643432, 0.049944464, -0.56499267), (0.99999976, 0.000011449682, 0, -1.192093e-7), (0.9864198, -0.114708826, -0.086848736, 0.079213776), (0.89058906, 0.012450479, 0.22183384, 0.39684448), (0.70093626, -0.013951812, 0.12588665, 0.70188737), (-0.7361505, -0.035257123, -0.1601141, -0.6566602), (0.989486, -0.13696288, -0.027673198, 0.037316963), (0.87735087, 0.049169682, 0.08791726, 0.46915665), (-0.69530916, 0.010001884, -0.060453508, -0.7160938), (0.7483111, -0.037741683, 0.096633285, 0.65518534), (0.8068875, 0.35832885, 0.4658219, -0.059520584), (0.986029, 0.07983728, -0.059721068, 0.1334384), (0.9612893, 0.12608764, 0.034223888, 0.24259695), (0.962419, -0.012051334, 0.005112915, 0.27125272), (0.99642706, -0.008834842, -0.083938904, -0.0030198395), (0.99999964, -2.4214392e-8, 5.587937e-9, 0), (0.99999964, -2.4214392e-8, 5.587937e-9, 0), (0.99999964, -2.4214392e-8, 5.587937e-9, 0), (0.4985934, -0.5006519, -0.49934423, -0.5014058), (-0.12836204, -0.046262976, 0.0015639961, 0.9906466), (0.98665243, -0.07324887, 0.013717815, 0.14478827), (0.00076921476, 0.9967445, 0.078858696, 0.01676555), (0.003035481, 0.5374959, 0.8432556, 0.0029710117), (0.9999887, -0.000013575311, 0.000013953094, 0.004737614), (0.9999993, 2.0128212e-7, -0.0000012516977, -0.0011720363), (0.51167476, -0.49582723, 0.50616413, 0.4859446), (0.99999887, 1.1414522e-7, 5.606562e-7, -0.0014619222), (0.9996092, -0.027957875, 7.4505806e-7, -8.405186e-8), (0.99843687, -0.055893768, 0.0000019911677, 0), (0.9964125, -0.084630325, 0.0000023599714, 1.816079e-7), (1.0000002, 2.628658e-7, 5.122274e-7, 4.505273e-8), (1.0000002, 1.0128133e-8, 0.0000015199184, -6.868504e-9), (1.0000002, 6.7509245e-7, 0.0000013532117, 1.21071935e-8), (0.9261479, 0.0132631, -0.026534224, -0.37599215), (0.8205819, -0.011810153, 0.010391355, 0.5713123), (0.057452787, 0.9979735, 0.016368095, 0.021910701), (0.0002602408, 0.7003442, 0.7138034, 0.001626436), (0.99999094, -0.000012992649, 0.00006857328, 0.004232273), (0.9999993, 1.504086e-7, -0.0000012018718, -0.0011719712), (-0.49561292, -0.5115018, -0.48623276, 0.50627244), (0.9999989, 1.3260434e-7, 5.6903815e-7, -0.0014618956), (0.9996092, -0.027957724, -2.142042e-8, 6.9849193e-9), (0.9984366, -0.05589377, 2.4214389e-8, 1.3504178e-8), (0.99641234, -0.08463032, -8.381903e-9, -6.891787e-8), (0.9999999, 1.7220736e-7, -2.4214387e-8, -2.1304004e-8), (0.9999999, 0, 0, 0), (0.9999999, 6.217306e-7, -4.5634806e-8, -3.2712705e-8), (0.49989986, -0.49990043, -0.500101, -0.5000988), (0.49989986, -0.49990043, -0.500101, -0.5000988), (0.49989986, -0.49990043, -0.500101, -0.5000988), (0.49989986, -0.49990043, -0.500101, -0.5000988)],
                18: [(1, 0.000012577077, -2.9123193e-9, 0.00003168467), (0.46207184, 0.50470936, 0.4462861, 0.57670337), (0.99921525, -0.0027351696, -0.03508266, 0.018185087), (0.99889296, -0.036968872, 0.0006714668, 0.0290812), (0.9993187, -0.0364704, -0.0028500818, 0.0048981123), (0.9964436, -0.07277812, 0.018039059, 0.038444925), (0.69246626, -0.0004590899, -0.71941674, -0.054127358), (0.9379869, -0.020789687, -0.30026352, 0.17201814), (0.7012776, -0.33470047, -0.0027718917, 0.6294263), (0.9999999, -8.940699e-8, -2.980233e-8, 0), (0.9999999, -8.940699e-8, -2.980233e-8, 0), (0.9999999, -8.940699e-8, -2.980233e-8, 0), (0.9999999, -8.940699e-8, -2.980233e-8, 0), (0.60919064, 0.77627, 0.12730151, -0.1004298), (0.9963107, 0.016314492, 0.062737904, -0.05623728), (0.83018386, 0.008373857, 0.029472932, 0.55664694), (0.78962183, -0.021856643, -0.018710904, 0.61291873), (-0.6870096, -0.023858361, 0.05698663, -0.72401726), (0.9990454, -0.024057291, 0.02828271, -0.023011163), (0.8562285, -0.01835192, -0.0130350515, 0.5161066), (0.71830964, 0.027240455, -0.03668528, 0.69422156), (-0.822556, -0.025200345, 0.05038804, -0.56588674), (0.99999994, -0.0000111833215, 0.0000014454126, 0.0000023022294), (0.99778914, 0.004811533, -0.041260883, 0.051878348), (0.89748025, -0.05945994, 0.15700933, 0.4078504), (-0.700327, 0.012434453, -0.12744854, -0.70224273), (0.74020743, 0.034613825, 0.16017255, 0.6521045), (0.98907757, -0.14229125, -0.027176812, 0.027205959), (0.8756225, 0.09374201, 0.035009444, 0.47251666), (0.6977763, -0.007922053, 0.060292546, 0.71372974), (-0.7397746, 0.00091504323, -0.06609495, -0.66960007), (0.8056513, 0.38144824, 0.45175493, -0.036617182), (0.9804677, 0.09314477, -0.07697527, 0.15518409), (0.95011437, 0.07270783, 0.01322902, 0.30302057), (0.95191324, -0.0045353323, 0.0045533404, 0.30630004), (-0.00896091, -0.996435, 0.0015210225, -0.08387317), (0.99999994, 0, -3.7252907e-9, 0), (0.99999994, 0, -3.7252907e-9, 0), (0.99999994, 0, -3.7252907e-9, 0), (0.98800635, 0.15339458, 0.012267576, 0.012768333), (0.99965525, 0.0035500776, -0.014054534, 0.021888025), (0.9995972, 0.003720001, -0.020489529, 0.019282486), (0.99687314, 0.007413891, -0.04485308, -0.06463048), (0.5113068, -0.48755795, -0.47603878, -0.52367854), (0.47614515, -0.52276754, -0.5115026, -0.48822623), (1.0000002, 1.6763806e-8, -1.4901161e-8, -1.5133992e-9), (0.51150316, -0.4882258, -0.47614476, -0.5227678), (0.99999994, 0, 7.450583e-9, 5.8207683e-10), (0.5035661, -0.49561325, -0.504361, -0.49639547), (0.068725295, 0.767529, 0.06443616, 0.6340536), (0.9777776, -0.0066583757, -0.20885769, 0.016881112), (0.7311511, -0.08486612, -0.26906592, 0.6211436), (0.99999994, 1.8626453e-8, -2.2351742e-8, -5.7742003e-8), (0.99999994, 1.8626453e-8, -2.2351742e-8, -5.7742003e-8), (0.99999994, 1.8626453e-8, -2.2351742e-8, -5.7742003e-8), (0.99999994, 1.8626453e-8, -2.2351742e-8, -5.7742003e-8), (0.6325791, 0.7711773, -0.071484335, -0.0043922663), (0.99683696, 0.015021124, 0.06317878, -0.045813896), (0.7958171, -0.10662513, 0.09257701, 0.58884275), (0.78912467, -0.02177731, -0.017676698, 0.6135926), (-0.692119, -0.042247295, 0.073622376, -0.7167753), (0.9993069, -0.020616367, 0.028188938, -0.012888827), (0.82410836, -0.123697504, 0.06515689, 0.5489069), (0.72095895, 0.027418235, -0.03542626, 0.6915282), (-0.82327145, -0.022618003, 0.049959455, -0.56499255), (1, 0.000011473895, 2.9802322e-8, -8.9406974e-8), (0.98639655, -0.11446679, -0.08773467, 0.07887918), (0.8905902, 0.012442733, 0.2218305, 0.39684427), (0.7009389, -0.013958145, 0.12589969, 0.7018825), (-0.7361499, -0.035239697, -0.16010606, -0.6566639), (0.9895149, -0.1366682, -0.028541612, 0.03698007), (0.8773522, 0.049142446, 0.08791492, 0.46915773), (-0.69530964, 0.009999754, -0.060424633, -0.7160957), (0.748311, -0.037721094, 0.09663459, 0.6551865), (0.8071552, 0.3584153, 0.4653319, -0.059206072), (0.98596007, 0.08009279, -0.059957746, 0.13368979), (0.96128863, 0.12608302, 0.034220792, 0.242603), (0.9624193, -0.012051333, 0.0051105814, 0.27125242), (0.9964273, -0.008834854, -0.08393894, -0.003019832), (0.9999999, 2.980233e-8, 2.980233e-8, 0), (0.9999999, 2.980233e-8, 2.980233e-8, 0), (0.9999999, 2.980233e-8, 2.980233e-8, 0), (0.4985934, -0.5006519, -0.49934423, -0.5014057), (-0.16594695, -0.05125221, 0.0047843084, 0.9847903), (0.99014986, -0.08499173, 0.013551153, 0.11043565), (0.014005923, 0.9603654, 0.27784008, 0.017524868), (0.0023660215, 0.41942638, 0.9077695, 0.005505313), (0.9999936, -0.0000700881, 0.000063449166, 0.0035552634), (0.9999993, 1.853332e-7, -0.0000012367964, -0.0011720126), (0.51167476, -0.49582723, 0.5061642, 0.4859446), (0.99999905, 1.2665987e-7, 5.438924e-7, -0.0014619268), (0.9996091, -0.027957885, 7.4505806e-7, -7.916242e-8), (0.9984369, -0.055893786, 0.0000019967556, -2.2351742e-8), (0.9964125, -0.08463032, 0.0000023320317, 1.6577543e-7), (1.0000002, 2.7334318e-7, 5.066395e-7, 4.4703484e-8), (1.0000002, 4.656613e-8, 0.000001501292, -1.4901161e-8), (1.0000002, 6.8033114e-7, 0.0000013299286, 2.142042e-8), (0.9242877, 0.014764555, -0.025393493, -0.38056487), (0.84891117, -0.0035586143, 0.002655948, 0.5285171), (0.06131334, 0.9958999, -0.058975734, 0.030761346), (-0.00032885373, 0.7097465, 0.7044569, 0.00094258785), (0.99999046, -0.000007227063, 0.00007662922, 0.0044058855), (0.9999995, 1.1175871e-7, -0.0000012367964, -0.0011719689), (-0.49561304, -0.5115019, -0.48623285, 0.50627255), (0.99999905, 1.5938713e-7, 5.327165e-7, -0.0014619147), (0.99960935, -0.027957778, -3.7252903e-9, -1.3969839e-8), (0.9984369, -0.055893753, -2.6077032e-8, 5.5879354e-9), (0.9964125, -0.08463033, -1.15484e-7, -5.9604645e-8), (1, 1.6647391e-7, -5.9604645e-8, -2.9336661e-8), (1, 0, 0, 0), (1.0000001, 6.2183244e-7, -2.9802322e-8, -4.33065e-8), (0.49989983, -0.49990028, -0.500101, -0.5000988), (0.49989983, -0.49990028, -0.500101, -0.5000988), (0.49989983, -0.49990028, -0.500101, -0.5000988), (0.49989983, -0.49990028, -0.500101, -0.5000988)],
            }
            half3[] scales.timeSamples = {
                0: [(1, 1, 1), (1, 1, 1), (1, 1, 1), (1, 1, 1), (1, 1, 1), (1, 1, 1), (1, 1, 1), (1, 1, 1), (1, 1, 1), (1, 1, 1), (1, 1, 1), (1, 1, 1), (1, 1, 1), (1, 1, 1), (1, 1, 1), (1, 1, 1), (1, 1, 1), (1, 1, 1), (1, 1, 1), (1, 1, 1), (1, 1, 1), (1, 1, 1), (1, 1, 1), (1, 1, 1), (1, 1, 1), (1, 1, 1), (1, 1, 1), (1, 1, 1), (1, 1, 1), (1, 1, 1), (1, 1, 1), (1, 1, 1), (1, 1, 1), (1, 1, 1), (1, 1, 1), (1, 1, 1), (1, 1, 1), (1, 1, 1), (1, 1, 1), (1, 1, 1), (1, 1, 1), (1, 1, 1), (1, 1, 1), (1, 1, 1), (1, 1, 1), (1, 1, 1), (1, 1, 1), (1, 1, 1), (1, 1, 1), (1, 1, 1), (1, 1, 1), (1, 1, 1), (1, 1, 1), (1, 1, 1), (1, 1, 1), (1, 1, 1), (1, 1, 1), (1, 1, 1), (1, 1, 1), (1, 1, 1), (1, 1, 1), (1, 1, 1), (1, 1, 1), (1, 1, 1), (1, 1, 1), (1, 1, 1), (1, 1, 1), (1, 1, 1), (1, 1, 1), (1, 1, 1), (1, 1, 1), (1, 1, 1), (1, 1, 1), (1, 1, 1), (1, 1, 1), (1, 1, 1), (1, 1, 1), (1, 1, 1), (1, 1, 1), (1, 1, 1), (1, 1, 1), (1, 1, 1), (1, 1, 1), (1, 1, 1), (1, 1, 1), (1, 1, 1), (1, 1, 1), (1, 1, 1), (1, 1, 1), (1, 1, 1), (1, 1, 1), (1, 1, 1), (1, 1, 1), (1, 1, 1), (1, 1, 1), (1, 1, 1), (1, 1, 1), (1, 1, 1), (1, 1, 1), (1, 1, 1), (1, 1, 1), (1, 1, 1), (1, 1, 1), (1, 1, 1), (1, 1, 1), (1, 1, 1), (1, 1, 1), (1, 1, 1), (1, 1, 1), (1, 1, 1), (1, 1, 1), (1, 1, 1), (1, 1, 1), (1, 1, 1), (1, 1, 1)],
                1: [(1, 1, 1), (1, 1, 1), (1, 1, 1), (1, 1, 1), (1, 1, 1), (1, 1, 1), (1, 1, 1), (1, 1, 1), (1, 1, 1), (1, 1, 1), (1, 1, 1), (1, 1, 1), (1, 1, 1), (1, 1, 1), (1, 1, 1), (1, 1, 1), (1, 1, 1), (1, 1, 1), (1, 1, 1), (1, 1, 1), (1, 1, 1), (1, 1, 1), (1, 1, 1), (1, 1, 1), (1, 1, 1), (1, 1, 1), (1, 1, 1), (1, 1, 1), (1, 1, 1), (1, 1, 1), (1, 1, 1), (1, 1, 1), (1, 1, 1), (1, 1, 1), (1, 1, 1), (1, 1, 1), (1, 1, 1), (1, 1, 1), (1, 1, 1), (1, 1, 1), (1, 1, 1), (1, 1, 1), (1, 1, 1), (1, 1, 1), (1, 1, 1), (1, 1, 1), (1, 1, 1), (1, 1, 1), (1, 1, 1), (1, 1, 1), (1, 1, 1), (1, 1, 1), (1, 1, 1), (1, 1, 1), (1, 1, 1), (1, 1, 1), (1, 1, 1), (1, 1, 1), (1, 1, 1), (1, 1, 1), (1, 1, 1), (1, 1, 1), (1, 1, 1), (1, 1, 1), (1, 1, 1), (1, 1, 1), (1, 1, 1), (1, 1, 1), (1, 1, 1), (1, 1, 1), (1, 1, 1), (1, 1, 1), (1, 1, 1), (1, 1, 1), (1, 1, 1), (1, 1, 1), (1, 1, 1), (1, 1, 1), (1, 1, 1), (1, 1, 1), (1, 1, 1), (1, 1, 1), (1, 1, 1), (1, 1, 1), (1, 1, 1), (1, 1, 1), (1, 1, 1), (1, 1, 1), (1, 1, 1), (1, 1, 1), (1, 1, 1), (1, 1, 1), (1, 1, 1), (1, 1, 1), (1, 1, 1), (1, 1, 1), (1, 1, 1), (1, 1, 1), (1, 1, 1), (1, 1, 1), (1, 1, 1), (1, 1, 1), (1, 1, 1), (1, 1, 1), (1, 1, 1), (1, 1, 1), (1, 1, 1), (1, 1, 1), (1, 1, 1), (1, 1, 1), (1, 1, 1), (1, 1, 1), (1, 1, 1), (1, 1, 1), (1, 1, 1)],
                2: [(1, 1, 1), (1, 1, 1), (1, 1, 1), (1, 1, 1), (1, 1, 1), (1, 1, 1), (1, 1, 1), (1, 1, 1), (1, 1, 1), (1, 1, 1), (1, 1, 1), (1, 1, 1), (1, 1, 1), (1, 1, 1), (1, 1, 1), (1, 1, 1), (1, 1, 1), (1, 1, 1), (1, 1, 1), (1, 1, 1), (1, 1, 1), (1, 1, 1), (1, 1, 1), (1, 1, 1), (1, 1, 1), (1, 1, 1), (1, 1, 1), (1, 1, 1), (1, 1, 1), (1, 1, 1), (1, 1, 1), (1, 1, 1), (1, 1, 1), (1, 1, 1), (1, 1, 1), (1, 1, 1), (1, 1, 1), (1, 1, 1), (1, 1, 1), (1, 1, 1), (1, 1, 1), (1, 1, 1), (1, 1, 1), (1, 1, 1), (1, 1, 1), (1, 1, 1), (1, 1, 1), (1, 1, 1), (1, 1, 1), (1, 1, 1), (1, 1, 1), (1, 1, 1), (1, 1, 1), (1, 1, 1), (1, 1, 1), (1, 1, 1), (1, 1, 1), (1, 1, 1), (1, 1, 1), (1, 1, 1), (1, 1, 1), (1, 1, 1), (1, 1, 1), (1, 1, 1), (1, 1, 1), (1, 1, 1), (1, 1, 1), (1, 1, 1), (1, 1, 1), (1, 1, 1), (1, 1, 1), (1, 1, 1), (1, 1, 1), (1, 1, 1), (1, 1, 1), (1, 1, 1), (1, 1, 1), (1, 1, 1), (1, 1, 1), (1, 1, 1), (1, 1, 1), (1, 1, 1), (1, 1, 1), (1, 1, 1), (1, 1, 1), (1, 1, 1), (1, 1, 1), (1, 1, 1), (1, 1, 1), (1, 1, 1), (1, 1, 1), (1, 1, 1), (1, 1, 1), (1, 1, 1), (1, 1, 1), (1, 1, 1), (1, 1, 1), (1, 1, 1), (1, 1, 1), (1, 1, 1), (1, 1, 1), (1, 1, 1), (1, 1, 1), (1, 1, 1), (1, 1, 1), (1, 1, 1), (1, 1, 1), (1, 1, 1), (1, 1, 1), (1, 1, 1), (1, 1, 1), (1, 1, 1), (1, 1, 1), (1, 1, 1), (1, 1, 1)],
                3: [(1, 1, 1), (1, 1, 1), (1, 1, 1), (1, 1, 1), (1, 1, 1), (1, 1, 1), (1, 1, 1), (1, 1, 1), (1, 1, 1), (1, 1, 1), (1, 1, 1), (1, 1, 1), (1, 1, 1), (1, 1, 1), (1, 1, 1), (1, 1, 1), (1, 1, 1), (1, 1, 1), (1, 1, 1), (1, 1, 1), (1, 1, 1), (1, 1, 1), (1, 1, 1), (1, 1, 1), (1, 1, 1), (1, 1, 1), (1, 1, 1), (1, 1, 1), (1, 1, 1), (1, 1, 1), (1, 1, 1), (1, 1, 1), (1, 1, 1), (1, 1, 1), (1, 1, 1), (1, 1, 1), (1, 1, 1), (1, 1, 1), (1, 1, 1), (1, 1, 1), (1, 1, 1), (1, 1, 1), (1, 1, 1), (1, 1, 1), (1, 1, 1), (1, 1, 1), (1, 1, 1), (1, 1, 1), (1, 1, 1), (1, 1, 1), (1, 1, 1), (1, 1, 1), (1, 1, 1), (1, 1, 1), (1, 1, 1), (1, 1, 1), (1, 1, 1), (1, 1, 1), (1, 1, 1), (1, 1, 1), (1, 1, 1), (1, 1, 1), (1, 1, 1), (1, 1, 1), (1, 1, 1), (1, 1, 1), (1, 1, 1), (1, 1, 1), (1, 1, 1), (1, 1, 1), (1, 1, 1), (1, 1, 1), (1, 1, 1), (1, 1, 1), (1, 1, 1), (1, 1, 1), (1, 1, 1), (1, 1, 1), (1, 1, 1), (1, 1, 1), (1, 1, 1), (1, 1, 1), (1, 1, 1), (1, 1, 1), (1, 1, 1), (1, 1, 1), (1, 1, 1), (1, 1, 1), (1, 1, 1), (1, 1, 1), (1, 1, 1), (1, 1, 1), (1, 1, 1), (1, 1, 1), (1, 1, 1), (1, 1, 1), (1, 1, 1), (1, 1, 1), (1, 1, 1), (1, 1, 1), (1, 1, 1), (1, 1, 1), (1, 1, 1), (1, 1, 1), (1, 1, 1), (1, 1, 1), (1, 1, 1), (1, 1, 1), (1, 1, 1), (1, 1, 1), (1, 1, 1), (1, 1, 1), (1, 1, 1), (1, 1, 1), (1, 1, 1)],
                4: [(1, 1, 1), (1, 1, 1), (1, 1, 1), (1, 1, 1), (1, 1, 1), (1, 1, 1), (1, 1, 1), (1, 1, 1), (1, 1, 1), (1, 1, 1), (1, 1, 1), (1, 1, 1), (1, 1, 1), (1, 1, 1), (1, 1, 1), (1, 1, 1), (1, 1, 1), (1, 1, 1), (1, 1, 1), (1, 1, 1), (1, 1, 1), (1, 1, 1), (1, 1, 1), (1, 1, 1), (1, 1, 1), (1, 1, 1), (1, 1, 1), (1, 1, 1), (1, 1, 1), (1, 1, 1), (1, 1, 1), (1, 1, 1), (1, 1, 1), (1, 1, 1), (1, 1, 1), (1, 1, 1), (1, 1, 1), (1, 1, 1), (1, 1, 1), (1, 1, 1), (1, 1, 1), (1, 1, 1), (1, 1, 1), (1, 1, 1), (1, 1, 1), (1, 1, 1), (1, 1, 1), (1, 1, 1), (1, 1, 1), (1, 1, 1), (1, 1, 1), (1, 1, 1), (1, 1, 1), (1, 1, 1), (1, 1, 1), (1, 1, 1), (1, 1, 1), (1, 1, 1), (1, 1, 1), (1, 1, 1), (1, 1, 1), (1, 1, 1), (1, 1, 1), (1, 1, 1), (1, 1, 1), (1, 1, 1), (1, 1, 1), (1, 1, 1), (1, 1, 1), (1, 1, 1), (1, 1, 1), (1, 1, 1), (1, 1, 1), (1, 1, 1), (1, 1, 1), (1, 1, 1), (1, 1, 1), (1, 1, 1), (1, 1, 1), (1, 1, 1), (1, 1, 1), (1, 1, 1), (1, 1, 1), (1, 1, 1), (1, 1, 1), (1, 1, 1), (1, 1, 1), (1, 1, 1), (1, 1, 1), (1, 1, 1), (1, 1, 1), (1, 1, 1), (1, 1, 1), (1, 1, 1), (1, 1, 1), (1, 1, 1), (1, 1, 1), (1, 1, 1), (1, 1, 1), (1, 1, 1), (1, 1, 1), (1, 1, 1), (1, 1, 1), (1, 1, 1), (1, 1, 1), (1, 1, 1), (1, 1, 1), (1, 1, 1), (1, 1, 1), (1, 1, 1), (1, 1, 1), (1, 1, 1), (1, 1, 1), (1, 1, 1), (1, 1, 1)],
                5: [(1, 1, 1), (1, 1, 1), (1, 1, 1), (1, 1, 1), (1, 1, 1), (1, 1, 1), (1, 1, 1), (1, 1, 1), (1, 1, 1), (1, 1, 1), (1, 1, 1), (1, 1, 1), (1, 1, 1), (1, 1, 1), (1, 1, 1), (1, 1, 1), (1, 1, 1), (1, 1, 1), (1, 1, 1), (1, 1, 1), (1, 1, 1), (1, 1, 1), (1, 1, 1), (1, 1, 1), (1, 1, 1), (1, 1, 1), (1, 1, 1), (1, 1, 1), (1, 1, 1), (1, 1, 1), (1, 1, 1), (1, 1, 1), (1, 1, 1), (1, 1, 1), (1, 1, 1), (1, 1, 1), (1, 1, 1), (1, 1, 1), (1, 1, 1), (1, 1, 1), (1, 1, 1), (1, 1, 1), (1, 1, 1), (1, 1, 1), (1, 1, 1), (1, 1, 1), (1, 1, 1), (1, 1, 1), (1, 1, 1), (1, 1, 1), (1, 1, 1), (1, 1, 1), (1, 1, 1), (1, 1, 1), (1, 1, 1), (1, 1, 1), (1, 1, 1), (1, 1, 1), (1, 1, 1), (1, 1, 1), (1, 1, 1), (1, 1, 1), (1, 1, 1), (1, 1, 1), (1, 1, 1), (1, 1, 1), (1, 1, 1), (1, 1, 1), (1, 1, 1), (1, 1, 1), (1, 1, 1), (1, 1, 1), (1, 1, 1), (1, 1, 1), (1, 1, 1), (1, 1, 1), (1, 1, 1), (1, 1, 1), (1, 1, 1), (1, 1, 1), (1, 1, 1), (1, 1, 1), (1, 1, 1), (1, 1, 1), (1, 1, 1), (1, 1, 1), (1, 1, 1), (1, 1, 1), (1, 1, 1), (1, 1, 1), (1, 1, 1), (1, 1, 1), (1, 1, 1), (1, 1, 1), (1, 1, 1), (1, 1, 1), (1, 1, 1), (1, 1, 1), (1, 1, 1), (1, 1, 1), (1, 1, 1), (1, 1, 1), (1, 1, 1), (1, 1, 1), (1, 1, 1), (1, 1, 1), (1, 1, 1), (1, 1, 1), (1, 1, 1), (1, 1, 1), (1, 1, 1), (1, 1, 1), (1, 1, 1), (1, 1, 1), (1, 1, 1)],
                6: [(1, 1, 1), (1, 1, 1), (1, 1, 1), (1, 1, 1), (1, 1, 1), (1, 1, 1), (1, 1, 1), (1, 1, 1), (1, 1, 1), (1, 1, 1), (1, 1, 1), (1, 1, 1), (1, 1, 1), (1, 1, 1), (1, 1, 1), (1, 1, 1), (1, 1, 1), (1, 1, 1), (1, 1, 1), (1, 1, 1), (1, 1, 1), (1, 1, 1), (1, 1, 1), (1, 1, 1), (1, 1, 1), (1, 1, 1), (1, 1, 1), (1, 1, 1), (1, 1, 1), (1, 1, 1), (1, 1, 1), (1, 1, 1), (1, 1, 1), (1, 1, 1), (1, 1, 1), (1, 1, 1), (1, 1, 1), (1, 1, 1), (1, 1, 1), (1, 1, 1), (1, 1, 1), (1, 1, 1), (1, 1, 1), (1, 1, 1), (1, 1, 1), (1, 1, 1), (1, 1, 1), (1, 1, 1), (1, 1, 1), (1, 1, 1), (1, 1, 1), (1, 1, 1), (1, 1, 1), (1, 1, 1), (1, 1, 1), (1, 1, 1), (1, 1, 1), (1, 1, 1), (1, 1, 1), (1, 1, 1), (1, 1, 1), (1, 1, 1), (1, 1, 1), (1, 1, 1), (1, 1, 1), (1, 1, 1), (1, 1, 1), (1, 1, 1), (1, 1, 1), (1, 1, 1), (1, 1, 1), (1, 1, 1), (1, 1, 1), (1, 1, 1), (1, 1, 1), (1, 1, 1), (1, 1, 1), (1, 1, 1), (1, 1, 1), (1, 1, 1), (1, 1, 1), (1, 1, 1), (1, 1, 1), (1, 1, 1), (1, 1, 1), (1, 1, 1), (1, 1, 1), (1, 1, 1), (1, 1, 1), (1, 1, 1), (1, 1, 1), (1, 1, 1), (1, 1, 1), (1, 1, 1), (1, 1, 1), (1, 1, 1), (1, 1, 1), (1, 1, 1), (1, 1, 1), (1, 1, 1), (1, 1, 1), (1, 1, 1), (1, 1, 1), (1, 1, 1), (1, 1, 1), (1, 1, 1), (1, 1, 1), (1, 1, 1), (1, 1, 1), (1, 1, 1), (1, 1, 1), (1, 1, 1), (1, 1, 1), (1, 1, 1), (1, 1, 1)],
                7: [(1, 1, 1), (1, 1, 1), (1, 1, 1), (1, 1, 1), (1, 1, 1), (1, 1, 1), (1, 1, 1), (1, 1, 1), (1, 1, 1), (1, 1, 1), (1, 1, 1), (1, 1, 1), (1, 1, 1), (1, 1, 1), (1, 1, 1), (1, 1, 1), (1, 1, 1), (1, 1, 1), (1, 1, 1), (1, 1, 1), (1, 1, 1), (1, 1, 1), (1, 1, 1), (1, 1, 1), (1, 1, 1), (1, 1, 1), (1, 1, 1), (1, 1, 1), (1, 1, 1), (1, 1, 1), (1, 1, 1), (1, 1, 1), (1, 1, 1), (1, 1, 1), (1, 1, 1), (1, 1, 1), (1, 1, 1), (1, 1, 1), (1, 1, 1), (1, 1, 1), (1, 1, 1), (1, 1, 1), (1, 1, 1), (1, 1, 1), (1, 1, 1), (1, 1, 1), (1, 1, 1), (1, 1, 1), (1, 1, 1), (1, 1, 1), (1, 1, 1), (1, 1, 1), (1, 1, 1), (1, 1, 1), (1, 1, 1), (1, 1, 1), (1, 1, 1), (1, 1, 1), (1, 1, 1), (1, 1, 1), (1, 1, 1), (1, 1, 1), (1, 1, 1), (1, 1, 1), (1, 1, 1), (1, 1, 1), (1, 1, 1), (1, 1, 1), (1, 1, 1), (1, 1, 1), (1, 1, 1), (1, 1, 1), (1, 1, 1), (1, 1, 1), (1, 1, 1), (1, 1, 1), (1, 1, 1), (1, 1, 1), (1, 1, 1), (1, 1, 1), (1, 1, 1), (1, 1, 1), (1, 1, 1), (1, 1, 1), (1, 1, 1), (1, 1, 1), (1, 1, 1), (1, 1, 1), (1, 1, 1), (1, 1, 1), (1, 1, 1), (1, 1, 1), (1, 1, 1), (1, 1, 1), (1, 1, 1), (1, 1, 1), (1, 1, 1), (1, 1, 1), (1, 1, 1), (1, 1, 1), (1, 1, 1), (1, 1, 1), (1, 1, 1), (1, 1, 1), (1, 1, 1), (1, 1, 1), (1, 1, 1), (1, 1, 1), (1, 1, 1), (1, 1, 1), (1, 1, 1), (1, 1, 1), (1, 1, 1), (1, 1, 1), (1, 1, 1)],
                8: [(1, 1, 1), (1, 1, 1), (1, 1, 1), (1, 1, 1), (1, 1, 1), (1, 1, 1), (1, 1, 1), (1, 1, 1), (1, 1, 1), (1, 1, 1), (1, 1, 1), (1, 1, 1), (1, 1, 1), (1, 1, 1), (1, 1, 1), (1, 1, 1), (1, 1, 1), (1, 1, 1), (1, 1, 1), (1, 1, 1), (1, 1, 1), (1, 1, 1), (1, 1, 1), (1, 1, 1), (1, 1, 1), (1, 1, 1), (1, 1, 1), (1, 1, 1), (1, 1, 1), (1, 1, 1), (1, 1, 1), (1, 1, 1), (1, 1, 1), (1, 1, 1), (1, 1, 1), (1, 1, 1), (1, 1, 1), (1, 1, 1), (1, 1, 1), (1, 1, 1), (1, 1, 1), (1, 1, 1), (1, 1, 1), (1, 1, 1), (1, 1, 1), (1, 1, 1), (1, 1, 1), (1, 1, 1), (1, 1, 1), (1, 1, 1), (1, 1, 1), (1, 1, 1), (1, 1, 1), (1, 1, 1), (1, 1, 1), (1, 1, 1), (1, 1, 1), (1, 1, 1), (1, 1, 1), (1, 1, 1), (1, 1, 1), (1, 1, 1), (1, 1, 1), (1, 1, 1), (1, 1, 1), (1, 1, 1), (1, 1, 1), (1, 1, 1), (1, 1, 1), (1, 1, 1), (1, 1, 1), (1, 1, 1), (1, 1, 1), (1, 1, 1), (1, 1, 1), (1, 1, 1), (1, 1, 1), (1, 1, 1), (1, 1, 1), (1, 1, 1), (1, 1, 1), (1, 1, 1), (1, 1, 1), (1, 1, 1), (1, 1, 1), (1, 1, 1), (1, 1, 1), (1, 1, 1), (1, 1, 1), (1, 1, 1), (1, 1, 1), (1, 1, 1), (1, 1, 1), (1, 1, 1), (1, 1, 1), (1, 1, 1), (1, 1, 1), (1, 1, 1), (1, 1, 1), (1, 1, 1), (1, 1, 1), (1, 1, 1), (1, 1, 1), (1, 1, 1), (1, 1, 1), (1, 1, 1), (1, 1, 1), (1, 1, 1), (1, 1, 1), (1, 1, 1), (1, 1, 1), (1, 1, 1), (1, 1, 1), (1, 1, 1), (1, 1, 1)],
                9: [(1, 1, 1), (1, 1, 1), (1, 1, 1), (1, 1, 1), (1, 1, 1), (1, 1, 1), (1, 1, 1), (1, 1, 1), (1, 1, 1), (1, 1, 1), (1, 1, 1), (1, 1, 1), (1, 1, 1), (1, 1, 1), (1, 1, 1), (1, 1, 1), (1, 1, 1), (1, 1, 1), (1, 1, 1), (1, 1, 1), (1, 1, 1), (1, 1, 1), (1, 1, 1), (1, 1, 1), (1, 1, 1), (1, 1, 1), (1, 1, 1), (1, 1, 1), (1, 1, 1), (1, 1, 1), (1, 1, 1), (1, 1, 1), (1, 1, 1), (1, 1, 1), (1, 1, 1), (1, 1, 1), (1, 1, 1), (1, 1, 1), (1, 1, 1), (1, 1, 1), (1, 1, 1), (1, 1, 1), (1, 1, 1), (1, 1, 1), (1, 1, 1), (1, 1, 1), (1, 1, 1), (1, 1, 1), (1, 1, 1), (1, 1, 1), (1, 1, 1), (1, 1, 1), (1, 1, 1), (1, 1, 1), (1, 1, 1), (1, 1, 1), (1, 1, 1), (1, 1, 1), (1, 1, 1), (1, 1, 1), (1, 1, 1), (1, 1, 1), (1, 1, 1), (1, 1, 1), (1, 1, 1), (1, 1, 1), (1, 1, 1), (1, 1, 1), (1, 1, 1), (1, 1, 1), (1, 1, 1), (1, 1, 1), (1, 1, 1), (1, 1, 1), (1, 1, 1), (1, 1, 1), (1, 1, 1), (1, 1, 1), (1, 1, 1), (1, 1, 1), (1, 1, 1), (1, 1, 1), (1, 1, 1), (1, 1, 1), (1, 1, 1), (1, 1, 1), (1, 1, 1), (1, 1, 1), (1, 1, 1), (1, 1, 1), (1, 1, 1), (1, 1, 1), (1, 1, 1), (1, 1, 1), (1, 1, 1), (1, 1, 1), (1, 1, 1), (1, 1, 1), (1, 1, 1), (1, 1, 1), (1, 1, 1), (1, 1, 1), (1, 1, 1), (1, 1, 1), (1, 1, 1), (1, 1, 1), (1, 1, 1), (1, 1, 1), (1, 1, 1), (1, 1, 1), (1, 1, 1), (1, 1, 1), (1, 1, 1), (1, 1, 1), (1, 1, 1)],
                10: [(1, 1, 1), (1, 1, 1), (1, 1, 1), (1, 1, 1), (1, 1, 1), (1, 1, 1), (1, 1, 1), (1, 1, 1), (1, 1, 1), (1, 1, 1), (1, 1, 1), (1, 1, 1), (1, 1, 1), (1, 1, 1), (1, 1, 1), (1, 1, 1), (1, 1, 1), (1, 1, 1), (1, 1, 1), (1, 1, 1), (1, 1, 1), (1, 1, 1), (1, 1, 1), (1, 1, 1), (1, 1, 1), (1, 1, 1), (1, 1, 1), (1, 1, 1), (1, 1, 1), (1, 1, 1), (1, 1, 1), (1, 1, 1), (1, 1, 1), (1, 1, 1), (1, 1, 1), (1, 1, 1), (1, 1, 1), (1, 1, 1), (1, 1, 1), (1, 1, 1), (1, 1, 1), (1, 1, 1), (1, 1, 1), (1, 1, 1), (1, 1, 1), (1, 1, 1), (1, 1, 1), (1, 1, 1), (1, 1, 1), (1, 1, 1), (1, 1, 1), (1, 1, 1), (1, 1, 1), (1, 1, 1), (1, 1, 1), (1, 1, 1), (1, 1, 1), (1, 1, 1), (1, 1, 1), (1, 1, 1), (1, 1, 1), (1, 1, 1), (1, 1, 1), (1, 1, 1), (1, 1, 1), (1, 1, 1), (1, 1, 1), (1, 1, 1), (1, 1, 1), (1, 1, 1), (1, 1, 1), (1, 1, 1), (1, 1, 1), (1, 1, 1), (1, 1, 1), (1, 1, 1), (1, 1, 1), (1, 1, 1), (1, 1, 1), (1, 1, 1), (1, 1, 1), (1, 1, 1), (1, 1, 1), (1, 1, 1), (1, 1, 1), (1, 1, 1), (1, 1, 1), (1, 1, 1), (1, 1, 1), (1, 1, 1), (1, 1, 1), (1, 1, 1), (1, 1, 1), (1, 1, 1), (1, 1, 1), (1, 1, 1), (1, 1, 1), (1, 1, 1), (1, 1, 1), (1, 1, 1), (1, 1, 1), (1, 1, 1), (1, 1, 1), (1, 1, 1), (1, 1, 1), (1, 1, 1), (1, 1, 1), (1, 1, 1), (1, 1, 1), (1, 1, 1), (1, 1, 1), (1, 1, 1), (1, 1, 1), (1, 1, 1), (1, 1, 1)],
                11: [(1, 1, 1), (1, 1, 1), (1, 1, 1), (1, 1, 1), (1, 1, 1), (1, 1, 1), (1, 1, 1), (1, 1, 1), (1, 1, 1), (1, 1, 1), (1, 1, 1), (1, 1, 1), (1, 1, 1), (1, 1, 1), (1, 1, 1), (1, 1, 1), (1, 1, 1), (1, 1, 1), (1, 1, 1), (1, 1, 1), (1, 1, 1), (1, 1, 1), (1, 1, 1), (1, 1, 1), (1, 1, 1), (1, 1, 1), (1, 1, 1), (1, 1, 1), (1, 1, 1), (1, 1, 1), (1, 1, 1), (1, 1, 1), (1, 1, 1), (1, 1, 1), (1, 1, 1), (1, 1, 1), (1, 1, 1), (1, 1, 1), (1, 1, 1), (1, 1, 1), (1, 1, 1), (1, 1, 1), (1, 1, 1), (1, 1, 1), (1, 1, 1), (1, 1, 1), (1, 1, 1), (1, 1, 1), (1, 1, 1), (1, 1, 1), (1, 1, 1), (1, 1, 1), (1, 1, 1), (1, 1, 1), (1, 1, 1), (1, 1, 1), (1, 1, 1), (1, 1, 1), (1, 1, 1), (1, 1, 1), (1, 1, 1), (1, 1, 1), (1, 1, 1), (1, 1, 1), (1, 1, 1), (1, 1, 1), (1, 1, 1), (1, 1, 1), (1, 1, 1), (1, 1, 1), (1, 1, 1), (1, 1, 1), (1, 1, 1), (1, 1, 1), (1, 1, 1), (1, 1, 1), (1, 1, 1), (1, 1, 1), (1, 1, 1), (1, 1, 1), (1, 1, 1), (1, 1, 1), (1, 1, 1), (1, 1, 1), (1, 1, 1), (1, 1, 1), (1, 1, 1), (1, 1, 1), (1, 1, 1), (1, 1, 1), (1, 1, 1), (1, 1, 1), (1, 1, 1), (1, 1, 1), (1, 1, 1), (1, 1, 1), (1, 1, 1), (1, 1, 1), (1, 1, 1), (1, 1, 1), (1, 1, 1), (1, 1, 1), (1, 1, 1), (1, 1, 1), (1, 1, 1), (1, 1, 1), (1, 1, 1), (1, 1, 1), (1, 1, 1), (1, 1, 1), (1, 1, 1), (1, 1, 1), (1, 1, 1), (1, 1, 1), (1, 1, 1)],
                12: [(1, 1, 1), (1, 1, 1), (1, 1, 1), (1, 1, 1), (1, 1, 1), (1, 1, 1), (1, 1, 1), (1, 1, 1), (1, 1, 1), (1, 1, 1), (1, 1, 1), (1, 1, 1), (1, 1, 1), (1, 1, 1), (1, 1, 1), (1, 1, 1), (1, 1, 1), (1, 1, 1), (1, 1, 1), (1, 1, 1), (1, 1, 1), (1, 1, 1), (1, 1, 1), (1, 1, 1), (1, 1, 1), (1, 1, 1), (1, 1, 1), (1, 1, 1), (1, 1, 1), (1, 1, 1), (1, 1, 1), (1, 1, 1), (1, 1, 1), (1, 1, 1), (1, 1, 1), (1, 1, 1), (1, 1, 1), (1, 1, 1), (1, 1, 1), (1, 1, 1), (1, 1, 1), (1, 1, 1), (1, 1, 1), (1, 1, 1), (1, 1, 1), (1, 1, 1), (1, 1, 1), (1, 1, 1), (1, 1, 1), (1, 1, 1), (1, 1, 1), (1, 1, 1), (1, 1, 1), (1, 1, 1), (1, 1, 1), (1, 1, 1), (1, 1, 1), (1, 1, 1), (1, 1, 1), (1, 1, 1), (1, 1, 1), (1, 1, 1), (1, 1, 1), (1, 1, 1), (1, 1, 1), (1, 1, 1), (1, 1, 1), (1, 1, 1), (1, 1, 1), (1, 1, 1), (1, 1, 1), (1, 1, 1), (1, 1, 1), (1, 1, 1), (1, 1, 1), (1, 1, 1), (1, 1, 1), (1, 1, 1), (1, 1, 1), (1, 1, 1), (1, 1, 1), (1, 1, 1), (1, 1, 1), (1, 1, 1), (1, 1, 1), (1, 1, 1), (1, 1, 1), (1, 1, 1), (1, 1, 1), (1, 1, 1), (1, 1, 1), (1, 1, 1), (1, 1, 1), (1, 1, 1), (1, 1, 1), (1, 1, 1), (1, 1, 1), (1, 1, 1), (1, 1, 1), (1, 1, 1), (1, 1, 1), (1, 1, 1), (1, 1, 1), (1, 1, 1), (1, 1, 1), (1, 1, 1), (1, 1, 1), (1, 1, 1), (1, 1, 1), (1, 1, 1), (1, 1, 1), (1, 1, 1), (1, 1, 1), (1, 1, 1), (1, 1, 1)],
                13: [(1, 1, 1), (1, 1, 1), (1, 1, 1), (1, 1, 1), (1, 1, 1), (1, 1, 1), (1, 1, 1), (1, 1, 1), (1, 1, 1), (1, 1, 1), (1, 1, 1), (1, 1, 1), (1, 1, 1), (1, 1, 1), (1, 1, 1), (1, 1, 1), (1, 1, 1), (1, 1, 1), (1, 1, 1), (1, 1, 1), (1, 1, 1), (1, 1, 1), (1, 1, 1), (1, 1, 1), (1, 1, 1), (1, 1, 1), (1, 1, 1), (1, 1, 1), (1, 1, 1), (1, 1, 1), (1, 1, 1), (1, 1, 1), (1, 1, 1), (1, 1, 1), (1, 1, 1), (1, 1, 1), (1, 1, 1), (1, 1, 1), (1, 1, 1), (1, 1, 1), (1, 1, 1), (1, 1, 1), (1, 1, 1), (1, 1, 1), (1, 1, 1), (1, 1, 1), (1, 1, 1), (1, 1, 1), (1, 1, 1), (1, 1, 1), (1, 1, 1), (1, 1, 1), (1, 1, 1), (1, 1, 1), (1, 1, 1), (1, 1, 1), (1, 1, 1), (1, 1, 1), (1, 1, 1), (1, 1, 1), (1, 1, 1), (1, 1, 1), (1, 1, 1), (1, 1, 1), (1, 1, 1), (1, 1, 1), (1, 1, 1), (1, 1, 1), (1, 1, 1), (1, 1, 1), (1, 1, 1), (1, 1, 1), (1, 1, 1), (1, 1, 1), (1, 1, 1), (1, 1, 1), (1, 1, 1), (1, 1, 1), (1, 1, 1), (1, 1, 1), (1, 1, 1), (1, 1, 1), (1, 1, 1), (1, 1, 1), (1, 1, 1), (1, 1, 1), (1, 1, 1), (1, 1, 1), (1, 1, 1), (1, 1, 1), (1, 1, 1), (1, 1, 1), (1, 1, 1), (1, 1, 1), (1, 1, 1), (1, 1, 1), (1, 1, 1), (1, 1, 1), (1, 1, 1), (1, 1, 1), (1, 1, 1), (1, 1, 1), (1, 1, 1), (1, 1, 1), (1, 1, 1), (1, 1, 1), (1, 1, 1), (1, 1, 1), (1, 1, 1), (1, 1, 1), (1, 1, 1), (1, 1, 1), (1, 1, 1), (1, 1, 1), (1, 1, 1)],
                14: [(1, 1, 1), (1, 1, 1), (1, 1, 1), (1, 1, 1), (1, 1, 1), (1, 1, 1), (1, 1, 1), (1, 1, 1), (1, 1, 1), (1, 1, 1), (1, 1, 1), (1, 1, 1), (1, 1, 1), (1, 1, 1), (1, 1, 1), (1, 1, 1), (1, 1, 1), (1, 1, 1), (1, 1, 1), (1, 1, 1), (1, 1, 1), (1, 1, 1), (1, 1, 1), (1, 1, 1), (1, 1, 1), (1, 1, 1), (1, 1, 1), (1, 1, 1), (1, 1, 1), (1, 1, 1), (1, 1, 1), (1, 1, 1), (1, 1, 1), (1, 1, 1), (1, 1, 1), (1, 1, 1), (1, 1, 1), (1, 1, 1), (1, 1, 1), (1, 1, 1), (1, 1, 1), (1, 1, 1), (1, 1, 1), (1, 1, 1), (1, 1, 1), (1, 1, 1), (1, 1, 1), (1, 1, 1), (1, 1, 1), (1, 1, 1), (1, 1, 1), (1, 1, 1), (1, 1, 1), (1, 1, 1), (1, 1, 1), (1, 1, 1), (1, 1, 1), (1, 1, 1), (1, 1, 1), (1, 1, 1), (1, 1, 1), (1, 1, 1), (1, 1, 1), (1, 1, 1), (1, 1, 1), (1, 1, 1), (1, 1, 1), (1, 1, 1), (1, 1, 1), (1, 1, 1), (1, 1, 1), (1, 1, 1), (1, 1, 1), (1, 1, 1), (1, 1, 1), (1, 1, 1), (1, 1, 1), (1, 1, 1), (1, 1, 1), (1, 1, 1), (1, 1, 1), (1, 1, 1), (1, 1, 1), (1, 1, 1), (1, 1, 1), (1, 1, 1), (1, 1, 1), (1, 1, 1), (1, 1, 1), (1, 1, 1), (1, 1, 1), (1, 1, 1), (1, 1, 1), (1, 1, 1), (1, 1, 1), (1, 1, 1), (1, 1, 1), (1, 1, 1), (1, 1, 1), (1, 1, 1), (1, 1, 1), (1, 1, 1), (1, 1, 1), (1, 1, 1), (1, 1, 1), (1, 1, 1), (1, 1, 1), (1, 1, 1), (1, 1, 1), (1, 1, 1), (1, 1, 1), (1, 1, 1), (1, 1, 1), (1, 1, 1), (1, 1, 1)],
                15: [(1, 1, 1), (1, 1, 1), (1, 1, 1), (1, 1, 1), (1, 1, 1), (1, 1, 1), (1, 1, 1), (1, 1, 1), (1, 1, 1), (1, 1, 1), (1, 1, 1), (1, 1, 1), (1, 1, 1), (1, 1, 1), (1, 1, 1), (1, 1, 1), (1, 1, 1), (1, 1, 1), (1, 1, 1), (1, 1, 1), (1, 1, 1), (1, 1, 1), (1, 1, 1), (1, 1, 1), (1, 1, 1), (1, 1, 1), (1, 1, 1), (1, 1, 1), (1, 1, 1), (1, 1, 1), (1, 1, 1), (1, 1, 1), (1, 1, 1), (1, 1, 1), (1, 1, 1), (1, 1, 1), (1, 1, 1), (1, 1, 1), (1, 1, 1), (1, 1, 1), (1, 1, 1), (1, 1, 1), (1, 1, 1), (1, 1, 1), (1, 1, 1), (1, 1, 1), (1, 1, 1), (1, 1, 1), (1, 1, 1), (1, 1, 1), (1, 1, 1), (1, 1, 1), (1, 1, 1), (1, 1, 1), (1, 1, 1), (1, 1, 1), (1, 1, 1), (1, 1, 1), (1, 1, 1), (1, 1, 1), (1, 1, 1), (1, 1, 1), (1, 1, 1), (1, 1, 1), (1, 1, 1), (1, 1, 1), (1, 1, 1), (1, 1, 1), (1, 1, 1), (1, 1, 1), (1, 1, 1), (1, 1, 1), (1, 1, 1), (1, 1, 1), (1, 1, 1), (1, 1, 1), (1, 1, 1), (1, 1, 1), (1, 1, 1), (1, 1, 1), (1, 1, 1), (1, 1, 1), (1, 1, 1), (1, 1, 1), (1, 1, 1), (1, 1, 1), (1, 1, 1), (1, 1, 1), (1, 1, 1), (1, 1, 1), (1, 1, 1), (1, 1, 1), (1, 1, 1), (1, 1, 1), (1, 1, 1), (1, 1, 1), (1, 1, 1), (1, 1, 1), (1, 1, 1), (1, 1, 1), (1, 1, 1), (1, 1, 1), (1, 1, 1), (1, 1, 1), (1, 1, 1), (1, 1, 1), (1, 1, 1), (1, 1, 1), (1, 1, 1), (1, 1, 1), (1, 1, 1), (1, 1, 1), (1, 1, 1), (1, 1, 1), (1, 1, 1)],
                16: [(1, 1, 1), (1, 1, 1), (1, 1, 1), (1, 1, 1), (1, 1, 1), (1, 1, 1), (1, 1, 1), (1, 1, 1), (1, 1, 1), (1, 1, 1), (1, 1, 1), (1, 1, 1), (1, 1, 1), (1, 1, 1), (1, 1, 1), (1, 1, 1), (1, 1, 1), (1, 1, 1), (1, 1, 1), (1, 1, 1), (1, 1, 1), (1, 1, 1), (1, 1, 1), (1, 1, 1), (1, 1, 1), (1, 1, 1), (1, 1, 1), (1, 1, 1), (1, 1, 1), (1, 1, 1), (1, 1, 1), (1, 1, 1), (1, 1, 1), (1, 1, 1), (1, 1, 1), (1, 1, 1), (1, 1, 1), (1, 1, 1), (1, 1, 1), (1, 1, 1), (1, 1, 1), (1, 1, 1), (1, 1, 1), (1, 1, 1), (1, 1, 1), (1, 1, 1), (1, 1, 1), (1, 1, 1), (1, 1, 1), (1, 1, 1), (1, 1, 1), (1, 1, 1), (1, 1, 1), (1, 1, 1), (1, 1, 1), (1, 1, 1), (1, 1, 1), (1, 1, 1), (1, 1, 1), (1, 1, 1), (1, 1, 1), (1, 1, 1), (1, 1, 1), (1, 1, 1), (1, 1, 1), (1, 1, 1), (1, 1, 1), (1, 1, 1), (1, 1, 1), (1, 1, 1), (1, 1, 1), (1, 1, 1), (1, 1, 1), (1, 1, 1), (1, 1, 1), (1, 1, 1), (1, 1, 1), (1, 1, 1), (1, 1, 1), (1, 1, 1), (1, 1, 1), (1, 1, 1), (1, 1, 1), (1, 1, 1), (1, 1, 1), (1, 1, 1), (1, 1, 1), (1, 1, 1), (1, 1, 1), (1, 1, 1), (1, 1, 1), (1, 1, 1), (1, 1, 1), (1, 1, 1), (1, 1, 1), (1, 1, 1), (1, 1, 1), (1, 1, 1), (1, 1, 1), (1, 1, 1), (1, 1, 1), (1, 1, 1), (1, 1, 1), (1, 1, 1), (1, 1, 1), (1, 1, 1), (1, 1, 1), (1, 1, 1), (1, 1, 1), (1, 1, 1), (1, 1, 1), (1, 1, 1), (1, 1, 1), (1, 1, 1), (1, 1, 1)],
                17: [(1, 1, 1), (1, 1, 1), (1, 1, 1), (1, 1, 1), (1, 1, 1), (1, 1, 1), (1, 1, 1), (1, 1, 1), (1, 1, 1), (1, 1, 1), (1, 1, 1), (1, 1, 1), (1, 1, 1), (1, 1, 1), (1, 1, 1), (1, 1, 1), (1, 1, 1), (1, 1, 1), (1, 1, 1), (1, 1, 1), (1, 1, 1), (1, 1, 1), (1, 1, 1), (1, 1, 1), (1, 1, 1), (1, 1, 1), (1, 1, 1), (1, 1, 1), (1, 1, 1), (1, 1, 1), (1, 1, 1), (1, 1, 1), (1, 1, 1), (1, 1, 1), (1, 1, 1), (1, 1, 1), (1, 1, 1), (1, 1, 1), (1, 1, 1), (1, 1, 1), (1, 1, 1), (1, 1, 1), (1, 1, 1), (1, 1, 1), (1, 1, 1), (1, 1, 1), (1, 1, 1), (1, 1, 1), (1, 1, 1), (1, 1, 1), (1, 1, 1), (1, 1, 1), (1, 1, 1), (1, 1, 1), (1, 1, 1), (1, 1, 1), (1, 1, 1), (1, 1, 1), (1, 1, 1), (1, 1, 1), (1, 1, 1), (1, 1, 1), (1, 1, 1), (1, 1, 1), (1, 1, 1), (1, 1, 1), (1, 1, 1), (1, 1, 1), (1, 1, 1), (1, 1, 1), (1, 1, 1), (1, 1, 1), (1, 1, 1), (1, 1, 1), (1, 1, 1), (1, 1, 1), (1, 1, 1), (1, 1, 1), (1, 1, 1), (1, 1, 1), (1, 1, 1), (1, 1, 1), (1, 1, 1), (1, 1, 1), (1, 1, 1), (1, 1, 1), (1, 1, 1), (1, 1, 1), (1, 1, 1), (1, 1, 1), (1, 1, 1), (1, 1, 1), (1, 1, 1), (1, 1, 1), (1, 1, 1), (1, 1, 1), (1, 1, 1), (1, 1, 1), (1, 1, 1), (1, 1, 1), (1, 1, 1), (1, 1, 1), (1, 1, 1), (1, 1, 1), (1, 1, 1), (1, 1, 1), (1, 1, 1), (1, 1, 1), (1, 1, 1), (1, 1, 1), (1, 1, 1), (1, 1, 1), (1, 1, 1), (1, 1, 1), (1, 1, 1)],
                18: [(1, 1, 1), (1, 1, 1), (1, 1, 1), (1, 1, 1), (1, 1, 1), (1, 1, 1), (1, 1, 1), (1, 1, 1), (1, 1, 1), (1, 1, 1), (1, 1, 1), (1, 1, 1), (1, 1, 1), (1, 1, 1), (1, 1, 1), (1, 1, 1), (1, 1, 1), (1, 1, 1), (1, 1, 1), (1, 1, 1), (1, 1, 1), (1, 1, 1), (1, 1, 1), (1, 1, 1), (1, 1, 1), (1, 1, 1), (1, 1, 1), (1, 1, 1), (1, 1, 1), (1, 1, 1), (1, 1, 1), (1, 1, 1), (1, 1, 1), (1, 1, 1), (1, 1, 1), (1, 1, 1), (1, 1, 1), (1, 1, 1), (1, 1, 1), (1, 1, 1), (1, 1, 1), (1, 1, 1), (1, 1, 1), (1, 1, 1), (1, 1, 1), (1, 1, 1), (1, 1, 1), (1, 1, 1), (1, 1, 1), (1, 1, 1), (1, 1, 1), (1, 1, 1), (1, 1, 1), (1, 1, 1), (1, 1, 1), (1, 1, 1), (1, 1, 1), (1, 1, 1), (1, 1, 1), (1, 1, 1), (1, 1, 1), (1, 1, 1), (1, 1, 1), (1, 1, 1), (1, 1, 1), (1, 1, 1), (1, 1, 1), (1, 1, 1), (1, 1, 1), (1, 1, 1), (1, 1, 1), (1, 1, 1), (1, 1, 1), (1, 1, 1), (1, 1, 1), (1, 1, 1), (1, 1, 1), (1, 1, 1), (1, 1, 1), (1, 1, 1), (1, 1, 1), (1, 1, 1), (1, 1, 1), (1, 1, 1), (1, 1, 1), (1, 1, 1), (1, 1, 1), (1, 1, 1), (1, 1, 1), (1, 1, 1), (1, 1, 1), (1, 1, 1), (1, 1, 1), (1, 1, 1), (1, 1, 1), (1, 1, 1), (1, 1, 1), (1, 1, 1), (1, 1, 1), (1, 1, 1), (1, 1, 1), (1, 1, 1), (1, 1, 1), (1, 1, 1), (1, 1, 1), (1, 1, 1), (1, 1, 1), (1, 1, 1), (1, 1, 1), (1, 1, 1), (1, 1, 1), (1, 1, 1), (1, 1, 1), (1, 1, 1), (1, 1, 1)],
            }
            float3[] translations.timeSamples = {
                0: [(0, -4.0201483, 0), (-0.007139951, 48.287304, 0.047929727), (0.8662261, -8.8475645e-7, -4.5401976e-7), (12.185187, 0.0000014901161, 1.8626451e-7), (11.198354, -3.7252903e-7, 2.7939677e-7), (9.027587, 3.7252903e-7, -5.5879354e-7), (6.883188, 0.4291162, 1.87306), (9.032845, 9.080395e-7, 0.000022910535), (16.139862, -0.0000018626451, -0.00001564622), (-0.0000019073486, 7.1525574e-7, -0.0000076293945), (6.2785954, -3.7252903e-7, 0.0000074505806), (11.622475, 0.000003259629, 0.0000059604645), (14.638222, -0.0000018626451, -0.0000044703484), (14.638222, -3.7252903e-7, -7.4505806e-7), (2.4447625, 0.56006694, -1.0387065), (2.9827344, -0.4714124, 0.07157307), (2.0081155, 0.000009033829, -0.0000016763806), (1.0284911, -4.1909516e-7, -0.000002933666), (2.5681868, 0.38760397, -0.18610823), (2.7770765, -0.5317607, 0.11720136), (2.367647, 0.0000067055225, 0.0000013038516), (1.2618998, -0.000014761463, 0.0000024680048), (-0.06121063, 0.08253479, -0.0071799755), (2.388878, 0.7599339, 1.6465385), (1.8443987, 0.000084144995, -0.00015283003), (1.4898787, -0.000007264316, -0.0000086613), (0.74142134, -0.000007962808, 9.313226e-8), (2.5389488, 0.50893366, 0.6830015), (2.3542025, -0.44263503, 0.11382261), (2.084976, -9.080395e-7, -9.313226e-7), (1.1916914, -0.000014854595, -0.000008428469), (1.380066, 0.9124761, -0.75996536), (0.3488534, -0.0000032247044, 0.0000074214768), (1.6187985, -0.000010430813, -0.000007729977), (1.7108467, 0.0000038184226, 0.000010989606), (2.7011373, 1.9638594, -0.08847332), (6.8090825, -0.0000017695129, -0.0000033527613), (11.28139, -0.0000016763806, -0.000014901161), (16.139866, -0.0000014901161, -0.00001937151), (8.72379, -1.4504399, 2.7939677e-7), (6.8414583, 0.0000052154064, 4.1909516e-7), (26.01711, 0.0000059604645, 0.0000034458935), (26.01711, 0.0000059604645, 0.0000034458935), (10.490303, 10.844729, 4.7683716e-7), (10.4902725, 10.844731, -5.922047), (-2.682209e-7, -0.000015258789, -0.000005722046), (10.490303, 10.8447275, 5.9218817), (0.0000019073486, 0, 0.0000038146973), (33.174294, 0, 0), (6.883009, 0.42911693, -1.8730617), (-9.032808, 0.0000027939677, 0.000072829425), (-16.139635, 0.000014575198, 0.00029690564), (0.0000019073486, -9.536743e-7, -0.0000076293945), (-6.2788577, 0.00001564622, -0.00024288893), (-11.622437, 0.0000026077032, 0.000020116568), (-14.638212, -0.0000014901161, -0.000051036477), (-14.638215, -0.0000048428774, -0.000059232116), (-2.4449155, -0.56019586, 1.0387033), (-2.982745, 0.47136047, -0.0715686), (-2.0081263, 0.000015180558, 6.519258e-7), (-1.0284841, -0.000007194467, -0.000008032657), (-2.5683749, -0.3877264, 0.18609981), (-2.7770758, 0.53176016, -0.11719868), (-2.3676124, -0.000013969839, -0.0000062864274), (-1.2618957, -0.00001527369, 0.0000020023435), (0.061203003, -0.08253479, 0.0071792006), (-2.3890533, -0.7600547, -1.6465429), (-1.8443966, -0.00006132759, 0.00016391277), (-1.4898939, -0.00003874302, -0.0000069849193), (-0.7413784, -0.000015390106, -0.0000033294782), (-2.5391335, -0.5090788, -0.6830098), (-2.3542006, 0.44258898, -0.11382345), (-2.0849533, 0.000037718564, 0.000009872019), (-1.1916873, -0.000008800998, -0.000006891787), (-1.3802364, -0.9125976, 0.75995815), (-0.348884, -0.000032634125, 0.00004717149), (-1.6187813, 0.0000010011718, -0.000010430813), (-1.7108752, -0.000026309863, -0.000044051558), (-2.7011337, -1.1977234, 0.0744068), (-6.808795, 0.000012887176, 0.00026375055), (-11.28141, 0.0000029802322, 0.00006593764), (-16.13963, 0.000017182902, 0.0003002584), (-0.0000076293945, -13.401541, 0), (-5.9197335, -0.8106515, 11.504826), (28.35242, 0, -7.4505806e-7), (13.722813, 7.4505806e-7, -7.4505806e-7), (4.377911, 14.419508, -0.0000053085387), (3.1099179, -0.000002142042, 0.0000027939677), (-0.0000042915344, 0, 0), (6.0821466, 7.0693917, 0.06026745), (-0.00038909912, 0.0000042915344, 0.000005722046), (6.032106, 0.018459558, 0.022959337), (9.877453, 0.018460304, 0.022958592), (13.722813, 0.018460304, 0.02295971), (6.277281, -0.020427816, 0.045924075), (15.898466, -0.02042614, 0.045932084), (27.183014, -0.010218471, 0.022960454), (-5.9197497, -0.8106525, -11.504826), (-28.352428, 0.0000037252903, -0.0000022351742), (-13.722809, 7.4505806e-7, 0.000006938353), (-4.377904, -14.419521, -0.0000014901161), (-3.109889, -0.0000075553544, 0.0000040978193), (0.000015258789, -9.536743e-7, -4.7683716e-7), (-5.687136, -7.0841117, -0.051394064), (0.00038528442, -0.000004768371, -0.000002861023), (-6.032087, -0.018461421, -0.022958614), (-9.877452, -0.018461794, -0.02295496), (-13.72281, -0.018463284, -0.022954168), (-6.2773004, 0.020427816, -0.045930594), (-15.898484, 0.020428747, -0.04592985), (-27.183025, 0.010218471, -0.022964925), (0.0000076293945, 13.152417, 12.131039), (-0.0000038146973, -17.762201, 10.053691), (0.0000038146973, 16.638687, -15.346582), (0.0000038146973, -21.436518, -12.133411)],
                1: [(0, -4.0201483, 0), (-0.0123507725, 48.466236, 0.040099002), (0.8662272, -0.0000011874363, -5.820766e-7), (12.185195, -0.0000022351742, -0.0000034458935), (11.198362, -0.0000029802322, -0.000002561137), (9.027593, -0.0000022351742, -0.0000036787242), (6.8831882, 0.42911637, 1.8730584), (9.0328455, 0.0000020925654, 0.0000230968), (16.139864, 0.0000028871, -0.000014714897), (-0.0000019073486, 7.1525574e-7, -0.0000076293945), (6.2785997, -4.8894435e-7, 0.000006519258), (11.622484, 0.000004051253, 0.0000063329935), (14.638236, 1.8626451e-7, -0.0000033527613), (14.638233, 5.5879354e-7, 7.4505806e-7), (2.4447672, 0.5600692, -1.0387082), (2.9827375, -0.47141305, 0.07156944), (2.008121, 0.000009438372, -0.0000030035153), (1.0284941, -4.656613e-7, -0.0000028172508), (2.5681906, 0.38760543, -0.18611038), (2.7770786, -0.5317612, 0.11719921), (2.3676486, 0.0000066283974, 4.656613e-7), (1.2619004, -0.000014668331, 0.0000022584572), (-0.06121063, 0.08253479, -0.0071799755), (2.3888793, 0.75993633, 1.646537), (1.8444002, 0.00008447096, -0.00015432015), (1.48988, -0.0000070547685, -0.0000074272975), (0.74142355, -0.0000071770046, 3.958121e-7), (2.5389514, 0.5089363, 0.6830024), (2.3542051, -0.4426346, 0.11382392), (2.08498, -4.6902642e-7, -8.1490725e-7), (1.1916938, -0.000015238766, -0.000008242205), (1.380069, 0.91247845, -0.7599654), (0.3488535, -0.0000018044375, 0.000007241033), (1.6187998, -0.0000086962245, -0.000008195639), (1.7108498, 0.0000043190084, 0.000009639189), (2.7011373, 1.9638594, -0.08847332), (6.809082, -7.916242e-7, -0.0000057742), (11.28139, 5.5879354e-7, -0.000014714897), (16.13987, 0.0000015832484, -0.000019557774), (8.723796, -1.4504429, -0.0000024214387), (6.841465, 0.0000014901161, -0.00000220316), (26.017126, 0, -0.000006717164), (26.017126, 0, -0.000006717164), (10.490303, 10.844729, 4.7683716e-7), (10.4902725, 10.844731, -5.922047), (-2.682209e-7, -0.000015258789, -0.000005722046), (10.490303, 10.8447275, 5.9218817), (0.0000019073486, 0, 0.0000038146973), (33.174294, 0, 0), (6.883017, 0.42911506, -1.8730655), (-9.03281, 0.0000044703484, 0.00007580966), (-16.13964, 0.000015992555, 0.0002965331), (0.0000019073486, -9.536743e-7, -0.0000076293945), (-6.2788577, 0.00001564622, -0.00024437904), (-11.622437, 0.0000014901161, 0.000017508864), (-14.638215, 0.0000016763806, -0.00005736947), (-14.638218, -0.0000029802322, -0.00006221235), (-2.4449148, -0.5601954, 1.0387039), (-2.982746, 0.47135934, -0.07156846), (-2.008126, 0.000016018748, 0.0000014901161), (-1.0284848, -0.000006670598, -0.000008463394), (-2.5683749, -0.38772672, 0.18609993), (-2.7770755, 0.5317608, -0.11719797), (-2.3676114, -0.000016018748, -0.0000037020072), (-1.2618959, -0.000014598481, 0.000001792796), (0.061203003, -0.08253479, 0.0071792006), (-2.3890548, -0.7600575, -1.6465442), (-1.8443972, -0.000061956234, 0.00016384292), (-1.4898962, -0.00003820751, -0.000008684583), (-0.74137795, -0.00001398148, -0.0000060070306), (-2.5391364, -0.50907934, -0.6830121), (-2.3542018, 0.4425885, -0.11382413), (-2.0849535, 0.000038789585, 0.000008800998), (-1.1916883, -0.000007287599, -0.000007543713), (-1.3802359, -0.91259664, 0.7599587), (-0.34888467, -0.000033486867, 0.000047928188), (-1.6187807, 0.0000011641532, -0.00001010485), (-1.7108759, -0.00002719462, -0.00004521571), (-2.7011337, -1.1977234, 0.0744068), (-6.808796, 0.000014017132, 0.00026198104), (-11.281411, 0.000004915637, 0.00006547198), (-16.139633, 0.00002001907, 0.00029876828), (-0.0000076293945, -13.401541, 0), (-5.9197383, -0.8106526, 11.50483), (28.35243, 0.0000026077032, -0.0000022351742), (13.722812, 0, 0.0000011175871), (4.3779097, 14.419506, -0.000005355105), (3.1099172, -0.0000030500814, 0.0000026426278), (-0.0000042915344, 0, 0), (6.0821466, 7.0693917, 0.06026745), (-0.00038909912, 0.0000042915344, 0.000005722046), (6.0321054, 0.018459558, 0.022959057), (9.877452, 0.018461328, 0.022957847), (13.722812, 0.018461049, 0.022958592), (6.277281, -0.020426512, 0.04592361), (15.898468, -0.020425767, 0.045932084), (27.183018, -0.010217726, 0.022962317), (-5.9197507, -0.8106487, -11.504828), (-28.352425, -7.4505806e-7, -0.0000037252903), (-13.722804, -0.0000018626451, 0.000004749745), (-4.3779054, -14.419519, 0.0000011175871), (-3.1098886, -0.000007833478, 0.000004284084), (0.000015258789, -9.536743e-7, -4.7683716e-7), (-5.687136, -7.0841117, -0.051394064), (0.00038528442, -0.000004768371, -0.000002861023), (-6.032085, -0.01846198, -0.022959616), (-9.877449, -0.018462725, -0.02295794), (-13.722806, -0.018464774, -0.022956682), (-6.277299, 0.020427536, -0.0459305), (-15.898482, 0.020428002, -0.04592985), (-27.18302, 0.010217726, -0.022966042), (0.0000076293945, 13.152417, 12.131039), (-0.0000038146973, -17.762201, 10.053691), (0.0000038146973, 16.638687, -15.346582), (0.0000038146973, -21.436518, -12.133411)],
                2: [(0, -4.0201483, 0), (-0.017989358, 46.250053, 0.049800053), (0.8662263, -0.0000010244548, -5.820766e-7), (12.18519, 0.0000014901161, -7.4505806e-7), (11.198351, 0.0000014901161, 0.0000031664968), (9.027584, 7.4505806e-7, 0.0000013038516), (6.8831816, 0.42911768, 1.8730611), (9.0328455, -5.5879354e-7, 0.000023655593), (16.139858, -0.0000063329935, -0.000011920929), (-0.0000019073486, 7.1525574e-7, -0.0000076293945), (6.2785907, 0.0000018626451, 0.0000074505806), (11.622465, 0.0000052154064, 0.0000074505806), (14.638209, -0.0000029802322, -0.0000059604645), (14.638209, -7.4505806e-7, 0.0000014901161), (2.4447632, 0.5600654, -1.0387061), (2.9827325, -0.4714124, 0.071572974), (2.008113, 0.000008381903, -0.0000030733645), (1.0284895, -3.7252903e-7, -0.000002933666), (2.568186, 0.3876034, -0.18610843), (2.7770743, -0.5317608, 0.11720024), (2.3676417, 0.000007683411, 0.0000056810677), (1.2618959, -0.000015739352, 0.0000020489097), (-0.06121063, 0.08253479, -0.0071799755), (2.3888752, 0.75993353, 1.6465399), (1.8443961, 0.0000834465, -0.00015189871), (1.4898759, -0.0000074505806, -0.0000056810677), (0.74142164, -0.0000071246177, 9.313226e-8), (2.5389466, 0.5089341, 0.68300647), (2.3542027, -0.44263452, 0.11382289), (2.084973, -5.5879354e-7, 0.0000023283064), (1.1916919, -0.0000144355, -0.0000073574483), (1.3800648, 0.9124752, -0.7599638), (0.34885222, -7.916242e-7, 0.000007194467), (1.6187962, -0.000008940697, -0.000007706694), (1.7108481, 0.0000021187589, 0.000013038516), (2.7011373, 1.9638594, -0.08847332), (6.809081, -0.0000048428774, -0.0000055879354), (11.281384, -0.0000063329935, -0.000017136335), (16.139866, -0.0000074505806, -0.000017136335), (8.723785, -1.450438, 0.0000029802322), (6.841454, 0.0000059604645, 0.0000038184226), (26.017076, 0.000020861626, 0.000014528632), (26.017076, 0.000020861626, 0.000014528632), (10.490303, 10.844729, 4.7683716e-7), (10.4902725, 10.844731, -5.922047), (-2.682209e-7, -0.000015258789, -0.000005722046), (10.490303, 10.8447275, 5.9218817), (0.0000019073486, 0, 0.0000038146973), (33.174294, 0, 0), (6.883009, 0.42911544, -1.8730597), (-9.032807, 0.0000018626451, 0.00007413328), (-16.139627, 0.0000067055225, 0.000295043), (0.0000019073486, -9.536743e-7, -0.0000076293945), (-6.278854, 0.000013411045, -0.00023804605), (-11.622434, 7.4505806e-7, 0.000023469329), (-14.638209, -7.4505806e-7, -0.00004544854), (-14.638209, -0.000008195639, -0.000051781535), (-2.4449158, -0.5601956, 1.0387028), (-2.9827468, 0.47135848, -0.071569994), (-2.0081227, 0.00001527369, 0.0000034458935), (-1.0284817, -0.000007543713, -0.000008800998), (-2.568372, -0.3877258, 0.186102), (-2.7770767, 0.53176033, -0.11719889), (-2.3676136, -0.000016205013, -0.0000044703484), (-1.2618977, -0.000014156103, 0.0000031664968), (0.061203003, -0.08253479, 0.0071792006), (-2.3890548, -0.7600561, -1.646544), (-1.8443974, -0.00005979091, 0.00016384292), (-1.4898953, -0.00003883615, -0.000007916242), (-0.741381, -0.00001550652, -0.0000020489097), (-2.5391352, -0.50907993, -0.6830114), (-2.3542, 0.44258898, -0.11382283), (-2.0849524, 0.000036880374, 0.000011455268), (-1.1916902, -0.000008475035, -0.0000057742), (-1.3802389, -0.9125981, 0.7599562), (-0.3488841, -0.000034371624, 0.0000460539), (-1.6187817, -6.519258e-7, -0.000008195639), (-1.7108742, -0.000025704503, -0.000043958426), (-2.7011337, -1.1977234, 0.0744068), (-6.8087926, 0.000009685755, 0.00026486814), (-11.281404, -0.0000019557774, 0.00006780028), (-16.139624, 0.000008381903, 0.00029876828), (-0.0000076293945, -13.401541, 0), (-5.919736, -0.81065226, 11.504828), (28.352419, -0.0000014901161, -0.0000014901161), (13.722813, 7.4505806e-7, 0), (4.3779125, 14.419508, -0.0000059604645), (3.1099179, -0.0000020489097, 0.0000013038516), (-0.0000042915344, 0, 0), (6.0821466, 7.0693917, 0.06026745), (-0.00038909912, 0.0000042915344, 0.000005722046), (6.0321064, 0.018460304, 0.022958964), (9.877454, 0.018461421, 0.022957474), (13.722812, 0.018461049, 0.022958219), (6.277279, -0.02042763, 0.045924634), (15.898463, -0.020428002, 0.04593283), (27.183008, -0.010222197, 0.02296269), (-5.9197507, -0.8106501, -11.5048275), (-28.35244, 0.0000059604645, 0.0000014901161), (-13.722806, -7.4505806e-7, 0.0000029802322), (-4.377906, -14.419523, 0), (-3.1098874, -0.0000073574483, 0.0000029802322), (0.000015258789, -9.536743e-7, -4.7683716e-7), (-5.687136, -7.0841117, -0.051394064), (0.00038528442, -0.000004768371, -0.000002861023), (-6.0320854, -0.018462166, -0.02295971), (-9.877449, -0.018462539, -0.022958219), (-13.722807, -0.018465519, -0.022957474), (-6.277302, 0.020428374, -0.045929477), (-15.89849, 0.020430982, -0.045926124), (-27.183033, 0.010220706, -0.02296269), (0.0000076293945, 13.152417, 12.131039), (-0.0000038146973, -17.762201, 10.053691), (0.0000038146973, 16.638687, -15.346582), (0.0000038146973, -21.436518, -12.133411)],
                3: [(0, -4.0201483, 0), (-0.015642133, 46.245758, 0.033691525), (0.866226, -8.381903e-7, -6.2864274e-7), (12.185189, 0, -0.0000011175871), (11.198358, -0.0000014901161, -0.0000013038516), (9.027588, 0, 0), (6.8831897, 0.4291162, 1.8730584), (9.0328455, 0.0000018626451, 0.000025704503), (16.139866, 0.0000067055225, -0.000016391277), (-0.0000019073486, 7.1525574e-7, -0.0000076293945), (6.2785983, -0.0000014901161, 0.0000074505806), (11.622484, 0.0000044703484, 0.0000044703484), (14.638233, 7.4505806e-7, -0.0000044703484), (14.638231, 0.0000022351742, -0.0000014901161), (2.444768, 0.5600676, -1.0387095), (2.9827378, -0.4714137, 0.07157046), (2.0081198, 0.000006472692, -0.000004749745), (1.0284923, -6.519258e-7, -0.00000433065), (2.5681899, 0.38760546, -0.18610862), (2.7770765, -0.531761, 0.117200986), (2.3676486, 0.000008475035, 0.0000029802322), (1.2619005, -0.000014901161, 0.000002142042), (-0.06121063, 0.08253479, -0.0071799755), (2.3888803, 0.7599366, 1.646538), (1.8443983, 0.00008530915, -0.00015236437), (1.4898783, -0.0000070780516, -0.0000047963113), (0.74142087, -0.000008428469, -4.1909516e-7), (2.5389524, 0.508935, 0.68300235), (2.3542058, -0.44263378, 0.113823265), (2.08498, 0.000002142042, 0.000002514571), (1.1916928, -0.00001611188, -0.0000067055225), (1.3800683, 0.9124768, -0.7599638), (0.34885636, -0.0000028405339, 0.0000073341653), (1.6188005, -0.000007264316, -0.0000090454705), (1.7108507, 0.000001071021, 0.000009872019), (2.7011373, 1.9638594, -0.08847332), (6.809084, 9.313226e-7, -0.0000048428774), (11.281392, 0.0000044703484, -0.000014901161), (16.139868, 0.0000044703484, -0.00001937151), (8.723798, -1.4504433, -0.0000018626451), (6.841461, 0.0000044703484, -0.0000012572855), (26.017124, 0.0000029802322, -0.000004656613), (26.017124, 0.0000029802322, -0.000004656613), (10.490303, 10.844729, 4.7683716e-7), (10.4902725, 10.844731, -5.922047), (-2.682209e-7, -0.000015258789, -0.000005722046), (10.490303, 10.8447275, 5.9218817), (0.0000019073486, 0, 0.0000038146973), (33.174294, 0, 0), (6.883014, 0.42911693, -1.873065), (-9.03281, 0.000005401671, 0.00007562339), (-16.13964, 0.000020302832, 0.00029802322), (0.0000019073486, -9.536743e-7, -0.0000076293945), (-6.278859, 0.00001564622, -0.00024493784), (-11.6224375, 0.0000014901161, 0.00001564622), (-14.638218, -7.4505806e-7, -0.000060349703), (-14.638222, -0.0000014901161, -0.0000692904), (-2.4449153, -0.56019545, 1.0387043), (-2.9827461, 0.47136042, -0.07156734), (-2.008127, 0.000016018748, 0.0000011175871), (-1.0284851, -0.000007916242, -0.000006891787), (-2.5683737, -0.38772655, 0.18610172), (-2.7770786, 0.5317617, -0.11720057), (-2.3676157, -0.000016205013, -0.000004284084), (-1.2618976, -0.000016018748, 0.000004004687), (0.061203003, -0.08253479, 0.0071792006), (-2.3890526, -0.7600557, -1.6465415), (-1.8443952, -0.000060722232, 0.00016526319), (-1.4898942, -0.000038091093, -0.0000053085387), (-0.74138033, -0.00001564622, -0.0000027939677), (-2.539137, -0.50907916, -0.6830123), (-2.3542018, 0.44258833, -0.11382447), (-2.0849557, 0.000037625432, 0.000010989606), (-1.1916903, -0.000008381903, -0.000005494803), (-1.3802392, -0.9125989, 0.75995636), (-0.34888467, -0.00003197929, 0.000047357753), (-1.618783, -0.000001071021, -0.000010430813), (-1.7108765, -0.000025890768, -0.000046007335), (-2.7011337, -1.1977234, 0.0744068), (-6.8087964, 0.000015180558, 0.00026412308), (-11.28141, 0.000008009374, 0.0000692904), (-16.139633, 0.000023748726, 0.00030100346), (-0.0000076293945, -13.401541, 0), (-5.919736, -0.8106507, 11.5048275), (28.352428, 0.0000044703484, 0), (13.722817, 0.0000016763806, 0), (4.3779135, 14.419517, -0.0000052154064), (3.1099186, -0.0000035390258, 0), (-0.0000042915344, 0, 0), (6.0821466, 7.0693917, 0.06026745), (-0.00038909912, 0.0000042915344, 0.000005722046), (6.0321074, 0.018460117, 0.022958219), (9.877458, 0.01846198, 0.022958219), (13.722817, 0.018462725, 0.02295971), (6.277281, -0.020426512, 0.045923144), (15.898469, -0.020425022, 0.04593134), (27.183014, -0.010216236, 0.02296418), (-5.91975, -0.81065035, -11.504826), (-28.35243, 0.0000029802322, -0.0000044703484), (-13.722801, -0.0000029802322, 0.0000037252903), (-4.3779035, -14.419524, -0.0000014901161), (-3.1098874, -0.000007729977, 0.0000033527613), (0.000015258789, -9.536743e-7, -4.7683716e-7), (-5.687136, -7.0841117, -0.051394064), (0.00038528442, -0.000004768371, -0.000002861023), (-6.032084, -0.018462539, -0.022960827), (-9.877445, -0.018464029, -0.022958219), (-13.722804, -0.018467009, -0.022958219), (-6.2773, 0.020426884, -0.04592985), (-15.898484, 0.020429492, -0.04592985), (-27.18302, 0.010217726, -0.02296716), (0.0000076293945, 13.152417, 12.131039), (-0.0000038146973, -17.762201, 10.053691), (0.0000038146973, 16.638687, -15.346582), (0.0000038146973, -21.436518, -12.133411)],
                4: [(0, -4.0201483, 0), (-0.027476117, 46.65231, 0.03085211), (0.8662259, -8.381903e-7, -4.1909516e-7), (12.185184, 0.0000029802322, 0.0000016763806), (11.198351, 0.0000022351742, 0.0000031664968), (9.027584, 7.4505806e-7, 0.000003911555), (6.883183, 0.42911842, 1.8730621), (9.032844, -3.7252903e-7, 0.000026263297), (16.139854, -0.000009685755, -0.000018626451), (-0.0000019073486, 7.1525574e-7, -0.0000076293945), (6.278588, 0.0000022351742, 0.0000067055225), (11.622458, 0.000004656613, 0.0000044703484), (14.638205, -1.8626451e-7, -0.0000044703484), (14.638204, 0.0000013038516, 0), (2.4447587, 0.5600668, -1.0387049), (2.9827309, -0.4714122, 0.0715727), (2.0081136, 0.0000049127266, -0.0000032130629), (1.0284891, -6.519258e-7, -0.0000030733645), (2.5681865, 0.3876023, -0.18610768), (2.7770746, -0.5317608, 0.11720136), (2.367644, 0.000009359792, 0.0000037718564), (1.2618978, -0.000015459955, 0.000004377216), (-0.06121063, 0.08253479, -0.0071799755), (2.3888772, 0.759931, 1.6465372), (1.8443978, 0.00008381903, -0.00015124679), (1.4898748, -0.000008102506, -0.0000060070306), (0.7414211, -0.000006938353, -3.259629e-7), (2.5389469, 0.5089336, 0.6830042), (2.354198, -0.4426347, 0.11382308), (2.0849721, 9.313226e-8, 0.0000041909516), (1.1916893, -0.00001564622, -0.000009406358), (1.380064, 0.9124741, -0.75996554), (0.34885213, -4.656613e-8, 0.000008195639), (1.618798, -0.000010244548, -0.0000058906153), (1.7108474, 0.0000031897798, 0.000013038516), (2.7011373, 1.9638594, -0.08847332), (6.8090773, -0.0000055879354, -0.0000059604645), (11.281386, -0.00000782311, -0.000014156103), (16.139858, -0.000011920929, -0.000022351742), (8.723784, -1.4504373, 0.0000044703484), (6.8414555, 0.0000067055225, 0.0000030733645), (26.017088, 0.000014901161, 0.0000128522515), (26.017088, 0.000014901161, 0.0000128522515), (10.490303, 10.844729, 4.7683716e-7), (10.4902725, 10.844731, -5.922047), (-2.682209e-7, -0.000015258789, -0.000005722046), (10.490303, 10.8447275, 5.9218817), (0.0000019073486, 0, 0.0000038146973), (33.174294, 0, 0), (6.8830023, 0.42911768, -1.8730567), (-9.032806, 5.5879354e-7, 0.000070780516), (-16.139633, 0.000007112976, 0.00029355288), (0.0000019073486, -9.536743e-7, -0.0000076293945), (-6.2788544, 0.00001527369, -0.00023748726), (-11.622429, 7.4505806e-7, 0.000028684735), (-14.638205, -7.4505806e-7, -0.00004172325), (-14.6382065, -0.0000059604645, -0.000044703484), (-2.4449158, -0.5601969, 1.0387015), (-2.982742, 0.47136062, -0.07156478), (-2.0081222, 0.000014901161, 0.0000029802322), (-1.0284814, -0.000008987263, -0.000006845221), (-2.5683742, -0.3877256, 0.18609957), (-2.7770739, 0.5317608, -0.11719591), (-2.367609, -0.000014808029, -0.000003911555), (-1.2618953, -0.000014901161, 0.0000020489097), (0.061203003, -0.08253479, 0.0071792006), (-2.3890529, -0.7600546, -1.6465425), (-1.8443946, -0.000061653554, 0.00016544946), (-1.4898928, -0.000036880374, -0.000008475035), (-0.7413776, -0.000014854595, -0.000005029142), (-2.539132, -0.509078, -0.6830088), (-2.3542004, 0.44258907, -0.113822825), (-2.0849507, 0.000038277358, 0.000012665987), (-1.1916883, -0.000008195639, -0.000005122274), (-1.3802366, -0.91259646, 0.7599584), (-0.34888402, -0.000035139965, 0.00004749745), (-1.6187804, -7.683411e-7, -0.000008568168), (-1.7108729, -0.000026682392, -0.000046007335), (-2.7011337, -1.1977234, 0.0744068), (-6.808792, 0.000009895302, 0.00026375055), (-11.281406, -0.0000011757948, 0.00006482005), (-16.139626, 0.000008544885, 0.00029727817), (-0.0000076293945, -13.401541, 0), (-5.9197307, -0.81065226, 11.504823), (28.352425, 0, 0), (13.722813, 0.0000012107193, -0.0000014901161), (4.37791, 14.419508, -0.0000067055225), (3.1099195, -0.0000011175871, 5.5879354e-7), (-0.0000042915344, 0, 0), (6.0821466, 7.0693917, 0.06026745), (-0.00038909912, 0.0000042915344, 0.000005722046), (6.032106, 0.018460419, 0.02295971), (9.877453, 0.018461537, 0.022958219), (13.722815, 0.01846226, 0.02295971), (6.2772794, -0.020426884, 0.045923516), (15.898466, -0.020426512, 0.045932084), (27.183012, -0.010217726, 0.02296418), (-5.91975, -0.810653, -11.504825), (-28.352425, 0, -0.0000044703484), (-13.722804, -0.0000014901161, 0.0000048428774), (-4.3779054, -14.419526, -0.0000044703484), (-3.109889, -0.00000773307, 0.000003911555), (0.000015258789, -9.536743e-7, -4.7683716e-7), (-5.687136, -7.0841117, -0.051394064), (0.00038528442, -0.000004768371, -0.000002861023), (-6.032085, -0.018461794, -0.02295971), (-9.877448, -0.018463284, -0.02295766), (-13.722809, -0.018464029, -0.022957101), (-6.2773004, 0.020426512, -0.04593022), (-15.898481, 0.020428002, -0.04592985), (-27.183023, 0.010217726, -0.02297014), (0.0000076293945, 13.152417, 12.131039), (-0.0000038146973, -17.762201, 10.053691), (0.0000038146973, 16.638687, -15.346582), (0.0000038146973, -21.436518, -12.133411)],
                5: [(0, -4.0201483, 0), (-0.017376078, 44.313545, 0.020497108), (0.86622536, -8.381903e-7, -4.656613e-7), (12.185181, 0.0000044703484, 0.0000033527613), (11.198354, 7.4505806e-7, 0.0000026077032), (9.027585, 7.4505806e-7, 0.0000023283064), (6.8831844, 0.42911693, 1.8730613), (9.032844, 0.0000022351742, 0.000026449561), (16.139858, -0.0000067055225, -0.000020116568), (-0.0000019073486, 7.1525574e-7, -0.0000076293945), (6.2785907, -9.778887e-7, 0.0000074505806), (11.622468, 0.0000031664968, 0.0000059604645), (14.638212, -0.0000041909516, -0.0000044703484), (14.638214, -0.0000027939677, 0.0000014901161), (2.444762, 0.5600659, -1.0387046), (2.9827337, -0.471412, 0.071574), (2.0081172, 0.0000057043508, -0.0000037718564), (1.0284917, -2.7939677e-7, -0.000005494803), (2.5681891, 0.3876036, -0.18611047), (2.7770777, -0.531761, 0.1172008), (2.367647, 0.0000062864274, 0.0000015832484), (1.2618997, -0.000014528632, 0.0000033527613), (-0.06121063, 0.08253479, -0.0071799755), (2.3888772, 0.7599331, 1.6465375), (1.8443985, 0.00008465722, -0.00015217811), (1.4898771, -0.0000069849193, -0.0000073574483), (0.741422, -0.0000055413693, 0.0000016763806), (2.5389497, 0.5089338, 0.68300164), (2.3542001, -0.44263387, 0.11382345), (2.084976, 0.000001071021, 0.0000012107193), (1.1916924, -0.000015459955, -0.000010523945), (1.3800662, 0.9124752, -0.7599676), (0.34885433, -7.916242e-7, 0.000008048664), (1.618799, -0.000009313226, -0.000007264316), (1.7108477, 0.0000048748916, 0.00001071021), (2.7011373, 1.9638594, -0.08847332), (6.809082, -0.0000029802322, -0.0000048428774), (11.281388, -0.0000037252903, -0.00001527369), (16.13986, -0.0000074505806, -0.000021606684), (8.723787, -1.4504387, 0.0000033527613), (6.841458, 0.0000052154064, 0.0000028405339), (26.017088, 0.000014901161, 0.000014901161), (26.017088, 0.000014901161, 0.000014901161), (10.490303, 10.844729, 4.7683716e-7), (10.4902725, 10.844731, -5.922047), (-2.682209e-7, -0.000015258789, -0.000005722046), (10.490303, 10.8447275, 5.9218817), (0.0000019073486, 0, 0.0000038146973), (33.174294, 0, 0), (6.883007, 0.42911544, -1.873059), (-9.032809, 0.0000022351742, 0.00007674098), (-16.139633, 0.0000069849193, 0.0002965331), (0.0000019073486, -9.536743e-7, -0.0000076293945), (-6.2788525, 0.000013783574, -0.00023767352), (-11.622431, 7.4505806e-7, 0.00002682209), (-14.6382065, -0.0000014901161, -0.000044703484), (-14.638207, -0.0000059604645, -0.000047683716), (-2.4449155, -0.56019604, 1.038702), (-2.982744, 0.47135976, -0.071566924), (-2.0081253, 0.000015180558, 0.0000016763806), (-1.0284854, -0.000008288771, -0.000005820766), (-2.5683753, -0.38772523, 0.18609865), (-2.777074, 0.5317619, -0.11719623), (-2.367611, -0.0000144355, -0.0000035390258), (-1.2618966, -0.000014342368, 0.0000014901161), (0.061203003, -0.08253479, 0.0071792006), (-2.3890498, -0.7600544, -1.6465399), (-1.8443959, -0.000059604645, 0.00016419217), (-1.4898912, -0.00003837049, -0.000004284084), (-0.741378, -0.000014761463, -0.000004377216), (-2.539132, -0.50907785, -0.6830083), (-2.3542001, 0.44258964, -0.113822125), (-2.084953, 0.000036973506, 0.000012293458), (-1.1916865, -0.000008288771, -0.000008195639), (-1.3802373, -0.91259575, 0.75995725), (-0.34888434, -0.000032866956, 0.000048149377), (-1.6187791, -0.0000014901161, -0.00000949949), (-1.7108725, -0.0000259839, -0.00004414469), (-2.7011337, -1.1977234, 0.0744068), (-6.8087926, 0.000009825453, 0.00026263297), (-11.2814045, -2.3283064e-7, 0.00006854534), (-16.139626, 0.00001071021, 0.00029802322), (-0.0000076293945, -13.401541, 0), (-5.919735, -0.8106515, 11.504824), (28.352415, -0.0000029802322, 0.0000044703484), (13.722812, 0.0000020023435, -0.0000029802322), (4.377912, 14.41951, -0.0000074505806), (3.1099172, -0.0000033527613, 7.4505806e-7), (-0.0000042915344, 0, 0), (6.0821466, 7.0693917, 0.06026745), (-0.00038909912, 0.0000042915344, 0.000005722046), (6.032105, 0.018460188, 0.022958964), (9.877452, 0.018461654, 0.022958964), (13.722812, 0.018462772, 0.02295971), (6.277279, -0.020427257, 0.04592389), (15.898463, -0.020428002, 0.045933947), (27.183008, -0.010219216, 0.022964925), (-5.9197507, -0.81065184, -11.504825), (-28.352413, -0.0000059604645, -0.0000074505806), (-13.722796, -0.0000044703484, -0.0000010244548), (-4.3779078, -14.419511, 0.0000074505806), (-3.1098864, -0.0000077008735, 0.0000033527613), (0.000015258789, -9.536743e-7, -4.7683716e-7), (-5.687136, -7.0841117, -0.051394064), (0.00038528442, -0.000004768371, -0.000002861023), (-6.0320826, -0.018463284, -0.022961712), (-9.877445, -0.018465519, -0.022959895), (-13.722799, -0.0184685, -0.022961013), (-6.2772975, 0.020425022, -0.04593171), (-15.898475, 0.020425767, -0.045932084), (-27.183004, 0.010210276, -0.02297163), (0.0000076293945, 13.152417, 12.131039), (-0.0000038146973, -17.762201, 10.053691), (0.0000038146973, 16.638687, -15.346582), (0.0000038146973, -21.436518, -12.133411)],
                6: [(0, -4.0201483, 0), (-0.010028412, 45.62371, 0.02723606), (0.86622715, -0.0000011175871, -5.355105e-7), (12.185189, 0, -7.4505806e-7), (11.198361, -0.0000022351742, -0.0000013038516), (9.027592, -0.0000029802322, -0.0000026077032), (6.8831882, 0.42911693, 1.8730584), (9.032846, 0.0000021769665, 0.000021560118), (16.139866, 0.0000022351742, -0.000011175871), (-0.0000019073486, 7.1525574e-7, -0.0000076293945), (6.278597, 0.0000010011718, 0.0000074505806), (11.622481, 0.0000017695129, 0.000008940697), (14.638226, 4.1909516e-7, -0.0000029802322), (14.638226, 0.0000013969839, 0.0000014901161), (2.444765, 0.5600674, -1.0387077), (2.9827368, -0.4714122, 0.07157307), (2.008117, 0.000006624032, -0.0000027939677), (1.0284907, -2.7939677e-7, -0.0000027008355), (2.5681891, 0.38760555, -0.18610674), (2.7770782, -0.531761, 0.11719894), (2.3676476, 0.000009464566, 0.0000015832484), (1.2619, -0.000015925616, 0.0000035390258), (-0.06121063, 0.08253479, -0.0071799755), (2.3888798, 0.75993663, 1.6465398), (1.8443989, 0.00008470379, -0.00015441328), (1.489879, -0.000007543713, -0.0000067055225), (0.7414218, -0.000006845221, 0.0000019557774), (2.5389514, 0.5089363, 0.68300384), (2.3542013, -0.4426336, 0.11382215), (2.084976, 7.916242e-7, 2.7939677e-7), (1.1916912, -0.00001527369, -0.0000056810677), (1.3800666, 0.9124776, -0.759964), (0.34885487, -0.0000023515895, 0.0000072759576), (1.6187999, -0.00001238659, -0.000009313226), (1.7108483, 0.0000012107193, 0.000010803342), (2.7011373, 1.9638594, -0.08847332), (6.8090835, 0, -0.000004656613), (11.281389, -0.0000011175871, -0.00001527369), (16.139872, 0.0000014901161, -0.000016391277), (8.723798, -1.450444, -0.0000018626451), (6.8414674, 0.0000022351742, -0.000002561137), (26.017124, 0.0000029802322, -0.000010058284), (26.017124, 0.0000029802322, -0.000010058284), (10.490303, 10.844729, 4.7683716e-7), (10.4902725, 10.844731, -5.922047), (-2.682209e-7, -0.000015258789, -0.000005722046), (10.490303, 10.8447275, 5.9218817), (0.0000019073486, 0, 0.0000038146973), (33.174294, 0, 0), (6.8830123, 0.42911693, -1.873064), (-9.03281, 0.0000031664968, 0.00007413328), (-16.139637, 0.00001564622, 0.00029578805), (0.0000019073486, -9.536743e-7, -0.0000076293945), (-6.2788577, 0.000014901161, -0.0002425164), (-11.622437, 7.4505806e-7, 0.000018626451), (-14.638217, 0.0000014901161, -0.000055879354), (-14.638218, -0.0000022351742, -0.00006183982), (-2.4449143, -0.56019694, 1.0387057), (-2.9827447, 0.4713579, -0.07156907), (-2.0081248, 0.000015366822, 0.0000010244548), (-1.0284851, -0.0000092200935, -0.0000055879354), (-2.5683737, -0.3877256, 0.18610238), (-2.7770774, 0.53176105, -0.11720033), (-2.3676114, -0.000014342368, -0.0000048428774), (-1.2618968, -0.000015087426, 0.000003632158), (0.061203003, -0.08253479, 0.0071792006), (-2.3890524, -0.7600561, -1.6465422), (-1.8443966, -0.00006221235, 0.00016344711), (-1.4898947, -0.00003837049, -0.0000066123903), (-0.7413784, -0.000014947727, -0.0000049360096), (-2.539136, -0.50907975, -0.68301225), (-2.3542013, 0.44258797, -0.113823965), (-2.0849552, 0.00004004687, 0.000007636845), (-1.1916907, -0.000008102506, -0.0000060535967), (-1.3802364, -0.91259664, 0.75995857), (-0.34888572, -0.000033108518, 0.000049266964), (-1.6187814, -6.7520887e-7, -0.000010430813), (-1.7108755, -0.000026030466, -0.00004414469), (-2.7011337, -1.1977234, 0.0744068), (-6.8087964, 0.000013317913, 0.0002630055), (-11.281408, 0.0000040978193, 0.00006854534), (-16.139633, 0.000018253922, 0.00029951334), (-0.0000076293945, -13.401541, 0), (-5.9197383, -0.81065226, 11.504826), (28.35242, 0, 0.0000020489097), (13.722813, 0.0000015832484, -0.0000029802322), (4.3779125, 14.419511, -0.0000059604645), (3.1099174, -0.0000037252903, 0.0000013038516), (-0.0000042915344, 0, 0), (6.0821466, 7.0693917, 0.06026745), (-0.00038909912, 0.0000042915344, 0.000005722046), (6.032106, 0.018460536, 0.022958219), (9.877453, 0.018461794, 0.022957474), (13.722813, 0.018462725, 0.0229612), (6.277278, -0.020428002, 0.04592412), (15.898463, -0.020428002, 0.04593171), (27.183014, -0.010216236, 0.022964552), (-5.919752, -0.81065, -11.504826), (-28.352428, 0.0000029802322, -0.0000029802322), (-13.722804, -0.0000014901161, 0.0000037252903), (-4.377905, -14.419519, 0), (-3.1098876, -0.000007424387, 0.0000044703484), (0.000015258789, -9.536743e-7, -4.7683716e-7), (-5.687136, -7.0841117, -0.051394064), (0.00038528442, -0.000004768371, -0.000002861023), (-6.032085, -0.018461794, -0.022960454), (-9.877449, -0.018463284, -0.022956915), (-13.722809, -0.018465519, -0.022955611), (-6.2773004, 0.020426884, -0.04593022), (-15.898484, 0.020429492, -0.045929104), (-27.183025, 0.010219216, -0.02296567), (0.0000076293945, 13.152417, 12.131039), (-0.0000038146973, -17.762201, 10.053691), (0.0000038146973, 16.638687, -15.346582), (0.0000038146973, -21.436518, -12.133411)],
                7: [(0, -4.0201483, 0), (-0.009159353, 46.777214, 0.03838576), (0.86622524, -8.381903e-7, -4.1909516e-7), (12.185186, 0.0000029802322, 0.0000026077032), (11.198349, 0.0000029802322, 0.000005401671), (9.027578, 0.0000044703484, 0.000004656613), (6.8831825, 0.42911917, 1.8730627), (9.0328455, 0.0000016763806, 0.00001937151), (16.13986, -0.0000022351742, -0.000017788261), (-0.0000019073486, 7.1525574e-7, -0.0000076293945), (6.278597, -0.0000023283064, 0.00000782311), (11.622476, -6.519258e-7, 0.0000067055225), (14.638225, -0.000004656613, -0.0000044703484), (14.638222, -0.0000033527613, 0), (2.4447634, 0.56006706, -1.0387082), (2.9827344, -0.4714115, 0.07157456), (2.008116, 0.0000086613, -0.0000044237822), (1.0284932, 7.4505806e-7, -0.000005029142), (2.5681882, 0.38760352, -0.18610917), (2.7770796, -0.5317603, 0.11720117), (2.3676496, 0.000008568168, 0.0000029802322), (1.2619005, -0.000016298145, 0.000002514571), (-0.06121063, 0.08253479, -0.0071799755), (2.3888793, 0.7599352, 1.6465402), (1.8443989, 0.00008442439, -0.0001501292), (1.4898773, -0.000008917414, -0.0000055879354), (0.74142146, -0.0000074345735, -0.000002561137), (2.538949, 0.5089349, 0.6830059), (2.354201, -0.4426352, 0.11382233), (2.0849776, 7.916242e-7, -2.7939677e-7), (1.1916919, -0.000015867408, -0.0000060535967), (1.3800659, 0.9124767, -0.75996464), (0.3488539, -0.0000013504177, 0.000007729977), (1.6187985, -0.000007135168, -0.000007916242), (1.7108468, 0.0000016763806, 0.000010989606), (2.7011373, 1.9638594, -0.08847332), (6.8090835, -3.7252903e-7, -0.000003632158), (11.281389, -0.0000014901161, -0.000014714897), (16.139866, -0.0000029802322, -0.000021466985), (8.7237835, -1.450435, 0.000005029142), (6.8414526, 0.000008195639, 0.0000033760443), (26.017088, 0.000014901161, 0.000016577542), (26.017088, 0.000014901161, 0.000016577542), (10.490303, 10.844729, 4.7683716e-7), (10.4902725, 10.844731, -5.922047), (-2.682209e-7, -0.000015258789, -0.000005722046), (10.490303, 10.8447275, 5.9218817), (0.0000019073486, 0, 0.0000038146973), (33.174294, 0, 0), (6.8830013, 0.42911917, -1.8730564), (-9.03281, 0.0000027241185, 0.00007543713), (-16.139633, 0.000009685755, 0.0003039837), (0.0000019073486, -9.536743e-7, -0.0000076293945), (-6.27885, 0.000017508864, -0.00023581088), (-11.622424, 0.0000044703484, 0.000032037497), (-14.638199, 0.0000022351742, -0.00003874302), (-14.638201, -0.0000052154064, -0.000043213367), (-2.4449124, -0.56019425, 1.0387036), (-2.9827435, 0.47136024, -0.07156972), (-2.0081217, 0.000015366822, 7.4505806e-7), (-1.0284821, -0.000009080395, -0.000008288771), (-2.5683744, -0.38772506, 0.18609902), (-2.777074, 0.5317637, -0.1171954), (-2.3676074, -0.000015087426, -0.000006891787), (-1.2618947, -0.000014342368, 0.0000013038516), (0.061203003, -0.08253479, 0.0071792006), (-2.389052, -0.76005477, -1.6465422), (-1.8443955, -0.00006137416, 0.00016409904), (-1.4898924, -0.000037252903, -0.0000062398612), (-0.74137914, -0.000016205013, -0.00000144355), (-2.539132, -0.50907713, -0.68300766), (-2.3541987, 0.44259056, -0.113822706), (-2.0849497, 0.000039301813, 0.000008195639), (-1.1916865, -0.000008940697, -0.000008940697), (-1.3802373, -0.9125978, 0.75995576), (-0.34888318, -0.000034965342, 0.00004824251), (-1.6187794, 4.656613e-8, -0.000009313226), (-1.7108731, -0.000028125942, -0.000045076013), (-2.7011337, -1.1977234, 0.0744068), (-6.8087935, 0.000010617077, 0.0002656132), (-11.281404, 7.4505806e-7, 0.000074505806), (-16.139627, 0.000012293458, 0.00030621886), (-0.0000076293945, -13.401541, 0), (-5.9197307, -0.8106507, 11.504823), (28.352419, -0.0000029802322, 0.0000029802322), (13.722806, -0.0000011175871, 0.0000014901161), (4.377909, 14.419499, -0.0000067055225), (3.1099174, -0.0000033527613, 0.000002142042), (-0.0000042915344, 0, 0), (6.0821466, 7.0693917, 0.06026745), (-0.00038909912, 0.0000042915344, 0.000005722046), (6.0321035, 0.018459652, 0.02295971), (9.877449, 0.018460117, 0.022957474), (13.722807, 0.018460304, 0.02295971), (6.277279, -0.020428002, 0.045923796), (15.898461, -0.020428002, 0.04593339), (27.183008, -0.010222197, 0.022961944), (-5.91975, -0.81065315, -11.504825), (-28.352425, 0.0000029802322, -0.0000052154064), (-13.722804, -0.0000014901161, 0.0000040978193), (-4.3779054, -14.419523, -7.4505806e-7), (-3.1098874, -0.000007834751, 0.000003911555), (0.000015258789, -9.536743e-7, -4.7683716e-7), (-5.687136, -7.0841117, -0.051394064), (0.00038528442, -0.000004768371, -0.000002861023), (-6.032086, -0.018461794, -0.022958964), (-9.87745, -0.018462539, -0.022957288), (-13.722807, -0.018465519, -0.022956356), (-6.277299, 0.020428002, -0.045929756), (-15.898485, 0.020429492, -0.045927614), (-27.18302, 0.010216236, -0.022968277), (0.0000076293945, 13.152417, 12.131039), (-0.0000038146973, -17.762201, 10.053691), (0.0000038146973, 16.638687, -15.346582), (0.0000038146973, -21.436518, -12.133411)],
                8: [(0, -4.0201483, 0), (0.000251838, 48.46602, 0.046043474), (0.8662252, -8.381903e-7, -3.7252903e-7), (12.185188, 0, 0), (11.1983595, -0.0000014901161, -0.0000016763806), (9.027591, -0.0000022351742, -8.381903e-7), (6.8831844, 0.42911768, 1.8730595), (9.032844, 0.0000026077032, 0.00001899898), (16.139858, -0.0000014901161, -0.000018626451), (-0.0000019073486, 7.1525574e-7, -0.0000076293945), (6.278597, -3.7252903e-7, 0.0000074505806), (11.622476, 0.0000020489097, 0.0000059604645), (14.638226, -0.0000022351742, -0.0000044703484), (14.638225, -3.7252903e-7, 0), (2.4447649, 0.5600674, -1.0387073), (2.9827352, -0.47141248, 0.07157307), (2.0081162, 0.000008940697, -0.000002561137), (1.0284921, -9.313226e-8, -0.0000030733645), (2.5681868, 0.3876038, -0.18611029), (2.7770758, -0.5317618, 0.11719819), (2.367646, 0.000007636845, 0.0000032130629), (1.2618973, -0.000016158447, 0.0000028871), (-0.06121063, 0.08253479, -0.0071799755), (2.388879, 0.75993407, 1.6465396), (1.8443987, 0.00008409843, -0.00015227124), (1.4898767, -0.000006472692, -0.0000092200935), (0.74142075, -0.000008521602, 0.0000012107193), (2.5389464, 0.5089337, 0.6830023), (2.3542027, -0.44263402, 0.113825314), (2.084975, 5.5879354e-7, -0.0000011175871), (1.1916925, -0.000016205013, -0.0000064261258), (1.3800658, 0.9124759, -0.75996554), (0.34885472, -0.0000028085196, 0.000006565824), (1.618798, -0.000011641532, -0.000008288771), (1.7108474, 0.000004284084, 0.000010454096), (2.7011373, 1.9638594, -0.08847332), (6.809081, -0.0000022351742, -0.0000063329935), (11.281387, -0.0000014901161, -0.000018812716), (16.139866, -7.4505806e-7, -0.000022538006), (8.723792, -1.4504396, 3.7252903e-7), (6.841458, 0.0000052154064, 0.000003108289), (26.01709, 0.000017881393, 0.000012433156), (26.01709, 0.000017881393, 0.000012433156), (10.490303, 10.844729, 4.7683716e-7), (10.4902725, 10.844731, -5.922047), (-2.682209e-7, -0.000015258789, -0.000005722046), (10.490303, 10.8447275, 5.9218817), (0.0000019073486, 0, 0.0000038146973), (33.174294, 0, 0), (6.8830094, 0.4291162, -1.8730617), (-9.03281, 0.0000045634806, 0.00007618219), (-16.139633, 0.000014156103, 0.00030212104), (0.0000019073486, -9.536743e-7, -0.0000076293945), (-6.2788553, 0.000015087426, -0.0002399087), (-11.622433, 0.0000026077032, 0.000020861626), (-14.638209, 0.0000011175871, -0.000050663948), (-14.638212, -7.4505806e-7, -0.00005811453), (-2.4449162, -0.56019586, 1.0387024), (-2.9827456, 0.47135773, -0.07157028), (-2.008126, 0.000015925616, 0.0000048428774), (-1.028483, -0.00000714208, -0.0000052154064), (-2.5683746, -0.3877257, 0.18610078), (-2.777077, 0.5317608, -0.11719912), (-2.3676152, -0.000014714897, -0.0000048428774), (-1.2618986, -0.000014016405, 0.0000029802322), (0.061203003, -0.08253479, 0.0071792006), (-2.3890524, -0.76005423, -1.6465405), (-1.8443972, -0.0000606291, 0.00016586855), (-1.4898937, -0.000038696453, -0.0000048428774), (-0.7413776, -0.000015320256, -0.0000062398612), (-2.539135, -0.5090803, -0.6830123), (-2.354202, 0.4425886, -0.113826334), (-2.0849538, 0.000039301813, 0.000011734664), (-1.1916862, -0.0000073341653, -0.000010244548), (-1.3802369, -0.91259724, 0.7599587), (-0.34888616, -0.00003373716, 0.000047450885), (-1.6187813, -0.0000011175871, -0.000009685755), (-1.7108749, -0.000025128247, -0.00004544854), (-2.7011337, -1.1977234, 0.0744068), (-6.808796, 0.000013411045, 0.00026393682), (-11.281409, 0.0000040978193, 0.00006835908), (-16.139626, 0.000017881393, 0.0003028661), (-0.0000076293945, -13.401541, 0), (-5.9197345, -0.81065, 11.504823), (28.352413, -0.0000029802322, 0.000009685755), (13.722809, -7.4505806e-7, 0), (4.3779044, 14.419497, -0.0000037252903), (3.109916, -0.0000037252903, 0.000003632158), (-0.0000042915344, 0, 0), (6.0821466, 7.0693917, 0.06026745), (-0.00038909912, 0.0000042915344, 0.000005722046), (6.0321035, 0.018459186, 0.02295971), (9.877449, 0.018460304, 0.022958964), (13.722809, 0.018460304, 0.02295971), (6.277279, -0.020427257, 0.04592538), (15.89846, -0.020428002, 0.045936927), (27.183002, -0.010225177, 0.022972375), (-5.9197516, -0.81065243, -11.504826), (-28.352415, -0.0000029802322, -0.000009173527), (-13.7227955, -0.0000044703484, -0.0000022351742), (-4.377906, -14.419518, 0.0000037252903), (-3.109887, -0.000007695053, 0.0000031664968), (0.000015258789, -9.536743e-7, -4.7683716e-7), (-5.687136, -7.0841117, -0.051394064), (0.00038528442, -0.000004768371, -0.000002861023), (-6.032081, -0.018464029, -0.02296269), (-9.877441, -0.018466264, -0.022963434), (-13.722798, -0.01846999, -0.022963434), (-6.2772965, 0.020425022, -0.045931544), (-15.898475, 0.020425022, -0.045932807), (-27.183008, 0.010210276, -0.022974983), (0.0000076293945, 13.152417, 12.131039), (-0.0000038146973, -17.762201, 10.053691), (0.0000038146973, 16.638687, -15.346582), (0.0000038146973, -21.436518, -12.133411)],
                9: [(0, -4.0201483, 0), (0.000026902842, 48.185467, 0.05248105), (0.86622554, -6.519258e-7, -1.8626451e-7), (12.1851845, 0.0000029802322, 0.0000037252903), (11.198351, 0.0000014901161, 0.0000022351742), (9.027585, 7.4505806e-7, 5.5879354e-7), (6.883187, 0.42911732, 1.8730607), (9.032844, 0.0000033527613, 0.000021606684), (16.139858, -0.0000022351742, -0.000019744039), (-0.0000019073486, 7.1525574e-7, -0.0000076293945), (6.2785916, -1.8626451e-7, 0.0000048428774), (11.622472, -0.0000014901161, 0.0000059604645), (14.63822, -0.0000059604645, -0.0000059604645), (14.638217, -0.0000063329935, -0.0000022351742), (2.4447615, 0.56006515, -1.0387073), (2.9827359, -0.47141248, 0.071574375), (2.0081131, 0.000008009374, -0.0000026542693), (1.0284907, -0.0000011641532, -0.0000027939677), (2.568186, 0.38760212, -0.18610805), (2.777078, -0.53176, 0.1172021), (2.367644, 0.000007264316, 0.0000028405339), (1.2618972, -0.000015064143, 0.0000013038516), (-0.06121063, 0.08253479, -0.0071799755), (2.3888762, 0.75993055, 1.646537), (1.8443991, 0.00008419156, -0.00015171245), (1.4898776, -0.000009033829, -0.0000060535967), (0.7414204, -0.000006519258, -8.381903e-7), (2.5389466, 0.5089318, 0.6830031), (2.3542008, -0.44263518, 0.113823354), (2.084976, 2.7939677e-7, 6.519258e-7), (1.191693, -0.000013364479, -0.00000949949), (1.3800657, 0.9124753, -0.75996464), (0.348854, -0.0000018044375, 0.000007660128), (1.618794, -0.0000124797225, -0.000006798655), (1.7108461, 0.000003911555, 0.000011909287), (2.7011373, 1.9638594, -0.08847332), (6.8090806, -0.0000022351742, -0.0000073574483), (11.281386, -0.0000014901161, -0.000018067658), (16.139866, -0.0000014901161, -0.000023469329), (8.723789, -1.4504387, 0.0000022351742), (6.841462, 0.0000044703484, 0.0000015832484), (26.017103, 0.000008940697, 0.000008381903), (26.017103, 0.000008940697, 0.000008381903), (10.490303, 10.844729, 4.7683716e-7), (10.4902725, 10.844731, -5.922047), (-2.682209e-7, -0.000015258789, -0.000005722046), (10.490303, 10.8447275, 5.9218817), (0.0000019073486, 0, 0.0000038146973), (33.174294, 0, 0), (6.883008, 0.42911768, -1.8730595), (-9.032809, 0.0000052154064, 0.00007972121), (-16.139633, 0.00001564622, 0.0003031455), (0.0000019073486, -9.536743e-7, -0.0000076293945), (-6.2788515, 0.00001701992, -0.00023841858), (-11.622426, 0.000004656613, 0.00002682209), (-14.638201, -4.656613e-8, -0.000043213367), (-14.638205, -0.000001071021, -0.000047683716), (-2.4449148, -0.5601941, 1.0387037), (-2.9827461, 0.47136134, -0.07156674), (-2.008124, 0.00001564622, 0.0000037252903), (-1.0284834, -0.000008032657, -0.0000066123903), (-2.5683756, -0.38772473, 0.18610078), (-2.777076, 0.5317615, -0.11719763), (-2.3676124, -0.000015227124, -0.0000016763806), (-1.2618955, -0.000015180558, 0.000005867332), (0.061203003, -0.08253479, 0.0071792006), (-2.3890533, -0.76005423, -1.6465409), (-1.8443961, -0.000060349703, 0.00016558915), (-1.489893, -0.000039767474, -0.0000092200935), (-0.7413776, -0.000015139813, -0.0000048428774), (-2.539134, -0.50908, -0.6830126), (-2.3541994, 0.4425887, -0.11382513), (-2.084953, 0.00003897585, 0.00000782311), (-1.1916889, -0.000007991912, -0.000007636845), (-1.380239, -0.9125968, 0.75995904), (-0.3488841, -0.000035669655, 0.000047776848), (-1.6187787, -0.0000010244548, -0.000008754432), (-1.7108732, -0.000024819747, -0.000044889748), (-2.7011337, -1.1977234, 0.0744068), (-6.808796, 0.000013411045, 0.00026393682), (-11.281408, 0.0000037252903, 0.00006882474), (-16.139626, 0.000017136335, 0.00030528754), (-0.0000076293945, -13.401541, 0), (-5.9197283, -0.81065, 11.504819), (28.35241, -0.000008940697, 0.000010803342), (13.722806, -0.0000037252903, 0.0000014901161), (4.3779025, 14.4195, 0), (3.1099174, -0.0000035390258, 0.000004284084), (-0.0000042915344, 0, 0), (6.0821466, 7.0693917, 0.06026745), (-0.00038909912, 0.0000042915344, 0.000005722046), (6.0321026, 0.01845844, 0.022960454), (9.877448, 0.018458068, 0.022958964), (13.722806, 0.018457323, 0.0229612), (6.277278, -0.020428002, 0.045925938), (15.8984585, -0.020428002, 0.045938045), (27.182999, -0.010222197, 0.022972375), (-5.919752, -0.810655, -11.504822), (-28.35241, -0.0000029802322, -0.000012665987), (-13.722803, -0.0000029802322, 0.0000022351742), (-4.3779078, -14.419517, 0.0000035390258), (-3.109887, -0.0000088475645, 0.0000035390258), (0.000015258789, -9.536743e-7, -4.7683716e-7), (-5.687136, -7.0841117, -0.051394064), (0.00038528442, -0.000004768371, -0.000002861023), (-6.0320845, -0.018462539, -0.022960268), (-9.877447, -0.018463284, -0.022958592), (-13.722804, -0.018467009, -0.022958219), (-6.2772965, 0.020425767, -0.045932736), (-15.898475, 0.020426512, -0.045934692), (-27.183008, 0.010207295, -0.022974983), (0.0000076293945, 13.152417, 12.131039), (-0.0000038146973, -17.762201, 10.053691), (0.0000038146973, 16.638687, -15.346582), (0.0000038146973, -21.436518, -12.133411)],
                10: [(0, -4.0201483, 0), (0.00177324, 46.847107, 0.05162228), (0.86622584, -8.381903e-7, -3.958121e-7), (12.185189, 0, -3.7252903e-7), (11.198355, 0, 1.8626451e-7), (9.027587, 0, 9.313226e-8), (6.883183, 0.42912102, 1.8730613), (9.032844, 0.0000037252903, 0.000020861626), (16.139858, 0, -0.00001899898), (-0.0000019073486, 7.1525574e-7, -0.0000076293945), (6.2785954, -0.0000040978193, 0.0000074505806), (11.622472, -0.0000022351742, 0.0000044703484), (14.638218, -0.0000055879354, -0.0000074505806), (14.638217, -0.0000044703484, -0.0000029802322), (2.4447644, 0.56006664, -1.0387063), (2.9827352, -0.47141322, 0.07157456), (2.0081124, 0.0000066123903, -0.0000013038516), (1.0284909, 0.0000013242243, -0.000003632158), (2.5681875, 0.3876034, -0.18610787), (2.7770758, -0.53176135, 0.11720024), (2.367646, 0.000007636845, 0.000003259629), (1.2618992, -0.00001329463, 9.313226e-8), (-0.06121063, 0.08253479, -0.0071799755), (2.3888793, 0.7599339, 1.6465393), (1.8443989, 0.00008288771, -0.00015180558), (1.4898777, -0.000008335337, -0.0000060535967), (0.7414191, -0.0000070780516, 2.3283064e-8), (2.5389488, 0.508935, 0.68300414), (2.354203, -0.44263452, 0.11382559), (2.0849757, -7.4505806e-7, 0.0000011175871), (1.1916932, -0.0000139232725, -0.000009126961), (1.3800677, 0.9124768, -0.7599637), (0.34885487, 8.381903e-7, 0.00000805594), (1.618796, -0.000011269003, -0.000007264316), (1.7108493, 0.0000048428774, 0.000010768417), (2.7011373, 1.9638594, -0.08847332), (6.8090787, -0.0000014901161, -0.000008568168), (11.281384, 0, -0.000018440187), (16.13986, 0, -0.00002719462), (8.723788, -1.450435, 0.0000037252903), (6.8414593, 0.0000052154064, 0.0000017695129), (26.017094, 0.000014901161, 0.000008568168), (26.017094, 0.000014901161, 0.000008568168), (10.490303, 10.844729, 4.7683716e-7), (10.4902725, 10.844731, -5.922047), (-2.682209e-7, -0.000015258789, -0.000005722046), (10.490303, 10.8447275, 5.9218817), (0.0000019073486, 0, 0.0000038146973), (33.174294, 0, 0), (6.8830056, 0.4291199, -1.8730575), (-9.032809, 0.000006146729, 0.000078976154), (-16.139631, 0.000017136335, 0.00030449592), (0.0000019073486, -9.536743e-7, -0.0000076293945), (-6.278853, 0.000016205013, -0.00023879111), (-11.622428, 0.0000029802322, 0.00002682209), (-14.638204, -1.8626451e-7, -0.000044703484), (-14.638205, -0.0000016763806, -0.000052154064), (-2.444915, -0.5601959, 1.0387013), (-2.9827461, 0.47135985, -0.0715686), (-2.0081255, 0.0000151921995, -9.313226e-8), (-1.0284845, -0.00000775326, -0.000004656613), (-2.5683742, -0.38772523, 0.18609874), (-2.7770758, 0.5317619, -0.117196515), (-2.3676107, -0.0000152533175, -0.000004004687), (-1.2618983, -0.000016298145, 0.0000049360096), (0.061203003, -0.08253479, 0.0071792006), (-2.3890543, -0.76005405, -1.6465405), (-1.8443959, -0.000060116872, 0.00016540289), (-1.4898945, -0.000037648715, -0.0000088475645), (-0.74137926, -0.000015864498, -0.000003632158), (-2.5391345, -0.50908, -0.6830139), (-2.3542001, 0.44258982, -0.11382364), (-2.084952, 0.000038102735, 0.000008754432), (-1.1916895, -0.000008894131, -0.0000092200935), (-1.3802388, -0.9125973, 0.7599589), (-0.34888262, -0.000034854747, 0.000048195943), (-1.6187811, 0.0000013038516, -0.000009685755), (-1.7108748, -0.000024819747, -0.000045634806), (-2.7011337, -1.1977234, 0.0744068), (-6.8087926, 0.000013783574, 0.00026568305), (-11.281408, 0.0000037252903, 0.000070082024), (-16.139626, 0.000018626451, 0.00030668452), (-0.0000076293945, -13.401541, 0), (-5.919733, -0.8106515, 11.504825), (28.352425, 0, -0.0000022351742), (13.722816, 0.0000014901161, -7.4505806e-7), (4.377909, 14.419513, -0.0000044703484), (3.1099179, -0.0000014901161, 0.0000035390258), (-0.0000042915344, 0, 0), (6.0821466, 7.0693917, 0.06026745), (-0.00038909912, 0.0000042915344, 0.000005722046), (6.0321064, 0.018460676, 0.022959337), (9.877455, 0.018461049, 0.022958219), (13.722816, 0.018462539, 0.022958964), (6.2772794, -0.020427257, 0.045923144), (15.898468, -0.020423532, 0.045929756), (27.183014, -0.010216236, 0.022959337), (-5.9197483, -0.8106512, -11.504826), (-28.352428, 0, 7.4505806e-7), (-13.722807, 0, 0.0000074505806), (-4.3779087, -14.419517, 0.0000029802322), (-3.1098876, -0.000008009374, 0.0000033527613), (0.000015258789, -9.536743e-7, -4.7683716e-7), (-5.687136, -7.0841117, -0.051394064), (0.00038528442, -0.000004768371, -0.000002861023), (-6.032087, -0.018462539, -0.022958405), (-9.877452, -0.018461794, -0.022955611), (-13.722812, -0.018464029, -0.022954121), (-6.277302, 0.020427257, -0.045929104), (-15.898485, 0.020429492, -0.045926496), (-27.183025, 0.010216236, -0.022964925), (0.0000076293945, 13.152417, 12.131039), (-0.0000038146973, -17.762201, 10.053691), (0.0000038146973, 16.638687, -15.346582), (0.0000038146973, -21.436518, -12.133411)],
                11: [(0, -4.0201483, 0), (0.0026668734, 46.046535, 0.04481738), (0.8662255, -8.381903e-7, -4.1909516e-7), (12.185187, 0.0000014901161, 0.0000033527613), (11.198349, 0.0000037252903, 0.000003911555), (9.027582, 0.0000022351742, 0.0000014901161), (6.88318, 0.4291214, 1.8730607), (9.032842, 0.0000044703484, 0.00001564622), (16.13985, 7.4505806e-7, -0.000025331974), (-0.0000019073486, 7.1525574e-7, -0.0000076293945), (6.2785907, -0.0000022351742, 0.0000044703484), (11.622469, -0.0000022351742, 0.0000037252903), (14.638214, -0.00000782311, -0.0000074505806), (14.638214, -0.000008195639, -0.0000052154064), (2.44476, 0.5600647, -1.038708), (2.9827332, -0.47141373, 0.07157102), (2.0081143, 0.000007636845, -0.0000019557774), (1.0284915, 2.4883775e-7, -0.000003632158), (2.5681858, 0.3876022, -0.18610843), (2.7770765, -0.5317619, 0.11720061), (2.3676462, 0.0000088475645, 0.0000026077032), (1.2618971, -0.000015133992, 0.0000026077032), (-0.06121063, 0.08253479, -0.0071799755), (2.3888776, 0.7599326, 1.6465383), (1.8443961, 0.00008288771, -0.0001530163), (1.4898753, -0.00000782311, -0.000007729977), (0.7414188, -0.000008940697, 0.000002165325), (2.5389488, 0.5089333, 0.6830043), (2.3542008, -0.442636, 0.113824196), (2.0849738, -0.0000011175871, 0.0000011175871), (1.1916891, -0.00001550652, -0.000006146729), (1.3800673, 0.9124754, -0.75996274), (0.34885356, -0.0000047475623, 0.000006938353), (1.6187962, -0.0000115484, -0.000007916242), (1.7108483, 0.0000048428774, 0.000010733493), (2.7011373, 1.9638594, -0.08847332), (6.8090773, -0.0000011175871, -0.000010617077), (11.2813835, 0.0000014901161, -0.000020861626), (16.139858, 0, -0.000027567148), (8.723785, -1.4504343, 0.0000029802322), (6.841453, 0.000008940697, 0.000004377216), (26.017082, 0.000020861626, 0.000017881393), (26.017082, 0.000020861626, 0.000017881393), (10.490303, 10.844729, 4.7683716e-7), (10.4902725, 10.844731, -5.922047), (-2.682209e-7, -0.000015258789, -0.000005722046), (10.490303, 10.8447275, 5.9218817), (0.0000019073486, 0, 0.0000038146973), (33.174294, 0, 0), (6.8830066, 0.42911842, -1.8730577), (-9.032808, 0.000006519258, 0.00007636845), (-16.13963, 0.000014901161, 0.00030579977), (0.0000019073486, -9.536743e-7, -0.0000076293945), (-6.278845, 0.00001816079, -0.0002361834), (-11.622417, 0.000004284084, 0.00003501773), (-14.638188, 0.0000052154064, -0.000037252903), (-14.638193, 0, -0.000040233135), (-2.444912, -0.5601936, 1.0387003), (-2.982741, 0.47136134, -0.071567856), (-2.0081208, 0.000015925616, 0.000004156027), (-1.02848, -0.0000081490725, -0.000007543713), (-2.5683694, -0.38772488, 0.18609986), (-2.777072, 0.5317631, -0.11719782), (-2.3676074, -0.000015180558, -0.000006519258), (-1.2618959, -0.000016461127, 0.0000029802322), (0.061203003, -0.08253479, 0.0071792006), (-2.38905, -0.7600541, -1.6465392), (-1.8443935, -0.000059127342, 0.00016354024), (-1.4898903, -0.000038091093, -0.000008940697), (-0.74137616, -0.000014324905, -0.0000026077032), (-2.5391307, -0.50907606, -0.68300813), (-2.3541987, 0.44259056, -0.113821775), (-2.0849497, 0.00003851019, 0.000008288771), (-1.1916859, -0.000008882489, -0.000008195639), (-1.3802356, -0.91259533, 0.7599581), (-0.34888172, -0.0000345055, 0.000048743095), (-1.6187773, -0.0000011175871, -0.000010151416), (-1.7108729, -0.000024214387, -0.000046007335), (-2.7011337, -1.1977234, 0.0744068), (-6.8087926, 0.000014156103, 0.00026605558), (-11.281404, 0.0000052154064, 0.00007180497), (-16.139624, 0.00001937151, 0.00030733645), (-0.0000076293945, -13.401541, 0), (-5.919733, -0.8106507, 11.504822), (28.35243, 0.0000029802322, -0.0000037252903), (13.722813, 0.0000014901161, -1.8626451e-7), (4.3779097, 14.419514, -0.0000014901161), (3.1099186, -7.4505806e-7, 0.0000022351742), (-0.0000042915344, 0, 0), (6.0821466, 7.0693917, 0.06026745), (-0.00038909912, 0.0000042915344, 0.000005722046), (6.032107, 0.018460304, 0.022959523), (9.877455, 0.018461794, 0.022958964), (13.722813, 0.018461049, 0.022961758), (6.2772803, -0.020427257, 0.04592249), (15.898469, -0.020425022, 0.04592836), (27.18302, -0.010213256, 0.022956729), (-5.9197507, -0.8106531, -11.504825), (-28.352415, 0, -0.000011175871), (-13.722799, -0.0000029802322, 7.4505806e-7), (-4.377907, -14.419517, 0.0000026077032), (-3.1098874, -0.0000074505806, 0.000004051253), (0.000015258789, -9.536743e-7, -4.7683716e-7), (-5.687136, -7.0841117, -0.051394064), (0.00038528442, -0.000004768371, -0.000002861023), (-6.0320826, -0.018462166, -0.022961944), (-9.877446, -0.018463284, -0.02295971), (-13.722803, -0.018467009, -0.022958964), (-6.277296, 0.020425767, -0.04593199), (-15.898479, 0.020426512, -0.045932457), (-27.183012, 0.010213256, -0.022973493), (0.0000076293945, 13.152417, 12.131039), (-0.0000038146973, -17.762201, 10.053691), (0.0000038146973, 16.638687, -15.346582), (0.0000038146973, -21.436518, -12.133411)],
                12: [(0, -4.0201483, 0), (0.01830831, 46.027927, 0.02960889), (0.8662263, -9.313226e-7, -4.4237822e-7), (12.18519, 0, -3.7252903e-7), (11.198359, 0, 7.4505806e-7), (9.027587, 0, -0.0000018626451), (6.883189, 0.42911655, 1.8730603), (9.0328455, 0.0000018626451, 0.000019744039), (16.139866, -7.4505806e-7, -0.000012665987), (-0.0000019073486, 7.1525574e-7, -0.0000076293945), (6.2785993, 5.5879354e-7, 0.000008568168), (11.622481, 0.0000027939677, 0.0000059604645), (14.63823, -7.4505806e-7, -0.0000037252903), (14.638227, -3.7252903e-7, 7.4505806e-7), (2.444765, 0.560068, -1.038709), (2.982736, -0.47141063, 0.07157307), (2.0081158, 0.000009033829, -0.0000034458935), (1.0284929, 4.1472958e-7, -0.0000035390258), (2.5681894, 0.3876065, -0.18610843), (2.7770753, -0.5317619, 0.11719819), (2.3676462, 0.0000092200935, 0.0000013038516), (1.2619009, -0.000015296973, 7.4505806e-7), (-0.06121063, 0.08253479, -0.0071799755), (2.3888788, 0.759935, 1.6465396), (1.8444005, 0.00008409843, -0.00015133992), (1.4898775, -0.0000062631443, -0.000009033829), (0.74142164, -0.0000073574483, -0.000001071021), (2.5389512, 0.5089367, 0.68300563), (2.3542032, -0.4426346, 0.11382457), (2.0849779, 3.259629e-7, 9.313226e-7), (1.1916913, -0.000016065314, -0.0000060070306), (1.3800659, 0.9124769, -0.7599676), (0.3488542, -7.6252036e-7, 0.000007986091), (1.6187992, -0.000008335337, -0.00000949949), (1.7108494, 0.0000048428774, 0.000009918585), (2.7011373, 1.9638594, -0.08847332), (6.8090835, -0.0000014901161, -0.0000035390258), (11.281391, -0.0000022351742, -0.000011734664), (16.13987, -0.0000014901161, -0.000014901161), (8.723796, -1.4504426, 1.8626451e-7), (6.8414598, 0.0000044703484, 7.4505806e-7), (26.0171, 0.000011920929, 0.0000014901161), (26.0171, 0.000011920929, 0.0000014901161), (10.490303, 10.844729, 4.7683716e-7), (10.4902725, 10.844731, -5.922047), (-2.682209e-7, -0.000015258789, -0.000005722046), (10.490303, 10.8447275, 5.9218817), (0.0000019073486, 0, 0.0000038146973), (33.174294, 0, 0), (6.8830104, 0.4291162, -1.8730624), (-9.032809, 0.0000052154064, 0.000076554716), (-16.139633, 0.000017881393, 0.00030165538), (0.0000019073486, -9.536743e-7, -0.0000076293945), (-6.2788563, 0.000016577542, -0.00024177134), (-11.622432, 0, 0.000020116568), (-14.638209, 0.0000016763806, -0.000050663948), (-14.638212, -0.0000052154064, -0.000056624413), (-2.4449155, -0.5601962, 1.0387026), (-2.982743, 0.47135964, -0.071569346), (-2.0081258, 0.000016856939, 0.0000037136488), (-1.028483, -0.000007729977, -0.0000066123903), (-2.5683753, -0.387726, 0.18610246), (-2.7770762, 0.5317622, -0.11719633), (-2.3676105, -0.000013690442, -0.000004802132), (-1.2618995, -0.000015785918, 0.0000015832484), (0.061203003, -0.08253479, 0.0071792006), (-2.389055, -0.7600554, -1.6465403), (-1.8443952, -0.00006116461, 0.00016223639), (-1.4898956, -0.0000375323, -0.0000048554284), (-0.7413788, -0.000014252146, -0.0000022351742), (-2.539136, -0.5090789, -0.6830098), (-2.3542018, 0.4425895, -0.11382457), (-2.0849535, 0.000037020072, 0.000008707866), (-1.1916895, -0.000008929055, -0.000010244548), (-1.3802375, -0.91259795, 0.7599556), (-0.3488819, -0.000034761615, 0.000048603397), (-1.6187804, 0.0000010244548, -0.000009033829), (-1.7108731, -0.00002803281, -0.000043213367), (-2.7011337, -1.1977234, 0.0744068), (-6.8087935, 0.000012665987, 0.00026468188), (-11.28141, 0.0000037252903, 0.00006784685), (-16.139627, 0.00001937151, 0.00030323863), (-0.0000076293945, -13.401541, 0), (-5.919735, -0.810653, 11.5048275), (28.352419, -0.0000059604645, 0.0000018626451), (13.722815, 0.0000014901161, -3.7252903e-7), (4.377915, 14.419519, -0.0000059604645), (3.1099195, -9.313226e-7, 0.0000014901161), (-0.0000042915344, 0, 0), (6.0821466, 7.0693917, 0.06026745), (-0.00038909912, 0.0000042915344, 0.000005722046), (6.0321064, 0.018460304, 0.022959895), (9.877455, 0.018461794, 0.022958405), (13.722816, 0.018462539, 0.02295971), (6.277278, -0.020428002, 0.04592482), (15.898463, -0.020428002, 0.04593432), (27.183008, -0.010222197, 0.022963807), (-5.9197507, -0.8106508, -11.504826), (-28.352428, 0, 0.0000011175871), (-13.722804, -0.0000014901161, 0.0000044703484), (-4.3779087, -14.419516, 0.0000029802322), (-3.1098893, -0.0000070780516, 0.000004879257), (0.000015258789, -9.536743e-7, -4.7683716e-7), (-5.687136, -7.0841117, -0.051394064), (0.00038528442, -0.000004768371, -0.000002861023), (-6.032086, -0.018462352, -0.02295971), (-9.877451, -0.018463656, -0.022957474), (-13.722807, -0.018464774, -0.022953749), (-6.2773004, 0.020427257, -0.04592999), (-15.898485, 0.020429492, -0.045927707), (-27.183025, 0.010222197, -0.02296511), (0.0000076293945, 13.152417, 12.131039), (-0.0000038146973, -17.762201, 10.053691), (0.0000038146973, 16.638687, -15.346582), (0.0000038146973, -21.436518, -12.133411)],
                13: [(0, -4.0201483, 0), (0.017635267, 45.89809, 0.014158806), (0.8662272, -0.0000010244548, -1.1641532e-7), (12.185189, 0.0000029802322, 0.0000014901161), (11.198356, 0.0000014901161, 0.0000024214387), (9.027587, 0, -0.0000019557774), (6.8831882, 0.42911544, 1.87306), (9.0328455, 0.0000018626451, 0.000020861626), (16.139864, -7.4505806e-7, -0.000011175871), (-0.0000019073486, 7.1525574e-7, -0.0000076293945), (6.2785993, -4.656613e-7, 0.00000782311), (11.622481, 0.0000031664968, 0.000008195639), (14.638228, 9.313226e-7, -0.0000029802322), (14.638227, 0.0000014901161, -7.4505806e-7), (2.4447641, 0.56006694, -1.0387089), (2.9827352, -0.47141156, 0.07157028), (2.008119, 0.000008428469, -0.0000013038516), (1.0284946, 7.1304385e-7, -0.0000044703484), (2.5681891, 0.38760462, -0.18610898), (2.777076, -0.53176135, 0.1172008), (2.3676422, 0.0000077765435, 0.0000013038516), (1.2618966, -0.000014505349, 0.0000013969839), (-0.06121063, 0.08253479, -0.0071799755), (2.388879, 0.7599352, 1.6465399), (1.844397, 0.0000838656, -0.00015459955), (1.489878, -0.000008289862, -0.0000052154064), (0.74142116, -0.000007962808, -4.1909516e-7), (2.538949, 0.5089352, 0.68300384), (2.3542018, -0.44263378, 0.11382252), (2.0849786, 8.1490725e-7, -1.8626451e-7), (1.1916934, -0.000014808029, -0.000008987263), (1.3800684, 0.91247785, -0.75996387), (0.3488544, -0.0000014319085, 0.0000073341653), (1.6187985, -0.000009022187, -0.000008009374), (1.7108468, 0.0000040978193, 0.000011734664), (2.7011373, 1.9638594, -0.08847332), (6.809082, -0.0000014901161, -0.0000066123903), (11.28139, -7.4505806e-7, -0.000014156103), (16.13987, 7.4505806e-7, -0.00001527369), (8.723793, -1.4504426, -0.0000014901161), (6.841466, 0.0000014901161, -0.0000013504177), (26.017115, 0.0000029802322, -0.0000052154064), (26.017115, 0.0000029802322, -0.0000052154064), (10.490303, 10.844729, 4.7683716e-7), (10.4902725, 10.844731, -5.922047), (-2.682209e-7, -0.000015258789, -0.000005722046), (10.490303, 10.8447275, 5.9218817), (0.0000019073486, 0, 0.0000038146973), (33.174294, 0, 0), (6.883014, 0.4291162, -1.8730638), (-9.03281, 0.0000063329935, 0.000076927245), (-16.139637, 0.000014901161, 0.00029802322), (0.0000019073486, -9.536743e-7, -0.0000076293945), (-6.2788568, 0.000014761463, -0.00024102628), (-11.622434, 0.000004982576, 0.000017881393), (-14.638212, 0.0000033527613, -0.00005364418), (-14.638214, -0.0000034458935, -0.00005811453), (-2.444917, -0.56019527, 1.0387061), (-2.9827447, 0.47136, -0.07156581), (-2.0081267, 0.000016577542, 0.0000041909516), (-1.0284865, -0.000008416828, -0.000008940697), (-2.5683765, -0.3877248, 0.18610042), (-2.7770789, 0.53176004, -0.1172008), (-2.3676133, -0.000015366822, -0.0000059837475), (-1.2619002, -0.000015489059, 0.0000029802322), (0.061203003, -0.08253479, 0.0071792006), (-2.3890524, -0.76005656, -1.6465448), (-1.8443955, -0.00006116461, 0.0001642853), (-1.4898945, -0.000037811697, -0.0000060885213), (-0.7413782, -0.000016926788, -0.0000062398612), (-2.539137, -0.50907826, -0.6830098), (-2.3542023, 0.44259, -0.11382345), (-2.084955, 0.000039627776, 0.000009884025), (-1.1916883, -0.0000075087883, -0.000008009374), (-1.3802367, -0.91259766, 0.7599574), (-0.3488825, -0.000034132972, 0.000048906077), (-1.618782, -0.0000016763806, -0.0000095926225), (-1.7108775, -0.000024447218, -0.000045076013), (-2.7011337, -1.1977234, 0.0744068), (-6.8087964, 0.000013411045, 0.00026235357), (-11.281408, 0.0000048428774, 0.00006686896), (-16.139631, 0.000016391277, 0.0002996996), (-0.0000076293945, -13.401541, 0), (-5.9197307, -0.8106493, 11.504822), (28.352419, 0, 0.0000035390258), (13.72281, -0.0000014901161, 7.4505806e-7), (4.3779054, 14.419506, -0.0000014901161), (3.1099162, -0.0000024330802, 0.0000048428774), (-0.0000042915344, 0, 0), (6.0821466, 7.0693917, 0.06026745), (-0.00038909912, 0.0000042915344, 0.000005722046), (6.032105, 0.018459558, 0.022960082), (9.877451, 0.018460304, 0.022958964), (13.722812, 0.018459558, 0.022961944), (6.2772794, -0.020427257, 0.045924447), (15.898463, -0.020428002, 0.045932643), (27.183008, -0.010222197, 0.022967346), (-5.91975, -0.81065434, -11.504824), (-28.352415, -0.0000059604645, -0.000008940697), (-13.722798, -0.0000023283064, 0.0000029802322), (-4.3779054, -14.419517, 0.0000022351742), (-3.1098864, -0.000008568168, 0.0000026542693), (0.000015258789, -9.536743e-7, -4.7683716e-7), (-5.687136, -7.0841117, -0.051394064), (0.00038528442, -0.000004768371, -0.000002861023), (-6.032084, -0.018462213, -0.022960454), (-9.877445, -0.018462911, -0.022960454), (-13.722804, -0.018465519, -0.022958219), (-6.277298, 0.020426512, -0.045930967), (-15.898478, 0.020426512, -0.04593134), (-27.183014, 0.010210276, -0.02297163), (0.0000076293945, 13.152417, 12.131039), (-0.0000038146973, -17.762201, 10.053691), (0.0000038146973, 16.638687, -15.346582), (0.0000038146973, -21.436518, -12.133411)],
                14: [(0, -4.0201483, 0), (0.019132107, 43.912594, 0.0026786712), (0.8662272, -0.0000011175871, -2.7939677e-7), (12.185187, 0.0000014901161, 7.4505806e-7), (11.198354, 7.4505806e-7, 0.0000013038516), (9.027585, 0.0000014901161, 0.0000016763806), (6.8831863, 0.42911655, 1.8730597), (9.0328455, 0.0000018626451, 0.000019185245), (16.13986, -7.4505806e-7, -0.000017136335), (-0.0000019073486, 7.1525574e-7, -0.0000076293945), (6.2785974, 0.0000016763806, 0.0000063329935), (11.6224785, 0.0000049360096, 0.0000052154064), (14.63823, -5.5879354e-7, -0.0000022351742), (14.638228, -3.7252903e-7, 0), (2.4447641, 0.56006724, -1.0387117), (2.9827352, -0.47141066, 0.0715727), (2.0081177, 0.00000782311, -0.0000019557774), (1.0284925, -0.0000015017577, -0.0000013969839), (2.5681891, 0.38760543, -0.18610954), (2.7770762, -0.53176033, 0.11719875), (2.3676462, 0.000008614734, 0.0000016763806), (1.2618988, -0.000015622936, 0.0000014901161), (-0.06121063, 0.08253479, -0.0071799755), (2.3888788, 0.75993556, 1.6465396), (1.8444012, 0.00008540228, -0.00015087426), (1.489877, -0.000006891969, -0.000010430813), (0.7414209, -0.000008102506, 0.0000011175871), (2.538948, 0.50893605, 0.68300164), (2.3542042, -0.4426327, 0.11382513), (2.0849783, 0.0000020721927, -0.0000018626451), (1.1916926, -0.000015459955, -0.000007264316), (1.3800675, 0.91247743, -0.7599667), (0.34885448, -8.614734e-7, 0.000007613562), (1.6187989, -0.000011059456, -0.000010244548), (1.7108474, 0.0000031664968, 0.000009313226), (2.7011373, 1.9638594, -0.08847332), (6.8090835, -7.4505806e-7, -0.0000027939677), (11.28139, -7.4505806e-7, -0.000012759119), (16.139866, -0.0000014901161, -0.000020023435), (8.723795, -1.4504418, 5.5879354e-7), (6.8414598, 0.0000044703484, 4.1909516e-7), (26.017109, 0.0000059604645, 0.0000013038516), (26.017109, 0.0000059604645, 0.0000013038516), (10.490303, 10.844729, 4.7683716e-7), (10.4902725, 10.844731, -5.922047), (-2.682209e-7, -0.000015258789, -0.000005722046), (10.490303, 10.8447275, 5.9218817), (0.0000019073486, 0, 0.0000038146973), (33.174294, 0, 0), (6.8830132, 0.4291147, -1.8730618), (-9.03281, 0.0000052154064, 0.00007748604), (-16.139635, 0.00001564622, 0.00029690564), (0.0000019073486, -9.536743e-7, -0.0000076293945), (-6.278859, 0.000013690442, -0.00024437904), (-11.62244, 5.5879354e-7, 0.000014901161), (-14.638218, -0.0000014901161, -0.000059604645), (-14.638222, -0.0000029802322, -0.00006556511), (-2.4449165, -0.560198, 1.0387033), (-2.9827468, 0.4713589, -0.07157065), (-2.008129, 0.00001504086, 0.0000028119757), (-1.0284863, -0.00000721775, -0.0000056810677), (-2.568378, -0.38772723, 0.18610097), (-2.777079, 0.5317616, -0.11719838), (-2.3676145, -0.000017276034, -0.000006868504), (-1.2618964, -0.00001549488, 0.000006519258), (0.061203003, -0.08253479, 0.0071792006), (-2.3890567, -0.7600557, -1.6465439), (-1.8443999, -0.00006146729, 0.0001611188), (-1.489897, -0.00003729947, -0.000008731149), (-0.7413795, -0.000014994293, -0.000004284084), (-2.539138, -0.509081, -0.6830139), (-2.354203, 0.4425884, -0.11382438), (-2.0849552, 0.00003813766, 0.000007310882), (-1.1916882, -0.0000066589564, -0.0000066123903), (-1.380239, -0.9126002, 0.75995594), (-0.34888634, -0.00003303867, 0.000047613867), (-1.6187823, 1.8626451e-7, -0.0000092200935), (-1.7108766, -0.000029802322, -0.000044703484), (-2.7011337, -1.1977234, 0.0744068), (-6.8087935, 0.000014901161, 0.00026458874), (-11.28141, 0.0000044703484, 0.00006482005), (-16.139633, 0.000018626451, 0.00030063093), (-0.0000076293945, -13.401541, 0), (-5.9197345, -0.8106507, 11.504824), (28.352425, -0.0000029802322, -0.0000020489097), (13.722816, 0.0000014901161, -7.4505806e-7), (4.377915, 14.419521, -0.0000044703484), (3.10992, -0.0000019790605, 5.5879354e-7), (-0.0000042915344, 0, 0), (6.0821466, 7.0693917, 0.06026745), (-0.00038909912, 0.0000042915344, 0.000005722046), (6.032107, 0.018460304, 0.022959337), (9.877455, 0.018461049, 0.022957474), (13.722816, 0.018463284, 0.02295971), (6.277281, -0.020426512, 0.045923747), (15.898466, -0.020426512, 0.04593171), (27.183014, -0.010216236, 0.02296269), (-5.9197483, -0.8106526, -11.504826), (-28.352415, -0.0000029802322, -0.0000059604645), (-13.722799, -0.0000029802322, 0.0000014901161), (-4.3779078, -14.419516, 0.0000029802322), (-3.1098883, -0.000008195639, 0.0000042142347), (0.000015258789, -9.536743e-7, -4.7683716e-7), (-5.687136, -7.0841117, -0.051394064), (0.00038528442, -0.000004768371, -0.000002861023), (-6.032084, -0.018462073, -0.022960082), (-9.877448, -0.018463098, -0.022958964), (-13.722804, -0.018465519, -0.022956729), (-6.2772975, 0.020426512, -0.045930594), (-15.898478, 0.020425022, -0.04593134), (-27.183014, 0.010211766, -0.02296865), (0.0000076293945, 13.152417, 12.131039), (-0.0000038146973, -17.762201, 10.053691), (0.0000038146973, 16.638687, -15.346582), (0.0000038146973, -21.436518, -12.133411)],
                15: [(0, -4.0201483, 0), (0.010482689, 45.163677, 0.010443573), (0.8662273, -0.0000012107193, -2.7939677e-7), (12.185183, 0.0000014901161, 0.0000044703484), (11.198349, 0.0000029802322, 0.000004284084), (9.027588, -7.4505806e-7, 0.0000015832484), (6.883184, 0.4291188, 1.8730618), (9.032844, 0.0000031664968, 0.0000173226), (16.139858, -0.0000037252903, -0.000020395964), (-0.0000019073486, 7.1525574e-7, -0.0000076293945), (6.278594, -0.000002142042, 0.0000067055225), (11.622475, 1.8626451e-7, 0.0000067055225), (14.638222, -0.000007543713, -0.0000059604645), (14.63822, -0.0000057742, 0), (2.444764, 0.56006575, -1.0387065), (2.982735, -0.47141322, 0.07157344), (2.008114, 0.0000062398612, 0.0000010244548), (1.0284898, -0.0000010652002, -0.000002142042), (2.5681868, 0.3876027, -0.18610862), (2.7770762, -0.5317606, 0.11720285), (2.3676424, 0.0000073574483, 0.0000027939677), (1.2618976, -0.000014668331, 0.0000011175871), (-0.06121063, 0.08253479, -0.0071799755), (2.3888779, 0.75993186, 1.6465386), (1.8443965, 0.00008465722, -0.00015385449), (1.489876, -0.0000065541826, -0.0000092200935), (0.7414218, -0.0000067753717, -0.0000020256266), (2.5389462, 0.5089341, 0.683002), (2.354201, -0.4426366, 0.11382345), (2.0849733, 9.313226e-7, -5.5879354e-7), (1.1916918, -0.000013643876, -0.0000086613), (1.380067, 0.9124752, -0.7599622), (0.348853, -0.0000016530976, 0.000009150244), (1.6187972, -0.000007241033, -0.0000064261258), (1.7108427, 0.0000018626451, 0.000012246892), (2.7011373, 1.9638594, -0.08847332), (6.8090806, -0.0000022351742, -0.0000066589564), (11.281389, -0.0000014901161, -0.000015366822), (16.139862, -0.0000022351742, -0.000023748726), (8.723786, -1.4504359, 0.000005029142), (6.8414555, 0.0000067055225, 0.000002933666), (26.017084, 0.000017881393, 0.000015180558), (26.017084, 0.000017881393, 0.000015180558), (10.490303, 10.844729, 4.7683716e-7), (10.4902725, 10.844731, -5.922047), (-2.682209e-7, -0.000015258789, -0.000005722046), (10.490303, 10.8447275, 5.9218817), (0.0000019073486, 0, 0.0000038146973), (33.174294, 0, 0), (6.883005, 0.42911768, -1.8730568), (-9.03281, 0.0000048428774, 0.00007429626), (-16.139633, 0.000010058284, 0.0003028661), (0.0000019073486, -9.536743e-7, -0.0000076293945), (-6.278847, 0.000016391277, -0.0002335757), (-11.622417, 0.0000029802322, 0.000035762787), (-14.638188, -0.0000014901161, -0.000032782555), (-14.638193, -0.0000029802322, -0.00003874302), (-2.4449117, -0.56019497, 1.0387018), (-2.9827402, 0.47135997, -0.071568415), (-2.0081227, 0.000014101897, 0.0000033527613), (-1.0284827, -0.000008568168, -0.000006519258), (-2.5683722, -0.3877231, 0.18610358), (-2.777074, 0.5317627, -0.117196515), (-2.3676083, -0.000013797126, -0.000003632158), (-1.2618961, -0.000016344711, 9.313226e-7), (0.061203003, -0.08253479, 0.0071792006), (-2.389049, -0.7600551, -1.6465412), (-1.8443953, -0.000059325248, 0.00016372651), (-1.4898919, -0.000037183054, -0.000005029142), (-0.7413782, -0.000017276034, -0.0000064261258), (-2.5391328, -0.50907713, -0.6830078), (-2.3541982, 0.4425889, -0.11382289), (-2.0849504, 0.000038772123, 0.000012572855), (-1.1916862, -0.0000074040145, -0.000005867332), (-1.3802372, -0.9125961, 0.7599566), (-0.3488834, -0.00003441237, 0.000046775676), (-1.618778, 7.916242e-7, -0.000009126961), (-1.7108711, -0.000026129419, -0.000043399632), (-2.7011337, -1.1977234, 0.0744068), (-6.808795, 0.000011362135, 0.0002656132), (-11.281404, 0.0000033527613, 0.00007338822), (-16.139622, 0.000014901161, 0.00030957162), (-0.0000076293945, -13.401541, 0), (-5.919733, -0.81065226, 11.504822), (28.35242, 0, -7.4505806e-7), (13.722815, 7.4505806e-7, -0.0000014901161), (4.3779135, 14.419517, -0.0000044703484), (3.109919, -0.0000022351742, 7.4505806e-7), (-0.0000042915344, 0, 0), (6.0821466, 7.0693917, 0.06026745), (-0.00038909912, 0.0000042915344, 0.000005722046), (6.0321064, 0.018460304, 0.02295971), (9.877455, 0.018461049, 0.02295971), (13.722813, 0.018461049, 0.02295971), (6.277279, -0.020427257, 0.045923702), (15.898463, -0.020425022, 0.045932457), (27.183012, -0.010219216, 0.02296567), (-5.9197507, -0.81065214, -11.504826), (-28.352428, 0.0000014901161, -0.0000014901161), (-13.722801, -0.0000026077032, 0.0000029802322), (-4.3779063, -14.419517, 0.0000037252903), (-3.1098864, -0.000008195639, 0.0000031199306), (0.000015258789, -9.536743e-7, -4.7683716e-7), (-5.687136, -7.0841117, -0.051394064), (0.00038528442, -0.000004768371, -0.000002861023), (-6.0320845, -0.018462166, -0.0229612), (-9.877448, -0.018463284, -0.022956729), (-13.722806, -0.018465519, -0.022958219), (-6.2773, 0.02042763, -0.04592985), (-15.898484, 0.020427257, -0.04592985), (-27.183023, 0.010219216, -0.02296567), (0.0000076293945, 13.152417, 12.131039), (-0.0000038146973, -17.762201, 10.053691), (0.0000038146973, 16.638687, -15.346582), (0.0000038146973, -21.436518, -12.133411)],
                16: [(0, -4.0201483, 0), (-0.010841289, 46.604935, 0.02559917), (0.8662265, -0.0000010244548, -5.5879354e-7), (12.185193, -0.0000014901161, -0.0000031664968), (11.19836, -0.0000014901161, -0.0000020489097), (9.027588, -7.4505806e-7, -2.7939677e-7), (6.883183, 0.42911917, 1.8730617), (9.032845, 0.0000016763806, 0.00002081506), (16.139856, -0.0000074505806, -0.000023469329), (-0.0000019073486, 7.1525574e-7, -0.0000076293945), (6.278589, 0, 0.0000059604645), (11.622468, -0.000001344597, 0.0000052154064), (14.638214, -0.000008795178, -0.0000029802322), (14.638212, -0.000008288771, 0.0000014901161), (2.4447603, 0.5600646, -1.038705), (2.9827332, -0.47141364, 0.07157661), (2.0081122, 0.0000067055225, -0.0000012107193), (1.0284908, -0.0000012340024, -0.0000010244548), (2.5681858, 0.38760114, -0.18610638), (2.7770743, -0.53176165, 0.11719875), (2.3676417, 0.0000066123903, 0.0000044703484), (1.2618953, -0.000015296973, 0.0000022351742), (-0.06121063, 0.08253479, -0.0071799755), (2.3888772, 0.7599309, 1.6465373), (1.8443966, 0.000081630424, -0.00015459955), (1.4898747, -0.0000072293915, -0.000005867332), (0.7414188, -0.000008277129, 2.3283064e-7), (2.5389485, 0.5089336, 0.6830059), (2.3542018, -0.44263586, 0.11382382), (2.0849733, -0.0000017229468, 0.0000013038516), (1.1916895, -0.000014602847, -0.000006519258), (1.3800632, 0.9124746, -0.7599648), (0.34885553, -0.0000034458935, 0.000007846393), (1.6187962, -0.000009615906, -0.00000782311), (1.7108464, 0.0000035390258, 0.000012945384), (2.7011373, 1.9638594, -0.08847332), (6.809078, -0.0000048428774, -0.000008568168), (11.281384, -0.0000059604645, -0.000021606684), (16.139866, -0.0000074505806, -0.0000230968), (8.723788, -1.4504373, 0.0000031664968), (6.841454, 0.0000059604645, 0.0000025727786), (26.01709, 0.000011920929, 0.000010849908), (26.01709, 0.000011920929, 0.000010849908), (10.490303, 10.844729, 4.7683716e-7), (10.4902725, 10.844731, -5.922047), (-2.682209e-7, -0.000015258789, -0.000005722046), (10.490303, 10.8447275, 5.9218817), (0.0000019073486, 0, 0.0000038146973), (33.174294, 0, 0), (6.883007, 0.4291162, -1.8730577), (-9.03281, 0.0000024214387, 0.00007394701), (-16.139633, 0.000010803342, 0.00029876828), (0.0000019073486, -9.536743e-7, -0.0000076293945), (-6.2788515, 0.000013038516, -0.00023655593), (-11.622428, 0.0000022351742, 0.000027567148), (-14.638202, -0.0000029802322, -0.00004246831), (-14.638204, -0.0000059604645, -0.000047683716), (-2.4449124, -0.5601938, 1.0387043), (-2.9827425, 0.47136042, -0.071567856), (-2.008121, 0.000014808029, 0.000002514571), (-1.0284818, -0.000008288771, -0.000008381903), (-2.568374, -0.3877254, 0.18609819), (-2.7770734, 0.53176236, -0.117195584), (-2.3676105, -0.00001527369, -0.000005122274), (-1.2618958, -0.000015180558, 0.0000016763806), (0.061203003, -0.08253479, 0.0071792006), (-2.3890507, -0.7600551, -1.6465422), (-1.8443944, -0.000060722232, 0.00016512349), (-1.489892, -0.00003655441, -0.0000092200935), (-0.7413776, -0.00001611188, -0.0000030733645), (-2.5391326, -0.5090768, -0.68300843), (-2.3542006, 0.4425889, -0.11382559), (-2.0849504, 0.00003883615, 0.0000088475645), (-1.1916858, -0.000008195639, -0.00000949949), (-1.3802366, -0.91259575, 0.7599569), (-0.3488843, -0.000033160904, 0.00004824251), (-1.6187785, 0.0000023806933, -0.00000949949), (-1.7108741, -0.000027567148, -0.000044703484), (-2.7011337, -1.1977234, 0.0744068), (-6.808796, 0.000011175871, 0.0002630055), (-11.281407, 0.0000013038516, 0.00006817281), (-16.139627, 0.000013411045, 0.00030100346), (-0.0000076293945, -13.401541, 0), (-5.9197383, -0.810653, 11.504829), (28.35242, 0, 0.0000029802322), (13.722815, 7.4505806e-7, 0.0000014901161), (4.3779173, 14.419523, -0.0000074505806), (3.1099203, -0.0000019557774, 0), (-0.0000042915344, 0, 0), (6.0821466, 7.0693917, 0.06026745), (-0.00038909912, 0.0000042915344, 0.000005722046), (6.0321064, 0.018460304, 0.022959337), (9.877454, 0.018460676, 0.022958964), (13.722813, 0.018461794, 0.02295971), (6.2772794, -0.02042763, 0.04592389), (15.898466, -0.020426512, 0.04593283), (27.183012, -0.010217726, 0.02296567), (-5.9197507, -0.8106498, -11.5048275), (-28.352425, 0, -0.0000029802322), (-13.722803, -0.0000014901161, 0.0000037252903), (-4.3779078, -14.419518, 0.0000026077032), (-3.109888, -0.000007636845, 0.0000029802322), (0.000015258789, -9.536743e-7, -4.7683716e-7), (-5.687136, -7.0841117, -0.051394064), (0.00038528442, -0.000004768371, -0.000002861023), (-6.032084, -0.018462539, -0.02295971), (-9.877448, -0.018463284, -0.022958219), (-13.722807, -0.018466264, -0.022956729), (-6.277299, 0.020426884, -0.04592985), (-15.898484, 0.020428002, -0.04592985), (-27.183023, 0.010216236, -0.02296716), (0.0000076293945, 13.152417, 12.131039), (-0.0000038146973, -17.762201, 10.053691), (0.0000038146973, 16.638687, -15.346582), (0.0000038146973, -21.436518, -12.133411)],
                17: [(0, -4.0201483, 0), (-0.006503726, 48.91662, 0.03784736), (0.86622673, -0.0000011350494, -5.296897e-7), (12.185192, -5.5879354e-7, -0.0000011408702), (11.198357, 3.7252903e-7, 8.96398e-7), (9.027587, -5.5879354e-7, -6.4028427e-7), (6.8831863, 0.4291168, 1.87306), (9.0328455, 0.0000019812433, 0.000023515895), (16.13986, -0.0000015133992, -0.0000142958015), (-0.0000019073486, 7.1525574e-7, -0.0000076293945), (6.278597, 0.000001344597, 0.000006100163), (11.622477, 0.0000043655746, 0.000007171184), (14.638225, 6.053597e-7, -0.0000041909516), (14.638225, -0.0000023748726, 0.0000024214387), (2.4447653, 0.5600683, -1.0387065), (2.9827352, -0.47141156, 0.07157216), (2.0081196, 0.000009379437, -0.0000022177119), (1.0284929, 7.916242e-7, -0.0000028696377), (2.5681882, 0.38760406, -0.18610975), (2.7770765, -0.53176004, 0.117201105), (2.3676467, 0.0000071751856, 0.000001094304), (1.2619002, -0.000014982652, 0.000001891749), (-0.06121063, 0.08253479, -0.0071799755), (2.3888776, 0.75993484, 1.6465398), (1.8443991, 0.000083842315, -0.0001541106), (1.4898779, -0.0000074214768, -0.000005279435), (0.7414223, -0.000007294875, -0.0000018568244), (2.5389488, 0.50893414, 0.6830025), (2.3542042, -0.4426346, 0.11382496), (2.0849776, -0.0000014195621, 7.566996e-8), (1.1916921, -0.000015369733, -0.00000562286), (1.3800664, 0.9124767, -0.7599664), (0.3488556, -0.0000027212081, 0.000008341158), (1.6187985, -0.00000835571, -0.000007566996), (1.7108464, 0.0000034546247, 0.0000107917), (2.7011373, 1.9638594, -0.08847332), (6.809081, -0.000003410969, -0.0000070314854), (11.281386, -0.0000023748726, -0.000015972182), (16.139866, -0.0000023981556, -0.00001997687), (8.723795, -1.4504421, 9.313226e-8), (6.841462, 0.0000031664968, -4.5474735e-7), (26.01711, 0.0000067055225, 8.0035534e-7), (26.01711, 0.0000067055225, 8.0035534e-7), (10.490303, 10.844729, 4.7683716e-7), (10.4902725, 10.844731, -5.922047), (-2.682209e-7, -0.000015258789, -0.000005722046), (10.490303, 10.8447275, 5.9218817), (0.0000019073486, 0, 0.0000038146973), (33.174294, 0, 0), (6.883012, 0.42911592, -1.8730633), (-9.03281, 0.0000032130629, 0.00007455237), (-16.139635, 0.000012580858, 0.0002965331), (0.0000019073486, -9.536743e-7, -0.0000076293945), (-6.2788553, 0.000014808029, -0.00024102628), (-11.622433, -1.8626451e-7, 0.000023376197), (-14.638211, 4.1909516e-7, -0.00005234033), (-14.638214, -0.000004656613, -0.000056345016), (-2.4449139, -0.5601958, 1.0387044), (-2.9827447, 0.4713605, -0.071568355), (-2.0081253, 0.000015599653, 0.000002537854), (-1.0284841, -0.00000638247, -0.000008751522), (-2.5683732, -0.38772422, 0.18610114), (-2.7770743, 0.53176147, -0.1171959), (-2.3676093, -0.000015180558, -0.0000036496203), (-1.2618953, -0.000014755642, 0.0000018451829), (0.061203003, -0.08253479, 0.0071792006), (-2.3890538, -0.76005787, -1.6465436), (-1.8443953, -0.000060751336, 0.0001647335), (-1.4898939, -0.0000378408, -0.00000789878), (-0.7413772, -0.000015369733, -0.0000050640665), (-2.5391345, -0.5090788, -0.6830108), (-2.354203, 0.4425886, -0.11382506), (-2.0849526, 0.00003805617, 0.000009534415), (-1.1916878, -0.0000067113433, -0.000009010546), (-1.3802356, -0.9125973, 0.75995886), (-0.3488844, -0.000032059324, 0.00004847825), (-1.6187813, 8.4983185e-7, -0.000009371433), (-1.7108766, -0.000027404167, -0.000045110937), (-2.7011337, -1.1977234, 0.0744068), (-6.8087935, 0.000012709097, 0.00026386697), (-11.281408, 0.0000028790964, 0.00006693881), (-16.13963, 0.00001623739, 0.00029876828), (-0.0000076293945, -13.401541, 0), (-5.919738, -0.8106518, 11.504828), (28.352436, 0.000005122274, -0.000003911555), (13.722815, 0.0000016763806, 2.7939677e-7), (4.3779097, 14.419514, -0.000005250331), (3.1099186, -0.0000023690518, 0.000001778244), (-0.0000042915344, 0, 0), (6.0821466, 7.0693917, 0.06026745), (-0.00038909912, 0.0000042915344, 0.000005722046), (6.032107, 0.018460397, 0.022959266), (9.877455, 0.018461958, 0.022958685), (13.722813, 0.018461049, 0.02295943), (6.2772827, -0.020425674, 0.04592298), (15.898472, -0.02042409, 0.045930408), (27.18302, -0.0102143735, 0.022958126), (-5.91975, -0.81065017, -11.504827), (-28.352419, -0.0000024214387, -0.000005401671), (-13.722801, -0.0000027008355, 0.000002863817), (-4.377907, -14.419518, 0.0000019557774), (-3.109888, -0.000007616154, 0.0000034458935), (0.000015258789, -9.536743e-7, -4.7683716e-7), (-5.687136, -7.0841117, -0.051394064), (0.00038528442, -0.000004768371, -0.000002861023), (-6.032084, -0.018462399, -0.022960663), (-9.877447, -0.018463144, -0.022959825), (-13.722804, -0.01846645, -0.022958674), (-6.2772975, 0.02042649, -0.04593113), (-15.898481, 0.020426326, -0.04592985), (-27.183014, 0.0102143735, -0.022970233), (0.0000076293945, 13.152417, 12.131039), (-0.0000038146973, -17.762201, 10.053691), (0.0000038146973, 16.638687, -15.346582), (0.0000038146973, -21.436518, -12.133411)],
                18: [(0, -4.0201483, 0), (-0.00695844, 48.28828, 0.048434757), (0.86622554, -8.1490725e-7, -4.7148205e-7), (12.185187, 0.0000014901161, -6.519258e-7), (11.198354, -5.5879354e-7, 1.3969839e-7), (9.027587, 5.5879354e-7, -4.656613e-7), (6.883188, 0.42911583, 1.8730595), (9.032845, 0.0000010593794, 0.000023841858), (16.139862, -0.0000026077032, -0.000016018748), (-0.0000019073486, 7.1525574e-7, -0.0000076293945), (6.2785954, -0.0000012107193, 0.0000074505806), (11.622473, 0.000002561137, 0.0000059604645), (14.638218, -0.0000027939677, -0.0000037252903), (14.63822, -0.0000013969839, -3.7252903e-7), (2.444762, 0.5600668, -1.0387058), (2.9827347, -0.47141266, 0.07157354), (2.008115, 0.000008649658, -0.0000016763806), (1.0284903, -2.0954758e-7, -0.000003981404), (2.568186, 0.38760397, -0.18610702), (2.7770753, -0.5317613, 0.117201544), (2.367646, 0.000006041955, 0.0000013969839), (1.2618991, -0.000014412217, 0.0000015133992), (-0.06121063, 0.08253479, -0.0071799755), (2.3888786, 0.75993305, 1.6465375), (1.8443991, 0.00008412171, -0.0001523178), (1.4898789, -0.0000070314854, -0.000007590279), (0.74142146, -0.000008172356, 4.8894435e-7), (2.538948, 0.5089336, 0.6830021), (2.3542025, -0.4426348, 0.11382266), (2.084977, -0.0000014086254, -0.0000013038516), (1.1916912, -0.000014551915, -0.000009429641), (1.3800658, 0.9124753, -0.7599656), (0.34885338, -0.000003335299, 0.000007500057), (1.6187977, -0.000011129305, -0.000007590279), (1.710846, 0.000004656613, 0.000010896474), (2.7011373, 1.9638594, -0.08847332), (6.8090825, -0.0000020954758, -0.0000031664968), (11.281389, -0.0000013969839, -0.000014528632), (16.139866, -0.0000014901161, -0.00001937151), (8.723791, -1.4504405, 1.3969839e-7), (6.8414583, 0.0000052154064, 4.8894435e-7), (26.01711, 0.0000059604645, 0.0000027474016), (26.01711, 0.0000059604645, 0.0000027474016), (10.490303, 10.844729, 4.7683716e-7), (10.4902725, 10.844731, -5.922047), (-2.682209e-7, -0.000015258789, -0.000005722046), (10.490303, 10.8447275, 5.9218817), (0.0000019073486, 0, 0.0000038146973), (33.174294, 0, 0), (6.883009, 0.42911693, -1.8730618), (-9.032808, 0.000003259629, 0.00007329509), (-16.139635, 0.000016065314, 0.00029783696), (0.0000019073486, -9.536743e-7, -0.0000076293945), (-6.2788577, 0.000015459955, -0.00024382025), (-11.6224375, 0.0000027939677, 0.000018253922), (-14.638215, -3.7252903e-7, -0.000053830445), (-14.638217, -0.000005029142, -0.000061281025), (-2.4449155, -0.5601961, 1.0387036), (-2.9827461, 0.47136024, -0.07156925), (-2.0081275, 0.00001504086, 6.519258e-7), (-1.0284842, -0.000006973278, -0.000008626375), (-2.5683749, -0.3877257, 0.18610002), (-2.7770758, 0.53176033, -0.117198296), (-2.3676124, -0.000013411045, -0.0000062631443), (-1.2618961, -0.000015599653, 0.0000023981556), (0.061203003, -0.08253479, 0.0071792006), (-2.3890548, -0.76005566, -1.6465436), (-1.8443961, -0.000061211176, 0.00016432023), (-1.489895, -0.000038649887, -0.000007962808), (-0.74137884, -0.000016146805, -0.0000024796464), (-2.539134, -0.5090793, -0.6830101), (-2.3542008, 0.44258922, -0.11382376), (-2.0849538, 0.000037578866, 0.000010058284), (-1.1916877, -0.00000919681, -0.0000062398612), (-1.3802371, -0.9125985, 0.759958), (-0.34888402, -0.000032603566, 0.00004703179), (-1.6187819, 4.5401976e-7, -0.000010617077), (-1.7108761, -0.000026752241, -0.00004400499), (-2.7011337, -1.1977234, 0.0744068), (-6.808795, 0.000013405224, 0.0002635643), (-11.28141, 0.000003608875, 0.00006649643), (-16.13963, 0.00001816079, 0.00030100346), (-0.0000076293945, -13.401541, 0), (-5.9197335, -0.8106511, 11.504826), (28.352425, 0.0000014901161, -0.0000011175871), (13.722816, 0.0000022351742, -0.0000011175871), (4.3779125, 14.419517, -0.0000044237822), (3.1099184, -0.0000020023435, 0.0000023283064), (-0.0000042915344, 0, 0), (6.0821466, 7.0693917, 0.06026745), (-0.00038909912, 0.0000042915344, 0.000005722046), (6.032107, 0.018460024, 0.022959337), (9.877455, 0.018461235, 0.022958405), (13.722816, 0.018461794, 0.022958964), (6.2772818, -0.020427536, 0.04592398), (15.898469, -0.02042558, 0.04593171), (27.183018, -0.010217354, 0.022960082), (-5.91975, -0.8106526, -11.504825), (-28.352428, 0.0000033527613, -0.0000018626451), (-13.722807, 3.7252903e-7, 0.000006821938), (-4.3779044, -14.419519, -0.0000011175871), (-3.109889, -0.000007619383, 0.000004284084), (0.000015258789, -9.536743e-7, -4.7683716e-7), (-5.687136, -7.0841117, -0.051394064), (0.00038528442, -0.000004768371, -0.000002861023), (-6.032087, -0.018461607, -0.022958556), (-9.877451, -0.018461794, -0.022954913), (-13.72281, -0.018463656, -0.022954144), (-6.2773004, 0.020428095, -0.045930594), (-15.898484, 0.020428374, -0.045929104), (-27.183025, 0.010218844, -0.022964552), (0.0000076293945, 13.152417, 12.131039), (-0.0000038146973, -17.762201, 10.053691), (0.0000038146973, 16.638687, -15.346582), (0.0000038146973, -21.436518, -12.133411)],
            }
        }
    }
}

