#usda 1.0
(
    endTimeCode = 18
    framesPerSecond = 30
    startTimeCode = 0
    timeCodesPerSecond = 30
)

def SkelRoot "SkelRoot"
{
    def Skeleton "Skeleton" (
        prepend apiSchemas = ["SkelBindingAPI"]
    )
    {
        uniform matrix4d[] bindTransforms = [( (1, 0, 0.00003612560612964444, 0), (0, 1, 0, 0), (-0.00003612560612964444, 0, 1, 0), (-5.283580780029297, 0, 23.178537368774414, 1) ), ( (0.00018048318452201784, 1, -0.000009053385838342365, 0), (-0.00003612560612964444, 0.000009059906005859375, 1, 0), (1, -0.0001804828643798828, 0.00003612560612964444, 0), (-5.283628940582275, 78.49406433105469, 24.51056480407715, 1) ), ( (0.00019393989350646734, 0.9998704791069031, -0.016100337728857994, 0), (-0.000032844647648744285, 0.01610034704208374, 0.9998704195022583, 0), (1, -0.00019338593119755387, 0.00003596124952309765, 0), (-5.283405780792236, 79.73005676269531, 24.51055145263672, 1) ), ( (0.00021556922001764178, 0.9975249171257019, -0.07031336426734924, 0), (-0.000010926822142209858, 0.07031337916851044, 0.9975249171257019, 0), (1, -0.00021426737657748163, 0.000026055549824377522, 0), (-5.282442569732666, 84.69524383544922, 24.430599212646484, 1) ), ( (0.00023582491849083453, 0.9960030317306519, -0.08931808173656464, 0), (0.00003895704503520392, 0.08931808173656464, 0.9960030317306519, 0), (1, -0.0002383619430474937, -0.000017739530449034646, 0), (-5.281676292419434, 88.2441635131836, 24.180448532104492, 1) ), ( (0.00024341291282325983, 0.9959131479263306, -0.09031646698713303, 0), (0.00005492950003826991, 0.09031644463539124, 0.9959131479263306, 0), (1, -0.0002473791246302426, -0.00003272244430263527, 0), (-5.280102729797363, 94.88829803466797, 23.58462142944336, 1) ), ( (0.9504519701004028, -0.19350631535053253, -0.24330271780490875, 0), (0.25747859477996826, 0.051444798707962036, 0.9649136662483215, 0), (-0.17420004308223724, -0.9797496795654297, 0.0987195372581482, 0), (-1.3404293060302734, 104.72386169433594, 23.307254791259766, 1) ), ( (0.9992880821228027, -0.03767326846718788, 0.0019109549466520548, 0), (0.000756062741857022, 0.07065313309431076, 0.997500479221344, 0), (-0.037714093923568726, -0.9967892169952393, 0.07063131034374237, 0), (13.313600540161133, 101.74038696289062, 19.556028366088867, 1) ), ( (0.9883785247802734, -0.026792988181114197, 0.14963427186012268, 0), (-0.14726154506206512, 0.07545378804206848, 0.9862155318260193, 0), (-0.03771409019827843, -0.9967895150184631, 0.07063132524490356, 0), (46.82429122924805, 100.47704315185547, 19.620105743408203, 1) ), ( (0.9883782267570496, -0.02679308131337166, 0.14963433146476746, 0), (-0.14726147055625916, 0.07545381039381027, 0.986215353012085, 0), (-0.0377141535282135, -0.9967892169952393, 0.07063130289316177, 0), (46.82427978515625, 100.47705078125, 19.620105743408203, 1) ), ( (0.9883782267570496, -0.02679308131337166, 0.14963433146476746, 0), (-0.14726147055625916, 0.07545381039381027, 0.986215353012085, 0), (-0.0377141535282135, -0.9967892169952393, 0.07063130289316177, 0), (55.67889404296875, 100.23700714111328, 20.96063804626465, 1) ), ( (0.9883782267570496, -0.02679308131337166, 0.14963433146476746, 0), (-0.14726147055625916, 0.07545381039381027, 0.986215353012085, 0), (-0.0377141535282135, -0.9967892169952393, 0.07063130289316177, 0), (65.29191589355469, 99.9764175415039, 22.415990829467773, 1) ), ( (0.9883782267570496, -0.02679308131337166, 0.14963433146476746, 0), (-0.14726147055625916, 0.07545381039381027, 0.986215353012085, 0), (-0.0377141535282135, -0.9967892169952393, 0.07063130289316177, 0), (77.85136413574219, 99.6359634399414, 24.31741714477539, 1) ), ( (0.9923011064529419, 0.006305119022727013, 0.12368927896022797, 0), (-0.003012868342921138, -0.9971787929534912, 0.07500320672988892, 0), (0.1238132044672966, -0.07479846477508545, -0.9894822835922241, 0), (77.85136413574219, 99.6359634399414, 24.31741714477539, 1) ), ( (0.9506565928459167, -0.09746367484331131, 0.2945377826690674, 0), (-0.12219327688217163, -0.9902622103691101, 0.06671259552240372, 0), (0.28516751527786255, -0.09941136837005615, -0.9533084034919739, 0), (81.12771606445312, 98.97178649902344, 26.275787353515625, 1) ), ( (0.7436290979385376, -0.4067021608352661, 0.5306690335273743, 0), (-0.4862934648990631, -0.8737155795097351, 0.011834702454507351, 0), (0.45884013175964355, -0.26686155796051025, -0.8474964499473572, 0), (87.25448608398438, 99.01113891601562, 27.997257232666016, 1) ), ( (0.48737213015556335, -0.7171334624290466, 0.49818459153175354, 0), (-0.7642502784729004, -0.6262925267219543, -0.15388117730617523, 0), (0.4223625361919403, -0.30574026703834534, -0.85330730676651, 0), (90.15560913085938, 97.42448425292969, 30.067567825317383, 1) ), ( (0.3977818489074707, -0.8092135190963745, 0.4323692321777344, 0), (-0.8400866389274597, -0.5106856822967529, -0.1829046607017517, 0), (0.3688136041164398, -0.2904716432094574, -0.8829510807991028, 0), (91.37556457519531, 95.62931060791016, 31.31463050842285, 1) ), ( (0.9854335784912109, -0.08888047933578491, 0.14498546719551086, 0), (-0.09880413115024567, -0.9931275844573975, 0.06273283809423447, 0), (0.13841329514980316, -0.07614428550004959, -0.987443208694458, 0), (81.45387268066406, 99.1273193359375, 25.075082778930664, 1) ), ( (0.873477041721344, -0.4867526888847351, 0.010486161336302757, 0), (-0.4868645668029785, -0.8733140826225281, 0.016914021223783493, 0), (0.0009247094276361167, -0.019879380241036415, -0.9998021125793457, 0), (87.49827575683594, 99.33197021484375, 25.737167358398438, 1) ), ( (0.6179291605949402, -0.7860534191131592, 0.016835538670420647, 0), (-0.7860360741615295, -0.6171523332595825, 0.03564237430691719, 0), (-0.017626715824007988, -0.03525792807340622, -0.9992230534553528, 0), (91.35423278808594, 97.18323516845703, 25.78345489501953, 1) ), ( (0.5177761316299438, -0.8550994396209717, 0.02669876627624035, 0), (-0.8523380756378174, -0.5129140615463257, 0.10217083245515823, 0), (-0.07367206364870071, -0.07565806806087494, -0.9944086074829102, 0), (93.1068115234375, 94.9537353515625, 25.831205368041992, 1) ), ( (0.9923007488250732, 0.006300739012658596, 0.12369248270988464, 0), (-0.003020263509824872, -0.9971774816513062, 0.07502476125955582, 0), (0.12381595373153687, -0.07482075691223145, -0.9894805550575256, 0), (77.7630615234375, 99.51870727539062, 24.32558250427246, 1) ), ( (0.9849677681922913, -0.10701512545347214, -0.1355978399515152, 0), (-0.030541205778717995, -0.8805038332939148, 0.473053902387619, 0), (-0.17001838982105255, -0.4618014693260193, -0.8705363869667053, 0), (81.52218627929688, 98.40017700195312, 22.4952449798584, 1) ), ( (0.588066041469574, -0.5505324602127075, -0.5925304293632507, 0), (-0.4783974289894104, -0.8274600505828857, 0.2940172255039215, 0), (-0.6521608233451843, 0.11056353151798248, -0.7499744296073914, 0), (86.154541015625, 97.89688873291016, 21.857784271240234, 1) ), ( (0.3664608299732208, -0.7792893052101135, -0.5083450078964233, 0), (-0.5715240240097046, -0.6196653246879578, 0.5379365086555481, 0), (-0.734211802482605, 0.0933988019824028, -0.6724657416343689, 0), (88.01382446289062, 96.15625762939453, 19.984378814697266, 1) ), ( (0.29294663667678833, -0.9062132239341736, -0.3048935830593109, 0), (-0.65915447473526, -0.4224071204662323, 0.6221638321876526, 0), (-0.6926018595695496, 0.018711142241954803, -0.7210773825645447, 0), (88.78102111816406, 94.52483367919922, 18.920148849487305, 1) ), ( (0.9914125800132751, -0.13016736507415771, 0.012560944072902203, 0), (-0.13065145909786224, -0.9900412559509277, 0.05243046581745148, 0), (0.005610994528979063, -0.05362137034535408, -0.99854576587677, 0), (81.56553649902344, 98.8615951538086, 23.855558395385742, 1) ), ( (0.8442029356956482, -0.4834059476852417, -0.2316044420003891, 0), (-0.42730164527893066, -0.8677807450294495, 0.2537132203578949, 0), (-0.32362818717956543, -0.11522051692008972, -0.9391428828239441, 0), (87.03292846679688, 98.77143859863281, 23.72844886779785, 1.0000001192092896) ), ( (0.6101077795028687, -0.7870895862579346, -0.09087440371513367, 0), (-0.707517147064209, -0.5928393602371216, 0.38465720415115356, 0), (-0.35663360357284546, -0.1703874170780182, -0.9185755848884583, 0), (90.41910552978516, 96.83248901367188, 22.799470901489258, 1.0000001192092896) ), ( (0.4490848779678345, -0.8918319344520569, 0.054393935948610306, 0), (-0.8325904607772827, -0.39560920000076294, 0.3876682221889496, 0), (-0.3242161273956299, -0.21938376128673553, -0.9201928377151489, 0), (92.08840942382812, 94.67892456054688, 22.55083465576172, 1.0000001192092896) ), ( (-0.022706856951117516, -0.33016249537467957, 0.9436512589454651, 0), (0.5392860770225525, -0.7988359928131104, -0.2665182650089264, 0), (0.8418164849281311, 0.502846360206604, 0.19619117677211761, 0), (79.66761779785156, 98.430908203125, 25.73192024230957, 1) ), ( (0.053299494087696075, -0.4564630389213562, 0.8881447911262512, 0), (0.8562159538269043, -0.4367932379245758, -0.27587389945983887, 0), (0.5138617753982544, 0.7751471996307373, 0.3675501048564911, 0), (79.60929870605469, 97.58285522460938, 28.155778884887695, 1) ), ( (0.09529681503772736, -0.31989502906799316, 0.9426485896110535, 0), (0.7585098147392273, -0.5899176597595215, -0.27687475085258484, 0), (0.6446558237075806, 0.741393506526947, 0.18642660975456238, 0), (79.78761291503906, 96.05567932128906, 31.12721824645996, 1) ), ( (-0.16032837331295013, -0.30430367588996887, 0.9389859437942505, 0), (0.8450469970703125, -0.5339192748069763, -0.028742317110300064, 0), (0.5100892782211304, 0.7888792753219604, 0.3427532911300659, 0), (80.11897277832031, 94.94339752197266, 34.40487289428711, 1.0000001192092896) ), ( (1, 1.581413755502581e-8, 7.851122063584626e-8, 0), (5.485938814331348e-9, 1, 3.6854708174161033e-9, 0), (-2.034967305775126e-9, -2.3685151062657894e-10, 1.000000238418579, 0), (82.67477416992188, 98.50877380371094, 25.02729034423828, 1) ), ( (0.9992882609367371, -0.037673257291316986, 0.0019110109424218535, 0), (0.0007560620433650911, 0.07065312564373016, 0.9975005984306335, 0), (-0.03771406039595604, -0.9967895150184631, 0.07063133269548416, 0), (23.02235221862793, 101.37437438964844, 19.574586868286133, 1) ), ( (0.9992882609367371, -0.037673257291316986, 0.0019110109424218535, 0), (0.0007560620433650911, 0.07065312564373016, 0.9975005984306335, 0), (-0.03771406039595604, -0.9967895150184631, 0.07063133269548416, 0), (34.648014068603516, 100.93609619140625, 19.59682273864746, 1) ), ( (0.9992882609367371, -0.037673257291316986, 0.0019110109424218535, 0), (0.0007560620433650911, 0.07065312564373016, 0.9975005984306335, 0), (-0.03771406039595604, -0.9967895150184631, 0.07063133269548416, 0), (46.82429122924805, 100.47704315185547, 19.620105743408203, 1) ), ( (0.0003050088416785002, 0.9892681241035461, 0.14611214399337769, 0), (-0.0000037212014376564184, -0.14611218869686127, 0.9892681241035461, 0), (0.9999999403953552, -0.0003022791934199631, -0.00004088584682904184, 0), (-5.277186870574951, 107.09817504882812, 20.399267196655273, 1) ), ( (0.00030495456303469837, 0.9892681241035461, 0.1461121290922165, 0), (-0.0000034583392789500067, -0.14611214399337769, 0.9892681241035461, 0), (1.0000001192092896, -0.00030218713800422847, -0.000041137958760373294, 0), (-5.274619102478027, 115.42699432373047, 21.62940216064453, 1) ), ( (0.00030495456303469837, 0.9892681241035461, 0.1461121290922165, 0), (-0.0000019008077742910245, -0.14611214399337769, 0.9892681241035461, 0), (1.0000001192092896, -0.00030195960425771773, -0.00004267879558028653, 0), (-5.269958972930908, 130.53958129882812, 23.861486434936523, 1) ), ( (0.00032061676029115915, 0.9939016103744507, -0.11027278006076813, 0), (0.00005526019594981335, 0.11027278751134872, 0.9939015507698059, 0), (1, -0.00032475515035912395, -0.000019569521100493148, 0), (-5.269958972930908, 130.53958129882812, 23.861486434936523, 1) ), ( (0.9974464178085327, -0.009883725084364414, -0.0707242339849472, 0), (0.0003189358103554696, 0.9909807443618774, -0.13399960100650787, 0), (0.07141140103340149, 0.13363546133041382, 0.9884538054466248, 0), (-5.265295505523682, 144.21841430664062, 35.18595886230469, 1) ), ( (0.997560977935791, 0.007379753049463034, 0.06941497325897217, 0), (0.0019508294062688947, 0.991060197353363, -0.133402481675148, 0), (-0.06977927684783936, 0.1332121342420578, 0.9886282682418823, 0), (-12.235305786132812, 144.22067260742188, 35.18609619140625, 1) ), ( (0.9975609183311462, 0.007379753049463034, 0.06941497325897217, 0), (0.0019508290570229292, 0.9910602569580078, -0.13340246677398682, 0), (-0.06977926939725876, 0.1332121342420578, 0.9886282682418823, 0), (-12.23530387878418, 144.22068786621094, 35.18608856201172, 1) ), ( (0.9975526332855225, -0.008028140291571617, -0.06945601105690002, 0), (-0.0013123461976647377, 0.9910612106323242, -0.13340188562870026, 0), (0.06990612298250198, 0.13316643238067627, 0.988625168800354, 0), (1.7045178413391113, 144.21615600585938, 35.185821533203125, 1) ), ( (0.9975526332855225, -0.008028137497603893, -0.06945602595806122, 0), (-0.0013123472454026341, 0.9910613298416138, -0.13340191543102264, 0), (0.06990613043308258, 0.13316649198532104, 0.9886253476142883, 0), (1.7045197486877441, 144.21615600585938, 35.185813903808594, 1) ), ( (0.9999999403953552, -1.6765966392995324e-10, -0.000055599273764528334, 0), (1.4014948923612991e-11, 0.9999997019767761, 1.4863872799253386e-8, 0), (0.00005559928831644356, 2.2368039864772982e-8, 0.9999999403953552, 0), (-5.256038188934326, 173.69906616210938, 19.07296371459961, 1) ), ( (0.950563371181488, 0.1930357664823532, 0.24324065446853638, 0), (0.25738978385925293, -0.05157206207513809, -0.9649301767349243, 0), (-0.17372144758701324, 0.9798355102539062, -0.09870798140764236, 0), (-9.21493148803711, 104.7255630493164, 23.30753517150879, 1) ), ( (0.9993066787719727, 0.037178777158260345, -0.001976386643946171, 0), (0.0006558790919370949, -0.07065336406230927, -0.9975006580352783, 0), (-0.0372251532971859, 0.9968076944351196, -0.07062873244285583, 0), (-23.870655059814453, 101.74947357177734, 19.557252883911133, 1) ), ( (0.9883815050125122, 0.026303868740797043, -0.1496989130973816, 0), (-0.14736321568489075, -0.07538076490163803, -0.9862058162689209, 0), (-0.037225186824798584, 0.9968078136444092, -0.07062871754169464, 0), (-57.38163375854492, 100.50314331054688, 19.62347412109375, 1) ), ( (0.9883813858032227, 0.026303958147764206, -0.149698868393898, 0), (-0.14736323058605194, -0.07538075000047684, -0.9862056374549866, 0), (-0.03722528740763664, 0.9968076944351196, -0.07062866538763046, 0), (-57.381629943847656, 100.50312805175781, 19.623477935791016, 1) ), ( (0.9883813858032227, 0.026303958147764206, -0.149698868393898, 0), (-0.14736323058605194, -0.07538075000047684, -0.9862056374549866, 0), (-0.03722528740763664, 0.9968076944351196, -0.07062866538763046, 0), (-66.23663330078125, 100.2671127319336, 20.96466064453125, 1) ), ( (0.9883813858032227, 0.026303958147764206, -0.149698868393898, 0), (-0.14736323058605194, -0.07538075000047684, -0.9862056374549866, 0), (-0.03722528740763664, 0.9968076944351196, -0.07062866538763046, 0), (-75.8492431640625, 100.0116958618164, 22.420562744140625, 1) ), ( (0.9883813858032227, 0.026303958147764206, -0.149698868393898, 0), (-0.14736323058605194, -0.07538075000047684, -0.9862056374549866, 0), (-0.03722528740763664, 0.9968076944351196, -0.07062866538763046, 0), (-88.4088134765625, 99.67731475830078, 24.322826385498047, 1) ), ( (0.9922894835472107, -0.006796195637434721, -0.12375417351722717, 0), (-0.0025240923278033733, 0.997180163860321, -0.07500284910202026, 0), (0.12391499429941177, 0.07473704218864441, 0.9894741773605347, 0), (-88.4088134765625, 99.67731475830078, 24.322826385498047, 1) ), ( (0.9506853818893433, 0.09699323028326035, -0.2945999205112457, 0), (-0.12170735001564026, 0.9903221130371094, -0.06670445203781128, 0), (0.2852787673473358, 0.09927010536193848, 0.9532896280288696, 0), (-91.68557739257812, 99.01457214355469, 26.281435012817383, 1) ), ( (0.7437955737113953, 0.4063340723514557, -0.5307174324989319, 0), (-0.48586177825927734, 0.8739560842514038, -0.011802772991359234, 0), (0.45902782678604126, 0.2666342556476593, 0.8474665284156799, 0), (-97.81219482421875, 99.05691528320312, 28.00331687927246, 1) ), ( (0.48769474029541016, 0.7168923020362854, -0.4982162415981293, 0), (-0.7639299631118774, 0.6266708970069885, 0.1539311408996582, 0), (0.4225696325302124, 0.30553099513053894, 0.8532791137695312, 0), (-100.7139892578125, 97.47171020507812, 30.07382583618164, 1) ), ( (0.39815402030944824, 0.809016764163971, -0.4323951303958893, 0), (-0.8398218750953674, 0.5111013650894165, 0.1829596757888794, 0), (0.3690151572227478, 0.2902889549732208, 0.8829269409179688, 0), (-101.93479919433594, 95.67716217041016, 31.320953369140625, 1) ), ( (0.9854680299758911, 0.08839277923107147, -0.1450498104095459, 0), (-0.0983164981007576, 0.993176281452179, -0.06272626668214798, 0), (0.13851557672023773, 0.07607560604810715, 0.9874337315559387, 0), (-92.01179504394531, 99.17029571533203, 25.080759048461914, 1) ), ( (0.8737170696258545, 0.4863203167915344, -0.010543200187385082, 0), (-0.486433207988739, 0.8735544681549072, -0.01688203774392605, 0), (0.0009999986505135894, 0.019878800958395004, 0.9998019933700562, 0), (-98.05599975585938, 99.37794494628906, 25.74323844909668, 1) ), ( (0.618317186832428, 0.7857475876808167, -0.01687588170170784, 0), (-0.785732626914978, 0.6175414323806763, -0.03559090569615364, 0), (-0.017543893307447433, 0.035266466438770294, 0.9992236495018005, 0), (-101.91291809082031, 97.23110961914062, 25.789775848388672, 1) ), ( (0.5181979537010193, 0.8548433184623718, -0.02673257887363434, 0), (-0.85209059715271, 0.5133358836174011, -0.10211504995822906, 0), (-0.07356958836317062, 0.07569438964128494, 0.9944133758544922, 0), (-103.66668701171875, 95.00244140625, 25.837648391723633, 1) ), ( (0.9922893047332764, -0.006796443369239569, -0.12375413626432419, 0), (-0.0025210287421941757, 0.9971818923950195, -0.07498019933700562, 0), (0.12391496449708939, 0.07471415400505066, 0.9894759654998779, 0), (-88.32052612304688, 99.56004333496094, 24.330978393554688, 1) ), ( (0.9850292205810547, 0.1065276563167572, 0.1355333924293518, 0), (-0.030136218294501305, 0.8805193305015564, -0.4730517566204071, 0), (-0.1697327345609665, 0.4618852734565735, 0.8705469965934753, 0), (-92.08061218261719, 98.44317626953125, 22.50092315673828, 1) ), ( (0.5883771181106567, 0.5502414107322693, 0.5924918055534363, 0), (-0.47800689935684204, 0.8276962637901306, -0.29398563504219055, 0), (-0.6521665453910828, -0.11024072021245956, 0.7500171661376953, 0), (-96.71327209472656, 97.94220733642578, 21.8637638092041, 1) ), ( (0.36687999963760376, 0.7791075110435486, 0.5083211064338684, 0), (-0.5712520480155945, 0.6199482083320618, -0.5378987789154053, 0), (-0.7342135906219482, -0.09303539246320724, 0.6725131273269653, 0), (-98.57351684570312, 96.20247650146484, 19.990474700927734, 1) ), ( (0.29341498017311096, 0.9060682058334351, 0.3048744201660156, 0), (-0.6589856147766113, 0.42273303866386414, -0.6221203804016113, 0), (-0.692564070224762, -0.0183685552328825, 0.7211225032806396, 0), (-99.34153747558594, 94.57142639160156, 18.92632484436035, 1) ), ( (0.9914758205413818, 0.12967661023139954, -0.01262576226145029, 0), (-0.13016465306282043, 0.9901056289672852, -0.05242178961634636, 0), (0.005702878348529339, 0.0536184124648571, 0.9985449910163879, 0), (-92.12368774414062, 98.90458679199219, 23.861251831054688, 1) ), ( (0.8444570302963257, 0.4829878509044647, 0.2315492033958435, 0), (-0.42688846588134766, 0.8679917454719543, -0.25368502736091614, 0), (-0.3235096335411072, 0.11538048088550568, 0.9391638040542603, 0), (-97.59112548828125, 98.81707763671875, 23.734485626220703, 1) ), ( (0.6105039119720459, 0.7867875695228577, 0.09083453565835953, 0), (-0.7072486281394958, 0.5931895971298218, -0.3846108019351959, 0), (-0.3564889132976532, 0.17056380212306976, 0.918598473072052, 0), (-100.97825622558594, 96.87982177734375, 22.805747985839844, 1) ), ( (0.4495225250720978, 0.8916095495223999, -0.05442314222455025, 0), (-0.8324195742607117, 0.3960210680961609, -0.38761356472969055, 0), (-0.3240472078323364, 0.21954400837421417, 0.9202142953872681, 0), (-102.64866638183594, 94.72709655761719, 22.55719757080078, 1) ), ( (-0.02260509319603443, 0.3301737606525421, -0.943649411201477, 0), (0.5396990180015564, 0.7985687851905823, 0.26648300886154175, 0), (0.8415546417236328, -0.5032628178596497, -0.19624614715576172, 0), (-90.22579956054688, 98.47299194335938, 25.737476348876953, 1) ), ( (0.053467344492673874, 0.4564366936683655, -0.8881479501724243, 0), (0.8564499616622925, 0.43636929988861084, 0.27581775188446045, 0), (0.5134537816047668, -0.7754016518592834, -0.36758366227149963, 0), (-90.16773986816406, 97.62481689453125, 28.161334991455078, 1) ), ( (0.09539351612329483, 0.3198482096195221, -0.9426542520523071, 0), (0.758820116519928, 0.5895423293113708, 0.27682527899742126, 0), (0.6442762017250061, -0.7417126297950745, -0.18646880984306335, 0), (-90.34660339355469, 96.09772491455078, 31.132774353027344, 1) ), ( (-0.16023914515972137, 0.3043827712535858, -0.9389751553535461, 0), (0.8453130722045898, 0.5335010290145874, 0.028687018901109695, 0), (0.5096762180328369, -0.789130687713623, -0.342786580324173, 0), (-90.6783676147461, 94.98563385009766, 34.41047286987305, 0.9999998807907104) ), ( (0.9999999403953552, 1.9278161289548734e-9, 1.1859810911118984e-8, 0), (3.987697283491798e-9, 1, -1.3075661442485398e-8, 0), (-8.803908713161945e-9, 2.4170268009271467e-9, 1, 0), (-93.23243713378906, 97.55288696289062, 25.033023834228516, 1) ), ( (0.9993065595626831, 0.03717873618006706, -0.0019763833843171597, 0), (0.0006558308377861977, -0.07065334916114807, -0.9975005388259888, 0), (-0.03722517192363739, 0.9968078136444092, -0.07062872499227524, 0), (-33.57919692993164, 101.38862609863281, 19.576412200927734, 1) ), ( (0.9993065595626831, 0.03717873618006706, -0.0019763833843171597, 0), (0.0006558308377861977, -0.07065334916114807, -0.9975005388259888, 0), (-0.03722517192363739, 0.9968078136444092, -0.07062872499227524, 0), (-45.20549011230469, 100.95578002929688, 19.59943962097168, 1) ), ( (0.9993065595626831, 0.03717873618006706, -0.0019763833843171597, 0), (0.0006558308377861977, -0.07065334916114807, -0.9975005388259888, 0), (-0.03722517192363739, 0.9968078136444092, -0.07062872499227524, 0), (-57.38163375854492, 100.50314331054688, 19.62347412109375, 1) ), ( (0.9999999403953552, -7.58859641791787e-12, -0.000055154916481114924, 0), (-4.4058003773050913e-11, 1, 1.1134941857449121e-8, 0), (0.000055154891015263274, -1.4743183562870854e-8, 1, 0), (-5.283666610717773, 89.02820587158203, -41.034156799316406, 1) ), ( (0.003306920873001218, -0.9993919730186462, 0.03471529483795166, 0), (0.00015098693256732076, -0.034714993089437485, -0.999397337436676, 0), (0.9999946355819702, 0.0033101688604801893, 0.000036093788366997615, 0), (14.393270492553711, 70.0438003540039, 23.354658126831055, 1) ), ( (0.003309603314846754, -0.9994708299636841, -0.03236628323793411, 0), (-0.00007106168050086126, 0.03236621990799904, -0.9994762539863586, 0), (0.9999946355819702, 0.0033101702574640512, 0.00003609366831369698, 0), (14.472599029541016, 46.06809616088867, 24.18749237060547, 1) ), ( (0.08953489363193512, -0.9934523105621338, -0.070965975522995, 0), (0.19770438969135284, -0.05210660398006439, 0.978875458240509, 0), (-0.9761637449264526, -0.10167384147644043, 0.19174452126026154, 0), (14.53403091430664, 27.51654815673828, 23.58672523498535, 1) ), ( (0.19770407676696777, -0.05209224671125412, 0.9788762927055359, 0), (0.08953772485256195, -0.9934529662132263, -0.07095189392566681, 0), (0.9761636853218079, 0.1016739085316658, -0.19174553453922272, 0), (16.557554244995117, 23.47934341430664, 31.747631072998047, 0.9999999403953552) ), ( (0.19770514965057373, -0.05209215357899666, 0.9788760542869568, 0), (0.08953743427991867, -0.9934530854225159, -0.07095184922218323, 0), (0.976163387298584, 0.10167362540960312, -0.1917465478181839, 0), (17.064939498901367, 23.345657348632812, 34.25983428955078, 1) ), ( (0.08906887471675873, -0.9933277368545532, -0.0732598602771759, 0), (0.1979132741689682, -0.05443519353866577, 0.9787063598632812, 0), (-0.9761640429496765, -0.10167144984006882, 0.19174422323703766, 0), (14.53403091430664, 27.51654815673828, 23.586721420288086, 0.9999999403953552) ), ( (0.9706083536148071, 7.684732850066212e-9, -0.24066531658172607, 0), (-2.2413617628558313e-9, 1, 1.0154427521058551e-8, 0), (0.2406652867794037, 1.8494279885317155e-8, 0.9706081748008728, 0), (15.545793533325195, 23.479339599609375, 27.667177200317383, 0.9999999403953552) ), ( (0.0033085367176681757, -0.9995611310005188, -0.029443904757499695, 0), (-0.00006074688280932605, 0.02944386564195156, -0.9995664954185486, 0), (0.9999946355819702, 0.0033088913187384605, 0.00003669425132102333, 0), (14.472606658935547, 46.06864929199219, 24.187501907348633, 1) ), ( (0.003308066399767995, -0.9994707703590393, -0.032366279512643814, 0), (-0.06612689793109894, 0.03207698464393616, -0.9972955584526062, 0), (0.9978057742118835, 0.005439401138573885, -0.0659857839345932, 0), (14.533170700073242, 37.67034149169922, 23.889184951782227, 1) ), ( (0.003305568592622876, -0.9994707703590393, -0.032366279512643814, 0), (-0.13189387321472168, 0.031647939234972, -0.9907586574554443, 0), (0.9912583231925964, 0.007543935906141996, -0.1317194402217865, 0), (14.549982070922852, 32.59392547607422, 23.724790573120117, 1) ), ( (0.003304786281660199, -0.9994707703590393, -0.032366279512643814, 0), (-0.19904811680316925, 0.0310613252222538, -0.9794975519180298, 0), (0.9799843430519104, 0.009679479524493217, -0.19884011149406433, 0), (14.566791534423828, 27.517501831054688, 23.56039810180664, 1) ), ( (0.0033057702239602804, -0.9993919730186462, 0.03471529856324196, 0), (0.00015141346375457942, -0.034714993089437485, -0.9993974566459656, 0), (0.9999946355819702, 0.003309034276753664, 0.00003655999171314761, 0), (14.470279693603516, 66.57310485839844, 23.504392623901367, 1) ), ( (0.0033039203844964504, -0.9993919730186462, 0.03471529856324196, 0), (0.00015098693256732076, -0.034714993089437485, -0.9993974566459656, 0), (0.9999946355819702, 0.0033071707002818584, 0.00003619793278630823, 0), (14.497550964355469, 58.33277130126953, 23.790632247924805, 1) ), ( (0.0033042302820831537, -0.9993919730186462, 0.03471529856324196, 0), (0.00015225925017148256, -0.034714989364147186, -0.9993974566459656, 0), (0.9999946355819702, 0.0033075246028602123, 0.00003745871072169393, 0), (14.499845504760742, 47.73629379272461, 24.144132614135742, 1) ), ( (0.0036701741628348827, 0.9993905425071716, -0.034715041518211365, 0), (0.00009130691614700481, 0.034714944660663605, 0.9993972778320312, 0), (0.9999932646751404, -0.0036711320281028748, 0.00003615698733483441, 0), (-24.963489532470703, 70.05088806152344, 23.353235244750977, 1) ), ( (0.003668039571493864, 0.9994693398475647, 0.03236652910709381, 0), (-0.0001549614389659837, -0.032366182655096054, 0.9994760751724243, 0), (0.9999932050704956, -0.003671133192256093, 0.00003615710375015624, 0), (-25.051546096801758, 46.07522201538086, 24.18606185913086, 1) ), ( (0.08988837152719498, 0.9934197664260864, 0.07097244262695312, 0), (0.19779393076896667, 0.05203520134091377, -0.9788610935211182, 0), (-0.9761133790016174, 0.10202619433403015, -0.19181504845619202, 0), (-25.1196231842041, 27.52370834350586, 23.58529281616211, 1) ), ( (0.1977936327457428, 0.05202086269855499, -0.9788619875907898, 0), (0.08989118784666061, 0.9934205412864685, 0.07095836848020554, 0), (0.9761132001876831, -0.10202623903751373, 0.191816046833992, 0), (-27.14518928527832, 23.487247467041016, 31.74605941772461, 1) ), ( (0.197793647646904, 0.05202087014913559, -0.9788619875907898, 0), (0.08989153802394867, 0.9934204816818237, 0.0709584429860115, 0), (0.9761130809783936, -0.10202658921480179, 0.1918160319328308, 0), (-27.65280532836914, 23.35372543334961, 34.25818634033203, 1) ), ( (0.08942213654518127, 0.9932956695556641, 0.07326631993055344, 0), (0.1980036348104477, 0.05436376482248306, -0.9786921143531799, 0), (-0.9761136174201965, 0.10202379524707794, -0.19181478023529053, 0), (-25.11962127685547, 27.523712158203125, 23.585294723510742, 1) ), ( (0.9705504179000854, 1.4621562627326057e-8, 0.2408987283706665, 0), (1.1355635320953184e-9, 1, -1.423355122653902e-8, 0), (-0.24089868366718292, 1.3317329461415284e-8, 0.9705502986907959, 0), (-26.13240623474121, 23.487247467041016, 27.66567611694336, 1) ), ( (0.0036672165151685476, 0.999559760093689, 0.029444148764014244, 0), (-0.00014359787746798247, -0.029443830251693726, 0.9995664954185486, 0), (0.9999932646751404, -0.0036698542535305023, 0.00003555614239303395, 0), (-25.051542282104492, 46.07576370239258, 24.186073303222656, 1) ), ( (0.0036680418998003006, 0.9994694590568542, 0.03236653283238411, 0), (-0.06621053069829941, -0.03205298259854317, 0.9972907304763794, 0), (0.9977990388870239, -0.005801109131425619, 0.06605782359838486, 0), (-25.11511993408203, 37.677513122558594, 23.88775062561035, 1) ), ( (0.0036680393386632204, 0.9994694590568542, 0.03236652538180351, 0), (-0.13197685778141022, -0.03159978240728378, 0.9907490611076355, 0), (0.9912461638450623, -0.007905739359557629, 0.1317909210920334, 0), (-25.13374900817871, 32.601097106933594, 23.723358154296875, 1) ), ( (0.0036680418998003006, 0.9994694590568542, 0.03236652538180351, 0), (-0.1991301327943802, -0.030988499522209167, 0.9794831275939941, 0), (0.9799662828445435, -0.01003793440759182, 0.19891080260276794, 0), (-25.152376174926758, 27.524681091308594, 23.558963775634766, 1) ), ( (0.0036701741628348827, 0.9993904829025269, -0.03471503406763077, 0), (0.00009173360740533099, 0.034714944660663605, 0.9993972182273865, 0), (0.9999932050704956, -0.003671146696433425, 0.00003573053618310951, 0), (-25.04177474975586, 66.5802001953125, 23.502965927124023, 1) ), ( (0.0036701741628348827, 0.9993904829025269, -0.03471503406763077, 0), (0.00009130690159508958, 0.034714940935373306, 0.9993972182273865, 0), (0.9999932050704956, -0.003671131795272231, 0.00003615698733483441, 0), (-25.072038650512695, 58.339874267578125, 23.789203643798828, 1) ), ( (0.0036701741628348827, 0.9993904829025269, -0.03471503406763077, 0), (0.0000925792774069123, 0.034714940935373306, 0.9993972182273865, 0), (0.9999932050704956, -0.0036711760330945253, 0.0000348853827745188, 0), (-25.078182220458984, 47.74342346191406, 24.142704010009766, 1) ), ( (1, 0, 0, 0), (0, 1, 0, 0), (0, -1.8016491076799923e-13, 1, 0), (2.865706443786621, 78.49267578125, 33.3466682434082, 1) ), ( (1, 0, 0, 0), (0, 1, 0, 0), (0, -1.8016491076799923e-13, 1, 0), (35.88248825073242, 78.48597717285156, -48.21290588378906, 1) ), ( (1, 0, 0, 0), (0, 1, 0, 0), (0, -1.8016491076799923e-13, 1, 0), (-12.593420028686523, 78.49545288085938, 32.43523025512695, 1) ), ( (1, 0, 0, 0), (0, 1, 0, 0), (0, -1.8016491076799923e-13, 1, 0), (-44.71656036376953, 78.50054931640625, -45.16282653808594, 1) )]
        uniform token[] joints = ["root_joint", "root_joint/pelvis_joint", "root_joint/pelvis_joint/spineLower_joint", "root_joint/pelvis_joint/spineLower_joint/spineMiddle_joint", "root_joint/pelvis_joint/spineLower_joint/spineMiddle_joint/spineUpper_joint", "root_joint/pelvis_joint/spineLower_joint/spineMiddle_joint/spineUpper_joint/chest_joint", "root_joint/pelvis_joint/spineLower_joint/spineMiddle_joint/spineUpper_joint/chest_joint/clavicle_left_joint", "root_joint/pelvis_joint/spineLower_joint/spineMiddle_joint/spineUpper_joint/chest_joint/clavicle_left_joint/shoulder_left_joint", "root_joint/pelvis_joint/spineLower_joint/spineMiddle_joint/spineUpper_joint/chest_joint/clavicle_left_joint/shoulder_left_joint/elbow_left_joint", "root_joint/pelvis_joint/spineLower_joint/spineMiddle_joint/spineUpper_joint/chest_joint/clavicle_left_joint/shoulder_left_joint/elbow_left_joint/elbow_partial_left_joint", "root_joint/pelvis_joint/spineLower_joint/spineMiddle_joint/spineUpper_joint/chest_joint/clavicle_left_joint/shoulder_left_joint/elbow_left_joint/armLower_twist_01_left_joint", "root_joint/pelvis_joint/spineLower_joint/spineMiddle_joint/spineUpper_joint/chest_joint/clavicle_left_joint/shoulder_left_joint/elbow_left_joint/armLower_twist_02_left_joint", "root_joint/pelvis_joint/spineLower_joint/spineMiddle_joint/spineUpper_joint/chest_joint/clavicle_left_joint/shoulder_left_joint/elbow_left_joint/armLower_twist_03_left_joint", "root_joint/pelvis_joint/spineLower_joint/spineMiddle_joint/spineUpper_joint/chest_joint/clavicle_left_joint/shoulder_left_joint/elbow_left_joint/handWrist_left_joint", "root_joint/pelvis_joint/spineLower_joint/spineMiddle_joint/spineUpper_joint/chest_joint/clavicle_left_joint/shoulder_left_joint/elbow_left_joint/handWrist_left_joint/handIndexMeta_left_joint", "root_joint/pelvis_joint/spineLower_joint/spineMiddle_joint/spineUpper_joint/chest_joint/clavicle_left_joint/shoulder_left_joint/elbow_left_joint/handWrist_left_joint/handIndexMeta_left_joint/handIndex_00_left_joint", "root_joint/pelvis_joint/spineLower_joint/spineMiddle_joint/spineUpper_joint/chest_joint/clavicle_left_joint/shoulder_left_joint/elbow_left_joint/handWrist_left_joint/handIndexMeta_left_joint/handIndex_00_left_joint/handIndex_01_left_joint", "root_joint/pelvis_joint/spineLower_joint/spineMiddle_joint/spineUpper_joint/chest_joint/clavicle_left_joint/shoulder_left_joint/elbow_left_joint/handWrist_left_joint/handIndexMeta_left_joint/handIndex_00_left_joint/handIndex_01_left_joint/handIndex_02_left_joint", "root_joint/pelvis_joint/spineLower_joint/spineMiddle_joint/spineUpper_joint/chest_joint/clavicle_left_joint/shoulder_left_joint/elbow_left_joint/handWrist_left_joint/handMiddleMeta_left_joint", "root_joint/pelvis_joint/spineLower_joint/spineMiddle_joint/spineUpper_joint/chest_joint/clavicle_left_joint/shoulder_left_joint/elbow_left_joint/handWrist_left_joint/handMiddleMeta_left_joint/handMiddle_00_left_joint", "root_joint/pelvis_joint/spineLower_joint/spineMiddle_joint/spineUpper_joint/chest_joint/clavicle_left_joint/shoulder_left_joint/elbow_left_joint/handWrist_left_joint/handMiddleMeta_left_joint/handMiddle_00_left_joint/handMiddle_01_left_joint", "root_joint/pelvis_joint/spineLower_joint/spineMiddle_joint/spineUpper_joint/chest_joint/clavicle_left_joint/shoulder_left_joint/elbow_left_joint/handWrist_left_joint/handMiddleMeta_left_joint/handMiddle_00_left_joint/handMiddle_01_left_joint/handMiddle_02_left_joint", "root_joint/pelvis_joint/spineLower_joint/spineMiddle_joint/spineUpper_joint/chest_joint/clavicle_left_joint/shoulder_left_joint/elbow_left_joint/handWrist_left_joint/handWrist_partial_left_joint", "root_joint/pelvis_joint/spineLower_joint/spineMiddle_joint/spineUpper_joint/chest_joint/clavicle_left_joint/shoulder_left_joint/elbow_left_joint/handWrist_left_joint/handPinkyMeta_left_joint", "root_joint/pelvis_joint/spineLower_joint/spineMiddle_joint/spineUpper_joint/chest_joint/clavicle_left_joint/shoulder_left_joint/elbow_left_joint/handWrist_left_joint/handPinkyMeta_left_joint/handPinky_00_left_joint", "root_joint/pelvis_joint/spineLower_joint/spineMiddle_joint/spineUpper_joint/chest_joint/clavicle_left_joint/shoulder_left_joint/elbow_left_joint/handWrist_left_joint/handPinkyMeta_left_joint/handPinky_00_left_joint/handPinky_01_left_joint", "root_joint/pelvis_joint/spineLower_joint/spineMiddle_joint/spineUpper_joint/chest_joint/clavicle_left_joint/shoulder_left_joint/elbow_left_joint/handWrist_left_joint/handPinkyMeta_left_joint/handPinky_00_left_joint/handPinky_01_left_joint/handPinky_02_left_joint", "root_joint/pelvis_joint/spineLower_joint/spineMiddle_joint/spineUpper_joint/chest_joint/clavicle_left_joint/shoulder_left_joint/elbow_left_joint/handWrist_left_joint/handRingMeta_left_joint", "root_joint/pelvis_joint/spineLower_joint/spineMiddle_joint/spineUpper_joint/chest_joint/clavicle_left_joint/shoulder_left_joint/elbow_left_joint/handWrist_left_joint/handRingMeta_left_joint/handRing_00_left_joint", "root_joint/pelvis_joint/spineLower_joint/spineMiddle_joint/spineUpper_joint/chest_joint/clavicle_left_joint/shoulder_left_joint/elbow_left_joint/handWrist_left_joint/handRingMeta_left_joint/handRing_00_left_joint/handRing_01_left_joint", "root_joint/pelvis_joint/spineLower_joint/spineMiddle_joint/spineUpper_joint/chest_joint/clavicle_left_joint/shoulder_left_joint/elbow_left_joint/handWrist_left_joint/handRingMeta_left_joint/handRing_00_left_joint/handRing_01_left_joint/handRing_02_left_joint", "root_joint/pelvis_joint/spineLower_joint/spineMiddle_joint/spineUpper_joint/chest_joint/clavicle_left_joint/shoulder_left_joint/elbow_left_joint/handWrist_left_joint/handThumbMeta_left_joint", "root_joint/pelvis_joint/spineLower_joint/spineMiddle_joint/spineUpper_joint/chest_joint/clavicle_left_joint/shoulder_left_joint/elbow_left_joint/handWrist_left_joint/handThumbMeta_left_joint/handThumb_00_left_joint", "root_joint/pelvis_joint/spineLower_joint/spineMiddle_joint/spineUpper_joint/chest_joint/clavicle_left_joint/shoulder_left_joint/elbow_left_joint/handWrist_left_joint/handThumbMeta_left_joint/handThumb_00_left_joint/handThumb_01_left_joint", "root_joint/pelvis_joint/spineLower_joint/spineMiddle_joint/spineUpper_joint/chest_joint/clavicle_left_joint/shoulder_left_joint/elbow_left_joint/handWrist_left_joint/handThumbMeta_left_joint/handThumb_00_left_joint/handThumb_01_left_joint/handThumb_02_left_joint", "root_joint/pelvis_joint/spineLower_joint/spineMiddle_joint/spineUpper_joint/chest_joint/clavicle_left_joint/shoulder_left_joint/elbow_left_joint/handWrist_left_joint/hand_l_socket", "root_joint/pelvis_joint/spineLower_joint/spineMiddle_joint/spineUpper_joint/chest_joint/clavicle_left_joint/shoulder_left_joint/armUpper_twist_01_left_joint", "root_joint/pelvis_joint/spineLower_joint/spineMiddle_joint/spineUpper_joint/chest_joint/clavicle_left_joint/shoulder_left_joint/armUpper_twist_02_left_joint", "root_joint/pelvis_joint/spineLower_joint/spineMiddle_joint/spineUpper_joint/chest_joint/clavicle_left_joint/shoulder_left_joint/armUpper_twist_03_left_joint", "root_joint/pelvis_joint/spineLower_joint/spineMiddle_joint/spineUpper_joint/chest_joint/neck_joint", "root_joint/pelvis_joint/spineLower_joint/spineMiddle_joint/spineUpper_joint/chest_joint/neck_joint/neck_twist_01_joint", "root_joint/pelvis_joint/spineLower_joint/spineMiddle_joint/spineUpper_joint/chest_joint/neck_joint/neck_twist_02_joint", "root_joint/pelvis_joint/spineLower_joint/spineMiddle_joint/spineUpper_joint/chest_joint/neck_joint/head_joint", "root_joint/pelvis_joint/spineLower_joint/spineMiddle_joint/spineUpper_joint/chest_joint/neck_joint/head_joint/head_tracker_target", "root_joint/pelvis_joint/spineLower_joint/spineMiddle_joint/spineUpper_joint/chest_joint/neck_joint/head_joint/eye_offset_right_joint", "root_joint/pelvis_joint/spineLower_joint/spineMiddle_joint/spineUpper_joint/chest_joint/neck_joint/head_joint/eye_offset_right_joint/eye_right_joint", "root_joint/pelvis_joint/spineLower_joint/spineMiddle_joint/spineUpper_joint/chest_joint/neck_joint/head_joint/eye_offset_left_joint", "root_joint/pelvis_joint/spineLower_joint/spineMiddle_joint/spineUpper_joint/chest_joint/neck_joint/head_joint/eye_offset_left_joint/eye_left_joint", "root_joint/pelvis_joint/spineLower_joint/spineMiddle_joint/spineUpper_joint/chest_joint/neck_joint/head_joint/head_socket", "root_joint/pelvis_joint/spineLower_joint/spineMiddle_joint/spineUpper_joint/chest_joint/clavicle_right_joint", "root_joint/pelvis_joint/spineLower_joint/spineMiddle_joint/spineUpper_joint/chest_joint/clavicle_right_joint/shoulder_right_joint", "root_joint/pelvis_joint/spineLower_joint/spineMiddle_joint/spineUpper_joint/chest_joint/clavicle_right_joint/shoulder_right_joint/elbow_right_joint", "root_joint/pelvis_joint/spineLower_joint/spineMiddle_joint/spineUpper_joint/chest_joint/clavicle_right_joint/shoulder_right_joint/elbow_right_joint/elbow_partial_right_joint", "root_joint/pelvis_joint/spineLower_joint/spineMiddle_joint/spineUpper_joint/chest_joint/clavicle_right_joint/shoulder_right_joint/elbow_right_joint/armLower_twist_01_right_joint", "root_joint/pelvis_joint/spineLower_joint/spineMiddle_joint/spineUpper_joint/chest_joint/clavicle_right_joint/shoulder_right_joint/elbow_right_joint/armLower_twist_02_right_joint", "root_joint/pelvis_joint/spineLower_joint/spineMiddle_joint/spineUpper_joint/chest_joint/clavicle_right_joint/shoulder_right_joint/elbow_right_joint/armLower_twist_03_right_joint", "root_joint/pelvis_joint/spineLower_joint/spineMiddle_joint/spineUpper_joint/chest_joint/clavicle_right_joint/shoulder_right_joint/elbow_right_joint/handWrist_right_joint", "root_joint/pelvis_joint/spineLower_joint/spineMiddle_joint/spineUpper_joint/chest_joint/clavicle_right_joint/shoulder_right_joint/elbow_right_joint/handWrist_right_joint/handIndexMeta_right_joint", "root_joint/pelvis_joint/spineLower_joint/spineMiddle_joint/spineUpper_joint/chest_joint/clavicle_right_joint/shoulder_right_joint/elbow_right_joint/handWrist_right_joint/handIndexMeta_right_joint/handIndex_00_right_joint", "root_joint/pelvis_joint/spineLower_joint/spineMiddle_joint/spineUpper_joint/chest_joint/clavicle_right_joint/shoulder_right_joint/elbow_right_joint/handWrist_right_joint/handIndexMeta_right_joint/handIndex_00_right_joint/handIndex_01_right_joint", "root_joint/pelvis_joint/spineLower_joint/spineMiddle_joint/spineUpper_joint/chest_joint/clavicle_right_joint/shoulder_right_joint/elbow_right_joint/handWrist_right_joint/handIndexMeta_right_joint/handIndex_00_right_joint/handIndex_01_right_joint/handIndex_02_right_joint", "root_joint/pelvis_joint/spineLower_joint/spineMiddle_joint/spineUpper_joint/chest_joint/clavicle_right_joint/shoulder_right_joint/elbow_right_joint/handWrist_right_joint/handMiddleMeta_right_joint", "root_joint/pelvis_joint/spineLower_joint/spineMiddle_joint/spineUpper_joint/chest_joint/clavicle_right_joint/shoulder_right_joint/elbow_right_joint/handWrist_right_joint/handMiddleMeta_right_joint/handMiddle_00_right_joint", "root_joint/pelvis_joint/spineLower_joint/spineMiddle_joint/spineUpper_joint/chest_joint/clavicle_right_joint/shoulder_right_joint/elbow_right_joint/handWrist_right_joint/handMiddleMeta_right_joint/handMiddle_00_right_joint/handMiddle_01_right_joint", "root_joint/pelvis_joint/spineLower_joint/spineMiddle_joint/spineUpper_joint/chest_joint/clavicle_right_joint/shoulder_right_joint/elbow_right_joint/handWrist_right_joint/handMiddleMeta_right_joint/handMiddle_00_right_joint/handMiddle_01_right_joint/handMiddle_02_right_joint", "root_joint/pelvis_joint/spineLower_joint/spineMiddle_joint/spineUpper_joint/chest_joint/clavicle_right_joint/shoulder_right_joint/elbow_right_joint/handWrist_right_joint/handWrist_partial_right_joint", "root_joint/pelvis_joint/spineLower_joint/spineMiddle_joint/spineUpper_joint/chest_joint/clavicle_right_joint/shoulder_right_joint/elbow_right_joint/handWrist_right_joint/handPinkyMeta_right_joint", "root_joint/pelvis_joint/spineLower_joint/spineMiddle_joint/spineUpper_joint/chest_joint/clavicle_right_joint/shoulder_right_joint/elbow_right_joint/handWrist_right_joint/handPinkyMeta_right_joint/handPinky_00_right_joint", "root_joint/pelvis_joint/spineLower_joint/spineMiddle_joint/spineUpper_joint/chest_joint/clavicle_right_joint/shoulder_right_joint/elbow_right_joint/handWrist_right_joint/handPinkyMeta_right_joint/handPinky_00_right_joint/handPinky_01_right_joint", "root_joint/pelvis_joint/spineLower_joint/spineMiddle_joint/spineUpper_joint/chest_joint/clavicle_right_joint/shoulder_right_joint/elbow_right_joint/handWrist_right_joint/handPinkyMeta_right_joint/handPinky_00_right_joint/handPinky_01_right_joint/handPinky_02_right_joint", "root_joint/pelvis_joint/spineLower_joint/spineMiddle_joint/spineUpper_joint/chest_joint/clavicle_right_joint/shoulder_right_joint/elbow_right_joint/handWrist_right_joint/handRingMeta_right_joint", "root_joint/pelvis_joint/spineLower_joint/spineMiddle_joint/spineUpper_joint/chest_joint/clavicle_right_joint/shoulder_right_joint/elbow_right_joint/handWrist_right_joint/handRingMeta_right_joint/handRing_00_right_joint", "root_joint/pelvis_joint/spineLower_joint/spineMiddle_joint/spineUpper_joint/chest_joint/clavicle_right_joint/shoulder_right_joint/elbow_right_joint/handWrist_right_joint/handRingMeta_right_joint/handRing_00_right_joint/handRing_01_right_joint", "root_joint/pelvis_joint/spineLower_joint/spineMiddle_joint/spineUpper_joint/chest_joint/clavicle_right_joint/shoulder_right_joint/elbow_right_joint/handWrist_right_joint/handRingMeta_right_joint/handRing_00_right_joint/handRing_01_right_joint/handRing_02_right_joint", "root_joint/pelvis_joint/spineLower_joint/spineMiddle_joint/spineUpper_joint/chest_joint/clavicle_right_joint/shoulder_right_joint/elbow_right_joint/handWrist_right_joint/handThumbMeta_right_joint", "root_joint/pelvis_joint/spineLower_joint/spineMiddle_joint/spineUpper_joint/chest_joint/clavicle_right_joint/shoulder_right_joint/elbow_right_joint/handWrist_right_joint/handThumbMeta_right_joint/handThumb_00_right_joint", "root_joint/pelvis_joint/spineLower_joint/spineMiddle_joint/spineUpper_joint/chest_joint/clavicle_right_joint/shoulder_right_joint/elbow_right_joint/handWrist_right_joint/handThumbMeta_right_joint/handThumb_00_right_joint/handThumb_01_right_joint", "root_joint/pelvis_joint/spineLower_joint/spineMiddle_joint/spineUpper_joint/chest_joint/clavicle_right_joint/shoulder_right_joint/elbow_right_joint/handWrist_right_joint/handThumbMeta_right_joint/handThumb_00_right_joint/handThumb_01_right_joint/handThumb_02_right_joint", "root_joint/pelvis_joint/spineLower_joint/spineMiddle_joint/spineUpper_joint/chest_joint/clavicle_right_joint/shoulder_right_joint/elbow_right_joint/handWrist_right_joint/hand_r_socket", "root_joint/pelvis_joint/spineLower_joint/spineMiddle_joint/spineUpper_joint/chest_joint/clavicle_right_joint/shoulder_right_joint/armUpper_twist_01_right_joint", "root_joint/pelvis_joint/spineLower_joint/spineMiddle_joint/spineUpper_joint/chest_joint/clavicle_right_joint/shoulder_right_joint/armUpper_twist_02_right_joint", "root_joint/pelvis_joint/spineLower_joint/spineMiddle_joint/spineUpper_joint/chest_joint/clavicle_right_joint/shoulder_right_joint/armUpper_twist_03_right_joint", "root_joint/pelvis_joint/spineLower_joint/spineMiddle_joint/spineUpper_joint/chest_joint/back_socket", "root_joint/pelvis_joint/hip_left_joint", "root_joint/pelvis_joint/hip_left_joint/knee_left_joint", "root_joint/pelvis_joint/hip_left_joint/knee_left_joint/footAnkle_left_joint", "root_joint/pelvis_joint/hip_left_joint/knee_left_joint/footAnkle_left_joint/footBall_left_joint", "root_joint/pelvis_joint/hip_left_joint/knee_left_joint/footAnkle_left_joint/footBall_left_joint/footToe_left_joint", "root_joint/pelvis_joint/hip_left_joint/knee_left_joint/footAnkle_left_joint/footAnkle_partial_left_joint", "root_joint/pelvis_joint/hip_left_joint/knee_left_joint/footAnkle_left_joint/foot_l_socket", "root_joint/pelvis_joint/hip_left_joint/knee_left_joint/knee_partial_left_joint", "root_joint/pelvis_joint/hip_left_joint/knee_left_joint/legLower_twist_01_left_joint", "root_joint/pelvis_joint/hip_left_joint/knee_left_joint/legLower_twist_02_left_joint", "root_joint/pelvis_joint/hip_left_joint/knee_left_joint/legLower_twist_03_left_joint", "root_joint/pelvis_joint/hip_left_joint/legUpper_twist_01_left_joint", "root_joint/pelvis_joint/hip_left_joint/legUpper_twist_02_left_joint", "root_joint/pelvis_joint/hip_left_joint/legUpper_twist_03_left_joint", "root_joint/pelvis_joint/hip_right_joint", "root_joint/pelvis_joint/hip_right_joint/knee_right_joint", "root_joint/pelvis_joint/hip_right_joint/knee_right_joint/footAnkle_right_joint", "root_joint/pelvis_joint/hip_right_joint/knee_right_joint/footAnkle_right_joint/footBall_right_joint", "root_joint/pelvis_joint/hip_right_joint/knee_right_joint/footAnkle_right_joint/footBall_right_joint/footToe_right_joint", "root_joint/pelvis_joint/hip_right_joint/knee_right_joint/footAnkle_right_joint/footAnkle_partial_right_joint", "root_joint/pelvis_joint/hip_right_joint/knee_right_joint/footAnkle_right_joint/foot_r_socket", "root_joint/pelvis_joint/hip_right_joint/knee_right_joint/knee_partial_right_joint", "root_joint/pelvis_joint/hip_right_joint/knee_right_joint/legLower_twist_01_right_joint", "root_joint/pelvis_joint/hip_right_joint/knee_right_joint/legLower_twist_02_right_joint", "root_joint/pelvis_joint/hip_right_joint/knee_right_joint/legLower_twist_03_right_joint", "root_joint/pelvis_joint/hip_right_joint/legUpper_twist_01_right_joint", "root_joint/pelvis_joint/hip_right_joint/legUpper_twist_02_right_joint", "root_joint/pelvis_joint/hip_right_joint/legUpper_twist_03_right_joint", "root_joint/pelvis_joint/hip_l_front_socket", "root_joint/pelvis_joint/hip_l_back_socket", "root_joint/pelvis_joint/hip_r_front_socket", "root_joint/pelvis_joint/hip_r_back_socket"]
        uniform matrix4d[] restTransforms = [( (1, 0, 0.00003612560612964444, 0), (0, 1, 0, 0), (-0.00003612560612964444, 0, 1, 0), (-5.283580780029297, 0, 23.178537368774414, 1) ), ( (0.0001804828643798828, 1, -0.000009059906005859375, 0), (0, 0.000009059906005859375, 1, 0), (1, -0.0001804828643798828, 0, 0), (0, 78.49406433105469, 1.3320274353027344, 1) ), ( (0.9998705983161926, -0.01609128713607788, 0.000012898740351374727, 0), (0.01609128899872303, 0.9998705387115479, 3.7207496461633127e-7, 0), (-0.000012903057722724043, -1.6447302186861634e-7, 1, 0), (1.235992431640625, -0.0000019073486328125, 0, 1) ), ( (0.9985276460647583, -0.05424376577138901, 0.000020133278667344712, 0), (0.05424376204609871, 0.9985277056694031, 0.000011349437954777386, 0), (-0.000020719267922686413, -0.000010240615665679798, 1, 0), (4.965827941894531, 0, 0, 1) ), ( (0.9998182058334351, -0.019064689055085182, 0.000020086572476429865, 0), (0.019064687192440033, 0.9998182058334351, 0.00004577211802825332, 0), (-0.000020955547370249406, -0.00004538085704552941, 1, 0), (3.5577239990234375, 0.000003814697265625, -4.76837158203125e-7, 1) ), ( (0.9999996423721313, -0.0010024167131632566, 0.000007627115337527357, 0), (0.0010024026269093156, 0.9999996423721313, 0.000015736079149064608, 0), (-0.000007642894161108416, -0.000015728428479633294, 1, 0), (6.670799255371094, -0.000003814697265625, 4.76837158203125e-7, 1) ), ( (-0.17050984501838684, -0.2597329616546631, 0.9505077600479126, 0), (-0.035850346088409424, 0.9656305313110352, 0.25743424892425537, 0), (-0.9847037196159363, 0.00981900654733181, -0.17396090924739838, 0), (9.821380615234375, 0.6122970581054688, 3.937248706817627, 1) ), ( (0.9566006064414978, 0.25720107555389404, -0.1369771659374237, 0), (-0.2556478679180145, 0.9663311839103699, 0.029118726029992104, 0), (0.13985460996627808, 0.007162907626479864, 0.9901458621025085, 0), (15.417960166931152, 0.000003814697265625, 0.00000762939453125, 1) ), ( (0.9889705181121826, 0.1481146216392517, 3.135288029199046e-9, 0), (-0.1481146514415741, 0.9889703989028931, 2.5237339329464703e-8, 0), (1.4396348113621116e-8, -7.481801844733127e-9, 1.000000238418579, 0), (33.5345573425293, -0.000003814697265625, -0.00000762939453125, 1) ), ( (0.9999997615814209, 4.917708196217063e-8, 1.0311875797697212e-7, 0), (6.04163972184324e-8, 0.9999998807907104, -3.344297638818716e-8, 0), (-8.875090173887656e-8, 1.3223695916053657e-8, 0.9999998211860657, 0), (-0.00000762939453125, 0.0000019073486328125, -0.00000762939453125, 1) ), ( (0.9999997615814209, 4.917708196217063e-8, 1.0311875797697212e-7, 0), (6.04163972184324e-8, 0.9999998807907104, -3.344297638818716e-8, 0), (-8.875090173887656e-8, 1.3223695916053657e-8, 0.9999998211860657, 0), (8.958721160888672, 0.0000019073486328125, 0, 1) ), ( (0.9999997615814209, 4.917708196217063e-8, 1.0311875797697212e-7, 0), (6.04163972184324e-8, 0.9999998807907104, -3.344297638818716e-8, 0), (-8.875090173887656e-8, 1.3223695916053657e-8, 0.9999998211860657, 0), (18.684772491455078, 0.0000019073486328125, 0, 1) ), ( (0.9999997615814209, 4.917708196217063e-8, 1.0311875797697212e-7, 0), (6.04163972184324e-8, 0.9999998807907104, -3.344297638818716e-8, 0), (-8.875090173887656e-8, 1.3223695916053657e-8, 0.9999998211860657, 0), (31.391895294189453, 0.0000057220458984375, -0.00000762939453125, 1) ), ( (0.9991078972816467, -0.023667611181735992, -0.034972306340932846, 0), (0.03496253117918968, -0.0008279006578959525, 0.9993881583213806, 0), (-0.023682208731770515, -0.9997193813323975, 3.721667951595009e-7, 0), (31.391895294189453, 0.0000057220458984375, -0.00000762939453125, 1) ), ( (0.9791540503501892, 0.11641570925712585, -0.1664460301399231, 0), (-0.11924467235803604, 0.992840051651001, -0.007070049177855253, 0), (0.1644311398267746, 0.026770468801259995, 0.9860253930091858, 0), (3.4891815185546875, 0.79931640625, -1.4824352264404297, 1) ), ( (0.9028768539428711, 0.34727707505226135, -0.253401517868042, 0), (-0.37365707755088806, 0.925417959690094, -0.06310005486011505, 0), (0.21258901059627533, 0.15165674686431885, 0.9653009176254272, 0), (6.327644348144531, -0.6727752685546875, 0.10214519500732422, 1) ), ( (0.9184545278549194, 0.3954603374004364, -0.007208369206637144, 0), (-0.39526423811912537, 0.9170301556587219, -0.05312177538871765, 0), (-0.014397255145013332, 0.05163897946476936, 0.9985623359680176, 0), (3.9013137817382812, -0.0000152587890625, -0.00000762939453125, 1) ), ( (0.989581823348999, 0.13626614212989807, 0.04647363722324371, 0), (-0.1343252956867218, 0.9900206327438354, -0.042610280215740204, 0), (-0.05181600898504257, 0.03592376038432121, 0.9980100393295288, 0), (2.5032196044921875, 0.0000457763671875, -0.0000019073486328125, 1) ), ( (0.9952194094657898, 0.09653500467538834, -0.01480274647474289, 0), (-0.09654591977596283, 0.9953286051750183, -0.000021925718101556413, 0), (0.014731480740010738, 0.0014509670436382294, 0.9998906254768372, 0), (3.6652908325195312, 0.5531845092773438, -0.2656116485595703, 1) ), ( (0.9055368304252625, 0.3977620601654053, 0.14760980010032654, 0), (-0.39969998598098755, 0.916477382183075, -0.017592385411262512, 0), (-0.14227859675884247, -0.043069060891866684, 0.988889217376709, 0), (6.0341644287109375, -0.7589263916015625, 0.16727256774902344, 1) ), ( (0.9225367903709412, 0.38590800762176514, -0.0006345494766719639, 0), (-0.38581031560897827, 0.9222632646560669, -0.02409365214407444, 0), (-0.008712655864655972, 0.022472120821475983, 0.9997094869613647, 0), (4.414451599121094, -0.0000152587890625, 0.0000019073486328125, 1) ), ( (0.9925525188446045, 0.12168730050325394, -0.00565580977126956, 0), (-0.12178676575422287, 0.9901562929153442, -0.06898325681686401, 0), (-0.002794337458908558, 0.06915830820798874, 0.9976017475128174, 0), (2.836284637451172, 0.0000457763671875, 0.0000019073486328125, 1) ), ( (1, 0.0000046294412641145755, -0.0000028667216156463837, 0), (-0.00000466483470518142, 1.000000238418579, -0.000022331381842377596, 0), (0.0000028561478302435717, 0.000022344300305121578, 1.000000238418579, 0), (-0.0873565673828125, 0.1177978515625, -0.010244369506835938, 1) ), ( (0.959937572479248, 0.09357526153326035, 0.26412826776504517, 0), (0.022653844207525253, 0.9135924577713013, -0.40599963068962097, 0), (-0.2792970836162567, 0.3957177996635437, 0.8748720288276672, 0), (3.4094085693359375, 1.0845718383789062, 2.3499412536621094, 1) ), ( (0.7184869050979614, 0.18648695945739746, 0.6700736284255981, 0), (-0.42252328991889954, 0.8822786808013916, 0.20750585198402405, 0), (-0.5524942278862, -0.43221211433410645, 0.7127006649971008, 0), (4.702995300292969, 0.00011444091796875, -0.0002288818359375, 1) ), ( (0.9457370638847351, 0.32005438208580017, 0.05609327182173729, 0), (-0.3136919140815735, 0.9443261027336121, -0.09922519326210022, 0), (-0.0847279280424118, 0.07624498009681702, 0.9934830069541931, 0), (3.1617002487182617, 0.0000152587890625, 0.000003814697265625, 1) ), ( (0.9685468673706055, 0.23010922968387604, -0.09469354897737503, 0), (-0.22865082323551178, 0.9731578230857849, 0.026123061776161194, 0), (0.0981631651520729, -0.0036496862303465605, 0.9951634407043457, 0), (2.093494415283203, -0.00002288818359375, 0, 1) ), ( (0.984512448310852, 0.12775513529777527, 0.12005749344825745, 0), (-0.12940287590026855, 0.9915741086006165, 0.005998113192617893, 0), (-0.11827963590621948, -0.02144099585711956, 0.992749035358429, 0), (3.6235809326171875, 0.726348876953125, 0.9747867584228516, 1) ), ( (0.8969676494598389, 0.35615208745002747, 0.2619253098964691, 0), (-0.30748867988586426, 0.9282681941986084, -0.20921026170253754, 0), (-0.3176474869251251, 0.10711578279733658, 0.9421391487121582, 0), (5.430580139160156, -0.6317214965820312, 0.16244125366210938, 1.0000001192092896) ), ( (0.9165853261947632, 0.39926478266716003, -0.021415356546640396, 0), (-0.3997940719127655, 0.914370059967041, -0.06396833062171936, 0), (-0.005958706606179476, 0.06719424575567245, 0.9977222084999084, 0), (4.011058807373047, -0.0000152587890625, -0.00000762939453125, 1) ), ( (0.9709989428520203, 0.23190058767795563, -0.058166857808828354, 0), (-0.2318197786808014, 0.9727240204811096, 0.008234080858528614, 0), (0.058489635586738586, 0.005488893017172813, 0.9982728362083435, 0), (2.7361087799072266, 0.00000762939453125, 0, 1) ), ( (0.09210573136806488, 0.400076299905777, -0.9118422269821167, 0), (0.4971318542957306, 0.774967610836029, 0.39023759961128235, 0), (0.8627725839614868, -0.48924902081489563, -0.12751181423664093, 0), (1.9696426391601562, 1.302276611328125, -1.084615707397461, 1) ), ( (0.9875950813293457, 0.1566760092973709, -0.010416205041110516, 0), (-0.13555780053138733, 0.8841966390609741, 0.44701290130615234, 0), (0.07924620062112808, -0.44005540013313293, 0.8944668173789978, 0), (2.568592071533203, -0.000003814697265625, 0, 1) ), ( (0.9883074164390564, -0.03872930258512497, 0.14747384190559387, 0), (0.06379899382591248, 0.9835024476051331, -0.1692691296339035, 0), (-0.13848519325256348, 0.17669856548309326, 0.9744740724563599, 0), (3.3456735610961914, -0.0000019073486328125, -0.00000762939453125, 1) ), ( (0.9671995639801025, -0.20207791030406952, -0.15391357243061066, 0), (0.2242346704006195, 0.9639033079147339, 0.1435617357492447, 0), (0.11934684216976166, -0.17336559295654297, 0.9775997996330261, 0), (3.477062702178955, -0.00000762939453125, 0, 1.0000001192092896) ), ( (0.9923008680343628, -0.0030129686929285526, 0.12381316721439362, 0), (0.006305214483290911, -0.9971787333488464, -0.07479842752218246, 0), (0.12368924915790558, 0.07500326633453369, -0.9894827008247375, 0), (4.8669891357421875, 1.1627197265625, -0.0208892822265625, 1) ), ( (1.0000001192092896, 6.819753650688654e-8, 5.960810511851378e-9, 0), (1.9488948233004066e-9, 1.0000001192092896, 5.387592594274793e-9, 0), (2.9325985195782778e-8, 7.382119360244133e-9, 1.000000238418579, 0), (9.715668678283691, -0.0000057220458984375, -0.00000762939453125, 1) ), ( (1.0000001192092896, 6.819753650688654e-8, 5.960810511851378e-9, 0), (1.9488948233004066e-9, 1.0000001192092896, 5.387592594274793e-9, 0), (2.9325985195782778e-8, 7.382119360244133e-9, 1.000000238418579, 0), (21.349609375, -0.0000019073486328125, -0.0000152587890625, 1) ), ( (1.0000001192092896, 6.819753650688654e-8, 5.960810511851378e-9, 0), (1.9488948233004066e-9, 1.0000001192092896, 5.387592594274793e-9, 0), (2.9325985195782778e-8, 7.382119360244133e-9, 1.000000238418579, 0), (33.5345573425293, -0.000003814697265625, -0.00000762939453125, 1) ), ( (0.9720286726951599, 0.23486216366291046, 0.0000555036349396687, 0), (-0.23486216366291046, 0.9720286726951599, 5.423679283467209e-8, 0), (-0.000053938412747811526, -0.000013088422747387085, 0.9999999403953552, 0), (12.447669982910156, -2.0695838928222656, -4.76837158203125e-7, 1) ), ( (1, -1.6592998974829243e-8, -5.4271776406267236e-8, 0), (4.253189089808984e-8, 1, 2.6285255216862424e-7, 0), (5.4269555960217986e-8, -2.6285920284863096e-7, 1.0000001192092896, 0), (8.419166564941406, -0.0000057220458984375, 0, 1) ), ( (1, -1.6592998974829243e-8, -5.4271776406267236e-8, 0), (4.253189089808984e-8, 1, 0.0000018203876379629946, 0), (5.4227378143423266e-8, -0.000001820396505536337, 1.0000001192092896, 0), (23.695701599121094, -0.000008106231689453125, 4.76837158203125e-7, 1) ), ( (0.9671227335929871, -0.25431036949157715, 0.000024689426936674863, 0), (0.25431039929389954, 0.9671227335929871, -0.00001870786218205467, 0), (-0.000019120161596219987, 0.00002437157127133105, 1.0000001192092896, 0), (23.695701599121094, -0.000008106231689453125, 4.76837158203125e-7, 1) ), ( (-0.0017046903958544135, -0.07132769376039505, 0.9974508285522461, 0), (0.9997134208679199, -0.023904206231236458, -2.681061062048684e-7, 0), (0.023843824863433838, 0.9971656799316406, 0.0713486596941948, 0), (12.34661865234375, 12.763805389404297, -4.76837158203125e-7, 1) ), ( (-8.536815698789724e-11, 0.0698605328798294, 0.9975570440292358, 0), (0.9997270703315735, -0.0233018696308136, 0.0016315877437591553, 0), (0.023358575999736786, 0.9972846508026123, -0.06984186172485352, 0), (12.34661865234375, 12.763805389404297, -6.970010280609131, 1) ), ( (0.9999999403953552, -5.890876675351819e-10, 5.58826451779737e-9, 0), (6.439221378329307e-10, 1.0000001192092896, 1.648016123567686e-8, 0), (6.320891809963314e-9, -8.004450435805666e-9, 1, 0), (9.5367431640625e-7, 0.0000152587890625, -0.000003814697265625, 1) ), ( (-2.3849881358728453e-7, -0.06986258178949356, 0.9975565075874329, 0), (0.9997269511222839, -0.023301366716623306, -0.0016315876273438334, 0), (0.02335827797651291, 0.9972842335700989, 0.06984353065490723, 0), (12.346633911132812, 12.763805389404297, 6.969813346862793, 1) ), ( (1, 4.276395237923225e-9, -9.824649538359154e-9, 0), (-5.038627293174613e-10, 1.0000001192092896, -6.849198541658552e-9, 0), (1.5963355082249109e-9, 1.4477859799910675e-8, 1.0000001192092896, 0), (0.0000022649765014648438, 0, -0.000003814697265625, 1) ), ( (0.0003267474821768701, 1.6118041346047107e-9, 0.9999998211860657, 0), (0.9939008355140686, 0.11027269810438156, -0.0003247549175284803, 0), (-0.11027269810438156, 0.9939011335372925, 0.00003603138247854076, 0), (43.42431640625, -0.000003814697265625, -0.0000019073486328125, 1) ), ( (0.17050960659980774, 0.25973302125930786, 0.950507640838623, 0), (0.035850416868925095, -0.9656302332878113, 0.2574341297149658, 0), (0.984703540802002, -0.009818860329687595, -0.1739605814218521, 0), (9.821128845214844, 0.6122970581054688, -3.937252998352051, 1) ), ( (0.9566009044647217, 0.25720131397247314, -0.13697712123394012, 0), (-0.25564783811569214, 0.9663315415382385, 0.029118698090314865, 0), (0.13985469937324524, 0.007162961643189192, 0.9901460409164429, 0), (-15.417913436889648, 0.00000762939453125, 0.0001220703125, 1) ), ( (0.9889701008796692, 0.14811451733112335, -4.16758574317555e-8, 0), (-0.14811457693576813, 0.988970160484314, 2.601601067908632e-8, 0), (-3.553347838192167e-8, -2.7526265711230735e-8, 1.0000001192092896, 0), (-33.534210205078125, 0.00002288818359375, 0.00043487548828125, 1) ), ( (0.9999999403953552, -3.353124711225064e-8, 8.568429876731898e-8, 0), (-4.245399765068214e-8, 0.9999998211860657, 1.1628729978951924e-8, 0), (-9.851111570924331e-8, -2.7939972113699696e-8, 0.9999999403953552, 0), (0, -0.0000019073486328125, -0.0000152587890625, 1) ), ( (0.9999999403953552, -3.353124711225064e-8, 8.568429876731898e-8, 0), (-4.245399765068214e-8, 0.9999998211860657, 1.1628729978951924e-8, 0), (-9.851111570924331e-8, -2.7939972113699696e-8, 0.9999999403953552, 0), (-8.959098815917969, 0.0000095367431640625, -0.00037384033203125, 1) ), ( (0.9999999403953552, -3.353124711225064e-8, 8.568429876731898e-8, 0), (-4.245399765068214e-8, 0.9999998211860657, 1.1628729978951924e-8, 0), (-9.851111570924331e-8, -2.7939972113699696e-8, 0.9999999403953552, 0), (-18.68470001220703, -0.0000095367431640625, 0.000030517578125, 1) ), ( (0.9999999403953552, -3.353124711225064e-8, 8.568429876731898e-8, 0), (-4.245399765068214e-8, 0.9999998211860657, 1.1628729978951924e-8, 0), (-9.851111570924331e-8, -2.7939972113699696e-8, 0.9999999403953552, 0), (-31.39191436767578, -0.00000762939453125, -0.00009918212890625, 1) ), ( (0.9991080164909363, -0.023667652159929276, -0.03497232496738434, 0), (0.03496253490447998, -0.0008279256871901453, 0.9993882775306702, 0), (-0.023682057857513428, -0.9997194409370422, 3.5586566582423984e-7, 0), (-31.39191436767578, -0.00000762939453125, -0.00009918212890625, 1) ), ( (0.9791541695594788, 0.11641571670770645, -0.1664460301399231, 0), (-0.11924466490745544, 0.9928396940231323, -0.007070081774145365, 0), (0.16443096101284027, 0.02677047625184059, 0.9860252141952515, 0), (-3.4893798828125, -0.7995071411132812, 1.4824237823486328, 1) ), ( (0.9028768539428711, 0.3472772240638733, -0.2534014880657196, 0), (-0.3736571669578552, 0.9254183173179626, -0.06310006976127625, 0), (0.2125893384218216, 0.15165673196315765, 0.9653010964393616, 0), (-6.32763671875, 0.6727294921875, -0.10213565826416016, 1) ), ( (0.918454647064209, 0.395460307598114, -0.007208359893411398, 0), (-0.39526402950286865, 0.9170302152633667, -0.05312167480587959, 0), (-0.014397202990949154, 0.051639094948768616, 0.9985618591308594, 0), (-3.901325225830078, 0.0000457763671875, 0.0000057220458984375, 1) ), ( (0.9895816445350647, 0.1362663358449936, 0.046473514288663864, 0), (-0.13432548940181732, 0.9900205731391907, -0.042610302567481995, 0), (-0.0518161803483963, 0.035923853516578674, 0.998010516166687, 0), (-2.50321626663208, -0.0000152587890625, -0.0000171661376953125, 1) ), ( (0.9952195286750793, 0.09653499722480774, -0.014802682213485241, 0), (-0.09654588252305984, 0.9953284859657288, -0.00002196707828261424, 0), (0.014731436036527157, 0.001450963201932609, 0.9998903870582581, 0), (-3.6655502319335938, -0.5533447265625, 0.26560020446777344, 1) ), ( (0.9055365920066833, 0.39776211977005005, 0.14760975539684296, 0), (-0.39969998598098755, 0.9164772629737854, -0.01759234443306923, 0), (-0.14227861166000366, -0.04306905344128609, 0.9888895153999329, 0), (-6.03411865234375, 0.7589263916015625, -0.167266845703125, 1) ), ( (0.9225370287895203, 0.3859080374240875, -0.0006345946458168328, 0), (-0.38581016659736633, 0.9222637414932251, -0.024093663319945335, 0), (-0.008712707087397575, 0.022472120821475983, 0.9997092485427856, 0), (-4.414394378662109, -0.000030517578125, -0.0000019073486328125, 1) ), ( (0.9925525188446045, 0.12168731540441513, -0.005655781365931034, 0), (-0.12178684771060944, 0.9901561141014099, -0.0689832866191864, 0), (-0.002794327214360237, 0.06915829330682755, 0.9976019859313965, 0), (-2.8363590240478516, 0, 0.000003814697265625, 1) ), ( (0.9999998807907104, -2.346475014292082e-7, -1.9072521340035564e-10, 0), (2.3030274576285592e-7, 1, 0.0000229211691475939, 0), (-4.946899778701663e-8, -0.00002295097874593921, 1, 0), (0.08737945556640625, -0.1177825927734375, 0.010240554809570312, 1) ), ( (0.9599375128746033, 0.09357526898384094, 0.2641282379627228, 0), (0.022653887048363686, 0.9135925769805908, -0.40599963068962097, 0), (-0.2792971134185791, 0.39571768045425415, 0.8748716711997986, 0), (-3.4096145629882812, -1.0847396850585938, -2.3499488830566406, 1) ), ( (0.718487024307251, 0.18648694455623627, 0.6700738668441772, 0), (-0.4225233793258667, 0.8822781443595886, 0.2075057476758957, 0), (-0.5524942874908447, -0.4322119653224945, 0.7127010822296143, 0), (-4.7030181884765625, -0.000091552734375, 0.000244140625, 1) ), ( (0.9457372426986694, 0.3200542628765106, 0.056093208491802216, 0), (-0.313691645860672, 0.9443264007568359, -0.09922527521848679, 0), (-0.08472803980112076, 0.07624494284391403, 0.9934824705123901, 0), (-3.1617212295532227, -0.000030517578125, -0.00000762939453125, 1) ), ( (0.9685468077659607, 0.23010964691638947, -0.09469344466924667, 0), (-0.2286510318517685, 0.9731577634811401, 0.026123160496354103, 0), (0.09816306084394455, -0.0036497313994914293, 0.9951640963554382, 0), (-2.093463897705078, -0.00002288818359375, -0.0000152587890625, 1) ), ( (0.984512448310852, 0.1277550756931305, 0.12005749344825745, 0), (-0.12940284609794617, 0.9915739297866821, 0.005998085252940655, 0), (-0.11827968060970306, -0.021441001445055008, 0.9927487969398499, 0), (-3.6238479614257812, -0.7265548706054688, -0.9747962951660156, 1) ), ( (0.8969676494598389, 0.35615211725234985, 0.2619253098964691, 0), (-0.30748873949050903, 0.9282680749893188, -0.20921027660369873, 0), (-0.3176475465297699, 0.10711576789617538, 0.9421392679214478, 0), (-5.430580139160156, 0.6316680908203125, -0.16245269775390625, 1) ), ( (0.9165857434272766, 0.3992648720741272, -0.02141542173922062, 0), (-0.39979398250579834, 0.9143702387809753, -0.06396838277578354, 0), (-0.005958611611276865, 0.06719426810741425, 0.9977220892906189, 0), (-4.011016845703125, 0.00002288818359375, 0.0000152587890625, 1) ), ( (0.9709984064102173, 0.2319009155035019, -0.05816660076379776, 0), (-0.23181979358196259, 0.9727237820625305, 0.008234060369431973, 0), (0.05848956108093262, 0.005488772876560688, 0.9982731938362122, 0), (-2.7360973358154297, 0.00000762939453125, -0.0000152587890625, 1) ), ( (0.09210579097270966, 0.4000762403011322, -0.9118419885635376, 0), (0.49713194370269775, 0.7749674916267395, 0.3902375102043152, 0), (0.8627727031707764, -0.4892489016056061, -0.12751168012619019, 0), (-1.9698562622070312, -1.3024444580078125, 1.0846023559570312, 1) ), ( (0.9875952005386353, 0.1566760241985321, -0.010416246950626373, 0), (-0.13555771112442017, 0.8841965198516846, 0.4470127820968628, 0), (0.07924622297286987, -0.4400556683540344, 0.8944668769836426, 0), (-2.568631172180176, -0.0000762939453125, 0.0000457763671875, 1) ), ( (0.9883073568344116, -0.03872918710112572, 0.14747369289398193, 0), (0.06379897892475128, 0.9835028052330017, -0.16926926374435425, 0), (-0.1384851485490799, 0.17669861018657684, 0.9744739532470703, 0), (-3.345658302307129, 0.000019073486328125, 0.0000152587890625, 1) ), ( (0.9671996235847473, -0.202078178524971, -0.15391327440738678, 0), (0.22423473000526428, 0.9639028906822205, 0.14356186985969543, 0), (0.119346983730793, -0.17336514592170715, 0.9775993824005127, 0), (-3.4770889282226562, -0.000029087066650390625, -0.0001068115234375, 0.9999998807907104) ), ( (0.9922897219657898, -0.0025243612471967936, 0.12391495704650879, 0), (-0.006796445231884718, 0.9971800446510315, 0.07473691552877426, 0), (-0.12375423312187195, -0.07500293850898743, 0.9894744753837585, 0), (-4.859870910644531, -2.1595230102539062, -0.05376625061035156, 1) ), ( (0.9999998807907104, -1.4317898866522683e-8, -5.2215138879319056e-8, 0), (-5.291420990261031e-8, 0.9999998211860657, 1.086177636722141e-8, 0), (-2.0617592966232223e-8, -2.009430666305434e-8, 1.0000001192092896, 0), (-9.715261459350586, 0.0000171661376953125, 0.00035858154296875, 1) ), ( (0.9999998807907104, -1.4317898866522683e-8, -5.2215138879319056e-8, 0), (-5.291420990261031e-8, 0.9999998211860657, 1.086177636722141e-8, 0), (-2.0617592966232223e-8, -2.009430666305434e-8, 1.0000001192092896, 0), (-21.349639892578125, 0.000003814697265625, 0.00006103515625, 1) ), ( (0.9999998807907104, -1.4317898866522683e-8, -5.2215138879319056e-8, 0), (-5.291420990261031e-8, 0.9999998211860657, 1.086177636722141e-8, 0), (-2.0617592966232223e-8, -2.009430666305434e-8, 1.0000001192092896, 0), (-33.534210205078125, 0.00002288818359375, 0.00043487548828125, 1) ), ( (0.0002483940916135907, 1.6157151172535578e-9, 0.9999998807907104, 0), (0.995913028717041, 0.09031645953655243, -0.00024737915373407304, 0), (-0.09031643718481064, 0.9959130883216858, 0.00002243408016511239, 0), (0, -64.88394165039062, 0, 1) ), ( (-0.9993916153907776, 0.03470611944794655, 0.0034885478671640158, 0), (-0.03470591455698013, -0.9993976354598999, 0.00012114692071918398, 0), (0.003490650560706854, 0, 0.9999939799308777, 0), (-8.446701049804688, -1.1566944122314453, 19.678380966186523, 1) ), ( (0.9977500438690186, 0.06704387813806534, 5.580847450836757e-10, 0), (-0.06704387813806534, 0.9977501034736633, -1.2330526877324388e-10, 0), (-1.3850461888509358e-9, 7.06115027560017e-11, 1, 0), (23.990291595458984, -0.000003814697265625, -0.00000476837158203125, 1) ), ( (0.9955194592475891, 0.03876812011003494, 0.08624333888292313, 0), (0.021050775423645973, -0.9800630211830139, 0.19756613671779633, 0), (0.09218322485685349, -0.19486546516418457, -0.9764879941940308, 0), (18.561370849609375, 0.000003814697265625, 0.0000019073486328125, 1) ), ( (-0.000014334374100144487, 0.9999999403953552, -0.0000010267108336847741, 0), (0.9999998807907104, 0.000014375138562172651, 2.522576814101285e-9, 0), (4.653092133821701e-9, -0.0000010100659437739523, -1.0000001192092896, 0), (3.6127967834472656, 8.598943710327148, -0.00000286102294921875, 0.9999999403953552) ), ( (1, 1.897114998428151e-8, 0.0000010925716651399853, 0), (-6.351099646195735e-9, 1.0000001192092896, -3.0391436212084955e-7, 0), (-0.0000010516864676901605, 3.1336577421825496e-7, 0.9999999403953552, 0), (2.5664100646972656, -0.000003814697265625, -0.000003814697265625, 1.0000001192092896) ), ( (0.9999972581863403, -0.002344064647331834, 0.0000023979789602890378, 0), (0.0023440534714609385, 0.9999971389770508, 4.3178621922379534e-7, 0), (-0.0000023874290491221473, -4.681957648244861e-7, 1, 0), (0.0000019073486328125, -0.0000019073486328125, -9.5367431640625e-7, 0.9999999403953552) ), ( (0.10398238897323608, -0.0436878502368927, -0.9936196804046631, 0), (-0.9934520721435547, -0.05210660770535469, -0.10167384892702103, 0), (-0.04733222723007202, 0.9976857900619507, -0.04882000759243965, 0), (3.811786651611328, 4.404653549194336, 0.20523738861083984, 0.9999999403953552) ), ( (0.9999957084655762, -0.0029237677808851004, -0.0000012601611842910643, 0), (0.0029237684793770313, 0.9999956488609314, 6.379855790328293e-7, 0), (0.0000012587590845214436, -6.416603923753428e-7, 1, 0), (-0.000553131103515625, 0.00000762939453125, 0.0000095367431640625, 1) ), ( (0.9999999403953552, 3.61429286499515e-9, -0.0000015370513892776216, 0), (-1.1129338872706285e-7, 0.9978158473968506, -0.06605634838342667, 0), (0.0000015341256585088558, 0.06605634838342667, 0.9978158473968506, 0), (8.40316390991211, 0.026342391967773438, 0.03276252746582031, 1) ), ( (0.9999999403953552, 3.61429286499515e-9, -0.000004034858648083173, 0), (-5.351349159354868e-7, 0.9912731051445007, -0.13182413578033447, 0), (0.000003997994099336211, 0.13182413578033447, 0.991273045539856, 0), (13.48226547241211, 0.02634429931640625, 0.03276348114013672, 1) ), ( (0.9999999403953552, 3.61429286499515e-9, -0.000004817169610760175, 0), (-9.573788020134089e-7, 0.9800036549568176, -0.19897955656051636, 0), (0.000004719548087450676, 0.19897955656051636, 0.9800037145614624, 0), (18.56137466430664, 0.026346206665039062, 0.03276348114013672, 1) ), ( (1, -2.9339375373638177e-9, -0.0000011506339205880067, 0), (-3.3470328730800247e-9, 1.0000001192092896, 4.2653303466977377e-7, 0), (0.000001150093112300965, -4.2653601894926396e-7, 1, 0), (3.4740371704101562, -0.029148101806640625, 0.06552696228027344, 1) ), ( (1, -2.9339375373638177e-9, -0.0000030004730433574878, 0), (-3.3470328730800247e-9, 1.0000001192092896, 1.857840704194702e-12, 0), (0.000002999966909555951, -1.1449879672859042e-12, 1, 0), (11.71938705444336, -0.029148101806640625, 0.06553077697753906, 1) ), ( (1, -2.9339375373638177e-9, -0.0000026905754566541873, 0), (-3.3470328730800247e-9, 1.0000001192092896, 0.0000012723194231512025, 0), (0.0000026900477223534836, -0.000001272304530175461, 1, 0), (22.321693420410156, -0.014577865600585938, 0.03276252746582031, 1) ), ( (0.999391496181488, -0.03470611944794655, 0.003488547168672085, 0), (0.034705910831689835, 0.9993975758552551, 0.0001211469279951416, 0), (-0.00349065032787621, 0, 0.9999939203262329, 0), (-8.44671630859375, -1.1566944122314453, -19.67837905883789, 1) ), ( (0.9977499842643738, 0.06704387068748474, 1.5623252691554512e-9, 0), (-0.06704387813806534, 0.9977499842643738, -2.06651182277362e-10, 0), (-1.3003772503239475e-9, 7.089019649075823e-11, 0.9999999403953552, 0), (-23.99028778076172, 0.0000019073486328125, -0.00000762939453125, 1) ), ( (0.9955195188522339, 0.03876812383532524, 0.08624335378408432, 0), (0.021050764247775078, -0.9800631403923035, 0.1975661814212799, 0), (0.09218323975801468, -0.19486549496650696, -0.9764882922172546, 0), (-18.56136131286621, -0.0000019073486328125, 0.00000762939453125, 1) ), ( (-0.000014325340089271776, 1, -0.000001010460550787684, 0), (1, 0.000014370117241924163, 2.5172372630777318e-8, 0), (5.5999205272883046e-9, -0.0000010244776831314084, -1, 0), (-3.6127891540527344, -8.598945617675781, 0, 1) ), ( (1, 1.0887468704368075e-8, 1.765541668419246e-8, 0), (-3.621380528784357e-9, 1, 3.586004595490522e-7, 0), (-2.6033887934318045e-8, -3.5220170957472874e-7, 0.9999999403953552, 0), (-2.566375732421875, -0.0000171661376953125, 0, 1) ), ( (0.9999974966049194, -0.0023440676741302013, 0.0000024227927042375086, 0), (0.0023440783843398094, 0.9999972581863403, 4.509585949108441e-7, 0), (-0.000002388367647654377, -4.388650438613695e-7, 0.9999999403953552, 0), (0.0000019073486328125, -0.0000019073486328125, -0.0000019073486328125, 1) ), ( (0.1043384000658989, -0.04383751377463341, -0.9935755133628845, 0), (0.9934199452400208, 0.05203525349497795, 0.10202621668577194, 0), (0.047228358685970306, -0.997683048248291, 0.04897822439670563, 0), (-3.8113460540771484, -4.40449333190918, -0.20591163635253906, 1) ), ( (0.9999958276748657, -0.0029237682465463877, -0.0000012607598591785063, 0), (0.0029237756971269846, 0.9999958276748657, 6.383987170011096e-7, 0), (0.000001258926317859732, -6.420452223210305e-7, 1.0000001192092896, 0), (0.00054168701171875, -0.0000057220458984375, 0.0000019073486328125, 1) ), ( (1.0000001192092896, 1.8205008611715812e-9, 2.2671269306329123e-9, 0), (7.387835232464113e-9, 0.9978159666061401, -0.06605635583400726, 0), (-1.5133125863542318e-9, 0.06605635583400726, 0.9978160262107849, 0), (-8.403144836425781, -0.026342391967773438, -0.03275489807128906, 1) ), ( (1.0000001192092896, -5.62617685773148e-9, -2.9427954517657895e-10, 0), (4.877271031489272e-9, 0.9912732243537903, -0.13182415068149567, 0), (1.345902167493307e-9, 0.13182415068149567, 0.9912732839584351, 0), (-13.482250213623047, -0.026342391967773438, -0.03275299072265625, 1) ), ( (1.0000001192092896, -5.62617685773148e-9, 2.266857590527138e-9, 0), (4.493339478273128e-9, 0.9800037741661072, -0.19897961616516113, 0), (-3.968613215832306e-10, 0.19897961616516113, 0.9800037741661072, 0), (-18.561365127563477, -0.02634429931640625, -0.03275108337402344, 1) ), ( (0.9999999403953552, 2.707833957060757e-9, 3.037421980600641e-10, 0), (2.2947688194108196e-9, 0.9999999403953552, 4.266855171408679e-7, 0), (1.1941619568189843e-11, -4.267088229426008e-7, 0.9999999403953552, 0), (-3.47406005859375, 0.029148101806640625, -0.0655364990234375, 1) ), ( (0.9999999403953552, 2.707833957060757e-9, 3.037421980600641e-10, 0), (-1.4305214790510945e-9, 0.9999999403953552, 1.530914284231244e-12, 0), (9.997840749731424e-11, 1.8409696510290896e-12, 0.9999999403953552, 0), (-11.719413757324219, 0.029148101806640625, -0.06553840637207031, 1) ), ( (0.9999999403953552, 2.707833957060757e-9, 3.037421980600641e-10, 0), (2.2947688194108196e-9, 0.9999999403953552, 0.0000012723663758151815, 0), (3.2778706832159443e-11, -0.0000012723713780360413, 0.9999999403953552, 0), (-22.321697235107422, 0.01457977294921875, -0.03277015686035156, 1) ), ( (0.00018048318452201784, -0.000036123972677160054, 1, 0), (1, 0.000009059906005859375, -0.0001804828643798828, 0), (-0.000009053385838342365, 1, 0.00003612723958212882, 0), (0, 8.835809707641602, 8.149654388427734, 1) ), ( (0.00018048318452201784, -0.000036123972677160054, 1, 0), (1, 0.000009059906005859375, -0.0001804828643798828, 0), (-0.000009053385838342365, 1, 0.00003612723958212882, 0), (0, -72.7249526977539, 41.163490295410156, 1) ), ( (0.00018048318452201784, -0.000036123972677160054, 1, 0), (1, 0.000009059906005859375, -0.0001804828643798828, 0), (-0.000009053385838342365, 1, 0.00003612723958212882, 0), (0, 7.924928665161133, -7.309504508972168, 1) ), ( (0.00018048318452201784, -0.000036123972677160054, 1, 0), (1, 0.000009059906005859375, -0.0001804828643798828, 0), (-0.000009053385838342365, 1, 0.00003612723958212882, 0), (0, -69.67195892333984, -39.435447692871094, 1) )]
        rel skel:animationSource = </SkelRoot/Skeleton/Animation>

        def SkelAnimation "Animation"
        {
            uniform token[] joints = ["root_joint", "root_joint/pelvis_joint", "root_joint/pelvis_joint/spineLower_joint", "root_joint/pelvis_joint/spineLower_joint/spineMiddle_joint", "root_joint/pelvis_joint/spineLower_joint/spineMiddle_joint/spineUpper_joint", "root_joint/pelvis_joint/spineLower_joint/spineMiddle_joint/spineUpper_joint/chest_joint", "root_joint/pelvis_joint/spineLower_joint/spineMiddle_joint/spineUpper_joint/chest_joint/clavicle_left_joint", "root_joint/pelvis_joint/spineLower_joint/spineMiddle_joint/spineUpper_joint/chest_joint/clavicle_left_joint/shoulder_left_joint", "root_joint/pelvis_joint/spineLower_joint/spineMiddle_joint/spineUpper_joint/chest_joint/clavicle_left_joint/shoulder_left_joint/elbow_left_joint", "root_joint/pelvis_joint/spineLower_joint/spineMiddle_joint/spineUpper_joint/chest_joint/clavicle_left_joint/shoulder_left_joint/elbow_left_joint/elbow_partial_left_joint", "root_joint/pelvis_joint/spineLower_joint/spineMiddle_joint/spineUpper_joint/chest_joint/clavicle_left_joint/shoulder_left_joint/elbow_left_joint/armLower_twist_01_left_joint", "root_joint/pelvis_joint/spineLower_joint/spineMiddle_joint/spineUpper_joint/chest_joint/clavicle_left_joint/shoulder_left_joint/elbow_left_joint/armLower_twist_02_left_joint", "root_joint/pelvis_joint/spineLower_joint/spineMiddle_joint/spineUpper_joint/chest_joint/clavicle_left_joint/shoulder_left_joint/elbow_left_joint/armLower_twist_03_left_joint", "root_joint/pelvis_joint/spineLower_joint/spineMiddle_joint/spineUpper_joint/chest_joint/clavicle_left_joint/shoulder_left_joint/elbow_left_joint/handWrist_left_joint", "root_joint/pelvis_joint/spineLower_joint/spineMiddle_joint/spineUpper_joint/chest_joint/clavicle_left_joint/shoulder_left_joint/elbow_left_joint/handWrist_left_joint/handIndexMeta_left_joint", "root_joint/pelvis_joint/spineLower_joint/spineMiddle_joint/spineUpper_joint/chest_joint/clavicle_left_joint/shoulder_left_joint/elbow_left_joint/handWrist_left_joint/handIndexMeta_left_joint/handIndex_00_left_joint", "root_joint/pelvis_joint/spineLower_joint/spineMiddle_joint/spineUpper_joint/chest_joint/clavicle_left_joint/shoulder_left_joint/elbow_left_joint/handWrist_left_joint/handIndexMeta_left_joint/handIndex_00_left_joint/handIndex_01_left_joint", "root_joint/pelvis_joint/spineLower_joint/spineMiddle_joint/spineUpper_joint/chest_joint/clavicle_left_joint/shoulder_left_joint/elbow_left_joint/handWrist_left_joint/handIndexMeta_left_joint/handIndex_00_left_joint/handIndex_01_left_joint/handIndex_02_left_joint", "root_joint/pelvis_joint/spineLower_joint/spineMiddle_joint/spineUpper_joint/chest_joint/clavicle_left_joint/shoulder_left_joint/elbow_left_joint/handWrist_left_joint/handMiddleMeta_left_joint", "root_joint/pelvis_joint/spineLower_joint/spineMiddle_joint/spineUpper_joint/chest_joint/clavicle_left_joint/shoulder_left_joint/elbow_left_joint/handWrist_left_joint/handMiddleMeta_left_joint/handMiddle_00_left_joint", "root_joint/pelvis_joint/spineLower_joint/spineMiddle_joint/spineUpper_joint/chest_joint/clavicle_left_joint/shoulder_left_joint/elbow_left_joint/handWrist_left_joint/handMiddleMeta_left_joint/handMiddle_00_left_joint/handMiddle_01_left_joint", "root_joint/pelvis_joint/spineLower_joint/spineMiddle_joint/spineUpper_joint/chest_joint/clavicle_left_joint/shoulder_left_joint/elbow_left_joint/handWrist_left_joint/handMiddleMeta_left_joint/handMiddle_00_left_joint/handMiddle_01_left_joint/handMiddle_02_left_joint", "root_joint/pelvis_joint/spineLower_joint/spineMiddle_joint/spineUpper_joint/chest_joint/clavicle_left_joint/shoulder_left_joint/elbow_left_joint/handWrist_left_joint/handWrist_partial_left_joint", "root_joint/pelvis_joint/spineLower_joint/spineMiddle_joint/spineUpper_joint/chest_joint/clavicle_left_joint/shoulder_left_joint/elbow_left_joint/handWrist_left_joint/handPinkyMeta_left_joint", "root_joint/pelvis_joint/spineLower_joint/spineMiddle_joint/spineUpper_joint/chest_joint/clavicle_left_joint/shoulder_left_joint/elbow_left_joint/handWrist_left_joint/handPinkyMeta_left_joint/handPinky_00_left_joint", "root_joint/pelvis_joint/spineLower_joint/spineMiddle_joint/spineUpper_joint/chest_joint/clavicle_left_joint/shoulder_left_joint/elbow_left_joint/handWrist_left_joint/handPinkyMeta_left_joint/handPinky_00_left_joint/handPinky_01_left_joint", "root_joint/pelvis_joint/spineLower_joint/spineMiddle_joint/spineUpper_joint/chest_joint/clavicle_left_joint/shoulder_left_joint/elbow_left_joint/handWrist_left_joint/handPinkyMeta_left_joint/handPinky_00_left_joint/handPinky_01_left_joint/handPinky_02_left_joint", "root_joint/pelvis_joint/spineLower_joint/spineMiddle_joint/spineUpper_joint/chest_joint/clavicle_left_joint/shoulder_left_joint/elbow_left_joint/handWrist_left_joint/handRingMeta_left_joint", "root_joint/pelvis_joint/spineLower_joint/spineMiddle_joint/spineUpper_joint/chest_joint/clavicle_left_joint/shoulder_left_joint/elbow_left_joint/handWrist_left_joint/handRingMeta_left_joint/handRing_00_left_joint", "root_joint/pelvis_joint/spineLower_joint/spineMiddle_joint/spineUpper_joint/chest_joint/clavicle_left_joint/shoulder_left_joint/elbow_left_joint/handWrist_left_joint/handRingMeta_left_joint/handRing_00_left_joint/handRing_01_left_joint", "root_joint/pelvis_joint/spineLower_joint/spineMiddle_joint/spineUpper_joint/chest_joint/clavicle_left_joint/shoulder_left_joint/elbow_left_joint/handWrist_left_joint/handRingMeta_left_joint/handRing_00_left_joint/handRing_01_left_joint/handRing_02_left_joint", "root_joint/pelvis_joint/spineLower_joint/spineMiddle_joint/spineUpper_joint/chest_joint/clavicle_left_joint/shoulder_left_joint/elbow_left_joint/handWrist_left_joint/handThumbMeta_left_joint", "root_joint/pelvis_joint/spineLower_joint/spineMiddle_joint/spineUpper_joint/chest_joint/clavicle_left_joint/shoulder_left_joint/elbow_left_joint/handWrist_left_joint/handThumbMeta_left_joint/handThumb_00_left_joint", "root_joint/pelvis_joint/spineLower_joint/spineMiddle_joint/spineUpper_joint/chest_joint/clavicle_left_joint/shoulder_left_joint/elbow_left_joint/handWrist_left_joint/handThumbMeta_left_joint/handThumb_00_left_joint/handThumb_01_left_joint", "root_joint/pelvis_joint/spineLower_joint/spineMiddle_joint/spineUpper_joint/chest_joint/clavicle_left_joint/shoulder_left_joint/elbow_left_joint/handWrist_left_joint/handThumbMeta_left_joint/handThumb_00_left_joint/handThumb_01_left_joint/handThumb_02_left_joint", "root_joint/pelvis_joint/spineLower_joint/spineMiddle_joint/spineUpper_joint/chest_joint/clavicle_left_joint/shoulder_left_joint/elbow_left_joint/handWrist_left_joint/hand_l_socket", "root_joint/pelvis_joint/spineLower_joint/spineMiddle_joint/spineUpper_joint/chest_joint/clavicle_left_joint/shoulder_left_joint/armUpper_twist_01_left_joint", "root_joint/pelvis_joint/spineLower_joint/spineMiddle_joint/spineUpper_joint/chest_joint/clavicle_left_joint/shoulder_left_joint/armUpper_twist_02_left_joint", "root_joint/pelvis_joint/spineLower_joint/spineMiddle_joint/spineUpper_joint/chest_joint/clavicle_left_joint/shoulder_left_joint/armUpper_twist_03_left_joint", "root_joint/pelvis_joint/spineLower_joint/spineMiddle_joint/spineUpper_joint/chest_joint/neck_joint", "root_joint/pelvis_joint/spineLower_joint/spineMiddle_joint/spineUpper_joint/chest_joint/neck_joint/neck_twist_01_joint", "root_joint/pelvis_joint/spineLower_joint/spineMiddle_joint/spineUpper_joint/chest_joint/neck_joint/neck_twist_02_joint", "root_joint/pelvis_joint/spineLower_joint/spineMiddle_joint/spineUpper_joint/chest_joint/neck_joint/head_joint", "root_joint/pelvis_joint/spineLower_joint/spineMiddle_joint/spineUpper_joint/chest_joint/neck_joint/head_joint/head_tracker_target", "root_joint/pelvis_joint/spineLower_joint/spineMiddle_joint/spineUpper_joint/chest_joint/neck_joint/head_joint/eye_offset_right_joint", "root_joint/pelvis_joint/spineLower_joint/spineMiddle_joint/spineUpper_joint/chest_joint/neck_joint/head_joint/eye_offset_right_joint/eye_right_joint", "root_joint/pelvis_joint/spineLower_joint/spineMiddle_joint/spineUpper_joint/chest_joint/neck_joint/head_joint/eye_offset_left_joint", "root_joint/pelvis_joint/spineLower_joint/spineMiddle_joint/spineUpper_joint/chest_joint/neck_joint/head_joint/eye_offset_left_joint/eye_left_joint", "root_joint/pelvis_joint/spineLower_joint/spineMiddle_joint/spineUpper_joint/chest_joint/neck_joint/head_joint/head_socket", "root_joint/pelvis_joint/spineLower_joint/spineMiddle_joint/spineUpper_joint/chest_joint/clavicle_right_joint", "root_joint/pelvis_joint/spineLower_joint/spineMiddle_joint/spineUpper_joint/chest_joint/clavicle_right_joint/shoulder_right_joint", "root_joint/pelvis_joint/spineLower_joint/spineMiddle_joint/spineUpper_joint/chest_joint/clavicle_right_joint/shoulder_right_joint/elbow_right_joint", "root_joint/pelvis_joint/spineLower_joint/spineMiddle_joint/spineUpper_joint/chest_joint/clavicle_right_joint/shoulder_right_joint/elbow_right_joint/elbow_partial_right_joint", "root_joint/pelvis_joint/spineLower_joint/spineMiddle_joint/spineUpper_joint/chest_joint/clavicle_right_joint/shoulder_right_joint/elbow_right_joint/armLower_twist_01_right_joint", "root_joint/pelvis_joint/spineLower_joint/spineMiddle_joint/spineUpper_joint/chest_joint/clavicle_right_joint/shoulder_right_joint/elbow_right_joint/armLower_twist_02_right_joint", "root_joint/pelvis_joint/spineLower_joint/spineMiddle_joint/spineUpper_joint/chest_joint/clavicle_right_joint/shoulder_right_joint/elbow_right_joint/armLower_twist_03_right_joint", "root_joint/pelvis_joint/spineLower_joint/spineMiddle_joint/spineUpper_joint/chest_joint/clavicle_right_joint/shoulder_right_joint/elbow_right_joint/handWrist_right_joint", "root_joint/pelvis_joint/spineLower_joint/spineMiddle_joint/spineUpper_joint/chest_joint/clavicle_right_joint/shoulder_right_joint/elbow_right_joint/handWrist_right_joint/handIndexMeta_right_joint", "root_joint/pelvis_joint/spineLower_joint/spineMiddle_joint/spineUpper_joint/chest_joint/clavicle_right_joint/shoulder_right_joint/elbow_right_joint/handWrist_right_joint/handIndexMeta_right_joint/handIndex_00_right_joint", "root_joint/pelvis_joint/spineLower_joint/spineMiddle_joint/spineUpper_joint/chest_joint/clavicle_right_joint/shoulder_right_joint/elbow_right_joint/handWrist_right_joint/handIndexMeta_right_joint/handIndex_00_right_joint/handIndex_01_right_joint", "root_joint/pelvis_joint/spineLower_joint/spineMiddle_joint/spineUpper_joint/chest_joint/clavicle_right_joint/shoulder_right_joint/elbow_right_joint/handWrist_right_joint/handIndexMeta_right_joint/handIndex_00_right_joint/handIndex_01_right_joint/handIndex_02_right_joint", "root_joint/pelvis_joint/spineLower_joint/spineMiddle_joint/spineUpper_joint/chest_joint/clavicle_right_joint/shoulder_right_joint/elbow_right_joint/handWrist_right_joint/handMiddleMeta_right_joint", "root_joint/pelvis_joint/spineLower_joint/spineMiddle_joint/spineUpper_joint/chest_joint/clavicle_right_joint/shoulder_right_joint/elbow_right_joint/handWrist_right_joint/handMiddleMeta_right_joint/handMiddle_00_right_joint", "root_joint/pelvis_joint/spineLower_joint/spineMiddle_joint/spineUpper_joint/chest_joint/clavicle_right_joint/shoulder_right_joint/elbow_right_joint/handWrist_right_joint/handMiddleMeta_right_joint/handMiddle_00_right_joint/handMiddle_01_right_joint", "root_joint/pelvis_joint/spineLower_joint/spineMiddle_joint/spineUpper_joint/chest_joint/clavicle_right_joint/shoulder_right_joint/elbow_right_joint/handWrist_right_joint/handMiddleMeta_right_joint/handMiddle_00_right_joint/handMiddle_01_right_joint/handMiddle_02_right_joint", "root_joint/pelvis_joint/spineLower_joint/spineMiddle_joint/spineUpper_joint/chest_joint/clavicle_right_joint/shoulder_right_joint/elbow_right_joint/handWrist_right_joint/handWrist_partial_right_joint", "root_joint/pelvis_joint/spineLower_joint/spineMiddle_joint/spineUpper_joint/chest_joint/clavicle_right_joint/shoulder_right_joint/elbow_right_joint/handWrist_right_joint/handPinkyMeta_right_joint", "root_joint/pelvis_joint/spineLower_joint/spineMiddle_joint/spineUpper_joint/chest_joint/clavicle_right_joint/shoulder_right_joint/elbow_right_joint/handWrist_right_joint/handPinkyMeta_right_joint/handPinky_00_right_joint", "root_joint/pelvis_joint/spineLower_joint/spineMiddle_joint/spineUpper_joint/chest_joint/clavicle_right_joint/shoulder_right_joint/elbow_right_joint/handWrist_right_joint/handPinkyMeta_right_joint/handPinky_00_right_joint/handPinky_01_right_joint", "root_joint/pelvis_joint/spineLower_joint/spineMiddle_joint/spineUpper_joint/chest_joint/clavicle_right_joint/shoulder_right_joint/elbow_right_joint/handWrist_right_joint/handPinkyMeta_right_joint/handPinky_00_right_joint/handPinky_01_right_joint/handPinky_02_right_joint", "root_joint/pelvis_joint/spineLower_joint/spineMiddle_joint/spineUpper_joint/chest_joint/clavicle_right_joint/shoulder_right_joint/elbow_right_joint/handWrist_right_joint/handRingMeta_right_joint", "root_joint/pelvis_joint/spineLower_joint/spineMiddle_joint/spineUpper_joint/chest_joint/clavicle_right_joint/shoulder_right_joint/elbow_right_joint/handWrist_right_joint/handRingMeta_right_joint/handRing_00_right_joint", "root_joint/pelvis_joint/spineLower_joint/spineMiddle_joint/spineUpper_joint/chest_joint/clavicle_right_joint/shoulder_right_joint/elbow_right_joint/handWrist_right_joint/handRingMeta_right_joint/handRing_00_right_joint/handRing_01_right_joint", "root_joint/pelvis_joint/spineLower_joint/spineMiddle_joint/spineUpper_joint/chest_joint/clavicle_right_joint/shoulder_right_joint/elbow_right_joint/handWrist_right_joint/handRingMeta_right_joint/handRing_00_right_joint/handRing_01_right_joint/handRing_02_right_joint", "root_joint/pelvis_joint/spineLower_joint/spineMiddle_joint/spineUpper_joint/chest_joint/clavicle_right_joint/shoulder_right_joint/elbow_right_joint/handWrist_right_joint/handThumbMeta_right_joint", "root_joint/pelvis_joint/spineLower_joint/spineMiddle_joint/spineUpper_joint/chest_joint/clavicle_right_joint/shoulder_right_joint/elbow_right_joint/handWrist_right_joint/handThumbMeta_right_joint/handThumb_00_right_joint", "root_joint/pelvis_joint/spineLower_joint/spineMiddle_joint/spineUpper_joint/chest_joint/clavicle_right_joint/shoulder_right_joint/elbow_right_joint/handWrist_right_joint/handThumbMeta_right_joint/handThumb_00_right_joint/handThumb_01_right_joint", "root_joint/pelvis_joint/spineLower_joint/spineMiddle_joint/spineUpper_joint/chest_joint/clavicle_right_joint/shoulder_right_joint/elbow_right_joint/handWrist_right_joint/handThumbMeta_right_joint/handThumb_00_right_joint/handThumb_01_right_joint/handThumb_02_right_joint", "root_joint/pelvis_joint/spineLower_joint/spineMiddle_joint/spineUpper_joint/chest_joint/clavicle_right_joint/shoulder_right_joint/elbow_right_joint/handWrist_right_joint/hand_r_socket", "root_joint/pelvis_joint/spineLower_joint/spineMiddle_joint/spineUpper_joint/chest_joint/clavicle_right_joint/shoulder_right_joint/armUpper_twist_01_right_joint", "root_joint/pelvis_joint/spineLower_joint/spineMiddle_joint/spineUpper_joint/chest_joint/clavicle_right_joint/shoulder_right_joint/armUpper_twist_02_right_joint", "root_joint/pelvis_joint/spineLower_joint/spineMiddle_joint/spineUpper_joint/chest_joint/clavicle_right_joint/shoulder_right_joint/armUpper_twist_03_right_joint", "root_joint/pelvis_joint/spineLower_joint/spineMiddle_joint/spineUpper_joint/chest_joint/back_socket", "root_joint/pelvis_joint/hip_left_joint", "root_joint/pelvis_joint/hip_left_joint/knee_left_joint", "root_joint/pelvis_joint/hip_left_joint/knee_left_joint/footAnkle_left_joint", "root_joint/pelvis_joint/hip_left_joint/knee_left_joint/footAnkle_left_joint/footBall_left_joint", "root_joint/pelvis_joint/hip_left_joint/knee_left_joint/footAnkle_left_joint/footBall_left_joint/footToe_left_joint", "root_joint/pelvis_joint/hip_left_joint/knee_left_joint/footAnkle_left_joint/footAnkle_partial_left_joint", "root_joint/pelvis_joint/hip_left_joint/knee_left_joint/footAnkle_left_joint/foot_l_socket", "root_joint/pelvis_joint/hip_left_joint/knee_left_joint/knee_partial_left_joint", "root_joint/pelvis_joint/hip_left_joint/knee_left_joint/legLower_twist_01_left_joint", "root_joint/pelvis_joint/hip_left_joint/knee_left_joint/legLower_twist_02_left_joint", "root_joint/pelvis_joint/hip_left_joint/knee_left_joint/legLower_twist_03_left_joint", "root_joint/pelvis_joint/hip_left_joint/legUpper_twist_01_left_joint", "root_joint/pelvis_joint/hip_left_joint/legUpper_twist_02_left_joint", "root_joint/pelvis_joint/hip_left_joint/legUpper_twist_03_left_joint", "root_joint/pelvis_joint/hip_right_joint", "root_joint/pelvis_joint/hip_right_joint/knee_right_joint", "root_joint/pelvis_joint/hip_right_joint/knee_right_joint/footAnkle_right_joint", "root_joint/pelvis_joint/hip_right_joint/knee_right_joint/footAnkle_right_joint/footBall_right_joint", "root_joint/pelvis_joint/hip_right_joint/knee_right_joint/footAnkle_right_joint/footBall_right_joint/footToe_right_joint", "root_joint/pelvis_joint/hip_right_joint/knee_right_joint/footAnkle_right_joint/footAnkle_partial_right_joint", "root_joint/pelvis_joint/hip_right_joint/knee_right_joint/footAnkle_right_joint/foot_r_socket", "root_joint/pelvis_joint/hip_right_joint/knee_right_joint/knee_partial_right_joint", "root_joint/pelvis_joint/hip_right_joint/knee_right_joint/legLower_twist_01_right_joint", "root_joint/pelvis_joint/hip_right_joint/knee_right_joint/legLower_twist_02_right_joint", "root_joint/pelvis_joint/hip_right_joint/knee_right_joint/legLower_twist_03_right_joint", "root_joint/pelvis_joint/hip_right_joint/legUpper_twist_01_right_joint", "root_joint/pelvis_joint/hip_right_joint/legUpper_twist_02_right_joint", "root_joint/pelvis_joint/hip_right_joint/legUpper_twist_03_right_joint", "root_joint/pelvis_joint/hip_l_front_socket", "root_joint/pelvis_joint/hip_l_back_socket", "root_joint/pelvis_joint/hip_r_front_socket", "root_joint/pelvis_joint/hip_r_back_socket"]
            quatf[] rotations.timeSamples = {
                0: [(1, -0.00000768035, -0.00012750775, 0.00012957893), (0.45719454, 0.5388249, 0.44685963, 0.548596), (0.9993658, -0.03332825, 0.0044016466, 0.011750272), (0.99904644, -0.03650477, -0.014634043, 0.018966634), (0.99915814, -0.036102064, 0.012448557, 0.014999554), (0.9985274, -0.04193081, 0.015379816, 0.030797064), (0.70673037, 0.06985089, -0.69699544, -0.09925), (0.83741564, 0.042897552, -0.47185892, 0.27247757), (0.63776755, -0.17879441, 0.08431077, 0.7444303), (0.9999999, -2.9802322e-8, -8.940697e-8, 0), (0.9999999, -2.9802322e-8, -8.940697e-8, 0), (0.9999999, -2.9802322e-8, -8.940697e-8, 0), (0.9999999, -2.9802322e-8, -8.940697e-8, 0), (0.591364, 0.7781965, 0.099749595, -0.18640941), (0.9967315, 0.02018994, 0.050164342, -0.06001401), (0.82985044, 0.008606464, 0.029648602, 0.55713063), (0.7883168, -0.021514028, -0.017919783, 0.6146317), (-0.6896043, -0.02232629, 0.05709493, -0.72158647), (0.9992876, -0.020751417, 0.015787244, -0.02728036), (0.8552478, -0.018069834, -0.013150126, 0.51773715), (0.71978736, 0.028093517, -0.03577727, 0.69270283), (-0.822181, -0.023532808, 0.05006808, -0.5665318), (0.99999976, -0.000011146069, 0.0000014305115, 0.0000023245811), (0.9973108, 0.008159071, -0.053128004, 0.049814224), (0.89868236, -0.0611248, 0.15763101, 0.4047042), (-0.6998767, 0.013995379, -0.12667125, -0.7028017), (0.73912954, 0.034989774, 0.15951005, 0.6534668), (0.989135, -0.13996759, -0.03948489, 0.021483332), (0.8750644, 0.09468469, 0.036299765, 0.47326416), (-0.6975688, 0.009838939, -0.06046802, -0.7138936), (0.7408867, -0.0006492138, 0.06504843, 0.66847193), (0.8100403, 0.38610095, 0.4400121, -0.03391023), (0.98056114, 0.09269308, -0.076877505, 0.15491195), (0.95000994, 0.07339834, 0.013740808, 0.30315825), (0.95178175, -0.0047257096, 0.0043096542, 0.30670992), (0.037549295, -0.9973665, -0.0008252263, -0.062038913), (0.9999998, 2.9802322e-8, -1.4901161e-8, 2.9802322e-8), (0.9999998, 2.9802322e-8, -1.4901161e-8, 2.9802322e-8), (0.9999998, 2.9802322e-8, -1.4901161e-8, 2.9802322e-8), (0.9912777, 0.12452304, -0.008746088, 0.042262383), (1, 0.00012350455, 0.00026078522, 0.00013180822), (0.9999779, 0.00010931119, -0.0061918646, -0.0024562776), (0.9957917, 0.0019998534, -0.030938476, -0.086244), (0.51130694, -0.48755807, -0.4760389, -0.52367884), (0.47614518, -0.5227677, -0.5115028, -0.48822656), (1.0000006, 0, 0, -4.656613e-10), (0.51150334, -0.48822597, -0.4761449, -0.52276814), (1.0000006, -2.9802322e-8, 3.7252903e-9, 4.656613e-10), (0.52693355, -0.47170398, -0.5267613, -0.4715499), (0.13476841, 0.7496327, 0.15567999, 0.6290087), (0.9630648, 0.0339624, -0.26634347, 0.020345747), (0.6487903, -0.038970992, -0.24136762, 0.72062075), (1.0000001, -2.9802322e-8, -8.940697e-8, -1.4901161e-8), (1.0000001, -2.9802322e-8, -8.940697e-8, -1.4901161e-8), (1.0000001, -2.9802322e-8, -8.940697e-8, -1.4901161e-8), (1.0000001, -2.9802322e-8, -8.940697e-8, -1.4901161e-8), (0.6301984, 0.7681928, -0.10597633, -0.038715094), (0.9969381, 0.018467247, 0.050400376, -0.056860894), (0.7944182, -0.10639696, 0.093045175, 0.5906963), (0.7902404, -0.02154079, -0.018073957, 0.61215144), (-0.69250333, -0.043014973, 0.07368684, -0.7163511), (0.9994169, -0.018000662, 0.015772521, -0.02435264), (0.8229819, -0.12341066, 0.06533861, 0.55063725), (-0.7219118, -0.027817652, 0.035761766, -0.69050026), (0.82383883, 0.023237675, -0.0500108, 0.56413525), (1, 0.000011473894, 0, -1.1920929e-7), (0.98624897, -0.113897055, -0.09967138, 0.0663774), (0.88957053, 0.012683809, 0.22318771, 0.3983598), (-0.70195216, 0.013717979, -0.1256273, -0.7009226), (0.73677313, 0.035412386, 0.16039124, 0.6558856), (0.9896834, -0.1354578, -0.03986022, 0.024277687), (0.8757404, 0.0498493, 0.088397294, 0.471996), (-0.69960874, 0.009779811, -0.06006512, -0.7119305), (0.7457683, -0.037487477, 0.096874446, 0.6580582), (0.81390274, 0.35707924, 0.45295238, -0.069938466), (0.98437536, 0.08553299, -0.057104945, 0.14293055), (0.96114504, 0.12688291, 0.03484136, 0.24266839), (0.96230215, -0.012343419, 0.004851535, 0.2716614), (0.9973646, 0.03753388, -0.06208092, 0.0010708272), (0.99999994, 0, 0, 0), (0.99999994, 0, 0, 0), (0.99999994, 0, 0, 0), (0.522156, -0.47694588, -0.5220262, -0.4768274), (-0.16583456, -0.03395713, 0.0275321, 0.98518443), (0.991764, -0.08712258, -0.006060958, 0.09368881), (0.011216059, 0.95848536, 0.284526, 0.015007913), (0.0020506382, 0.43118006, 0.9022614, 0.0020366758), (0.99999344, -0.000005090609, -0.00048273802, -0.0036000567), (0.99999917, 2.1979213e-7, -0.0000012814999, -0.0011720471), (0.5007635, -0.5488416, 0.47242212, 0.47415844), (0.9999992, 3.2410026e-7, 6.2584877e-7, -0.0014618859), (0.9994542, -0.033046287, 6.854534e-7, 1.8626451e-8), (0.99781626, -0.06605634, 0.0000019669533, 1.4901161e-7), (0.9949888, -0.09999087, 0.0000022947788, 2.9057264e-7), (1.0000006, 2.1979213e-7, 5.2154064e-7, 3.7252903e-8), (1.0000006, 4.0978193e-8, 0.0000015050173, 6.3329935e-8), (1.0000007, 7.1525574e-7, 0.0000013560057, 8.195639e-8), (0.9239033, -0.022845369, -0.00018492341, -0.38194382), (0.84888077, -0.0077822516, -0.005138563, 0.52850235), (0.059027176, 0.9969408, -0.04313552, 0.027646273), (0.00044429302, 0.6994947, 0.714635, -0.0019436777), (0.9999999, -0.0000033415854, -0.00040957332, 0.0002106931), (0.99999905, 1.6763806e-7, -0.0000013560057, -0.0011722371), (-0.54894245, -0.5008306, -0.4740038, 0.4723887), (0.999999, 3.4517143e-7, 6.7055225e-7, -0.0014618784), (0.99945396, -0.033046246, 1.0430813e-7, 3.3527613e-8), (0.99781615, -0.0660564, 1.1920929e-7, 8.940697e-8), (0.99498844, -0.09999093, 7.4505806e-8, 2.2351742e-8), (1.0000002, 2.1490268e-7, 2.9802322e-8, -2.6077032e-8), (1.0000001, -4.1909516e-9, 0, -3.3527613e-8), (1.0000001, 6.7660585e-7, 2.9802322e-8, 4.0978193e-8), (0.5000564, -0.500034, -0.49994823, -0.49996173), (0.5000564, -0.500034, -0.49994823, -0.49996173), (0.5000564, -0.500034, -0.49994823, -0.49996173), (0.5000564, -0.500034, -0.49994823, -0.49996173)],
                1: [(1, -0.00004202571, -0.00004942902, -0.00003982324), (0.44639656, 0.5220396, 0.4630574, 0.56016314), (0.9985179, -0.04417129, -0.029222421, 0.012546683), (0.99904734, -0.039083347, -0.009113647, 0.01715976), (0.99905264, -0.038770158, 0.015276156, 0.012569413), (0.99810636, -0.04908549, 0.020922378, 0.030613825), (0.7292693, 0.06647655, -0.6768981, -0.074543014), (0.8123301, 0.053620607, -0.5016388, 0.29258072), (0.5871225, -0.18700445, 0.13525575, 0.77590114), (1.0000002, -4.4703484e-8, -5.9604645e-8, -7.450581e-9), (1.0000002, -4.4703484e-8, -5.9604645e-8, -7.450581e-9), (1.0000002, -4.4703484e-8, -5.9604645e-8, -7.450581e-9), (1.0000002, -4.4703484e-8, -5.9604645e-8, -7.450581e-9), (0.62653416, 0.7637562, 0.09945279, -0.11933392), (0.99675757, 0.02008766, 0.049967766, -0.05978149), (0.8298506, 0.008607149, 0.029648483, 0.55713093), (0.78831697, -0.021513999, -0.017919922, 0.61463207), (-0.68960464, -0.02232635, 0.05709505, -0.72158664), (0.99929494, -0.020852119, 0.015583962, -0.027051538), (0.8552476, -0.018069088, -0.013150156, 0.5177372), (0.7197873, 0.028093368, -0.03577719, 0.69270253), (-0.8221806, -0.023532748, 0.0500679, -0.5665315), (0.9999999, -0.000011175871, 0.0000014305115, 0.0000023245811), (0.99728966, 0.008059651, -0.053316355, 0.050055236), (0.89868253, -0.061124146, 0.15763104, 0.4047045), (-0.69987684, 0.01399532, -0.12667136, -0.70280206), (0.73912984, 0.034989774, 0.1595101, 0.6534671), (0.98910797, -0.14006391, -0.03970933, 0.021691918), (0.8750644, 0.094685376, 0.036299795, 0.47326437), (-0.697569, 0.0098389685, -0.060468048, -0.7138937), (0.7408868, -0.0006493032, 0.06504834, 0.6684722), (0.81017405, 0.38592154, 0.4399406, -0.033689648), (0.9805614, 0.092693396, -0.07687691, 0.15491202), (0.9500101, 0.07339832, 0.013740718, 0.30315825), (0.9517818, -0.0047257096, 0.004309565, 0.30670998), (0.03754929, -0.99736667, -0.00082523655, -0.06203893), (1, 4.4703484e-8, -1.4901161e-8, 2.9802322e-8), (1, 4.4703484e-8, -1.4901161e-8, 2.9802322e-8), (1, 4.4703484e-8, -1.4901161e-8, 2.9802322e-8), (0.9897082, 0.13290782, -0.018885285, 0.04956922), (1.0000002, 0.000010926276, 0.00019453466, 0.0001420714), (0.9999777, -0.000003028661, -0.006258458, -0.0024452358), (0.99568486, 0.005687232, -0.03162688, -0.08706039), (0.51130694, -0.48755804, -0.47603893, -0.5236789), (0.47614524, -0.5227677, -0.51150286, -0.48822662), (1.0000006, 0, 0, -4.656613e-10), (0.5115033, -0.48822588, -0.47614488, -0.52276814), (1.0000004, -2.9802322e-8, 3.7252903e-9, 4.656613e-10), (0.52693355, -0.47170395, -0.52676135, -0.47155), (0.17500284, 0.7463186, 0.1456808, 0.6254281), (0.970761, 0.030079782, -0.23794529, -0.010052651), (0.66191614, 0.021280855, -0.2754468, 0.69681007), (1.0000006, -1.4901161e-8, -1.1920929e-7, -7.450581e-9), (1.0000006, -1.4901161e-8, -1.1920929e-7, -7.450581e-9), (1.0000006, -1.4901161e-8, -1.1920929e-7, -7.450581e-9), (1.0000006, -1.4901161e-8, -1.1920929e-7, -7.450581e-9), (0.65123004, 0.75222576, -0.09990309, -0.008740962), (0.99697036, 0.018400937, 0.05139759, -0.05541551), (0.7944199, -0.10639703, 0.093046635, 0.59069467), (0.79024065, -0.021540701, -0.01807389, 0.612152), (-0.69250375, -0.043014973, 0.07368684, -0.7163515), (0.99943775, -0.017984003, 0.016717553, -0.02285257), (0.8229983, -0.123410776, 0.06534222, 0.5506133), (-0.72190565, -0.027816951, 0.035761595, -0.6905073), (0.823839, 0.023237556, -0.050010353, 0.5641357), (1.0000005, 0.000011473894, 0, -1.1920929e-7), (0.98625475, -0.113624275, -0.09888598, 0.06792596), (0.8895714, 0.012683421, 0.22319002, 0.39835805), (-0.70195246, 0.013718069, -0.12562759, -0.7009233), (0.7367736, 0.03541237, 0.16039157, 0.6558861), (0.9896939, -0.13531311, -0.039100558, 0.025855899), (0.8757414, 0.049848914, 0.08839944, 0.47199413), (-0.6996086, 0.009779841, -0.06006524, -0.7119309), (0.74576825, -0.037487328, 0.09687474, 0.6580586), (0.81443405, 0.35653, 0.45247602, -0.06964561), (0.9845456, 0.08563932, -0.0550538, 0.14250201), (0.9611521, 0.12687242, 0.034817398, 0.24265158), (0.9623027, -0.012343543, 0.0048513263, 0.27166137), (0.9973651, 0.037533894, -0.06208095, 0.001070857), (1.0000004, 0, -2.9802322e-8, -2.9802322e-8), (1.0000004, 0, -2.9802322e-8, -2.9802322e-8), (1.0000004, 0, -2.9802322e-8, -2.9802322e-8), (0.5221562, -0.47694606, -0.52202636, -0.47682756), (-0.21908331, -0.06271977, 0.04596865, 0.9726026), (0.9925952, -0.09809162, -0.0009930432, 0.07163868), (0.025733575, 0.9484313, 0.31592125, 0.0031186938), (0.0025651157, 0.67905354, 0.7340838, 0.00074872375), (0.99999774, 0.000019598752, -0.00069762766, 0.0019637756), (0.99999905, 2.1606684e-7, -0.0000012218952, -0.0011720471), (0.5007634, -0.5488416, 0.47242212, 0.47415835), (0.99999917, 3.1851232e-7, 6.854534e-7, -0.0014618672), (0.9994542, -0.03304627, 6.854534e-7, 4.0978193e-8), (0.9978162, -0.06605637, 0.0000019967556, 1.1175871e-7), (0.9949887, -0.09999088, 0.0000022947788, 2.4586916e-7), (1.0000004, 2.2724271e-7, 5.066395e-7, 3.7252903e-8), (1.0000005, 3.3527613e-8, 0.0000014901161, 7.8231096e-8), (1.0000005, 6.817281e-7, 0.0000013411045, 5.9604645e-8), (0.9524677, -0.023728779, -0.015941344, -0.3032959), (0.95988345, -0.0035524806, -0.0037706345, 0.28035206), (0.044061054, 0.99146533, -0.1033555, 0.06612757), (0.0022006333, 0.6741087, 0.73862565, 0.002159983), (0.9999908, 0.000024620444, 0.00001731515, 0.0042760745), (0.99999905, 1.4156103e-7, -0.0000013243407, -0.0011721998), (-0.5489423, -0.5008306, -0.47400373, 0.47238865), (0.99999905, 3.46452e-7, 6.7800283e-7, -0.0014618821), (0.99945414, -0.03304628, 1.8626451e-8, 3.3527613e-8), (0.9978162, -0.066056386, 1.15484e-7, 7.4505806e-8), (0.9949887, -0.099990964, 5.2154064e-8, 8.195639e-8), (1.0000001, 1.9837171e-7, 2.9802322e-8, -2.2351742e-8), (1.0000001, -2.7939677e-9, 0, -3.3527613e-8), (1.0000002, 7.087365e-7, 4.4703484e-8, 4.8428774e-8), (0.5000564, -0.5000339, -0.49994817, -0.49996176), (0.5000564, -0.5000339, -0.49994817, -0.49996176), (0.5000564, -0.5000339, -0.49994817, -0.49996176), (0.5000564, -0.5000339, -0.49994817, -0.49996176)],
                2: [(1, -0.000011858181, -0.000078880585, -0.00005289351), (0.4234939, 0.50828755, 0.4804807, 0.5757039), (0.9960253, -0.057016548, -0.0674379, 0.011605397), (0.9990866, -0.039524253, -0.0056647733, 0.015222937), (0.99905694, -0.039302457, 0.014441095, 0.011493355), (0.99788904, -0.05412002, 0.022813752, 0.027718633), (0.7472359, 0.066134244, -0.65863234, -0.058894917), (0.80433375, 0.054872513, -0.5183451, 0.28522736), (0.5441326, -0.18628806, 0.13986325, 0.8060117), (1.0000001, -4.4703484e-8, -8.940697e-8, 0), (1.0000001, -4.4703484e-8, -8.940697e-8, 0), (1.0000001, -4.4703484e-8, -8.940697e-8, 0), (1.0000001, -4.4703484e-8, -8.940697e-8, 0), (0.673403, 0.7289605, 0.10524684, -0.06378332), (0.9967621, 0.019836545, 0.04998842, -0.05978042), (0.82985115, 0.008604646, 0.02964896, 0.5571306), (0.78831714, -0.021514028, -0.017919749, 0.61463207), (-0.6896047, -0.02232626, 0.05709496, -0.72158676), (0.9992899, -0.02110216, 0.015612155, -0.027040184), (0.85524833, -0.01807174, -0.0131495595, 0.5177368), (0.7197879, 0.028093457, -0.035777092, 0.6927028), (-0.8221811, -0.023532718, 0.050067812, -0.566532), (1.0000002, -0.000011146069, 0.0000014305115, 0.0000023543835), (0.9972933, 0.007813752, -0.053268403, 0.050082862), (0.89868313, -0.0611268, 0.15763171, 0.40470403), (-0.6998775, 0.013995409, -0.12667148, -0.7028022), (0.73913014, 0.034989774, 0.15951014, 0.6534674), (0.98907447, -0.14030889, -0.039671034, 0.021721244), (0.87506527, 0.09468299, 0.03630054, 0.47326386), (-0.69756913, 0.0098389685, -0.060468063, -0.71389395), (0.7408871, -0.0006492138, 0.065048486, 0.66847235), (0.81025577, 0.3857117, 0.43996662, -0.03380096), (0.98056185, 0.09269243, -0.07687882, 0.154911), (0.9500105, 0.073398426, 0.013740718, 0.30315843), (0.9517822, -0.004725665, 0.004309714, 0.30671024), (0.037549295, -0.997367, -0.0008251965, -0.062038958), (0.9999998, 2.9802322e-8, -1.4901161e-8, 2.9802322e-8), (0.9999998, 2.9802322e-8, -1.4901161e-8, 2.9802322e-8), (0.9999998, 2.9802322e-8, -1.4901161e-8, 2.9802322e-8), (0.9891927, 0.13664573, -0.014679179, 0.05109494), (1.0000002, -0.000046219677, 0.00010283291, 0.00006670505), (0.9999769, -0.00006049685, -0.0063503385, -0.0025203303), (0.99531865, 0.00801561, -0.036009237, -0.089333676), (0.511307, -0.4875581, -0.476039, -0.523679), (0.47614536, -0.5227678, -0.51150286, -0.48822665), (1.0000008, 0, 0, 0), (0.51150334, -0.488226, -0.47614494, -0.5227682), (1.0000005, -2.9802322e-8, 3.259629e-9, 4.656613e-10), (0.5269336, -0.47170407, -0.5267614, -0.47155002), (0.20242232, 0.72812414, 0.13527846, 0.64074975), (0.9694513, 0.02987668, -0.24118304, -0.033197016), (0.6570502, 0.06401986, -0.30828825, 0.6849415), (1, -2.9802322e-8, -8.940697e-8, -1.4901161e-8), (1, -2.9802322e-8, -8.940697e-8, -1.4901161e-8), (1, -2.9802322e-8, -8.940697e-8, -1.4901161e-8), (1, -2.9802322e-8, -8.940697e-8, -1.4901161e-8), (0.69846416, 0.7107934, -0.082121134, 0.0132956505), (0.99703884, 0.01823625, 0.05192429, -0.053709865), (0.79441077, -0.10639575, 0.093052775, 0.59070516), (0.7902403, -0.021540642, -0.018074043, 0.61215127), (-0.6925032, -0.043015063, 0.0736869, -0.7163509), (0.9994657, -0.018073678, 0.017184317, -0.021124244), (0.82298875, -0.12340811, 0.06534627, 0.55062705), (-0.7219063, -0.027816996, 0.03576175, -0.6905065), (0.82383907, 0.023237556, -0.050010562, 0.56413555), (1, 0.000011444092, -2.9802322e-8, -8.940697e-8), (0.98617935, -0.11346917, -0.09858486, 0.06968683), (0.8895654, 0.012685537, 0.22319046, 0.39837003), (-0.70195144, 0.013717562, -0.12562771, -0.70092374), (0.73677343, 0.035412386, 0.16039145, 0.655886), (0.9896599, -0.13528225, -0.03883788, 0.027630478), (0.8757336, 0.049851328, 0.088401765, 0.4720065), (-0.6996083, 0.009779692, -0.060064957, -0.7119299), (0.74576783, -0.037487403, 0.096874356, 0.6580578), (0.81390846, 0.3555882, 0.45437697, -0.068204135), (0.9844575, 0.08558342, -0.05602804, 0.1427587), (0.96114844, 0.12687726, 0.034828424, 0.24265862), (0.96230185, -0.012343518, 0.0048514158, 0.2716612), (0.9973645, 0.03753388, -0.06208092, 0.001070857), (0.9999999, 0, -2.9802322e-8, -2.9802322e-8), (0.9999999, 0, -2.9802322e-8, -2.9802322e-8), (0.9999999, 0, -2.9802322e-8, -2.9802322e-8), (0.5221561, -0.476946, -0.5220263, -0.4768275), (-0.20009531, -0.097126916, 0.06501478, 0.9727803), (0.97543097, -0.10086347, 0.011634409, 0.19551441), (0.038022414, 0.95274836, 0.3013695, -0.0009601712), (0.00916943, 0.8187335, 0.5740967, -0.001832515), (0.9999689, -0.0000033527613, -0.0008984059, 0.007758133), (0.99999857, 2.1979213e-7, -0.0000012218952, -0.0011720471), (0.5007632, -0.54884136, 0.47242185, 0.47415817), (0.99999905, 3.1013042e-7, 6.2584877e-7, -0.001461871), (0.999454, -0.03304629, 7.4505806e-7, 4.0978193e-8), (0.9978161, -0.06605636, 0.0000019669533, 9.685755e-8), (0.99498856, -0.09999087, 0.0000022947788, 2.4586916e-7), (1.0000005, 2.1234155e-7, 5.066395e-7, 3.7252903e-8), (1.0000005, 5.9604645e-8, 0.0000014603138, 8.568168e-8), (1.0000006, 6.7800283e-7, 0.0000013709068, 7.4505806e-8), (0.9739008, -0.033032205, -0.03596932, -0.22165784), (0.999936, -0.0023979899, 0.00020835549, 0.011042111), (0.015986763, 0.99519384, -0.029560236, 0.09197536), (0.006239176, 0.58448195, 0.81131685, 0.01032117), (0.99999064, -0.00005770102, 0.00018015504, 0.004316546), (0.9999988, 1.7136335e-7, -0.0000013560057, -0.0011722296), (-0.54894227, -0.5008304, -0.47400364, 0.4723885), (0.9999988, 2.9057264e-7, 6.7800283e-7, -0.001461912), (0.9994538, -0.03304624, 7.4505806e-8, 0), (0.99781585, -0.06605636, 1.1920929e-7, 8.940697e-8), (0.99498826, -0.09999094, 2.2351742e-8, 7.4505806e-8), (0.99999994, 1.937151e-7, 0, -2.6077032e-8), (0.9999999, -1.8626451e-8, 0, -2.9802322e-8), (0.9999999, 7.208437e-7, 7.4505806e-8, 1.8626451e-8), (0.5000563, -0.50003386, -0.49994814, -0.49996164), (0.5000563, -0.50003386, -0.49994814, -0.49996164), (0.5000563, -0.50003386, -0.49994814, -0.49996164), (0.5000563, -0.50003386, -0.49994814, -0.49996164)],
                3: [(1, 0.000012430521, -0.0000138655605, 0.000047280275), (0.38876945, 0.49458882, 0.5076037, 0.58870924), (0.9904458, -0.080282494, -0.11138578, 0.012831842), (0.9991423, -0.038240016, -0.0025628954, 0.015664816), (0.9991611, -0.038018268, 0.010214329, 0.011253409), (0.99806994, -0.056138195, 0.016458243, 0.020812675), (0.7663794, 0.06838155, -0.63718027, -0.04457598), (0.8157363, 0.054698408, -0.51946455, 0.24847114), (0.52485144, -0.19249868, 0.11828503, 0.82066005), (0.99999964, -4.4703484e-8, -5.9604645e-8, 0), (0.99999964, -4.4703484e-8, -5.9604645e-8, 0), (0.99999964, -4.4703484e-8, -5.9604645e-8, 0), (0.99999964, -4.4703484e-8, -5.9604645e-8, 0), (0.6926714, 0.7115918, 0.112662226, -0.033912152), (0.9967514, 0.020001292, 0.04996714, -0.05991137), (0.8298521, 0.008607686, 0.029646575, 0.5571283), (0.7883171, -0.021514028, -0.017919742, 0.61463165), (-0.6896044, -0.02232635, 0.057094693, -0.7215866), (0.9992894, -0.020942777, 0.015591532, -0.027178764), (0.8552492, -0.01806885, -0.013151705, 0.51773477), (0.7197874, 0.028093308, -0.03577718, 0.6927025), (-0.82218075, -0.023532748, 0.05006793, -0.56653154), (0.99999976, -0.000011146069, 0.0000014007092, 0.0000023543835), (0.9972969, 0.007961363, -0.053305358, 0.049934387), (0.8986834, -0.061124206, 0.15763006, 0.40470198), (-0.6998772, 0.013995409, -0.12667145, -0.7028011), (0.7391294, 0.034989834, 0.15951023, 0.6534669), (0.98909795, -0.1401602, -0.03968221, 0.021572083), (0.8750659, 0.09468576, 0.036298603, 0.47326145), (-0.697569, 0.009839058, -0.060468227, -0.7138934), (0.7408867, -0.0006493032, 0.065048486, 0.6684721), (0.8102019, 0.38590237, 0.43989444, -0.033834994), (0.98056066, 0.09269481, -0.0768795, 0.15491205), (0.9500099, 0.07339835, 0.013740629, 0.30315816), (0.9517815, -0.0047257394, 0.0043096244, 0.30670992), (0.037549242, -0.9973665, -0.00082523935, -0.062038958), (0.9999994, 2.9802322e-8, -1.4901161e-8, 2.9802322e-8), (0.9999994, 2.9802322e-8, -1.4901161e-8, 2.9802322e-8), (0.9999994, 2.9802322e-8, -1.4901161e-8, 2.9802322e-8), (0.9880989, 0.14184941, 0.013357699, 0.057964057), (0.9999994, 0.000064034015, 0.00031210482, 0.00018722191), (0.9999777, 0.000049980357, -0.006140724, -0.0024004318), (0.99362147, 0.0034737494, -0.05334781, -0.09928457), (0.51130664, -0.4875577, -0.4760386, -0.5236786), (0.4761449, -0.52276736, -0.5115025, -0.48822632), (1, 7.450581e-9, 0, 0), (0.5115029, -0.48822558, -0.4761446, -0.5227678), (0.9999997, -2.9802322e-8, 3.7252903e-9, 9.313226e-10), (0.5269332, -0.47170365, -0.52676105, -0.4715496), (0.22349319, 0.7079655, 0.12906347, 0.657402), (0.960305, 0.036244214, -0.27328977, -0.042574674), (0.6338553, 0.0731557, -0.3317799, 0.6948359), (0.9999994, -1.4901161e-8, -5.9604645e-8, -7.450581e-9), (0.9999994, -1.4901161e-8, -5.9604645e-8, -7.450581e-9), (0.9999994, -1.4901161e-8, -5.9604645e-8, -7.450581e-9), (0.9999994, -1.4901161e-8, -5.9604645e-8, -7.450581e-9), (0.7455871, 0.6624351, -0.07191414, 0.010334104), (0.9970772, 0.018249959, 0.050366282, -0.05446291), (0.79441357, -0.1064015, 0.093039274, 0.59070176), (0.79024, -0.02154079, -0.018073907, 0.61215127), (-0.6925031, -0.043014973, 0.0736869, -0.71635073), (0.9994685, -0.018121362, 0.015646994, -0.022105545), (0.8228947, -0.12343928, 0.06532517, 0.55076206), (-0.7219039, -0.02781707, 0.03576181, -0.690508), (0.82383853, 0.023237586, -0.050010502, 0.5641353), (0.9999995, 0.000011444092, -2.9802322e-8, -1.1920929e-7), (0.98606694, -0.11376083, -0.10001069, 0.06875458), (0.88956934, 0.012679905, 0.22318012, 0.3983655), (-0.70195186, 0.013718158, -0.12562723, -0.70092225), (0.7367728, 0.03541237, 0.16039127, 0.6558853), (0.98960495, -0.13546318, -0.040256053, 0.026655942), (0.87573814, 0.049845427, 0.088389605, 0.47200108), (-0.699608, 0.00977993, -0.060065147, -0.7119303), (0.74576783, -0.037487432, 0.096874535, 0.65805775), (0.81218076, 0.35660493, 0.45716703, -0.064753205), (0.9842764, 0.08517599, -0.062059224, 0.14175065), (0.96114695, 0.12686253, 0.034802496, 0.24267451), (0.9623014, -0.0123436, 0.00485152, 0.27166143), (0.997364, 0.03753391, -0.06208083, 0.001070857), (0.9999995, 0, -2.9802322e-8, -2.9802322e-8), (0.9999995, 0, -2.9802322e-8, -2.9802322e-8), (0.9999995, 0, -2.9802322e-8, -2.9802322e-8), (0.5221557, -0.47694564, -0.52202594, -0.47682714), (-0.11625459, -0.13492721, 0.08663255, 0.9801909), (0.89022315, -0.09708597, 0.029974699, 0.44404805), (0.029110678, 0.984048, 0.1751298, -0.011474878), (0.012868434, 0.8001792, 0.59962225, 0.0007112324), (0.9999787, -0.00004960224, -0.0006249696, 0.006462626), (0.99999905, 2.2351742e-7, -0.0000012814999, -0.0011720527), (0.5007634, -0.5488415, 0.472422, 0.47415832), (0.99999917, 3.1944364e-7, 6.2584877e-7, -0.0014618803), (0.99945414, -0.033046287, 7.4505806e-7, 3.3527613e-8), (0.9978162, -0.06605634, 0.0000019967556, 1.3783574e-7), (0.9949887, -0.09999086, 0.0000022947788, 2.6077032e-7), (1.0000002, 2.4214387e-7, 4.4703484e-7, -3.7252903e-9), (1.0000002, 5.2154064e-8, 0.0000014901161, 9.313226e-8), (1.0000004, 6.7055225e-7, 0.000001385808, 4.8428774e-8), (0.9772498, -0.04936784, -0.07743846, -0.19117656), (0.99980885, -0.00101473, 0.000959903, 0.019491673), (-0.0030326787, 0.9978894, -0.029486723, 0.057773083), (0.0027351081, 0.62782025, 0.7782949, 0.009531736), (0.99999475, -0.000032614917, 0.000032782555, 0.0031655133), (0.9999988, 1.4901161e-7, -0.0000013187528, -0.0011722669), (-0.54894227, -0.50083053, -0.47400367, 0.47238857), (0.9999988, 3.5576522e-7, 7.003546e-7, -0.0014618747), (0.9994537, -0.033046223, 8.195639e-8, 3.7252903e-8), (0.99781585, -0.06605635, 1.4901161e-7, 6.7055225e-8), (0.9949883, -0.099990964, 5.2154064e-8, 7.4505806e-8), (0.99999976, 1.7695129e-7, 2.2351742e-8, -6.7055225e-8), (0.99999976, -1.6763806e-8, 0, -2.9802322e-8), (0.99999976, 7.0407987e-7, 7.4505806e-8, 3.7252903e-8), (0.5000563, -0.5000338, -0.49994808, -0.49996156), (0.5000563, -0.5000338, -0.49994808, -0.49996156), (0.5000563, -0.5000338, -0.49994808, -0.49996156), (0.5000563, -0.5000338, -0.49994808, -0.49996156)],
                4: [(1, 0.00014553251, 0.00017781023, 0.00013756829), (0.36095446, 0.48271716, 0.53094715, 0.5956435), (0.9839232, -0.100181974, -0.14643212, 0.020401113), (0.9990842, -0.035387762, 0.0006468743, 0.024037998), (0.9993111, -0.03501077, 0.0049725473, 0.011245489), (0.99878263, -0.047860578, 0.009527892, 0.0071772933), (0.7762726, 0.07222068, -0.62548023, -0.030971445), (0.8363751, 0.070240796, -0.50866735, 0.1918332), (0.5038392, -0.19982398, 0.062384576, 0.8380479), (0.99999994, -2.9802322e-8, -8.940697e-8, -7.450581e-9), (0.99999994, -2.9802322e-8, -8.940697e-8, -7.450581e-9), (0.99999994, -2.9802322e-8, -8.940697e-8, -7.450581e-9), (0.99999994, -2.9802322e-8, -8.940697e-8, -7.450581e-9), (0.71439725, 0.6915947, 0.10644254, 0.0017032623), (0.9967631, 0.019816935, 0.050019264, -0.059735417), (0.8298496, 0.008604795, 0.029647708, 0.5571322), (0.7883168, -0.021513999, -0.017919824, 0.6146319), (-0.68960446, -0.02232632, 0.0570949, -0.72158647), (0.99929, -0.021119416, 0.01564169, -0.026993424), (0.8552469, -0.018071383, -0.013151169, 0.51773846), (0.7197875, 0.028093398, -0.035776928, 0.6927024), (-0.8221806, -0.023532659, 0.050067812, -0.5665315), (0.9999997, -0.000011146069, 0.0000014007092, 0.0000022947788), (0.99729216, 0.00780198, -0.053236276, 0.05012968), (0.8986821, -0.06112644, 0.15762964, 0.40470552), (-0.6998768, 0.01399532, -0.12667137, -0.70280206), (0.7391299, 0.034989804, 0.15950996, 0.65346706), (0.9890721, -0.14032197, -0.039646477, 0.021772087), (0.8750641, 0.09468317, 0.036298513, 0.4732654), (-0.697569, 0.009838939, -0.060468152, -0.7138936), (0.7408867, -0.0006492734, 0.065048546, 0.6684721), (0.8102486, 0.38567755, 0.44000956, -0.03378409), (0.9805609, 0.09269045, -0.07687737, 0.15491486), (0.95001, 0.07339824, 0.013740808, 0.3031583), (0.95178175, -0.0047257543, 0.0043096542, 0.30670995), (0.037549283, -0.9973666, -0.0008252319, -0.062038936), (0.99999964, 2.9802322e-8, 0, 0), (0.99999964, 2.9802322e-8, 0, 0), (0.99999964, 2.9802322e-8, 0, 0), (0.9885547, 0.13396534, 0.042412937, 0.054896466), (0.9999995, 0.00018011034, 0.00067023933, 0.00028082356), (0.99998045, 0.00016576052, -0.005782157, -0.002307482), (0.99238235, -0.0011520572, -0.064693145, -0.104834825), (0.5113067, -0.4875578, -0.47603872, -0.52367866), (0.4761451, -0.5227675, -0.51150256, -0.48822644), (1.0000002, 0, 7.450581e-9, -4.656613e-10), (0.51150304, -0.4882257, -0.4761447, -0.5227679), (0.99999994, -2.9802322e-8, 3.7252903e-9, 9.313226e-10), (0.5269333, -0.4717038, -0.5267611, -0.47154972), (0.22470146, 0.71695465, 0.13301866, 0.64636743), (0.94753915, 0.04253936, -0.316504, -0.013580412), (0.62047315, 0.04775648, -0.3071554, 0.71999127), (0.9999997, -5.9604645e-8, -1.1920929e-7, 1.4901161e-8), (0.9999997, -5.9604645e-8, -1.1920929e-7, 1.4901161e-8), (0.9999997, -5.9604645e-8, -1.1920929e-7, 1.4901161e-8), (0.9999997, -5.9604645e-8, -1.1920929e-7, 1.4901161e-8), (0.7708397, 0.6327192, -0.06694144, -0.03147784), (0.9969622, 0.017981768, 0.049790233, -0.05712685), (0.7944225, -0.106398106, 0.093042105, 0.5906904), (0.79024005, -0.021540761, -0.018073738, 0.6121516), (-0.6925032, -0.043014973, 0.07368669, -0.71635103), (0.99941015, -0.018514007, 0.015187889, -0.024605662), (0.82299924, -0.12341228, 0.06533873, 0.55061054), (-0.7219059, -0.027816892, 0.035761636, -0.6905061), (0.8238385, 0.023237556, -0.050010324, 0.56413525), (0.99999964, 0.000011473894, 0, -1.1920929e-7), (0.98614705, -0.11448458, -0.10017666, 0.066117406), (0.8895736, 0.012681961, 0.2231873, 0.3983529), (-0.701952, 0.013718218, -0.12562746, -0.7009226), (0.7367729, 0.035412237, 0.16039151, 0.6558855), (0.9895937, -0.136008, -0.040384352, 0.023972929), (0.8757438, 0.049847484, 0.08839619, 0.47198862), (-0.6996078, 0.009779841, -0.060065232, -0.71193016), (0.7457675, -0.037487417, 0.096874535, 0.6580575), (0.81091374, 0.35951513, 0.45759767, -0.061414033), (0.984607, 0.08475758, -0.066704124, 0.13753372), (0.9611565, 0.1268552, 0.034782052, 0.24264386), (0.96230173, -0.012343816, 0.004851043, 0.27166098), (0.9973643, 0.03753388, -0.06208089, 0.0010708272), (0.9999996, 0, -2.9802322e-8, -2.9802322e-8), (0.9999996, 0, -2.9802322e-8, -2.9802322e-8), (0.9999996, 0, -2.9802322e-8, -2.9802322e-8), (0.52215594, -0.47694588, -0.5220262, -0.47682735), (-0.029413506, -0.18189353, 0.09732771, 0.97804743), (0.7628573, -0.099894494, 0.03351274, 0.6379237), (0.006809801, 0.9942957, 0.10495369, -0.017722607), (0.006174475, 0.75898075, 0.6510823, 0.0011192858), (0.9999835, -5.19678e-7, -0.00018441677, 0.005674422), (0.99999875, 2.3469329e-7, -0.0000012814999, -0.0011720529), (0.5007633, -0.5488414, 0.47242194, 0.47415823), (0.99999917, 3.2177195e-7, 6.854534e-7, -0.0014618825), (0.999454, -0.033046283, 7.1525574e-7, 3.5390258e-8), (0.99781615, -0.06605635, 0.000001937151, 1.3038516e-7), (0.9949886, -0.09999086, 0.0000022947788, 2.4959445e-7), (1.0000004, 2.4214387e-7, 4.4703484e-7, 2.2351742e-8), (1.0000004, 1.1175871e-8, 0.0000015050173, 8.195639e-8), (1.0000005, 6.92904e-7, 0.0000013411045, 6.3329935e-8), (0.9675998, -0.055579532, -0.120022, -0.21507236), (0.98032796, -0.0022345278, 0.0018871687, 0.19735317), (0.013636731, 0.9974036, -0.056134176, 0.042994052), (0.00033786893, 0.71086794, 0.70332456, -0.0008174181), (0.99999976, 0.000045379624, -0.00017020106, 0.000096165575), (0.99999887, 1.6391277e-7, -0.0000013746321, -0.0011722557), (-0.5489422, -0.5008304, -0.47400364, 0.4723886), (0.9999987, 3.1292439e-7, 6.7800283e-7, -0.0014618784), (0.99945366, -0.033046283, 3.7252903e-8, 1.8626451e-8), (0.99781585, -0.06605634, 1.0430813e-7, 8.195639e-8), (0.9949882, -0.099990904, 4.4703484e-8, 6.7055225e-8), (1, 1.937151e-7, 1.4901161e-8, -3.7252903e-8), (0.99999994, 1.3038516e-8, 0, -3.3527613e-8), (1, 6.761402e-7, 8.195639e-8, 4.0978193e-8), (0.5000564, -0.50003386, -0.4999481, -0.4999616), (0.5000564, -0.50003386, -0.4999481, -0.4999616), (0.5000564, -0.50003386, -0.4999481, -0.4999616), (0.5000564, -0.50003386, -0.4999481, -0.4999616)],
                5: [(0.99999994, -0.00003417345, -0.00007966581, 0.00025806212), (0.37233254, 0.4590795, 0.5434681, 0.59603435), (0.98165774, -0.081337936, -0.16853444, 0.036446627), (0.9989451, -0.024112832, 0.004892409, 0.03876726), (0.99967325, -0.023844263, 0.0024400502, 0.008852363), (0.9996109, -0.025179632, 0.01155436, -0.0031704009), (0.78002447, 0.10762754, -0.61613923, -0.018716987), (0.84315324, 0.13587084, -0.5022246, 0.13565402), (0.44904628, -0.21295002, -0.0068113506, 0.8677347), (1.0000002, -2.9802322e-8, -8.940697e-8, 0), (1.0000002, -2.9802322e-8, -8.940697e-8, 0), (1.0000002, -2.9802322e-8, -8.940697e-8, 0), (1.0000002, -2.9802322e-8, -8.940697e-8, 0), (0.7084567, 0.69659173, 0.11330503, -0.0033776462), (0.99672544, 0.019819051, 0.050259054, -0.060166568), (0.8298539, 0.00860706, 0.029650122, 0.55712616), (0.7883172, -0.021514088, -0.01791966, 0.6146318), (-0.6896046, -0.02232626, 0.057094812, -0.7215868), (0.9992746, -0.02112332, 0.015899807, -0.027415365), (0.855251, -0.018070012, -0.013147742, 0.5177327), (0.7197879, 0.028093368, -0.035776928, 0.6927026), (-0.8221809, -0.0235326, 0.050067693, -0.566532), (1.0000001, -0.000011175871, 0.0000014305115, 0.0000023245811), (0.9973271, 0.00778839, -0.052990645, 0.04970187), (0.89868474, -0.06112525, 0.15763369, 0.4046991), (-0.69987726, 0.01399532, -0.12667155, -0.7028018), (0.73912984, 0.034989893, 0.15951034, 0.65346694), (0.9890909, -0.14033717, -0.03933987, 0.021384418), (0.8750671, 0.09468505, 0.036303133, 0.47325975), (-0.6975694, 0.009838939, -0.06046836, -0.71389353), (0.74088675, -0.0006492436, 0.065048754, 0.66847223), (0.8101276, 0.38585484, 0.4400441, -0.03422284), (0.9805621, 0.09269762, -0.07688108, 0.15490419), (0.9500105, 0.073398344, 0.013740659, 0.3031582), (0.9517821, -0.0047257617, 0.0043096244, 0.30671), (0.037549295, -0.99736696, -0.0008252263, -0.06203896), (0.9999999, 2.9802322e-8, -7.450581e-9, 2.9802322e-8), (0.9999999, 2.9802322e-8, -7.450581e-9, 2.9802322e-8), (0.9999999, 2.9802322e-8, -7.450581e-9, 2.9802322e-8), (0.9947744, 0.090139434, 0.029486239, 0.037800148), (0.99999964, 0.000030988827, 0.00007595122, 0.000075025484), (0.99997616, 0.000016827136, -0.0063770264, -0.002512429), (0.9952154, -0.008328547, -0.03951691, -0.088964745), (0.51130676, -0.48755786, -0.4760387, -0.52367866), (0.47614503, -0.5227675, -0.51150256, -0.48822635), (1.0000001, -7.450581e-9, 7.450581e-9, 4.656613e-10), (0.51150304, -0.4882257, -0.47614467, -0.5227679), (0.99999994, -2.9802322e-8, 3.7252903e-9, 2.3283064e-10), (0.5269334, -0.47170377, -0.5267611, -0.47154972), (0.21271583, 0.7302276, 0.14844672, 0.6320465), (0.93753767, 0.043459743, -0.34381336, 0.030431211), (0.6305171, 0.019137576, -0.26264894, 0.73013484), (0.99999964, -4.4703484e-8, -8.940697e-8, 0), (0.99999964, -4.4703484e-8, -8.940697e-8, 0), (0.99999964, -4.4703484e-8, -8.940697e-8, 0), (0.99999964, -4.4703484e-8, -8.940697e-8, 0), (0.77059484, 0.62248343, -0.107328564, -0.08472207), (0.9968843, 0.01753965, 0.0496839, -0.058692873), (0.7944219, -0.10639778, 0.09304437, 0.59069073), (0.7902401, -0.021540672, -0.018073928, 0.6121514), (-0.692503, -0.043015093, 0.07368678, -0.71635115), (0.99936175, -0.01901251, 0.015155435, -0.026157498), (0.82299995, -0.12341207, 0.06534067, 0.55060905), (-0.7219053, -0.027816951, 0.035761796, -0.6905066), (0.8238385, 0.023237646, -0.05001062, 0.5641353), (0.9999996, 0.000011444092, -5.9604645e-8, -8.940697e-8), (0.98618305, -0.115158856, -0.10001275, 0.06464028), (0.8895729, 0.012682229, 0.22318894, 0.3983534), (-0.7019521, 0.013717949, -0.12562728, -0.70092255), (0.7367729, 0.03541249, 0.16039136, 0.6558857), (0.9895562, -0.13658953, -0.04020974, 0.022457898), (0.87574315, 0.049847662, 0.08839813, 0.4719897), (-0.6996084, 0.009779751, -0.06006498, -0.71193004), (0.74576783, -0.037487417, 0.096874356, 0.658058), (0.8110199, 0.35981566, 0.4569824, -0.06281823), (0.9846127, 0.08476405, -0.066771984, 0.13745627), (0.9611508, 0.1268655, 0.03480485, 0.24265765), (0.96230155, -0.0123435855, 0.0048515797, 0.2716612), (0.9973642, 0.03753388, -0.06208092, 0.0010708869), (0.99999964, 0, 0, -2.9802322e-8), (0.99999964, 0, 0, -2.9802322e-8), (0.99999964, 0, 0, -2.9802322e-8), (0.5221559, -0.4769458, -0.52202606, -0.47682735), (0.11864995, -0.2150102, 0.059499234, 0.9675499), (0.56233656, -0.10801691, 0.03359413, 0.8191347), (-0.016934358, 0.99381787, 0.10866757, -0.015188098), (0.00028780103, 0.7083966, 0.7058145, 0.000040620565), (0.9999902, 0.000029963441, 0.000042185187, 0.004403401), (0.9999989, 2.0954758e-7, -0.0000012516975, -0.0011720508), (0.5007633, -0.5488415, 0.472422, 0.47415832), (0.99999917, 3.191817e-7, 6.556511e-7, -0.0014618784), (0.99945414, -0.033046287, 7.1525574e-7, 3.678724e-8), (0.9978162, -0.06605636, 0.0000019669533, 1.2293458e-7), (0.9949887, -0.09999087, 0.0000022947788, 2.4214387e-7), (1.0000004, 2.4586916e-7, 5.289912e-7, 0), (1.0000005, 7.0780516e-8, 0.0000014863908, 2.9802322e-8), (1.0000005, 6.556511e-7, 0.0000013411045, 7.4505806e-8), (0.9708964, -0.035903197, -0.14074963, -0.19042283), (0.9468045, -0.005190652, 0.005325623, 0.32172376), (0.018717155, 0.9849152, -0.16994162, 0.026679575), (0.00033465028, 0.702321, 0.7118601, -0.00073328614), (0.9999982, -9.909272e-7, -0.000112861395, -0.0019488554), (0.9999993, 1.6856939e-7, -0.0000013783574, -0.0011722781), (-0.5489425, -0.50083065, -0.47400385, 0.47238877), (0.99999905, 3.1851232e-7, 7.1525574e-7, -0.001461871), (0.999454, -0.03304627, 8.940697e-8, 1.1175871e-8), (0.9978161, -0.0660564, 1.6391277e-7, 7.4505806e-8), (0.99498856, -0.099990934, 2.9802322e-8, 1.0430813e-7), (1.0000001, 1.9557774e-7, 1.4901161e-8, -4.0978193e-8), (1.0000001, 1.3038516e-8, 0, -3.3527613e-8), (1.0000002, 6.798655e-7, 9.685755e-8, 2.6077032e-8), (0.50005645, -0.5000339, -0.4999482, -0.49996176), (0.50005645, -0.5000339, -0.4999482, -0.49996176), (0.50005645, -0.5000339, -0.4999482, -0.49996176), (0.50005645, -0.5000339, -0.4999482, -0.49996176)],
                6: [(1, -0.00016467334, -0.00021681121, 0.000011297923), (0.4060106, 0.470761, 0.5319765, 0.5749267), (0.989985, -0.051615436, -0.12325526, 0.0455414), (0.998829, -0.007764373, 0.005431846, 0.04744307), (0.99991876, -0.0075613875, 0.0018483549, 0.010094151), (0.9999845, -0.004669587, -0.00024470687, -0.002991818), (0.74223214, 0.15698892, -0.6509144, -0.027500514), (0.8588073, 0.13917947, -0.48111248, 0.10774681), (0.45068365, -0.17314382, -0.07734722, 0.8723087), (0.9999998, -2.2351742e-8, -5.9604645e-8, 0), (0.9999998, -2.2351742e-8, -5.9604645e-8, 0), (0.9999998, -2.2351742e-8, -5.9604645e-8, 0), (0.9999998, -2.2351742e-8, -5.9604645e-8, 0), (0.6862862, 0.72646785, 0.030938804, -0.017256916), (0.9967544, 0.020026714, 0.050050437, -0.05977887), (0.8298614, 0.008608103, 0.029652834, 0.5571136), (0.7883168, -0.021513969, -0.017919764, 0.6146313), (-0.68960404, -0.02232626, 0.05709493, -0.72158635), (0.99929225, -0.020908833, 0.015668064, -0.027044386), (0.855257, -0.01807034, -0.013142228, 0.5177213), (0.71978784, 0.028093457, -0.035776913, 0.69270134), (-0.82218015, -0.023532689, 0.050067753, -0.5665315), (0.9999995, -0.000011205673, 0.0000013709068, 0.0000023245811), (0.99729395, 0.008011878, -0.053227454, 0.05006522), (0.8986888, -0.061126232, 0.15764058, 0.4046858), (-0.6998773, 0.013995409, -0.12667155, -0.702801), (0.7391293, 0.034989685, 0.15951017, 0.6534668), (0.9891033, -0.14011475, -0.039624035, 0.021713406), (0.8750728, 0.094685346, 0.036310732, 0.4732474), (-0.6975689, 0.009838998, -0.060468182, -0.7138935), (0.7408867, -0.000649333, 0.06504843, 0.66847205), (0.81016064, 0.38587227, 0.44000447, -0.03372827), (0.98056245, 0.092708975, -0.0768902, 0.1548857), (0.95001, 0.07339823, 0.013739973, 0.3031576), (0.95178163, -0.0047256127, 0.0043095946, 0.3067099), (0.037549242, -0.9973663, -0.0008252971, -0.062038906), (0.99999964, 2.9802322e-8, -1.4901161e-8, 0), (0.99999964, 2.9802322e-8, -1.4901161e-8, 0), (0.99999964, 2.9802322e-8, -1.4901161e-8, 0), (0.99817777, 0.03563892, 0.03874655, 0.029491361), (0.99999964, 0.000078026205, 0.0005682707, -0.000036895275), (0.99997914, 0.00006183982, -0.0058845133, -0.0026247334), (0.9963715, -0.017805584, -0.037222356, -0.07443873), (0.5113068, -0.48755798, -0.47603878, -0.5236788), (0.47614512, -0.5227676, -0.5115027, -0.48822653), (1.0000004, 0, 0, -6.1118044e-10), (0.51150316, -0.48822585, -0.47614476, -0.522768), (1.0000002, -2.9802322e-8, 3.7107384e-9, 6.9849193e-10), (0.5269334, -0.47170383, -0.52676123, -0.47154978), (0.19543436, 0.7418352, 0.15184623, 0.62324035), (0.9227543, 0.049293607, -0.37218338, 0.087028), (0.65258616, -0.01894261, -0.19341153, 0.73236924), (1.0000002, -5.9604645e-8, -1.1920929e-7, 0), (1.0000002, -5.9604645e-8, -1.1920929e-7, 0), (1.0000002, -5.9604645e-8, -1.1920929e-7, 0), (1.0000002, -5.9604645e-8, -1.1920929e-7, 0), (0.7389566, 0.64927995, -0.117720425, -0.13609219), (0.9968591, 0.01714173, 0.049587756, -0.059323758), (0.79441994, -0.106401205, 0.093045264, 0.5906931), (0.7902402, -0.021540701, -0.018073898, 0.6121515), (-0.69250333, -0.043015003, 0.07368687, -0.71635103), (0.99933875, -0.01943466, 0.015095532, -0.02677697), (0.8229986, -0.12341514, 0.065340936, 0.5506118), (-0.7219057, -0.0278171, 0.035761695, -0.6905073), (0.82383907, 0.023237705, -0.050010353, 0.56413573), (1.0000002, 0.000011444092, -2.9802322e-8, -8.940697e-8), (0.98616683, -0.11565143, -0.0999735, 0.064073), (0.88957226, 0.01267907, 0.22318879, 0.39835614), (-0.7019521, 0.013718039, -0.12562756, -0.70092314), (0.73677343, 0.035412416, 0.16039142, 0.65588593), (0.9895085, -0.1370444, -0.040175855, 0.021861315), (0.8757423, 0.049844682, 0.08839819, 0.47199252), (-0.6996085, 0.009779841, -0.060065094, -0.7119305), (0.74576825, -0.037487417, 0.096874595, 0.6580583), (0.8111649, 0.3597469, 0.45668718, -0.06349173), (0.98461354, 0.08476046, -0.06677246, 0.13745706), (0.9611511, 0.12686577, 0.034805417, 0.24265818), (0.96230197, -0.012343578, 0.0048514605, 0.27166125), (0.99736464, 0.03753388, -0.06208089, 0.0010708272), (0.99999994, 0, -1.4901161e-8, 0), (0.99999994, 0, -1.4901161e-8, 0), (0.99999994, 0, -1.4901161e-8, 0), (0.52215606, -0.47694582, -0.5220262, -0.47682747), (0.24277198, -0.13562883, 0.019526094, 0.96035707), (0.5716096, -0.08111513, 0.039657384, 0.8155432), (-0.023603186, 0.9876072, 0.15487355, -0.009453237), (-0.0014164746, 0.71149695, 0.70268106, 0.003066361), (0.9999877, 0.000009093434, 0.00024214387, 0.0049230047), (0.99999905, 2.2165477e-7, -0.0000012814999, -0.0011720508), (0.5007634, -0.54884154, 0.472422, 0.47415835), (0.99999934, 3.2177195e-7, 6.2584877e-7, -0.0014618821), (0.9994543, -0.03304629, 7.1525574e-7, 3.632158e-8), (0.9978163, -0.066056356, 0.000001937151, 1.2665987e-7), (0.9949888, -0.09999089, 0.0000023245811, 2.4586916e-7), (1.0000005, 2.2538006e-7, 5.066395e-7, 3.7252903e-8), (1.0000006, 7.0780516e-8, 0.0000015199184, 3.5390258e-8), (1.0000007, 6.7427754e-7, 0.000001296401, 8.195639e-8), (0.9876722, -0.031820323, -0.11597232, -0.100208946), (0.95007217, -0.010903021, 0.017116994, 0.31137043), (0.008683383, 0.9732466, -0.22841874, 0.023261636), (-0.00016394258, 0.7000806, 0.714064, -0.0003220439), (0.9999998, -0.000018134713, -0.000119537115, -0.0008558966), (0.99999917, 1.6950071e-7, -0.0000013560057, -0.0011721998), (-0.54894257, -0.50083065, -0.47400382, 0.47238874), (0.9999993, 2.9802322e-7, 7.1525574e-7, -0.0014618915), (0.99945426, -0.03304627, 5.9604645e-8, 1.1175871e-8), (0.99781644, -0.06605639, 1.1920929e-7, 9.685755e-8), (0.9949888, -0.09999098, 5.9604645e-8, 5.2154064e-8), (1.0000002, 2.0657899e-7, 3.7252903e-8, -3.5390258e-8), (1.0000002, -1.0477379e-9, 0, -2.9802322e-8), (1.0000002, 6.7288056e-7, 1.4901161e-8, -1.4901161e-8), (0.50005645, -0.5000339, -0.4999482, -0.49996176), (0.50005645, -0.5000339, -0.4999482, -0.49996176), (0.50005645, -0.5000339, -0.4999482, -0.49996176), (0.50005645, -0.5000339, -0.4999482, -0.49996176)],
                7: [(0.99999994, -0.00003037428, 0.00033440304, 0.000005033425), (0.4113899, 0.5112656, 0.51573414, 0.55080324), (0.99585134, -0.043194372, -0.071549684, 0.035991933), (0.99903345, 0.01221757, 0.00575912, 0.04183593), (0.999822, 0.012581578, 0.003156215, 0.013720835), (0.99995184, 0.008681336, -0.0025802255, 0.0038468856), (0.6847783, 0.17917605, -0.70346576, -0.064118125), (0.90096843, 0.07183421, -0.41796505, 0.09165891), (0.53884125, -0.13678144, -0.13574296, 0.8200703), (1.0000004, -1.4901161e-8, -8.940697e-8, 0), (1.0000004, -1.4901161e-8, -8.940697e-8, 0), (1.0000004, -1.4901161e-8, -8.940697e-8, 0), (1.0000004, -1.4901161e-8, -8.940697e-8, 0), (0.6515301, 0.75331885, -0.08070043, -0.038825333), (0.99704826, 0.020966142, 0.048675537, -0.055557758), (0.82985115, 0.008601069, 0.029629469, 0.557132), (0.7883173, -0.021514148, -0.017919973, 0.6146322), (-0.6896049, -0.02232635, 0.057094872, -0.7215869), (0.9994397, -0.019871473, 0.01408124, -0.02297768), (0.8551973, -0.018076867, -0.013163209, 0.5178206), (0.7198099, 0.02808991, -0.035778016, 0.69267994), (-0.8221816, -0.023532659, 0.05006805, -0.5665314), (1.0000004, -0.000011205673, 0.0000014007092, 0.0000022649765), (0.996987, 0.009211004, -0.05476916, 0.054158032), (0.89868534, -0.061131746, 0.1576139, 0.4047046), (-0.69987774, 0.013995737, -0.12667128, -0.70280135), (0.7391299, 0.034989804, 0.1595101, 0.6534671), (0.98909163, -0.13893619, -0.041737407, 0.025561959), (0.8750683, 0.09467885, 0.036281735, 0.47326136), (-0.6975696, 0.009839267, -0.060468093, -0.7138942), (0.74088734, -0.0006493032, 0.06504828, 0.6684726), (0.81056166, 0.38494432, 0.44039226, -0.029387146), (0.9805565, 0.09268235, -0.076817274, 0.154984), (0.95001423, 0.07338534, 0.013720363, 0.30315208), (0.9517826, -0.0047259093, 0.004309565, 0.30671), (0.037549295, -0.9973672, -0.0008252375, -0.062038958), (1.0000001, 2.9802322e-8, -2.9802322e-8, 7.450581e-9), (1.0000001, 2.9802322e-8, -2.9802322e-8, 7.450581e-9), (1.0000001, 2.9802322e-8, -2.9802322e-8, 7.450581e-9), (0.9990703, -0.024084428, 0.01261659, 0.033463456), (1.0000002, 0.00008803327, 0.00017626584, 0.00013333932), (0.9999775, 0.000073933974, -0.006276354, -0.0024545337), (0.9968305, -0.02136226, -0.00897187, -0.07610838), (0.5113069, -0.48755804, -0.4760389, -0.5236789), (0.47614524, -0.52276766, -0.5115028, -0.48822653), (1.0000005, 0, -3.7252903e-9, -2.3283064e-10), (0.5115033, -0.48822585, -0.47614488, -0.52276814), (1.0000004, -2.9802322e-8, 3.7252903e-9, 4.656613e-10), (0.52693355, -0.471704, -0.52676135, -0.4715499), (0.16431071, 0.71869916, 0.13713339, 0.661565), (0.9024466, 0.056729347, -0.39891386, 0.15244573), (0.66657674, -0.097425625, -0.12715904, 0.7280211), (1.0000002, -5.9604645e-8, -5.9604645e-8, 0), (1.0000002, -5.9604645e-8, -5.9604645e-8, 0), (1.0000002, -5.9604645e-8, -5.9604645e-8, 0), (1.0000002, -5.9604645e-8, -5.9604645e-8, 0), (0.6893561, 0.6996929, -0.0501723, -0.18083471), (0.9968322, 0.017357826, 0.04967591, -0.059639722), (0.7944189, -0.10639918, 0.0930433, 0.5906955), (0.79024017, -0.021540731, -0.018073812, 0.6121518), (-0.6925031, -0.043015093, 0.07368648, -0.71635133), (0.99933255, -0.019226879, 0.015189141, -0.02709788), (0.82299745, -0.12341288, 0.06533867, 0.55061376), (-0.72190547, -0.027816892, 0.035761677, -0.690507), (0.8238387, 0.023237556, -0.050010473, 0.5641354), (1.0000001, 0.000011503696, 0, -1.1920929e-7), (0.98621964, -0.11547634, -0.09986842, 0.06374037), (0.8895718, 0.012681395, 0.2231864, 0.39835864), (-0.7019521, 0.013718069, -0.12562756, -0.70092314), (0.7367733, 0.03541243, 0.16039154, 0.655886), (0.98954713, -0.13685268, -0.040054798, 0.021541744), (0.8757415, 0.049846917, 0.088395804, 0.47199482), (-0.6996087, 0.0097799, -0.06006518, -0.7119307), (0.7457684, -0.037487447, 0.096874595, 0.6580584), (0.8110322, 0.3600574, 0.45664996, -0.06369406), (0.98461294, 0.084759384, -0.06676969, 0.13746199), (0.961151, 0.12686571, 0.034805536, 0.24265817), (0.96230197, -0.012343649, 0.0048514605, 0.27166128), (0.99736476, 0.03753388, -0.06208092, 0.001070857), (1, 0, 0, -2.2351742e-8), (1, 0, 0, -2.2351742e-8), (1, 0, 0, -2.2351742e-8), (0.5221561, -0.476946, -0.52202636, -0.4768276), (0.324986, -0.06587631, 0.015879154, 0.9432882), (0.64792144, -0.027920641, 0.013179526, 0.7610817), (-0.03197917, 0.990945, 0.120285735, -0.0503709), (-0.0033288598, 0.7148858, 0.6991782, 0.008796096), (0.9999951, -0.000021677464, 0.0006883256, 0.0030675828), (0.9999993, 2.1606684e-7, -0.0000012814999, -0.0011720527), (0.5007635, -0.5488416, 0.47242212, 0.4741584), (0.9999994, 3.1944364e-7, 6.556511e-7, -0.0014618821), (0.9994543, -0.033046305, 7.4505806e-7, 3.3527613e-8), (0.99781644, -0.066056356, 0.000001937151, 1.2665987e-7), (0.9949889, -0.099990904, 0.0000023245811, 2.6077032e-7), (1.0000006, 2.2724271e-7, 5.066395e-7, 6.9849193e-9), (1.0000005, 6.426126e-8, 0.0000015199184, 6.61239e-8), (1.0000007, 6.966293e-7, 0.0000013709068, 1.0197982e-7), (0.99648786, -0.043625228, -0.06344795, 0.032916494), (0.98162746, -0.03280825, 0.014899358, 0.18737558), (-0.0025921687, 0.9805739, -0.19499981, 0.02105987), (-0.00415504, 0.6608144, 0.7505361, -0.0017254949), (0.9999996, 0.00004862994, -0.000081539154, 0.00095715746), (0.9999993, 1.8067658e-7, -0.0000013485551, -0.0011722669), (-0.54894245, -0.5008307, -0.47400385, 0.4723888), (0.9999991, 3.2037497e-7, 6.854534e-7, -0.0014618784), (0.999454, -0.033046268, 8.940697e-8, 2.2351742e-8), (0.9978162, -0.06605635, 1.1920929e-7, 9.685755e-8), (0.99498856, -0.099990934, 2.9802322e-8, 7.4505806e-8), (1.0000002, 2.4028122e-7, 2.9802322e-8, -4.703179e-8), (1.0000002, -1.3969839e-9, 0, -3.1432137e-8), (1.0000002, 7.026829e-7, 3.7252903e-8, 2.2817403e-8), (0.50005645, -0.5000339, -0.4999482, -0.4999617), (0.50005645, -0.5000339, -0.4999482, -0.4999617), (0.50005645, -0.5000339, -0.4999482, -0.4999617), (0.50005645, -0.5000339, -0.4999482, -0.4999617)],
                8: [(1, 0.00012317204, -0.00017143034, -0.000069073874), (0.44426408, 0.5186354, 0.45977375, 0.56767493), (0.99831814, 0.0358711, -0.043023445, 0.014940707), (0.9991139, 0.030071773, 0.0074403957, 0.028491875), (0.99933887, 0.02960541, -0.0015501082, 0.021045465), (0.9985006, 0.044025593, -0.016471297, 0.028050542), (0.6546678, 0.13606493, -0.73704576, -0.09828453), (0.94273317, 0.035185486, -0.326294, 0.05956252), (0.65478814, -0.089441404, -0.18759274, 0.726678), (0.99999976, -2.9802322e-8, -8.940697e-8, 0), (0.99999976, -2.9802322e-8, -8.940697e-8, 0), (0.99999976, -2.9802322e-8, -8.940697e-8, 0), (0.99999976, -2.9802322e-8, -8.940697e-8, 0), (0.6330048, 0.7668573, -0.10194597, -0.029006004), (0.9971417, 0.020877004, 0.05103478, -0.051648885), (0.82983744, 0.008602947, 0.02964437, 0.5571504), (0.78831667, -0.021514118, -0.01791966, 0.614632), (-0.6896044, -0.022326231, 0.05709502, -0.7215866), (0.9993552, -0.019198567, 0.016169429, -0.025667489), (0.85173947, -0.018567175, -0.012967855, 0.5234756), (0.7197461, 0.028096706, -0.035775498, 0.69274527), (-0.82218003, -0.023532718, 0.0500679, -0.5665325), (0.99999976, -0.000011146069, 0.0000014305115, 0.0000022649765), (0.9968841, 0.009775639, -0.052479833, 0.05806926), (0.8986751, -0.0611251, 0.15762013, 0.4047249), (-0.6998759, 0.0139952, -0.12667143, -0.7028028), (0.7391298, 0.034989774, 0.15951023, 0.65346694), (0.98910594, -0.13848576, -0.040046215, 0.029781193), (0.8750548, 0.09468284, 0.036287814, 0.4732834), (-0.6975688, 0.009839147, -0.060468186, -0.7138938), (0.7408868, -0.0006492734, 0.065048456, 0.66847205), (0.8112446, 0.38224, 0.44136602, -0.031155199), (0.9804671, 0.09315296, -0.07221973, 0.15745178), (0.95000696, 0.07338369, 0.013719201, 0.30317235), (0.9517816, -0.0047261836, 0.004309386, 0.30671024), (0.037549242, -0.99736655, -0.0008252803, -0.06203893), (0.99999934, 2.9802322e-8, 0, 0), (0.99999934, 2.9802322e-8, 0, 0), (0.99999934, 2.9802322e-8, 0, 0), (0.99462503, -0.09902305, 0.012731656, 0.027443644), (0.99999976, -0.00015937071, 0.00018057227, 0.000029636547), (0.9999769, -0.00017408933, -0.0062727183, -0.0025566034), (0.99619687, -0.021411024, 0.024152428, -0.08093119), (0.5113069, -0.48755795, -0.4760388, -0.5236788), (0.47614515, -0.5227676, -0.5115027, -0.48822653), (1.0000004, 0, 0, 0), (0.51150316, -0.4882258, -0.4761448, -0.522768), (1.0000001, -2.9802322e-8, 3.7252903e-9, 4.656613e-10), (0.52693343, -0.47170386, -0.52676123, -0.4715498), (0.14425562, 0.71834445, 0.091156244, 0.6744344), (0.86893487, 0.020418435, -0.43376827, 0.23744492), (0.69515646, -0.15195963, -0.02852586, 0.7020342), (1, -5.9604645e-8, -8.940697e-8, 0), (1, -5.9604645e-8, -8.940697e-8, 0), (1, -5.9604645e-8, -8.940697e-8, 0), (1, -5.9604645e-8, -8.940697e-8, 0), (0.62609917, 0.74926263, 0.06166655, -0.20688799), (0.9967817, 0.017553538, 0.04999572, -0.06015396), (0.79442084, -0.10639694, 0.09304568, 0.5906924), (0.7902402, -0.02154079, -0.018074023, 0.61215144), (-0.6925032, -0.043015003, 0.07368693, -0.716351), (0.99931705, -0.019038051, 0.015522599, -0.027608335), (0.82299954, -0.12341112, 0.06534162, 0.55061096), (-0.7219058, -0.027816981, 0.03576176, -0.69050705), (0.82383907, 0.023237616, -0.050010413, 0.5641357), (1, 0.000011503696, 0, -1.1920929e-7), (0.9863062, -0.1153208, -0.09950623, 0.063245624), (0.88957226, 0.012683243, 0.22318956, 0.39835542), (-0.7019523, 0.013718039, -0.12562737, -0.70092285), (0.7367732, 0.03541243, 0.16039136, 0.65588576), (0.9895967, -0.13667876, -0.039672434, 0.021063387), (0.87574255, 0.049848735, 0.08839905, 0.47199166), (-0.69960845, 0.0097798705, -0.060065106, -0.71193045), (0.7457682, -0.037487477, 0.096874475, 0.65805817), (0.81078595, 0.36042872, 0.45673168, -0.06413968), (0.9846134, 0.08476429, -0.0667707, 0.13745469), (0.9611512, 0.1268658, 0.034805387, 0.2426581), (0.9623021, -0.01234369, 0.004851401, 0.27166137), (0.9973646, 0.03753391, -0.06208092, 0.001070857), (0.9999998, 2.9802322e-8, -3.7252903e-9, 0), (0.9999998, 2.9802322e-8, -3.7252903e-9, 0), (0.9999998, 2.9802322e-8, -3.7252903e-9, 0), (0.522156, -0.47694585, -0.5220262, -0.4768274), (0.38332146, -0.041268177, -0.031099975, 0.9221684), (0.7427471, -0.03851051, -0.024227023, 0.66802454), (-0.021969974, 0.9955168, 0.061089825, -0.06878665), (-0.0009405613, 0.70508444, 0.709116, 0.0030326247), (0.99999946, 0.000011101365, 0.00071665645, -0.0003861934), (0.9999989, 2.0861626e-7, -0.0000012516975, -0.0011720587), (0.50076336, -0.5488415, 0.472422, 0.47415835), (0.99999905, 2.9802322e-7, 6.854534e-7, -0.0014619008), (0.99945414, -0.03304629, 7.1525574e-7, 4.8428774e-8), (0.9978161, -0.06605635, 0.0000019669533, 1.3411045e-7), (0.99498856, -0.09999084, 0.0000022947788, 2.3841858e-7), (1.0000004, 2.1606684e-7, 5.066395e-7, 1.5832484e-8), (1.0000002, 4.284084e-8, 0.0000014901161, 7.4505806e-8), (1.0000005, 6.854534e-7, 0.0000014007092, 6.146729e-8), (0.9929327, 0.029556599, -0.01708448, 0.11366348), (0.99144393, -0.059929956, 0.0091291815, 0.11560283), (-0.010533531, 0.9991935, 0.03297034, 0.020349532), (0.003622681, 0.46774155, 0.8838572, 0.0007517934), (0.99999464, -0.0000073583797, -0.00010865927, -0.0031667931), (0.99999875, 1.9650906e-7, -0.0000013411045, -0.0011722259), (-0.54894227, -0.50083053, -0.47400364, 0.4723886), (0.9999988, 3.2305252e-7, 6.556511e-7, -0.0014619008), (0.99945384, -0.033046257, 1.1920929e-7, 2.2351742e-8), (0.99781597, -0.06605634, 1.1920929e-7, 8.940697e-8), (0.9949884, -0.09999093, 5.9604645e-8, 8.940697e-8), (1.0000001, 2.2724271e-7, 4.4703484e-8, -4.0978193e-8), (1.0000001, -1.8626451e-9, 0, -3.1664968e-8), (1, 7.096678e-7, 0, 5.5879354e-9), (0.50005645, -0.50003386, -0.49994817, -0.49996173), (0.50005645, -0.50003386, -0.49994817, -0.49996173), (0.50005645, -0.50003386, -0.49994817, -0.49996173), (0.50005645, -0.50003386, -0.49994817, -0.49996173)],
                9: [(1, -0.00006368, -0.00018952986, -0.0000091969505), (0.4688273, 0.523834, 0.43980858, 0.55889827), (0.9970689, 0.07339066, -0.018084675, 0.01183722), (0.99892735, 0.039693914, 0.006716676, 0.022879496), (0.9990345, 0.03922426, -0.006921768, 0.018537305), (0.9969847, 0.0651619, -0.02414383, 0.034527466), (0.6260933, 0.12800008, -0.7578612, -0.13141146), (0.9637935, 0.03180325, -0.26395932, 0.020380557), (0.71055335, 0.015850812, -0.21989247, 0.66821337), (0.99999964, -1.4901161e-8, -8.940697e-8, -1.4901161e-8), (0.99999964, -1.4901161e-8, -8.940697e-8, -1.4901161e-8), (0.99999964, -1.4901161e-8, -8.940697e-8, -1.4901161e-8), (0.99999964, -1.4901161e-8, -8.940697e-8, -1.4901161e-8), (0.63587165, 0.76749694, -0.07727003, -0.025379866), (0.9969117, 0.020287871, 0.054475993, -0.052788973), (0.8298573, 0.00861451, 0.029667497, 0.5571186), (0.78831655, -0.021513686, -0.01791995, 0.6146312), (-0.6896039, -0.022326335, 0.05709499, -0.7215861), (0.99939287, -0.020039812, 0.019187242, -0.02105251), (0.85463136, -0.017971292, -0.01252383, 0.5187722), (0.71981436, 0.02809006, -0.035778135, 0.6926741), (-0.8221809, -0.023532704, 0.050067782, -0.56653094), (0.9999995, -0.000011190772, 0.0000014305115, 0.0000023245811), (0.9971258, 0.009466574, -0.048976704, 0.057016015), (0.8986839, -0.06111686, 0.15765248, 0.4046931), (-0.6998768, 0.0139952, -0.12667137, -0.70280135), (0.73912936, 0.03498976, 0.15950994, 0.65346664), (0.9892067, -0.13887694, -0.036428273, 0.029248953), (0.87506706, 0.09469275, 0.036322355, 0.47325578), (-0.6975689, 0.009838685, -0.060468078, -0.7138934), (0.7408867, -0.0006492436, 0.0650484, 0.66847193), (0.8140137, 0.38185865, 0.4359263, -0.039156497), (0.98099273, 0.09405699, -0.061867416, 0.15804584), (0.9500109, 0.0734331, 0.013793021, 0.30314395), (0.9517815, -0.0047249626, 0.004309917, 0.3067095), (0.037549265, -0.9973663, -0.0008252384, -0.06203893), (0.9999995, 2.9802322e-8, -5.9604645e-8, -2.9802322e-8), (0.9999995, 2.9802322e-8, -5.9604645e-8, -2.9802322e-8), (0.9999995, 2.9802322e-8, -5.9604645e-8, -2.9802322e-8), (0.98878074, -0.142409, 0.020766854, 0.04000563), (0.99999964, -0.00015967526, 0.00020100176, 0.00016750395), (0.9999771, -0.00017338991, -0.006252274, -0.0024186447), (0.9954502, -0.02073272, 0.041811064, -0.08306692), (0.5113066, -0.48755774, -0.4760386, -0.5236786), (0.47614497, -0.52276736, -0.5115025, -0.48822635), (1, 0, 0, -4.656613e-10), (0.511503, -0.48822567, -0.47614458, -0.52276784), (0.9999999, -2.9802322e-8, 3.7252903e-9, 9.313226e-10), (0.52693325, -0.47170365, -0.526761, -0.47154963), (0.11446689, 0.70674837, 0.071403384, 0.6944819), (0.8335707, 0.029249549, -0.4770636, 0.27697268), (0.65138423, -0.17307612, 0.08487958, 0.7338514), (0.9999996, -5.9604645e-8, -5.9604645e-8, 7.450581e-9), (0.9999996, -5.9604645e-8, -5.9604645e-8, 7.450581e-9), (0.9999996, -5.9604645e-8, -5.9604645e-8, 7.450581e-9), (0.9999996, -5.9604645e-8, -5.9604645e-8, 7.450581e-9), (0.5887881, 0.7784242, 0.102344275, -0.1921182), (0.9967873, 0.01772499, 0.04997489, -0.060024858), (0.7944201, -0.10639635, 0.09304309, 0.59069383), (0.79024017, -0.02154082, -0.018073898, 0.6121515), (-0.69250333, -0.043014973, 0.07368684, -0.7163511), (0.99932384, -0.018863201, 0.015491754, -0.027486295), (0.82299864, -0.123410285, 0.06533861, 0.55061203), (-0.72190523, -0.027816892, 0.035761725, -0.6905069), (0.8238385, 0.023237646, -0.050010413, 0.5641352), (0.9999997, 0.000011444092, -8.940697e-8, -1.1920929e-7), (0.9863152, -0.1151374, -0.09956443, 0.06334245), (0.88957196, 0.012683988, 0.22318667, 0.39835668), (-0.701952, 0.013718247, -0.12562744, -0.7009225), (0.7367728, 0.03541246, 0.16039142, 0.65588546), (0.9896165, -0.13650057, -0.03972581, 0.021170467), (0.8757418, 0.04984942, 0.08839592, 0.47199267), (-0.6996082, 0.0097799, -0.060065098, -0.71193016), (0.74576795, -0.037487388, 0.096874475, 0.6580579), (0.8107445, 0.36051908, 0.45675948, -0.06395261), (0.9846127, 0.08476241, -0.06676969, 0.13746022), (0.9611508, 0.12686574, 0.034805506, 0.24265812), (0.96230173, -0.01234363, 0.0048513114, 0.27166122), (0.9973643, 0.03753388, -0.06208092, 0.0010708272), (0.9999995, -1.4901161e-8, 0, 0), (0.9999995, -1.4901161e-8, 0, 0), (0.9999995, -1.4901161e-8, 0, 0), (0.5221559, -0.47694582, -0.522026, -0.4768273), (0.37535194, -0.009931779, -0.05359447, 0.9252783), (0.84812975, -0.022921415, -0.028413747, 0.52852917), (0.0100332, 0.9960917, -0.05014014, -0.072015256), (-0.00039085746, 0.69896394, 0.71515405, 0.0017847121), (0.9999994, 0.000014755875, 0.0004351139, 0.0002488792), (0.9999986, 2.2351742e-7, -0.0000012516975, -0.0011720508), (0.50076324, -0.54884136, 0.47242194, 0.47415817), (0.9999989, 3.0361116e-7, 6.556511e-7, -0.001461897), (0.9994539, -0.03304629, 7.4505806e-7, 3.7252903e-8), (0.99781597, -0.06605633, 0.0000019818544, 1.2665987e-7), (0.9949884, -0.09999084, 0.0000022798777, 2.3841858e-7), (1.0000002, 2.1606684e-7, 5.066395e-7, 1.8626451e-8), (1.0000002, 4.284084e-8, 0.0000015497208, 2.7939677e-8), (1.0000005, 6.92904e-7, 0.0000013709068, 6.7055225e-8), (0.98043597, 0.06793569, 0.012222454, 0.18433812), (0.99475276, -0.08106443, 0.0050323606, 0.06221113), (-0.024247393, 0.95292026, 0.30211878, -0.00892368), (0.0026752353, 0.4333361, 0.9012022, 0.006896466), (0.99998844, -0.00003219396, 0.00044983625, -0.0048252977), (0.9999993, 1.7508864e-7, -0.0000013411045, -0.0011722408), (-0.5489425, -0.5008307, -0.47400388, 0.47238877), (0.99999917, 3.0454248e-7, 6.556511e-7, -0.0014618412), (0.9994541, -0.03304625, 5.9604645e-8, 3.3527613e-8), (0.9978162, -0.06605639, 1.4901161e-7, 8.940697e-8), (0.9949887, -0.09999095, 5.9604645e-8, 7.4505806e-8), (0.99999994, 2.2724271e-7, 0, -3.3527613e-8), (1, -3.7252903e-9, 0, -4.8428774e-8), (1, 6.92904e-7, 2.9802322e-8, 1.8626451e-8), (0.5000563, -0.5000338, -0.49994808, -0.49996164), (0.5000563, -0.5000338, -0.49994808, -0.49996164), (0.5000563, -0.5000338, -0.49994808, -0.49996164), (0.5000563, -0.5000338, -0.49994808, -0.49996164)],
                10: [(1, 0.000009911041, 0.00008358657, 0.00004964539), (0.4701733, 0.5523235, 0.42905775, 0.5383171), (0.99754655, 0.06754241, 0.01721847, 0.006527735), (0.9989015, 0.042900506, 0.0015737265, 0.018797092), (0.9988732, 0.042747743, -0.008445896, 0.01881349), (0.99674344, 0.070044, -0.021453932, 0.033708483), (0.6272865, 0.11288816, -0.7514446, -0.17058429), (0.9695958, 0.02157396, -0.24375755, 0.0008212626), (0.67551714, 0.039542764, -0.27385807, 0.68345785), (1, -1.4901161e-8, -8.940697e-8, 7.450581e-9), (1, -1.4901161e-8, -8.940697e-8, 7.450581e-9), (1, -1.4901161e-8, -8.940697e-8, 7.450581e-9), (1, -1.4901161e-8, -8.940697e-8, 7.450581e-9), (0.6535024, 0.7507998, -0.09474814, -0.016038686), (0.99702597, 0.020641863, 0.053571224, -0.051413953), (0.8298553, 0.008605421, 0.029640704, 0.5571243), (0.78831697, -0.021514371, -0.017919749, 0.6146319), (-0.68960446, -0.022326276, 0.057094812, -0.7215867), (0.99940956, -0.01936382, 0.017722458, -0.022177994), (0.8533832, -0.018031359, -0.0120482445, 0.5208332), (0.71977425, 0.028102517, -0.035776936, 0.69271624), (-0.82218087, -0.023532733, 0.05006811, -0.56653225), (1.0000001, -0.000011175871, 0.0000014305115, 0.0000023245811), (0.99699837, 0.0098551065, -0.049938142, 0.05834034), (0.8986862, -0.061127454, 0.1576269, 0.40469846), (-0.6998784, 0.013995886, -0.12667133, -0.70280117), (0.73913014, 0.03498982, 0.15951009, 0.6534675), (0.9891842, -0.1384829, -0.037569642, 0.030426651), (0.8750694, 0.09468292, 0.036294997, 0.473256), (-0.6975689, 0.009839237, -0.060468104, -0.71389353), (0.74088675, -0.0006492138, 0.06504843, 0.66847193), (0.81324726, 0.3812569, 0.43806535, -0.0370318), (0.98070145, 0.093874045, -0.06432429, 0.15898332), (0.95000947, 0.073395744, 0.0137369335, 0.30316225), (0.95178205, -0.004726041, 0.0043094493, 0.30671015), (0.03754929, -0.99736685, -0.0008252198, -0.062038943), (0.9999997, 2.9802322e-8, -2.9802322e-8, -2.9802322e-8), (0.9999997, 2.9802322e-8, -2.9802322e-8, -2.9802322e-8), (0.9999997, 2.9802322e-8, -2.9802322e-8, -2.9802322e-8), (0.9867598, -0.15578775, 0.02488774, 0.03762804), (0.9999999, -0.000020574778, 0.00023448467, 0.00020620227), (0.9999777, -0.000034350902, -0.0062184185, -0.0023808777), (0.9950527, -0.020522319, 0.040244147, -0.088482834), (0.5113068, -0.487558, -0.47603878, -0.5236788), (0.47614515, -0.52276766, -0.5115027, -0.4882265), (1.0000005, 0, 0, -4.656613e-10), (0.51150316, -0.4882258, -0.4761448, -0.52276796), (1.0000001, -2.9802322e-8, 3.7252903e-9, 9.313226e-10), (0.52693343, -0.47170383, -0.52676123, -0.47154978), (0.09102648, 0.68193305, 0.063121766, 0.7229779), (0.81274366, 0.0342623, -0.49906036, 0.29868442), (0.6012039, -0.18406066, 0.13308117, 0.7661363), (1, -5.9604645e-8, -8.940697e-8, 0), (1, -5.9604645e-8, -8.940697e-8, 0), (1, -5.9604645e-8, -8.940697e-8, 0), (1, -5.9604645e-8, -8.940697e-8, 0), (0.62287575, 0.7647228, 0.102075845, -0.1296351), (0.99681664, 0.017413318, 0.04998997, -0.05961749), (0.79441774, -0.10639903, 0.09304428, 0.59069633), (0.7902402, -0.021540761, -0.018073998, 0.61215144), (-0.6925033, -0.043015003, 0.07368687, -0.71635103), (0.9993297, -0.019160569, 0.015500873, -0.027066708), (0.82299656, -0.12341261, 0.0653393, 0.55061466), (-0.7219055, -0.027816981, 0.035761923, -0.6905068), (0.82383883, 0.023237616, -0.05001065, 0.56413555), (0.9999999, 0.000011473894, -2.9802322e-8, -1.4901161e-7), (0.9862575, -0.11538005, -0.09956995, 0.06379238), (0.8895711, 0.012681693, 0.22318667, 0.3983596), (-0.7019521, 0.013718098, -0.12562752, -0.70092297), (0.7367734, 0.03541237, 0.1603913, 0.65588593), (0.989569, -0.13677052, -0.03975278, 0.021604925), (0.87574047, 0.049847156, 0.08839652, 0.47199577), (-0.6996084, 0.009779841, -0.06006518, -0.71193045), (0.74576813, -0.037487447, 0.096874535, 0.6580581), (0.8108649, 0.36008754, 0.4569149, -0.06375176), (0.98461324, 0.08475922, -0.06676838, 0.13746144), (0.96115136, 0.12686577, 0.034805655, 0.24265824), (0.9623022, -0.012343675, 0.004851401, 0.27166137), (0.9973645, 0.03753391, -0.06208092, 0.001070857), (0.9999999, -1.4901161e-8, -1.4901161e-8, 0), (0.9999999, -1.4901161e-8, -1.4901161e-8, 0), (0.9999999, -1.4901161e-8, -1.4901161e-8, 0), (0.522156, -0.47694582, -0.5220262, -0.47682738), (0.3122785, 0.013592331, -0.04309511, 0.94891536), (0.95781964, -0.008342316, -0.016515404, 0.2867739), (0.039382666, 0.99124503, -0.11461735, -0.052390397), (0.0023322701, 0.67375904, 0.7389436, 0.0021901429), (0.99999046, 0.000028796494, -0.000024199486, 0.0042239055), (0.99999857, 1.9744039e-7, -0.0000012516975, -0.0011720881), (0.50076324, -0.54884136, 0.4724219, 0.47415823), (0.9999989, 3.1292439e-7, 6.4074993e-7, -0.001461897), (0.99945396, -0.033046246, 7.0780516e-7, 1.8626451e-8), (0.997816, -0.06605634, 0.0000019595027, 1.2665987e-7), (0.99498844, -0.09999086, 0.0000023394823, 2.7567148e-7), (1.0000005, 2.1606684e-7, 4.917383e-7, -7.450581e-9), (1.0000004, 6.146729e-8, 0.0000015050173, 5.9604645e-8), (1.0000005, 6.9104135e-7, 0.000001385808, 8.195639e-8), (0.9722158, 0.07012062, 0.052941665, 0.21697165), (0.9942938, -0.09324094, 0.0049372017, 0.051588904), (-0.02836378, 0.9436913, 0.32869184, -0.024567991), (0.0013831556, 0.67907447, 0.73404145, 0.0062351525), (0.99999774, 0.000017818063, 0.0006488636, 0.001992073), (0.9999989, 1.7136335e-7, -0.0000013411045, -0.0011722464), (-0.5489423, -0.50083053, -0.47400367, 0.47238863), (0.9999988, 3.1478703e-7, 6.854534e-7, -0.0014618859), (0.9994538, -0.03304625, 5.9604645e-8, 1.8626451e-8), (0.99781597, -0.06605634, 8.940697e-8, 8.940697e-8), (0.9949883, -0.09999092, 5.9604645e-8, 6.7055225e-8), (1, 2.2724271e-7, 2.9802322e-8, -2.9802322e-8), (1, -3.7252903e-9, 0, -3.3527613e-8), (0.99999994, 6.966293e-7, 0, 4.0978193e-8), (0.50005645, -0.50003386, -0.49994817, -0.49996164), (0.50005645, -0.50003386, -0.49994817, -0.49996164), (0.50005645, -0.50003386, -0.49994817, -0.49996164), (0.50005645, -0.50003386, -0.49994817, -0.49996164)],
                11: [(1, -0.000021602547, 0.000046338555, 0.00006113992), (0.4863495, 0.57207006, 0.4043297, 0.5222237), (0.9952787, 0.07772675, 0.057937212, 0.0047309007), (0.99890876, 0.043279693, -0.0020048842, 0.017442368), (0.9988669, 0.043218035, -0.0078082383, 0.018330872), (0.99652904, 0.074723676, -0.020145983, 0.030659303), (0.6405151, 0.101453364, -0.7348309, -0.19867162), (0.96756285, 0.020354152, -0.2509334, -0.020958126), (0.66658294, 0.082816616, -0.30967364, 0.672986), (0.9999997, 0, -8.940697e-8, -7.450581e-9), (0.9999997, 0, -8.940697e-8, -7.450581e-9), (0.9999997, 0, -8.940697e-8, -7.450581e-9), (0.9999997, 0, -8.940697e-8, -7.450581e-9), (0.7009007, 0.70932984, -0.074755505, -0.00074261427), (0.9971403, 0.020563543, 0.05402395, -0.04867512), (0.8298435, 0.008610785, 0.029662848, 0.5571401), (0.7883168, -0.02151388, -0.017919678, 0.61463165), (-0.68960434, -0.02232626, 0.057094604, -0.7215864), (0.99946207, -0.01969245, 0.019102633, -0.017954022), (0.8541223, -0.018213183, -0.01305604, 0.51958895), (0.71979225, 0.028087512, -0.03577703, 0.692698), (-0.8221811, -0.023532659, 0.050067842, -0.56653154), (0.9999997, -0.000011175871, 0.0000014305115, 0.0000022649765), (0.9968525, 0.010100007, -0.04952386, 0.061074823), (0.8986761, -0.061116993, 0.15764077, 0.40471616), (-0.69987637, 0.013995051, -0.12667154, -0.70280254), (0.73912984, 0.034989804, 0.1595101, 0.65346706), (0.9891232, -0.1382804, -0.037564456, 0.033198386), (0.8750565, 0.09469068, 0.036309183, 0.47327703), (-0.6975689, 0.0098387, -0.060468107, -0.71389365), (0.7408867, -0.0006492138, 0.065048665, 0.668472), (0.81259656, 0.3799646, 0.4405902, -0.034546584), (0.98057187, 0.093776464, -0.06560412, 0.15931308), (0.95000887, 0.07341001, 0.01375863, 0.3031578), (0.95178175, -0.0047256574, 0.0043097213, 0.30670977), (0.037549287, -0.99736655, -0.0008252198, -0.06203893), (0.9999994, 0, -5.9604645e-8, 0), (0.9999994, 0, -5.9604645e-8, 0), (0.9999994, 0, -5.9604645e-8, 0), (0.98585975, -0.16317117, 0.029398993, 0.024308696), (0.99999964, 0.00000224635, 0.00038260221, 0.00007976219), (0.99997807, -0.00001273118, -0.006070271, -0.0025075488), (0.9956831, -0.018714659, 0.030761912, -0.0855459), (0.5113067, -0.48755783, -0.47603866, -0.5236786), (0.476145, -0.5227674, -0.5115025, -0.48822632), (1, 0, 4.656613e-10, 4.656613e-10), (0.51150304, -0.4882257, -0.47614467, -0.52276784), (0.99999994, -2.9802322e-8, 0, 9.313226e-10), (0.52693325, -0.4717037, -0.5267611, -0.47154963), (0.07600581, 0.6663913, 0.062330633, 0.73909396), (0.8047633, 0.037861288, -0.51564103, 0.29160893), (0.5563303, -0.17604437, 0.14071795, 0.79981387), (0.9999994, -5.9604645e-8, -8.940697e-8, 0), (0.9999994, -5.9604645e-8, -8.940697e-8, 0), (0.9999994, -5.9604645e-8, -8.940697e-8, 0), (0.9999994, -5.9604645e-8, -8.940697e-8, 0), (0.66933095, 0.7308978, 0.108685106, -0.07727152), (0.99681985, 0.017159283, 0.049993634, -0.059622288), (0.794418, -0.10640006, 0.09304519, 0.5906946), (0.7902395, -0.021540672, -0.018073976, 0.612151), (-0.69250244, -0.043015018, 0.0736869, -0.71635056), (0.99932414, -0.019414037, 0.015512317, -0.027062148), (0.8229966, -0.12341383, 0.06534061, 0.55061316), (-0.72190493, -0.02781701, 0.035761893, -0.69050646), (0.8238381, 0.023237646, -0.05001059, 0.564135), (0.9999993, 0.000011473894, -5.9604645e-8, -1.1920929e-7), (0.98622894, -0.11562765, -0.09953633, 0.06382796), (0.88957065, 0.012680292, 0.22318791, 0.3983581), (-0.70195174, 0.01371789, -0.12562734, -0.7009223), (0.73677284, 0.03541237, 0.16039112, 0.6558854), (0.9895342, -0.13702023, -0.039729983, 0.021625698), (0.87574047, 0.049845845, 0.08839765, 0.47199422), (-0.69960785, 0.00977993, -0.06006518, -0.71192986), (0.7457675, -0.037487388, 0.096874356, 0.65805763), (0.8109479, 0.3598768, 0.45691615, -0.06386614), (0.9846127, 0.08475962, -0.06676984, 0.13745862), (0.9611504, 0.12686561, 0.03480555, 0.24265803), (0.9623013, -0.012343675, 0.0048513412, 0.27166116), (0.99736387, 0.03753388, -0.06208089, 0.0010708272), (0.9999993, 0, 1.4901161e-8, 0), (0.9999993, 0, 1.4901161e-8, 0), (0.9999993, 0, 1.4901161e-8, 0), (0.5221559, -0.47694576, -0.522026, -0.47682726), (0.23290336, 0.041868653, -0.05133453, 0.9702411), (0.9999033, -0.004575694, -0.004551865, 0.012308016), (0.044830665, 0.9980761, -0.035959434, -0.023253173), (0.0064967573, 0.5844507, 0.8113482, 0.00938791), (0.9999902, -0.00005158782, -0.00022855401, 0.0043010586), (0.99999857, 1.899898e-7, -0.0000012367964, -0.0011720508), (0.50076324, -0.54884136, 0.47242182, 0.47415814), (0.9999989, 3.2410026e-7, 6.183982e-7, -0.001461871), (0.9994539, -0.033046253, 7.4505806e-7, 2.2351742e-8), (0.99781597, -0.06605633, 0.0000019446015, 8.195639e-8), (0.99498844, -0.0999909, 0.0000022798777, 2.5331974e-7), (1.0000001, 2.4400651e-7, 5.2154064e-7, -3.7252903e-9), (1.0000002, 3.7252903e-8, 0.0000015050173, 4.8428774e-8), (1.0000002, 6.8359077e-7, 0.0000013262033, 6.7055225e-8), (0.9761145, 0.08634512, 0.09007417, 0.17785382), (0.9746949, -0.094482034, 0.019596368, 0.20164233), (-0.036633357, 0.9512177, 0.30572963, -0.019309938), (0.00636667, 0.81880325, 0.5740318, 0.0029812157), (0.99996984, 0.000014819205, 0.0005032569, 0.007795498), (0.9999993, 1.7508864e-7, -0.0000013411045, -0.0011722483), (-0.5489425, -0.50083077, -0.4740039, 0.47238886), (0.9999993, 3.2386743e-7, 6.854534e-7, -0.0014618821), (0.9994542, -0.033046264, 1.1920929e-7, 2.9802322e-8), (0.9978163, -0.06605639, 1.1920929e-7, 7.0780516e-8), (0.9949888, -0.09999093, 2.9802322e-8, 6.7055225e-8), (1.0000004, 2.2724271e-7, 5.9604645e-8, -3.3527613e-8), (1.0000004, -3.7252903e-9, 0, -2.9802322e-8), (1.0000004, 6.92904e-7, 0, 2.6077032e-8), (0.5000564, -0.5000339, -0.4999482, -0.4999617), (0.5000564, -0.5000339, -0.4999482, -0.4999617), (0.5000564, -0.5000339, -0.4999482, -0.4999617), (0.5000564, -0.5000339, -0.4999482, -0.4999617)],
                12: [(1, -0.000019017834, 0.000026391046, -0.000060204973), (0.5117454, 0.5903522, 0.36576933, 0.5057804), (0.9891691, 0.098927125, 0.1083246, 0.0048582237), (0.99898964, 0.041072674, -0.0056959093, 0.017325424), (0.9989902, 0.041136462, -0.004762873, 0.017425485), (0.99678123, 0.075318955, -0.015087292, 0.022943705), (0.6517671, 0.09475589, -0.7194363, -0.22052702), (0.9588144, 0.024189562, -0.28143775, -0.029699475), (0.64695525, 0.09454344, -0.33098426, 0.6804111), (0.99999976, 0, -8.940697e-8, -7.450581e-9), (0.99999976, 0, -8.940697e-8, -7.450581e-9), (0.99999976, 0, -8.940697e-8, -7.450581e-9), (0.99999976, 0, -8.940697e-8, -7.450581e-9), (0.74848795, 0.660574, -0.0582937, -0.0030029714), (0.9972744, 0.02090311, 0.05141911, -0.048603863), (0.82983595, 0.00860253, 0.029645383, 0.5571524), (0.78831655, -0.021514088, -0.017919764, 0.6146319), (-0.6896044, -0.02232641, 0.057094812, -0.7215864), (0.9995168, -0.019425869, 0.01641345, -0.017858297), (0.8541956, -0.018191159, -0.013013482, 0.51947045), (0.7197811, 0.028094992, -0.03577692, 0.6927091), (-0.82218075, -0.023532689, 0.050067812, -0.56653166), (0.99999964, -0.000011146069, 0.0000014305115, 0.0000022947788), (0.99671656, 0.010151416, -0.052150905, 0.061095774), (0.89867383, -0.06112504, 0.15762067, 0.4047274), (-0.6998759, 0.01399523, -0.12667142, -0.7028028), (0.73912966, 0.034989834, 0.15951002, 0.65346694), (0.9890503, -0.13815749, -0.04016629, 0.03283289), (0.8750534, 0.094682485, 0.0362882, 0.47328573), (-0.69756854, 0.009839177, -0.06046807, -0.71389365), (0.74088657, -0.0006493032, 0.065048456, 0.6684718), (0.81146324, 0.3804354, 0.4425754, -0.030379176), (0.9803059, 0.09329361, -0.07112712, 0.15886287), (0.9500048, 0.07339932, 0.013743639, 0.30317402), (0.95178175, -0.0047256052, 0.0043096244, 0.30671012), (0.037549302, -0.9973664, -0.0008252384, -0.06203893), (0.9999996, 0, -5.9604645e-8, 0), (0.9999996, 0, -5.9604645e-8, 0), (0.9999996, 0, -5.9604645e-8, 0), (0.98570526, -0.16657498, 0.01930572, 0.016280428), (0.99999976, -0.00006699283, 0.000287354, 0.00012309477), (0.9999778, -0.00008128025, -0.0061658174, -0.0024637096), (0.99581015, -0.0122303385, 0.027167901, -0.08645511), (0.51130694, -0.487558, -0.4760389, -0.5236789), (0.4761453, -0.52276766, -0.5115028, -0.4882266), (1.0000006, 7.450581e-9, 0, 4.656613e-10), (0.5115033, -0.4882259, -0.4761449, -0.52276814), (1.0000005, -2.9802322e-8, 0, 0), (0.5269335, -0.47170392, -0.5267613, -0.4715499), (0.060717337, 0.64729005, 0.061858833, 0.7572993), (0.8142214, 0.03703046, -0.5196417, 0.25621203), (0.539971, -0.17832752, 0.12115991, 0.8136036), (1.0000001, -4.4703484e-8, -8.940697e-8, 0), (1.0000001, -4.4703484e-8, -8.940697e-8, 0), (1.0000001, -4.4703484e-8, -8.940697e-8, 0), (1.0000001, -4.4703484e-8, -8.940697e-8, 0), (0.68871945, 0.71403354, 0.11691108, -0.04640484), (0.9968109, 0.017319798, 0.04998231, -0.05974683), (0.7944203, -0.10639699, 0.093043044, 0.5906937), (0.7902402, -0.021540761, -0.01807405, 0.6121516), (-0.6925031, -0.043015048, 0.07368693, -0.71635115), (0.9993245, -0.01925832, 0.015500933, -0.027193159), (0.822999, -0.12341103, 0.065338686, 0.550612), (-0.72190577, -0.02781701, 0.035761893, -0.69050694), (0.823839, 0.023237705, -0.05001059, 0.5641357), (0.99999994, 0.000011473894, -2.9802322e-8, -5.9604645e-8), (0.9862541, -0.115490705, -0.09954888, 0.0636791), (0.8895723, 0.012683451, 0.22318691, 0.39835674), (-0.7019522, 0.013718203, -0.12562732, -0.7009228), (0.73677325, 0.03541234, 0.16039115, 0.65588576), (0.9895581, -0.13687408, -0.039732993, 0.021485388), (0.87574226, 0.049848855, 0.08839609, 0.4719926), (-0.6996086, 0.009779811, -0.06006509, -0.7119306), (0.7457683, -0.037487358, 0.096874595, 0.6580582), (0.8108926, 0.36006448, 0.45686325, -0.06389752), (0.9846127, 0.084762156, -0.06677016, 0.13745993), (0.96115077, 0.12686574, 0.03480558, 0.24265808), (0.96230155, -0.012343749, 0.0048514605, 0.2716612), (0.9973645, 0.03753388, -0.06208092, 0.0010708272), (0.9999999, 0, -7.450581e-9, -2.9802322e-8), (0.9999999, 0, -7.450581e-9, -2.9802322e-8), (0.9999999, 0, -7.450581e-9, -2.9802322e-8), (0.522156, -0.47694585, -0.5220261, -0.47682738), (0.20992321, 0.09154202, -0.06456563, 0.9712794), (0.99976075, -0.003552368, 0.00062704086, 0.021577343), (0.0066423006, 0.99952495, -0.030081399, 0.0010975301), (0.0023815632, 0.6285305, 0.7777159, 0.010103166), (0.99999475, -0.000034309924, 0.000055849552, 0.0032922504), (0.99999917, 2.3655593e-7, -0.0000012889504, -0.0011720508), (0.50076354, -0.54884166, 0.47242206, 0.47415844), (0.99999917, 3.296882e-7, 6.854534e-7, -0.0014618859), (0.99945414, -0.03304633, 7.003546e-7, 5.2154064e-8), (0.9978162, -0.06605638, 0.0000019222498, 1.1175871e-7), (0.9949887, -0.09999086, 0.0000023320317, 2.682209e-7), (1.0000004, 2.0116568e-7, 4.917383e-7, 2.6077032e-8), (1.0000004, 6.891787e-8, 0.0000015050173, 5.5879354e-8), (1.0000005, 7.301569e-7, 0.0000013262033, 7.4505806e-8), (0.9835535, 0.10304894, 0.13056028, 0.07041085), (0.87825656, -0.086, 0.042488247, 0.4684704), (-0.030952029, 0.9837417, 0.17655085, -0.011136562), (0.011256367, 0.80051047, 0.5992025, 0.0035172403), (0.9999784, -0.000047268346, 0.00026731193, 0.0065523237), (0.9999989, 1.6950071e-7, -0.0000013411045, -0.0011722445), (-0.5489423, -0.50083053, -0.4740037, 0.47238865), (0.99999905, 3.274472e-7, 6.2584877e-7, -0.001461884), (0.999454, -0.03304625, 8.940697e-8, 2.7939677e-8), (0.9978162, -0.066056356, 1.1920929e-7, 7.4505806e-8), (0.99498856, -0.09999094, 2.9802322e-8, 4.8428774e-8), (1.0000002, 2.1234155e-7, -1.4901161e-8, -6.3329935e-8), (1.0000002, 1.1175871e-8, 0, -1.8626451e-8), (1.0000002, 7.0780516e-7, 4.4703484e-8, 0), (0.50005645, -0.50003386, -0.49994814, -0.49996173), (0.50005645, -0.50003386, -0.49994814, -0.49996173), (0.50005645, -0.50003386, -0.49994814, -0.49996173), (0.50005645, -0.50003386, -0.49994814, -0.49996173)],
                13: [(1, 0.00005960596, -0.0001262277, -0.00019964423), (0.53173417, 0.60016465, 0.3296881, 0.49836442), (0.9815098, 0.12262697, 0.14692366, 0.0038437932), (0.9991367, 0.03598468, -0.009559959, 0.018430665), (0.9991927, 0.03607174, -0.0021113157, 0.01755634), (0.9976299, 0.06430636, -0.014196128, 0.019938827), (0.63393855, 0.09870845, -0.733606, -0.22405447), (0.9480385, 0.03009826, -0.31672746, -0.00030601025), (0.6400896, 0.0689242, -0.29503965, 0.70603514), (0.9999997, -1.4901161e-8, -8.940697e-8, 0), (0.9999997, -1.4901161e-8, -8.940697e-8, 0), (0.9999997, -1.4901161e-8, -8.940697e-8, 0), (0.9999997, -1.4901161e-8, -8.940697e-8, 0), (0.77385026, 0.63016796, -0.052572966, -0.035773993), (0.9970789, 0.020878732, 0.049741417, -0.05406761), (0.829862, 0.008607149, 0.029642224, 0.55711436), (0.7883173, -0.021514028, -0.017919747, 0.61463165), (-0.6896046, -0.02232626, 0.057094812, -0.7215868), (0.9994594, -0.01987344, 0.01508826, -0.021396637), (0.8552429, -0.018071473, -0.013149828, 0.51774484), (0.71979415, 0.028091937, -0.03577721, 0.69269526), (-0.82218075, -0.02353254, 0.0500679, -0.5665314), (0.9999999, -0.000011175871, 0.0000014007092, 0.0000023245811), (0.99695903, 0.009396136, -0.05372572, 0.055656105), (0.89869016, -0.061127365, 0.15763152, 0.40468693), (-0.69987816, 0.013995737, -0.12667145, -0.70280063), (0.7391298, 0.03498982, 0.1595102, 0.65346706), (0.9891002, -0.13880068, -0.040925264, 0.027201831), (0.8750744, 0.094683945, 0.03630063, 0.47324592), (-0.6975691, 0.009838939, -0.0604682, -0.7138934), (0.7408868, -0.0006492138, 0.065048605, 0.66847193), (0.8101377, 0.38427895, 0.44180524, -0.028539747), (0.9805565, 0.092702895, -0.07680926, 0.15496892), (0.9500154, 0.0733823, 0.013715029, 0.30314592), (0.95178163, -0.0047260523, 0.0043094605, 0.3067096), (0.037549302, -0.99736655, -0.0008252305, -0.06203894), (0.9999995, 0, -2.9802322e-8, -2.9802322e-8), (0.9999995, 0, -2.9802322e-8, -2.9802322e-8), (0.9999995, 0, -2.9802322e-8, -2.9802322e-8), (0.9878867, -0.15476055, 0.009862468, 0.0055963844), (0.99999976, -0.00023525301, 0.00021520257, 0.00006598979), (0.9999771, -0.00024979282, -0.0062383115, -0.002519749), (0.99590355, -0.0034605842, 0.025576264, -0.08665869), (0.51130676, -0.4875579, -0.47603872, -0.52367866), (0.4761451, -0.5227675, -0.51150256, -0.4882264), (1.0000002, -7.450581e-9, 4.656613e-10, 0), (0.5115031, -0.48822576, -0.47614476, -0.5227679), (1, -2.9802322e-8, 0, 4.656613e-10), (0.5269334, -0.47170377, -0.5267611, -0.47154975), (0.04523193, 0.63831, 0.05842367, 0.76622486), (0.8303047, 0.042491287, -0.5144431, 0.21008651), (0.53181905, -0.18622026, 0.065960616, 0.8234922), (0.99999994, -5.9604645e-8, -5.9604645e-8, 0), (0.99999994, -5.9604645e-8, -5.9604645e-8, 0), (0.99999994, -5.9604645e-8, -5.9604645e-8, 0), (0.99999994, -5.9604645e-8, -5.9604645e-8, 0), (0.7108146, 0.69443697, 0.11147815, -0.008507341), (0.9968223, 0.017133951, 0.05004254, -0.05955732), (0.79441714, -0.10640007, 0.09304406, 0.59069705), (0.7902402, -0.021540672, -0.018074006, 0.61215156), (-0.69250304, -0.043015078, 0.07368702, -0.71635115), (0.99932534, -0.019435644, 0.015559435, -0.026994467), (0.8229961, -0.1234135, 0.06533915, 0.55061543), (-0.72190535, -0.02781707, 0.035761893, -0.690507), (0.82383865, 0.023237646, -0.05001068, 0.5641354), (0.99999976, 0.000011444092, -2.9802322e-8, -8.940697e-8), (0.9862278, -0.115636975, -0.09949443, 0.06390172), (0.8895708, 0.01268059, 0.22318612, 0.39836034), (-0.7019518, 0.013717979, -0.12562743, -0.7009231), (0.7367731, 0.03541246, 0.16039139, 0.6558857), (0.98953265, -0.13703576, -0.039690167, 0.021699578), (0.87574005, 0.04984626, 0.08839594, 0.47199646), (-0.6996084, 0.009779811, -0.060065, -0.7119303), (0.745768, -0.0374873, 0.096874475, 0.65805805), (0.81093645, 0.35982743, 0.4569799, -0.06384024), (0.9846128, 0.08475761, -0.06676814, 0.13746262), (0.96115077, 0.1268657, 0.03480561, 0.24265823), (0.9623017, -0.01234369, 0.004851371, 0.27166128), (0.99736434, 0.03753385, -0.06208089, 0.0010708272), (0.9999997, 0, -1.4901161e-8, 2.9802322e-8), (0.9999997, 0, -1.4901161e-8, 2.9802322e-8), (0.9999997, 0, -1.4901161e-8, 2.9802322e-8), (0.52215594, -0.47694585, -0.5220261, -0.47682738), (0.24608451, 0.13621129, -0.0732477, 0.95683026), (0.9791707, -0.0044290777, 0.0019847713, 0.20298214), (0.010034911, 0.99827844, -0.05758266, 0.0048874915), (-0.0002886355, 0.7119233, 0.70225656, 0.00076392293), (0.99999964, 0.000043431297, 0.00012594461, 0.00037008524), (0.99999905, 1.937151e-7, -0.0000012405217, -0.0011720397), (0.5007634, -0.54884154, 0.4724221, 0.47415835), (0.9999993, 3.1851232e-7, 7.003546e-7, -0.0014618635), (0.9994544, -0.033046264, 7.1525574e-7, 2.6077032e-8), (0.9978163, -0.066056326, 0.0000019520521, 8.940697e-8), (0.9949888, -0.09999086, 0.0000022873282, 2.4586916e-7), (1.0000005, 2.4586916e-7, 5.066395e-7, 2.2351742e-8), (1.0000006, 7.0780516e-8, 0.0000014901161, 4.4703484e-8), (1.0000007, 6.891787e-7, 0.0000013411045, 5.9604645e-8), (0.978325, 0.11297904, 0.16996734, -0.035034258), (0.74228466, -0.078679465, 0.053102612, 0.6633279), (-0.010619219, 0.99387765, 0.10922706, -0.012826741), (0.0058166087, 0.7598101, 0.6501174, 0.0016807318), (0.9999835, 0.0000015990809, 0.000065431, 0.0058049858), (0.9999994, 1.7415732e-7, -0.0000013411045, -0.0011722464), (-0.5489425, -0.5008307, -0.4740039, 0.4723888), (0.9999994, 3.229361e-7, 6.556511e-7, -0.0014618845), (0.9994544, -0.033046264, 8.940697e-8, 2.0489097e-8), (0.99781644, -0.066056386, 8.940697e-8, 7.264316e-8), (0.99498886, -0.09999097, 0, 5.5879354e-8), (1.0000004, 2.3841858e-7, 2.9802322e-8, -4.4703484e-8), (1.0000005, 1.4901161e-8, 0, -4.8428774e-8), (1.0000004, 7.4133277e-7, 2.9802322e-8, -1.1175871e-8), (0.50005645, -0.5000339, -0.49994826, -0.49996173), (0.50005645, -0.5000339, -0.49994826, -0.49996173), (0.50005645, -0.5000339, -0.49994826, -0.49996173), (0.50005645, -0.5000339, -0.49994826, -0.49996173)],
                14: [(0.99999994, 0.00016602926, -0.00022779868, -0.00026272825), (0.5299401, 0.6022034, 0.32749125, 0.49926353), (0.9802604, 0.11580906, 0.16020536, 0.0034783818), (0.99940455, 0.02349056, -0.015186712, 0.020198815), (0.9995692, 0.023935594, 0.00303109, 0.016703576), (0.9988941, 0.037866794, -0.014803648, 0.023598671), (0.60643023, 0.106675535, -0.75783443, -0.21575202), (0.93522406, 0.025971353, -0.34997177, 0.04690504), (0.6570671, 0.045384698, -0.23987818, 0.7132043), (0.9999995, -2.9802322e-8, -8.940697e-8, 0), (0.9999995, -2.9802322e-8, -8.940697e-8, 0), (0.9999995, -2.9802322e-8, -8.940697e-8, 0), (0.9999995, -2.9802322e-8, -8.940697e-8, 0), (0.77350175, 0.6196451, -0.097387254, -0.09082839), (0.9970387, 0.020616055, 0.048870325, -0.055674642), (0.82985747, 0.008604467, 0.02964434, 0.55712026), (0.7883171, -0.02151388, -0.017919688, 0.61463106), (-0.6896043, -0.02232632, 0.057094693, -0.7215863), (0.99942815, -0.020221233, 0.014295608, -0.02300793), (0.85525393, -0.018073052, -0.013151795, 0.5177263), (0.7197879, 0.028093338, -0.03577686, 0.6927015), (-0.8221804, -0.023532659, 0.050067782, -0.56653136), (0.99999964, -0.000011146069, 0.0000014305115, 0.0000022649765), (0.9970064, 0.008875847, -0.054535776, 0.054079294), (0.898686, -0.06112793, 0.15763235, 0.40469515), (-0.69987893, 0.013995558, -0.12667152, -0.70279944), (0.73912966, 0.034989834, 0.15951002, 0.65346664), (0.9890546, -0.13927329, -0.041500986, 0.025512248), (0.8750709, 0.09468195, 0.03630036, 0.47325236), (-0.69756925, 0.0098387, -0.060468253, -0.7138929), (0.7408866, -0.0006492436, 0.065048456, 0.6684719), (0.81058645, 0.38470912, 0.44053364, -0.029633433), (0.98056054, 0.0926978, -0.0768885, 0.15490708), (0.9500104, 0.07339808, 0.013739258, 0.3031571), (0.95178163, -0.0047257096, 0.004309535, 0.30670995), (0.037549272, -0.9973663, -0.00082525006, -0.06203895), (0.9999992, 2.9802322e-8, 0, 2.9802322e-8), (0.9999992, 2.9802322e-8, 0, 2.9802322e-8), (0.9999992, 2.9802322e-8, 0, 2.9802322e-8), (0.9943483, -0.10586188, 0.007690817, 0.002235502), (0.9999994, -0.00034919404, 0.0006494671, -0.000061132014), (0.99997926, -0.00036565773, -0.0058043003, -0.00264626), (0.9962371, -0.0009566265, 0.012486428, -0.08575664), (0.5113067, -0.48755783, -0.4760387, -0.52367866), (0.47614503, -0.5227675, -0.51150256, -0.48822638), (1.0000002, 7.450581e-9, 0, 0), (0.511503, -0.4882257, -0.47614464, -0.5227679), (0.9999999, -2.9802322e-8, 3.7252903e-9, 4.656613e-10), (0.52693325, -0.47170377, -0.52676105, -0.47154966), (0.034085605, 0.6244121, 0.0776948, 0.77647316), (0.8509015, 0.08752623, -0.4920697, 0.16177942), (0.49457127, -0.22307825, -0.018638521, 0.83981395), (0.9999998, -6.7055225e-8, -8.940697e-8, 0), (0.9999998, -6.7055225e-8, -8.940697e-8, 0), (0.9999998, -6.7055225e-8, -8.940697e-8, 0), (0.9999998, -6.7055225e-8, -8.940697e-8, 0), (0.7049256, 0.69904906, 0.11927146, -0.013571203), (0.99678624, 0.017145187, 0.05022174, -0.06000644), (0.79442126, -0.10639778, 0.09304583, 0.59069186), (0.7902404, -0.021540582, -0.01807411, 0.6121516), (-0.69250315, -0.043015033, 0.07368699, -0.7163513), (0.9993102, -0.019433409, 0.015755504, -0.027438045), (0.82299936, -0.123411834, 0.06534186, 0.5506103), (-0.72190547, -0.027816921, 0.035761863, -0.6905067), (0.82383865, 0.023237616, -0.05001065, 0.56413543), (0.99999976, 0.000011473894, -2.9802322e-8, -1.4901161e-7), (0.98627496, -0.1156688, -0.099257916, 0.06348193), (0.88957196, 0.012682289, 0.22319001, 0.39835486), (-0.7019521, 0.01371792, -0.12562726, -0.7009225), (0.73677284, 0.03541246, 0.16039121, 0.65588564), (0.98954964, -0.13704884, -0.039443374, 0.021282434), (0.87574244, 0.04984793, 0.08839938, 0.47199097), (-0.69960827, 0.009779692, -0.060065046, -0.71193033), (0.745768, -0.037487447, 0.096874356, 0.65805805), (0.81082314, 0.36002105, 0.45696875, -0.06426531), (0.9846132, 0.08476423, -0.06677157, 0.1374538), (0.9611509, 0.12686571, 0.03480552, 0.24265814), (0.96230173, -0.012343705, 0.004851371, 0.27166125), (0.99736434, 0.03753391, -0.06208089, 0.0010708272), (0.99999964, 0, 0, 0), (0.99999964, 0, 0, 0), (0.99999964, 0, 0, 0), (0.52215576, -0.47694576, -0.52202606, -0.47682726), (0.24809813, 0.1411732, -0.065710366, 0.9561379), (0.9449673, -0.00868221, 0.0010414943, 0.32704854), (0.012537546, 0.9850278, -0.17188263, 0.004446894), (-0.00012522936, 0.7036881, 0.7105089, 0.0004157722), (0.9999986, -4.5914203e-7, 0.00010448694, -0.0015896223), (0.99999905, 2.1234155e-7, -0.0000012777746, -0.0011720695), (0.5007635, -0.54884154, 0.47242206, 0.4741584), (0.9999993, 3.1106174e-7, 6.854534e-7, -0.0014618933), (0.9994543, -0.033046298, 7.301569e-7, 6.3329935e-8), (0.9978163, -0.066056356, 0.0000019818544, 1.4901161e-7), (0.9949889, -0.099990875, 0.0000022798777, 2.9057264e-7), (1.0000004, 2.1792948e-7, 5.364418e-7, 1.8626451e-8), (1.0000004, 4.8428774e-8, 0.0000015050173, 3.7252903e-8), (1.0000005, 6.8359077e-7, 0.0000013709068, 6.7055225e-8), (0.95895064, 0.08274004, 0.18238309, -0.20075922), (0.5337711, -0.06562841, 0.052972198, 0.84141266), (0.013346117, 0.9939609, 0.102970764, -0.035497785), (0.00036472082, 0.7097258, 0.7044773, 0.000060021877), (0.99998903, 0.000022607855, -0.000050514936, 0.004578568), (0.9999987, 1.7788261e-7, -0.0000013709068, -0.0011722427), (-0.5489422, -0.5008304, -0.47400364, 0.47238848), (0.9999988, 3.222376e-7, 6.2584877e-7, -0.001461884), (0.9994538, -0.033046238, 5.9604645e-8, 1.21071935e-8), (0.99781585, -0.06605634, 1.1920929e-7, 7.8231096e-8), (0.99498826, -0.09999093, 2.9802322e-8, 7.0780516e-8), (1, 2.0675361e-7, 2.2351742e-8, -1.8626451e-8), (1, 1.4901161e-8, 0, -4.4703484e-8), (1.0000001, 6.8731606e-7, 5.9604645e-8, 1.4901161e-8), (0.5000564, -0.50003386, -0.49994817, -0.49996167), (0.5000564, -0.50003386, -0.49994817, -0.49996167), (0.5000564, -0.50003386, -0.49994817, -0.49996167), (0.5000564, -0.50003386, -0.49994817, -0.49996167)],
                15: [(1, -0.00013363047, 0.00013591343, 0.000087151944), (0.5111851, 0.5816579, 0.38137686, 0.50489163), (0.9908273, 0.06658454, 0.11603203, 0.019086596), (0.99949205, 0.0068381876, -0.016565368, 0.026350226), (0.99989796, 0.0076318868, 0.0062165707, 0.010353316), (0.9996259, 0.018319428, -0.0070103854, 0.019052476), (0.6059943, 0.1337871, -0.76052785, -0.1909692), (0.9247693, 0.04409322, -0.36600763, 0.09431893), (0.65634274, -0.0057238787, -0.18143968, 0.7322985), (0.99999994, -1.4901161e-8, -8.940697e-8, 0), (0.99999994, -1.4901161e-8, -8.940697e-8, 0), (0.99999994, -1.4901161e-8, -8.940697e-8, 0), (0.99999994, -1.4901161e-8, -8.940697e-8, 0), (0.7397661, 0.64555097, -0.11911103, -0.14772397), (0.9969075, 0.020044029, 0.048918247, -0.058141828), (0.82986075, 0.008601457, 0.029645294, 0.55711585), (0.7883172, -0.021513969, -0.017919727, 0.6146312), (-0.6896044, -0.02232626, 0.05709502, -0.72158647), (0.99935335, -0.020874232, 0.014465839, -0.025451243), (0.85525715, -0.018076748, -0.013149977, 0.5177218), (0.71978813, 0.028093338, -0.035776902, 0.6927023), (-0.822181, -0.023532748, 0.05006793, -0.5665318), (0.9999998, -0.000011146069, 0.0000014603138, 0.0000022947788), (0.9971489, 0.008067638, -0.054383844, 0.051684648), (0.89868766, -0.061131716, 0.15763512, 0.40469036), (-0.69987947, 0.013995916, -0.12667157, -0.70279926), (0.7391298, 0.034989834, 0.15951008, 0.65346676), (0.98902404, -0.14004794, -0.04100859, 0.023148417), (0.8750738, 0.09467882, 0.03630337, 0.47324783), (-0.69756943, 0.0098389685, -0.06046833, -0.71389306), (0.74088675, -0.0006492734, 0.065048605, 0.668472), (0.81071615, 0.3852222, 0.43968382, -0.031959623), (0.9805614, 0.09270008, -0.0768953, 0.15489873), (0.9500105, 0.073398404, 0.0137399435, 0.30315772), (0.95178205, -0.0047256947, 0.0043094754, 0.3067101), (0.03754929, -0.99736655, -0.0008251993, -0.06203892), (0.9999999, 0, -1.4901161e-8, 0), (0.9999999, 0, -1.4901161e-8, 0), (0.9999999, 0, -1.4901161e-8, 0), (0.99855715, -0.049923033, -0.0033037215, 0.019491073), (0.9999994, -0.00042320322, 0.0004375279, -0.000121240504), (0.9999777, -0.0004396038, -0.0060163587, -0.0027058972), (0.996917, 0.000030425668, 0.009205282, -0.07791697), (0.5113066, -0.4875578, -0.47603866, -0.52367854), (0.47614497, -0.5227674, -0.5115025, -0.48822635), (1.0000001, 0, 0, -2.1827873e-10), (0.511503, -0.48822564, -0.4761446, -0.5227679), (0.9999999, -2.9802322e-8, 3.7252903e-9, 4.656613e-10), (0.5269333, -0.4717037, -0.526761, -0.4715497), (0.04135411, 0.64907086, 0.14710084, 0.7452233), (0.8729586, 0.11572531, -0.45831376, 0.12041092), (0.48196137, -0.19732025, -0.108376905, 0.8467771), (0.9999994, -6.7055225e-8, -8.940697e-8, 7.450581e-9), (0.9999994, -6.7055225e-8, -8.940697e-8, 7.450581e-9), (0.9999994, -6.7055225e-8, -8.940697e-8, 7.450581e-9), (0.9999994, -6.7055225e-8, -8.940697e-8, 7.450581e-9), (0.68411034, 0.72775245, 0.045393884, -0.017540842), (0.9968058, 0.017310977, 0.050127268, -0.059706032), (0.79441917, -0.10639849, 0.09304619, 0.5906937), (0.7902399, -0.021540701, -0.01807402, 0.6121513), (-0.69250274, -0.043015093, 0.07368687, -0.71635085), (0.9993229, -0.019260973, 0.015644401, -0.027147084), (0.82299733, -0.12341222, 0.06534165, 0.5506125), (-0.7219051, -0.02781713, 0.035761893, -0.6905064), (0.8238382, 0.023237586, -0.05001062, 0.5641352), (0.9999994, 0.000011473894, -2.9802322e-8, -1.1920929e-7), (0.9862654, -0.11547533, -0.09941107, 0.06373879), (0.8895713, 0.012681723, 0.22318876, 0.3983567), (-0.70195156, 0.013717979, -0.1256274, -0.70092285), (0.73677295, 0.0354124, 0.16039124, 0.6558856), (0.9895625, -0.13686734, -0.03959596, 0.021548092), (0.87574077, 0.049847245, 0.088398814, 0.4719932), (-0.69960785, 0.00977993, -0.060064852, -0.7119298), (0.7457673, -0.037487358, 0.09687418, 0.6580575), (0.810829, 0.36003584, 0.45699555, -0.06391212), (0.98461276, 0.08476192, -0.06676933, 0.13745622), (0.96115035, 0.12686554, 0.034805357, 0.24265791), (0.96230125, -0.012343597, 0.004851371, 0.2716611), (0.99736404, 0.03753385, -0.06208086, 0.001070857), (0.9999995, 0, 0, 0), (0.9999995, 0, 0, 0), (0.9999995, 0, 0, 0), (0.522156, -0.47694585, -0.52202606, -0.47682735), (0.15379089, 0.08910166, -0.043897748, 0.98309827), (0.94603765, -0.019880325, 0.00051152706, 0.32344627), (0.0020799413, 0.97248197, -0.23279297, 0.009055823), (-0.0004261732, 0.70126736, 0.71289814, 0.00034809113), (0.99999976, -0.000016761012, 0.00000667572, -0.0005538028), (0.999999, 2.491288e-7, -0.0000012628734, -0.0011720546), (0.5007634, -0.5488416, 0.47242206, 0.47415835), (0.9999992, 3.259629e-7, 6.556511e-7, -0.0014618579), (0.99945414, -0.033046283, 7.1525574e-7, 1.4901161e-8), (0.9978162, -0.06605631, 0.0000019669533, 1.5646219e-7), (0.9949887, -0.09999088, 0.0000022649765, 2.682209e-7), (1.0000004, 2.2724271e-7, 4.954636e-7, 2.2351742e-8), (1.0000002, 3.632158e-8, 0.0000014901161, 5.9604645e-8), (1.0000005, 7.143244e-7, 0.0000013187528, 9.872019e-8), (0.93893105, 0.024874203, 0.1029888, -0.3273881), (0.52770746, -0.04473292, 0.052350685, 0.84663033), (0.04127927, 0.9878597, 0.14583799, -0.034058064), (-0.00013706088, 0.71307415, 0.7010881, -0.00014215708), (0.9999869, 7.264316e-8, -0.0002656579, 0.005023524), (0.9999987, 1.73226e-7, -0.0000013709068, -0.0011722567), (-0.5489422, -0.5008305, -0.47400358, 0.47238857), (0.9999988, 3.2316893e-7, 6.854534e-7, -0.0014618821), (0.9994538, -0.03304624, 5.9604645e-8, 2.0256266e-8), (0.99781585, -0.06605635, 1.1920929e-7, 7.4505806e-8), (0.9949883, -0.09999091, 2.9802322e-8, 5.5879354e-8), (1, 1.9464642e-7, 2.9802322e-8, -5.029142e-8), (0.9999999, -2.7939677e-9, 0, -3.1664968e-8), (0.9999999, 6.8871304e-7, 2.9802322e-8, 4.0978193e-8), (0.5000564, -0.50003386, -0.49994808, -0.49996164), (0.5000564, -0.50003386, -0.49994808, -0.49996164), (0.5000564, -0.50003386, -0.49994808, -0.49996164), (0.5000564, -0.50003386, -0.49994808, -0.49996164)],
                16: [(0.99999994, -0.00007586875, -0.00026596533, 0.000004235675), (0.5022071, 0.5544722, 0.4043226, 0.52618605), (0.99641716, 0.043407973, 0.06932264, 0.02151043), (0.99943984, -0.01289577, -0.01581353, 0.026522916), (0.99985814, -0.012885813, 0.004599571, 0.009808407), (0.9998344, -0.009803671, 0.0059318095, 0.014132738), (0.6341963, 0.1585221, -0.73883295, -0.16368188), (0.9014576, 0.06658366, -0.40008688, 0.15123221), (0.6529002, -0.07212699, -0.10777128, 0.7462602), (1.0000001, -2.9802322e-8, -8.940697e-8, 1.4901161e-8), (1.0000001, -2.9802322e-8, -8.940697e-8, 1.4901161e-8), (1.0000001, -2.9802322e-8, -8.940697e-8, 1.4901161e-8), (1.0000001, -2.9802322e-8, -8.940697e-8, 1.4901161e-8), (0.69006824, 0.6974986, -0.05101955, -0.18627623), (0.9967737, 0.020063967, 0.049630195, -0.059805542), (0.82985497, 0.008607358, 0.029649168, 0.55712473), (0.78831697, -0.021513999, -0.017919824, 0.614632), (-0.6896045, -0.02232632, 0.05709505, -0.7215867), (0.9992987, -0.020887405, 0.015247881, -0.027088016), (0.8552518, -0.018069863, -0.013148159, 0.5177311), (0.7197877, 0.028093398, -0.035776965, 0.6927028), (-0.82218105, -0.023532689, 0.05006787, -0.566532), (1.0000001, -0.000011175871, 0.0000014305115, 0.0000023841858), (0.9972738, 0.007997185, -0.05364859, 0.050032288), (0.89868575, -0.061125487, 0.1576333, 0.40469733), (-0.69987714, 0.013995349, -0.12667145, -0.7028023), (0.73913014, 0.034989864, 0.15951028, 0.65346736), (0.98908925, -0.14011651, -0.040036142, 0.021618545), (0.87506795, 0.09468511, 0.036302924, 0.47325817), (-0.697569, 0.0098389685, -0.06046806, -0.7138939), (0.7408869, -0.0006492734, 0.06504843, 0.66847223), (0.8103393, 0.38590974, 0.43965405, -0.03359881), (0.9805621, 0.092698656, -0.07688251, 0.15490338), (0.9500105, 0.073398456, 0.013740659, 0.30315837), (0.9517821, -0.004725612, 0.004309669, 0.30671015), (0.03754928, -0.997367, -0.0008252375, -0.062038973), (0.99999976, 2.9802322e-8, -1.4901161e-8, 1.1175871e-8), (0.99999976, 2.9802322e-8, -1.4901161e-8, 1.1175871e-8), (0.99999976, 2.9802322e-8, -1.4901161e-8, 1.1175871e-8), (0.9984857, 0.031227231, -0.0018135011, 0.045253716), (0.9999999, 0.00007619383, 0.00028182566, 0.00026354566), (0.9999783, 0.00006281631, -0.0061710477, -0.002324095), (0.9965179, -0.0023581604, -0.006595716, -0.08308547), (0.51130694, -0.48755804, -0.47603893, -0.5236789), (0.47614524, -0.52276766, -0.5115028, -0.48822662), (1.0000006, 0, 0, -1.1641532e-10), (0.5115032, -0.48822594, -0.47614488, -0.52276814), (1.0000004, -2.9802322e-8, 3.7252903e-9, 4.656613e-10), (0.52693355, -0.47170398, -0.52676135, -0.47154993), (0.06313221, 0.68940127, 0.17832175, 0.69924337), (0.90947986, 0.07120475, -0.39890674, 0.093000524), (0.5527507, -0.14906162, -0.16409057, 0.8033187), (0.99999964, -5.9604645e-8, -5.9604645e-8, 0), (0.99999964, -5.9604645e-8, -5.9604645e-8, 0), (0.99999964, -5.9604645e-8, -5.9604645e-8, 0), (0.99999964, -5.9604645e-8, -5.9604645e-8, 0), (0.6513756, 0.7555245, -0.06220472, -0.0319795), (0.9968653, 0.017727256, 0.049704432, -0.058944643), (0.79442245, -0.10640004, 0.09304169, 0.5906905), (0.7902402, -0.02154079, -0.018073857, 0.6121516), (-0.6925031, -0.043015003, 0.07368675, -0.7163513), (0.99935764, -0.01883322, 0.01517874, -0.02643323), (0.8229858, -0.12341446, 0.06533635, 0.55063057), (-0.7219113, -0.027817577, 0.035761684, -0.6905004), (0.8238386, 0.023237616, -0.05001062, 0.5641351), (0.99999964, 0.000011444092, -5.9604645e-8, -8.940697e-8), (0.98622155, -0.11501029, -0.09997976, 0.06436658), (0.88957334, 0.0126800835, 0.223187, 0.39835313), (-0.7019522, 0.013718188, -0.12562713, -0.700922), (0.73677266, 0.0354124, 0.16039124, 0.6558853), (0.98958683, -0.13642552, -0.04016322, 0.022194684), (0.87574434, 0.049845517, 0.088395566, 0.47198883), (-0.6996086, 0.009779811, -0.060064986, -0.7119303), (0.7457681, -0.037487388, 0.096874446, 0.6580581), (0.8109382, 0.36007148, 0.45690346, -0.062983185), (0.98461103, 0.084760584, -0.06674242, 0.13748565), (0.961153, 0.1268607, 0.03479466, 0.24265364), (0.9623016, -0.012343658, 0.004851371, 0.27166122), (0.9973643, 0.03753388, -0.06208086, 0.001070857), (0.99999964, 0, 1.4901161e-8, 1.4901161e-8), (0.99999964, 0, 1.4901161e-8, 1.4901161e-8), (0.99999964, 0, 1.4901161e-8, 1.4901161e-8), (0.522156, -0.47694588, -0.5220262, -0.4768274), (0.0091988165, 0.03447576, -0.0432221, 0.998428), (0.97479594, -0.041694257, -0.006578088, 0.21906823), (-0.010028437, 0.9782061, -0.20715979, 0.009824067), (-0.004266262, 0.66163176, 0.74981505, -0.0012310445), (0.99999857, 0.000046444125, 0.00000333786, 0.0011806842), (0.99999857, 2.3003668e-7, -0.0000012665987, -0.0011720415), (0.50076324, -0.54884136, 0.47242185, 0.4741582), (0.9999988, 3.350433e-7, 6.854534e-7, -0.001461897), (0.9994538, -0.033046275, 7.4505806e-7, -7.450581e-9), (0.99781585, -0.06605631, 0.000002026558, 1.4156103e-7), (0.9949883, -0.09999083, 0.0000022947788, 2.5331974e-7), (1.0000002, 2.4400651e-7, 4.6938658e-7, 1.9790605e-8), (1.0000002, 2.0489097e-8, 0.0000015646219, 3.4226105e-8), (1.0000002, 6.8731606e-7, 0.0000013560057, 7.21775e-8), (0.92566764, 0.008934151, 0.038301088, -0.37628803), (0.62197536, -0.0025864784, 0.029623076, 0.78247213), (0.050168365, 0.9900949, 0.12507352, -0.039392084), (0.00041982532, 0.7149899, 0.6991329, -0.001442939), (0.99999493, -0.0000036470592, -0.000655964, 0.0030329376), (0.9999989, 1.7136335e-7, -0.0000013411045, -0.0011722445), (-0.5489423, -0.50083053, -0.47400367, 0.47238863), (0.99999905, 3.2852404e-7, 6.556511e-7, -0.0014618831), (0.999454, -0.03304625, 2.9802322e-8, 2.6077032e-8), (0.9978162, -0.06605636, 1.4901161e-7, 8.195639e-8), (0.99498844, -0.099990934, 5.9604645e-8, 5.5879354e-8), (1.0000001, 1.8626451e-7, 0, 1.8626451e-9), (1.0000001, -5.5879354e-9, 0, -3.3993274e-8), (1.0000002, 6.8359077e-7, 2.9802322e-8, 2.0023435e-8), (0.5000564, -0.50003386, -0.49994808, -0.4999617), (0.5000564, -0.50003386, -0.49994808, -0.4999617), (0.5000564, -0.50003386, -0.49994808, -0.4999617), (0.5000564, -0.50003386, -0.49994808, -0.4999617)],
                17: [(0.99999994, 0.000027453934, 0.000294024, 0.00006731592), (0.4599459, 0.56331235, 0.44174036, 0.5253515), (0.9986671, -0.031006826, 0.03732741, 0.017574925), (0.99917346, -0.029456964, -0.015812017, 0.023119697), (0.99945724, -0.028712222, 0.007226452, 0.014436364), (0.9992205, -0.032438245, 0.0077752173, 0.021104984), (0.67307085, 0.10347664, -0.7207517, -0.1295568), (0.87171805, 0.028435707, -0.42814994, 0.23661451), (0.6735643, -0.14645575, -0.015340328, 0.724311), (1, -4.4703484e-8, -8.940697e-8, 0), (1, -4.4703484e-8, -8.940697e-8, 0), (1, -4.4703484e-8, -8.940697e-8, 0), (1, -4.4703484e-8, -8.940697e-8, 0), (0.62846804, 0.7490662, 0.058543593, -0.20124686), (0.99672276, 0.020219713, 0.05001697, -0.060273916), (0.8298533, 0.008608073, 0.029648155, 0.5571268), (0.7883171, -0.021514028, -0.017919816, 0.6146319), (-0.68960464, -0.02232629, 0.05709493, -0.7215867), (0.99928284, -0.020734996, 0.015650094, -0.027546972), (0.8552504, -0.01806876, -0.013149649, 0.51773286), (0.7197874, 0.028093308, -0.035777103, 0.6927024), (-0.82218087, -0.023532629, 0.05006787, -0.5665316), (0.99999976, -0.000011205673, 0.0000014007092, 0.0000022649765), (0.99731636, 0.008146763, -0.05327326, 0.049551666), (0.8986844, -0.061124086, 0.1576319, 0.40469986), (-0.69987696, 0.013995588, -0.1266714, -0.7028016), (0.7391295, 0.034989804, 0.15951017, 0.65346694), (0.98913634, -0.13997266, -0.039589673, 0.02120182), (0.8750668, 0.09468618, 0.036300927, 0.47325996), (-0.69756913, 0.009839028, -0.060468107, -0.71389383), (0.7408869, -0.0006492436, 0.06504837, 0.6684723), (0.8100915, 0.38622957, 0.43979323, -0.03406267), (0.98056126, 0.0926971, -0.076880515, 0.1549074), (0.9500099, 0.07339834, 0.013740718, 0.30315822), (0.9517816, -0.0047257543, 0.0043095946, 0.30670983), (0.037549287, -0.99736667, -0.00082523935, -0.062038943), (0.99999976, 2.9802322e-8, 7.450581e-9, 0), (0.99999976, 2.9802322e-8, 7.450581e-9, 0), (0.99999976, 2.9802322e-8, 7.450581e-9, 0), (0.9944861, 0.09692606, 0.0026219785, 0.039942164), (0.99999964, 0.0002060188, 0.00038842857, 0.000082117505), (0.9999782, 0.00019115303, -0.006063953, -0.0025063558), (0.99604404, -0.0014365686, -0.023382962, -0.08571452), (0.51130676, -0.48755783, -0.47603875, -0.5236787), (0.4761451, -0.52276754, -0.5115026, -0.48822644), (1.0000004, 7.450581e-9, -3.7252903e-9, 4.656613e-10), (0.51150304, -0.4882258, -0.47614476, -0.52276796), (1, -2.9802322e-8, 3.7252903e-9, 4.656613e-10), (0.5269334, -0.4717038, -0.5267612, -0.47154972), (0.10099622, 0.72427243, 0.16334422, 0.662229), (0.941731, 0.04844454, -0.3288427, 0.051552534), (0.6153654, -0.10395306, -0.21076974, 0.75239265), (0.99999964, -4.4703484e-8, -8.940697e-8, -1.4901161e-8), (0.99999964, -4.4703484e-8, -8.940697e-8, -1.4901161e-8), (0.99999964, -4.4703484e-8, -8.940697e-8, -1.4901161e-8), (0.99999964, -4.4703484e-8, -8.940697e-8, -1.4901161e-8), (0.6316074, 0.76792127, -0.101162225, -0.033682287), (0.99694216, 0.01825735, 0.050022185, -0.057183415), (0.7944146, -0.10639855, 0.09304291, 0.59070015), (0.7902398, -0.021540761, -0.018073969, 0.61215115), (-0.6925029, -0.043014944, 0.07368687, -0.7163506), (0.9993626, -0.018128097, 0.015596986, -0.02649203), (0.8219963, -0.12375876, 0.065001935, 0.55206877), (-0.721893, -0.02781555, 0.035762027, -0.6905196), (0.82383853, 0.023237526, -0.050010562, 0.5641354), (0.9999995, 0.000011473894, -2.9802322e-8, -1.4901161e-7), (0.9862056, -0.11419669, -0.099972814, 0.06604791), (0.88956964, 0.012682468, 0.22318354, 0.39836362), (-0.7019517, 0.013718009, -0.1256274, -0.7009229), (0.736773, 0.03541243, 0.16039136, 0.6558857), (0.9896426, -0.13572419, -0.040166646, 0.02392447), (0.87573814, 0.04984802, 0.08839363, 0.47199985), (-0.6996082, 0.00977993, -0.06006509, -0.7119303), (0.74576783, -0.037487388, 0.096874446, 0.6580579), (0.8114513, 0.35906076, 0.4567076, -0.06356037), (0.98453325, 0.08493103, -0.06454027, 0.13897982), (0.9611546, 0.1268537, 0.0347811, 0.2426526), (0.9623016, -0.012344022, 0.004851043, 0.2716611), (0.99736416, 0.03753388, -0.06208089, 0.001070857), (0.9999996, 2.9802322e-8, 0, 0), (0.9999996, 2.9802322e-8, 0, 0), (0.9999996, 2.9802322e-8, 0, 0), (0.52215594, -0.4769458, -0.52202606, -0.47682738), (-0.10135939, -0.0012746928, 0.02400133, 0.9945594), (0.98775125, -0.06640207, -0.006633565, 0.14104684), (-0.012015094, 0.99958366, 0.017100763, 0.019889265), (0.0035194159, 0.4674971, 0.88398707, 0.0006069839), (0.99999434, -0.00002691336, -0.00015580654, -0.0032741036), (0.9999988, 2.0861626e-7, -0.0000012814999, -0.0011720285), (0.5007633, -0.5488414, 0.47242194, 0.47415823), (0.99999905, 3.4598634e-7, 6.2584877e-7, -0.0014618859), (0.999454, -0.033046257, 6.854534e-7, 3.7252903e-8), (0.9978161, -0.06605634, 0.0000019967556, 1.5646219e-7), (0.99498856, -0.099990875, 0.0000022649765, 2.30968e-7), (1.0000001, 2.5331974e-7, 4.7683716e-7, 1.8626451e-9), (1.0000001, 5.2154064e-8, 0.0000015050173, 5.029142e-8), (1.0000002, 7.0780516e-7, 0.0000013560057, 9.313226e-8), (0.9133351, -0.039362226, 0.005084932, -0.4052699), (0.73315734, -0.0068253335, 0.0036633126, 0.68001497), (0.056861196, 0.9956319, 0.07275775, -0.013794392), (0.00090911984, 0.70515835, 0.7090436, -0.0028563738), (0.99999964, 0.0000016838312, -0.000734359, -0.00031791255), (0.99999905, 1.8626451e-7, -0.0000013113022, -0.0011722669), (-0.54894245, -0.50083065, -0.47400376, 0.47238868), (0.99999887, 3.4738332e-7, 6.854534e-7, -0.001461871), (0.9994539, -0.03304625, 8.940697e-8, 2.2351742e-8), (0.9978161, -0.066056356, 1.7881393e-7, 9.685755e-8), (0.99498844, -0.09999092, 5.9604645e-8, 8.195639e-8), (1, 1.8626451e-7, 0, -1.3969839e-8), (1, -4.656613e-9, 0, -3.4458935e-8), (1, 6.9942325e-7, 2.9802322e-8, 4.5634806e-8), (0.50005627, -0.5000338, -0.49994814, -0.49996158), (0.50005627, -0.5000338, -0.49994814, -0.49996158), (0.50005627, -0.5000338, -0.49994814, -0.49996158), (0.50005627, -0.5000338, -0.49994814, -0.49996158)],
                18: [(1, -0.00000768035, -0.00012750775, 0.00012957893), (0.45719454, 0.5388249, 0.44685963, 0.548596), (0.9993658, -0.03332825, 0.0044016466, 0.011750272), (0.99904644, -0.03650477, -0.014634043, 0.018966634), (0.99915814, -0.036102064, 0.012448557, 0.014999554), (0.9985274, -0.04193081, 0.015379816, 0.030797064), (0.70673037, 0.06985089, -0.69699544, -0.09925), (0.83741564, 0.042897552, -0.47185892, 0.27247757), (0.63776755, -0.17879441, 0.08431077, 0.7444303), (0.9999999, -2.9802322e-8, -8.940697e-8, 0), (0.9999999, -2.9802322e-8, -8.940697e-8, 0), (0.9999999, -2.9802322e-8, -8.940697e-8, 0), (0.9999999, -2.9802322e-8, -8.940697e-8, 0), (0.591364, 0.7781965, 0.099749595, -0.18640941), (0.9967315, 0.02018994, 0.050164342, -0.06001401), (0.82985044, 0.008606464, 0.029648602, 0.55713063), (0.7883168, -0.021514028, -0.017919783, 0.6146317), (-0.6896043, -0.02232629, 0.05709493, -0.72158647), (0.9992876, -0.020751417, 0.015787244, -0.02728036), (0.8552478, -0.018069834, -0.013150126, 0.51773715), (0.71978736, 0.028093517, -0.03577727, 0.69270283), (-0.822181, -0.023532808, 0.05006808, -0.5665318), (0.99999976, -0.000011146069, 0.0000014305115, 0.0000023245811), (0.9973108, 0.008159071, -0.053128004, 0.049814224), (0.89868236, -0.0611248, 0.15763101, 0.4047042), (-0.6998767, 0.013995379, -0.12667125, -0.7028017), (0.73912954, 0.034989774, 0.15951005, 0.6534668), (0.989135, -0.13996759, -0.03948489, 0.021483332), (0.8750644, 0.09468469, 0.036299765, 0.47326416), (-0.6975688, 0.009838939, -0.06046802, -0.7138936), (0.7408867, -0.0006492138, 0.06504843, 0.66847193), (0.8100403, 0.38610095, 0.4400121, -0.03391023), (0.98056114, 0.09269308, -0.076877505, 0.15491195), (0.95000994, 0.07339834, 0.013740808, 0.30315825), (0.95178175, -0.0047257096, 0.0043096542, 0.30670992), (0.037549295, -0.9973665, -0.0008252263, -0.062038913), (0.9999998, 2.9802322e-8, -1.4901161e-8, 2.9802322e-8), (0.9999998, 2.9802322e-8, -1.4901161e-8, 2.9802322e-8), (0.9999998, 2.9802322e-8, -1.4901161e-8, 2.9802322e-8), (0.9912777, 0.12452304, -0.008746088, 0.042262383), (1, 0.00012350455, 0.00026078522, 0.00013180822), (0.9999779, 0.00010931119, -0.0061918646, -0.0024562776), (0.9957917, 0.0019998534, -0.030938476, -0.086244), (0.51130694, -0.48755807, -0.4760389, -0.52367884), (0.47614518, -0.5227677, -0.5115028, -0.48822656), (1.0000006, 0, 0, -4.656613e-10), (0.51150334, -0.48822597, -0.4761449, -0.52276814), (1.0000006, -2.9802322e-8, 3.7252903e-9, 4.656613e-10), (0.52693355, -0.47170398, -0.5267613, -0.4715499), (0.13476841, 0.7496327, 0.15567999, 0.6290087), (0.9630648, 0.0339624, -0.26634347, 0.020345747), (0.6487903, -0.038970992, -0.24136762, 0.72062075), (1.0000001, -2.9802322e-8, -8.940697e-8, -1.4901161e-8), (1.0000001, -2.9802322e-8, -8.940697e-8, -1.4901161e-8), (1.0000001, -2.9802322e-8, -8.940697e-8, -1.4901161e-8), (1.0000001, -2.9802322e-8, -8.940697e-8, -1.4901161e-8), (0.6301984, 0.7681928, -0.10597633, -0.038715094), (0.9969381, 0.018467247, 0.050400376, -0.056860894), (0.7944182, -0.10639696, 0.093045175, 0.5906963), (0.7902404, -0.02154079, -0.018073957, 0.61215144), (-0.69250333, -0.043014973, 0.07368684, -0.7163511), (0.9994169, -0.018000662, 0.015772521, -0.02435264), (0.8229819, -0.12341066, 0.06533861, 0.55063725), (-0.7219118, -0.027817652, 0.035761766, -0.69050026), (0.82383883, 0.023237675, -0.0500108, 0.56413525), (1, 0.000011473894, 0, -1.1920929e-7), (0.98624897, -0.113897055, -0.09967138, 0.0663774), (0.88957053, 0.012683809, 0.22318771, 0.3983598), (-0.70195216, 0.013717979, -0.1256273, -0.7009226), (0.73677313, 0.035412386, 0.16039124, 0.6558856), (0.9896834, -0.1354578, -0.03986022, 0.024277687), (0.8757404, 0.0498493, 0.088397294, 0.471996), (-0.69960874, 0.009779811, -0.06006512, -0.7119305), (0.7457683, -0.037487477, 0.096874446, 0.6580582), (0.81390274, 0.35707924, 0.45295238, -0.069938466), (0.98437536, 0.08553299, -0.057104945, 0.14293055), (0.96114504, 0.12688291, 0.03484136, 0.24266839), (0.96230215, -0.012343419, 0.004851535, 0.2716614), (0.9973646, 0.03753388, -0.06208092, 0.0010708272), (0.99999994, 0, 0, 0), (0.99999994, 0, 0, 0), (0.99999994, 0, 0, 0), (0.522156, -0.47694588, -0.5220262, -0.4768274), (-0.16583456, -0.03395713, 0.0275321, 0.98518443), (0.991764, -0.08712258, -0.006060958, 0.09368881), (0.011216059, 0.95848536, 0.284526, 0.015007913), (0.0020506382, 0.43118006, 0.9022614, 0.0020366758), (0.99999344, -0.000005090609, -0.00048273802, -0.0036000567), (0.99999917, 2.1979213e-7, -0.0000012814999, -0.0011720471), (0.5007635, -0.5488416, 0.47242212, 0.47415844), (0.9999992, 3.2410026e-7, 6.2584877e-7, -0.0014618859), (0.9994542, -0.033046287, 6.854534e-7, 1.8626451e-8), (0.99781626, -0.06605634, 0.0000019669533, 1.4901161e-7), (0.9949888, -0.09999087, 0.0000022947788, 2.9057264e-7), (1.0000006, 2.1979213e-7, 5.2154064e-7, 3.7252903e-8), (1.0000006, 4.0978193e-8, 0.0000015050173, 6.3329935e-8), (1.0000007, 7.1525574e-7, 0.0000013560057, 8.195639e-8), (0.9239033, -0.022845369, -0.00018492341, -0.38194382), (0.84888077, -0.0077822516, -0.005138563, 0.52850235), (0.059027176, 0.9969408, -0.04313552, 0.027646273), (0.00044429302, 0.6994947, 0.714635, -0.0019436777), (0.9999999, -0.0000033415854, -0.00040957332, 0.0002106931), (0.99999905, 1.6763806e-7, -0.0000013560057, -0.0011722371), (-0.54894245, -0.5008306, -0.4740038, 0.4723887), (0.999999, 3.4517143e-7, 6.7055225e-7, -0.0014618784), (0.99945396, -0.033046246, 1.0430813e-7, 3.3527613e-8), (0.99781615, -0.0660564, 1.1920929e-7, 8.940697e-8), (0.99498844, -0.09999093, 7.4505806e-8, 2.2351742e-8), (1.0000002, 2.1490268e-7, 2.9802322e-8, -2.6077032e-8), (1.0000001, -4.1909516e-9, 0, -3.3527613e-8), (1.0000001, 6.7660585e-7, 2.9802322e-8, 4.0978193e-8), (0.5000564, -0.500034, -0.49994823, -0.49996173), (0.5000564, -0.500034, -0.49994823, -0.49996173), (0.5000564, -0.500034, -0.49994823, -0.49996173), (0.5000564, -0.500034, -0.49994823, -0.49996173)],
            }
            half3[] scales.timeSamples = {
                0: [(1, 1, 1), (1, 1, 1), (1, 1, 1), (1, 1, 1), (1, 1, 1), (1, 1, 1), (1, 1, 1), (1, 1, 1), (1, 1, 1), (1, 1, 1), (1, 1, 1), (1, 1, 1), (1, 1, 1), (1, 1, 1), (1, 1, 1), (1, 1, 1), (1, 1, 1), (1, 1, 1), (1, 1, 1), (1, 1, 1), (1, 1, 1), (1, 1, 1), (1, 1, 1), (1, 1, 1), (1, 1, 1), (1, 1, 1), (1, 1, 1), (1, 1, 1), (1, 1, 1), (1, 1, 1), (1, 1, 1), (1, 1, 1), (1, 1, 1), (1, 1, 1), (1, 1, 1), (1, 1, 1), (1, 1, 1), (1, 1, 1), (1, 1, 1), (1, 1, 1), (1, 1, 1), (1, 1, 1), (1, 1, 1), (1, 1, 1), (1, 1, 1), (1, 1, 1), (1, 1, 1), (1, 1, 1), (1, 1, 1), (1, 1, 1), (1, 1, 1), (1, 1, 1), (1, 1, 1), (1, 1, 1), (1, 1, 1), (1, 1, 1), (1, 1, 1), (1, 1, 1), (1, 1, 1), (1, 1, 1), (1, 1, 1), (1, 1, 1), (1, 1, 1), (1, 1, 1), (1, 1, 1), (1, 1, 1), (1, 1, 1), (1, 1, 1), (1, 1, 1), (1, 1, 1), (1, 1, 1), (1, 1, 1), (1, 1, 1), (1, 1, 1), (1, 1, 1), (1, 1, 1), (1, 1, 1), (1, 1, 1), (1, 1, 1), (1, 1, 1), (1, 1, 1), (1, 1, 1), (1, 1, 1), (1, 1, 1), (1, 1, 1), (1, 1, 1), (1, 1, 1), (1, 1, 1), (1, 1, 1), (1, 1, 1), (1, 1, 1), (1, 1, 1), (1, 1, 1), (1, 1, 1), (1, 1, 1), (1, 1, 1), (1, 1, 1), (1, 1, 1), (1, 1, 1), (1, 1, 1), (1, 1, 1), (1, 1, 1), (1, 1, 1), (1, 1, 1), (1, 1, 1), (1, 1, 1), (1, 1, 1), (1, 1, 1), (1, 1, 1), (1, 1, 1), (1, 1, 1), (1, 1, 1), (1, 1, 1), (1, 1, 1), (1, 1, 1)],
                1: [(1, 1, 1), (1, 1, 1), (1, 1, 1), (1, 1, 1), (1, 1, 1), (1, 1, 1), (1, 1, 1), (1, 1, 1), (1, 1, 1), (1, 1, 1), (1, 1, 1), (1, 1, 1), (1, 1, 1), (1, 1, 1), (1, 1, 1), (1, 1, 1), (1, 1, 1), (1, 1, 1), (1, 1, 1), (1, 1, 1), (1, 1, 1), (1, 1, 1), (1, 1, 1), (1, 1, 1), (1, 1, 1), (1, 1, 1), (1, 1, 1), (1, 1, 1), (1, 1, 1), (1, 1, 1), (1, 1, 1), (1, 1, 1), (1, 1, 1), (1, 1, 1), (1, 1, 1), (1, 1, 1), (1, 1, 1), (1, 1, 1), (1, 1, 1), (1, 1, 1), (1, 1, 1), (1, 1, 1), (1, 1, 1), (1, 1, 1), (1, 1, 1), (1, 1, 1), (1, 1, 1), (1, 1, 1), (1, 1, 1), (1, 1, 1), (1, 1, 1), (1, 1, 1), (1, 1, 1), (1, 1, 1), (1, 1, 1), (1, 1, 1), (1, 1, 1), (1, 1, 1), (1, 1, 1), (1, 1, 1), (1, 1, 1), (1, 1, 1), (1, 1, 1), (1, 1, 1), (1, 1, 1), (1, 1, 1), (1, 1, 1), (1, 1, 1), (1, 1, 1), (1, 1, 1), (1, 1, 1), (1, 1, 1), (1, 1, 1), (1, 1, 1), (1, 1, 1), (1, 1, 1), (1, 1, 1), (1, 1, 1), (1, 1, 1), (1, 1, 1), (1, 1, 1), (1, 1, 1), (1, 1, 1), (1, 1, 1), (1, 1, 1), (1, 1, 1), (1, 1, 1), (1, 1, 1), (1, 1, 1), (1, 1, 1), (1, 1, 1), (1, 1, 1), (1, 1, 1), (1, 1, 1), (1, 1, 1), (1, 1, 1), (1, 1, 1), (1, 1, 1), (1, 1, 1), (1, 1, 1), (1, 1, 1), (1, 1, 1), (1, 1, 1), (1, 1, 1), (1, 1, 1), (1, 1, 1), (1, 1, 1), (1, 1, 1), (1, 1, 1), (1, 1, 1), (1, 1, 1), (1, 1, 1), (1, 1, 1), (1, 1, 1), (1, 1, 1)],
                2: [(1, 1, 1), (1, 1, 1), (1, 1, 1), (1, 1, 1), (1, 1, 1), (1, 1, 1), (1, 1, 1), (1, 1, 1), (1, 1, 1), (1, 1, 1), (1, 1, 1), (1, 1, 1), (1, 1, 1), (1, 1, 1), (1, 1, 1), (1, 1, 1), (1, 1, 1), (1, 1, 1), (1, 1, 1), (1, 1, 1), (1, 1, 1), (1, 1, 1), (1, 1, 1), (1, 1, 1), (1, 1, 1), (1, 1, 1), (1, 1, 1), (1, 1, 1), (1, 1, 1), (1, 1, 1), (1, 1, 1), (1, 1, 1), (1, 1, 1), (1, 1, 1), (1, 1, 1), (1, 1, 1), (1, 1, 1), (1, 1, 1), (1, 1, 1), (1, 1, 1), (1, 1, 1), (1, 1, 1), (1, 1, 1), (1, 1, 1), (1, 1, 1), (1, 1, 1), (1, 1, 1), (1, 1, 1), (1, 1, 1), (1, 1, 1), (1, 1, 1), (1, 1, 1), (1, 1, 1), (1, 1, 1), (1, 1, 1), (1, 1, 1), (1, 1, 1), (1, 1, 1), (1, 1, 1), (1, 1, 1), (1, 1, 1), (1, 1, 1), (1, 1, 1), (1, 1, 1), (1, 1, 1), (1, 1, 1), (1, 1, 1), (1, 1, 1), (1, 1, 1), (1, 1, 1), (1, 1, 1), (1, 1, 1), (1, 1, 1), (1, 1, 1), (1, 1, 1), (1, 1, 1), (1, 1, 1), (1, 1, 1), (1, 1, 1), (1, 1, 1), (1, 1, 1), (1, 1, 1), (1, 1, 1), (1, 1, 1), (1, 1, 1), (1, 1, 1), (1, 1, 1), (1, 1, 1), (1, 1, 1), (1, 1, 1), (1, 1, 1), (1, 1, 1), (1, 1, 1), (1, 1, 1), (1, 1, 1), (1, 1, 1), (1, 1, 1), (1, 1, 1), (1, 1, 1), (1, 1, 1), (1, 1, 1), (1, 1, 1), (1, 1, 1), (1, 1, 1), (1, 1, 1), (1, 1, 1), (1, 1, 1), (1, 1, 1), (1, 1, 1), (1, 1, 1), (1, 1, 1), (1, 1, 1), (1, 1, 1), (1, 1, 1), (1, 1, 1)],
                3: [(1, 1, 1), (1, 1, 1), (1, 1, 1), (1, 1, 1), (1, 1, 1), (1, 1, 1), (1, 1, 1), (1, 1, 1), (1, 1, 1), (1, 1, 1), (1, 1, 1), (1, 1, 1), (1, 1, 1), (1, 1, 1), (1, 1, 1), (1, 1, 1), (1, 1, 1), (1, 1, 1), (1, 1, 1), (1, 1, 1), (1, 1, 1), (1, 1, 1), (1, 1, 1), (1, 1, 1), (1, 1, 1), (1, 1, 1), (1, 1, 1), (1, 1, 1), (1, 1, 1), (1, 1, 1), (1, 1, 1), (1, 1, 1), (1, 1, 1), (1, 1, 1), (1, 1, 1), (1, 1, 1), (1, 1, 1), (1, 1, 1), (1, 1, 1), (1, 1, 1), (1, 1, 1), (1, 1, 1), (1, 1, 1), (1, 1, 1), (1, 1, 1), (1, 1, 1), (1, 1, 1), (1, 1, 1), (1, 1, 1), (1, 1, 1), (1, 1, 1), (1, 1, 1), (1, 1, 1), (1, 1, 1), (1, 1, 1), (1, 1, 1), (1, 1, 1), (1, 1, 1), (1, 1, 1), (1, 1, 1), (1, 1, 1), (1, 1, 1), (1, 1, 1), (1, 1, 1), (1, 1, 1), (1, 1, 1), (1, 1, 1), (1, 1, 1), (1, 1, 1), (1, 1, 1), (1, 1, 1), (1, 1, 1), (1, 1, 1), (1, 1, 1), (1, 1, 1), (1, 1, 1), (1, 1, 1), (1, 1, 1), (1, 1, 1), (1, 1, 1), (1, 1, 1), (1, 1, 1), (1, 1, 1), (1, 1, 1), (1, 1, 1), (1, 1, 1), (1, 1, 1), (1, 1, 1), (1, 1, 1), (1, 1, 1), (1, 1, 1), (1, 1, 1), (1, 1, 1), (1, 1, 1), (1, 1, 1), (1, 1, 1), (1, 1, 1), (1, 1, 1), (1, 1, 1), (1, 1, 1), (1, 1, 1), (1, 1, 1), (1, 1, 1), (1, 1, 1), (1, 1, 1), (1, 1, 1), (1, 1, 1), (1, 1, 1), (1, 1, 1), (1, 1, 1), (1, 1, 1), (1, 1, 1), (1, 1, 1), (1, 1, 1), (1, 1, 1)],
                4: [(1, 1, 1), (1, 1, 1), (1, 1, 1), (1, 1, 1), (1, 1, 1), (1, 1, 1), (1, 1, 1), (1, 1, 1), (1, 1, 1), (1, 1, 1), (1, 1, 1), (1, 1, 1), (1, 1, 1), (1, 1, 1), (1, 1, 1), (1, 1, 1), (1, 1, 1), (1, 1, 1), (1, 1, 1), (1, 1, 1), (1, 1, 1), (1, 1, 1), (1, 1, 1), (1, 1, 1), (1, 1, 1), (1, 1, 1), (1, 1, 1), (1, 1, 1), (1, 1, 1), (1, 1, 1), (1, 1, 1), (1, 1, 1), (1, 1, 1), (1, 1, 1), (1, 1, 1), (1, 1, 1), (1, 1, 1), (1, 1, 1), (1, 1, 1), (1, 1, 1), (1, 1, 1), (1, 1, 1), (1, 1, 1), (1, 1, 1), (1, 1, 1), (1, 1, 1), (1, 1, 1), (1, 1, 1), (1, 1, 1), (1, 1, 1), (1, 1, 1), (1, 1, 1), (1, 1, 1), (1, 1, 1), (1, 1, 1), (1, 1, 1), (1, 1, 1), (1, 1, 1), (1, 1, 1), (1, 1, 1), (1, 1, 1), (1, 1, 1), (1, 1, 1), (1, 1, 1), (1, 1, 1), (1, 1, 1), (1, 1, 1), (1, 1, 1), (1, 1, 1), (1, 1, 1), (1, 1, 1), (1, 1, 1), (1, 1, 1), (1, 1, 1), (1, 1, 1), (1, 1, 1), (1, 1, 1), (1, 1, 1), (1, 1, 1), (1, 1, 1), (1, 1, 1), (1, 1, 1), (1, 1, 1), (1, 1, 1), (1, 1, 1), (1, 1, 1), (1, 1, 1), (1, 1, 1), (1, 1, 1), (1, 1, 1), (1, 1, 1), (1, 1, 1), (1, 1, 1), (1, 1, 1), (1, 1, 1), (1, 1, 1), (1, 1, 1), (1, 1, 1), (1, 1, 1), (1, 1, 1), (1, 1, 1), (1, 1, 1), (1, 1, 1), (1, 1, 1), (1, 1, 1), (1, 1, 1), (1, 1, 1), (1, 1, 1), (1, 1, 1), (1, 1, 1), (1, 1, 1), (1, 1, 1), (1, 1, 1), (1, 1, 1), (1, 1, 1)],
                5: [(1, 1, 1), (1, 1, 1), (1, 1, 1), (1, 1, 1), (1, 1, 1), (1, 1, 1), (1, 1, 1), (1, 1, 1), (1, 1, 1), (1, 1, 1), (1, 1, 1), (1, 1, 1), (1, 1, 1), (1, 1, 1), (1, 1, 1), (1, 1, 1), (1, 1, 1), (1, 1, 1), (1, 1, 1), (1, 1, 1), (1, 1, 1), (1, 1, 1), (1, 1, 1), (1, 1, 1), (1, 1, 1), (1, 1, 1), (1, 1, 1), (1, 1, 1), (1, 1, 1), (1, 1, 1), (1, 1, 1), (1, 1, 1), (1, 1, 1), (1, 1, 1), (1, 1, 1), (1, 1, 1), (1, 1, 1), (1, 1, 1), (1, 1, 1), (1, 1, 1), (1, 1, 1), (1, 1, 1), (1, 1, 1), (1, 1, 1), (1, 1, 1), (1, 1, 1), (1, 1, 1), (1, 1, 1), (1, 1, 1), (1, 1, 1), (1, 1, 1), (1, 1, 1), (1, 1, 1), (1, 1, 1), (1, 1, 1), (1, 1, 1), (1, 1, 1), (1, 1, 1), (1, 1, 1), (1, 1, 1), (1, 1, 1), (1, 1, 1), (1, 1, 1), (1, 1, 1), (1, 1, 1), (1, 1, 1), (1, 1, 1), (1, 1, 1), (1, 1, 1), (1, 1, 1), (1, 1, 1), (1, 1, 1), (1, 1, 1), (1, 1, 1), (1, 1, 1), (1, 1, 1), (1, 1, 1), (1, 1, 1), (1, 1, 1), (1, 1, 1), (1, 1, 1), (1, 1, 1), (1, 1, 1), (1, 1, 1), (1, 1, 1), (1, 1, 1), (1, 1, 1), (1, 1, 1), (1, 1, 1), (1, 1, 1), (1, 1, 1), (1, 1, 1), (1, 1, 1), (1, 1, 1), (1, 1, 1), (1, 1, 1), (1, 1, 1), (1, 1, 1), (1, 1, 1), (1, 1, 1), (1, 1, 1), (1, 1, 1), (1, 1, 1), (1, 1, 1), (1, 1, 1), (1, 1, 1), (1, 1, 1), (1, 1, 1), (1, 1, 1), (1, 1, 1), (1, 1, 1), (1, 1, 1), (1, 1, 1), (1, 1, 1), (1, 1, 1)],
                6: [(1, 1, 1), (1, 1, 1), (1, 1, 1), (1, 1, 1), (1, 1, 1), (1, 1, 1), (1, 1, 1), (1, 1, 1), (1, 1, 1), (1, 1, 1), (1, 1, 1), (1, 1, 1), (1, 1, 1), (1, 1, 1), (1, 1, 1), (1, 1, 1), (1, 1, 1), (1, 1, 1), (1, 1, 1), (1, 1, 1), (1, 1, 1), (1, 1, 1), (1, 1, 1), (1, 1, 1), (1, 1, 1), (1, 1, 1), (1, 1, 1), (1, 1, 1), (1, 1, 1), (1, 1, 1), (1, 1, 1), (1, 1, 1), (1, 1, 1), (1, 1, 1), (1, 1, 1), (1, 1, 1), (1, 1, 1), (1, 1, 1), (1, 1, 1), (1, 1, 1), (1, 1, 1), (1, 1, 1), (1, 1, 1), (1, 1, 1), (1, 1, 1), (1, 1, 1), (1, 1, 1), (1, 1, 1), (1, 1, 1), (1, 1, 1), (1, 1, 1), (1, 1, 1), (1, 1, 1), (1, 1, 1), (1, 1, 1), (1, 1, 1), (1, 1, 1), (1, 1, 1), (1, 1, 1), (1, 1, 1), (1, 1, 1), (1, 1, 1), (1, 1, 1), (1, 1, 1), (1, 1, 1), (1, 1, 1), (1, 1, 1), (1, 1, 1), (1, 1, 1), (1, 1, 1), (1, 1, 1), (1, 1, 1), (1, 1, 1), (1, 1, 1), (1, 1, 1), (1, 1, 1), (1, 1, 1), (1, 1, 1), (1, 1, 1), (1, 1, 1), (1, 1, 1), (1, 1, 1), (1, 1, 1), (1, 1, 1), (1, 1, 1), (1, 1, 1), (1, 1, 1), (1, 1, 1), (1, 1, 1), (1, 1, 1), (1, 1, 1), (1, 1, 1), (1, 1, 1), (1, 1, 1), (1, 1, 1), (1, 1, 1), (1, 1, 1), (1, 1, 1), (1, 1, 1), (1, 1, 1), (1, 1, 1), (1, 1, 1), (1, 1, 1), (1, 1, 1), (1, 1, 1), (1, 1, 1), (1, 1, 1), (1, 1, 1), (1, 1, 1), (1, 1, 1), (1, 1, 1), (1, 1, 1), (1, 1, 1), (1, 1, 1), (1, 1, 1)],
                7: [(1, 1, 1), (1, 1, 1), (1, 1, 1), (1, 1, 1), (1, 1, 1), (1, 1, 1), (1, 1, 1), (1, 1, 1), (1, 1, 1), (1, 1, 1), (1, 1, 1), (1, 1, 1), (1, 1, 1), (1, 1, 1), (1, 1, 1), (1, 1, 1), (1, 1, 1), (1, 1, 1), (1, 1, 1), (1, 1, 1), (1, 1, 1), (1, 1, 1), (1, 1, 1), (1, 1, 1), (1, 1, 1), (1, 1, 1), (1, 1, 1), (1, 1, 1), (1, 1, 1), (1, 1, 1), (1, 1, 1), (1, 1, 1), (1, 1, 1), (1, 1, 1), (1, 1, 1), (1, 1, 1), (1, 1, 1), (1, 1, 1), (1, 1, 1), (1, 1, 1), (1, 1, 1), (1, 1, 1), (1, 1, 1), (1, 1, 1), (1, 1, 1), (1, 1, 1), (1, 1, 1), (1, 1, 1), (1, 1, 1), (1, 1, 1), (1, 1, 1), (1, 1, 1), (1, 1, 1), (1, 1, 1), (1, 1, 1), (1, 1, 1), (1, 1, 1), (1, 1, 1), (1, 1, 1), (1, 1, 1), (1, 1, 1), (1, 1, 1), (1, 1, 1), (1, 1, 1), (1, 1, 1), (1, 1, 1), (1, 1, 1), (1, 1, 1), (1, 1, 1), (1, 1, 1), (1, 1, 1), (1, 1, 1), (1, 1, 1), (1, 1, 1), (1, 1, 1), (1, 1, 1), (1, 1, 1), (1, 1, 1), (1, 1, 1), (1, 1, 1), (1, 1, 1), (1, 1, 1), (1, 1, 1), (1, 1, 1), (1, 1, 1), (1, 1, 1), (1, 1, 1), (1, 1, 1), (1, 1, 1), (1, 1, 1), (1, 1, 1), (1, 1, 1), (1, 1, 1), (1, 1, 1), (1, 1, 1), (1, 1, 1), (1, 1, 1), (1, 1, 1), (1, 1, 1), (1, 1, 1), (1, 1, 1), (1, 1, 1), (1, 1, 1), (1, 1, 1), (1, 1, 1), (1, 1, 1), (1, 1, 1), (1, 1, 1), (1, 1, 1), (1, 1, 1), (1, 1, 1), (1, 1, 1), (1, 1, 1), (1, 1, 1), (1, 1, 1)],
                8: [(1, 1, 1), (1, 1, 1), (1, 1, 1), (1, 1, 1), (1, 1, 1), (1, 1, 1), (1, 1, 1), (1, 1, 1), (1, 1, 1), (1, 1, 1), (1, 1, 1), (1, 1, 1), (1, 1, 1), (1, 1, 1), (1, 1, 1), (1, 1, 1), (1, 1, 1), (1, 1, 1), (1, 1, 1), (1, 1, 1), (1, 1, 1), (1, 1, 1), (1, 1, 1), (1, 1, 1), (1, 1, 1), (1, 1, 1), (1, 1, 1), (1, 1, 1), (1, 1, 1), (1, 1, 1), (1, 1, 1), (1, 1, 1), (1, 1, 1), (1, 1, 1), (1, 1, 1), (1, 1, 1), (1, 1, 1), (1, 1, 1), (1, 1, 1), (1, 1, 1), (1, 1, 1), (1, 1, 1), (1, 1, 1), (1, 1, 1), (1, 1, 1), (1, 1, 1), (1, 1, 1), (1, 1, 1), (1, 1, 1), (1, 1, 1), (1, 1, 1), (1, 1, 1), (1, 1, 1), (1, 1, 1), (1, 1, 1), (1, 1, 1), (1, 1, 1), (1, 1, 1), (1, 1, 1), (1, 1, 1), (1, 1, 1), (1, 1, 1), (1, 1, 1), (1, 1, 1), (1, 1, 1), (1, 1, 1), (1, 1, 1), (1, 1, 1), (1, 1, 1), (1, 1, 1), (1, 1, 1), (1, 1, 1), (1, 1, 1), (1, 1, 1), (1, 1, 1), (1, 1, 1), (1, 1, 1), (1, 1, 1), (1, 1, 1), (1, 1, 1), (1, 1, 1), (1, 1, 1), (1, 1, 1), (1, 1, 1), (1, 1, 1), (1, 1, 1), (1, 1, 1), (1, 1, 1), (1, 1, 1), (1, 1, 1), (1, 1, 1), (1, 1, 1), (1, 1, 1), (1, 1, 1), (1, 1, 1), (1, 1, 1), (1, 1, 1), (1, 1, 1), (1, 1, 1), (1, 1, 1), (1, 1, 1), (1, 1, 1), (1, 1, 1), (1, 1, 1), (1, 1, 1), (1, 1, 1), (1, 1, 1), (1, 1, 1), (1, 1, 1), (1, 1, 1), (1, 1, 1), (1, 1, 1), (1, 1, 1), (1, 1, 1), (1, 1, 1)],
                9: [(1, 1, 1), (1, 1, 1), (1, 1, 1), (1, 1, 1), (1, 1, 1), (1, 1, 1), (1, 1, 1), (1, 1, 1), (1, 1, 1), (1, 1, 1), (1, 1, 1), (1, 1, 1), (1, 1, 1), (1, 1, 1), (1, 1, 1), (1, 1, 1), (1, 1, 1), (1, 1, 1), (1, 1, 1), (1, 1, 1), (1, 1, 1), (1, 1, 1), (1, 1, 1), (1, 1, 1), (1, 1, 1), (1, 1, 1), (1, 1, 1), (1, 1, 1), (1, 1, 1), (1, 1, 1), (1, 1, 1), (1, 1, 1), (1, 1, 1), (1, 1, 1), (1, 1, 1), (1, 1, 1), (1, 1, 1), (1, 1, 1), (1, 1, 1), (1, 1, 1), (1, 1, 1), (1, 1, 1), (1, 1, 1), (1, 1, 1), (1, 1, 1), (1, 1, 1), (1, 1, 1), (1, 1, 1), (1, 1, 1), (1, 1, 1), (1, 1, 1), (1, 1, 1), (1, 1, 1), (1, 1, 1), (1, 1, 1), (1, 1, 1), (1, 1, 1), (1, 1, 1), (1, 1, 1), (1, 1, 1), (1, 1, 1), (1, 1, 1), (1, 1, 1), (1, 1, 1), (1, 1, 1), (1, 1, 1), (1, 1, 1), (1, 1, 1), (1, 1, 1), (1, 1, 1), (1, 1, 1), (1, 1, 1), (1, 1, 1), (1, 1, 1), (1, 1, 1), (1, 1, 1), (1, 1, 1), (1, 1, 1), (1, 1, 1), (1, 1, 1), (1, 1, 1), (1, 1, 1), (1, 1, 1), (1, 1, 1), (1, 1, 1), (1, 1, 1), (1, 1, 1), (1, 1, 1), (1, 1, 1), (1, 1, 1), (1, 1, 1), (1, 1, 1), (1, 1, 1), (1, 1, 1), (1, 1, 1), (1, 1, 1), (1, 1, 1), (1, 1, 1), (1, 1, 1), (1, 1, 1), (1, 1, 1), (1, 1, 1), (1, 1, 1), (1, 1, 1), (1, 1, 1), (1, 1, 1), (1, 1, 1), (1, 1, 1), (1, 1, 1), (1, 1, 1), (1, 1, 1), (1, 1, 1), (1, 1, 1), (1, 1, 1), (1, 1, 1)],
                10: [(1, 1, 1), (1, 1, 1), (1, 1, 1), (1, 1, 1), (1, 1, 1), (1, 1, 1), (1, 1, 1), (1, 1, 1), (1, 1, 1), (1, 1, 1), (1, 1, 1), (1, 1, 1), (1, 1, 1), (1, 1, 1), (1, 1, 1), (1, 1, 1), (1, 1, 1), (1, 1, 1), (1, 1, 1), (1, 1, 1), (1, 1, 1), (1, 1, 1), (1, 1, 1), (1, 1, 1), (1, 1, 1), (1, 1, 1), (1, 1, 1), (1, 1, 1), (1, 1, 1), (1, 1, 1), (1, 1, 1), (1, 1, 1), (1, 1, 1), (1, 1, 1), (1, 1, 1), (1, 1, 1), (1, 1, 1), (1, 1, 1), (1, 1, 1), (1, 1, 1), (1, 1, 1), (1, 1, 1), (1, 1, 1), (1, 1, 1), (1, 1, 1), (1, 1, 1), (1, 1, 1), (1, 1, 1), (1, 1, 1), (1, 1, 1), (1, 1, 1), (1, 1, 1), (1, 1, 1), (1, 1, 1), (1, 1, 1), (1, 1, 1), (1, 1, 1), (1, 1, 1), (1, 1, 1), (1, 1, 1), (1, 1, 1), (1, 1, 1), (1, 1, 1), (1, 1, 1), (1, 1, 1), (1, 1, 1), (1, 1, 1), (1, 1, 1), (1, 1, 1), (1, 1, 1), (1, 1, 1), (1, 1, 1), (1, 1, 1), (1, 1, 1), (1, 1, 1), (1, 1, 1), (1, 1, 1), (1, 1, 1), (1, 1, 1), (1, 1, 1), (1, 1, 1), (1, 1, 1), (1, 1, 1), (1, 1, 1), (1, 1, 1), (1, 1, 1), (1, 1, 1), (1, 1, 1), (1, 1, 1), (1, 1, 1), (1, 1, 1), (1, 1, 1), (1, 1, 1), (1, 1, 1), (1, 1, 1), (1, 1, 1), (1, 1, 1), (1, 1, 1), (1, 1, 1), (1, 1, 1), (1, 1, 1), (1, 1, 1), (1, 1, 1), (1, 1, 1), (1, 1, 1), (1, 1, 1), (1, 1, 1), (1, 1, 1), (1, 1, 1), (1, 1, 1), (1, 1, 1), (1, 1, 1), (1, 1, 1), (1, 1, 1), (1, 1, 1)],
                11: [(1, 1, 1), (1, 1, 1), (1, 1, 1), (1, 1, 1), (1, 1, 1), (1, 1, 1), (1, 1, 1), (1, 1, 1), (1, 1, 1), (1, 1, 1), (1, 1, 1), (1, 1, 1), (1, 1, 1), (1, 1, 1), (1, 1, 1), (1, 1, 1), (1, 1, 1), (1, 1, 1), (1, 1, 1), (1, 1, 1), (1, 1, 1), (1, 1, 1), (1, 1, 1), (1, 1, 1), (1, 1, 1), (1, 1, 1), (1, 1, 1), (1, 1, 1), (1, 1, 1), (1, 1, 1), (1, 1, 1), (1, 1, 1), (1, 1, 1), (1, 1, 1), (1, 1, 1), (1, 1, 1), (1, 1, 1), (1, 1, 1), (1, 1, 1), (1, 1, 1), (1, 1, 1), (1, 1, 1), (1, 1, 1), (1, 1, 1), (1, 1, 1), (1, 1, 1), (1, 1, 1), (1, 1, 1), (1, 1, 1), (1, 1, 1), (1, 1, 1), (1, 1, 1), (1, 1, 1), (1, 1, 1), (1, 1, 1), (1, 1, 1), (1, 1, 1), (1, 1, 1), (1, 1, 1), (1, 1, 1), (1, 1, 1), (1, 1, 1), (1, 1, 1), (1, 1, 1), (1, 1, 1), (1, 1, 1), (1, 1, 1), (1, 1, 1), (1, 1, 1), (1, 1, 1), (1, 1, 1), (1, 1, 1), (1, 1, 1), (1, 1, 1), (1, 1, 1), (1, 1, 1), (1, 1, 1), (1, 1, 1), (1, 1, 1), (1, 1, 1), (1, 1, 1), (1, 1, 1), (1, 1, 1), (1, 1, 1), (1, 1, 1), (1, 1, 1), (1, 1, 1), (1, 1, 1), (1, 1, 1), (1, 1, 1), (1, 1, 1), (1, 1, 1), (1, 1, 1), (1, 1, 1), (1, 1, 1), (1, 1, 1), (1, 1, 1), (1, 1, 1), (1, 1, 1), (1, 1, 1), (1, 1, 1), (1, 1, 1), (1, 1, 1), (1, 1, 1), (1, 1, 1), (1, 1, 1), (1, 1, 1), (1, 1, 1), (1, 1, 1), (1, 1, 1), (1, 1, 1), (1, 1, 1), (1, 1, 1), (1, 1, 1), (1, 1, 1)],
                12: [(1, 1, 1), (1, 1, 1), (1, 1, 1), (1, 1, 1), (1, 1, 1), (1, 1, 1), (1, 1, 1), (1, 1, 1), (1, 1, 1), (1, 1, 1), (1, 1, 1), (1, 1, 1), (1, 1, 1), (1, 1, 1), (1, 1, 1), (1, 1, 1), (1, 1, 1), (1, 1, 1), (1, 1, 1), (1, 1, 1), (1, 1, 1), (1, 1, 1), (1, 1, 1), (1, 1, 1), (1, 1, 1), (1, 1, 1), (1, 1, 1), (1, 1, 1), (1, 1, 1), (1, 1, 1), (1, 1, 1), (1, 1, 1), (1, 1, 1), (1, 1, 1), (1, 1, 1), (1, 1, 1), (1, 1, 1), (1, 1, 1), (1, 1, 1), (1, 1, 1), (1, 1, 1), (1, 1, 1), (1, 1, 1), (1, 1, 1), (1, 1, 1), (1, 1, 1), (1, 1, 1), (1, 1, 1), (1, 1, 1), (1, 1, 1), (1, 1, 1), (1, 1, 1), (1, 1, 1), (1, 1, 1), (1, 1, 1), (1, 1, 1), (1, 1, 1), (1, 1, 1), (1, 1, 1), (1, 1, 1), (1, 1, 1), (1, 1, 1), (1, 1, 1), (1, 1, 1), (1, 1, 1), (1, 1, 1), (1, 1, 1), (1, 1, 1), (1, 1, 1), (1, 1, 1), (1, 1, 1), (1, 1, 1), (1, 1, 1), (1, 1, 1), (1, 1, 1), (1, 1, 1), (1, 1, 1), (1, 1, 1), (1, 1, 1), (1, 1, 1), (1, 1, 1), (1, 1, 1), (1, 1, 1), (1, 1, 1), (1, 1, 1), (1, 1, 1), (1, 1, 1), (1, 1, 1), (1, 1, 1), (1, 1, 1), (1, 1, 1), (1, 1, 1), (1, 1, 1), (1, 1, 1), (1, 1, 1), (1, 1, 1), (1, 1, 1), (1, 1, 1), (1, 1, 1), (1, 1, 1), (1, 1, 1), (1, 1, 1), (1, 1, 1), (1, 1, 1), (1, 1, 1), (1, 1, 1), (1, 1, 1), (1, 1, 1), (1, 1, 1), (1, 1, 1), (1, 1, 1), (1, 1, 1), (1, 1, 1), (1, 1, 1), (1, 1, 1)],
                13: [(1, 1, 1), (1, 1, 1), (1, 1, 1), (1, 1, 1), (1, 1, 1), (1, 1, 1), (1, 1, 1), (1, 1, 1), (1, 1, 1), (1, 1, 1), (1, 1, 1), (1, 1, 1), (1, 1, 1), (1, 1, 1), (1, 1, 1), (1, 1, 1), (1, 1, 1), (1, 1, 1), (1, 1, 1), (1, 1, 1), (1, 1, 1), (1, 1, 1), (1, 1, 1), (1, 1, 1), (1, 1, 1), (1, 1, 1), (1, 1, 1), (1, 1, 1), (1, 1, 1), (1, 1, 1), (1, 1, 1), (1, 1, 1), (1, 1, 1), (1, 1, 1), (1, 1, 1), (1, 1, 1), (1, 1, 1), (1, 1, 1), (1, 1, 1), (1, 1, 1), (1, 1, 1), (1, 1, 1), (1, 1, 1), (1, 1, 1), (1, 1, 1), (1, 1, 1), (1, 1, 1), (1, 1, 1), (1, 1, 1), (1, 1, 1), (1, 1, 1), (1, 1, 1), (1, 1, 1), (1, 1, 1), (1, 1, 1), (1, 1, 1), (1, 1, 1), (1, 1, 1), (1, 1, 1), (1, 1, 1), (1, 1, 1), (1, 1, 1), (1, 1, 1), (1, 1, 1), (1, 1, 1), (1, 1, 1), (1, 1, 1), (1, 1, 1), (1, 1, 1), (1, 1, 1), (1, 1, 1), (1, 1, 1), (1, 1, 1), (1, 1, 1), (1, 1, 1), (1, 1, 1), (1, 1, 1), (1, 1, 1), (1, 1, 1), (1, 1, 1), (1, 1, 1), (1, 1, 1), (1, 1, 1), (1, 1, 1), (1, 1, 1), (1, 1, 1), (1, 1, 1), (1, 1, 1), (1, 1, 1), (1, 1, 1), (1, 1, 1), (1, 1, 1), (1, 1, 1), (1, 1, 1), (1, 1, 1), (1, 1, 1), (1, 1, 1), (1, 1, 1), (1, 1, 1), (1, 1, 1), (1, 1, 1), (1, 1, 1), (1, 1, 1), (1, 1, 1), (1, 1, 1), (1, 1, 1), (1, 1, 1), (1, 1, 1), (1, 1, 1), (1, 1, 1), (1, 1, 1), (1, 1, 1), (1, 1, 1), (1, 1, 1), (1, 1, 1)],
                14: [(1, 1, 1), (1, 1, 1), (1, 1, 1), (1, 1, 1), (1, 1, 1), (1, 1, 1), (1, 1, 1), (1, 1, 1), (1, 1, 1), (1, 1, 1), (1, 1, 1), (1, 1, 1), (1, 1, 1), (1, 1, 1), (1, 1, 1), (1, 1, 1), (1, 1, 1), (1, 1, 1), (1, 1, 1), (1, 1, 1), (1, 1, 1), (1, 1, 1), (1, 1, 1), (1, 1, 1), (1, 1, 1), (1, 1, 1), (1, 1, 1), (1, 1, 1), (1, 1, 1), (1, 1, 1), (1, 1, 1), (1, 1, 1), (1, 1, 1), (1, 1, 1), (1, 1, 1), (1, 1, 1), (1, 1, 1), (1, 1, 1), (1, 1, 1), (1, 1, 1), (1, 1, 1), (1, 1, 1), (1, 1, 1), (1, 1, 1), (1, 1, 1), (1, 1, 1), (1, 1, 1), (1, 1, 1), (1, 1, 1), (1, 1, 1), (1, 1, 1), (1, 1, 1), (1, 1, 1), (1, 1, 1), (1, 1, 1), (1, 1, 1), (1, 1, 1), (1, 1, 1), (1, 1, 1), (1, 1, 1), (1, 1, 1), (1, 1, 1), (1, 1, 1), (1, 1, 1), (1, 1, 1), (1, 1, 1), (1, 1, 1), (1, 1, 1), (1, 1, 1), (1, 1, 1), (1, 1, 1), (1, 1, 1), (1, 1, 1), (1, 1, 1), (1, 1, 1), (1, 1, 1), (1, 1, 1), (1, 1, 1), (1, 1, 1), (1, 1, 1), (1, 1, 1), (1, 1, 1), (1, 1, 1), (1, 1, 1), (1, 1, 1), (1, 1, 1), (1, 1, 1), (1, 1, 1), (1, 1, 1), (1, 1, 1), (1, 1, 1), (1, 1, 1), (1, 1, 1), (1, 1, 1), (1, 1, 1), (1, 1, 1), (1, 1, 1), (1, 1, 1), (1, 1, 1), (1, 1, 1), (1, 1, 1), (1, 1, 1), (1, 1, 1), (1, 1, 1), (1, 1, 1), (1, 1, 1), (1, 1, 1), (1, 1, 1), (1, 1, 1), (1, 1, 1), (1, 1, 1), (1, 1, 1), (1, 1, 1), (1, 1, 1), (1, 1, 1)],
                15: [(1, 1, 1), (1, 1, 1), (1, 1, 1), (1, 1, 1), (1, 1, 1), (1, 1, 1), (1, 1, 1), (1, 1, 1), (1, 1, 1), (1, 1, 1), (1, 1, 1), (1, 1, 1), (1, 1, 1), (1, 1, 1), (1, 1, 1), (1, 1, 1), (1, 1, 1), (1, 1, 1), (1, 1, 1), (1, 1, 1), (1, 1, 1), (1, 1, 1), (1, 1, 1), (1, 1, 1), (1, 1, 1), (1, 1, 1), (1, 1, 1), (1, 1, 1), (1, 1, 1), (1, 1, 1), (1, 1, 1), (1, 1, 1), (1, 1, 1), (1, 1, 1), (1, 1, 1), (1, 1, 1), (1, 1, 1), (1, 1, 1), (1, 1, 1), (1, 1, 1), (1, 1, 1), (1, 1, 1), (1, 1, 1), (1, 1, 1), (1, 1, 1), (1, 1, 1), (1, 1, 1), (1, 1, 1), (1, 1, 1), (1, 1, 1), (1, 1, 1), (1, 1, 1), (1, 1, 1), (1, 1, 1), (1, 1, 1), (1, 1, 1), (1, 1, 1), (1, 1, 1), (1, 1, 1), (1, 1, 1), (1, 1, 1), (1, 1, 1), (1, 1, 1), (1, 1, 1), (1, 1, 1), (1, 1, 1), (1, 1, 1), (1, 1, 1), (1, 1, 1), (1, 1, 1), (1, 1, 1), (1, 1, 1), (1, 1, 1), (1, 1, 1), (1, 1, 1), (1, 1, 1), (1, 1, 1), (1, 1, 1), (1, 1, 1), (1, 1, 1), (1, 1, 1), (1, 1, 1), (1, 1, 1), (1, 1, 1), (1, 1, 1), (1, 1, 1), (1, 1, 1), (1, 1, 1), (1, 1, 1), (1, 1, 1), (1, 1, 1), (1, 1, 1), (1, 1, 1), (1, 1, 1), (1, 1, 1), (1, 1, 1), (1, 1, 1), (1, 1, 1), (1, 1, 1), (1, 1, 1), (1, 1, 1), (1, 1, 1), (1, 1, 1), (1, 1, 1), (1, 1, 1), (1, 1, 1), (1, 1, 1), (1, 1, 1), (1, 1, 1), (1, 1, 1), (1, 1, 1), (1, 1, 1), (1, 1, 1), (1, 1, 1), (1, 1, 1)],
                16: [(1, 1, 1), (1, 1, 1), (1, 1, 1), (1, 1, 1), (1, 1, 1), (1, 1, 1), (1, 1, 1), (1, 1, 1), (1, 1, 1), (1, 1, 1), (1, 1, 1), (1, 1, 1), (1, 1, 1), (1, 1, 1), (1, 1, 1), (1, 1, 1), (1, 1, 1), (1, 1, 1), (1, 1, 1), (1, 1, 1), (1, 1, 1), (1, 1, 1), (1, 1, 1), (1, 1, 1), (1, 1, 1), (1, 1, 1), (1, 1, 1), (1, 1, 1), (1, 1, 1), (1, 1, 1), (1, 1, 1), (1, 1, 1), (1, 1, 1), (1, 1, 1), (1, 1, 1), (1, 1, 1), (1, 1, 1), (1, 1, 1), (1, 1, 1), (1, 1, 1), (1, 1, 1), (1, 1, 1), (1, 1, 1), (1, 1, 1), (1, 1, 1), (1, 1, 1), (1, 1, 1), (1, 1, 1), (1, 1, 1), (1, 1, 1), (1, 1, 1), (1, 1, 1), (1, 1, 1), (1, 1, 1), (1, 1, 1), (1, 1, 1), (1, 1, 1), (1, 1, 1), (1, 1, 1), (1, 1, 1), (1, 1, 1), (1, 1, 1), (1, 1, 1), (1, 1, 1), (1, 1, 1), (1, 1, 1), (1, 1, 1), (1, 1, 1), (1, 1, 1), (1, 1, 1), (1, 1, 1), (1, 1, 1), (1, 1, 1), (1, 1, 1), (1, 1, 1), (1, 1, 1), (1, 1, 1), (1, 1, 1), (1, 1, 1), (1, 1, 1), (1, 1, 1), (1, 1, 1), (1, 1, 1), (1, 1, 1), (1, 1, 1), (1, 1, 1), (1, 1, 1), (1, 1, 1), (1, 1, 1), (1, 1, 1), (1, 1, 1), (1, 1, 1), (1, 1, 1), (1, 1, 1), (1, 1, 1), (1, 1, 1), (1, 1, 1), (1, 1, 1), (1, 1, 1), (1, 1, 1), (1, 1, 1), (1, 1, 1), (1, 1, 1), (1, 1, 1), (1, 1, 1), (1, 1, 1), (1, 1, 1), (1, 1, 1), (1, 1, 1), (1, 1, 1), (1, 1, 1), (1, 1, 1), (1, 1, 1), (1, 1, 1), (1, 1, 1)],
                17: [(1, 1, 1), (1, 1, 1), (1, 1, 1), (1, 1, 1), (1, 1, 1), (1, 1, 1), (1, 1, 1), (1, 1, 1), (1, 1, 1), (1, 1, 1), (1, 1, 1), (1, 1, 1), (1, 1, 1), (1, 1, 1), (1, 1, 1), (1, 1, 1), (1, 1, 1), (1, 1, 1), (1, 1, 1), (1, 1, 1), (1, 1, 1), (1, 1, 1), (1, 1, 1), (1, 1, 1), (1, 1, 1), (1, 1, 1), (1, 1, 1), (1, 1, 1), (1, 1, 1), (1, 1, 1), (1, 1, 1), (1, 1, 1), (1, 1, 1), (1, 1, 1), (1, 1, 1), (1, 1, 1), (1, 1, 1), (1, 1, 1), (1, 1, 1), (1, 1, 1), (1, 1, 1), (1, 1, 1), (1, 1, 1), (1, 1, 1), (1, 1, 1), (1, 1, 1), (1, 1, 1), (1, 1, 1), (1, 1, 1), (1, 1, 1), (1, 1, 1), (1, 1, 1), (1, 1, 1), (1, 1, 1), (1, 1, 1), (1, 1, 1), (1, 1, 1), (1, 1, 1), (1, 1, 1), (1, 1, 1), (1, 1, 1), (1, 1, 1), (1, 1, 1), (1, 1, 1), (1, 1, 1), (1, 1, 1), (1, 1, 1), (1, 1, 1), (1, 1, 1), (1, 1, 1), (1, 1, 1), (1, 1, 1), (1, 1, 1), (1, 1, 1), (1, 1, 1), (1, 1, 1), (1, 1, 1), (1, 1, 1), (1, 1, 1), (1, 1, 1), (1, 1, 1), (1, 1, 1), (1, 1, 1), (1, 1, 1), (1, 1, 1), (1, 1, 1), (1, 1, 1), (1, 1, 1), (1, 1, 1), (1, 1, 1), (1, 1, 1), (1, 1, 1), (1, 1, 1), (1, 1, 1), (1, 1, 1), (1, 1, 1), (1, 1, 1), (1, 1, 1), (1, 1, 1), (1, 1, 1), (1, 1, 1), (1, 1, 1), (1, 1, 1), (1, 1, 1), (1, 1, 1), (1, 1, 1), (1, 1, 1), (1, 1, 1), (1, 1, 1), (1, 1, 1), (1, 1, 1), (1, 1, 1), (1, 1, 1), (1, 1, 1), (1, 1, 1)],
                18: [(1, 1, 1), (1, 1, 1), (1, 1, 1), (1, 1, 1), (1, 1, 1), (1, 1, 1), (1, 1, 1), (1, 1, 1), (1, 1, 1), (1, 1, 1), (1, 1, 1), (1, 1, 1), (1, 1, 1), (1, 1, 1), (1, 1, 1), (1, 1, 1), (1, 1, 1), (1, 1, 1), (1, 1, 1), (1, 1, 1), (1, 1, 1), (1, 1, 1), (1, 1, 1), (1, 1, 1), (1, 1, 1), (1, 1, 1), (1, 1, 1), (1, 1, 1), (1, 1, 1), (1, 1, 1), (1, 1, 1), (1, 1, 1), (1, 1, 1), (1, 1, 1), (1, 1, 1), (1, 1, 1), (1, 1, 1), (1, 1, 1), (1, 1, 1), (1, 1, 1), (1, 1, 1), (1, 1, 1), (1, 1, 1), (1, 1, 1), (1, 1, 1), (1, 1, 1), (1, 1, 1), (1, 1, 1), (1, 1, 1), (1, 1, 1), (1, 1, 1), (1, 1, 1), (1, 1, 1), (1, 1, 1), (1, 1, 1), (1, 1, 1), (1, 1, 1), (1, 1, 1), (1, 1, 1), (1, 1, 1), (1, 1, 1), (1, 1, 1), (1, 1, 1), (1, 1, 1), (1, 1, 1), (1, 1, 1), (1, 1, 1), (1, 1, 1), (1, 1, 1), (1, 1, 1), (1, 1, 1), (1, 1, 1), (1, 1, 1), (1, 1, 1), (1, 1, 1), (1, 1, 1), (1, 1, 1), (1, 1, 1), (1, 1, 1), (1, 1, 1), (1, 1, 1), (1, 1, 1), (1, 1, 1), (1, 1, 1), (1, 1, 1), (1, 1, 1), (1, 1, 1), (1, 1, 1), (1, 1, 1), (1, 1, 1), (1, 1, 1), (1, 1, 1), (1, 1, 1), (1, 1, 1), (1, 1, 1), (1, 1, 1), (1, 1, 1), (1, 1, 1), (1, 1, 1), (1, 1, 1), (1, 1, 1), (1, 1, 1), (1, 1, 1), (1, 1, 1), (1, 1, 1), (1, 1, 1), (1, 1, 1), (1, 1, 1), (1, 1, 1), (1, 1, 1), (1, 1, 1), (1, 1, 1), (1, 1, 1), (1, 1, 1), (1, 1, 1)],
            }
            float3[] translations.timeSamples = {
                0: [(-0.032097474, 0.6604323, 0.062800944), (-0.60854006, 80.51031, 4.055434), (1.2359957, -0.0000027008355, -3.4924597e-7), (4.9658294, -0.0000011175871, -0.0000010244548), (3.5577245, 0.0000033527613, -0.0000011175871), (6.670798, -0.0000037252903, -4.656613e-7), (9.8213825, 0.6122954, 3.9372482), (15.41796, 0.0000031664968, 0.0000063329935), (33.534554, -0.0000074505806, -0.000008940697), (-0.0000076293945, 0.0000019073486, -0.0000076293945), (8.958713, 0.0000018626451, 0.000008940697), (18.684767, -0.0000011175871, 0.0000059604645), (31.391886, 0.0000059604645, 0), (31.391884, 0.0000044703484, -0.000008940697), (3.4891806, 0.7993173, -1.4824312), (6.3276424, -0.6727748, 0.10214634), (3.901308, -0.000014621764, -0.0000067055225), (2.5032203, 0.00004656613, -9.313226e-7), (3.6652896, 0.55318475, -0.26560688), (6.034166, -0.7589269, 0.16727038), (4.414455, -0.000017369166, 0.0000014901161), (2.8362863, 0.000047311187, 7.4505806e-7), (-0.08735657, 0.117797844, -0.0102443695), (3.409408, 1.0845684, 2.349939), (4.702994, 0.00011399388, -0.00022612512), (3.1616964, 0.0000128522515, 0.000005401671), (2.0934918, -0.000021792948, -0.0000037252903), (3.6235764, 0.7263455, 0.9747861), (5.4305787, -0.6317217, 0.16244501), (4.0110564, -0.000015599653, -0.0000052154064), (2.7361047, 0.000006891787, -0.0000022351742), (1.9696431, 1.3022766, -1.0846131), (2.5685918, -0.0000013038516, 5.5879354e-7), (3.3456738, -0.0000037252903, -0.0000063329935), (3.4770613, -0.000009033829, -0.0000014901161), (4.866989, 1.1627197, -0.020889282), (9.715666, -0.0000074505806, -0.000013038516), (21.34961, -0.0000044703484, -0.000014901161), (33.534554, -0.000011920929, -0.000016391277), (12.447665, -2.0695834, -7.4505806e-7), (8.4191675, -0.0000059604645, -6.7520887e-7), (23.695704, -0.000008940697, -0.0000020023435), (23.695704, -0.000008940697, -0.0000020023435), (12.346619, 12.763805, -4.7683716e-7), (12.346619, 12.763805, -6.97001), (9.536743e-7, 0.000015258789, -0.0000038146973), (12.346634, 12.763805, 6.9698133), (0.0000022649765, 0, -0.0000038146973), (43.424313, -0.0000038146973, -0.0000019073486), (9.821134, 0.6122947, -3.937253), (-15.417912, 0.0000044703484, 0.000116601586), (-33.53421, 0.000025937334, 0.00043958426), (0, -0.0000019073486, -0.000015258789), (-8.959105, 0.000008195639, -0.00037811697), (-18.684696, -0.000011920929, 0.0000230968), (-31.391912, -0.0000044703484, -0.00011771917), (-31.391912, -0.0000059604645, -0.000101327896), (-3.4893806, -0.79950786, 1.4824232), (-6.3276367, 0.67272985, -0.102135725), (-3.9013278, 0.000045076013, 0.0000057742), (-2.503216, -0.000016018748, -0.00001527369), (-3.6655507, -0.55334437, 0.2655997), (-6.0341163, 0.75892735, -0.1672645), (-4.4143925, -0.00003091991, -5.5879354e-7), (-2.8363597, 5.5879354e-7, 0.0000048428774), (0.087379456, -0.117782585, 0.010240555), (-3.409616, -1.0847403, -2.3499498), (-4.7030206, -0.00009201467, 0.00024242327), (-3.1617198, -0.000029616058, -0.000007636845), (-2.093462, -0.000021979213, -0.0000173226), (-3.6238477, -0.7265536, -0.97479594), (-5.4305825, 0.63166654, -0.1624546), (-4.01102, 0.000021234155, 0.000016577542), (-2.736101, 0.000009313226, -0.00001564622), (-1.969855, -1.3024447, 1.0846035), (-2.5686338, -0.00007553026, 0.00004544854), (-3.345661, 0.000021699816, 0.000016018748), (-3.4770925, -0.000025704503, -0.00010617077), (-4.859871, -2.159523, -0.053766247), (-9.715266, 0.00001930166, 0.00035613775), (-21.349638, 0.0000106636435, 0.00005364418), (-33.53421, 0.000033015385, 0.00043660402), (0, -64.88394, 0), (-8.446707, -1.1566951, 19.67839), (23.990307, 0.0000014901161, -0.0000074505806), (18.561378, 0.0000059604645, -0.0000014901161), (3.6127977, 8.5989485, -0.0000022817403), (2.5664098, -0.000005029142, -0.0000033527613), (0.0000019073486, -0.0000019073486, -9.536743e-7), (3.8117867, 4.4046535, 0.20523739), (-0.0005531311, 0.0000076293945, 0.000009536742), (8.40317, 0.026346743, 0.032761693), (13.482277, 0.026349723, 0.032763183), (18.561394, 0.026352704, 0.032764673), (3.4740388, -0.029146485, 0.06552581), (11.719392, -0.029142946, 0.06553009), (22.32171, -0.014565885, 0.032760203), (-8.4467125, -1.1566898, -19.678385), (-23.990295, 0.0000014901161, -0.000010430813), (-18.561361, -0.0000014901161, 0.00000949949), (-3.6127892, -8.598946, -0.0000011175871), (-2.5663757, -0.000017811544, -1.8626451e-7), (0.0000019073486, -0.0000019073486, -0.0000019073486), (-3.811346, -4.404493, -0.20591162), (0.000541687, -0.000005722046, 0.0000019073486), (-8.403143, -0.026343018, -0.032754056), (-13.482253, -0.026342273, -0.032753497), (-18.561369, -0.026345253, -0.032747537), (-3.47406, 0.029148348, -0.06553754), (-11.719415, 0.029148161, -0.06553903), (-22.321705, 0.014582276, -0.032767653), (0, 8.83581, 8.149654), (0, -72.72495, 41.16349), (0, 7.9249287, -7.3095045), (0, -69.67196, -39.435448)],
                1: [(0.003164634, 0.51771635, 0.014877319), (-1.2564417, 83.50357, 4.7096205), (1.2359937, -0.000002142042, -1.6298145e-7), (4.965831, -0.0000011175871, -0.0000016763806), (3.5577283, 0.0000018626451, -0.0000023283064), (6.670808, -0.0000067055225, -0.0000024214387), (9.821383, 0.61229694, 3.9372451), (15.417962, 0.0000055879354, 0.000009872019), (33.53456, 0.0000014901161, -0.0000059604645), (-0.0000076293945, 0.0000019073486, -0.0000076293945), (8.958718, -7.4505806e-7, 0.000009685755), (18.684786, 0.0000022351742, 0.0000044703484), (31.391916, 0.0000022351742, -0.0000029802322), (31.39191, 7.4505806e-7, -0.000011920929), (3.4891806, 0.7993169, -1.4824308), (6.32764, -0.6727744, 0.10214746), (3.9013152, -0.000014621764, -0.000009872019), (2.50322, 0.000047311187, -0.0000048428774), (3.6652923, 0.5531836, -0.2656104), (6.034164, -0.7589266, 0.16727485), (4.414448, -0.000014109537, 5.5879354e-7), (2.8362823, 0.000044703484, 0.0000037252903), (-0.08735657, 0.117797844, -0.0102443695), (3.4094076, 1.0845706, 2.3499424), (4.702995, 0.00011473894, -0.00022575259), (3.1616986, 0.000014249235, 0.0000052154064), (2.0934951, -0.000022351742, -0.0000031664968), (3.6235783, 0.7263491, 0.9747887), (5.43058, -0.6317213, 0.16244426), (4.011058, -0.000015925616, -0.0000055879354), (2.7361093, 0.000007636845, 0.0000016763806), (1.9696405, 1.3022761, -1.0846161), (2.5685978, -0.000003911555, 0.0000012601959), (3.3456743, -0.0000013038516, -0.000008381903), (3.4770634, -0.0000067520887, -0.0000024214387), (4.866989, 1.1627197, -0.020889282), (9.715671, -0.0000037252903, -0.0000115484), (21.34961, 0.0000014901161, -0.000014901161), (33.53456, -0.0000014901161, -0.000010430813), (12.447681, -2.069588, -0.0000055879354), (8.419175, -0.000008940697, -0.0000023283064), (23.695711, -0.000011920929, -0.000008428469), (23.695711, -0.000011920929, -0.000008428469), (12.346619, 12.763805, -4.7683716e-7), (12.346619, 12.763805, -6.97001), (9.536743e-7, 0.000015258789, -0.0000038146973), (12.346634, 12.763805, 6.9698133), (0.0000022649765, 0, -0.0000038146973), (43.424313, -0.0000038146973, -0.0000019073486), (9.821135, 0.61229765, -3.9372602), (-15.417915, 0.0000115484, 0.0001296401), (-33.534225, 0.000035762787, 0.00043809414), (0, -0.0000019073486, -0.000015258789), (-8.959111, 0.000009685755, -0.00038519502), (-18.68471, -0.0000059604645, 0.0000059604645), (-31.39193, 0, -0.00014603138), (-31.391937, 0, -0.00013113022), (-3.4893832, -0.7995086, 1.4824231), (-6.327641, 0.67272764, -0.10213703), (-3.9013333, 0.000045076013, 0.0000059604645), (-2.503222, -0.000016391277, -0.000014156103), (-3.6655517, -0.553344, 0.26560026), (-6.034123, 0.7589258, -0.16726851), (-4.414401, -0.000030174851, -0.0000029802322), (-2.8363624, -0.0000014901161, 0.000006146729), (0.087379456, -0.117782585, 0.010240555), (-3.4096186, -1.0847412, -2.3499503), (-4.703022, -0.00009126961, 0.00024363399), (-3.161727, -0.000032410026, -0.00000782311), (-2.093468, -0.00002142042, -0.000017508864), (-3.6238523, -0.72655493, -0.9747977), (-5.430582, 0.63166916, -0.1624533), (-4.011023, 0.000024214387, 0.000013224781), (-2.7361042, 0.000009126961, -0.000015087426), (-1.9698594, -1.302447, 1.0846016), (-2.5686371, -0.00007911585, 0.0000461936), (-3.3456655, 0.000020675361, 0.00001527369), (-3.477096, -0.000024400651, -0.000105425715), (-4.859871, -2.159523, -0.053766247), (-9.715272, 0.000021327287, 0.00035390258), (-21.349644, 0.000016763806, 0.000056624413), (-33.53422, 0.00004656613, 0.00044107437), (0, -64.88394, 0), (-8.446707, -1.1566951, 19.678387), (23.990297, -0.0000029802322, -0.0000044703484), (18.561377, 0.0000059604645, 0.0000029802322), (3.6127977, 8.598945, -0.0000020489097), (2.5664093, -0.000005029142, -0.0000037718564), (0.0000019073486, -0.0000019073486, -9.536743e-7), (3.8117867, 4.4046535, 0.20523739), (-0.0005531311, 0.0000076293945, 0.000009536742), (8.40317, 0.026345253, 0.032763183), (13.482276, 0.026350468, 0.032764673), (18.561394, 0.026354939, 0.032764673), (3.4740403, -0.029149652, 0.065525435), (11.719388, -0.029145926, 0.06553158), (22.321705, -0.014574826, 0.032764673), (-8.446714, -1.1566898, -19.678381), (-23.990295, 0.0000044703484, -0.0000059604645), (-18.561367, 0.0000014901161, 0.000011175871), (-3.6127903, -8.598946, 0), (-2.5663755, -0.000017718412, 3.7252903e-7), (0.0000019073486, -0.0000019073486, -0.0000019073486), (-3.811346, -4.404493, -0.20591162), (0.000541687, -0.000005722046, 0.0000019073486), (-8.403143, -0.026343018, -0.032753684), (-13.482255, -0.026342273, -0.03275089), (-18.561373, -0.026340783, -0.032744557), (-3.47406, 0.029148534, -0.06553698), (-11.719412, 0.029150397, -0.06553829), (-22.321705, 0.014580786, -0.032764673), (0, 8.83581, 8.149654), (0, -72.72495, 41.16349), (0, 7.9249287, -7.3095045), (0, -69.67196, -39.435448)],
                2: [(-0.0038273633, 1.0019476, 0.019334257), (-1.3140352, 85.09686, 4.569112), (1.235991, -0.0000017695129, -6.984919e-8), (4.9658256, 7.4505806e-7, 3.7252903e-7), (3.5577219, 0.0000040978193, -5.5879354e-7), (6.670801, -0.0000037252903, 2.7939677e-7), (9.821378, 0.61229694, 3.9372473), (15.41796, 0.0000044703484, 0.000008381903), (33.534546, -0.000010430813, -0.000011920929), (-0.0000076293945, 0.0000019073486, -0.0000076293945), (8.958718, -0.0000022351742, 0.000008940697), (18.684778, -0.0000014901161, 0.0000059604645), (31.391907, 0.0000029802322, 0.0000029802322), (31.391901, 0.0000014901161, -0.0000059604645), (3.489181, 0.7993173, -1.482435), (6.3276453, -0.67277324, 0.10214746), (3.9013166, -0.000016018748, -0.000010058284), (2.5032163, 0.000043585896, -0.000003911555), (3.6652923, 0.5531851, -0.2656132), (6.0341673, -0.7589258, 0.1672756), (4.414459, -0.000010058284, 0.0000033527613), (2.836285, 0.000044330955, 0.0000020489097), (-0.08735657, 0.117797844, -0.0102443695), (3.409408, 1.0845749, 2.3499417), (4.703003, 0.00011622906, -0.0002283603), (3.1617045, 0.000017508864, 0.0000027939677), (2.0934968, -0.000022910535, 0.0000016763806), (3.6235816, 0.7263508, 0.9747853), (5.430585, -0.63172054, 0.16243868), (4.0110617, -0.000012665987, -0.0000073574483), (2.7361107, 0.0000070780516, -0.0000022351742), (1.9696425, 1.3022783, -1.0846169), (2.5685966, -0.0000029802322, 5.5879354e-7), (3.3456824, -0.0000059604645, -0.000008521602), (3.4770708, -0.000013969839, -0.0000014901161), (4.866989, 1.1627197, -0.020889282), (9.715664, -0.0000074505806, -0.000013783574), (21.349606, -0.0000029802322, -0.000016391277), (33.53455, -0.000010430813, -0.000011920929), (12.44768, -2.0695865, -0.0000029802322), (8.419169, -0.0000067055225, -0.0000025844201), (23.695711, -0.000011920929, -0.0000044703484), (23.695711, -0.000011920929, -0.0000044703484), (12.346619, 12.763805, -4.7683716e-7), (12.346619, 12.763805, -6.97001), (9.536743e-7, 0.000015258789, -0.0000038146973), (12.346634, 12.763805, 6.9698133), (0.0000022649765, 0, -0.0000038146973), (43.424313, -0.0000038146973, -0.0000019073486), (9.821137, 0.61229616, -3.9372563), (-15.417912, 0.0000052154064, 0.00011920929), (-33.53421, 0.0000230968, 0.0004351139), (0, -0.0000019073486, -0.000015258789), (-8.9591055, 0.000009685755, -0.00037699938), (-18.684694, -0.000011920929, 0.000025331974), (-31.391907, -0.0000059604645, -0.000113248825), (-31.391912, -0.000008940697, -0.00009685755), (-3.4893804, -0.79950786, 1.482423), (-6.327638, 0.6727293, -0.102137215), (-3.9013255, 0.00004582107, 0.0000055879354), (-2.5032141, -0.000014714897, -0.000017695129), (-3.6655493, -0.55334437, 0.265601), (-6.0341187, 0.75892806, -0.16726646), (-4.414398, -0.000032782555, -9.313226e-7), (-2.836363, 0.0000013038516, 0.0000044703484), (0.087379456, -0.117782585, 0.010240555), (-3.4096136, -1.0847404, -2.3499484), (-4.703021, -0.00009089708, 0.00024298206), (-3.161721, -0.000030361116, -0.0000063329935), (-2.093467, -0.000022538006, -0.00001527369), (-3.6238492, -0.72655433, -0.97479725), (-5.4305778, 0.63166803, -0.16245139), (-4.011012, 0.000021979213, 0.000016763806), (-2.7360957, 0.0000074505806, -0.000015459955), (-1.969856, -1.3024457, 1.0846024), (-2.5686314, -0.0000780914, 0.000044330955), (-3.3456585, 0.000021513551, 0.000014901161), (-3.4770894, -0.00002682209, -0.0001065433), (-4.859871, -2.159523, -0.053766247), (-9.715268, 0.000015925616, 0.00035092235), (-21.349632, 0.000008940697, 0.00005364418), (-33.53421, 0.000031106174, 0.0004351139), (0, -64.88394, 0), (-8.446699, -1.1566937, 19.67838), (23.990307, -0.0000014901161, -0.000008940697), (18.561373, 0.0000033527613, 0.0000014901161), (3.6127946, 8.598931, -0.0000063329935), (2.5664077, -0.000005029142, -0.0000024214387), (0.0000019073486, -0.0000019073486, -9.536743e-7), (3.8117867, 4.4046535, 0.20523739), (-0.0005531311, 0.0000076293945, 0.000009536742), (8.403167, 0.026345812, 0.032762438), (13.482273, 0.026349723, 0.032763183), (18.561388, 0.026351586, 0.032767653), (3.4740396, -0.029147789, 0.065525435), (11.719389, -0.029144436, 0.06553158), (22.321707, -0.014570355, 0.032760203), (-8.446715, -1.1566944, -19.678377), (-23.990286, 0, -0.000008940697), (-18.561354, -0.0000044703484, 0.0000059604645), (-3.612791, -8.598941, 0.0000037252903), (-2.566375, -0.000017881393, -1.8626451e-7), (0.0000019073486, -0.0000019073486, -0.0000019073486), (-3.811346, -4.404493, -0.20591162), (0.000541687, -0.000005722046, 0.0000019073486), (-8.403139, -0.026344508, -0.032756105), (-13.482245, -0.026345998, -0.032757968), (-18.56136, -0.026345253, -0.032751262), (-3.4740605, 0.029147603, -0.06553717), (-11.719407, 0.029146671, -0.06553978), (-22.321692, 0.014577806, -0.032766163), (0, 8.83581, 8.149654), (0, -72.72495, 41.16349), (0, 7.9249287, -7.3095045), (0, -69.67196, -39.435448)],
                3: [(-0.006190315, 0.6426071, 0.01578778), (-1.3191783, 84.838875, 4.3395476), (1.2359898, -0.0000013038516, -1.8626451e-7), (4.9658246, 0.0000011175871, 0.0000014901161), (3.5577252, 0.0000029802322, 4.656613e-7), (6.67079, -7.4505806e-7, 0.0000035390258), (9.821371, 0.61230063, 3.9372525), (15.41796, 0.0000026077032, 0.0000059604645), (33.534534, -0.000032782555, -0.000014901161), (-0.0000076293945, 0.0000019073486, -0.0000076293945), (8.95871, -0.0000011175871, 0.000008195639), (18.684755, 0.0000037252903, 0.0000044703484), (31.39187, 0.000008940697, 0), (31.391865, 0.0000074505806, -0.000008940697), (3.4891796, 0.7993158, -1.4824307), (6.3276396, -0.67277735, 0.10214262), (3.9013107, -0.000011641532, -0.0000070780516), (2.5032144, 0.00004377216, -0.000003911555), (3.6652882, 0.5531829, -0.2656132), (6.0341654, -0.75892735, 0.16726889), (4.414451, -0.000014249235, 0.0000067055225), (2.8362844, 0.0000461936, 0.0000018626451), (-0.08735657, 0.117797844, -0.0102443695), (3.4094057, 1.0845695, 2.349939), (4.702989, 0.00011436641, -0.00022910535), (3.161694, 0.000013224781, 0.0000028871), (2.0934913, -0.000022910535, -0.0000018626451), (3.623578, 0.72634816, 0.97478557), (5.4305778, -0.6317217, 0.16244315), (4.0110564, -0.000017136335, -0.000006891787), (2.7361102, 0.000008195639, 0), (1.9696428, 1.3022754, -1.0846173), (2.5685894, -0.0000029802322, -0.0000024214387), (3.3456717, 0.0000014901161, -0.0000063562766), (3.4770622, -0.0000092200935, 0.0000018626451), (4.866989, 1.1627197, -0.020889282), (9.715658, -0.00001564622, -0.000016391277), (21.349592, -0.000020861626, -0.0000230968), (33.534534, -0.00003129244, -0.000017881393), (12.447654, -2.069576, 0.0000055879354), (8.419159, -0.0000029802322, 0.000007241033), (23.69567, 0.0000029802322, 0.000019790605), (23.69567, 0.0000029802322, 0.000019790605), (12.346619, 12.763805, -4.7683716e-7), (12.346619, 12.763805, -6.97001), (9.536743e-7, 0.000015258789, -0.0000038146973), (12.346634, 12.763805, 6.9698133), (0.0000022649765, 0, -0.0000038146973), (43.424313, -0.0000038146973, -0.0000019073486), (9.821114, 0.61230063, -3.937245), (-15.417907, 0.0000014901161, 0.000116974115), (-33.5342, 0.0000055879354, 0.00042915344), (0, -0.0000019073486, -0.000015258789), (-8.959101, 0.000010430813, -0.00037066638), (-18.684685, -0.000013411045, 0.000040233135), (-31.391884, -0.000011920929, -0.00008493662), (-31.391891, -0.000011920929, -0.000074505806), (-3.4893785, -0.7995067, 1.4824232), (-6.327633, 0.67272896, -0.102134794), (-3.9013212, 0.000046752393, 0.000004656613), (-2.5032108, -0.000016391277, -0.000017695129), (-3.665548, -0.55334437, 0.26560006), (-6.034116, 0.7589269, -0.16726582), (-4.4143887, -0.00002719462, -0.0000022351742), (-2.836355, 5.5879354e-7, 0.0000014901161), (0.087379456, -0.117782585, 0.010240555), (-3.4096096, -1.0847393, -2.349946), (-4.7030125, -0.000089779496, 0.00024726614), (-3.1617153, -0.00002849847, -0.000005401671), (-2.09346, -0.000022910535, -0.000014249235), (-3.6238446, -0.7265545, -0.9747952), (-5.430578, 0.6316673, -0.16245255), (-4.0110126, 0.000025331974, 0.000014528632), (-2.7360957, 0.0000070780516, -0.00001527369), (-1.9698573, -1.3024426, 1.0846003), (-2.5686302, -0.00007529743, 0.000046379864), (-3.345657, 0.000017508864, 0.00001527369), (-3.4770868, -0.000028125942, -0.00010728836), (-4.859871, -2.159523, -0.053766247), (-9.715262, 0.0000121071935, 0.0003516674), (-21.349625, -0.0000026077032, 0.000050663948), (-33.534195, 0.00001527369, 0.00043213367), (0, -64.88394, 0), (-8.4466915, -1.1566907, 19.678375), (23.990294, -0.0000044703484, -0.0000059604645), (18.561373, 0.000004284084, 0.0000014901161), (3.6127954, 8.598946, -0.0000040978193), (2.5664086, -0.0000029802322, -0.0000029802322), (0.0000019073486, -0.0000019073486, -9.536743e-7), (3.8117867, 4.4046535, 0.20523739), (-0.0005531311, 0.0000076293945, 0.000009536742), (8.40317, 0.026346277, 0.032763183), (13.482276, 0.026350375, 0.032764673), (18.561388, 0.026349723, 0.032763183), (3.4740384, -0.029148348, 0.065526925), (11.719381, -0.029144436, 0.06553382), (22.321697, -0.0145718455, 0.032760203), (-8.446717, -1.1566982, -19.678375), (-23.990273, -0.0000059604645, -0.000011920929), (-18.561354, -0.0000044703484, 0.0000059604645), (-3.612791, -8.598943, 0.0000014901161), (-2.566375, -0.00001792796, 3.7252903e-7), (0.0000019073486, -0.0000019073486, -0.0000019073486), (-3.811346, -4.404493, -0.20591162), (0.000541687, -0.000005722046, 0.0000019073486), (-8.403139, -0.026345253, -0.032756478), (-13.482245, -0.026345253, -0.032756478), (-18.561361, -0.026346743, -0.032752752), (-3.474056, 0.029147416, -0.06553866), (-11.719401, 0.029146671, -0.06554276), (-22.32169, 0.014574826, -0.032772124), (0, 8.83581, 8.149654), (0, -72.72495, 41.16349), (0, 7.9249287, -7.3095045), (0, -69.67196, -39.435448)],
                4: [(-0.005760044, 0.05564999, -0.013159215), (-1.2415739, 83.58627, 4.053476), (1.2359911, -0.0000017695129, -2.3283064e-8), (4.965829, 0, 5.5879354e-7), (3.5577204, 0.0000048428774, 2.7939677e-7), (6.670793, -0.0000022351742, 0.0000022351742), (9.821377, 0.6122999, 3.9372492), (15.41796, 0.0000022351742, 0.0000057742), (33.53455, -0.000016391277, -0.000011920929), (-0.0000076293945, 0.0000019073486, -0.0000076293945), (8.958715, -0.0000014901161, 0.000008940697), (18.684772, 0.0000026077032, 0.0000014901161), (31.391895, 0.000008195639, 0), (31.39189, 0.0000067055225, -0.000011920929), (3.4891784, 0.7993147, -1.4824328), (6.3276396, -0.6727755, 0.10214485), (3.901312, -0.000016577542, -0.000009406358), (2.5032167, 0.00004544854, -0.000003911555), (3.6652894, 0.5531844, -0.2656104), (6.0341644, -0.7589269, 0.16727075), (4.414448, -0.000013038516, 0.0000022351742), (2.8362832, 0.000046379864, 0.0000048428774), (-0.08735657, 0.117797844, -0.0102443695), (3.4094057, 1.0845708, 2.3499408), (4.7029934, 0.000113621354, -0.00022687018), (3.1616964, 0.000017695129, 0.0000038184226), (2.0934942, -0.000021792948, 0.0000024214387), (3.6235783, 0.72634834, 0.9747853), (5.4305778, -0.6317213, 0.16244426), (4.011057, -0.000015087426, -0.0000067055225), (2.7361062, 0.0000074505806, 0.0000013038516), (1.96964, 1.3022771, -1.0846152), (2.5685937, -0.0000044703484, 0.0000013504177), (3.345675, -0.0000018626451, -0.000006845221), (3.4770668, -0.000009359792, 0.0000018626451), (4.866989, 1.1627197, -0.020889282), (9.715664, -0.000008940697, -0.000014528632), (21.3496, -0.000010430813, -0.000020116568), (33.53455, -0.000013411045, -0.000013411045), (12.447664, -2.069582, 0.0000011175871), (8.419159, -0.0000022351742, 0.0000019441359), (23.695692, -0.0000029802322, 0.000005448237), (23.695692, -0.0000029802322, 0.000005448237), (12.346619, 12.763805, -4.7683716e-7), (12.346619, 12.763805, -6.97001), (9.536743e-7, 0.000015258789, -0.0000038146973), (12.346634, 12.763805, 6.9698133), (0.0000022649765, 0, -0.0000038146973), (43.424313, -0.0000038146973, -0.0000019073486), (9.821124, 0.61229765, -3.9372516), (-15.417908, 0.0000037252903, 0.000113248825), (-33.5342, 0.000007171184, 0.0004351139), (0, -0.0000019073486, -0.000015258789), (-8.959103, 0.000012665987, -0.00037290156), (-18.68469, -0.000010430813, 0.000029802322), (-31.391895, -0.0000059604645, -0.000098347664), (-31.391907, -0.000008940697, -0.0000834465), (-3.4893773, -0.7995067, 1.4824255), (-6.3276334, 0.67272854, -0.10213368), (-3.9013245, 0.00004451722, 0.000008195639), (-2.5032117, -0.000014901161, -0.00001899898), (-3.6655478, -0.5533447, 0.26560146), (-6.0341167, 0.75892544, -0.1672659), (-4.414389, -0.000030733645, 0.0000014901161), (-2.8363554, 0.0000011175871, 0.0000018626451), (0.087379456, -0.117782585, 0.010240555), (-3.4096115, -1.08474, -2.349947), (-4.703014, -0.00009089708, 0.00024698675), (-3.161718, -0.000029802322, -0.000004284084), (-2.0934622, -0.000023469329, -0.000012200326), (-3.6238465, -0.72655433, -0.9747956), (-5.430576, 0.6316677, -0.1624506), (-4.0110126, 0.0000230968, 0.000016391277), (-2.7360928, 0.000008195639, -0.0000173226), (-1.969855, -1.3024433, 1.0846038), (-2.5686295, -0.000076019205, 0.00004451722), (-3.3456576, 0.000019930303, 0.000016018748), (-3.4770894, -0.000030826777, -0.00010728836), (-4.859871, -2.159523, -0.053766247), (-9.7152605, 0.000013993122, 0.00035911798), (-21.349627, -0.0000020954758, 0.000055134296), (-33.5342, 0.000015459955, 0.0004351139), (0, -64.88394, 0), (-8.446695, -1.156693, 19.678377), (23.990294, -0.0000044703484, -0.0000044703484), (18.561373, 0.000004004687, 0.0000044703484), (3.6127946, 8.598936, -0.0000052154064), (2.5664082, -0.000005401671, -0.0000027939677), (0.0000019073486, -0.0000019073486, -9.536743e-7), (3.8117867, 4.4046535, 0.20523739), (-0.0005531311, 0.0000076293945, 0.000009536742), (8.403167, 0.02634488, 0.032761693), (13.482273, 0.026345719, 0.032761693), (18.56139, 0.026351586, 0.032764673), (3.4740374, -0.029147975, 0.065526366), (11.719385, -0.029145926, 0.06553307), (22.3217, -0.014573336, 0.032760203), (-8.446714, -1.1566993, -19.678373), (-23.990286, 0.0000014901161, -0.0000074505806), (-18.561352, -0.0000059604645, 0.0000033527613), (-3.6127899, -8.598943, 0.0000014901161), (-2.5663736, -0.000017735874, 7.4505806e-7), (0.0000019073486, -0.0000019073486, -0.0000019073486), (-3.811346, -4.404493, -0.20591162), (0.000541687, -0.000005722046, 0.0000019073486), (-8.403137, -0.026345253, -0.032756478), (-13.482245, -0.026345253, -0.032757968), (-18.56136, -0.026345253, -0.03275238), (-3.4740567, 0.02914872, -0.06553698), (-11.719408, 0.029149652, -0.06554052), (-22.321697, 0.014577806, -0.032767653), (0, 8.83581, 8.149654), (0, -72.72495, 41.16349), (0, 7.9249287, -7.3095045), (0, -69.67196, -39.435448)],
                5: [(-0.003831461, 0.45833424, -0.05212277), (-1.0739454, 83.001335, 3.851613), (1.235992, -0.0000017695129, -2.561137e-7), (4.9658284, 3.7252903e-7, 2.7939677e-7), (3.5577192, 0.0000052154064, 6.053597e-7), (6.670798, -0.0000037252903, 0.0000028871), (9.821376, 0.61229914, 3.93725), (15.41796, 0.0000033527613, 0.0000074796844), (33.534554, -0.0000044703484, -0.000008568168), (-0.0000076293945, 0.0000019073486, -0.0000076293945), (8.958719, 9.313226e-7, 0.000011175871), (18.684784, -0.0000018626451, 0.0000074505806), (31.391912, 0.00000782311, 0.0000029802322), (31.391907, 0.0000055879354, -0.000008940697), (3.489183, 0.79931545, -1.4824358), (6.3276463, -0.67277366, 0.10214038), (3.9013155, -0.000014342368, -0.000007543713), (2.5032225, 0.000046007335, -0.0000014901161), (3.6652923, 0.55318624, -0.26561394), (6.0341663, -0.7589258, 0.16727298), (4.414459, -0.000013969839, 0.0000020489097), (2.8362856, 0.000044703484, 9.313226e-7), (-0.08735657, 0.117797844, -0.0102443695), (3.409409, 1.084573, 2.3499396), (4.7029977, 0.00011604279, -0.00022761524), (3.1617012, 0.000016018748, 0.0000067055225), (2.0934937, -0.000022165477, 0.0000027939677), (3.6235824, 0.7263498, 0.9747874), (5.4305844, -0.6317217, 0.16243719), (4.0110607, -0.00001564622, -0.000010337681), (2.7361095, 0.0000074505806, 0.0000027939677), (1.9696441, 1.3022766, -1.0846136), (2.5685966, -0.0000055879354, -0.0000019557774), (3.345679, -0.0000033527613, -0.000009685755), (3.477069, -0.0000077387085, -0.0000013038516), (4.866989, 1.1627197, -0.020889282), (9.715671, -0.0000037252903, -0.000012200326), (21.349607, -0.0000029802322, -0.000016763806), (33.534557, -0.0000044703484, -0.000011175871), (12.447665, -2.0695834, 0.0000014901161), (8.419161, -0.0000022351742, 0.0000034458935), (23.69568, 0, 0.000009406358), (23.69568, 0, 0.000009406358), (12.346619, 12.763805, -4.7683716e-7), (12.346619, 12.763805, -6.97001), (9.536743e-7, 0.000015258789, -0.0000038146973), (12.346634, 12.763805, 6.9698133), (0.0000022649765, 0, -0.0000038146973), (43.424313, -0.0000038146973, -0.0000019073486), (9.821124, 0.61229616, -3.937249), (-15.41791, 0.0000033527613, 0.000121071935), (-33.534203, 0.000010058284, 0.00043213367), (0, -0.0000019073486, -0.000015258789), (-8.959103, 0.000009685755, -0.00037178397), (-18.684689, -0.000009685755, 0.00003427267), (-31.391891, -0.0000044703484, -0.0000923872), (-31.391901, -0.000010430813, -0.00008046627), (-3.489379, -0.7995062, 1.4824235), (-6.327633, 0.6727301, -0.102132745), (-3.9013214, 0.0000461936, 0.000008381903), (-2.5032125, -0.000014528632, -0.000017695129), (-3.665549, -0.55334324, 0.26559943), (-6.0341144, 0.75892806, -0.16726238), (-4.4143877, -0.00003054738, 0.0000018626451), (-2.8363545, 0, 0.0000022351742), (0.087379456, -0.117782585, 0.010240555), (-3.4096115, -1.0847393, -2.3499472), (-4.7030144, -0.0000923872, 0.0002465211), (-3.1617186, -0.00003054738, -0.000004284084), (-2.093463, -0.000023283064, -0.000013411045), (-3.6238446, -0.7265545, -0.97479355), (-5.430575, 0.6316669, -0.16244827), (-4.011014, 0.000022351742, 0.00001564622), (-2.7360985, 0.000008009374, -0.00001359731), (-1.9698534, -1.3024436, 1.0846041), (-2.5686302, -0.00007720664, 0.000046379864), (-3.3456576, 0.000021327287, 0.000016018748), (-3.477088, -0.000029336661, -0.00010728836), (-4.859871, -2.159523, -0.053766247), (-9.715262, 0.000014714897, 0.0003568828), (-21.349628, -0.0000027939677, 0.000050663948), (-33.5342, 0.000017136335, 0.00043213367), (0, -64.88394, 0), (-8.446701, -1.1566951, 19.678385), (23.990301, 0, -0.0000074505806), (18.561375, 3.7252903e-7, 0), (3.6127963, 8.598941, -0.0000037252903), (2.5664096, -0.0000035390258, -0.0000027939677), (0.0000019073486, -0.0000019073486, -9.536743e-7), (3.8117867, 4.4046535, 0.20523739), (-0.0005531311, 0.0000076293945, 0.000009536742), (8.403169, 0.026348047, 0.03276393), (13.482277, 0.026346557, 0.032761693), (18.561392, 0.026348978, 0.032766163), (3.4740403, -0.029147044, 0.06552665), (11.719388, -0.029145181, 0.06553233), (22.321707, -0.0145718455, 0.032760203), (-8.446714, -1.1566918, -19.67838), (-23.990294, 0.0000059604645, -0.0000029802322), (-18.561367, 0.0000014901161, 0.000010128133), (-3.6127899, -8.5989485, -0.0000022351742), (-2.5663757, -0.000017217826, 0), (0.0000019073486, -0.0000019073486, -0.0000019073486), (-3.811346, -4.404493, -0.20591162), (0.000541687, -0.000005722046, 0.0000019073486), (-8.403145, -0.026343018, -0.032753527), (-13.482255, -0.026342273, -0.032753766), (-18.561369, -0.026342273, -0.032745324), (-3.4740586, 0.029148906, -0.065537356), (-11.71941, 0.029151887, -0.06553903), (-22.321709, 0.014583766, -0.032764673), (0, 8.83581, 8.149654), (0, -72.72495, 41.16349), (0, 7.9249287, -7.3095045), (0, -69.67196, -39.435448)],
                6: [(-0.0019237399, 0.14120555, -0.057061017), (-0.8304935, 81.32692, 3.9093473), (1.2359939, -0.0000022351742, 1.8626451e-7), (4.965827, -3.7252903e-7, -4.656613e-7), (3.5577257, 0.0000037252903, -8.381903e-7), (6.670797, -0.0000037252903, 0.0000014901161), (9.821376, 0.61229914, 3.9372485), (15.417962, 0.0000059604645, 0.000010058284), (33.53455, -0.000008940697, -0.00001564622), (-0.0000076293945, 0.0000019073486, -0.0000076293945), (8.958714, -0.000001071021, 0.000011175871), (18.684767, 0.0000010244548, 0.0000074505806), (31.391886, 0.0000037252903, 0.0000029802322), (31.39188, 0.0000026077032, -0.0000059604645), (3.4891746, 0.79931486, -1.4824317), (6.327638, -0.6727785, 0.10215044), (3.9013057, -0.000016391277, -0.0000059604645), (2.5032153, 0.000046007335, 5.5879354e-7), (3.665285, 0.5531821, -0.26560986), (6.0341578, -0.7589297, 0.16727932), (4.4144444, -0.000016554259, 0.0000020489097), (2.8362799, 0.000048428774, 1.8626451e-7), (-0.08735657, 0.117797844, -0.0102443695), (3.4094048, 1.0845679, 2.3499432), (4.7029905, 0.000114087015, -0.000224635), (3.1616926, 0.000015553087, 0.000005401671), (2.0934913, -0.000022817403, -0.0000016763806), (3.623577, 0.72634465, 0.974787), (5.430576, -0.631723, 0.16244538), (4.0110545, -0.000014109537, -0.0000044703484), (2.7361076, 0.000008754432, 3.7252903e-7), (1.9696379, 1.302274, -1.0846168), (2.5685906, -0.0000035390258, -2.7939677e-7), (3.3456712, -0.000004284084, -0.000007264316), (3.4770627, -0.0000056810677, 7.4505806e-7), (4.866989, 1.1627197, -0.020889282), (9.715663, -0.000011175871, -0.000017508864), (21.349604, -0.0000059604645, -0.000022165477), (33.53455, -0.000008940697, -0.000019744039), (12.447669, -2.0695834, -0.0000011175871), (8.419162, -0.0000037252903, 0.0000017229468), (23.695696, -0.0000059604645, 0.000005029142), (23.695696, -0.0000059604645, 0.000005029142), (12.346619, 12.763805, -4.7683716e-7), (12.346619, 12.763805, -6.97001), (9.536743e-7, 0.000015258789, -0.0000038146973), (12.346634, 12.763805, 6.9698133), (0.0000022649765, 0, -0.0000038146973), (43.424313, -0.0000038146973, -0.0000019073486), (9.82113, 0.61229694, -3.9372542), (-15.417912, 0.0000044703484, 0.00011511147), (-33.53421, 0.000024586916, 0.0004351139), (0, -0.0000019073486, -0.000015258789), (-8.959109, 0.000008568168, -0.0003799796), (-18.684704, -0.000010430813, 0.000014901161), (-31.391924, -0.0000044703484, -0.00012814999), (-31.39193, -0.000008940697, -0.00011920929), (-3.4893806, -0.7995067, 1.4824241), (-6.327635, 0.6727301, -0.102135725), (-3.9013267, 0.000046938658, 0.000004284084), (-2.503215, -0.000015832484, -0.000018626451), (-3.6655512, -0.5533442, 0.2655996), (-6.0341215, 0.7589266, -0.1672687), (-4.4144025, -0.000032037497, -0.0000022351742), (-2.8363621, 9.313226e-7, 0.0000026077032), (0.087379456, -0.117782585, 0.010240555), (-3.409615, -1.0847393, -2.3499494), (-4.703019, -0.00009164214, 0.00024400651), (-3.161723, -0.000031106174, -0.0000059604645), (-2.0934672, -0.000022910535, -0.00001527369), (-3.6238484, -0.726554, -0.97479534), (-5.4305816, 0.6316695, -0.1624519), (-4.011017, 0.000021979213, 0.000017136335), (-2.736102, 0.000006891787, -0.000014156103), (-1.969856, -1.3024439, 1.0846046), (-2.568635, -0.000078440644, 0.000046007335), (-3.3456624, 0.000017043203, 0.000016018748), (-3.4770913, -0.000029895455, -0.00010691583), (-4.859871, -2.159523, -0.053766247), (-9.715267, 0.000016763806, 0.00035464764), (-21.349632, 0.000008940697, 0.00005364418), (-33.534206, 0.000029802322, 0.00043660402), (0, -64.88394, 0), (-8.446705, -1.1567011, 19.678389), (23.990307, 0.0000029802322, -0.000012945384), (18.561384, 0.0000020721927, 0), (3.6127977, 8.598945, -0.0000022351742), (2.566409, -0.0000033527613, -0.0000037252903), (0.0000019073486, -0.0000019073486, -9.536743e-7), (3.8117867, 4.4046535, 0.20523739), (-0.0005531311, 0.0000076293945, 0.000009536742), (8.403172, 0.026348175, 0.032762438), (13.482282, 0.026345579, 0.032764673), (18.561398, 0.026349211, 0.032764673), (3.4740407, -0.029147044, 0.06552459), (11.719396, -0.029142201, 0.06552883), (22.321714, -0.014568865, 0.032752473), (-8.446715, -1.1566888, -19.678381), (-23.990297, 0.0000074505806, -0.0000014901161), (-18.561373, 0.0000029802322, 0.000018812716), (-3.6127892, -8.598948, -0.0000014901161), (-2.5663762, -0.00001739536, -1.8626451e-7), (0.0000019073486, -0.0000019073486, -0.0000019073486), (-3.811346, -4.404493, -0.20591162), (0.000541687, -0.000005722046, 0.0000019073486), (-8.40315, -0.026340783, -0.032749493), (-13.482263, -0.026339293, -0.032746047), (-18.561378, -0.026339293, -0.0327399), (-3.4740622, 0.029148534, -0.06553568), (-11.719415, 0.029151142, -0.06553531), (-22.321707, 0.014585257, -0.032761693), (0, 8.83581, 8.149654), (0, -72.72495, 41.16349), (0, 7.9249287, -7.3095045), (0, -69.67196, -39.435448)],
                7: [(0.0023972243, -0.000015759379, -0.014460087), (-0.5339188, 79.61079, 4.2455015), (1.235992, -0.0000018626451, -2.3283064e-7), (4.96583, -0.0000011175871, -0.0000016763806), (3.5577269, 0.0000018626451, -0.0000017695129), (6.670803, -0.0000059604645, -0.0000015832484), (9.821385, 0.6122932, 3.9372473), (15.41796, 0.0000011175871, 0.000008940697), (33.534565, 0, 0), (-0.0000076293945, 0.0000019073486, -0.0000076293945), (8.958724, -2.561137e-7, 0.000010430813), (18.68479, 0.000005448237, 0.0000059604645), (31.391918, 0.0000121071935, 0), (31.391918, 0.000010430813, -0.0000059604645), (3.489184, 0.79931736, -1.4824376), (6.32765, -0.6727728, 0.10214001), (3.9013176, -0.0000124797225, -0.000010896474), (2.5032237, 0.000044796616, 0), (3.665293, 0.55318606, -0.26561618), (6.034167, -0.758924, 0.1672674), (4.414457, -0.000013038516, 7.4505806e-7), (2.8362882, 0.000046752393, 0.0000014901161), (-0.08735657, 0.117797844, -0.0102443695), (3.4094095, 1.084574, 2.3499398), (4.7029996, 0.00011594966, -0.00023022294), (3.1617024, 0.000015180558, 0.0000027939677), (2.0934951, -0.000022683525, 0), (3.6235838, 0.72635084, 0.97478575), (5.430585, -0.6317171, 0.1624383), (4.0110693, -0.000014156103, -0.000009685755), (2.7361147, 0.0000074971467, 7.4505806e-7), (1.9696444, 1.3022777, -1.0846184), (2.5686011, -0.0000048428774, -0.0000057742), (3.3456824, -0.0000036583515, -0.000014156103), (3.4770727, -0.0000055879354, -0.0000040978193), (4.866989, 1.1627197, -0.020889282), (9.715671, -0.0000037252903, -0.0000073574483), (21.349611, 0, -0.00000782311), (33.534565, 0, 0), (12.447672, -2.0695865, -0.0000040978193), (8.419169, -0.0000067055225, -0.0000033527613), (23.695713, -0.000014901161, -0.000005867332), (23.695713, -0.000014901161, -0.000005867332), (12.346619, 12.763805, -4.7683716e-7), (12.346619, 12.763805, -6.97001), (9.536743e-7, 0.000015258789, -0.0000038146973), (12.346634, 12.763805, 6.9698133), (0.0000022649765, 0, -0.0000038146973), (43.424313, -0.0000038146973, -0.0000019073486), (9.821135, 0.6122954, -3.9372575), (-15.4179125, 0.000008754432, 0.00012461096), (-33.534214, 0.000026077032, 0.00043660402), (0, -0.0000019073486, -0.000015258789), (-8.95911, 0.000010803342, -0.00038072467), (-18.684704, -0.000008195639, 0.000016391277), (-31.391928, -0.000008940697, -0.00012516975), (-31.391933, -0.0000059604645, -0.000113248825), (-3.4893825, -0.79951006, 1.4824228), (-6.327637, 0.67273045, -0.10213759), (-3.9013255, 0.000045634806, 0.0000074505806), (-2.5032141, -0.000015366822, -0.000019744039), (-3.6655512, -0.55334604, 0.26560053), (-6.0341177, 0.7589264, -0.16726497), (-4.414397, -0.000030361116, -0.0000037252903), (-2.8363578, -3.7252903e-7, 0.0000033527613), (0.087379456, -0.117782585, 0.010240555), (-3.4096167, -1.0847393, -2.349951), (-4.703023, -0.00009313226, 0.00024102628), (-3.1617239, -0.000030361116, -0.000008195639), (-2.093467, -0.000022910535, -0.000016205013), (-3.6238492, -0.7265553, -0.9747964), (-5.430583, 0.63166654, -0.16245581), (-4.011023, 0.000022165477, 0.000014156103), (-2.7361035, 0.000009313226, -0.000015832484), (-1.969857, -1.3024457, 1.0846051), (-2.568635, -0.000076089054, 0.00004656613), (-3.3456612, 0.000019720756, 0.000016018748), (-3.477094, -0.000027939677, -0.000105798244), (-4.859871, -2.159523, -0.053766247), (-9.715268, 0.000017508864, 0.00035315752), (-21.349638, 0.000011175871, 0.000052154064), (-33.534214, 0.000032037497, 0.0004351139), (0, -64.88394, 0), (-8.446705, -1.1566982, 19.678387), (23.990309, 0.0000029802322, -0.0000173226), (18.561384, 0.0000070780516, 0.0000044703484), (3.612799, 8.598949, -0.0000024214387), (2.5664096, -0.0000031664968, -0.0000035390258), (0.0000019073486, -0.0000019073486, -9.536743e-7), (3.8117867, 4.4046535, 0.20523739), (-0.0005531311, 0.0000076293945, 0.000009536742), (8.403173, 0.026345067, 0.03276393), (13.482282, 0.026348978, 0.032761693), (18.561401, 0.026354194, 0.032763183), (3.474042, -0.029145926, 0.06552506), (11.719394, -0.029142201, 0.065526366), (22.321712, -0.014568865, 0.032751262), (-8.446715, -1.15669, -19.678381), (-23.990297, 0.0000059604645, -7.4505806e-7), (-18.561365, -0.0000014901161, 0.000013783574), (-3.6127892, -8.598948, -0.0000022351742), (-2.566376, -0.000016600825, -3.7252903e-7), (0.0000019073486, -0.0000019073486, -0.0000019073486), (-3.811346, -4.404493, -0.20591162), (0.000541687, -0.000005722046, 0.0000019073486), (-8.403144, -0.026344508, -0.03275294), (-13.482256, -0.026340783, -0.032750517), (-18.561373, -0.026340783, -0.032745674), (-3.4740605, 0.029149279, -0.06553614), (-11.719416, 0.029152632, -0.06553531), (-22.32171, 0.014585257, -0.03275983), (0, 8.83581, 8.149654), (0, -72.72495, 41.16349), (0, 7.9249287, -7.3095045), (0, -69.67196, -39.435448)],
                8: [(0.0072278082, -0.000016762022, 0.032673776), (-0.22114486, 79.611595, 4.6619306), (1.2359914, -0.0000016763806, -1.8626451e-7), (4.9658275, 0, 0), (3.5577269, 0.0000029802322, -6.053597e-7), (6.6707997, -0.0000037252903, 0.0000016763806), (9.821376, 0.61229837, 3.9372492), (15.41796, 0.0000070780516, 0.0000052154064), (33.534542, -0.000008940697, -0.00003427267), (-0.0000076293945, 0.0000019073486, -0.0000076293945), (8.958713, 0.0000015366822, 0.000009685755), (18.684767, -0.0000028871, 0.0000029802322), (31.391886, 0.0000018626451, -0.0000029802322), (31.39189, 0.0000010244548, -0.0000059604645), (3.489179, 0.79931337, -1.4824334), (6.3276424, -0.6727758, 0.102148205), (3.9013102, -0.000016391277, -0.000007729977), (2.5032177, 0.000046985224, -0.0000024214387), (3.6652896, 0.5531839, -0.2656091), (6.0341635, -0.7589276, 0.1672756), (4.41445, -0.000016018748, 0.0000024214387), (2.836283, 0.000044045737, 0.0000029802322), (-0.08735657, 0.117797844, -0.0102443695), (3.409407, 1.0845698, 2.3499405), (4.7029934, 0.00011399388, -0.00022910535), (3.1616979, 0.00001238659, 0.0000059604645), (2.0934935, -0.000023003668, 5.5879354e-7), (3.623578, 0.72634554, 0.9747859), (5.430578, -0.6317223, 0.16244017), (4.0110574, -0.000016391277, -0.0000052154064), (2.7361069, 0.0000057742, 5.5879354e-7), (1.96964, 1.3022745, -1.0846152), (2.5685925, -0.0000013737008, 0.0000013038516), (3.3456721, -0.0000035390258, -0.000007636845), (3.4770627, -0.0000070780516, -0.000001071021), (4.866989, 1.1627197, -0.020889282), (9.715663, -0.0000059604645, -0.000017136335), (21.349598, -0.0000044703484, -0.00003390014), (33.534542, -0.000008940697, -0.00003427267), (12.447665, -2.0695806, 0), (8.419164, -0.0000044703484, 0.0000012805685), (23.69569, -0.0000029802322, 0.000005750917), (23.69569, -0.0000029802322, 0.000005750917), (12.346619, 12.763805, -4.7683716e-7), (12.346619, 12.763805, -6.97001), (9.536743e-7, 0.000015258789, -0.0000038146973), (12.346634, 12.763805, 6.9698133), (0.0000022649765, 0, -0.0000038146973), (43.424313, -0.0000038146973, -0.0000019073486), (9.821124, 0.61229616, -3.937251), (-15.4179125, 0.0000069849193, 0.00012195669), (-33.534206, 0.000022351742, 0.0004403293), (0, -0.0000019073486, -0.000015258789), (-8.959106, 0.00001071021, -0.00037699938), (-18.68469, -0.000009685755, 0.000025331974), (-31.391907, -0.0000074505806, -0.00010728836), (-31.391912, -0.000011175871, -0.00009536743), (-3.4893773, -0.7995062, 1.4824252), (-6.327633, 0.67273027, -0.10213666), (-3.9013245, 0.0000461936, 0.0000048428774), (-2.503215, -0.000016880222, -0.000018253922), (-3.6655507, -0.55334496, 0.26560014), (-6.0341177, 0.75892735, -0.16726814), (-4.414399, -0.000031851232, -0.0000011175871), (-2.836363, 2.7939677e-7, 0.000005401671), (0.087379456, -0.117782585, 0.010240555), (-3.4096174, -1.0847409, -2.3499515), (-4.703019, -0.00009313226, 0.00024177134), (-3.1617255, -0.000030454248, -0.000010058284), (-2.0934668, -0.000024680048, -0.000015459955), (-3.6238506, -0.72655326, -0.9747941), (-5.430578, 0.6316658, -0.16245581), (-4.0110207, 0.000023655593, 0.000012665987), (-2.7360976, 0.000009778887, -0.0000124797225), (-1.9698557, -1.3024443, 1.0846032), (-2.568633, -0.000077392906, 0.00004656613), (-3.3456578, 0.000017508864, 0.000014901161), (-3.4770932, -0.000027404167, -0.00010617077), (-4.859871, -2.159523, -0.053766247), (-9.715264, 0.000016018748, 0.00035651028), (-21.34963, 0.0000074505806, 0.00005736947), (-33.534206, 0.000028312206, 0.0004388392), (0, -64.88394, 0), (-8.446704, -1.1566937, 19.678381), (23.990295, 0, -0.000010058284), (18.56137, 0.0000052154064, 0.0000029802322), (3.612794, 8.598939, -0.0000040978193), (2.5664086, -0.0000044703484, -0.0000029802322), (0.0000019073486, -0.0000019073486, -9.536743e-7), (3.8117867, 4.4046535, 0.20523739), (-0.0005531311, 0.0000076293945, 0.000009536742), (8.403166, 0.026347116, 0.032762438), (13.482273, 0.026348978, 0.032763183), (18.56139, 0.026351959, 0.032764673), (3.4740362, -0.029148906, 0.06552599), (11.719388, -0.029145181, 0.06553102), (22.321703, -0.014574826, 0.032758713), (-8.4467125, -1.1566943, -19.67838), (-23.990294, 0.0000059604645, -0.00000463333), (-18.561357, -0.0000044703484, 0.0000067055225), (-3.6127884, -8.598944, 0.0000027939677), (-2.5663738, -0.00001755543, 1.8626451e-7), (0.0000019073486, -0.0000019073486, -0.0000019073486), (-3.811346, -4.404493, -0.20591162), (0.000541687, -0.000005722046, 0.0000019073486), (-8.403139, -0.026344508, -0.032755733), (-13.482252, -0.026343763, -0.032755733), (-18.561361, -0.026345253, -0.032751635), (-3.474058, 0.029147789, -0.065536454), (-11.71941, 0.029149652, -0.065537564), (-22.321703, 0.014582276, -0.03276211), (0, 8.83581, 8.149654), (0, -72.72495, 41.16349), (0, 7.9249287, -7.3095045), (0, -69.67196, -39.435448)],
                9: [(0.011093542, -0.0000011306978, 0.057810545), (0.06836569, 81.28155, 4.930393), (1.2359898, -0.0000013969839, 1.8626451e-7), (4.965826, 3.7252903e-7, 7.4505806e-7), (3.5577226, 0.0000040978193, -0.0000012572855), (6.670797, -0.0000037252903, 0.0000016763806), (9.821376, 0.61230063, 3.9372485), (15.417957, 0.000008195639, 0.0000067055225), (33.534542, -0.0000029802322, -0.000026077032), (-0.0000076293945, 0.0000019073486, -0.0000076293945), (8.958713, -0.0000029802322, 0.000008940697), (18.684767, -0.0000052154064, 0.0000044703484), (31.391886, 0.0000014901161, 0), (31.391884, -0.0000059604645, -0.000010430813), (3.4891758, 0.7993117, -1.482432), (6.32764, -0.67277795, 0.10215007), (3.9013023, -0.000019744039, -0.000005494803), (2.503213, 0.000049284426, -0.0000031664968), (3.665287, 0.55318123, -0.26561022), (6.034159, -0.7589292, 0.16727336), (4.414447, -0.000019744039, 0.000004284084), (2.8362806, 0.000047916546, 0.0000020489097), (-0.08735657, 0.117797844, -0.0102443695), (3.4094076, 1.0845668, 2.3499396), (4.702992, 0.00011026859, -0.00022742897), (3.161694, 0.000013038516, 0.000004284084), (2.0934877, -0.000021606684, 1.8626451e-7), (3.6235805, 0.7263452, 0.97478765), (5.4305763, -0.6317245, 0.16244166), (4.0110564, -0.000017508864, -0.000006519258), (2.7361064, 0.0000092200935, -0.0000011175871), (1.9696412, 1.3022736, -1.0846121), (2.5685902, -0.0000063795596, -3.7252903e-7), (3.3456702, -0.000004284084, -0.000004656613), (3.4770615, -0.000008568168, 6.519258e-7), (4.866989, 1.1627197, -0.020889282), (9.715661, -0.0000059604645, -0.000019744039), (21.349598, -0.0000014901161, -0.000029057264), (33.534546, -0.0000059604645, -0.00003427267), (12.447659, -2.069576, 0.0000022351742), (8.419166, -0.0000052154064, 0.0000039755832), (23.695686, 0, 0.000013387762), (23.695686, 0, 0.000013387762), (12.346619, 12.763805, -4.7683716e-7), (12.346619, 12.763805, -6.97001), (9.536743e-7, 0.000015258789, -0.0000038146973), (12.346634, 12.763805, 6.9698133), (0.0000022649765, 0, -0.0000038146973), (43.424313, -0.0000038146973, -0.0000019073486), (9.821121, 0.61230063, -3.9372473), (-15.417912, 0.000010151416, 0.00012638047), (-33.5342, 0.00001937151, 0.00044703484), (0, -0.0000019073486, -0.000015258789), (-8.959096, 0.000009872019, -0.0003710389), (-18.684677, -0.000008195639, 0.000037252903), (-31.391884, -0.0000018626451, -0.0000923872), (-31.39188, -0.0000040978193, -0.00008046627), (-3.4893806, -0.7995053, 1.4824231), (-6.3276343, 0.6727322, -0.10213442), (-3.9013252, 0.00004656613, 0.0000067055225), (-2.5032122, -0.000016298145, -0.00001564622), (-3.6655478, -0.5533431, 0.26559943), (-6.0341187, 0.75892746, -0.16726442), (-4.4143915, -0.000031944364, -0.0000026077032), (-2.836358, -0.0000023283064, 9.313226e-7), (0.087379456, -0.117782585, 0.010240555), (-3.4096122, -1.084738, -2.3499475), (-4.7030153, -0.00009071082, 0.00024288893), (-3.1617203, -0.000028708018, -0.0000067055225), (-2.093462, -0.000023900066, -0.000018253922), (-3.623847, -0.72655445, -0.9747982), (-5.43058, 0.6316693, -0.16245097), (-4.0110126, 0.000023748726, 0.000017881393), (-2.736097, 0.0000073574483, -0.000012665987), (-1.9698538, -1.3024436, 1.0845999), (-2.5686345, -0.00007599592, 0.00004451722), (-3.3456578, 0.000020302832, 0.000016763806), (-3.4770892, -0.000027380884, -0.00010766089), (-4.859871, -2.159523, -0.053766247), (-9.715262, 0.000014901161, 0.00035762787), (-21.349623, 0.0000044703484, 0.000062957406), (-33.5342, 0.00002682209, 0.00044927), (0, -64.88394, 0), (-8.446696, -1.1566923, 19.678377), (23.990292, -0.0000029802322, -0.0000070780516), (18.561367, 7.4505806e-7, 0.0000029802322), (3.612791, 8.598934, -0.0000022351742), (2.5664084, -0.0000035390258, -0.0000013038516), (0.0000019073486, -0.0000019073486, -9.536743e-7), (3.8117867, 4.4046535, 0.20523739), (-0.0005531311, 0.0000076293945, 0.000009536742), (8.403164, 0.026344508, 0.032764673), (13.482266, 0.026347488, 0.032764673), (18.561384, 0.026349723, 0.032767653), (3.4740384, -0.029147416, 0.065526925), (11.719384, -0.029146671, 0.065534), (22.321695, -0.014574826, 0.03276281), (-8.446714, -1.1566985, -19.678377), (-23.990284, 0.0000029802322, -0.000011175871), (-18.561369, 0.0000029802322, 0.000013038516), (-3.612791, -8.598946, -3.7252903e-7), (-2.5663762, -0.000017229468, 0), (0.0000019073486, -0.0000019073486, -0.0000019073486), (-3.811346, -4.404493, -0.20591162), (0.000541687, -0.000005722046, 0.0000019073486), (-8.403147, -0.026342273, -0.03275182), (-13.482258, -0.026342273, -0.032750517), (-18.561373, -0.026340783, -0.032744184), (-3.4740574, 0.029147416, -0.0655374), (-11.719407, 0.029146671, -0.06554071), (-22.321697, 0.014577806, -0.03276579), (0, 8.83581, 8.149654), (0, -72.72495, 41.16349), (0, 7.9249287, -7.3095045), (0, -69.67196, -39.435448)],
                10: [(0.012339279, 0.49166653, 0.053022802), (0.2998009, 83.55428, 4.917426), (1.2359939, -0.000002142042, -1.3969839e-7), (4.9658275, 0, -0.0000010244548), (3.5577233, 0.0000033527613, -0.0000012572855), (6.6707983, -0.0000029802322, 5.5879354e-7), (9.821379, 0.61229765, 3.9372478), (15.41796, 0.0000018626451, 0.0000074505806), (33.534546, -0.0000014901161, -0.000017881393), (-0.0000076293945, 0.0000019073486, -0.0000076293945), (8.958717, 0.0000014901161, 0.000008940697), (18.684776, 3.7252903e-7, 0.0000074505806), (31.391901, 0.000008195639, 0.0000059604645), (31.391897, 0.0000070780516, -0.0000074505806), (3.4891806, 0.7993152, -1.4824364), (6.3276434, -0.67277455, 0.10214299), (3.9013135, -0.000017136335, -0.000005867332), (2.5032206, 0.000048038783, -0.0000035390258), (3.6652935, 0.5531851, -0.26561058), (6.034165, -0.75892603, 0.1672715), (4.414455, -0.00001564622, 0.0000026077032), (2.8362882, 0.000044796616, 0.0000018626451), (-0.08735657, 0.117797844, -0.0102443695), (3.4094083, 1.0845717, 2.3499415), (4.7029967, 0.000116601586, -0.00022966415), (3.1617017, 0.000014901161, 0.000003911555), (2.0934994, -0.000024028122, -2.7939677e-7), (3.623579, 0.72635, 0.9747851), (5.43058, -0.63172036, 0.16244091), (4.0110574, -0.000017508864, -0.0000057742), (2.7361047, 0.0000073574483, 0.0000014901161), (1.9696417, 1.302277, -1.0846175), (2.5685954, -0.0000014202669, -0.0000016763806), (3.3456764, -0.0000022351742, -0.000009872019), (3.477069, -0.0000055879354, -0.0000030908268), (4.866989, 1.1627197, -0.020889282), (9.715664, -0.0000067055225, -0.00001564622), (21.3496, -0.0000014901161, -0.000022351742), (33.534546, -0.0000014901161, -0.000023841858), (12.447665, -2.069582, 7.4505806e-7), (8.419167, -0.0000059604645, 9.546056e-7), (23.695696, -0.0000059604645, 0.000005424954), (23.695696, -0.0000059604645, 0.000005424954), (12.346619, 12.763805, -4.7683716e-7), (12.346619, 12.763805, -6.97001), (9.536743e-7, 0.000015258789, -0.0000038146973), (12.346634, 12.763805, 6.9698133), (0.0000022649765, 0, -0.0000038146973), (43.424313, -0.0000038146973, -0.0000019073486), (9.82113, 0.61229694, -3.9372542), (-15.4179125, 0.0000067055225, 0.00011846423), (-33.534206, 0.000017881393, 0.0004351139), (0, -0.0000019073486, -0.000015258789), (-8.959105, 0.0000115484, -0.00037923455), (-18.684696, -0.000011920929, 0.000022351742), (-31.391907, -0.0000074505806, -0.00010728836), (-31.391918, -0.000008940697, -0.000101327896), (-3.489378, -0.79950595, 1.4824264), (-6.3276334, 0.6727316, -0.102134794), (-3.901324, 0.000047089998, 0.0000026077032), (-2.5032141, -0.000016018748, -0.000015832484), (-3.6655505, -0.5533458, 0.2655983), (-6.0341144, 0.75892705, -0.16726553), (-4.414395, -0.000028300565, -0.0000029802322), (-2.8363612, -7.4505806e-7, 0.0000020489097), (0.087379456, -0.117782585, 0.010240555), (-3.409615, -1.0847396, -2.3499484), (-4.7030177, -0.00009173527, 0.00024288893), (-3.1617217, -0.00003259629, -0.000009313226), (-2.0934653, -0.000022066524, -0.000012293458), (-3.6238503, -0.72655445, -0.9747941), (-5.4305825, 0.6316693, -0.16245097), (-4.0110164, 0.000021443702, 0.000013224781), (-2.7361014, 0.00000805594, -0.000015832484), (-1.9698584, -1.3024452, 1.0846019), (-2.5686336, -0.00007748604, 0.000047683716), (-3.3456664, 0.00001527369, 0.000014528632), (-3.4770951, -0.000027567148, -0.00010617077), (-4.859871, -2.159523, -0.053766247), (-9.715269, 0.000017136335, 0.00035334378), (-21.34963, 0.0000059604645, 0.000055134296), (-33.534206, 0.00002682209, 0.0004362315), (0, -64.88394, 0), (-8.446704, -1.1566923, 19.678385), (23.990301, 0, -0.000011734664), (18.561369, 0.0000029802322, 0.0000029802322), (3.612792, 8.598937, -0.0000022351742), (2.5664072, -0.0000026542693, 3.7252903e-7), (0.0000019073486, -0.0000019073486, -9.536743e-7), (3.8117867, 4.4046535, 0.20523739), (-0.0005531311, 0.0000076293945, 0.000009536742), (8.403163, 0.026345253, 0.032763183), (13.482269, 0.026348233, 0.03276393), (18.561384, 0.026351213, 0.032766163), (3.4740388, -0.029147044, 0.06552562), (11.719387, -0.029145181, 0.065531254), (22.321705, -0.014573336, 0.03275778), (-8.446717, -1.1566954, -19.67838), (-23.990288, 0.0000029802322, -0.0000074505806), (-18.561354, -0.0000029802322, 0.0000044703484), (-3.6127896, -8.598946, 0.0000011175871), (-2.5663745, -0.000017508864, 3.7252903e-7), (0.0000019073486, -0.0000019073486, -0.0000019073486), (-3.811346, -4.404493, -0.20591162), (0.000541687, -0.000005722046, 0.0000019073486), (-8.403139, -0.026343763, -0.032756478), (-13.48225, -0.026343763, -0.032756478), (-18.561361, -0.026345253, -0.032753497), (-3.4740589, 0.029147789, -0.065537825), (-11.719409, 0.029149652, -0.06553866), (-22.321695, 0.014577806, -0.0327684), (0, 8.83581, 8.149654), (0, -72.72495, 41.16349), (0, 7.9249287, -7.3095045), (0, -69.67196, -39.435448)],
                11: [(0.0112481415, 1.0405592, 0.03952384), (0.44718394, 85.242134, 4.632559), (1.2359937, -0.000002142042, -3.0267984e-7), (4.9658265, 0, -5.5879354e-7), (3.557723, 0.0000033527613, -3.7252903e-7), (6.6707997, -0.0000022351742, 0.000002142042), (9.821383, 0.61229837, 3.9372497), (15.417955, 0.000009313226, -0.0000059604645), (33.53454, 0.0000029802322, -0.000028312206), (-0.0000076293945, 0.0000019073486, -0.0000076293945), (8.958712, -0.0000014901161, 0.0000067055225), (18.684767, -0.0000018626451, 0.0000029802322), (31.39189, 0.0000022351742, 0.0000014901161), (31.391886, -0.0000033527613, -0.0000074505806), (3.4891806, 0.79931563, -1.4824317), (6.3276434, -0.6727762, 0.10214783), (3.9013093, -0.000015832484, -0.000008475035), (2.503215, 0.00004558242, -3.7252903e-7), (3.6652884, 0.5531816, -0.26561135), (6.0341606, -0.7589286, 0.16727224), (4.414454, -0.000015832484, 0.0000031664968), (2.836287, 0.000046147034, 0.0000011175871), (-0.08735657, 0.117797844, -0.0102443695), (3.4094062, 1.0845695, 2.3499384), (4.702993, 0.000113248825, -0.00023022294), (3.1616967, 0.000015739352, 0.0000024214387), (2.093494, -0.00002272427, 9.313226e-8), (3.6235814, 0.7263457, 0.9747881), (5.4305778, -0.6317221, 0.16244166), (4.011058, -0.000015832484, -0.000007264316), (2.7361078, 0.000006519258, 9.313226e-7), (1.9696394, 1.3022758, -1.0846155), (2.5685916, -0.000001245644, 5.5879354e-7), (3.3456712, -0.0000037252903, -0.0000055879354), (3.4770627, -0.00000782311, -0.0000015133992), (4.866989, 1.1627197, -0.020889282), (9.715661, -0.0000037252903, -0.000017508864), (21.349594, 0, -0.000029057264), (33.53454, -0.0000014901161, -0.000029802322), (12.447663, -2.0695791, 0.0000027939677), (8.419162, -0.0000029802322, 0.0000030500814), (23.69569, -0.0000029802322, 0.000008195639), (23.69569, -0.0000029802322, 0.000008195639), (12.346619, 12.763805, -4.7683716e-7), (12.346619, 12.763805, -6.97001), (9.536743e-7, 0.000015258789, -0.0000038146973), (12.346634, 12.763805, 6.9698133), (0.0000022649765, 0, -0.0000038146973), (43.424313, -0.0000038146973, -0.0000019073486), (9.82112, 0.6122999, -3.9372473), (-15.4179125, 0.000011082739, 0.00012572855), (-33.534184, 0.000017881393, 0.0004529953), (0, -0.0000019073486, -0.000015258789), (-8.959089, 0.00001527369, -0.00036656857), (-18.684662, -0.0000022351742, 0.000043213367), (-31.391853, 0.0000044703484, -0.00008046627), (-31.39186, 0.0000059604645, -0.00006407499), (-3.489375, -0.79950243, 1.4824197), (-6.3276234, 0.67273575, -0.10213703), (-3.9013135, 0.00004400499, 0.0000019092113), (-2.5032094, -0.000019883737, -0.0000173226), (-3.6655471, -0.55334026, 0.26560128), (-6.034108, 0.7589316, -0.16726628), (-4.414384, -0.000031851232, -4.1909516e-7), (-2.8363547, -0.000004284084, 9.313226e-7), (0.087379456, -0.117782585, 0.010240555), (-3.4096093, -1.0847374, -2.3499455), (-4.703012, -0.00008805655, 0.00024698675), (-3.1617126, -0.000027008355, -0.0000081257895), (-2.093462, -0.000023987377, -0.000013411045), (-3.6238403, -0.7265515, -0.97479373), (-5.430569, 0.6316725, -0.16244985), (-4.0110054, 0.000025331974, 0.000018812716), (-2.7360964, 0.0000044237822, -0.00001564622), (-1.9698541, -1.3024404, 1.0845995), (-2.5686269, -0.00007469207, 0.00004800968), (-3.3456519, 0.000016577542, 0.00001564622), (-3.4770873, -0.00003091991, -0.00010803342), (-4.859871, -2.159523, -0.053766247), (-9.715262, 0.00001564622, 0.00035874546), (-21.349619, 0.0000044703484, 0.00006221235), (-33.53418, 0.00002682209, 0.00045448542), (0, -64.88394, 0), (-8.446702, -1.1566967, 19.678385), (23.990288, -0.0000059604645, -0.0000014901161), (18.561363, 0, 0.0000059604645), (3.6127892, 8.598937, 0), (2.566407, -0.0000016763806, -0.0000017695129), (0.0000019073486, -0.0000019073486, -9.536743e-7), (3.8117867, 4.4046535, 0.20523739), (-0.0005531311, 0.0000076293945, 0.000009536742), (8.403164, 0.026343763, 0.032765232), (13.482268, 0.026346743, 0.032767653), (18.56138, 0.026348233, 0.032767653), (3.4740374, -0.029148161, 0.065526225), (11.71938, -0.029149652, 0.065533444), (22.321693, -0.014576316, 0.0327643), (-8.446715, -1.156693, -19.678381), (-23.990305, 0.000011920929, 0.0000040978193), (-18.561373, 0, 0.000017881393), (-3.6127903, -8.598945, -3.7252903e-7), (-2.5663767, -0.000017136335, 0.000002142042), (0.0000019073486, -0.0000019073486, -0.0000019073486), (-3.811346, -4.404493, -0.20591162), (0.000541687, -0.000005722046, 0.0000019073486), (-8.403147, -0.026343018, -0.032750145), (-13.482263, -0.026343763, -0.0327453), (-18.56138, -0.026337802, -0.032738596), (-3.4740613, 0.029148906, -0.06553591), (-11.719416, 0.029152632, -0.06553419), (-22.321712, 0.014585257, -0.032754987), (0, 8.83581, 8.149654), (0, -72.72495, 41.16349), (0, 7.9249287, -7.3095045), (0, -69.67196, -39.435448)],
                12: [(0.008217618, 0.7074475, 0.01847297), (0.4935002, 84.991394, 4.1479545), (1.235992, -0.0000019557774, 2.3283064e-8), (4.965829, 3.7252903e-7, 7.4505806e-7), (3.557726, 0.0000033527613, -4.656613e-8), (6.6707954, -0.0000022351742, 0.0000015366822), (9.821377, 0.61229914, 3.937249), (15.417959, 0.0000059604645, 0.0000022351742), (33.534546, 0.0000029802322, -0.00001937151), (-0.0000076293945, 0.0000019073486, -0.0000076293945), (8.958713, 2.7939677e-7, 0.000009685755), (18.684769, -0.0000044703484, 0.0000059604645), (31.39189, -7.4505806e-7, 0), (31.391884, -0.0000029802322, -0.000008940697), (3.4891784, 0.7993125, -1.4824331), (6.327642, -0.672776, 0.10214709), (3.9013076, -0.000015459955, -0.000008568168), (2.503218, 0.00004483736, -0.0000011175871), (3.6652877, 0.5531804, -0.2656117), (6.0341644, -0.7589279, 0.16727448), (4.414454, -0.000014901161, 0.0000027939677), (2.8362842, 0.000043865293, 0.000003911555), (-0.08735657, 0.117797844, -0.0102443695), (3.4094062, 1.0845698, 2.3499389), (4.7029934, 0.00011101365, -0.00022798777), (3.1616967, 0.000016158447, 0.0000026077032), (2.0934927, -0.000023189932, 7.4505806e-7), (3.623581, 0.726345, 0.9747881), (5.43058, -0.63172334, 0.16244277), (4.0110545, -0.000014808029, -0.000008568168), (2.7361042, 0.000007636845, 7.4505806e-7), (1.9696391, 1.3022741, -1.0846157), (2.5685914, -0.000002561137, 5.5879354e-7), (3.345673, -0.0000019557774, -0.000008754432), (3.477062, -0.000008940697, -0.0000010244548), (4.866989, 1.1627197, -0.020889282), (9.715661, -0.0000059604645, -0.00001899898), (21.349598, 0, -0.000029802322), (33.534546, 0.0000014901161, -0.000025331974), (12.447666, -2.069582, 5.5879354e-7), (8.419165, -0.0000037252903, 0.0000013504177), (23.695698, -0.0000059604645, 0.0000037252903), (23.695698, -0.0000059604645, 0.0000037252903), (12.346619, 12.763805, -4.7683716e-7), (12.346619, 12.763805, -6.97001), (9.536743e-7, 0.000015258789, -0.0000038146973), (12.346634, 12.763805, 6.9698133), (0.0000022649765, 0, -0.0000038146973), (43.424313, -0.0000038146973, -0.0000019073486), (9.821124, 0.61229765, -3.9372509), (-15.4179125, 0.000009313226, 0.00012759119), (-33.534206, 0.00001937151, 0.00043585896), (0, -0.0000019073486, -0.000015258789), (-8.959106, 0.000008195639, -0.00037923455), (-18.684698, -0.0000074505806, 0.000022351742), (-31.391901, -0.000008940697, -0.000113248825), (-31.391912, -0.000008940697, -0.00010430813), (-3.4893825, -0.7995054, 1.4824249), (-6.327635, 0.6727318, -0.10213107), (-3.9013267, 0.000041071326, 0.000004307367), (-2.5032148, -0.000015832484, -0.000017881393), (-3.6655486, -0.553346, 0.26559865), (-6.0341215, 0.7589262, -0.16726628), (-4.414397, -0.00003296882, -0.000004202593), (-2.8363614, 0.0000012107193, 0.0000033527613), (0.087379456, -0.117782585, 0.010240555), (-3.409614, -1.08474, -2.3499515), (-4.7030187, -0.000093574636, 0.00024698675), (-3.161721, -0.00003091991, -0.000009433279), (-2.0934618, -0.000021210872, -0.000014342368), (-3.6238477, -0.72655565, -0.97479856), (-5.4305816, 0.6316665, -0.16245209), (-4.011019, 0.000020302832, 0.000014016405), (-2.7361026, 0.000008917414, -0.000013038516), (-1.9698571, -1.3024439, 1.0846049), (-2.568634, -0.00007599592, 0.00004498288), (-3.3456604, 0.000021234155, 0.000016018748), (-3.4770875, -0.000030174851, -0.000105425715), (-4.859871, -2.159523, -0.053766247), (-9.715267, 0.00001564622, 0.0003548339), (-21.34963, 0.0000059604645, 0.00005699694), (-33.534206, 0.000028312206, 0.00043734908), (0, -64.88394, 0), (-8.446702, -1.1566937, 19.678381), (23.990297, -0.0000029802322, -0.0000059604645), (18.561378, 0.0000074505806, 0.0000014901161), (3.612799, 8.598947, -0.0000044703484), (2.5664103, -0.0000044703484, -0.000003911555), (0.0000019073486, -0.0000019073486, -9.536743e-7), (3.8117867, 4.4046535, 0.20523739), (-0.0005531311, 0.0000076293945, 0.000009536742), (8.403169, 0.026347488, 0.032762624), (13.482276, 0.026348233, 0.032761693), (18.561392, 0.026352704, 0.032762066), (3.4740367, -0.029148161, 0.06552599), (11.719388, -0.029143691, 0.06553233), (22.3217, -0.014570355, 0.032760575), (-8.446715, -1.1566937, -19.67838), (-23.990297, 0.000008940697, 0.0000010244548), (-18.561367, 0.0000022351742, 0.000014901161), (-3.612788, -8.598945, 3.7252903e-7), (-2.5663762, -0.000018253922, -3.783498e-7), (0.0000019073486, -0.0000019073486, -0.0000019073486), (-3.811346, -4.404493, -0.20591162), (0.000541687, -0.000005722046, 0.0000019073486), (-8.403145, -0.026341341, -0.032751262), (-13.482255, -0.026342273, -0.032751262), (-18.561375, -0.02634488, -0.03274381), (-3.4740593, 0.029148534, -0.065536775), (-11.719412, 0.029152632, -0.06553535), (-22.32171, 0.014586747, -0.032758247), (0, 8.83581, 8.149654), (0, -72.72495, 41.16349), (0, 7.9249287, -7.3095045), (0, -69.67196, -39.435448)],
                13: [(0.004858151, 0.141011, -0.021497905), (0.43390682, 83.63618, 3.5872571), (1.2359917, -0.0000018626451, 0), (4.9658275, 0, -4.656613e-7), (3.557725, 0.0000033527613, -1.3969839e-7), (6.6707983, -0.0000029802322, 4.656613e-7), (9.821376, 0.6122999, 3.9372492), (15.41796, 0.0000059604645, 0.0000022351742), (33.534542, 0, -0.000024586916), (-0.0000076293945, 0.0000019073486, -0.0000076293945), (8.958713, 1.8626451e-7, 0.000008940697), (18.684769, -0.000004377216, 0.0000044703484), (31.39189, -6.519258e-7, -0.0000014901161), (31.39188, 3.7252903e-7, -0.0000059604645), (3.4891791, 0.79931533, -1.4824338), (6.3276453, -0.6727756, 0.10214709), (3.901314, -0.000014994293, -0.000008568168), (2.50322, 0.000046991045, -0.0000026077032), (3.6652908, 0.5531838, -0.26560947), (6.0341625, -0.7589271, 0.16727373), (4.414448, -0.000015925616, 0.0000018626451), (2.8362823, 0.000046845526, 9.313226e-7), (-0.08735657, 0.117797844, -0.0102443695), (3.409407, 1.0845706, 2.3499398), (4.702995, 0.000113621354, -0.00022798777), (3.1616986, 0.000016111699, 0.0000037252903), (2.093495, -0.000022165477, -0.000002142042), (3.623578, 0.7263478, 0.97478443), (5.4305806, -0.6317225, 0.1624424), (4.0110564, -0.00001611188, -0.0000074505806), (2.7361064, 0.000008568168, -3.7252903e-7), (1.9696409, 1.3022745, -1.0846155), (2.568591, -0.0000022351742, 5.5879354e-7), (3.3456743, 6.519258e-7, -0.0000074505806), (3.4770637, -0.0000055879354, 0.0000013038516), (4.866989, 1.1627197, -0.020889282), (9.715658, -0.0000059604645, -0.000022351742), (21.349598, -0.0000014901161, -0.00002682209), (33.53454, -0.0000029802322, -0.000028312206), (12.447662, -2.0695791, 0.0000018626451), (8.419163, -0.0000029802322, 0.0000020489097), (23.695696, -0.0000029802322, 0.000007543713), (23.695696, -0.0000029802322, 0.000007543713), (12.346619, 12.763805, -4.7683716e-7), (12.346619, 12.763805, -6.97001), (9.536743e-7, 0.000015258789, -0.0000038146973), (12.346634, 12.763805, 6.9698133), (0.0000022649765, 0, -0.0000038146973), (43.424313, -0.0000038146973, -0.0000019073486), (9.821124, 0.61229914, -3.9372492), (-15.4179125, 0.000012200326, 0.00012665987), (-33.5342, 0.00001937151, 0.0004388392), (0, -0.0000019073486, -0.000015258789), (-8.959103, 0.000013224781, -0.00037550926), (-18.684694, -0.0000115484, 0.00002682209), (-31.391903, -0.0000022351742, -0.00010728836), (-31.391907, -0.0000052154064, -0.000098347664), (-3.489379, -0.7995058, 1.4824218), (-6.327633, 0.67273176, -0.102136284), (-3.9013252, 0.00004284084, 0.0000045634806), (-2.5032153, -0.00001527369, -0.000014156103), (-3.6655493, -0.55334353, 0.26559794), (-6.0341144, 0.75892574, -0.16726702), (-4.4143953, -0.000032689422, 5.5879354e-7), (-2.8363574, -7.4505806e-7, 0.0000011175871), (0.087379456, -0.117782585, 0.010240555), (-3.409613, -1.084738, -2.3499463), (-4.7030168, -0.00009164214, 0.00024549663), (-3.1617203, -0.000030174851, -0.000009243377), (-2.0934622, -0.000021513551, -0.000013038516), (-3.6238472, -0.726554, -0.9747941), (-5.43058, 0.6316677, -0.16244948), (-4.0110154, 0.000023655593, 0.000016395643), (-2.7361012, 0.0000073807314, -0.00001527369), (-1.9698541, -1.3024447, 1.0846003), (-2.5686305, -0.000077299774, 0.00004679896), (-3.3456597, 0.000018626451, 0.00001359731), (-3.4770927, -0.000029243529, -0.00010803342), (-4.859871, -2.159523, -0.053766247), (-9.71526, 0.000018626451, 0.0003585592), (-21.349628, 0.0000059604645, 0.00005736947), (-33.5342, 0.000025331974, 0.0004403293), (0, -64.88394, 0), (-8.446702, -1.1566982, 19.678385), (23.990307, 0.0000059604645, -0.000013783574), (18.56138, 0.000008940697, -0.0000014901161), (3.6127958, 8.598945, -0.0000037252903), (2.5664084, -0.0000035972334, -0.0000022351742), (0.0000019073486, -0.0000019073486, -9.536743e-7), (3.8117867, 4.4046535, 0.20523739), (-0.0005531311, 0.0000076293945, 0.000009536742), (8.403172, 0.026347488, 0.032763183), (13.48228, 0.026351213, 0.032760948), (18.5614, 0.026357174, 0.032762438), (3.474041, -0.029146671, 0.065524735), (11.719391, -0.029142201, 0.06552823), (22.321714, -0.014565885, 0.032754242), (-8.446718, -1.1566907, -19.678381), (-23.990307, 0.000011920929, 0.0000044703484), (-18.561375, -3.7252903e-7, 0.000023841858), (-3.6127932, -8.598948, 7.4505806e-7), (-2.5663755, -0.000016391277, 0.0000018597348), (0.0000019073486, -0.0000019073486, -0.0000019073486), (-3.811346, -4.404493, -0.20591162), (0.000541687, -0.000005722046, 0.0000019073486), (-8.403149, -0.026343111, -0.032747537), (-13.482264, -0.026343763, -0.03274083), (-18.56138, -0.026344135, -0.03273338), (-3.4740639, 0.029149652, -0.065535866), (-11.719419, 0.029152632, -0.065534934), (-22.321712, 0.014588237, -0.032756478), (0, 8.83581, 8.149654), (0, -72.72495, 41.16349), (0, 7.9249287, -7.3095045), (0, -69.67196, -39.435448)],
                14: [(0.0020034611, 0.41290006, -0.06984621), (0.27644956, 82.663414, 3.1501923), (1.2359921, -0.0000018626451, 1.1641532e-7), (4.9658294, -7.4505806e-7, 0), (3.557726, 0.0000029802322, -1.3969839e-7), (6.670797, -0.0000029802322, 0.000003259629), (9.821376, 0.61230063, 3.93725), (15.417957, 0.0000052154064, -0.0000022351742), (33.534534, -0.0000059604645, -0.00003091991), (-0.0000076293945, 0.0000019073486, -0.0000076293945), (8.958713, -0.000004086178, 0.000010430813), (18.684761, -0.0000044703484, 0.0000074505806), (31.391874, -0.0000026077032, 0), (31.391874, 4.1909516e-7, -0.0000059604645), (3.489179, 0.79931366, -1.4824324), (6.3276424, -0.6727785, 0.102148205), (3.901308, -0.00001648441, -0.0000063329935), (2.503215, 0.000048731454, -0.000003911555), (3.6652868, 0.5531801, -0.26561207), (6.0341625, -0.75892824, 0.16727522), (4.414446, -0.00001695007, 3.7252903e-7), (2.8362806, 0.000047683716, -3.7252903e-7), (-0.08735657, 0.117797844, -0.0102443695), (3.4094074, 1.0845691, 2.349941), (4.702993, 0.000111572444, -0.00022910535), (3.1616971, 0.000014162288, 0.0000048428774), (2.09349, -0.00002272427, 0.0000013504177), (3.623578, 0.72634614, 0.97478557), (5.430577, -0.63172215, 0.16244091), (4.011052, -0.000016810372, -0.0000063329935), (2.7361054, 0.0000086613, -3.7252903e-7), (1.9696414, 1.3022761, -1.0846118), (2.5685918, -0.0000041909516, -0.0000011175871), (3.3456736, -0.0000021187589, -0.00000782311), (3.477062, -0.000008195639, -7.4505806e-7), (4.866989, 1.1627197, -0.020889282), (9.715662, -0.0000059604645, -0.00001899898), (21.34959, -0.0000029802322, -0.000033341348), (33.534534, -0.0000059604645, -0.000039860606), (12.447659, -2.069576, 0.000004284084), (8.419165, -0.0000044703484, 0.0000038184226), (23.69569, -0.0000029802322, 0.000009778887), (23.69569, -0.0000029802322, 0.000009778887), (12.346619, 12.763805, -4.7683716e-7), (12.346619, 12.763805, -6.97001), (9.536743e-7, 0.000015258789, -0.0000038146973), (12.346634, 12.763805, 6.9698133), (0.0000022649765, 0, -0.0000038146973), (43.424313, -0.0000038146973, -0.0000019073486), (9.821119, 0.6122999, -3.9372458), (-15.4179125, 0.0000066123903, 0.000117346644), (-33.534206, 0.000017881393, 0.00043809414), (0, -0.0000019073486, -0.000015258789), (-8.959101, 0.000011920929, -0.0003747642), (-18.684683, -0.000011641532, 0.00003129244), (-31.39189, -0.0000020489097, -0.000098347664), (-31.391897, -0.0000059604645, -0.0000923872), (-3.48938, -0.79950476, 1.4824241), (-6.327637, 0.6727322, -0.102134794), (-3.901328, 0.0000433065, 0.000004991307), (-2.503218, -0.000015541445, -0.000019185245), (-3.6655486, -0.55334353, 0.2655983), (-6.034116, 0.75892746, -0.16726702), (-4.4143906, -0.000033341348, -0.0000037485734), (-2.8363595, -6.053597e-7, 0.0000037252903), (0.087379456, -0.117782585, 0.010240555), (-3.4096127, -1.0847392, -2.3499508), (-4.703017, -0.00008996576, 0.00024698675), (-3.161718, -0.000029522926, -0.000008381903), (-2.0934632, -0.000022770837, -0.00001359731), (-3.623846, -0.726554, -0.9747926), (-5.430575, 0.6316697, -0.1624491), (-4.0110154, 0.000026077032, 0.00001611188), (-2.7360988, 0.000008428469, -0.000013783574), (-1.9698551, -1.3024437, 1.084603), (-2.568633, -0.000074505806, 0.000046938658), (-3.3456602, 0.000018067658, 0.000015087426), (-3.4770901, -0.000029150397, -0.00010691583), (-4.859871, -2.159523, -0.053766247), (-9.715268, 0.000014901161, 0.00035408884), (-21.34963, 0.0000044703484, 0.000056624413), (-33.534206, 0.000025331974, 0.0004425645), (0, -64.88394, 0), (-8.446702, -1.1566937, 19.67838), (23.990301, 0, -0.000009685755), (18.56138, 0.000008940697, -0.0000014901161), (3.6127963, 8.598945, -0.0000022351742), (2.5664093, -0.0000035390258, -0.0000029802322), (0.0000019073486, -0.0000019073486, -9.536743e-7), (3.8117867, 4.4046535, 0.20523739), (-0.0005531311, 0.0000076293945, 0.000009536742), (8.403171, 0.026348233, 0.032761693), (13.482282, 0.026351213, 0.032760948), (18.5614, 0.026355684, 0.032763183), (3.4740355, -0.029148161, 0.06552506), (11.719391, -0.029143691, 0.06553251), (22.321707, -0.0145718455, 0.03275834), (-8.446715, -1.156693, -19.67838), (-23.990288, 0.0000044703484, -0.000008940697), (-18.561356, -0.0000022351742, 0.0000029802322), (-3.6127844, -8.598946, -7.4505806e-7), (-2.5663729, -0.000017881393, -7.916242e-7), (0.0000019073486, -0.0000019073486, -0.0000019073486), (-3.811346, -4.404493, -0.20591162), (0.000541687, -0.000005722046, 0.0000019073486), (-8.403139, -0.02634488, -0.032756478), (-13.482247, -0.026342273, -0.032756478), (-18.561361, -0.026343763, -0.032755733), (-3.4740589, 0.029148161, -0.06553698), (-11.719412, 0.029149652, -0.06553978), (-22.321701, 0.014579296, -0.032766163), (0, 8.83581, 8.149654), (0, -72.72495, 41.16349), (0, 7.9249287, -7.3095045), (0, -69.67196, -39.435448)],
                15: [(-0.0009726733, 5.025727e-7, -0.078478456), (0.046656072, 80.67165, 3.0548239), (1.2359914, -0.0000018626451, 2.7939677e-7), (4.9658246, 0.0000011175871, 4.656613e-7), (3.5577223, 0.0000040978193, -3.259629e-7), (6.670798, -0.0000037252903, 0.0000015832484), (9.821378, 0.61229914, 3.9372492), (15.41796, 0.0000026077032, 0.00000782311), (33.53456, -0.0000029802322, -0.000007636845), (-0.0000076293945, 0.0000019073486, -0.0000076293945), (8.958716, -3.0267984e-7, 0.000009685755), (18.684772, 0.0000022584572, 0.0000044703484), (31.391895, 0.0000042375177, 0), (31.391895, 0.000007543713, -0.0000059604645), (3.4891822, 0.7993157, -1.482432), (6.327644, -0.67277634, 0.10214336), (3.9013126, -0.00001611188, -0.0000063329935), (2.5032182, 0.000046251807, -0.0000011175871), (3.6652882, 0.5531839, -0.2656117), (6.034164, -0.7589282, 0.16727038), (4.4144588, -0.000012665987, 0.0000026077032), (2.836287, 0.000046705827, 7.4505806e-7), (-0.08735657, 0.117797844, -0.0102443695), (3.4094074, 1.084571, 2.3499382), (4.7029967, 0.00011585653, -0.0002283603), (3.161698, 0.000016321428, 0.0000022351742), (2.0934927, -0.00002393499, 0.0000016763806), (3.6235788, 0.726348, 0.9747863), (5.4305778, -0.6317238, 0.16244091), (4.0110564, -0.00001816079, -0.0000074505806), (2.7361064, 0.000007171184, 5.5879354e-7), (1.9696394, 1.3022757, -1.0846168), (2.568594, -0.0000053085387, -0.0000029802322), (3.3456755, -0.000002933666, -0.000009685755), (3.477069, -0.0000055879354, -7.4505806e-7), (4.866989, 1.1627197, -0.020889282), (9.715665, -0.0000059604645, -0.00001359731), (21.34961, 0, -0.00001695007), (33.534557, -0.0000029802322, -0.000014062971), (12.447665, -2.0695806, 0.0000022351742), (8.419165, -0.0000037252903, 0.000004051253), (23.695686, 0, 0.000012945384), (23.695686, 0, 0.000012945384), (12.346619, 12.763805, -4.7683716e-7), (12.346619, 12.763805, -6.97001), (9.536743e-7, 0.000015258789, -0.0000038146973), (12.346634, 12.763805, 6.9698133), (0.0000022649765, 0, -0.0000038146973), (43.424313, -0.0000038146973, -0.0000019073486), (9.821126, 0.61229765, -3.9372497), (-15.417914, 0.000008102506, 0.00012172386), (-33.534203, 0.000017136335, 0.00043958426), (0, -0.0000019073486, -0.000015258789), (-8.959092, 0.000011175871, -0.00036731362), (-18.684668, -0.000009313226, 0.000044703484), (-31.39186, -0.0000059604645, -0.00007748604), (-31.391863, -0.0000052154064, -0.00006258488), (-3.4893763, -0.7995028, 1.4824231), (-6.3276305, 0.6727338, -0.10213107), (-3.901318, 0.0000458429, 0.000007729977), (-2.503213, -0.000016205013, -0.000020302832), (-3.6655455, -0.5533424, 0.2656024), (-6.03411, 0.7589286, -0.16726553), (-4.414383, -0.000029516195, -0.0000012107193), (-2.836354, -7.4505806e-7, 0), (0.087379456, -0.117782585, 0.010240555), (-3.4096084, -1.0847409, -2.3499477), (-4.703013, -0.000090524554, 0.00024735928), (-3.161717, -0.000029755756, -0.000009685755), (-2.093461, -0.000025052577, -0.000017881393), (-3.6238427, -0.7265538, -0.97479224), (-5.430571, 0.6316714, -0.1624465), (-4.011007, 0.000022386666, 0.000018253922), (-2.7360916, 0.0000062398612, -0.000018440187), (-1.9698553, -1.3024416, 1.0846041), (-2.568631, -0.000073667616, 0.00004544854), (-3.3456538, 0.000019557774, 0.000016391277), (-3.4770832, -0.00002848683, -0.00010691583), (-4.859871, -2.159523, -0.053766247), (-9.715266, 0.00001359731, 0.00035651028), (-21.349628, 0.0000029802322, 0.000055879354), (-33.534203, 0.000024959445, 0.0004440546), (0, -64.88394, 0), (-8.4467, -1.1566937, 19.678381), (23.990295, -0.0000029802322, -0.0000067055225), (18.561375, 0.0000074505806, -0.0000014901161), (3.612798, 8.598944, -0.0000014901161), (2.5664096, -0.000003958121, -0.0000037252903), (0.0000019073486, -0.0000019073486, -9.536743e-7), (3.8117867, 4.4046535, 0.20523739), (-0.0005531311, 0.0000076293945, 0.000009536742), (8.403168, 0.026347488, 0.032762438), (13.482276, 0.026350468, 0.032762438), (18.561392, 0.026352704, 0.032761693), (3.4740374, -0.029147789, 0.06552581), (11.719388, -0.029145181, 0.06553158), (22.321701, -0.0145718455, 0.032760948), (-8.446717, -1.1566933, -19.67838), (-23.990284, -0.0000014901161, -0.000010430813), (-18.561356, -0.0000021769665, 0.0000014901161), (-3.612787, -8.598943, 0), (-2.566374, -0.000017508864, -4.656613e-7), (0.0000019073486, -0.0000019073486, -0.0000019073486), (-3.811346, -4.404493, -0.20591162), (0.000541687, -0.000005722046, 0.0000019073486), (-8.403139, -0.026345063, -0.032756478), (-13.482247, -0.026341785, -0.032757223), (-18.56136, -0.026344461, -0.032754242), (-3.4740596, 0.029147603, -0.06553698), (-11.719409, 0.029148161, -0.06553829), (-22.321693, 0.014580786, -0.032767653), (0, 8.83581, 8.149654), (0, -72.72495, 41.16349), (0, 7.9249287, -7.3095045), (0, -69.67196, -39.435448)],
                16: [(-0.009416789, -0.000018660132, -0.026319921), (-0.21829821, 79.04694, 3.3372056), (1.2359941, -0.0000022351742, -1.8626451e-7), (4.965824, 0.0000011175871, 8.381903e-7), (3.5577242, 0.0000033527613, -2.7939677e-7), (6.6707983, -0.0000029802322, 0.0000011175871), (9.821384, 0.61229616, 3.9372485), (15.417959, 0.000005029142, 0.000012665987), (33.534554, -0.0000059604645, -0.000014901161), (-0.0000076293945, 0.0000019073486, -0.0000076293945), (8.958719, 0.000004284084, 0.000011175871), (18.684778, -3.7252903e-7, 0.000008940697), (31.391903, 0.000012572855, 0.0000029802322), (31.391907, 0.0000095926225, -0.0000059604645), (3.4891837, 0.7993175, -1.4824361), (6.3276453, -0.6727753, 0.102140754), (3.901314, -0.000013783574, -0.000007636845), (2.5032215, 0.000044703484, -5.5879354e-7), (3.6652908, 0.55318415, -0.2656117), (6.0341663, -0.75892544, 0.16727298), (4.414454, -0.000011920929, -9.313226e-7), (2.8362873, 0.000044191256, 0.0000018626451), (-0.08735657, 0.117797844, -0.0102443695), (3.4094102, 1.0845723, 2.349943), (4.702998, 0.00011771917, -0.00023245811), (3.1617024, 0.000015087426, 0.0000052154064), (2.0934987, -0.000023772009, -7.4505806e-7), (3.6235824, 0.72634983, 0.97478557), (5.430583, -0.6317196, 0.1624424), (4.0110598, -0.000014528632, -0.000007264316), (2.7361116, 0.000008018105, -0.0000022351742), (1.9696435, 1.3022783, -1.0846177), (2.5685961, -0.0000056810677, -0.0000026077032), (3.3456783, 0.0000011874363, -0.000010430813), (3.4770656, -0.000008940697, -0.0000033527613), (4.866989, 1.1627197, -0.020889282), (9.715668, -0.0000059604645, -0.000013783574), (21.349606, -0.0000029802322, -0.000018626451), (33.534554, -0.0000059604645, -0.000014528632), (12.447673, -2.0695865, -0.0000014901161), (8.419167, -0.0000052154064, 2.0954758e-7), (23.695698, -0.0000059604645, 0.0000013504177), (23.695698, -0.0000059604645, 0.0000013504177), (12.346619, 12.763805, -4.7683716e-7), (12.346619, 12.763805, -6.97001), (9.536743e-7, 0.000015258789, -0.0000038146973), (12.346634, 12.763805, 6.9698133), (0.0000022649765, 0, -0.0000038146973), (43.424313, -0.0000038146973, -0.0000019073486), (9.821128, 0.61229694, -3.9372525), (-15.4179125, 0.000008940697, 0.00012479722), (-33.534203, 0.000013411045, 0.00043809414), (0, -0.0000019073486, -0.000015258789), (-8.9591, 0.000010803342, -0.00037252903), (-18.684685, -0.000013411045, 0.000032782555), (-31.391886, -0.0000044703484, -0.00009536743), (-31.391895, -0.000010430813, -0.0000834465), (-3.4893792, -0.79950655, 1.4824232), (-6.3276367, 0.67273045, -0.10213666), (-3.9013252, 0.00004582107, 0.0000067055225), (-2.503214, -0.000015832484, -0.000015459955), (-3.6655486, -0.55334365, 0.26559886), (-6.0341153, 0.75892806, -0.16726479), (-4.414392, -0.000029243529, -0.0000048428774), (-2.8363557, -3.7252903e-7, 1.8626451e-7), (0.087379456, -0.117782585, 0.010240555), (-3.409614, -1.084739, -2.3499494), (-4.7030153, -0.00009201467, 0.0002451241), (-3.161715, -0.000031478703, -0.0000063329935), (-2.0934618, -0.000023841858, -0.000016577542), (-3.623845, -0.72655433, -0.9747934), (-5.430579, 0.63166916, -0.16245022), (-4.0110173, 0.000021979213, 0.000018067658), (-2.7360988, 0.000008381903, -0.000015087426), (-1.9698553, -1.302443, 1.0846009), (-2.5686326, -0.00007413328, 0.0000461936), (-3.3456593, 0.000017166894, 0.000013783574), (-3.4770885, -0.000026077032, -0.00010728836), (-4.859871, -2.159523, -0.053766247), (-9.71526, 0.000017881393, 0.00035911798), (-21.34963, 0.0000018626451, 0.000056624413), (-33.534203, 0.000020116568, 0.00044107437), (0, -64.88394, 0), (-8.446698, -1.1566937, 19.67838), (23.990288, -0.0000029802322, -0.0000074505806), (18.561363, -0.0000022351742, 0.0000029802322), (3.6127903, 8.598933, -0.0000014901161), (2.566407, -0.0000038417056, -0.0000011175871), (0.0000019073486, -0.0000019073486, -9.536743e-7), (3.8117867, 4.4046535, 0.20523739), (-0.0005531311, 0.0000076293945, 0.000009536742), (8.403163, 0.026344508, 0.032764673), (13.482265, 0.026346743, 0.032766163), (18.561378, 0.026348978, 0.032764673), (3.4740374, -0.029148161, 0.06552581), (11.719386, -0.029148161, 0.06553605), (22.321695, -0.014576316, 0.032764673), (-8.446717, -1.1566951, -19.67838), (-23.990294, 0.0000059604645, -0.000008940697), (-18.561361, -0.0000022351742, 0.0000074505806), (-3.612788, -8.598945, 0), (-2.5663738, -0.0000173226, -6.519258e-7), (0.0000019073486, -0.0000019073486, -0.0000019073486), (-3.811346, -4.404493, -0.20591162), (0.000541687, -0.000005722046, 0.0000019073486), (-8.403141, -0.026345998, -0.032752752), (-13.482255, -0.026342273, -0.032753497), (-18.561367, -0.026342273, -0.03274679), (-3.474062, 0.029147044, -0.06553717), (-11.719411, 0.029151142, -0.0655368), (-22.321707, 0.014580041, -0.032766163), (0, 8.83581, 8.149654), (0, -72.72495, 41.16349), (0, 7.9249287, -7.3095045), (0, -69.67196, -39.435448)],
                17: [(-0.021093711, -0.0000031980317, 0.030566752), (-0.4591686, 79.2887, 3.7612271), (1.2359934, -0.0000020489097, 1.8626451e-7), (4.9658265, 7.4505806e-7, 0.0000011175871), (3.5577252, 0.0000033527613, -5.5879354e-7), (6.670797, -0.0000029802322, 0.0000020489097), (9.821383, 0.61229616, 3.9372492), (15.41796, 0.0000022351742, 0.0000023283064), (33.534557, -0.000008940697, -0.000010430813), (-0.0000076293945, 0.0000019073486, -0.0000076293945), (8.958717, -0.0000013038516, 0.000011175871), (18.684774, 0.0000037252903, 0.0000044703484), (31.391895, 0.0000074505806, 0.0000029802322), (31.391895, 0.0000044703484, -0.0000059604645), (3.4891791, 0.7993145, -1.4824357), (6.3276434, -0.6727744, 0.10214746), (3.901314, -0.000012945384, -0.0000070780516), (2.503221, 0.000043399632, -5.5879354e-7), (3.6652896, 0.55318207, -0.2656117), (6.0341644, -0.75892675, 0.16727038), (4.41445, -0.000015459955, 0.0000022351742), (2.836286, 0.00004377216, 0.000003911555), (-0.08735657, 0.117797844, -0.0102443695), (3.409408, 1.0845695, 2.349939), (4.7029924, 0.000114087015, -0.00022761524), (3.1616979, 0.00001550652, 0.000007636845), (2.09349, -0.00002430752, 0.0000016763806), (3.6235802, 0.7263498, 0.97478795), (5.430578, -0.63172114, 0.16244352), (4.0110617, -0.000014388934, -0.0000059604645), (2.7361088, 0.000006798655, -0.0000020489097), (1.9696404, 1.3022758, -1.0846171), (2.5685925, -0.0000014901161, 9.313226e-8), (3.3456702, -2.7939677e-7, -0.000008195639), (3.4770634, -0.000006146729, 0.0000016763806), (4.866989, 1.1627197, -0.020889282), (9.715663, -0.0000067055225, -0.00001527369), (21.349604, -0.0000059604645, -0.000017881393), (33.53455, -0.000008940697, -0.000014901161), (12.447671, -2.069585, 0.0000022351742), (8.419164, -0.0000037252903, 0.0000035273843), (23.69569, 0, 0.000010570511), (23.69569, 0, 0.000010570511), (12.346619, 12.763805, -4.7683716e-7), (12.346619, 12.763805, -6.97001), (9.536743e-7, 0.000015258789, -0.0000038146973), (12.346634, 12.763805, 6.9698133), (0.0000022649765, 0, -0.0000038146973), (43.424313, -0.0000038146973, -0.0000019073486), (9.821124, 0.61229765, -3.9372497), (-15.417912, 0.0000052154064, 0.00012014061), (-33.534203, 0.000014342368, 0.00043660402), (0, -0.0000019073486, -0.000015258789), (-8.959103, 0.000011175871, -0.0003732741), (-18.684689, -0.000009685755, 0.00003427267), (-31.391891, -0.000008940697, -0.00009089708), (-31.391895, -0.0000074505806, -0.00008046627), (-3.489379, -0.79950637, 1.4824232), (-6.327633, 0.6727301, -0.102136284), (-3.9013174, 0.000044703484, 0.000008009374), (-2.5032089, -0.000015739352, -0.000020675361), (-3.665549, -0.55334365, 0.26559922), (-6.0341144, 0.75892544, -0.16726628), (-4.4143906, -0.000029802322, -0.0000024214387), (-2.8363574, -0.0000022351742, 0.000005029142), (0.087379456, -0.117782585, 0.010240555), (-3.4096127, -1.08474, -2.3499491), (-4.703015, -0.00009089708, 0.0002451241), (-3.161718, -0.000029429793, -0.000009313226), (-2.093463, -0.000023841858, -0.0000128522515), (-3.6238444, -0.7265523, -0.97479373), (-5.430576, 0.63166916, -0.16245022), (-4.0110145, 0.000022351742, 0.000016018748), (-2.7360976, 0.00000782311, -0.000015459955), (-1.9698551, -1.3024449, 1.0846013), (-2.5686312, -0.00007486669, 0.000046938658), (-3.3456578, 0.00001937151, 0.000014156103), (-3.4770885, -0.000027567148, -0.0001065433), (-4.859871, -2.159523, -0.053766247), (-9.715264, 0.000013993122, 0.00035502017), (-21.34963, 0.0000010244548, 0.00005364418), (-33.534206, 0.000020395964, 0.0004336238), (0, -64.88394, 0), (-8.446696, -1.1566907, 19.678375), (23.990288, -0.0000059604645, -0.0000014901161), (18.56137, 0.0000052154064, 0.0000014901161), (3.6127944, 8.598937, -0.0000022351742), (2.5664084, -0.0000038184226, -0.0000027939677), (0.0000019073486, -0.0000019073486, -9.536743e-7), (3.8117867, 4.4046535, 0.20523739), (-0.0005531311, 0.0000076293945, 0.000009536742), (8.403166, 0.026345253, 0.032763183), (13.482273, 0.026347488, 0.032764673), (18.561386, 0.026351213, 0.032764673), (3.474037, -0.02914872, 0.06552674), (11.719383, -0.029147416, 0.06553382), (22.321692, -0.014576316, 0.032764673), (-8.44672, -1.1566976, -19.678371), (-23.990286, 0.0000029802322, -0.000010430813), (-18.561361, -0.0000014901161, 0.000008195639), (-3.6127892, -8.598945, -6.519258e-7), (-2.5663762, -0.000017601997, 5.5879354e-7), (0.0000019073486, -0.0000019073486, -0.0000019073486), (-3.811346, -4.404493, -0.20591162), (0.000541687, -0.000005722046, 0.0000019073486), (-8.403142, -0.026343763, -0.03275387), (-13.48225, -0.026343018, -0.032756478), (-18.561367, -0.026342273, -0.032749027), (-3.4740605, 0.02914723, -0.0655368), (-11.719408, 0.02915077, -0.06553903), (-22.3217, 0.014580786, -0.032764673), (0, 8.83581, 8.149654), (0, -72.72495, 41.16349), (0, 7.9249287, -7.3095045), (0, -69.67196, -39.435448)],
                18: [(-0.032097474, 0.6604323, 0.062800944), (-0.60854006, 80.51031, 4.055434), (1.2359957, -0.0000027008355, -3.4924597e-7), (4.9658294, -0.0000011175871, -0.0000010244548), (3.5577245, 0.0000033527613, -0.0000011175871), (6.670798, -0.0000037252903, -4.656613e-7), (9.8213825, 0.6122954, 3.9372482), (15.41796, 0.0000031664968, 0.0000063329935), (33.534554, -0.0000074505806, -0.000008940697), (-0.0000076293945, 0.0000019073486, -0.0000076293945), (8.958713, 0.0000018626451, 0.000008940697), (18.684767, -0.0000011175871, 0.0000059604645), (31.391886, 0.0000059604645, 0), (31.391884, 0.0000044703484, -0.000008940697), (3.4891806, 0.7993173, -1.4824312), (6.3276424, -0.6727748, 0.10214634), (3.901308, -0.000014621764, -0.0000067055225), (2.5032203, 0.00004656613, -9.313226e-7), (3.6652896, 0.55318475, -0.26560688), (6.034166, -0.7589269, 0.16727038), (4.414455, -0.000017369166, 0.0000014901161), (2.8362863, 0.000047311187, 7.4505806e-7), (-0.08735657, 0.117797844, -0.0102443695), (3.409408, 1.0845684, 2.349939), (4.702994, 0.00011399388, -0.00022612512), (3.1616964, 0.0000128522515, 0.000005401671), (2.0934918, -0.000021792948, -0.0000037252903), (3.6235764, 0.7263455, 0.9747861), (5.4305787, -0.6317217, 0.16244501), (4.0110564, -0.000015599653, -0.0000052154064), (2.7361047, 0.000006891787, -0.0000022351742), (1.9696431, 1.3022766, -1.0846131), (2.5685918, -0.0000013038516, 5.5879354e-7), (3.3456738, -0.0000037252903, -0.0000063329935), (3.4770613, -0.000009033829, -0.0000014901161), (4.866989, 1.1627197, -0.020889282), (9.715666, -0.0000074505806, -0.000013038516), (21.34961, -0.0000044703484, -0.000014901161), (33.534554, -0.000011920929, -0.000016391277), (12.447665, -2.0695834, -7.4505806e-7), (8.4191675, -0.0000059604645, -6.7520887e-7), (23.695704, -0.000008940697, -0.0000020023435), (23.695704, -0.000008940697, -0.0000020023435), (12.346619, 12.763805, -4.7683716e-7), (12.346619, 12.763805, -6.97001), (9.536743e-7, 0.000015258789, -0.0000038146973), (12.346634, 12.763805, 6.9698133), (0.0000022649765, 0, -0.0000038146973), (43.424313, -0.0000038146973, -0.0000019073486), (9.821134, 0.6122947, -3.937253), (-15.417912, 0.0000044703484, 0.000116601586), (-33.53421, 0.000025937334, 0.00043958426), (0, -0.0000019073486, -0.000015258789), (-8.959105, 0.000008195639, -0.00037811697), (-18.684696, -0.000011920929, 0.0000230968), (-31.391912, -0.0000044703484, -0.00011771917), (-31.391912, -0.0000059604645, -0.000101327896), (-3.4893806, -0.79950786, 1.4824232), (-6.3276367, 0.67272985, -0.102135725), (-3.9013278, 0.000045076013, 0.0000057742), (-2.503216, -0.000016018748, -0.00001527369), (-3.6655507, -0.55334437, 0.2655997), (-6.0341163, 0.75892735, -0.1672645), (-4.4143925, -0.00003091991, -5.5879354e-7), (-2.8363597, 5.5879354e-7, 0.0000048428774), (0.087379456, -0.117782585, 0.010240555), (-3.409616, -1.0847403, -2.3499498), (-4.7030206, -0.00009201467, 0.00024242327), (-3.1617198, -0.000029616058, -0.000007636845), (-2.093462, -0.000021979213, -0.0000173226), (-3.6238477, -0.7265536, -0.97479594), (-5.4305825, 0.63166654, -0.1624546), (-4.01102, 0.000021234155, 0.000016577542), (-2.736101, 0.000009313226, -0.00001564622), (-1.969855, -1.3024447, 1.0846035), (-2.5686338, -0.00007553026, 0.00004544854), (-3.345661, 0.000021699816, 0.000016018748), (-3.4770925, -0.000025704503, -0.00010617077), (-4.859871, -2.159523, -0.053766247), (-9.715266, 0.00001930166, 0.00035613775), (-21.349638, 0.0000106636435, 0.00005364418), (-33.53421, 0.000033015385, 0.00043660402), (0, -64.88394, 0), (-8.446707, -1.1566951, 19.67839), (23.990307, 0.0000014901161, -0.0000074505806), (18.561378, 0.0000059604645, -0.0000014901161), (3.6127977, 8.5989485, -0.0000022817403), (2.5664098, -0.000005029142, -0.0000033527613), (0.0000019073486, -0.0000019073486, -9.536743e-7), (3.8117867, 4.4046535, 0.20523739), (-0.0005531311, 0.0000076293945, 0.000009536742), (8.40317, 0.026346743, 0.032761693), (13.482277, 0.026349723, 0.032763183), (18.561394, 0.026352704, 0.032764673), (3.4740388, -0.029146485, 0.06552581), (11.719392, -0.029142946, 0.06553009), (22.32171, -0.014565885, 0.032760203), (-8.4467125, -1.1566898, -19.678385), (-23.990295, 0.0000014901161, -0.000010430813), (-18.561361, -0.0000014901161, 0.00000949949), (-3.6127892, -8.598946, -0.0000011175871), (-2.5663757, -0.000017811544, -1.8626451e-7), (0.0000019073486, -0.0000019073486, -0.0000019073486), (-3.811346, -4.404493, -0.20591162), (0.000541687, -0.000005722046, 0.0000019073486), (-8.403143, -0.026343018, -0.032754056), (-13.482253, -0.026342273, -0.032753497), (-18.561369, -0.026345253, -0.032747537), (-3.47406, 0.029148348, -0.06553754), (-11.719415, 0.029148161, -0.06553903), (-22.321705, 0.014582276, -0.032767653), (0, 8.83581, 8.149654), (0, -72.72495, 41.16349), (0, 7.9249287, -7.3095045), (0, -69.67196, -39.435448)],
            }
        }
    }
}

